player,position,team,year_signed,years,value,apy,guaranteed,apy_cap_pct,draft_year,draft_team,contract_type,exp,prev_team,contract_event,contract_id
A.C. Leonard,TE,Vikings,2014,3,1.5325,0.510833,0.0025,0.0,2014,Vikings,rookie,0,Vikings,rookie_deal,1
A.J. Barner,TE,Seahawks,2024,4,4.775108,1.193777,0.755108,0.005,2024,Seahawks,rookie,0,Seahawks,rookie_deal,2
A.J. Brown,WR,Titans,2019,4,5.652368,1.413092,3.377738,0.008,2019,Titans,rookie,0,Titans,rookie_deal,3
A.J. Brown,WR,Eagles,2022,4,100.0,25.0,40.0,0.12,2019,Titans,veteran,3,Titans,new_team_signing,4
A.J. Brown,WR,PHI/NE,2024,3,96.0,32.0,51.0,0.125,2019,Titans,veteran,5,Eagles,new_team_signing,5
A.J. Derby,TE,MIA/DEN,2015,4,2.392052,0.598013,0.112052,0.004,2015,Patriots,rookie,0,MIA/DEN,rookie_deal,6
A.J. Derby,TE,Saints,2019,1,0.72,0.72,0.0,0.004,2015,Patriots,veteran,4,MIA/DEN,new_team_signing,7
A.J. Dillon,RB,Packers,2020,4,5.28583,1.321458,2.76024,0.006999999999999999,2020,Packers,rookie,0,Packers,rookie_deal,8
A.J. Dillon,RB,Packers,2024,1,2.7425,2.7425,0.1675,0.011000000000000001,2020,Packers,veteran,4,Packers,extension,9
A.J. Dillon,RB,Eagles,2025,1,1.3375,1.3375,0.1675,0.005,2020,Packers,veteran,5,Packers,new_team_signing,10
A.J. Dillon,RB,Panthers,2026,1,1.4025,1.4025,0.1,0.005,2020,Packers,veteran,6,Eagles,new_team_signing,11
A.J. Green,WR,Bengals,2011,5,29.8641,5.97282,19.688098,0.05,2011,Bengals,rookie,0,Bengals,rookie_deal,12
A.J. Green,WR,Bengals,2015,4,60.0,15.0,26.75,0.105,2011,Bengals,veteran,4,Bengals,extension,13
A.J. Green,WR,Bengals,2020,1,17.971,17.971,17.971,0.091,2011,Bengals,veteran,9,Bengals,extension,14
A.J. Green,WR,Cardinals,2021,1,6.0,6.0,6.0,0.033,2011,Bengals,veteran,10,Bengals,new_team_signing,15
A.J. Green,WR,Cardinals,2022,1,3.5,3.5,3.0,0.017,2011,Bengals,veteran,11,Cardinals,extension,16
A.J. Henning,WR,Dolphins,2025,1,0.234,0.234,0.0,0.001,2025,Dolphins,rookie,0,Dolphins,rookie_deal,17
A.J. Henning,WR,Dolphins,2026,2,1.935,0.9675,0.0,0.003,2025,Dolphins,veteran,1,Dolphins,extension,18
A.J. Jenkins,WR,Chiefs,2012,4,2.990578,1.736882,5.610139,0.013999999999999999,2012,,rookie,0,Chiefs,rookie_deal,19
A.J. Jenkins,WR,Cowboys,2015,1,0.66,0.66,0.0,0.005,2012,,veteran,3,Chiefs,new_team_signing,20
A.J. McCarron,QB,Bengals,2014,4,2.401652,0.600413,0.181652,0.005,2014,Bengals,rookie,0,Bengals,rookie_deal,21
A.J. McCarron,QB,BUF/LV,2018,2,10.0,5.0,4.9,0.027999999999999997,2014,Bengals,veteran,4,Bengals,new_team_signing,22
A.J. McCarron,QB,Texans,2019,1,3.0,3.0,2.5,0.016,2014,Bengals,veteran,5,BUF/LV,new_team_signing,23
A.J. McCarron,QB,Texans,2020,1,4.0,4.0,3.75,0.02,2014,Bengals,veteran,6,Texans,extension,24
A.J. McCarron,QB,Falcons,2021,1,1.2125,1.2125,0.1375,0.006999999999999999,2014,Bengals,veteran,7,Texans,new_team_signing,25
A.J. McCarron,QB,Bengals,2023,1,0.2898,0.2898,0.0,0.001,2014,Bengals,veteran,9,Falcons,new_team_signing,26
A.J. Ouellette,RB,Browns,2019,2,1.08,0.54,0.0,0.003,2019,Saints,rookie,0,Browns,rookie_deal,27
A.J. Richardson,WR,Cardinals,2019,1,0.136,0.136,0.0,0.001,2019,Cardinals,rookie,0,Cardinals,rookie_deal,28
A.J. Richardson,WR,Cardinals,2020,1,0.1428,0.1428,0.0,0.001,2019,Cardinals,veteran,1,Cardinals,extension,29
A.J. Richardson,WR,Cardinals,2021,1,0.66,0.66,0.0,0.004,2019,Cardinals,veteran,2,Cardinals,extension,30
A.T. Perry,WR,Saints,2023,4,4.016364,1.004091,0.176364,0.004,2023,Saints,rookie,0,Saints,rookie_deal,31
A.T. Perry,WR,Broncos,2024,1,0.225,0.225,0.0,0.001,2023,Saints,veteran,1,Saints,new_team_signing,32
A.T. Perry,WR,Broncos,2025,1,0.234,0.234,0.0,0.001,2023,Saints,veteran,2,Broncos,extension,33
A.T. Perry,WR,Steelers,2026,1,1.075,1.075,0.0,0.004,2023,Saints,veteran,3,Broncos,new_team_signing,34
Aaron Anderson,WR,Browns,2026,3,3.1,1.033333,0.0,0.003,2026,Browns,rookie,0,Browns,rookie_deal,35
Aaron Bailey,WR,Ravens,2017,3,1.665,0.555,0.0,0.003,2017,Ravens,rookie,0,Ravens,rookie_deal,36
Aaron Burbridge,WR,49ers,2016,4,2.440356,0.610089,0.100356,0.004,2016,,rookie,0,49ers,rookie_deal,37
Aaron Burbridge,WR,49ers,2018,1,0.1292,0.1292,0.0,0.001,2016,,veteran,2,49ers,extension,38
Aaron Burbridge,WR,Broncos,2019,1,0.57,0.57,0.0,0.003,2016,,veteran,3,49ers,new_team_signing,39
Aaron Dobson,WR,Patriots,2013,4,3.42837,0.857093,1.17336,0.006999999999999999,2013,Patriots,rookie,0,Patriots,rookie_deal,40
Aaron Dobson,WR,Lions,2016,1,0.675,0.675,0.0,0.004,2013,Patriots,veteran,3,Patriots,new_team_signing,41
Aaron Dobson,WR,Cardinals,2017,1,0.615,0.615,0.0,0.004,2013,Patriots,veteran,4,Lions,new_team_signing,42
Aaron Dykes,RB,Vikings,2023,3,2.695,0.898333,0.0,0.004,2023,Vikings,rookie,0,Vikings,rookie_deal,43
Aaron Fuller,WR,Seahawks,2020,1,0.1428,0.1428,0.0,0.001,2020,Seahawks,rookie,0,Seahawks,rookie_deal,44
Aaron Fuller,WR,Seahawks,2021,1,0.1656,0.1656,0.0,0.001,2020,Seahawks,veteran,1,Seahawks,extension,45
Aaron Fuller,WR,Seahawks,2022,1,0.705,0.705,0.0,0.003,2020,Seahawks,veteran,2,Seahawks,extension,46
Aaron Green,RB,Rams,2016,3,1.62,0.54,0.0,0.003,2016,Rams,rookie,0,Rams,rookie_deal,47
Aaron Green,RB,Cowboys,2017,1,0.1224,0.1224,0.0,0.001,2016,Rams,veteran,1,Rams,new_team_signing,48
Aaron Green,RB,Bills,2018,2,1.05,0.525,0.0,0.003,2016,Rams,veteran,2,Cowboys,new_team_signing,49
Aaron Jones,RB,Packers,2017,4,2.601948,0.650487,0.201948,0.004,2017,Packers,rookie,0,Packers,rookie_deal,50
Aaron Jones,RB,Packers,2021,4,48.0,12.0,13.0,0.066,2017,Packers,veteran,4,Packers,extension,51
Aaron Jones,RB,Packers,2023,2,23.0,11.5,8.52,0.051,2017,Packers,veteran,6,Packers,extension,52
Aaron Jones,RB,Vikings,2024,1,7.0,7.0,7.0,0.027000000000000003,2017,Packers,veteran,7,Packers,new_team_signing,53
Aaron Jones,RB,Vikings,2025,2,20.0,10.0,11.5,0.036000000000000004,2017,Packers,veteran,8,Vikings,extension,54
Aaron Jones,RB,Vikings,2026,1,5.56,5.56,5.0,0.018000000000000002,2017,Packers,veteran,9,Vikings,extension,55
Aaron Lacombe,WR,Rams,2018,3,1.71,0.57,0.0,0.003,2018,Rams,rookie,0,Rams,rookie_deal,56
Aaron Mellette,WR,Ravens,2013,4,2.205896,0.551474,0.045896,0.004,2013,Ravens,rookie,0,Ravens,rookie_deal,57
Aaron Murray,QB,Chiefs,2014,4,2.427424,0.606856,0.182424,0.005,2014,Chiefs,rookie,0,Chiefs,rookie_deal,58
Aaron Murray,QB,Eagles,2016,1,0.1173,0.1173,0.0,0.001,2014,Chiefs,veteran,2,Chiefs,new_team_signing,59
Aaron Murray,QB,Rams,2017,1,0.615,0.615,0.0,0.004,2014,Chiefs,veteran,3,Eagles,new_team_signing,60
Aaron Parker,WR,Cowboys,2020,1,0.1428,0.1428,0.0,0.001,2020,Cowboys,rookie,0,Cowboys,rookie_deal,61
Aaron Parker,WR,Panthers,2021,1,0.1656,0.1656,0.0,0.001,2020,Cowboys,veteran,1,Cowboys,new_team_signing,62
Aaron Parker,WR,Panthers,2022,1,0.705,0.705,0.0,0.003,2020,Cowboys,veteran,2,Panthers,extension,63
Aaron Peck,TE,Packers,2017,3,1.665,0.555,0.0,0.003,2017,Packers,rookie,0,Packers,rookie_deal,64
Aaron Rodgers,QB,Packers,2005,5,7.655,1.531,4.0775,0.018000000000000002,2005,Packers,rookie,0,Packers,rookie_deal,65
Aaron Rodgers,QB,Packers,2008,5,63.52,12.704,20.0,0.11,2005,Packers,veteran,3,Packers,extension,66
Aaron Rodgers,QB,Packers,2013,5,110.0,22.0,54.0,0.179,2005,Packers,veteran,8,Packers,extension,67
Aaron Rodgers,QB,Packers,2018,4,134.0,33.5,78.7,0.18899999999999997,2005,Packers,veteran,13,Packers,extension,68
Aaron Rodgers,QB,GB/NYJ,2022,5,150.815,50.271667,101.415,0.24100000000000002,2005,Packers,veteran,17,Packers,new_team_signing,69
Aaron Rodgers,QB,Jets,2023,3,112.5,37.5,75.0,0.16699999999999998,2005,Packers,veteran,18,GB/NYJ,new_team_signing,70
Aaron Rodgers,QB,Steelers,2025,1,13.65,13.65,10.0,0.049,2005,Packers,veteran,20,Jets,new_team_signing,71
Aaron Rodgers,QB,Steelers,2026,1,15.515,15.515,0.0,0.052000000000000005,2005,Packers,veteran,21,Steelers,extension,72
Aaron Shampklin,RB,Colts,2022,1,0.207,0.207,0.0,0.001,2022,Cowboys,rookie,0,Colts,rookie_deal,73
Aaron Shampklin,RB,Colts,2023,1,0.75,0.75,0.0,0.003,2022,Cowboys,veteran,1,Colts,extension,74
Aaron Shampklin,RB,Steelers,2024,1,0.225,0.225,0.0,0.001,2022,Cowboys,veteran,2,Colts,new_team_signing,75
Aaron Shampklin,RB,Dolphins,2025,1,0.96,0.96,0.0,0.003,2022,Cowboys,veteran,3,Steelers,new_team_signing,76
Abram Smith,RB,Saints,2022,3,2.575,0.858333,0.222,0.004,2022,Saints,rookie,0,Saints,rookie_deal,77
Abram Smith,RB,Vikings,2023,1,0.75,0.75,0.0,0.003,2022,Saints,veteran,1,Saints,new_team_signing,78
Aca'Cedric Ware,RB,Buccaneers,2019,1,0.136,0.136,0.0,0.001,2019,Colts,rookie,0,Buccaneers,rookie_deal,79
Aca'Cedric Ware,RB,Buccaneers,2020,1,0.1428,0.1428,0.0,0.001,2019,Colts,veteran,1,Buccaneers,extension,80
Ace Sanders,WR,Jaguars,2013,4,2.641448,0.660362,0.481448,0.005,2013,Jaguars,rookie,0,Jaguars,rookie_deal,81
Adam Choice,RB,Seahawks,2019,3,1.7568,0.5856,0.0018,0.003,2019,Seahawks,rookie,0,Seahawks,rookie_deal,82
Adam Drake,WR,Chiefs,2015,3,1.575,0.525,0.0,0.004,2015,Chiefs,rookie,0,Chiefs,rookie_deal,83
Adam Fuehne,TE,Lions,2016,3,1.62,0.54,0.0,0.003,2016,Lions,rookie,0,Lions,rookie_deal,84
Adam Humphries,WR,Buccaneers,2015,1,0.1071,0.1071,0.0,0.001,2015,Buccaneers,rookie,0,Buccaneers,rookie_deal,85
Adam Humphries,WR,Buccaneers,2017,1,0.615,0.615,0.0,0.004,2015,Buccaneers,veteran,2,Buccaneers,extension,86
Adam Humphries,WR,Buccaneers,2018,1,2.914,2.914,0.0,0.016,2015,Buccaneers,veteran,3,Buccaneers,extension,87
Adam Humphries,WR,Titans,2019,4,36.0,9.0,12.0,0.048,2015,Buccaneers,veteran,4,Buccaneers,new_team_signing,88
Adam Humphries,WR,Commanders,2021,1,1.19,1.19,0.15,0.006999999999999999,2015,Buccaneers,veteran,6,Titans,new_team_signing,89
Adam Humphries,WR,Texans,2023,1,1.165,1.165,0.0,0.005,2015,Buccaneers,veteran,8,Commanders,new_team_signing,90
Adam Nissley,TE,Falcons,2012,3,1.293,0.431,0.003,0.0,2012,Falcons,rookie,0,Falcons,rookie_deal,91
Adam Randall,RB,Ravens,2026,4,4.759476,1.189869,0.379476,0.004,2026,Ravens,rookie,0,Ravens,rookie_deal,92
Adam Schiltz,TE,Chiefs,2013,2,0.96,0.48,0.0,0.0,2013,Texans,rookie,0,Chiefs,rookie_deal,93
Adam Shaheen,TE,CHI/MIA,2017,4,5.910516,1.477629,3.637216,0.009000000000000001,2017,Bears,rookie,0,CHI/MIA,rookie_deal,94
Adam Shaheen,TE,MIA/HOU,2020,2,4.85,2.425,3.247635,0.012,2017,Bears,veteran,3,CHI/MIA,new_team_signing,95
Adam Thielen,WR,Vikings,2013,1,0.102,0.102,0.0,0.001,2013,Vikings,rookie,0,Vikings,rookie_deal,96
Adam Thielen,WR,Vikings,2014,2,0.93,0.465,0.0,0.003,2013,Vikings,veteran,1,Vikings,extension,97
Adam Thielen,WR,Vikings,2016,1,0.6,0.6,0.0,0.004,2013,Vikings,veteran,3,Vikings,extension,98
Adam Thielen,WR,Vikings,2017,4,19.246,4.8115,9.596,0.028999999999999998,2013,Vikings,veteran,4,Vikings,extension,99
Adam Thielen,WR,Vikings,2019,4,64.8,16.2,14.105,0.086,2013,Vikings,veteran,6,Vikings,extension,100
Adam Thielen,WR,Vikings,2022,3,44.677058,14.892353,13.253529,0.07200000000000001,2013,Vikings,veteran,9,Vikings,extension,101
Adam Thielen,WR,Panthers,2023,3,25.0,8.333333,14.0,0.037000000000000005,2013,Vikings,veteran,10,Vikings,new_team_signing,102
Adam Thielen,WR,MIN/PIT,2025,1,5.0,5.0,1.0,0.018000000000000002,2013,Vikings,veteran,12,Panthers,new_team_signing,103
Adam Thielen,WR,Vikings,2026,1,1.3,1.3,0.0,0.004,2013,Vikings,veteran,13,MIN/PIT,new_team_signing,104
Adam Trautman,TE,Saints,2020,4,4.31121,1.077803,0.832292,0.005,2020,Saints,rookie,0,Saints,rookie_deal,105
Adam Trautman,TE,Broncos,2023,1,1.5,1.5,1.5,0.006999999999999999,2020,Saints,veteran,3,Saints,new_team_signing,106
Adam Trautman,TE,Broncos,2024,2,7.5,3.75,5.0,0.015,2020,Saints,veteran,4,Broncos,extension,107
Adam Trautman,TE,Broncos,2026,3,17.0,5.666667,9.5,0.019,2020,Saints,veteran,6,Broncos,extension,108
Adam Zaruba,TE,Eagles,2017,3,1.665,0.555,0.0,0.003,2017,Eagles,rookie,0,Eagles,rookie_deal,109
Adam Zaruba,TE,Eagles,2018,2,1.0525,0.52625,0.0025,0.003,2017,Eagles,veteran,1,Eagles,extension,110
Adonai Mitchell,WR,NYJ/IND,2024,4,7.386086,1.846522,4.817431,0.006999999999999999,2024,Colts,rookie,0,NYJ/IND,rookie_deal,111
Adonis Jennings,WR,Packers,2018,3,1.71,0.57,0.0,0.003,2018,Packers,rookie,0,Packers,rookie_deal,112
Adrian Coxson,WR,Packers,2015,3,1.58,0.526667,0.005,0.0,2015,Packers,rookie,0,Packers,rookie_deal,113
Adrian Killins,RB,Eagles,2020,1,0.1428,0.1428,0.0,0.001,2020,Eagles,rookie,0,Eagles,rookie_deal,114
Adrian Killins,RB,Broncos,2021,1,0.66,0.66,0.0,0.004,2020,Eagles,veteran,1,Eagles,new_team_signing,115
Adrian Martinez,QB,Lions,2023,3,2.705,0.901667,0.06,0.004,2023,Lions,rookie,0,Lions,rookie_deal,116
Adrian Martinez,QB,Jets,2024,1,0.225,0.225,0.0,0.001,2023,Lions,veteran,1,Lions,new_team_signing,117
Adrian Martinez,QB,49ers,2025,1,0.234,0.234,0.0,0.001,2023,Lions,veteran,2,Jets,new_team_signing,118
Adrian Martinez,QB,49ers,2026,1,1.005,1.005,0.0,0.003,2023,Lions,veteran,3,49ers,extension,119
Adrian Peterson,RB,Vikings,2007,5,18.555,3.711,12.15,0.034,2007,Vikings,rookie,0,Vikings,rookie_deal,120
Adrian Peterson,RB,Vikings,2011,6,85.28,14.213333,20.25,0.11800000000000001,2007,Vikings,veteran,4,Vikings,extension,121
Adrian Peterson,RB,Vikings,2015,3,42.0,14.0,13.0,0.098,2007,Vikings,veteran,8,Vikings,extension,122
Adrian Peterson,RB,Cardinals,2017,2,7.0,3.5,3.5,0.021,2007,Vikings,veteran,10,Vikings,new_team_signing,123
Adrian Peterson,RB,Commanders,2018,1,1.015,1.015,0.0,0.006,2007,Vikings,veteran,11,Cardinals,new_team_signing,124
Adrian Peterson,RB,Commanders,2019,2,5.03,2.515,1.5,0.013000000000000001,2007,Vikings,veteran,12,Commanders,extension,125
Adrian Peterson,RB,Lions,2020,1,1.05,1.05,0.0,0.005,2007,Vikings,veteran,13,Commanders,new_team_signing,126
Adrian Peterson,RB,TEN/SEA,2021,1,0.252,0.252,0.0,0.001,2007,Vikings,veteran,14,Lions,new_team_signing,127
Adrien Robinson,TE,Giants,2012,4,2.485652,0.621413,0.385652,0.005,2012,Giants,rookie,0,Giants,rookie_deal,128
Adrien Robinson,TE,Jets,2016,1,0.675,0.675,0.0,0.004,2012,Giants,veteran,4,Giants,new_team_signing,129
Ahmad Bradshaw,RB,Giants,2007,4,1.701725,0.425431,0.036725,0.004,2007,Giants,rookie,0,Giants,rookie_deal,130
Ahmad Bradshaw,RB,Giants,2011,4,18.0,4.5,9.0,0.037000000000000005,2007,Giants,veteran,4,Giants,extension,131
Ahmad Bradshaw,RB,Colts,2013,1,2.0,2.0,0.25,0.016,2007,Giants,veteran,6,Giants,new_team_signing,132
Ahmad Bradshaw,RB,Colts,2014,1,0.855,0.855,0.0,0.006,2007,Giants,veteran,7,Colts,extension,133
Ahmad Bradshaw,RB,Colts,2015,1,0.87,0.87,0.0,0.006,2007,Giants,veteran,8,Colts,extension,134
Ahmad Fulwood,WR,Saints,2017,3,1.665,0.555,0.0,0.003,2017,Saints,rookie,0,Saints,rookie_deal,135
Ahmad Wagner,WR,Bears,2020,3,2.291,0.763667,0.011,0.004,2020,Bears,rookie,0,Bears,rookie_deal,136
Ahmani Marshall,RB,Browns,2025,1,0.234,0.234,0.0,0.001,2025,Browns,rookie,0,Browns,rookie_deal,137
Ahmani Marshall,RB,Browns,2026,1,0.885,0.885,0.0,0.003,2025,Browns,veteran,1,Browns,extension,138
Ahmarean Brown,WR,Bills,2024,1,0.225,0.225,0.0,0.001,2024,Browns,rookie,0,Bills,rookie_deal,139
Aidan O'Connell,QB,Raiders,2023,4,4.34938,1.087345,0.50938,0.005,2023,Raiders,rookie,0,Raiders,rookie_deal,140
Aidan Robbins,RB,Browns,2024,1,0.225,0.225,0.0,0.001,2024,Browns,rookie,0,Browns,rookie_deal,141
Ainias Smith,WR,Eagles,2024,4,4.354296,1.088574,0.334296,0.004,2024,Eagles,rookie,0,Eagles,rookie_deal,142
Ainias Smith,WR,Panthers,2025,1,0.234,0.234,0.0,0.001,2024,Eagles,veteran,1,Eagles,new_team_signing,143
Ainias Smith,WR,Panthers,2026,1,1.005,1.005,0.0,0.003,2024,Eagles,veteran,2,Panthers,extension,144
Ajou Ajou,WR,Colts,2025,3,2.965,0.988333,0.0,0.004,2025,Colts,rookie,0,Colts,rookie_deal,145
Akeem Hunt,RB,Chiefs,2017,1,0.1224,0.1224,0.0,0.001,2015,Giants,veteran,2,Texans,new_team_signing,146
Akeem Hunt,RB,Titans,2019,1,0.72,0.72,0.0,0.004,2015,Giants,veteran,4,Chiefs,new_team_signing,147
Akeem Judd,RB,Jets,2017,1,0.1224,0.1224,0.0,0.001,2017,Titans,rookie,0,Jets,rookie_deal,148
Akeem Judd,RB,Packers,2018,1,0.48,0.48,0.0,0.003,2017,Titans,veteran,1,Jets,new_team_signing,149
Akrum Wadley,RB,Titans,2018,3,1.713,0.571,0.015,0.003,2018,Titans,rookie,0,Titans,rookie_deal,150
Alan Bonner,WR,Texans,2013,4,2.257,0.56425,0.097,0.005,2013,Texans,rookie,0,Texans,rookie_deal,151
Alan Bonner,WR,Texans,2015,1,0.1122,0.1122,0.0,0.001,2013,Texans,veteran,2,Texans,extension,152
Alan Cross,TE,Buccaneers,2016,2,0.99,0.495,0.0,0.003,2016,Buccaneers,rookie,0,Buccaneers,rookie_deal,153
Albert Okwuegbunam,TE,DEN/PHI,2020,4,4.044044,1.011011,0.749044,0.005,2020,Broncos,rookie,0,DEN/PHI,rookie_deal,154
Albert Okwuegbunam,TE,Colts,2024,1,0.3024,0.3024,0.0,0.001,2020,Broncos,veteran,4,DEN/PHI,new_team_signing,155
Albert Okwuegbunam,TE,Raiders,2025,1,0.396,0.396,0.0,0.001,2020,Broncos,veteran,5,Colts,new_team_signing,156
Albert Okwuegbunam,TE,Raiders,2026,1,1.215,1.215,0.0,0.004,2020,Broncos,veteran,6,Raiders,extension,157
Albert Wilson,WR,Chiefs,2014,3,1.54,0.513333,0.01,0.004,2014,Chiefs,rookie,0,Chiefs,rookie_deal,158
Albert Wilson,WR,Chiefs,2017,1,1.797,1.797,0.0,0.011000000000000001,2014,Chiefs,veteran,3,Chiefs,extension,159
Albert Wilson,WR,Dolphins,2018,3,24.0,8.0,14.45,0.045,2014,Chiefs,veteran,4,Chiefs,new_team_signing,160
Albert Wilson,WR,Dolphins,2020,1,3.0,3.0,1.0,0.015,2014,Chiefs,veteran,6,Dolphins,extension,161
Albert Wilson,WR,Raiders,2022,1,0.3177,0.3177,0.0,0.002,2014,Chiefs,veteran,8,Dolphins,new_team_signing,162
Aldrick Robinson,WR,Commanders,2011,1,0.0969,0.0969,0.0,0.001,2011,Commanders,rookie,0,Commanders,rookie_deal,163
Aldrick Robinson,WR,Ravens,2014,1,0.1071,0.1071,0.0,0.001,2011,Commanders,veteran,3,Commanders,new_team_signing,164
Aldrick Robinson,WR,Ravens,2015,1,0.66,0.66,0.0,0.005,2011,Commanders,veteran,4,Ravens,extension,165
Aldrick Robinson,WR,Falcons,2016,1,0.675,0.675,0.0,0.004,2011,Commanders,veteran,5,Ravens,new_team_signing,166
Aldrick Robinson,WR,49ers,2017,2,4.0,2.0,0.5,0.012,2011,Commanders,veteran,6,Falcons,new_team_signing,167
Aldrick Robinson,WR,Vikings,2018,1,0.79,0.79,0.0,0.004,2011,Commanders,veteran,7,49ers,new_team_signing,168
Aldrick Robinson,WR,Panthers,2019,1,1.155,1.155,0.175,0.006,2011,Commanders,veteran,8,Vikings,new_team_signing,169
Alec Bloom,TE,Cardinals,2018,3,1.71,0.57,0.0,0.003,2018,Cardinals,rookie,0,Cardinals,rookie_deal,170
Alec Holler,TE,Cowboys,2024,3,2.83,0.943333,0.0,0.004,2024,Cowboys,rookie,0,Cowboys,rookie_deal,171
Alec Ingold,RB,Raiders,2019,3,1.765,0.588333,0.01,0.003,2019,Raiders,rookie,0,Raiders,rookie_deal,172
Alec Lemon,WR,Ravens,2013,3,1.488,0.496,0.003,0.0,2013,Texans,rookie,0,Ravens,rookie_deal,173
Alec Pierce,WR,Colts,2022,4,6.601342,1.650336,3.691037,0.008,2022,Colts,rookie,0,Colts,rookie_deal,174
Alec Pierce,WR,Colts,2026,4,114.0,28.5,60.0,0.095,2022,Colts,veteran,4,Colts,extension,175
Alek Torgersen,QB,Commanders,2017,1,0.1224,0.1224,0.0,0.001,2017,Falcons,rookie,0,Commanders,rookie_deal,176
Alek Torgersen,QB,Cardinals,2018,2,1.05,0.525,0.0,0.003,2017,Falcons,veteran,1,Commanders,new_team_signing,177
Aleva Hifo,WR,Chiefs,2020,1,0.61,0.61,0.0,0.003,2020,Chiefs,rookie,0,Chiefs,rookie_deal,178
Aleva Hifo,WR,Cardinals,2021,1,0.66,0.66,0.0,0.004,2020,Chiefs,veteran,1,Chiefs,new_team_signing,179
Alex Bachman,WR,Giants,2019,1,0.136,0.136,0.0,0.001,2019,Rams,rookie,0,Giants,rookie_deal,180
Alex Bachman,WR,Giants,2020,1,0.136682,0.136682,0.0,0.001,2019,Rams,veteran,1,Giants,extension,181
Alex Bachman,WR,Giants,2021,1,0.1656,0.1656,0.0,0.001,2019,Rams,veteran,2,Giants,extension,182
Alex Bachman,WR,Texans,2022,1,0.207,0.207,0.0,0.001,2019,Rams,veteran,3,Giants,new_team_signing,183
Alex Bachman,WR,Texans,2023,1,0.216,0.216,0.0,0.001,2019,Rams,veteran,4,Texans,extension,184
Alex Bachman,WR,Raiders,2024,1,0.225,0.225,0.0,0.001,2019,Rams,veteran,5,Texans,new_team_signing,185
Alex Bachman,WR,Raiders,2025,1,0.234,0.234,0.0,0.001,2019,Rams,veteran,6,Raiders,extension,186
Alex Barnes,RB,Titans,2019,3,1.7585,0.586167,0.007,0.003,2019,Titans,rookie,0,Titans,rookie_deal,187
Alex Bayer,TE,Rams,2014,3,1.54,0.513333,0.01,0.0,2014,Rams,rookie,0,Rams,rookie_deal,188
Alex Bullock,WR,Jaguars,2026,3,3.103,1.034333,0.003,0.003,2026,Jaguars,rookie,0,Jaguars,rookie_deal,189
Alex Chisum,WR,Lions,2016,3,1.62,0.54,0.0,0.003,2016,Lions,rookie,0,Lions,rookie_deal,190
Alex Collins,RB,Seahawks,2016,4,2.524384,0.631096,0.184384,0.004,2016,Seahawks,rookie,0,Seahawks,rookie_deal,191
Alex Collins,RB,Ravens,2017,1,0.17,0.17,0.0,0.001,2016,Seahawks,veteran,1,Seahawks,new_team_signing,192
Alex Collins,RB,Ravens,2018,1,0.63,0.63,0.0,0.004,2016,Seahawks,veteran,2,Ravens,extension,193
Alex Collins,RB,Seahawks,2020,1,0.204,0.204,0.0,0.001,2016,Seahawks,veteran,4,Ravens,new_team_signing,194
Alex Collins,RB,Seahawks,2021,1,0.99,0.99,0.0,0.005,2016,Seahawks,veteran,5,Seahawks,extension,195
Alex Debniak,RB,49ers,2013,3,1.49,0.496667,0.005,0.0,2013,,rookie,0,49ers,rookie_deal,196
Alex Ellis,TE,Jaguars,2016,2,0.99,0.495,0.0,0.003,2016,Titans,rookie,0,Jaguars,rookie_deal,197
Alex Ellis,TE,Saints,2017,1,0.1224,0.1224,0.0,0.001,2016,Titans,veteran,1,Jaguars,new_team_signing,198
Alex Ellis,TE,KC/NO,2018,1,0.555,0.555,0.0,0.003,2016,Titans,veteran,2,Saints,new_team_signing,199
Alex Ellis,TE,Eagles,2019,1,0.136,0.136,0.0,0.001,2016,Titans,veteran,3,KC/NO,new_team_signing,200
Alex Ellis,TE,Eagles,2020,1,0.735,0.735,0.0,0.004,2016,Titans,veteran,4,Eagles,extension,201
Alex Ellis,TE,Cardinals,2021,1,0.1656,0.1656,0.0,0.001,2016,Titans,veteran,5,Eagles,new_team_signing,202
Alex Ellis,TE,Cardinals,2022,1,0.965,0.965,0.0,0.005,2016,Titans,veteran,6,Cardinals,extension,203
Alex Erickson,WR,Bengals,2016,3,1.629,0.543,0.009,0.003,2016,Bengals,rookie,0,Bengals,rookie_deal,204
Alex Erickson,WR,Bengals,2018,2,4.05,2.025,0.5,0.011000000000000001,2016,Bengals,veteran,2,Bengals,extension,205
Alex Erickson,WR,Panthers,2021,1,0.252,0.252,0.0,0.001,2016,Bengals,veteran,5,Bengals,new_team_signing,206
Alex Erickson,WR,Commanders,2022,1,0.3582,0.3582,0.0,0.002,2016,Bengals,veteran,6,Panthers,new_team_signing,207
Alex Erickson,WR,Chargers,2023,1,0.2898,0.2898,0.0,0.001,2016,Bengals,veteran,7,Commanders,new_team_signing,208
Alex Erickson,WR,Patriots,2024,1,0.3024,0.3024,0.0,0.001,2016,Bengals,veteran,8,Chargers,new_team_signing,209
Alex Gillett,WR,Packers,2013,2,0.93,0.465,0.0,0.0,2013,Packers,rookie,0,Packers,rookie_deal,210
Alex Gray,TE,Falcons,2017,1,0.1224,0.1224,0.0,0.001,2017,Falcons,rookie,0,Falcons,rookie_deal,211
Alex Gray,TE,Falcons,2018,1,0.1292,0.1292,0.0,0.001,2017,Falcons,veteran,1,Falcons,extension,212
Alex Gray,TE,Falcons,2019,2,1.08,0.54,0.0,0.003,2017,Falcons,veteran,2,Falcons,extension,213
Alex Green,RB,NYJ/GB,2011,4,2.5775,0.644375,0.515,0.005,2011,Packers,rookie,0,NYJ/GB,rookie_deal,214
Alex McGough,QB,Seahawks,2018,1,0.1292,0.1292,0.0,0.001,2018,Seahawks,rookie,0,Seahawks,rookie_deal,215
Alex McGough,QB,Texans,2019,1,0.34,0.34,0.0,0.002,2018,Seahawks,veteran,1,Seahawks,new_team_signing,216
Alex McGough,QB,Seahawks,2020,1,0.1428,0.1428,0.0,0.001,2018,Seahawks,veteran,2,Texans,new_team_signing,217
Alex McGough,QB,Seahawks,2021,1,0.78,0.78,0.0,0.004,2018,Seahawks,veteran,3,Seahawks,extension,218
Alex McGough,QB,Packers,2023,1,0.216,0.216,0.0,0.001,2018,Seahawks,veteran,5,Seahawks,new_team_signing,219
Alex McGough,WR,Packers,2024,1,0.225,0.225,0.0,0.001,2018,Seahawks,veteran,6,Packers,extension,220
Alex Smith,TE,NE/TB,2005,5,2.895,0.579,0.965,0.006999999999999999,2005,Buccaneers,rookie,0,NE/TB,rookie_deal,221
Alex Smith,TE,Eagles,2009,1,0.9,0.9,0.05,0.006999999999999999,2005,Buccaneers,veteran,4,NE/TB,new_team_signing,222
Alex Smith,TE,Browns,2010,1,0.63,0.63,0.0,0.005,2005,Buccaneers,veteran,5,Eagles,new_team_signing,223
Alex Smith,TE,Browns,2011,1,0.685,0.685,0.0,0.006,2005,Buccaneers,veteran,6,Browns,extension,224
Alex Smith,TE,Browns,2012,1,0.825,0.825,0.0,0.006999999999999999,2005,Buccaneers,veteran,7,Browns,extension,225
Alex Smith,QB,Chiefs,2014,4,68.0,17.0,19.0,0.128,2005,,veteran,9,Browns,new_team_signing,226
Alex Smith,TE,WAS/NO,2015,1,0.87,0.87,0.0,0.006,2005,Buccaneers,veteran,10,Chiefs,new_team_signing,227
Alex Smith,QB,Commanders,2018,4,94.0,23.5,55.0,0.133,2005,,veteran,13,WAS/NO,new_team_signing,228
Alex Tanney,QB,Giants,2018,1,0.555,0.555,0.0,0.003,2012,Chiefs,veteran,6,Titans,new_team_signing,229
Alex Tanney,QB,Giants,2019,2,1.825,0.9125,0.0,0.005,2012,Chiefs,veteran,7,Giants,extension,230
Alex Tanney,QB,Giants,2020,1,0.204,0.204,0.0,0.001,2012,Chiefs,veteran,8,Giants,extension,231
Alex Tanney,QB,Giants,2021,1,0.9225,0.9225,0.0025,0.005,2012,Chiefs,veteran,9,Giants,extension,232
Alex Wesley,WR,Bears,2019,1,0.136,0.136,0.0,0.001,2019,Giants,rookie,0,Bears,rookie_deal,233
Alex Wesley,WR,Bears,2020,1,0.51,0.51,0.0,0.003,2019,Giants,veteran,1,Bears,extension,234
Alexander Hollins,WR,Vikings,2019,1,0.136,0.136,0.0,0.001,2019,Vikings,rookie,0,Vikings,rookie_deal,235
Alexander Hollins,WR,Vikings,2020,1,0.1428,0.1428,0.0,0.001,2019,Vikings,veteran,1,Vikings,extension,236
Alexander Hollins,WR,Browns,2021,1,0.1656,0.1656,0.0,0.001,2019,Vikings,veteran,2,Vikings,new_team_signing,237
Alexander Mattison,RB,Vikings,2019,4,3.47118,0.867795,0.822172,0.005,2019,Vikings,rookie,0,Vikings,rookie_deal,238
Alexander Mattison,RB,Vikings,2023,2,7.0,3.5,3.6,0.016,2019,Vikings,veteran,4,Vikings,extension,239
Alexander Mattison,RB,Raiders,2024,1,2.0,2.0,1.65,0.008,2019,Vikings,veteran,5,Vikings,new_team_signing,240
Alexander Mattison,RB,Dolphins,2025,1,1.3375,1.3375,1.1975,0.005,2019,Vikings,veteran,6,Raiders,new_team_signing,241
Alfonso Smith,RB,49ers,2010,1,0.645,0.645,0.0,0.0,2010,Cardinals,rookie,0,49ers,rookie_deal,242
Alfonzo Graham,RB,Steelers,2023,3,2.695,0.898333,0.0,0.004,2023,Steelers,rookie,0,Steelers,rookie_deal,243
Alfred Blue,RB,Texans,2014,4,2.337932,0.584483,0.117932,0.004,2014,Texans,rookie,0,Texans,rookie_deal,244
Alfred Blue,RB,Texans,2018,1,0.88,0.88,0.09,0.005,2014,Texans,veteran,4,Texans,extension,245
Alfred Blue,RB,Jaguars,2019,1,0.895,0.895,0.25,0.005,2014,Texans,veteran,5,Texans,new_team_signing,246
Alfred Morris,RB,Commanders,2012,4,2.2231,0.555775,0.1231,0.005,2012,Commanders,rookie,0,Commanders,rookie_deal,247
Alfred Morris,RB,Cowboys,2016,2,3.5,1.75,1.8,0.011000000000000001,2012,Commanders,veteran,4,Commanders,new_team_signing,248
Alfred Morris,RB,49ers,2018,1,0.79,0.79,0.0,0.004,2012,Commanders,veteran,6,Cowboys,new_team_signing,249
Alfred Morris,RB,Cardinals,2019,1,0.93,0.93,0.0,0.005,2012,Commanders,veteran,7,49ers,new_team_signing,250
Alfred Morris,RB,Giants,2020,1,0.204,0.204,0.0,0.001,2012,Commanders,veteran,8,Cardinals,new_team_signing,251
Alfred Morris,RB,Giants,2021,1,1.075,1.075,0.0,0.006,2012,Commanders,veteran,9,Giants,extension,252
Alize Mack,TE,Chiefs,2019,1,0.136,0.136,0.0,0.001,2019,Saints,rookie,0,Chiefs,rookie_deal,253
Alize Mack,TE,Chiefs,2020,1,0.51,0.51,0.0,0.003,2019,Saints,veteran,1,Chiefs,extension,254
Alize Mack,TE,Lions,2021,1,0.1656,0.1656,0.0,0.001,2019,Saints,veteran,2,Chiefs,new_team_signing,255
Alize Mack,TE,Packers,2022,1,0.705,0.705,0.0,0.003,2019,Saints,veteran,3,Lions,new_team_signing,256
Alize Mack,TE,Titans,2023,2,1.665,0.8325,0.0,0.004,2019,Saints,veteran,4,Packers,new_team_signing,257
Allen Hurns,WR,Jaguars,2014,3,1.535,0.511667,0.02,0.004,2014,Jaguars,rookie,0,Jaguars,rookie_deal,258
Allen Hurns,WR,Jaguars,2016,4,40.05,10.0125,16.0,0.064,2014,Jaguars,veteran,2,Jaguars,extension,259
Allen Hurns,WR,Cowboys,2018,2,11.0,5.5,2.5,0.031,2014,Jaguars,veteran,4,Jaguars,new_team_signing,260
Allen Hurns,WR,Dolphins,2019,1,2.5,2.5,0.5,0.013000000000000001,2014,Jaguars,veteran,5,Cowboys,new_team_signing,261
Allen Lazard,WR,Jaguars,2018,1,0.1292,0.1292,0.0,0.001,2018,Jaguars,rookie,0,Jaguars,rookie_deal,262
Allen Lazard,WR,Packers,2019,1,0.136,0.136,0.0,0.001,2018,Jaguars,veteran,1,Jaguars,new_team_signing,263
Allen Lazard,WR,Packers,2020,1,0.675,0.675,0.0,0.003,2018,Jaguars,veteran,2,Packers,extension,264
Allen Lazard,WR,Packers,2021,1,0.85,0.85,0.0,0.005,2018,Jaguars,veteran,3,Packers,extension,265
Allen Lazard,WR,Packers,2022,1,3.986,3.986,0.0,0.019,2018,Jaguars,veteran,4,Packers,extension,266
Allen Lazard,WR,Jets,2023,4,44.0,11.0,22.0,0.049,2018,Jaguars,veteran,5,Packers,new_team_signing,267
Allen Lazard,WR,Jets,2025,1,2.5,2.5,1.75,0.009000000000000001,2018,Jaguars,veteran,7,Jets,extension,268
Allen Reisner,TE,Vikings,2011,2,0.0,0.0,0.0,0.0,2011,Vikings,rookie,0,Vikings,rookie_deal,269
Allen Reisner,TE,Ravens,2015,1,0.66,0.66,0.0,0.005,2011,Vikings,veteran,4,Vikings,new_team_signing,270
Allen Robinson,WR,Jaguars,2014,4,3.51087,0.877718,1.17336,0.006999999999999999,2014,Jaguars,rookie,0,Jaguars,rookie_deal,271
Allen Robinson,WR,Bears,2018,3,42.0,14.0,18.0,0.079,2014,Jaguars,veteran,4,Jaguars,new_team_signing,272
Allen Robinson,WR,Bears,2021,1,17.98,17.98,17.88,0.099,2014,Jaguars,veteran,7,Bears,extension,273
Allen Robinson,WR,Rams,2022,3,46.5,15.5,30.25,0.07400000000000001,2014,Jaguars,veteran,8,Bears,new_team_signing,274
Allen Robinson,WR,Steelers,2023,2,15.0,7.5,5.0,0.033,2014,Jaguars,veteran,9,Rams,new_team_signing,275
Allen Robinson,WR,Lions,2024,1,0.3024,0.3024,0.0,0.001,2014,Jaguars,veteran,10,Steelers,new_team_signing,276
Allenzae Staggers,WR,Commanders,2018,3,1.71,0.57,0.0,0.003,2018,Commanders,rookie,0,Commanders,rookie_deal,277
Alonzo Harris,RB,Packers,2015,3,1.5785,0.526167,0.0035,0.0,2015,Packers,rookie,0,Packers,rookie_deal,278
Alonzo Moore,WR,Chiefs,2017,3,1.6675,0.555833,0.0025,0.003,2017,Chiefs,rookie,0,Chiefs,rookie_deal,279
Alonzo Russell,WR,Giants,2018,1,0.1292,0.1292,0.0,0.001,2016,Bengals,veteran,2,Bengals,new_team_signing,280
Alshon Jeffery,WR,Bears,2012,4,4.54783,1.136958,2.344235,0.009000000000000001,2012,Bears,rookie,0,Bears,rookie_deal,281
Alshon Jeffery,WR,Bears,2016,1,14.599,14.599,14.599,0.094,2012,Bears,veteran,4,Bears,extension,282
Alshon Jeffery,WR,Eagles,2017,1,9.5,9.5,8.75,0.057,2012,Bears,veteran,5,Bears,new_team_signing,283
Alvin Kamara,RB,Saints,2017,4,3.857772,0.964443,0.972772,0.006,2017,Saints,rookie,0,Saints,rookie_deal,284
Alvin Kamara,RB,Saints,2020,5,75.0,15.0,17.833,0.076,2017,Saints,veteran,3,Saints,extension,285
Alvin Kamara,RB,Saints,2024,2,24.5,12.25,19.233333,0.048,2017,Saints,veteran,7,Saints,extension,286
Amar Johnson,RB,Chargers,2025,1,0.234,0.234,0.0,0.001,2025,Packers,rookie,0,Chargers,rookie_deal,287
Amar Johnson,RB,Chargers,2026,1,0.885,0.885,0.0,0.003,2025,Packers,veteran,1,Chargers,extension,288
Amara Darboh,WR,SEA/NE,2017,4,3.175288,0.793822,0.706288,0.005,2017,Seahawks,rookie,0,SEA/NE,rookie_deal,289
Amara Darboh,WR,Steelers,2019,1,0.136,0.136,0.0,0.001,2017,Seahawks,veteran,2,SEA/NE,new_team_signing,290
Amara Darboh,WR,Panthers,2020,1,0.1428,0.1428,0.0,0.001,2017,Seahawks,veteran,3,Steelers,new_team_signing,291
Amara Darboh,WR,Broncos,2021,1,0.85,0.85,0.0,0.005,2017,Seahawks,veteran,4,Panthers,new_team_signing,292
Amari Cooper,WR,DAL/LV,2015,4,22.66312,5.66578,22.66312,0.04,2015,Raiders,rookie,0,DAL/LV,rookie_deal,293
Amari Cooper,WR,BUF/DAL/CLE,2020,5,100.0,20.0,40.0,0.10099999999999999,2015,Raiders,veteran,5,DAL/LV,new_team_signing,294
Amari Cooper,WR,Raiders,2025,1,3.5,3.5,3.5,0.013000000000000001,2015,Raiders,veteran,10,BUF/DAL/CLE,new_team_signing,295
Amari Rodgers,WR,HOU/GB,2021,4,4.899902,1.224976,0.923564,0.006999999999999999,2021,Packers,rookie,0,HOU/GB,rookie_deal,296
Amari Rodgers,WR,Colts,2023,1,0.216,0.216,0.0,0.001,2021,Packers,veteran,2,HOU/GB,new_team_signing,297
Amba Etta-Tawo,WR,Chiefs,2017,1,0.1224,0.1224,0.0,0.001,2017,Jaguars,rookie,0,Chiefs,rookie_deal,298
Amba Etta-Tawo,WR,Texans,2018,1,0.1292,0.129,0.0,0.001,2017,Jaguars,veteran,1,Chiefs,new_team_signing,299
Amba Etta-Tawo,WR,Giants,2019,1,0.495,0.495,0.0,0.003,2017,Jaguars,veteran,2,Texans,new_team_signing,300
Ameer Abdullah,RB,MIN/DET,2015,4,4.156126,1.039032,2.291551,0.006999999999999999,2015,Lions,rookie,0,MIN/DET,rookie_deal,301
Ameer Abdullah,RB,Vikings,2019,1,0.81,0.81,0.045,0.004,2015,Lions,veteran,4,MIN/DET,new_team_signing,302
Ameer Abdullah,RB,Vikings,2020,1,1.0475,1.0475,0.1375,0.005,2015,Lions,veteran,5,Vikings,extension,303
Ameer Abdullah,RB,Vikings,2021,1,0.252,0.252,0.0,0.001,2015,Lions,veteran,6,Vikings,extension,304
Ameer Abdullah,RB,Raiders,2022,1,1.1875,1.1875,0.1525,0.006,2015,Lions,veteran,7,Vikings,new_team_signing,305
Ameer Abdullah,RB,Raiders,2023,1,1.75,1.75,0.5,0.008,2015,Lions,veteran,8,Raiders,extension,306
Ameer Abdullah,RB,Raiders,2024,1,1.85,1.85,0.85,0.006999999999999999,2015,Lions,veteran,9,Raiders,extension,307
Ameer Abdullah,RB,Colts,2025,1,0.396,0.396,0.0,0.001,2015,Lions,veteran,10,Raiders,new_team_signing,308
Ameer Abdullah,RB,Jaguars,2026,1,1.3,1.3,0.0,0.004,2015,Lions,veteran,11,Colts,new_team_signing,309
Amir Carlisle,WR,Cardinals,2016,3,1.62,0.54,0.0,0.003,2016,Cardinals,rookie,0,Cardinals,rookie_deal,310
Amon-Ra St. Brown,WR,Lions,2021,4,4.26526,1.066315,0.78526,0.006,2021,Lions,rookie,0,Lions,rookie_deal,311
Amon-Ra St. Brown,WR,Lions,2024,4,120.01,30.0025,34.666,0.11699999999999999,2021,Lions,veteran,3,Lions,extension,312
Anas Hasid.,WR,Chiefs,2017,3,1.665,0.555,0.0,0.003,2017,Chiefs,rookie,0,Chiefs,rookie_deal,313
Anderson Castle,RB,Colts,2026,3,3.1,1.033333,0.0,0.003,2026,Colts,rookie,0,Colts,rookie_deal,314
Andre Baccellia,WR,Patriots,2020,1,0.61,0.61,0.0,0.003,2020,Chiefs,rookie,0,Patriots,rookie_deal,315
Andre Baccellia,WR,Cardinals,2021,1,0.1656,0.1656,0.0,0.001,2020,Chiefs,veteran,1,Patriots,new_team_signing,316
Andre Baccellia,WR,Cardinals,2022,1,0.207,0.207,0.0,0.001,2020,Chiefs,veteran,2,Cardinals,extension,317
Andre Baccellia,WR,Cardinals,2023,1,0.216,0.216,0.0,0.001,2020,Chiefs,veteran,3,Cardinals,extension,318
Andre Baccellia,WR,Cardinals,2024,1,0.225,0.225,0.0,0.001,2020,Chiefs,veteran,4,Cardinals,extension,319
Andre Baccellia,WR,Cardinals,2025,1,0.234,0.234,0.0,0.001,2020,Chiefs,veteran,5,Cardinals,extension,320
Andre Brown,RB,DEN/NYG,2009,4,2.18,0.545,0.43,0.004,2009,Giants,rookie,0,DEN/NYG,rookie_deal,321
Andre Brown,RB,Broncos,2010,1,0.0884,0.0884,0.0,0.001,2009,Giants,veteran,1,DEN/NYG,new_team_signing,322
Andre Brown,RB,Giants,2011,1,0.0969,0.0969,0.0,0.001,2009,Giants,veteran,2,Broncos,new_team_signing,323
Andre Brown,RB,Giants,2012,1,0.465,0.465,0.0,0.004,2009,Giants,veteran,3,Giants,extension,324
Andre Brown,RB,Giants,2013,1,2.023,2.023,0.0,0.016,2009,Giants,veteran,4,Giants,extension,325
Andre Brown,RB,Texans,2014,1,0.645,0.645,0.0,0.005,2009,Giants,veteran,5,Giants,new_team_signing,326
Andre Ellington,RB,Cardinals,2013,4,2.263864,0.565966,0.103864,0.005,2013,Cardinals,rookie,0,Cardinals,rookie_deal,327
Andre Ellington,RB,ARI/HOU,2017,1,0.905,0.905,0.08,0.005,2013,Cardinals,veteran,4,Cardinals,new_team_signing,328
Andre Ellington,RB,Buccaneers,2019,1,0.805,0.805,0.0,0.004,2013,Cardinals,veteran,6,ARI/HOU,new_team_signing,329
Andre Hardy,TE,Cardinals,2012,2,0.93,0.465,0.0,0.0,2012,Raiders,rookie,0,Cardinals,rookie_deal,330
Andre Holmes,WR,Cowboys,2011,1,0.0969,0.0969,0.0,0.001,2011,Vikings,rookie,0,Cowboys,rookie_deal,331
Andre Holmes,WR,Cowboys,2012,1,0.0969,0.0969,0.0,0.001,2011,Vikings,veteran,1,Cowboys,extension,332
Andre Holmes,WR,NE/LV,2013,2,1.2,0.6,0.0,0.005,2011,Vikings,veteran,2,Cowboys,new_team_signing,333
Andre Holmes,WR,Raiders,2015,1,1.542,1.542,0.0,0.011000000000000001,2011,Vikings,veteran,4,NE/LV,new_team_signing,334
Andre Holmes,WR,Raiders,2016,1,2.0,2.0,0.75,0.013000000000000001,2011,Vikings,veteran,5,Raiders,extension,335
Andre Holmes,WR,BUF/DEN,2017,3,5.15,1.716667,2.45,0.01,2011,Vikings,veteran,6,Raiders,new_team_signing,336
Andre Johnson,WR,Texans,2003,6,38.96,6.493333,9.0,0.087,2003,Texans,rookie,0,Texans,rookie_deal,337
Andre Johnson,WR,Texans,2007,6,44.05,7.341667,15.0,0.067,2003,Texans,veteran,4,Texans,extension,338
Andre Johnson,WR,Texans,2010,7,62.7,8.957143,13.0,0.069,2003,Texans,veteran,7,Texans,extension,339
Andre Johnson,WR,Colts,2015,3,21.0,7.0,10.0,0.049,2003,Texans,veteran,12,Texans,new_team_signing,340
Andre Johnson,WR,Titans,2016,2,3.735,1.8675,0.0,0.012,2003,Texans,veteran,13,Colts,new_team_signing,341
Andre Levrone,WR,Ravens,2018,1,0.1292,0.1292,0.0,0.001,2018,Ravens,rookie,0,Ravens,rookie_deal,342
Andre Levrone,WR,Panthers,2019,1,0.5,0.5,0.005,0.003,2018,Ravens,veteran,1,Ravens,new_team_signing,343
Andre Lindsey,WR,Chiefs,2019,3,1.755,0.585,0.0,0.003,2019,Chiefs,rookie,0,Chiefs,rookie_deal,344
Andre Miller,WR,Giants,2022,1,0.207,0.207,0.0,0.001,2022,Giants,rookie,0,Giants,rookie_deal,345
Andre Miller,WR,Packers,2023,1,0.75,0.75,0.0,0.003,2022,Giants,veteran,1,Giants,new_team_signing,346
Andre Patton,WR,Chargers,2017,1,0.1224,0.1224,0.0,0.001,2017,Chargers,rookie,0,Chargers,rookie_deal,347
Andre Patton,WR,Chargers,2018,1,0.1292,0.1292,0.0,0.001,2017,Chargers,veteran,1,Chargers,extension,348
Andre Patton,WR,Chargers,2019,1,0.136,0.136,0.0,0.001,2017,Chargers,veteran,2,Chargers,extension,349
Andre Patton,WR,Dolphins,2020,1,0.1428,0.1428,0.0,0.001,2017,Chargers,veteran,3,Chargers,new_team_signing,350
Andre Patton,WR,Eagles,2021,1,0.78,0.78,0.0,0.004,2017,Chargers,veteran,4,Dolphins,new_team_signing,351
Andre Roberts,WR,Cardinals,2010,4,2.5592,0.6398,0.7242,0.005,2010,Cardinals,rookie,0,Cardinals,rookie_deal,352
Andre Roberts,WR,Commanders,2014,4,16.0,4.0,5.25,0.03,2010,Cardinals,veteran,4,Cardinals,new_team_signing,353
Andre Roberts,WR,Lions,2016,1,0.84,0.84,0.015,0.005,2010,Cardinals,veteran,6,Commanders,new_team_signing,354
Andre Roberts,WR,Falcons,2017,1,1.8,1.8,0.75,0.011000000000000001,2010,Cardinals,veteran,7,Lions,new_team_signing,355
Andre Roberts,WR,Jets,2018,1,1.005,1.005,0.09,0.006,2010,Cardinals,veteran,8,Falcons,new_team_signing,356
Andre Roberts,WR,Bills,2019,2,4.6,2.3,3.0,0.012,2010,Cardinals,veteran,9,Jets,new_team_signing,357
Andre Roberts,WR,Bills,2020,1,1.3,1.3,0.0,0.006999999999999999,2010,Cardinals,veteran,10,Bills,extension,358
Andre Roberts,WR,Chargers,2021,1,1.075,1.075,0.0,0.006,2010,Cardinals,veteran,11,Bills,new_team_signing,359
Andre Roberts,WR,Panthers,2022,1,1.75,1.75,0.9,0.008,2010,Cardinals,veteran,12,Chargers,new_team_signing,360
Andre Smith,TE,Bears,2011,1,0.0,0.0,0.0,0.0,2011,Bears,rookie,0,Bears,rookie_deal,361
Andre Smith,TE,Cowboys,2013,1,0.0,0.0,0.0,0.0,2011,Bears,veteran,2,Bears,new_team_signing,362
Andre Smith,TE,Browns,2014,1,0.333,0.333,0.0,0.003,2011,Bears,veteran,3,Cowboys,new_team_signing,363
Andre Williams,RB,NYG/LAC,2014,4,2.6736,0.6684,0.4536,0.005,2014,Giants,rookie,0,NYG/LAC,rookie_deal,364
Andre Williams,RB,Chargers,2016,1,0.1173,0.1173,0.0,0.001,2014,Giants,veteran,2,NYG/LAC,new_team_signing,365
Andre Williams,RB,Chargers,2017,1,0.1224,0.1224,0.0,0.001,2014,Giants,veteran,3,Chargers,extension,366
Andrei Iosivas,WR,Bengals,2023,4,3.999392,0.999848,0.159392,0.004,2023,Bengals,rookie,0,Bengals,rookie_deal,367
Andrew Armstrong,WR,Lions,2025,1,0.234,0.234,0.0,0.001,2025,Dolphins,rookie,0,Lions,rookie_deal,368
Andrew Armstrong,WR,Chiefs,2026,1,0.885,0.885,0.0,0.003,2025,Dolphins,veteran,1,Lions,new_team_signing,369
Andrew Beck,TE,Patriots,2019,3,1.77,0.59,0.115,0.003,2019,Patriots,rookie,0,Patriots,rookie_deal,370
Andrew Beck,TE,Broncos,2022,1,1.25,1.25,0.2,0.006,2019,Patriots,veteran,3,Patriots,new_team_signing,371
Andrew Beck,TE,Texans,2023,2,6.25,3.125,4.0,0.013999999999999999,2019,Patriots,veteran,4,Broncos,new_team_signing,372
Andrew Beck,TE,Packers,2024,1,0.3834,0.3834,0.0,0.002,2019,Patriots,veteran,5,Texans,new_team_signing,373
Andrew Beck,TE,Jets,2025,1,1.3375,1.3375,0.1675,0.005,2019,Patriots,veteran,6,Packers,new_team_signing,374
Andrew Beck,TE,Jets,2026,1,1.4875,1.4875,1.2625,0.005,2019,Patriots,veteran,7,Jets,extension,375
Andrew Gleichert,TE,Eagles,2015,3,1.577,0.525667,0.002,0.0,2015,Eagles,rookie,0,Eagles,rookie_deal,376
Andrew Hawkins,WR,Bengals,2011,1,0.0969,0.0969,0.0,0.001,2011,Rams,rookie,0,Bengals,rookie_deal,377
Andrew Hawkins,WR,Bengals,2013,1,0.555,0.555,0.0,0.005,2011,Rams,veteran,2,Bengals,extension,378
Andrew Hawkins,WR,Browns,2014,4,13.6,3.4,6.8,0.026000000000000002,2011,Rams,veteran,3,Bengals,new_team_signing,379
Andrew Hawkins,WR,Patriots,2017,1,0.775,0.775,0.0,0.005,2011,Rams,veteran,6,Browns,new_team_signing,380
Andrew Luck,QB,Colts,2012,4,22.107998,5.527,22.107998,0.046,2012,Colts,rookie,0,Colts,rookie_deal,381
Andrew Luck,QB,Colts,2016,5,122.97,24.594,47.0,0.158,2012,Colts,veteran,4,Colts,extension,382
Andrew Ogletree,TE,Colts,2022,4,3.838192,0.959548,0.178192,0.005,2022,Colts,rookie,0,Colts,rookie_deal,383
Andrew Ogletree,TE,Colts,2026,1,2.25,2.25,1.5,0.006999999999999999,2022,Colts,veteran,4,Colts,extension,384
Andrew Opoku,WR,Colts,2016,3,1.62,0.54,0.0,0.003,2016,Colts,rookie,0,Colts,rookie_deal,385
Andrew Parchment,WR,Panthers,2022,3,2.562,0.854,0.002,0.004,2022,Panthers,rookie,0,Panthers,rookie_deal,386
Andrew Peacock,WR,Lions,2014,2,0.96,0.48,0.0,0.0,2014,Lions,rookie,0,Lions,rookie_deal,387
Andrew Peasley,QB,Jets,2024,3,2.83,0.943333,0.0,0.004,2024,Jets,rookie,0,Jets,rookie_deal,388
Andrew Price,TE,Lions,2017,3,1.665,0.555,0.0,0.003,2017,Lions,rookie,0,Lions,rookie_deal,389
Andrew Szczerba,TE,Falcons,2012,2,0.9,0.45,0.0,0.0,2012,Cowboys,rookie,0,Falcons,rookie_deal,390
Andrew Vollert,TE,Cardinals,2018,1,0.1292,0.1292,0.0,0.001,2018,Cardinals,rookie,0,Cardinals,rookie_deal,391
Andrew Vollert,TE,Bengals,2019,2,1.08,0.54,0.0,0.003,2018,Cardinals,veteran,1,Cardinals,new_team_signing,392
Andrew Vollert,TE,Colts,2020,1,0.1428,0.1428,0.0,0.001,2018,Cardinals,veteran,2,Bengals,new_team_signing,393
Andrew Vollert,TE,Colts,2021,1,0.66,0.66,0.0,0.004,2018,Cardinals,veteran,3,Colts,extension,394
Andy Cruse,WR,Vikings,2013,1,0.42,0.42,0.0,0.0,2013,Texans,rookie,0,Vikings,rookie_deal,395
Andy Dalton,QB,Bengals,2011,4,5.214198,1.30355,4.028171,0.011000000000000001,2011,Bengals,rookie,0,Bengals,rookie_deal,396
Andy Dalton,QB,Bengals,2014,6,96.0,16.0,17.0,0.12,2011,Bengals,veteran,3,Bengals,extension,397
Andy Dalton,QB,Cowboys,2020,1,3.0,3.0,3.0,0.015,2011,Bengals,veteran,9,Bengals,new_team_signing,398
Andy Dalton,QB,Bears,2021,1,10.0,10.0,7.0,0.055,2011,Bengals,veteran,10,Cowboys,new_team_signing,399
Andy Dalton,QB,Saints,2022,1,3.0,3.0,3.0,0.013999999999999999,2011,Bengals,veteran,11,Bears,new_team_signing,400
Andy Dalton,QB,Panthers,2023,2,10.0,5.0,8.0,0.022000000000000002,2011,Bengals,veteran,12,Saints,new_team_signing,401
Andy Dalton,QB,Panthers,2025,2,8.0,4.0,6.0,0.013999999999999999,2011,Bengals,veteran,14,Panthers,extension,402
Andy Dalton,QB,CAR/PHI,2026,1,3.5,3.5,3.5,0.012,2011,Bengals,veteran,15,Panthers,new_team_signing,403
Andy Isabella,WR,Cardinals,2019,4,4.62987,1.157468,2.324926,0.006,2019,Cardinals,rookie,0,Cardinals,rookie_deal,404
Andy Isabella,WR,Ravens,2022,1,0.3582,0.3582,0.0,0.002,2019,Cardinals,veteran,3,Cardinals,new_team_signing,405
Andy Isabella,WR,Bills,2023,1,0.2898,0.2898,0.0,0.001,2019,Cardinals,veteran,4,Ravens,new_team_signing,406
Andy Isabella,WR,Steelers,2024,1,0.3024,0.3024,0.0,0.001,2019,Cardinals,veteran,5,Bills,new_team_signing,407
Andy Isabella,WR,49ers,2025,1,1.17,1.17,0.0,0.004,2019,Cardinals,veteran,6,Steelers,new_team_signing,408
Andy Jones,WR,Lions,2018,1,0.1292,0.1292,0.0,0.001,2016,Cowboys,veteran,2,Lions,extension,409
Andy Jones,WR,Dolphins,2019,1,0.136,0.136,0.0,0.001,2016,Cowboys,veteran,3,Lions,new_team_signing,410
Andy Jones,WR,Dolphins,2020,2,1.41,0.705,0.0,0.004,2016,Cowboys,veteran,4,Dolphins,extension,411
Andy Jones,WR,Giants,2021,1,0.85,0.85,0.0,0.005,2016,Cowboys,veteran,5,Dolphins,new_team_signing,412
Andy Tanner,WR,Saints,2010,2,0.93,0.465,0.0,0.0,2010,Saints,rookie,0,Saints,rookie_deal,413
Anquan Boldin,WR,Cardinals,2003,4,2.58,0.645,1.21,0.009000000000000001,2003,Cardinals,rookie,0,Cardinals,rookie_deal,414
Anquan Boldin,WR,Cardinals,2005,4,22.66,5.665,5.0,0.066,2003,Cardinals,veteran,2,Cardinals,extension,415
Anquan Boldin,WR,SF/BAL,2010,3,25.0,8.333333,8.0,0.065,2003,Cardinals,veteran,7,Cardinals,new_team_signing,416
Anquan Boldin,WR,49ers,2014,2,12.0,6.0,5.5,0.045,2003,Cardinals,veteran,11,SF/BAL,new_team_signing,417
Anquan Boldin,WR,Lions,2016,1,2.75,2.75,0.75,0.018000000000000002,2003,Cardinals,veteran,13,49ers,new_team_signing,418
Anquan Boldin,WR,Bills,2017,1,2.75,2.75,0.0,0.016,2003,Cardinals,veteran,14,Lions,new_team_signing,419
Anthony Allen,RB,Ravens,2011,4,2.090356,0.52259,0.050356,0.004,2011,Ravens,rookie,0,Ravens,rookie_deal,420
Anthony Allen,RB,Ravens,2012,1,0.0969,0.0969,0.0,0.001,2011,Ravens,veteran,1,Ravens,extension,421
Anthony Allen,RB,Ravens,2013,1,0.555,0.555,0.0,0.005,2011,Ravens,veteran,2,Ravens,extension,422
Anthony Allen,RB,Bills,2014,2,1.23,0.615,0.0,0.005,2011,Ravens,veteran,3,Ravens,new_team_signing,423
Anthony Boone,QB,Lions,2015,3,1.578,0.526,0.003,0.0,2015,Lions,rookie,0,Lions,rookie_deal,424
Anthony Brown,QB,Ravens,2022,1,0.207,0.207,0.0,0.001,2022,Ravens,rookie,0,Ravens,rookie_deal,425
Anthony Brown,QB,Ravens,2023,1,0.216,0.216,0.0,0.001,2022,Ravens,veteran,1,Ravens,extension,426
Anthony Brown,QB,Bills,2024,1,0.225,0.225,0.0,0.001,2022,Ravens,veteran,2,Ravens,new_team_signing,427
Anthony Denham,TE,Eagles,2018,1,0.555,0.555,0.0,0.003,2014,Texans,veteran,4,Cardinals,new_team_signing,428
Anthony Ezeakunne,TE,Browns,2015,3,1.575,0.525,0.0,0.004,2015,Browns,rookie,0,Browns,rookie_deal,429
Anthony Fasano,TE,MIA/DAL,2006,4,3.07,0.7675,1.15,0.008,2006,Cowboys,rookie,0,MIA/DAL,rookie_deal,430
Anthony Fasano,TE,Dolphins,2010,1,1.176,1.176,0.0,0.009000000000000001,2006,Cowboys,veteran,4,MIA/DAL,new_team_signing,431
Anthony Fasano,TE,Chiefs,2013,2,16.0,4.0,4.5,0.033,2006,Cowboys,veteran,7,Dolphins,new_team_signing,432
Anthony Fasano,TE,Titans,2015,2,5.25,2.625,1.125,0.018000000000000002,2006,Cowboys,veteran,9,Chiefs,new_team_signing,433
Anthony Fasano,TE,Dolphins,2017,1,2.75,2.75,1.25,0.016,2006,Cowboys,veteran,11,Titans,new_team_signing,434
Anthony Firkser,TE,Titans,2020,1,0.66,0.66,0.0,0.003,2017,Jets,veteran,3,Titans,extension,435
Anthony Firkser,TE,Titans,2021,1,3.0,3.0,3.0,0.016,2017,Jets,veteran,4,Titans,extension,436
Anthony Firkser,TE,Falcons,2022,1,0.3582,0.3582,0.0,0.002,2017,Jets,veteran,5,Titans,new_team_signing,437
Anthony Firkser,TE,Lions,2023,1,0.2898,0.2898,0.0,0.001,2017,Jets,veteran,6,Falcons,new_team_signing,438
Anthony Firkser,TE,Chiefs,2024,1,0.3834,0.3834,0.0,0.002,2017,Jets,veteran,7,Lions,new_team_signing,439
Anthony Firkser,TE,Lions,2025,1,0.315,0.315,0.0,0.001,2017,Jets,veteran,8,Chiefs,new_team_signing,440
Anthony Firkser,TE,Commanders,2026,1,1.3,1.3,0.0,0.004,2017,Jets,veteran,9,Lions,new_team_signing,441
Anthony Gordon,QB,Seahawks,2020,3,2.2975,0.765833,0.0125,0.004,2020,Seahawks,rookie,0,Seahawks,rookie_deal,442
Anthony Gordon,QB,Broncos,2021,1,0.1656,0.1656,0.0,0.001,2020,Seahawks,veteran,1,Seahawks,new_team_signing,443
Anthony Gordon,QB,Chiefs,2022,1,0.705,0.705,0.0,0.003,2020,Seahawks,veteran,2,Broncos,new_team_signing,444
Anthony Gould,WR,Colts,2024,4,4.372664,1.093166,0.352664,0.004,2024,Colts,rookie,0,Colts,rookie_deal,445
Anthony Hankerson,RB,Dolphins,2026,3,3.105,1.035,0.005,0.003,2026,Dolphins,rookie,0,Dolphins,rookie_deal,446
Anthony Johnson,WR,Chargers,2019,1,0.136,0.136,0.0,0.001,2019,Buccaneers,rookie,0,Chargers,rookie_deal,447
Anthony Johnson,WR,Steelers,2020,1,0.1428,0.1428,0.0,0.001,2019,Buccaneers,veteran,1,Chargers,new_team_signing,448
Anthony Johnson,WR,Steelers,2021,1,0.66,0.66,0.0,0.004,2019,Buccaneers,veteran,2,Steelers,extension,449
Anthony Jones,RB,Seahawks,2020,3,2.2925,0.764167,0.0075,0.004,2020,Seahawks,rookie,0,Seahawks,rookie_deal,450
Anthony Kelly,WR,Jets,2016,3,1.62,0.54,0.0,0.003,2016,Buccaneers,rookie,0,Jets,rookie_deal,451
Anthony Landphere,TE,Buccaneers,2025,3,2.9675,0.989167,0.0025,0.004,2025,Buccaneers,rookie,0,Buccaneers,rookie_deal,452
Anthony Mahoungou,WR,Eagles,2018,3,1.71,0.57,0.0,0.003,2018,Eagles,rookie,0,Eagles,rookie_deal,453
"Anthony McFarland, Jr.",RB,Steelers,2020,4,4.017432,1.004358,0.722432,0.005,2020,Steelers,rookie,0,Steelers,rookie_deal,454
"Anthony McFarland, Jr.",RB,Steelers,2022,1,0.207,0.207,0.0,0.001,2020,Steelers,veteran,2,Steelers,extension,455
"Anthony McFarland, Jr.",RB,Steelers,2023,1,0.216,0.216,0.0,0.001,2020,Steelers,veteran,3,Steelers,extension,456
"Anthony McFarland, Jr.",RB,Dolphins,2024,1,0.3024,0.3024,0.0,0.001,2020,Steelers,veteran,4,Steelers,new_team_signing,457
Anthony Miller,WR,HOU/CHI,2018,4,5.3537,1.338425,3.17695,0.008,2018,Bears,rookie,0,HOU/CHI,rookie_deal,458
Anthony Miller,WR,Steelers,2021,1,0.252,0.252,0.0,0.001,2018,Bears,veteran,3,HOU/CHI,new_team_signing,459
Anthony Miller,WR,Steelers,2022,1,1.035,1.035,0.0,0.005,2018,Bears,veteran,4,Steelers,extension,460
Anthony Miller,WR,Colts,2023,1,0.2898,0.2898,0.0,0.001,2018,Bears,veteran,5,Steelers,new_team_signing,461
Anthony Miller,WR,Ravens,2024,1,0.3834,0.3834,0.0,0.002,2018,Bears,veteran,6,Colts,new_team_signing,462
Anthony Miller,WR,Ravens,2025,1,0.396,0.396,0.0,0.001,2018,Bears,veteran,7,Ravens,extension,463
Anthony Nash,WR,Broncos,2017,3,1.665,0.555,0.005,0.003,2017,Broncos,rookie,0,Broncos,rookie_deal,464
Anthony Norris,TE,Broncos,2016,3,1.62,0.54,0.0,0.003,2016,Broncos,rookie,0,Broncos,rookie_deal,465
Anthony Ratliff-Williams,WR,Raiders,2019,1,0.136,0.136,0.0,0.001,2019,Titans,rookie,0,Raiders,rookie_deal,466
Anthony Ratliff-Williams,WR,Raiders,2020,1,0.51,0.51,0.0,0.003,2019,Titans,veteran,1,Raiders,extension,467
Anthony Ratliff-Williams,WR,Seahawks,2021,1,0.66,0.66,0.0,0.004,2019,Titans,veteran,2,Raiders,new_team_signing,468
Anthony Richardson,QB,Colts,2023,4,33.99403,8.498508,33.99403,0.038,2023,Colts,rookie,0,Colts,rookie_deal,469
Anthony Schwartz,WR,Browns,2021,4,4.863026,1.215757,0.896744,0.006999999999999999,2021,Browns,rookie,0,Browns,rookie_deal,470
Anthony Schwartz,WR,Dolphins,2023,1,0.216,0.216,0.0,0.001,2021,Browns,veteran,2,Browns,new_team_signing,471
Anthony Schwartz,WR,Dolphins,2024,1,0.985,0.985,0.0,0.004,2021,Browns,veteran,3,Dolphins,extension,472
Anthony Sherman,RB,Chiefs,2020,1,1.1875,1.1875,0.8875,0.006,2011,Cardinals,veteran,9,Chiefs,extension,473
Anthony Smith,WR,Cowboys,2026,4,4.56086,1.140215,0.18086,0.004,2026,Cowboys,rookie,0,Cowboys,rookie_deal,474
Anthony Torres,TE,Rams,2025,3,2.975,0.991667,0.01,0.004,2025,Rams,rookie,0,Rams,rookie_deal,475
Anthony Tyus III,RB,Panthers,2025,1,0.234,0.234,0.0,0.001,2025,Lions,rookie,0,Panthers,rookie_deal,476
Anthony Tyus III,RB,Panthers,2026,1,0.885,0.885,0.0,0.003,2025,Lions,veteran,1,Panthers,extension,477
Antoine Green,WR,Lions,2023,4,3.95676,0.98919,0.11676,0.004,2023,Lions,rookie,0,Lions,rookie_deal,478
Antoine Wesley,WR,Ravens,2019,1,0.136,0.136,0.0,0.001,2019,Ravens,rookie,0,Ravens,rookie_deal,479
Antoine Wesley,WR,Ravens,2020,1,0.51,0.51,0.0,0.003,2019,Ravens,veteran,1,Ravens,extension,480
Antoine Wesley,WR,Cardinals,2021,1,0.66,0.66,0.0,0.004,2019,Ravens,veteran,2,Ravens,new_team_signing,481
Antoine Wesley,WR,Cardinals,2022,1,0.825,0.825,0.0,0.004,2019,Ravens,veteran,3,Cardinals,extension,482
Antoine Wesley,WR,Raiders,2023,1,0.2898,0.2898,0.0,0.001,2019,Ravens,veteran,4,Cardinals,new_team_signing,483
Antonio Brown,WR,Steelers,2010,3,1.288075,0.429358,0.073075,0.003,2010,Steelers,rookie,0,Steelers,rookie_deal,484
Antonio Brown,WR,Steelers,2012,5,41.96,8.392,8.5,0.07,2010,Steelers,veteran,2,Steelers,extension,485
Antonio Brown,WR,Steelers,2017,4,68.0,17.0,19.0,0.102,2010,Steelers,veteran,7,Steelers,extension,486
Antonio Brown,WR,Patriots,2019,2,30.5,15.25,10.0,0.081,2010,Steelers,veteran,9,Steelers,new_team_signing,487
Antonio Brown,WR,Buccaneers,2020,1,1.666666,1.666666,0.0,0.008,2010,Steelers,veteran,10,Patriots,new_team_signing,488
Antonio Brown,WR,Buccaneers,2021,1,3.1,3.1,3.1,0.017,2010,Steelers,veteran,11,Buccaneers,extension,489
Antonio Callaway,WR,Browns,2018,4,3.177856,0.794464,0.717856,0.004,2018,Browns,rookie,0,Browns,rookie_deal,490
Antonio Callaway,WR,Dolphins,2020,1,0.1428,0.1428,0.0,0.001,2018,Browns,veteran,2,Browns,new_team_signing,491
Antonio Callaway,WR,Chiefs,2021,1,0.92,0.92,0.0,0.005,2018,Browns,veteran,3,Dolphins,new_team_signing,492
Antonio Callaway,WR,Cowboys,2022,1,0.207,0.207,0.0,0.001,2018,Browns,veteran,4,Chiefs,new_team_signing,493
Antonio Callaway,WR,Cowboys,2023,2,2.135,1.0675,0.0,0.005,2018,Browns,veteran,5,Cowboys,extension,494
Antonio Gandy-Golden,WR,Commanders,2020,4,3.7894,0.94735,0.4944,0.005,2020,Commanders,rookie,0,Commanders,rookie_deal,495
Antonio Gandy-Golden,WR,Commanders,2021,1,0.1656,0.1656,0.0,0.001,2020,Commanders,veteran,1,Commanders,extension,496
Antonio Gandy-Golden,WR,Commanders,2022,1,0.895,0.895,0.0,0.004,2020,Commanders,veteran,2,Commanders,extension,497
Antonio Gates,TE,Chargers,2003,2,0.537,0.2685,0.007,0.004,2003,Chargers,rookie,0,Chargers,rookie_deal,498
Antonio Gates,TE,Chargers,2005,6,22.5,3.75,6.38,0.044000000000000004,2003,Chargers,veteran,2,Chargers,extension,499
Antonio Gates,TE,Chargers,2010,6,36.175,7.235,8.8,0.055999999999999994,2003,Chargers,veteran,7,Chargers,extension,500
Antonio Gates,TE,Chargers,2016,2,11.0,5.5,6.0,0.035,2003,Chargers,veteran,13,Chargers,extension,501
Antonio Gates,TE,Chargers,2018,1,2.5,2.5,1.0,0.013999999999999999,2003,Chargers,veteran,15,Chargers,extension,502
Antonio Gibson,RB,Commanders,2020,4,4.932638,1.23316,1.147372,0.006,2020,Commanders,rookie,0,Commanders,rookie_deal,503
Antonio Gibson,RB,Patriots,2024,3,11.25,3.75,5.3,0.015,2020,Commanders,veteran,4,Commanders,new_team_signing,504
Antonio Nunn,WR,Falcons,2021,3,2.435,0.811667,0.03,0.004,2021,Falcons,rookie,0,Falcons,rookie_deal,505
Antonio Williams,RB,Bills,2020,1,0.1428,0.1428,0.0,0.001,2020,Bills,rookie,0,Bills,rookie_deal,506
Antonio Williams,RB,Bills,2021,1,0.1656,0.1656,0.0,0.001,2020,Bills,veteran,1,Bills,extension,507
Antonio Williams,RB,Giants,2022,1,0.207,0.207,0.0,0.001,2020,Bills,veteran,2,Bills,new_team_signing,508
Antonio Williams,WR,Commanders,2026,4,7.25872,1.81468,1.739068,0.006,2026,Commanders,rookie,0,Commanders,rookie_deal,509
Antony Auclair,TE,Buccaneers,2017,3,1.685,0.561667,0.0812,0.003,2017,Buccaneers,rookie,0,Buccaneers,rookie_deal,510
Antony Auclair,TE,Buccaneers,2020,1,1.25,1.25,0.8,0.006,2017,Buccaneers,veteran,3,Buccaneers,extension,511
Antony Auclair,TE,Texans,2021,1,0.252,0.252,0.0,0.001,2017,Buccaneers,veteran,4,Buccaneers,new_team_signing,512
Antony Auclair,TE,Titans,2022,1,0.2772,0.2772,0.0,0.001,2017,Buccaneers,veteran,5,Texans,new_team_signing,513
Antwan Goodley,WR,Cowboys,2015,3,1.5825,0.5275,0.0075,0.0,2015,Cowboys,rookie,0,Cowboys,rookie_deal,514
Antwan Goodley,WR,Packers,2017,1,0.465,0.465,0.0,0.003,2015,Cowboys,veteran,2,Cowboys,new_team_signing,515
Antwane Grant,WR,Bengals,2016,3,1.62,0.54,0.0,0.003,2016,Bengals,rookie,0,Bengals,rookie_deal,516
Antwane Wells Jr.,WR,Giants,2025,1,0.234,0.234,0.0,0.001,2025,Giants,rookie,0,Giants,rookie_deal,517
ArDarius Stewart,WR,Jets,2017,4,3.376574,0.844144,0.846324,0.005,2017,Jets,rookie,0,Jets,rookie_deal,518
ArDarius Stewart,WR,Commanders,2018,1,0.1292,0.1292,0.0,0.001,2017,Jets,veteran,1,Jets,new_team_signing,519
Arceto Clark,WR,Seahawks,2013,2,0.93,0.465,0.0,0.0,2013,Seahawks,rookie,0,Seahawks,rookie_deal,520
Arian Foster,RB,Texans,2009,1,0.0884,0.0884,0.0,0.001,2009,Texans,rookie,0,Texans,rookie_deal,521
Arian Foster,RB,Texans,2011,1,0.525,0.525,0.0,0.004,2009,Texans,veteran,2,Texans,extension,522
Arian Foster,RB,Texans,2012,5,43.5,8.7,20.75,0.07200000000000001,2009,Texans,veteran,3,Texans,extension,523
Arian Foster,RB,Dolphins,2016,1,1.5,1.5,0.4,0.01,2009,Texans,veteran,7,Texans,new_team_signing,524
Arian Smith,WR,Jets,2025,4,5.241652,1.310413,1.041652,0.005,2025,Jets,rookie,0,Jets,rookie_deal,525
Armani Rogers,TE,WAS/PHI,2022,3,2.5775,0.859167,0.0675,0.004,2022,Commanders,rookie,0,WAS/PHI,rookie_deal,526
Armani Rogers,TE,Falcons,2024,1,0.225,0.225,0.0,0.001,2022,Commanders,veteran,2,WAS/PHI,new_team_signing,527
Armani Rogers,TE,Bills,2025,1,0.96,0.96,0.0,0.003,2022,Commanders,veteran,3,Falcons,new_team_signing,528
Armon Binns,WR,Chiefs,2011,2,1.11,0.555,0.0,0.0,2011,Jaguars,rookie,0,Chiefs,rookie_deal,529
Aron Cruickshank,WR,Steelers,2023,1,0.75,0.75,0.0,0.003,2023,Bears,rookie,0,Steelers,rookie_deal,530
Arrelious Benn,WR,Buccaneers,2010,4,4.84,1.21,2.85,0.009000000000000001,2010,Buccaneers,rookie,0,Buccaneers,rookie_deal,531
Arrelious Benn,WR,Eagles,2014,1,0.645,0.645,0.0,0.005,2010,Buccaneers,veteran,4,Buccaneers,new_team_signing,532
Arrelious Benn,WR,Jaguars,2017,1,1.765,0.8825,0.1,0.005,2010,Buccaneers,veteran,7,Eagles,new_team_signing,533
Artavis Pierce,RB,Bears,2020,1,0.1428,0.1428,0.0,0.001,2020,Bears,rookie,0,Bears,rookie_deal,534
Artavis Pierce,RB,Browns,2021,1,0.1656,0.1656,0.0,0.001,2020,Bears,veteran,1,Bears,new_team_signing,535
Artavis Scott,WR,Chargers,2017,1,0.1224,0.1224,0.0,0.001,2017,Chargers,rookie,0,Chargers,rookie_deal,536
Artavis Scott,WR,Chargers,2018,1,0.48,0.48,0.0,0.003,2017,Chargers,veteran,1,Chargers,extension,537
Artavis Scott,WR,Chargers,2019,1,0.136,0.136,0.0,0.001,2017,Chargers,veteran,2,Chargers,extension,538
Artavis Scott,WR,Texans,2020,1,0.1428,0.1428,0.0,0.001,2017,Chargers,veteran,3,Chargers,new_team_signing,539
Artayvious Lynn,TE,Cowboys,2021,3,2.43,0.81,0.06,0.004,2021,Cowboys,rookie,0,Cowboys,rookie_deal,540
Arthur Lynch,TE,MIA/NYJ,2014,4,2.4113,0.602825,0.1913,0.005,2014,Dolphins,rookie,0,MIA/NYJ,rookie_deal,541
Arthur Lynch,TE,Broncos,2015,1,0.1122,0.1122,0.0,0.001,2014,Dolphins,veteran,1,MIA/NYJ,new_team_signing,542
Arthur Lynch,TE,Falcons,2016,2,0.99,0.495,0.0,0.003,2014,Dolphins,veteran,2,Broncos,new_team_signing,543
Arthur Williams,WR,Jets,2015,3,1.575,0.525,0.0,0.004,2015,Jets,rookie,0,Jets,rookie_deal,544
Asa Watson,TE,Cowboys,2014,2,0.93,0.465,0.0,0.0,2014,Patriots,rookie,0,Cowboys,rookie_deal,545
Ashton Dulin,WR,Colts,2019,1,0.136,0.136,0.0,0.001,2019,Colts,rookie,0,Colts,rookie_deal,546
Ashton Dulin,WR,Colts,2021,1,0.85,0.85,0.0,0.005,2019,Colts,veteran,2,Colts,extension,547
Ashton Dulin,WR,Colts,2022,1,2.433,2.433,0.0,0.012,2019,Colts,veteran,3,Colts,extension,548
Ashton Dulin,WR,Colts,2023,2,7.2,3.6,3.5,0.016,2019,Colts,veteran,4,Colts,extension,549
Ashton Dulin,WR,Colts,2025,2,6.5,3.25,2.94,0.012,2019,Colts,veteran,6,Colts,extension,550
Ashton Jeanty,RB,Raiders,2025,4,35.895812,8.973953,35.895812,0.032,2025,Raiders,rookie,0,Raiders,rookie_deal,551
Asim Rose,RB,Vikings,2021,1,0.1656,0.1656,0.0,0.001,2021,Vikings,rookie,0,Vikings,rookie_deal,552
Asim Rose,RB,LAR/MIN,2022,1,0.705,0.705,0.0,0.003,2021,Vikings,veteran,1,Vikings,new_team_signing,553
Athan Kaliakmanis,QB,Commanders,2026,4,4.544656,1.136164,0.164656,0.004,2026,Commanders,rookie,0,Commanders,rookie_deal,554
Auden Tate,WR,Bengals,2018,1,0.1292,0.1292,0.0,0.001,2018,Bengals,rookie,0,Bengals,rookie_deal,555
Auden Tate,WR,Eagles,2022,1,0.2772,0.2772,0.0,0.001,2018,Bengals,veteran,4,Bengals,new_team_signing,556
Auden Tate,WR,Cardinals,2023,1,1.08,1.08,0.0,0.005,2018,Bengals,veteran,5,Eagles,new_team_signing,557
Audric Estime,RB,Broncos,2024,4,4.359124,1.089781,0.339124,0.004,2024,Broncos,rookie,0,Broncos,rookie_deal,558
Audric Estime,RB,Eagles,2025,1,0.234,0.234,0.0,0.001,2024,Broncos,veteran,1,Broncos,new_team_signing,559
Austin Allen,QB,Buccaneers,2018,3,1.725,0.575,0.05,0.003,2018,Buccaneers,rookie,0,Buccaneers,rookie_deal,560
Austin Allen,TE,Packers,2022,1,0.207,0.207,0.0,0.001,2022,Giants,rookie,0,Packers,rookie_deal,561
Austin Allen,TE,Packers,2023,1,0.216,0.216,0.0,0.001,2022,Giants,veteran,1,Packers,extension,562
Austin Appleby,QB,Cowboys,2017,3,1.665,0.555,0.0,0.003,2017,Cowboys,rookie,0,Cowboys,rookie_deal,563
Austin Aune,QB,Falcons,2023,3,2.695,0.898333,0.0,0.004,2023,Falcons,rookie,0,Falcons,rookie_deal,564
Austin Carr,WR,NE/NO,2017,3,1.6725,0.5575,0.03,0.003,2017,Patriots,rookie,0,NE/NO,rookie_deal,565
Austin Carr,WR,Saints,2020,1,0.204,0.204,0.0,0.001,2017,Patriots,veteran,3,NE/NO,new_team_signing,566
Austin Davis,QB,Rams,2012,3,1.445,0.481667,0.0175,0.004,2012,Rams,rookie,0,Rams,rookie_deal,567
Austin Davis,QB,Dolphins,2013,1,0.102,0.102,0.0,0.001,2012,Rams,veteran,1,Rams,new_team_signing,568
Austin Davis,QB,Rams,2014,1,0.57,0.57,0.0,0.004,2012,Rams,veteran,2,Dolphins,new_team_signing,569
Austin Davis,QB,Browns,2015,1,0.66,0.66,0.0,0.005,2012,Rams,veteran,3,Rams,new_team_signing,570
Austin Davis,QB,Broncos,2016,1,1.25,1.25,0.1,0.008,2012,Rams,veteran,4,Browns,new_team_signing,571
Austin Davis,QB,Seahawks,2017,1,0.855,0.855,0.05,0.005,2012,Rams,veteran,5,Broncos,new_team_signing,572
Austin Davis,QB,Packers,2018,1,0.1292,0.1292,0.0,0.001,2012,Rams,veteran,6,Seahawks,new_team_signing,573
Austin Duke,WR,Panthers,2017,1,0.1224,0.1224,0.0,0.001,2017,Panthers,rookie,0,Panthers,rookie_deal,574
Austin Duke,WR,Panthers,2018,1,0.48,0.48,0.0,0.003,2017,Panthers,veteran,1,Panthers,extension,575
Austin Ekeler,RB,Chargers,2017,3,1.67,0.556667,0.005,0.003,2017,Chargers,rookie,0,Chargers,rookie_deal,576
Austin Ekeler,RB,Chargers,2020,4,24.5,6.125,13.75,0.031,2017,Chargers,veteran,3,Chargers,extension,577
Austin Ekeler,RB,Commanders,2024,2,8.43,4.215,4.21,0.017,2017,Chargers,veteran,7,Chargers,new_team_signing,578
Austin Fort,TE,Broncos,2019,3,1.7585,0.586167,0.0035,0.003,2019,Broncos,rookie,0,Broncos,rookie_deal,579
Austin Fort,TE,Titans,2021,1,0.1656,0.1656,0.0,0.001,2019,Broncos,veteran,2,Broncos,new_team_signing,580
Austin Fort,TE,Titans,2022,2,1.575,0.7875,0.0,0.004,2019,Broncos,veteran,3,Titans,extension,581
Austin Franklin,WR,Rams,2014,4,1.53,0.51,0.0,0.0,2014,Rams,rookie,0,Rams,rookie_deal,582
Austin Hooper,TE,Falcons,2016,4,3.165524,1.055175,0.747524,0.006999999999999999,2016,Falcons,rookie,0,Falcons,rookie_deal,583
Austin Hooper,TE,Browns,2020,4,42.0,10.5,18.5,0.053,2016,Falcons,veteran,4,Falcons,new_team_signing,584
Austin Hooper,TE,Titans,2022,1,6.0,6.0,6.0,0.028999999999999998,2016,Falcons,veteran,6,Browns,new_team_signing,585
Austin Hooper,TE,Raiders,2023,1,2.75,2.75,2.165,0.012,2016,Falcons,veteran,7,Titans,new_team_signing,586
Austin Hooper,TE,Patriots,2024,1,3.0,3.0,2.41,0.012,2016,Falcons,veteran,8,Raiders,new_team_signing,587
Austin Hooper,TE,Patriots,2025,1,5.0,5.0,4.0,0.018000000000000002,2016,Falcons,veteran,9,Patriots,extension,588
Austin Hooper,TE,Falcons,2026,1,3.25,3.25,2.74,0.011000000000000001,2016,Falcons,veteran,10,Patriots,new_team_signing,589
Austin Johnson,RB,Buccaneers,2017,1,0.1224,0.1224,0.0,0.001,2012,Saints,veteran,5,Buccaneers,extension,590
Austin Johnson,RB,Buccaneers,2018,2,1.35,0.000675,0.0,0.0,2012,Saints,veteran,6,Buccaneers,extension,591
Austin Jones,RB,Commanders,2024,3,2.837,0.945667,0.007,0.004,2024,Commanders,rookie,0,Commanders,rookie_deal,592
Austin Mack,WR,Giants,2020,1,0.1428,0.1428,0.0,0.001,2020,Giants,rookie,0,Giants,rookie_deal,593
Austin Mack,WR,Titans,2021,1,0.1656,0.1656,0.0,0.001,2020,Giants,veteran,1,Giants,new_team_signing,594
Austin Mack,WR,49ers,2022,1,0.825,0.825,0.0,0.004,2020,Giants,veteran,2,Titans,new_team_signing,595
Austin Mack,WR,Falcons,2024,2,1.969,0.9845,0.024,0.004,2020,Giants,veteran,4,49ers,new_team_signing,596
Austin Pettis,WR,Rams,2011,4,2.729416,0.682354,0.578276,0.006,2011,Rams,rookie,0,Rams,rookie_deal,597
Austin Pettis,WR,Rams,2014,1,0.95,0.95,0.25,0.006999999999999999,2011,Rams,veteran,3,Rams,extension,598
Austin Pettis,WR,Chargers,2015,1,0.745,0.745,0.0,0.005,2011,Rams,veteran,4,Rams,new_team_signing,599
Austin Proehl,WR,Rams,2018,1,0.1292,0.1292,0.0,0.001,2018,Bills,rookie,0,Rams,rookie_deal,600
Austin Proehl,WR,Rams,2019,2,1.08,0.54,0.0,0.003,2018,Bills,veteran,1,Rams,extension,601
Austin Proehl,WR,Bills,2021,1,0.1656,0.1656,0.0,0.001,2018,Bills,veteran,3,Rams,new_team_signing,602
Austin Proehl,WR,Giants,2022,1,0.705,0.705,0.0,0.003,2018,Bills,veteran,4,Bills,new_team_signing,603
Austin Reed,QB,Bears,2024,1,0.225,0.225,0.0,0.001,2024,Bears,rookie,0,Bears,rookie_deal,604
Austin Reed,QB,Bears,2025,1,0.84,0.84,0.0,0.003,2024,Bears,veteran,1,Bears,extension,605
Austin Roberts,TE,Chargers,2018,3,1.71,0.57,0.0,0.003,2018,Chargers,rookie,0,Chargers,rookie_deal,606
Austin Seferian-Jenkins,TE,NYJ/TB,2014,4,5.254932,1.313733,3.220629,0.01,2014,Buccaneers,rookie,0,NYJ/TB,rookie_deal,607
Austin Seferian-Jenkins,TE,Jaguars,2018,2,10.0,5.0,4.0,0.027999999999999997,2014,Buccaneers,veteran,4,NYJ/TB,new_team_signing,608
Austin Seferian-Jenkins,TE,Patriots,2019,1,0.895,0.895,0.05,0.005,2014,Buccaneers,veteran,5,Jaguars,new_team_signing,609
Austin Stogner,TE,Falcons,2024,3,2.837,0.945667,0.007,0.004,2024,Falcons,rookie,0,Falcons,rookie_deal,610
Austin Trammell,WR,Falcons,2021,1,0.1656,0.1656,0.0,0.001,2021,Falcons,rookie,0,Falcons,rookie_deal,611
Austin Trammell,WR,Rams,2022,1,0.207,0.207,0.0,0.001,2021,Falcons,veteran,1,Falcons,new_team_signing,612
Austin Trammell,WR,Rams,2023,1,0.216,0.216,0.0,0.001,2021,Falcons,veteran,2,Rams,extension,613
Austin Trammell,WR,Jaguars,2024,1,0.225,0.225,0.0,0.001,2021,Falcons,veteran,3,Rams,new_team_signing,614
Austin Trammell,WR,Jaguars,2025,1,0.234,0.234,0.0,0.001,2021,Falcons,veteran,4,Jaguars,extension,615
Austin Trammell,WR,Jaguars,2026,1,1.155,1.155,0.01,0.004,2021,Falcons,veteran,5,Jaguars,extension,616
Austin Traylor,TE,Lions,2019,1,0.136,0.136,0.0,0.001,2016,Cowboys,veteran,3,Broncos,new_team_signing,617
Austin Walter,RB,Giants,2019,1,0.136,0.136,0.0,0.001,2019,49ers,rookie,0,Giants,rookie_deal,618
Austin Walter,RB,49ers,2020,1,0.1428,0.1428,0.0,0.001,2019,49ers,veteran,1,Giants,new_team_signing,619
Austin Walter,RB,Jets,2021,1,0.1656,0.1656,0.0,0.001,2019,49ers,veteran,2,49ers,new_team_signing,620
Austin Walter,RB,Raiders,2022,1,0.207,0.207,0.0,0.001,2019,49ers,veteran,3,Jets,new_team_signing,621
Austin Walter,RB,Raiders,2023,1,0.94,0.94,0.0,0.004,2019,49ers,veteran,4,Raiders,extension,622
Austin Watkins,WR,49ers,2021,1,0.1656,0.1656,0.0,0.001,2021,49ers,rookie,0,49ers,rookie_deal,623
Austin Watkins,WR,Buccaneers,2022,2,1.575,0.7875,0.0,0.004,2021,49ers,veteran,1,49ers,new_team_signing,624
Austin Watkins,WR,Browns,2023,1,0.216,0.216,0.0,0.001,2021,49ers,veteran,2,Buccaneers,new_team_signing,625
Austin Watkins,WR,Eagles,2024,2,1.88,0.94,0.15,0.004,2021,49ers,veteran,3,Browns,new_team_signing,626
Austin Wolf,WR,Cardinals,2018,3,1.71,0.57,0.0,0.003,2018,Cardinals,rookie,0,Cardinals,rookie_deal,627
Avery Davis,WR,Lions,2023,1,0.75,0.75,0.0,0.003,2023,Lions,rookie,0,Lions,rookie_deal,628
Avery Williams,RB,Falcons,2021,4,3.720152,0.930038,0.240152,0.005,2021,Falcons,rookie,0,Falcons,rookie_deal,629
Avery Williams,RB,Jets,2025,1,0.315,0.315,0.0,0.001,2021,Falcons,veteran,4,Falcons,new_team_signing,630
Ayir Asante,WR,Giants,2024,3,2.831,0.943667,0.004,0.004,2024,Giants,rookie,0,Giants,rookie_deal,631
B.J. Coleman,QB,Packers,2012,1,0.0969,0.0969,0.0,0.001,2012,Packers,rookie,0,Packers,rookie_deal,632
B.J. Coleman,QB,Packers,2013,1,0.405,0.405,0.0,0.003,2012,Packers,veteran,1,Packers,extension,633
B.J. Cunningham,WR,Eagles,2012,1,0.0969,0.0969,0.0,0.001,2012,Dolphins,rookie,0,Eagles,rookie_deal,634
B.J. Cunningham,WR,Eagles,2013,1,0.102,0.102,0.0,0.001,2012,Dolphins,veteran,1,Eagles,extension,635
B.J. Cunningham,WR,Bears,2014,1,0.1071,0.1071,0.0,0.001,2012,Dolphins,veteran,2,Eagles,new_team_signing,636
B.J. Daniels,QB,Seahawks,2013,1,0.102,0.102,0.0,0.001,2013,,rookie,0,Seahawks,rookie_deal,637
B.J. Daniels,QB,Seahawks,2014,1,0.17,0.17,0.0,0.001,2013,,veteran,1,Seahawks,extension,638
B.J. Daniels,QB,Seahawks,2015,1,0.1122,0.1122,0.0,0.001,2013,,veteran,2,Seahawks,extension,639
B.J. Daniels,QB,Falcons,2016,1,0.1173,0.1173,0.0,0.001,2013,,veteran,3,Seahawks,new_team_signing,640
B.J. Daniels,QB,Falcons,2017,1,0.615,0.615,0.0,0.004,2013,,veteran,4,Falcons,extension,641
B.J. Johnson,WR,49ers,2017,3,1.665,0.555,0.0,0.003,2017,,rookie,0,49ers,rookie_deal,642
BJ Baylor,RB,Falcons,2022,1,0.207,0.207,0.0,0.001,2022,Packers,rookie,0,Falcons,rookie_deal,643
BJ Baylor,RB,Falcons,2023,1,0.75,0.75,0.0,0.003,2022,Packers,veteran,1,Falcons,extension,644
BJ Emmons,RB,Raiders,2021,1,0.1656,0.1656,0.0,0.001,2021,Seahawks,rookie,0,Raiders,rookie_deal,645
BJ Emmons,RB,Texans,2022,1,0.705,0.705,0.0,0.003,2021,Seahawks,veteran,1,Raiders,new_team_signing,646
Bailey Gaither,WR,Packers,2021,3,2.432,0.810667,0.007,0.004,2021,Packers,rookie,0,Packers,rookie_deal,647
Bailey Gaither,WR,Ravens,2022,1,0.207,0.207,0.0,0.001,2021,Packers,veteran,1,Packers,new_team_signing,648
Bailey Zappe,QB,Patriots,2022,4,4.307072,1.076768,0.647072,0.005,2022,Patriots,rookie,0,Patriots,rookie_deal,649
Bailey Zappe,QB,Patriots,2023,1,0.216,0.216,0.0,0.001,2022,Patriots,veteran,1,Patriots,extension,650
Bailey Zappe,QB,Chiefs,2024,1,0.225,0.225,0.0,0.001,2022,Patriots,veteran,2,Patriots,new_team_signing,651
Bailey Zappe,QB,Browns,2025,1,0.315,0.315,0.0,0.001,2022,Patriots,veteran,3,Chiefs,new_team_signing,652
Bailey Zappe,QB,Jets,2026,1,1.215,1.215,0.0,0.004,2022,Patriots,veteran,4,Browns,new_team_signing,653
Baker Mayfield,QB,Browns,2018,4,32.68298,8.170745,32.68298,0.046,2018,Browns,rookie,0,Browns,rookie_deal,654
Baker Mayfield,QB,LAR/CAR,2022,1,15.358,15.358,15.358,0.07400000000000001,2018,Browns,veteran,4,Browns,new_team_signing,655
Baker Mayfield,QB,Buccaneers,2023,1,4.0,4.0,4.0,0.018000000000000002,2018,Browns,veteran,5,LAR/CAR,new_team_signing,656
Baker Mayfield,QB,Buccaneers,2024,3,100.0,33.333333,40.0,0.131,2018,Browns,veteran,6,Buccaneers,extension,657
Barion Brown,WR,Saints,2026,4,4.674016,1.168504,0.294016,0.004,2026,Saints,rookie,0,Saints,rookie_deal,658
Baron Batch,RB,Steelers,2011,4,2.086512,0.521628,0.046512,0.004,2011,Steelers,rookie,0,Steelers,rookie_deal,659
Baron Batch,RB,Steelers,2012,1,0.0969,0.0969,0.0,0.001,2011,Steelers,veteran,1,Steelers,extension,660
Baron Batch,RB,Steelers,2013,1,0.48,0.48,0.0,0.004,2011,Steelers,veteran,2,Steelers,extension,661
Bart Houston,QB,Steelers,2017,3,1.665,0.555,0.0,0.003,2017,Steelers,rookie,0,Steelers,rookie_deal,662
Bauer Sharp,TE,Buccaneers,2026,4,4.69658,1.174145,0.31658,0.004,2026,Buccaneers,rookie,0,Buccaneers,rookie_deal,663
Baylor Cupp,TE,Chiefs,2024,1,0.225,0.225,0.0,0.001,2024,Chiefs,rookie,0,Chiefs,rookie_deal,664
Baylor Cupp,TE,Chiefs,2025,1,0.84,0.84,0.0,0.003,2024,Chiefs,veteran,1,Chiefs,extension,665
Beau Gardner,TE,Falcons,2015,3,1.575,0.525,0.003,0.004,2015,Falcons,rookie,0,Falcons,rookie_deal,666
Beau Sandland,TE,Cardinals,2018,1,0.48,0.48,0.0,0.003,2016,Panthers,veteran,2,Packers,new_team_signing,667
Beaux Collins,WR,Giants,2025,3,3.001,1.000333,0.27,0.004,2025,Giants,rookie,0,Giants,rookie_deal,668
Behren Morton,QB,Patriots,2026,4,4.529228,1.132307,0.149228,0.004,2026,Patriots,rookie,0,Patriots,rookie_deal,669
Ben Beise,TE,Buccaneers,2022,3,2.564,0.854667,0.004,0.004,2022,Buccaneers,rookie,0,Buccaneers,rookie_deal,670
Ben Braunecker,TE,Bears,2016,2,0.99,0.495,0.0,0.003,2016,Bears,rookie,0,Bears,rookie_deal,671
Ben Braunecker,TE,Bears,2017,1,0.1224,0.1224,0.0,0.001,2016,Bears,veteran,1,Bears,extension,672
Ben Braunecker,TE,Bears,2019,2,2.7,1.35,0.55,0.006999999999999999,2016,Bears,veteran,3,Bears,extension,673
Ben Bryant,QB,Jets,2024,3,2.83,0.943333,0.0,0.004,2024,Jets,rookie,0,Jets,rookie_deal,674
Ben DiNucci,QB,Cowboys,2020,4,3.390148,0.847537,0.095148,0.004,2020,Cowboys,rookie,0,Cowboys,rookie_deal,675
Ben DiNucci,QB,Cowboys,2021,1,0.1656,0.1656,0.0,0.001,2020,Cowboys,veteran,1,Cowboys,extension,676
Ben DiNucci,QB,Cowboys,2022,2,1.765,0.8825,0.0,0.004,2020,Cowboys,veteran,2,Cowboys,extension,677
Ben DiNucci,QB,Broncos,2023,1,0.216,0.216,0.0,0.001,2020,Cowboys,veteran,3,Cowboys,new_team_signing,678
Ben DiNucci,QB,Saints,2024,1,0.225,0.225,0.0,0.001,2020,Cowboys,veteran,4,Broncos,new_team_signing,679
Ben DiNucci,QB,Broncos,2025,1,0.234,0.234,0.0,0.001,2020,Cowboys,veteran,5,Saints,new_team_signing,680
Ben Edwards,WR,Giants,2015,2,0.885,0.4425,0.0,0.003,2015,Giants,rookie,0,Giants,rookie_deal,681
Ben Ellefson,TE,Jaguars,2020,1,0.1428,0.1428,0.0,0.001,2020,Jaguars,rookie,0,Jaguars,rookie_deal,682
Ben Ellefson,TE,Vikings,2023,1,1.01,1.01,0.0,0.004,2020,Jaguars,veteran,3,Jaguars,new_team_signing,683
Ben Hartsock,TE,Panthers,2004,1,0.905,0.905,0.065,0.0,2004,Colts,rookie,0,Panthers,rookie_deal,684
Ben Johnson,TE,Chargers,2018,3,1.712,0.570667,0.002,0.003,2018,Chargers,rookie,0,Chargers,rookie_deal,685
Ben Johnson,TE,Chargers,2019,1,0.495,0.495,0.0,0.003,2018,Chargers,veteran,1,Chargers,extension,686
Ben Koyack,TE,Jaguars,2018,1,0.63,0.63,0.0,0.004,2015,Jaguars,veteran,3,Jaguars,extension,687
Ben Koyack,TE,Jaguars,2019,1,0.72,0.72,0.0,0.004,2015,Jaguars,veteran,4,Jaguars,extension,688
Ben Mason,TE,Chargers,2024,1,0.795,0.795,0.0,0.003,2021,Ravens,veteran,3,Texans,new_team_signing,689
Ben McCord,TE,Lions,2016,3,1.62,0.54,0.0,0.003,2016,Lions,rookie,0,Lions,rookie_deal,690
Ben Patterson,WR,Jaguars,2026,3,3.115,1.038333,0.015,0.003,2026,Jaguars,rookie,0,Jaguars,rookie_deal,691
Ben Roberts,WR,Titans,2016,3,1.62,0.54,0.0,0.003,2016,Titans,rookie,0,Titans,rookie_deal,692
Ben Roethlisberger,QB,Steelers,2004,6,25.2195,4.20325,9.0095,0.052000000000000005,2004,Steelers,rookie,0,Steelers,rookie_deal,693
Ben Roethlisberger,QB,Steelers,2008,6,87.9865,14.664417,33.2,0.126,2004,Steelers,veteran,4,Steelers,extension,694
Ben Roethlisberger,QB,Steelers,2015,4,87.4,21.85,34.25,0.152,2004,Steelers,veteran,11,Steelers,extension,695
Ben Roethlisberger,QB,Steelers,2019,2,68.0,34.0,37.5,0.18100000000000002,2004,Steelers,veteran,15,Steelers,extension,696
Ben Roethlisberger,QB,Steelers,2021,1,14.0,14.0,14.0,0.077,2004,Steelers,veteran,17,Steelers,extension,697
Ben Sims,TE,Vikings,2023,3,2.705,0.901667,0.11,0.004,2023,Vikings,rookie,0,Vikings,rookie_deal,698
Ben Sims,TE,Dolphins,2026,1,1.3325,1.3325,0.1875,0.004,2023,Vikings,veteran,3,Vikings,new_team_signing,699
Ben Sinnott,TE,Commanders,2024,4,7.22795,1.806988,4.597851,0.006999999999999999,2024,Commanders,rookie,0,Commanders,rookie_deal,700
Ben Tate,RB,Steelers,2010,1,0.645,0.645,0.0,0.0,2010,Texans,rookie,0,Steelers,rookie_deal,701
Ben Watson,TE,Patriots,2004,6,7.575,1.2625,2.7,0.016,2004,Patriots,rookie,0,Patriots,rookie_deal,702
Ben Watson,TE,Browns,2010,3,12.0,4.0,6.4,0.031,2004,Patriots,veteran,6,Patriots,new_team_signing,703
Ben Watson,TE,Saints,2013,3,4.95,1.65,1.2,0.013000000000000001,2004,Patriots,veteran,9,Browns,new_team_signing,704
Ben Watson,TE,Ravens,2016,2,7.0,3.5,3.0,0.023,2004,Patriots,veteran,12,Saints,new_team_signing,705
Ben Watson,TE,Ravens,2017,1,1.25,1.25,0.75,0.006999999999999999,2004,Patriots,veteran,13,Ravens,extension,706
Ben Watson,TE,Saints,2018,1,2.0,2.0,0.645,0.011000000000000001,2004,Patriots,veteran,14,Ravens,new_team_signing,707
Ben Watson,TE,Patriots,2019,1,0.8,0.8,0.0,0.004,2004,Patriots,veteran,15,Saints,new_team_signing,708
Ben Wooldridge,QB,Patriots,2025,3,2.971,0.990333,0.015,0.004,2025,Patriots,rookie,0,Patriots,rookie_deal,709
Ben Yurosek,TE,Vikings,2025,3,2.985,0.995,0.254,0.004,2025,Vikings,rookie,0,Vikings,rookie_deal,710
BenJarvus Green-Ellis,RB,Patriots,2008,1,0.0884,0.0884,0.0,0.001,2008,Patriots,rookie,0,Patriots,rookie_deal,711
BenJarvus Green-Ellis,RB,Patriots,2011,1,1.835,1.835,0.0,0.015,2008,Patriots,veteran,3,Patriots,extension,712
BenJarvus Green-Ellis,RB,Bengals,2012,3,9.0,3.0,3.0,0.025,2008,Patriots,veteran,4,Patriots,new_team_signing,713
Benjamin Snell Jr.,RB,Steelers,2019,4,3.222068,0.805517,0.702068,0.004,2019,Steelers,rookie,0,Steelers,rookie_deal,714
Benjamin Snell Jr.,RB,Lions,2023,1,1.08,1.08,0.0,0.005,2019,Steelers,veteran,4,Steelers,new_team_signing,715
Bennett Skowronek,WR,HOU/LAR,2021,4,3.564524,0.891131,0.084524,0.005,2021,Rams,rookie,0,HOU/LAR,rookie_deal,716
Bennett Skowronek,WR,Steelers,2024,1,0.3834,0.3834,0.0,0.002,2021,Rams,veteran,3,HOU/LAR,new_team_signing,717
Bennett Skowronek,WR,Steelers,2025,2,4.5,2.25,1.08,0.008,2021,Rams,veteran,4,Steelers,extension,718
Bennie Fowler,WR,Patriots,2018,1,0.705,0.705,0.0,0.004,2014,Broncos,veteran,4,Broncos,new_team_signing,719
Bennie Fowler,WR,Giants,2019,1,0.805,0.805,0.0,0.004,2014,Broncos,veteran,5,Patriots,new_team_signing,720
Bennie Fowler,WR,Saints,2020,1,0.204,0.204,0.0,0.001,2014,Broncos,veteran,6,Giants,new_team_signing,721
Bennie Fowler,WR,49ers,2021,1,0.99,0.99,0.0,0.005,2014,Broncos,veteran,7,Saints,new_team_signing,722
Benny Cunningham,RB,Bears,2018,1,1.05,1.05,0.15,0.006,2013,Rams,veteran,5,Bears,extension,723
Benny Cunningham,RB,Jaguars,2019,1,0.895,0.895,0.05,0.005,2013,Rams,veteran,6,Bears,new_team_signing,724
Benny LeMay,RB,Browns,2020,1,0.1428,0.1428,0.0,0.001,2020,Browns,rookie,0,Browns,rookie_deal,725
Benny LeMay,RB,Browns,2021,1,0.1656,0.1656,0.0,0.001,2020,Browns,veteran,1,Browns,extension,726
Benson Brown,TE,Rams,2016,3,1.62,0.54,0.0,0.003,2016,Rams,rookie,0,Rams,rookie_deal,727
Bernard Pierce,RB,JAX/BAL,2012,4,2.655944,0.663986,0.555944,0.006,2012,Ravens,rookie,0,JAX/BAL,rookie_deal,728
Bernard Pierce,RB,Jets,2016,1,0.76,0.76,0.0,0.005,2012,Ravens,veteran,4,JAX/BAL,new_team_signing,729
Bernard Pierce,RB,Broncos,2017,1,0.775,0.775,0.0,0.005,2012,Ravens,veteran,5,Jets,new_team_signing,730
Bernard Reedy,WR,Patriots,2017,1,0.255,0.255,0.0,0.002,2014,Falcons,veteran,3,Buccaneers,new_team_signing,731
Bernard Reedy,WR,Cardinals,2018,1,0.1292,0.1292,0.0,0.001,2014,Falcons,veteran,4,Patriots,new_team_signing,732
Bernard Scott,RB,Ravens,2009,1,0.715,0.715,0.0,0.0,2009,Bengals,rookie,0,Ravens,rookie_deal,733
Bernhard Seikovits,TE,Cardinals,2021,1,0.1656,0.1656,0.0,0.001,2021,Cardinals,rookie,0,Cardinals,rookie_deal,734
Bernhard Seikovits,TE,Cardinals,2022,1,0.207,0.207,0.0,0.001,2021,Cardinals,veteran,1,Cardinals,extension,735
Bernhard Seikovits,TE,Cardinals,2023,1,0.216,0.216,0.0,0.001,2021,Cardinals,veteran,2,Cardinals,extension,736
Bernhard Seikovits,TE,Cardinals,2024,1,0.225,0.225,0.0,0.001,2021,Cardinals,veteran,3,Cardinals,extension,737
Bernhard Seikovits,TE,Cardinals,2025,1,0.84,0.84,0.0,0.003,2021,Cardinals,veteran,4,Cardinals,extension,738
Bhayshul Tuten,RB,Jaguars,2025,4,5.31625,1.329063,1.07652,0.005,2025,Jaguars,rookie,0,Jaguars,rookie_deal,739
Bijan Robinson,RB,Falcons,2023,4,21.958544,5.489636,21.958544,0.024,2023,Falcons,rookie,0,Falcons,rookie_deal,740
Bilal Powell,RB,Jets,2011,4,2.4405,0.610125,0.4005,0.005,2011,Jets,rookie,0,Jets,rookie_deal,741
Bilal Powell,RB,Jets,2015,1,2.0,2.0,0.75,0.013999999999999999,2011,Jets,veteran,4,Jets,extension,742
Bilal Powell,RB,Jets,2016,3,11.25,3.75,6.0,0.024,2011,Jets,veteran,5,Jets,extension,743
Bilal Powell,RB,Jets,2019,1,1.02,1.02,0.09,0.005,2011,Jets,veteran,8,Jets,extension,744
Billy Brown,TE,Eagles,2017,1,0.34,0.345,0.0,0.002,2017,Eagles,rookie,0,Eagles,rookie_deal,745
Billy Brown,TE,Eagles,2018,1,0.1292,0.1292,0.0,0.001,2017,Eagles,veteran,1,Eagles,extension,746
Billy Brown,TE,Colts,2019,2,1.08,0.54,0.0,0.003,2017,Eagles,veteran,2,Eagles,new_team_signing,747
Binjimen Victor,WR,Giants,2020,1,0.1428,0.1428,0.0,0.001,2020,Giants,rookie,0,Giants,rookie_deal,748
Binjimen Victor,WR,Ravens,2021,1,0.1656,0.1656,0.0,0.001,2020,Giants,veteran,1,Giants,new_team_signing,749
Binjimen Victor,WR,Ravens,2022,1,0.207,0.207,0.0,0.001,2020,Giants,veteran,2,Ravens,extension,750
Bishop Sankey,RB,Titans,2014,4,3.843496,0.960874,1.709976,0.006999999999999999,2014,Titans,rookie,0,Titans,rookie_deal,751
Bishop Sankey,RB,Patriots,2016,1,0.1173,0.1173,0.0,0.001,2014,Titans,veteran,2,Titans,new_team_signing,752
Bishop Sankey,RB,Vikings,2017,1,0.69,0.69,0.0,0.004,2014,Titans,veteran,3,Patriots,new_team_signing,753
Blaine Gabbert,QB,JAX/SF,2011,4,12.001646,3.000412,12.001646,0.025,2011,Jaguars,rookie,0,JAX/SF,rookie_deal,754
Blaine Gabbert,QB,49ers,2015,2,4.0,2.0,0.5,0.013999999999999999,2011,Jaguars,veteran,4,JAX/SF,new_team_signing,755
Blaine Gabbert,QB,Cardinals,2017,1,0.855,0.855,0.08,0.005,2011,Jaguars,veteran,6,49ers,new_team_signing,756
Blaine Gabbert,QB,Titans,2018,2,4.0,2.0,1.0,0.011000000000000001,2011,Jaguars,veteran,7,Cardinals,new_team_signing,757
Blaine Gabbert,QB,Buccaneers,2019,1,1.6,1.6,0.5,0.009000000000000001,2011,Jaguars,veteran,8,Titans,new_team_signing,758
Blaine Gabbert,QB,Buccaneers,2020,1,1.1875,1.1875,0.8875,0.006,2011,Jaguars,veteran,9,Buccaneers,extension,759
Blaine Gabbert,QB,Buccaneers,2021,1,2.0,2.0,1.5,0.011000000000000001,2011,Jaguars,veteran,10,Buccaneers,extension,760
Blaine Gabbert,QB,Buccaneers,2022,1,2.25,2.25,1.75,0.011000000000000001,2011,Jaguars,veteran,11,Buccaneers,extension,761
Blaine Gabbert,QB,Chiefs,2023,1,1.3175,1.3175,1.0925,0.006,2011,Jaguars,veteran,12,Buccaneers,new_team_signing,762
Blake Bell,TE,SF/MIN,2015,4,2.785132,0.696283,0.505132,0.005,2015,49ers,rookie,0,SF/MIN,rookie_deal,763
Blake Bell,TE,Jaguars,2018,1,0.705,0.705,0.0,0.004,2015,49ers,veteran,3,SF/MIN,new_team_signing,764
Blake Bell,TE,Chiefs,2019,1,0.895,0.895,0.0,0.005,2015,49ers,veteran,4,Jaguars,new_team_signing,765
Blake Bell,TE,Cowboys,2020,1,1.7,1.7,0.45,0.009000000000000001,2015,49ers,veteran,5,Chiefs,new_team_signing,766
Blake Bell,TE,Chiefs,2021,1,1.1275,1.1275,0.8875,0.006,2015,49ers,veteran,6,Cowboys,new_team_signing,767
Blake Bell,TE,Chiefs,2022,1,1.2725,1.2725,1.0475,0.006,2015,49ers,veteran,7,Chiefs,extension,768
Blake Bell,TE,Chiefs,2023,1,1.3175,1.3175,0.0,0.006,2015,49ers,veteran,8,Chiefs,extension,769
Blake Bortles,QB,Jaguars,2014,4,20.654802,5.163701,20.654802,0.039,2014,Jaguars,rookie,0,Jaguars,rookie_deal,770
Blake Bortles,QB,Jaguars,2018,2,34.947,17.4835,26.5,0.099,2014,Jaguars,veteran,4,Jaguars,extension,771
Blake Bortles,QB,Rams,2019,1,1.0,1.0,1.0,0.005,2014,Jaguars,veteran,5,Jaguars,new_team_signing,772
Blake Bortles,QB,Broncos,2020,1,0.204,0.204,0.0,0.001,2014,Jaguars,veteran,6,Rams,new_team_signing,773
Blake Bortles,QB,Saints,2021,1,0.252,0.252,0.0,0.001,2014,Jaguars,veteran,7,Broncos,new_team_signing,774
Blake Bortles,QB,Saints,2022,1,1.12,1.12,0.0,0.005,2014,Jaguars,veteran,8,Saints,extension,775
Blake Corum,RB,Rams,2024,4,5.763762,1.440941,1.011828,0.006,2024,Rams,rookie,0,Rams,rookie_deal,776
Blake Jackson,WR,Browns,2018,1,0.1292,0.1292,0.0,0.001,2018,Browns,rookie,0,Browns,rookie_deal,777
Blake Jarwin,TE,Cowboys,2017,1,0.1224,0.1224,0.0,0.001,2017,Cowboys,rookie,0,Cowboys,rookie_deal,778
Blake Jarwin,TE,Cowboys,2020,4,22.0,5.5,6.25,0.027999999999999997,2017,Cowboys,veteran,3,Cowboys,extension,779
Blake Mack,TE,Chiefs,2018,3,1.71,0.57,0.0,0.003,2018,Chiefs,rookie,0,Chiefs,rookie_deal,780
Blake Proehl,WR,Vikings,2021,3,2.44,0.813333,0.115,0.004,2021,Vikings,rookie,0,Vikings,rookie_deal,781
Blake Proehl,WR,Vikings,2022,1,0.207,0.207,0.0,0.001,2021,Vikings,veteran,1,Vikings,extension,782
Blake Proehl,WR,Vikings,2023,1,0.87,0.87,0.0,0.004,2021,Vikings,veteran,2,Vikings,extension,783
Blake Watson,RB,Broncos,2024,1,0.225,0.225,0.0,0.001,2024,Broncos,rookie,0,Broncos,rookie_deal,784
Blake Watson,RB,Titans,2025,1,0.234,0.234,0.0,0.001,2024,Broncos,veteran,1,Broncos,new_team_signing,785
Blake Watson,RB,Titans,2026,2,2.125,1.0625,0.0,0.004,2024,Broncos,veteran,2,Titans,extension,786
Blake Whiteheart,TE,Cardinals,2023,1,0.216,0.216,0.0,0.001,2023,Cardinals,rookie,0,Cardinals,rookie_deal,787
Blake Whiteheart,TE,Browns,2024,1,0.225,0.225,0.0,0.001,2023,Cardinals,veteran,1,Cardinals,new_team_signing,788
Blake Whiteheart,TE,Browns,2025,1,1.03,1.03,0.0,0.004,2023,Cardinals,veteran,2,Browns,extension,789
Blake Whiteheart,TE,Browns,2026,1,1.145,1.145,0.0,0.004,2023,Cardinals,veteran,3,Browns,extension,790
Blayne Taylor,WR,Colts,2025,3,2.9775,0.9925,0.0625,0.004,2025,Colts,rookie,0,Colts,rookie_deal,791
Bo Melton,WR,Seahawks,2022,1,0.207,0.207,0.0,0.001,2022,Seahawks,rookie,0,Seahawks,rookie_deal,792
Bo Melton,WR,Packers,2023,1,0.216,0.216,0.0,0.001,2022,Seahawks,veteran,1,Seahawks,new_team_signing,793
Bo Melton,WR,Packers,2025,1,1.03,1.03,0.0,0.004,2022,Seahawks,veteran,3,Packers,extension,794
Bo Melton,WR,Packers,2026,1,1.145,1.145,0.0,0.004,2022,Seahawks,veteran,4,Packers,extension,795
Bo Nix,QB,Broncos,2024,4,18.613166,4.653292,18.613166,0.018000000000000002,2024,Broncos,rookie,0,Broncos,rookie_deal,796
Bo Scarbrough,RB,Jaguars,2018,1,0.1292,0.1292,0.0,0.001,2018,Cowboys,rookie,0,Jaguars,rookie_deal,797
Bo Scarbrough,RB,Lions,2019,1,0.136,0.136,0.0,0.001,2018,Cowboys,veteran,1,Jaguars,new_team_signing,798
Bo Scarbrough,RB,Seahawks,2020,1,0.1428,0.1428,0.0,0.001,2018,Cowboys,veteran,2,Lions,new_team_signing,799
Bo Scarbrough,RB,Raiders,2021,1,0.85,0.85,0.0,0.005,2018,Cowboys,veteran,3,Seahawks,new_team_signing,800
Bobby Holly,RB,Chargers,2020,3,2.285,0.761667,0.0,0.004,2020,Chargers,rookie,0,Chargers,rookie_deal,801
Bobby Rainey,RB,Ravens,2017,1,0.775,0.775,0.0,0.005,2012,Ravens,veteran,5,Giants,new_team_signing,802
Bobo Wilson,WR,Buccaneers,2017,1,0.1224,0.1224,0.0,0.001,2017,Buccaneers,rookie,0,Buccaneers,rookie_deal,803
Bobo Wilson,WR,Buccaneers,2018,1,0.1292,0.1292,0.0,0.001,2017,Buccaneers,veteran,1,Buccaneers,extension,804
Bobo Wilson,WR,Panthers,2019,1,0.136,0.136,0.0,0.001,2017,Buccaneers,veteran,2,Buccaneers,new_team_signing,805
Boston Scott,RB,Saints,2018,1,0.3876,0.3876,0.0,0.002,2018,Saints,rookie,0,Saints,rookie_deal,806
Boston Scott,RB,Eagles,2019,1,0.255,0.255,0.0,0.001,2018,Saints,veteran,1,Saints,new_team_signing,807
Boston Scott,RB,Eagles,2021,1,0.92,0.92,0.0,0.005,2018,Saints,veteran,3,Eagles,extension,808
Boston Scott,RB,Eagles,2022,1,1.75,1.75,1.1,0.008,2018,Saints,veteran,4,Eagles,extension,809
Boston Scott,RB,Eagles,2023,1,2.0,2.0,1.08,0.009000000000000001,2018,Saints,veteran,5,Eagles,extension,810
Boston Scott,RB,Steelers,2024,1,0.3834,0.3834,0.0,0.002,2018,Saints,veteran,6,Eagles,new_team_signing,811
Bra'Lon Cherry,WR,Falcons,2017,2,1.02,0.51,0.0,0.003,2017,Titans,rookie,0,Falcons,rookie_deal,812
Brad Kaaya,QB,Lions,2017,1,0.255,0.255,0.0,0.002,2017,Lions,rookie,0,Lions,rookie_deal,813
Brad Smelley,TE,Browns,2012,1,0.0969,0.0969,0.0,0.001,2012,Browns,rookie,0,Browns,rookie_deal,814
Brad Smelley,TE,LAR/HOU,2013,1,0.102,0.102,0.0,0.001,2012,Browns,veteran,1,Browns,new_team_signing,815
Brad Smelley,TE,Rams,2014,1,0.1071,0.1071,0.0,0.001,2012,Browns,veteran,2,LAR/HOU,new_team_signing,816
Brad Smelley,TE,Rams,2015,2,1.11,0.555,0.0,0.004,2012,Browns,veteran,3,Rams,extension,817
Brad Smith,WR,Eagles,2006,1,1.15,1.15,0.45,0.0,2006,Jets,rookie,0,Eagles,rookie_deal,818
Brad Sorensen,QB,Chargers,2013,4,2.2194,0.55485,0.0594,0.005,2013,Chargers,rookie,0,Chargers,rookie_deal,819
Brad Sorensen,QB,Titans,2014,1,0.1071,0.1071,0.0,0.001,2013,Chargers,veteran,1,Chargers,new_team_signing,820
Brad Sorensen,QB,Chargers,2015,1,0.1122,0.1122,0.0,0.001,2013,Chargers,veteran,2,Titans,new_team_signing,821
Brad Sorensen,QB,Vikings,2016,1,0.525,0.525,0.0,0.003,2013,Chargers,veteran,3,Chargers,new_team_signing,822
Bradie Ewing,RB,Falcons,2012,4,2.284192,0.571048,0.184192,0.005,2012,Falcons,rookie,0,Falcons,rookie_deal,823
Bradie Ewing,RB,Jaguars,2014,4,2.284192,0.571048,0.184192,0.004,2012,Falcons,veteran,2,Falcons,new_team_signing,824
Bradley Marquez,WR,Rams,2015,3,1.5815,0.527167,0.0065,0.004,2015,Rams,rookie,0,Rams,rookie_deal,825
Bradley Marquez,WR,Lions,2017,1,0.34,0.34,0.0,0.002,2015,Rams,veteran,2,Rams,new_team_signing,826
Bradley Randle,RB,Vikings,2013,2,0.93,0.465,0.0,0.0,2013,Vikings,rookie,0,Vikings,rookie_deal,827
Bradley Sowell,TE,Bears,2018,2,3.0,1.5,0.85,0.008,2012,Buccaneers,veteran,6,Bears,extension,828
Bradley Sowell,TE,Bears,2019,1,1.45,1.45,0.0,0.008,2012,Buccaneers,veteran,7,Bears,extension,829
Brady Boyd,WR,Jaguars,2026,3,3.11,1.036667,0.01,0.003,2026,Jaguars,rookie,0,Jaguars,rookie_deal,830
Brady Cook,QB,Jets,2025,1,0.234,0.234,0.0,0.001,2025,Jets,rookie,0,Jets,rookie_deal,831
Brady Quinn,QB,Rams,2007,1,0.855,0.855,0.0,0.0,2007,Browns,rookie,0,Rams,rookie_deal,832
Brady Russell,TE,Eagles,2023,1,0.216,0.216,0.0,0.001,2023,Eagles,rookie,0,Eagles,rookie_deal,833
Brady Russell,TE,Seahawks,2024,1,0.915,0.915,0.0,0.004,2023,Eagles,veteran,1,Eagles,new_team_signing,834
Brady Russell,TE,Seahawks,2025,1,1.03,1.03,0.0,0.004,2023,Eagles,veteran,2,Seahawks,extension,835
Brady Russell,TE,Seahawks,2026,2,4.8,2.4,2.145,0.008,2023,Eagles,veteran,3,Seahawks,extension,836
Braedon Bowman,TE,Jets,2016,3,1.62,0.54,0.0,0.003,2016,Jaguars,rookie,0,Jets,rookie_deal,837
Braedon Bowman,TE,Chargers,2017,1,0.1224,0.1224,0.0,0.001,2016,Jaguars,veteran,1,Jets,new_team_signing,838
Braedon Bowman,TE,Chargers,2018,1,0.555,0.555,0.0,0.003,2016,Jaguars,veteran,2,Chargers,extension,839
Braelon Allen,RB,Jets,2024,4,4.548708,1.137177,0.528708,0.004,2024,Jets,rookie,0,Jets,rookie_deal,840
Bralon Addison,WR,Bears,2016,2,0.915,0.4575,0.0,0.003,2016,Broncos,rookie,0,Bears,rookie_deal,841
Bralon Addison,WR,Vikings,2020,2,1.1125,0.55625,0.0025,0.003,2016,Broncos,veteran,4,Bears,new_team_signing,842
Branden Mack,WR,Broncos,2021,3,2.43,0.81,0.005,0.004,2021,Broncos,rookie,0,Broncos,rookie_deal,843
Branden Oliver,RB,Colts,2018,1,0.705,0.705,0.0,0.004,2014,Chargers,veteran,4,Chargers,new_team_signing,844
Brandin Cooks,WR,NO/LAR/NE,2014,4,8.383452,2.095863,7.601853,0.016,2014,Saints,rookie,0,NO/LAR/NE,rookie_deal,845
Brandin Cooks,WR,LAR/HOU,2018,5,81.0,16.2,20.459,0.091,2014,Saints,veteran,4,NO/LAR/NE,new_team_signing,846
Brandin Cooks,WR,Texans,2022,2,39.764706,19.882353,36.0,0.095,2014,Saints,veteran,8,LAR/HOU,new_team_signing,847
Brandin Cooks,WR,Cowboys,2023,2,20.0,10.0,12.0,0.044000000000000004,2014,Saints,veteran,9,Texans,new_team_signing,848
Brandin Cooks,WR,Bills,2025,1,1.255,1.255,0.0,0.004,2014,Saints,veteran,11,Cowboys,new_team_signing,849
Brandon Aiyuk,WR,49ers,2020,4,12.53135,3.132838,12.53135,0.016,2020,49ers,rookie,0,49ers,rookie_deal,850
Brandon Aiyuk,WR,49ers,2024,4,120.0,30.0,45.0,0.11699999999999999,2020,49ers,veteran,4,49ers,extension,851
Brandon Allen,QB,LAR/JAX,2016,4,2.464272,0.616068,0.124272,0.004,2016,Jaguars,rookie,0,LAR/JAX,rookie_deal,852
Brandon Allen,QB,Rams,2018,1,0.1292,0.1292,0.0,0.001,2016,Jaguars,veteran,2,LAR/JAX,new_team_signing,853
Brandon Allen,QB,Rams,2019,1,0.645,0.645,0.0,0.003,2016,Jaguars,veteran,3,Rams,extension,854
Brandon Allen,QB,Bengals,2020,1,0.204,0.204,0.0,0.001,2016,Jaguars,veteran,4,Rams,new_team_signing,855
Brandon Allen,QB,Bengals,2021,1,1.5,1.5,0.3,0.008,2016,Jaguars,veteran,5,Bengals,extension,856
Brandon Allen,QB,Bengals,2022,1,1.2,1.2,0.0,0.006,2016,Jaguars,veteran,6,Bengals,extension,857
Brandon Allen,QB,49ers,2023,1,1.2325,1.2325,0.2,0.005,2016,Jaguars,veteran,7,Bengals,new_team_signing,858
Brandon Allen,QB,49ers,2024,1,2.02,2.02,0.7,0.008,2016,Jaguars,veteran,8,49ers,extension,859
Brandon Allen,QB,Titans,2025,1,1.4225,1.4225,1.0,0.005,2016,Jaguars,veteran,9,49ers,new_team_signing,860
Brandon Allen,QB,Giants,2026,1,1.45,1.45,0.25,0.005,2016,Jaguars,veteran,10,Titans,new_team_signing,861
Brandon Barnes,TE,Lions,2017,1,0.17,0.17,0.0,0.001,2017,Lions,rookie,0,Lions,rookie_deal,862
Brandon Barnes,TE,Lions,2018,1,0.48,0.48,0.0,0.003,2017,Lions,veteran,1,Lions,extension,863
Brandon Barnes,TE,Raiders,2019,1,0.495,0.495,0.0,0.003,2017,Lions,veteran,2,Lions,new_team_signing,864
Brandon Bolden,RB,Dolphins,2018,1,0.85,0.85,0.0,0.005,2012,Patriots,veteran,6,Patriots,new_team_signing,865
Brandon Bolden,RB,Patriots,2019,2,3.7,1.85,2.0,0.01,2012,Patriots,veteran,7,Dolphins,new_team_signing,866
Brandon Bolden,RB,Raiders,2022,2,5.01,2.505,2.375,0.012,2012,Patriots,veteran,10,Patriots,new_team_signing,867
Brandon Burks,RB,Jets,2016,3,1.47,0.49,0.0,0.003,2016,Packers,rookie,0,Jets,rookie_deal,868
Brandon Carswell,WR,49ers,2012,2,0.9,0.45,0.0,0.0,2012,Raiders,rookie,0,49ers,rookie_deal,869
Brandon Coleman,WR,Saints,2018,1,1.0,1.0,0.1,0.006,2014,Saints,veteran,4,Saints,extension,870
Brandon Dillon,TE,Vikings,2019,1,0.17,0.17,0.0,0.001,2019,Vikings,rookie,0,Vikings,rookie_deal,871
Brandon Dillon,TE,Vikings,2020,1,0.170282,0.170282,0.0,0.001,2019,Vikings,veteran,1,Vikings,extension,872
Brandon Dillon,TE,Jets,2021,1,0.1656,0.1656,0.0,0.001,2019,Vikings,veteran,2,Vikings,new_team_signing,873
Brandon Dillon,TE,Saints,2022,1,0.825,0.825,0.0,0.004,2019,Vikings,veteran,3,Jets,new_team_signing,874
Brandon Dillon,TE,Commanders,2023,1,0.87,0.87,0.0,0.004,2019,Vikings,veteran,4,Saints,new_team_signing,875
Brandon Doughty,QB,ARI/MIA,2018,2,1.05,0.525,0.0,0.003,2016,Dolphins,veteran,2,Dolphins,new_team_signing,876
Brandon Frazier,TE,Falcons,2026,3,3.115,1.038333,0.015,0.003,2026,Falcons,rookie,0,Falcons,rookie_deal,877
Brandon Gibson,WR,LAR/PHI,2009,4,1.85,0.4625,0.1,0.004,2009,Eagles,rookie,0,LAR/PHI,rookie_deal,878
Brandon Gibson,WR,Dolphins,2013,3,9.78,3.26,3.75,0.027000000000000003,2009,Eagles,veteran,4,LAR/PHI,new_team_signing,879
Brandon Gibson,WR,Patriots,2015,1,0.825,0.825,0.04,0.006,2009,Eagles,veteran,6,Dolphins,new_team_signing,880
Brandon Hayes,WR,Eagles,2026,3,3.1,1.033333,0.0,0.003,2026,Eagles,rookie,0,Eagles,rookie_deal,881
Brandon Jacobs,RB,Giants,2005,1,0.84,0.84,0.0,0.0,2005,Giants,rookie,0,Giants,rookie_deal,882
Brandon Johnson,WR,Broncos,2022,1,0.207,0.207,0.0,0.001,2022,Broncos,rookie,0,Broncos,rookie_deal,883
Brandon Johnson,WR,Steelers,2024,1,0.225,0.225,0.0,0.001,2022,Broncos,veteran,2,Broncos,new_team_signing,884
Brandon Johnson,WR,Steelers,2025,1,0.234,0.234,0.0,0.001,2022,Broncos,veteran,3,Steelers,extension,885
Brandon Johnson,WR,Raiders,2026,1,1.145,1.145,0.0,0.004,2022,Broncos,veteran,4,Steelers,new_team_signing,886
Brandon Kaufman,WR,Bills,2013,2,0.93,0.465,0.0,0.0,2013,Bills,rookie,0,Bills,rookie_deal,887
Brandon LaFell,WR,Panthers,2010,4,2.6534,0.66335,0.8184,0.005,2010,Panthers,rookie,0,Panthers,rookie_deal,888
Brandon LaFell,WR,Patriots,2014,3,9.3,3.1,3.0,0.023,2010,Panthers,veteran,4,Panthers,new_team_signing,889
Brandon LaFell,WR,Bengals,2016,1,2.5,2.5,1.0,0.016,2010,Panthers,veteran,6,Patriots,new_team_signing,890
Brandon LaFell,WR,Bengals,2017,2,9.0,4.5,3.3,0.027000000000000003,2010,Panthers,veteran,7,Bengals,extension,891
Brandon LaFell,WR,Raiders,2018,1,1.75,1.75,0.835,0.01,2010,Panthers,veteran,8,Bengals,new_team_signing,892
Brandon Lewis,WR,Titans,2022,3,2.56,0.853333,0.0,0.004,2022,Titans,rookie,0,Titans,rookie_deal,893
Brandon Lloyd,WR,49ers,2003,1,1.005,1.005,0.0,0.0,2003,,rookie,0,49ers,rookie_deal,894
Brandon Marshall,WR,Broncos,2006,4,2.03,0.5075,0.42,0.005,2006,Broncos,rookie,0,Broncos,rookie_deal,895
Brandon Marshall,WR,Broncos,2010,1,2.521,2.521,0.0,0.02,2006,Broncos,veteran,4,Broncos,extension,896
Brandon Marshall,WR,Jaguars,2012,4,2.3005,0.575125,0.2005,0.005,2012,Jaguars,rookie,0,Jaguars,rookie_deal,897
Brandon Marshall,WR,Bears,2014,3,30.0,10.0,14.8,0.075,2006,Broncos,veteran,8,Jaguars,new_team_signing,898
Brandon Marshall,WR,Jets,2015,3,26.0,8.666667,9.0,0.06,2006,Broncos,veteran,9,Bears,new_team_signing,899
Brandon Marshall,WR,Giants,2017,2,11.0,5.5,5.0,0.033,2006,Broncos,veteran,11,Jets,new_team_signing,900
Brandon Marshall,WR,Saints,2018,1,1.015,1.015,0.0,0.006,2006,Broncos,veteran,12,Giants,new_team_signing,901
Brandon Myers,TE,Raiders,2009,4,1.841,0.46025,0.091,0.004,2009,Raiders,rookie,0,Raiders,rookie_deal,902
Brandon Myers,TE,Giants,2013,1,2.25,2.25,1.5,0.018000000000000002,2009,Raiders,veteran,4,Raiders,new_team_signing,903
Brandon Myers,TE,Buccaneers,2014,2,3.25,1.625,0.5,0.012,2009,Raiders,veteran,5,Giants,new_team_signing,904
Brandon Peters,QB,Chargers,2022,3,2.567,0.855667,0.007,0.004,2022,Chargers,rookie,0,Chargers,rookie_deal,905
Brandon Pettigrew,TE,Lions,2009,5,12.0,2.4,9.3965,0.02,2009,Lions,rookie,0,Lions,rookie_deal,906
Brandon Pettigrew,TE,Lions,2014,4,16.0,4.0,5.2,0.03,2009,Lions,veteran,5,Lions,extension,907
Brandon Polk,WR,Rams,2020,3,2.29,0.763333,0.005,0.004,2020,Rams,rookie,0,Rams,rookie_deal,908
Brandon Powell,WR,Lions,2018,3,0.1722,0.574,0.044,0.003,2018,Lions,rookie,0,Lions,rookie_deal,909
Brandon Powell,WR,Falcons,2019,1,0.136,0.136,0.0,0.001,2018,Lions,veteran,1,Lions,new_team_signing,910
Brandon Powell,WR,Dolphins,2021,1,0.252,0.252,0.0,0.001,2018,Lions,veteran,3,Falcons,new_team_signing,911
Brandon Powell,WR,Rams,2022,1,1.035,1.035,0.0,0.005,2018,Lions,veteran,4,Dolphins,new_team_signing,912
Brandon Powell,WR,Vikings,2023,1,1.2325,1.2325,0.275,0.005,2018,Lions,veteran,5,Rams,new_team_signing,913
Brandon Powell,WR,Vikings,2024,1,2.0,2.0,0.625,0.008,2018,Lions,veteran,6,Vikings,extension,914
Brandon Radcliff,RB,Dolphins,2017,1,0.1224,0.1224,0.0,0.001,2017,Colts,rookie,0,Dolphins,rookie_deal,915
Brandon Radcliff,RB,Dolphins,2018,2,1.05,0.525,0.0,0.003,2017,Colts,veteran,1,Dolphins,extension,916
Brandon Reilly,WR,Bills,2017,1,0.1224,0.1224,0.0,0.001,2017,Bills,rookie,0,Bills,rookie_deal,917
Brandon Reilly,WR,Lions,2018,1,0.1292,0.1292,0.0,0.001,2017,Bills,veteran,1,Bills,new_team_signing,918
Brandon Reilly,WR,Lions,2019,1,0.57,0.57,0.0,0.003,2017,Bills,veteran,2,Lions,extension,919
Brandon Ross,RB,Packers,2016,1,0.45,0.45,0.0,0.003,2016,Vikings,rookie,0,Packers,rookie_deal,920
Brandon Saine,RB,Packers,2011,3,0.0,0.0,0.0,0.0,2011,Packers,rookie,0,Packers,rookie_deal,921
Brandon Silvers,QB,Jets,2019,3,1.755,0.585,0.0,0.003,2019,Jets,rookie,0,Jets,rookie_deal,922
Brandon Smith,WR,Cowboys,2021,1,0.1656,0.1656,0.0,0.001,2021,Cowboys,rookie,0,Cowboys,rookie_deal,923
Brandon Smith,WR,Cowboys,2022,1,0.207,0.207,0.0,0.001,2021,Cowboys,veteran,1,Cowboys,extension,924
Brandon Smith,WR,Cardinals,2023,1,0.75,0.75,0.0,0.003,2021,Cowboys,veteran,2,Cowboys,new_team_signing,925
Brandon Smith,WR,Jets,2024,1,0.225,0.225,0.0,0.001,2021,Cowboys,veteran,3,Cardinals,new_team_signing,926
Brandon Smith,WR,Patriots,2025,1,0.234,0.234,0.0,0.001,2021,Cowboys,veteran,4,Jets,new_team_signing,927
Brandon Smith,WR,Steelers,2026,1,0.885,0.885,0.0,0.003,2021,Cowboys,veteran,5,Patriots,new_team_signing,928
Brandon Tate,WR,Saints,2018,1,0.915,0.915,0.0,0.005,2009,Patriots,veteran,9,Bills,new_team_signing,929
Brandon Washington,WR,Rams,2015,1,0.585,0.585,0.0,0.004,2012,Eagles,veteran,3,Rams,extension,930
Brandon Weeden,QB,Browns,2012,4,8.083596,2.020899,7.511288,0.017,2012,Browns,rookie,0,Browns,rookie_deal,931
Brandon Weeden,QB,DAL/HOU,2014,2,1.23,0.615,0.0,0.005,2012,Browns,veteran,2,Browns,new_team_signing,932
Brandon Weeden,QB,Texans,2016,2,4.0,2.0,0.45,0.013000000000000001,2012,Browns,veteran,4,DAL/HOU,new_team_signing,933
Brandon Weeden,QB,Titans,2017,1,1.0,1.0,0.0,0.006,2012,Browns,veteran,5,Texans,new_team_signing,934
Brandon Weeden,QB,Texans,2018,1,0.79,0.79,0.0,0.004,2012,Browns,veteran,6,Titans,new_team_signing,935
Brandon Wilds,RB,Jets,2016,1,0.153,0.153,0.0,0.001,2016,Falcons,rookie,0,Jets,rookie_deal,936
Brandon Wilds,RB,Jaguars,2017,1,0.1224,0.1224,0.0,0.001,2016,Falcons,veteran,1,Jets,new_team_signing,937
Brandon Wilds,RB,Cardinals,2018,1,0.1292,0.1292,0.0,0.001,2016,Falcons,veteran,2,Jaguars,new_team_signing,938
Brandon Wilds,RB,Cardinals,2019,1,0.645,0.645,0.0,0.003,2016,Falcons,veteran,3,Cardinals,extension,939
Brandon Zylstra,WR,Panthers,2021,1,0.92,0.92,0.0,0.005,2016,Vikings,veteran,5,Panthers,extension,940
Brandon Zylstra,WR,Lions,2022,1,0.2772,0.2772,0.0,0.001,2016,Vikings,veteran,6,Panthers,new_team_signing,941
Brashard Smith,RB,Chiefs,2025,4,4.333476,1.083369,0.133476,0.004,2025,Chiefs,rookie,0,Chiefs,rookie_deal,942
Braxton Berrios,WR,NYJ/NE,2018,4,2.578408,0.644602,0.118408,0.004,2018,Patriots,rookie,0,NYJ/NE,rookie_deal,943
Braxton Berrios,WR,Jets,2022,2,12.0,6.0,7.0,0.028999999999999998,2018,Patriots,veteran,4,NYJ/NE,new_team_signing,944
Braxton Berrios,WR,Dolphins,2023,1,3.5,3.5,3.0,0.016,2018,Patriots,veteran,5,Jets,new_team_signing,945
Braxton Berrios,WR,Dolphins,2024,1,2.15,2.15,1.2,0.008,2018,Patriots,veteran,6,Dolphins,extension,946
Braxton Berrios,WR,Texans,2025,1,1.8,1.8,0.3,0.006,2018,Patriots,veteran,7,Dolphins,new_team_signing,947
Braxton Berrios,WR,Giants,2026,1,1.3,1.3,0.0,0.004,2018,Patriots,veteran,8,Texans,new_team_signing,948
Braxton Burmeister,QB,Rams,2023,3,2.695,0.898333,0.0,0.004,2023,Rams,rookie,0,Rams,rookie_deal,949
Braxton Deaver,TE,Panthers,2016,3,1.62,0.54,0.0,0.003,2016,Panthers,rookie,0,Panthers,rookie_deal,950
Braxton Miller,WR,Texans,2016,4,3.114104,0.778526,0.709104,0.005,2016,Texans,rookie,0,Texans,rookie_deal,951
Braxton Miller,WR,Eagles,2018,1,0.1292,0.1292,0.0,0.001,2016,Texans,veteran,2,Texans,new_team_signing,952
Braxton Miller,WR,Panthers,2019,1,0.136,0.136,0.0,0.001,2016,Texans,veteran,3,Eagles,new_team_signing,953
Braxton Westfield,WR,Colts,2023,3,2.705,0.901666,0.055,0.004,2023,Colts,rookie,0,Colts,rookie_deal,954
Brayden Lenius,WR,Falcons,2022,3,2.5675,0.855833,0.06,0.004,2022,Falcons,rookie,0,Falcons,rookie_deal,955
Brayden Willis,TE,49ers,2023,4,3.9199,0.979975,0.0799,0.004,2023,49ers,rookie,0,49ers,rookie_deal,956
Brayden Willis,TE,49ers,2024,1,0.225,0.225,0.0,0.001,2023,49ers,veteran,1,49ers,extension,957
Brayden Willis,TE,49ers,2025,1,0.234,0.234,0.0,0.001,2023,49ers,veteran,2,49ers,extension,958
Braydon Johnson,WR,Bills,2023,3,2.71,0.903333,0.015,0.004,2023,Bills,rookie,0,Bills,rookie_deal,959
Braylon Heard,RB,Steelers,2015,3,1.575,0.525,0.0,0.004,2015,Steelers,rookie,0,Steelers,rookie_deal,960
Braylon Sanders,WR,Dolphins,2022,1,0.207,0.207,0.0,0.001,2022,Dolphins,rookie,0,Dolphins,rookie_deal,961
Braylon Sanders,WR,Dolphins,2023,1,0.216,0.216,0.0,0.001,2022,Dolphins,veteran,1,Dolphins,extension,962
Braylon Sanders,WR,Patriots,2024,1,0.225,0.225,0.0,0.001,2022,Dolphins,veteran,2,Dolphins,new_team_signing,963
Braylon Sanders,WR,Commanders,2025,1,0.96,0.96,0.0,0.003,2022,Dolphins,veteran,3,Patriots,new_team_signing,964
Breece Hall,RB,Jets,2022,4,9.014768,2.253692,7.080482,0.011000000000000001,2022,Jets,rookie,0,Jets,rookie_deal,965
Breece Hall,RB,Jets,2026,1,14.293,14.293,0.0,0.047,2022,Jets,veteran,4,Jets,extension,966
Brelan Chancellor,WR,Chargers,2014,4,1.53,0.51,0.0,0.0,2014,Chargers,rookie,0,Chargers,rookie_deal,967
Brenden Bates,TE,Jets,2024,1,0.225,0.225,0.0,0.001,2024,Bears,rookie,0,Jets,rookie_deal,968
Brenden Bates,TE,Browns,2025,1,0.234,0.234,0.0,0.001,2024,Bears,veteran,1,Jets,new_team_signing,969
Brenden Bates,TE,Browns,2026,1,1.075,1.075,0.0,0.004,2024,Bears,veteran,2,Browns,extension,970
Brenden Knox,RB,Cowboys,2021,3,2.43,0.81,0.055,0.004,2021,Cowboys,rookie,0,Cowboys,rookie_deal,971
Brenden Knox,RB,Chiefs,2022,1,0.705,0.705,0.0,0.003,2021,Cowboys,veteran,1,Cowboys,new_team_signing,972
Brenden Rice,WR,Chargers,2024,4,4.134592,1.033648,0.114592,0.004,2024,Chargers,rookie,0,Chargers,rookie_deal,973
Brenden Rice,WR,Patriots,2025,1,0.234,0.234,0.0,0.001,2024,Chargers,veteran,1,Chargers,new_team_signing,974
Brenden Rice,WR,Raiders,2026,1,1.005,1.005,0.0,0.003,2024,Chargers,veteran,2,Patriots,new_team_signing,975
Brendon Kay,QB,Steelers,2014,4,1.53,0.51,0.0,0.0,2014,Steelers,rookie,0,Steelers,rookie_deal,976
Brenen Thompson,WR,Chargers,2026,4,5.632136,1.408034,0.0,0.005,2026,Chargers,rookie,0,Chargers,rookie_deal,977
Brennan Clay,RB,Broncos,2014,4,1.53,0.51,0.0,0.0,2014,Broncos,rookie,0,Broncos,rookie_deal,978
Brennan Eagles,WR,Cowboys,2021,3,2.43,0.81,0.055,0.004,2021,Cowboys,rookie,0,Cowboys,rookie_deal,979
Brennan Presley,WR,Rams,2025,1,0.234,0.234,0.0,0.001,2025,Rams,rookie,0,Rams,rookie_deal,980
Brennan Presley,WR,Rams,2026,2,1.935,0.9675,0.0,0.003,2025,Rams,veteran,1,Rams,extension,981
Brent Celek,TE,Eagles,2007,4,1.82718,0.456795,0.16218,0.004,2007,Eagles,rookie,0,Eagles,rookie_deal,982
Brent Celek,TE,Eagles,2009,6,29.25,4.875,10.824706,0.04,2007,Eagles,veteran,2,Eagles,extension,983
Brent Celek,TE,Eagles,2016,3,12.0,4.0,5.0,0.026000000000000002,2007,Eagles,veteran,9,Eagles,extension,984
Brent Celek,TE,Eagles,2017,2,7.0,3.5,2.0,0.021,2007,Eagles,veteran,10,Eagles,extension,985
Brenton Strange,TE,Jaguars,2023,4,6.114342,1.528586,3.224717,0.006999999999999999,2023,Jaguars,rookie,0,Jaguars,rookie_deal,986
Breshad Perriman,WR,Ravens,2015,4,8.70533,2.176333,7.083239,0.015,2015,Ravens,rookie,0,Ravens,rookie_deal,987
Breshad Perriman,WR,Browns,2018,1,0.705,0.705,0.0,0.004,2015,Ravens,veteran,3,Ravens,new_team_signing,988
Breshad Perriman,WR,Buccaneers,2019,1,4.0,4.0,4.0,0.021,2015,Ravens,veteran,4,Browns,new_team_signing,989
Breshad Perriman,WR,Jets,2020,1,6.5,6.5,6.0,0.033,2015,Ravens,veteran,5,Buccaneers,new_team_signing,990
Breshad Perriman,WR,Buccaneers,2021,1,0.252,0.252,0.0,0.001,2015,Ravens,veteran,6,Jets,new_team_signing,991
Breshad Perriman,WR,Buccaneers,2022,1,1.2725,1.2725,0.895,0.006,2015,Ravens,veteran,7,Buccaneers,extension,992
Breshad Perriman,WR,Colts,2023,1,1.165,1.165,0.0,0.005,2015,Ravens,veteran,8,Buccaneers,new_team_signing,993
Brett Brackett,TE,Titans,2011,1,0.42,0.42,0.0,0.0,2011,Dolphins,rookie,0,Titans,rookie_deal,994
Brett Gabbert,QB,Dolphins,2025,1,0.84,0.84,0.0,0.003,2025,Dolphins,rookie,0,Dolphins,rookie_deal,995
Brett Hundley,QB,SEA/GB,2015,4,2.503632,0.625908,0.223632,0.004,2015,Packers,rookie,0,SEA/GB,rookie_deal,996
Brett Hundley,QB,Cardinals,2019,1,1.875,1.875,0.75,0.01,2015,Packers,veteran,4,SEA/GB,new_team_signing,997
Brett Hundley,QB,Cardinals,2020,1,1.0475,1.0475,0.8875,0.005,2015,Packers,veteran,5,Cardinals,extension,998
Brett Hundley,QB,Colts,2021,1,0.252,0.252,0.0,0.001,2015,Packers,veteran,6,Cardinals,new_team_signing,999
Brett Hundley,QB,Ravens,2022,1,0.2772,0.2772,0.0,0.001,2015,Packers,veteran,7,Colts,new_team_signing,1000
Brett Rypien,QB,Broncos,2019,1,0.34,0.34,0.0,0.002,2019,Broncos,rookie,0,Broncos,rookie_deal,1001
Brett Rypien,QB,Broncos,2020,1,0.1428,0.1428,0.0,0.001,2019,Broncos,veteran,1,Broncos,extension,1002
Brett Rypien,QB,Broncos,2021,1,0.1656,0.1656,0.0,0.001,2019,Broncos,veteran,2,Broncos,extension,1003
Brett Rypien,QB,Broncos,2022,1,0.965,0.965,0.0,0.005,2019,Broncos,veteran,3,Broncos,extension,1004
Brett Rypien,QB,Seahawks,2023,1,0.3708,0.3708,0.0,0.002,2019,Broncos,veteran,4,Broncos,new_team_signing,1005
Brett Rypien,QB,Vikings,2024,1,0.3024,0.3024,0.0,0.001,2019,Broncos,veteran,5,Seahawks,new_team_signing,1006
Brett Rypien,QB,Colts,2025,1,0.315,0.315,0.0,0.001,2019,Broncos,veteran,6,Vikings,new_team_signing,1007
Brett Smith,QB,Buccaneers,2014,4,1.53,0.51,0.0,0.0,2014,Buccaneers,rookie,0,Buccaneers,rookie_deal,1008
Brevin Easton,WR,Jaguars,2024,3,2.835,0.945,0.03,0.004,2024,Jaguars,rookie,0,Jaguars,rookie_deal,1009
Brevin Jordan,TE,Texans,2021,4,3.832184,0.958046,0.325184,0.005,2021,Texans,rookie,0,Texans,rookie_deal,1010
Brevin Jordan,TE,Texans,2024,1,2.1,2.1,0.85,0.008,2021,Texans,veteran,3,Texans,extension,1011
Brevin Jordan,TE,Texans,2025,1,1.72,1.72,0.2,0.006,2021,Texans,veteran,4,Texans,extension,1012
Brevyn Spann-Ford,TE,Cowboys,2024,3,2.85,0.95,0.245,0.004,2024,Cowboys,rookie,0,Cowboys,rookie_deal,1013
Brian Brown,WR,Cowboys,2017,1,0.1224,0.1224,0.0,0.001,2017,Cowboys,rookie,0,Cowboys,rookie_deal,1014
Brian Brown,WR,Lions,2018,1,0.1292,0.1292,0.0,0.001,2017,Cowboys,veteran,1,Cowboys,new_team_signing,1015
Brian Burt,WR,Raiders,2019,3,1.755,0.585,0.0,0.003,2019,Raiders,rookie,0,Raiders,rookie_deal,1016
Brian Cobbs,WR,Cardinals,2023,3,2.695,0.898333,0.0,0.004,2023,Cardinals,rookie,0,Cardinals,rookie_deal,1017
Brian Hartline,WR,Dolphins,2009,4,2.254975,0.563744,0.504975,0.005,2009,Dolphins,rookie,0,Dolphins,rookie_deal,1018
Brian Hartline,WR,Dolphins,2013,5,30.775,6.155,12.5,0.05,2009,Dolphins,veteran,4,Dolphins,extension,1019
Brian Hartline,WR,Browns,2015,2,6.0,3.0,3.0,0.021,2009,Dolphins,veteran,6,Dolphins,new_team_signing,1020
Brian Herrien,RB,Browns,2020,3,2.29,0.763333,0.04,0.004,2020,Browns,rookie,0,Browns,rookie_deal,1021
Brian Hill,RB,Falcons,2017,1,0.1224,0.1224,0.0,0.001,2017,Falcons,rookie,0,Falcons,rookie_deal,1022
Brian Hill,RB,Falcons,2018,1,0.1292,0.1292,0.0,0.001,2017,Falcons,veteran,1,Falcons,extension,1023
Brian Hill,RB,Falcons,2020,1,2.133,2.133,0.0,0.011000000000000001,2017,Falcons,veteran,3,Falcons,extension,1024
Brian Hill,RB,Browns,2021,1,0.252,0.252,0.0,0.001,2017,Falcons,veteran,4,Falcons,new_team_signing,1025
Brian Hill,RB,49ers,2023,1,0.3708,0.3708,0.0,0.002,2017,Falcons,veteran,6,Browns,new_team_signing,1026
Brian Hoyer,QB,Patriots,2009,3,1.1975,0.399167,0.0125,0.003,2009,Patriots,rookie,0,Patriots,rookie_deal,1027
Brian Hoyer,QB,PIT/ARI,2012,1,0.615,0.615,0.0,0.005,2009,Patriots,veteran,3,Patriots,new_team_signing,1028
Brian Hoyer,QB,Browns,2013,2,1.965,0.9825,0.25,0.008,2009,Patriots,veteran,4,PIT/ARI,new_team_signing,1029
Brian Hoyer,QB,Texans,2015,2,10.5,5.25,4.75,0.037000000000000005,2009,Patriots,veteran,6,Browns,new_team_signing,1030
Brian Hoyer,QB,Bears,2016,1,2.0,2.0,0.75,0.013000000000000001,2009,Patriots,veteran,7,Texans,new_team_signing,1031
Brian Hoyer,QB,Patriots,2017,3,4.815,1.605,1.51,0.01,2009,Patriots,veteran,8,Bears,new_team_signing,1032
Brian Hoyer,QB,Colts,2019,3,12.0,4.0,7.0,0.021,2009,Patriots,veteran,10,Patriots,new_team_signing,1033
Brian Hoyer,QB,Patriots,2020,1,1.05,1.05,0.0,0.005,2009,Patriots,veteran,11,Colts,new_team_signing,1034
Brian Hoyer,QB,Patriots,2021,1,0.252,0.252,0.0,0.001,2009,Patriots,veteran,12,Patriots,extension,1035
Brian Hoyer,QB,Patriots,2022,2,4.0,2.0,3.0,0.01,2009,Patriots,veteran,13,Patriots,extension,1036
Brian Hoyer,QB,Raiders,2023,2,4.5,2.25,4.205,0.01,2009,Patriots,veteran,14,Patriots,new_team_signing,1037
Brian Leonard,RB,Saints,2007,1,0.855,0.855,0.0,0.0,2007,Rams,rookie,0,Saints,rookie_deal,1038
Brian Lewerke,QB,Patriots,2020,1,0.61,0.61,0.0,0.003,2020,Patriots,rookie,0,Patriots,rookie_deal,1039
Brian Lewerke,QB,Giants,2021,1,0.1656,0.1656,0.0,0.001,2020,Patriots,veteran,1,Patriots,new_team_signing,1040
Brian Lewerke,QB,Giants,2022,1,0.7135,0.7135,0.0085,0.003,2020,Patriots,veteran,2,Giants,extension,1041
Brian Parker,TE,Broncos,2018,1,0.1292,0.1292,0.0,0.001,2015,Chargers,veteran,3,Broncos,extension,1042
Brian Parker,TE,Saints,2019,1,0.72,0.72,0.0,0.004,2015,Chargers,veteran,4,Broncos,new_team_signing,1043
Brian Quick,WR,Rams,2012,4,5.386599,1.34665,3.822373,0.011000000000000001,2012,Rams,rookie,0,Rams,rookie_deal,1044
Brian Quick,WR,Rams,2016,1,1.75,1.75,1.5,0.011000000000000001,2012,Rams,veteran,4,Rams,extension,1045
Brian Quick,WR,Commanders,2017,1,0.855,0.855,0.08,0.005,2012,Rams,veteran,5,Rams,new_team_signing,1046
Brian Quick,WR,Commanders,2018,1,0.79,0.79,0.0,0.004,2012,Rams,veteran,6,Commanders,extension,1047
Brian Quick,WR,Commanders,2019,1,0.93,0.93,0.0,0.005,2012,Rams,veteran,7,Commanders,extension,1048
Brian Riley,WR,Colts,2017,3,1.665,0.555,0.0,0.003,2017,Colts,rookie,0,Colts,rookie_deal,1049
Brian Robinson Jr.,RB,WAS/SF,2022,4,5.044904,1.261226,0.84902,0.006,2022,Commanders,rookie,0,WAS/SF,rookie_deal,1050
Brian Robinson Jr.,RB,Falcons,2026,1,2.5,2.5,0.775,0.008,2022,Commanders,veteran,4,WAS/SF,new_team_signing,1051
Brian Robiskie,WR,Titans,2009,1,0.73,0.73,0.0,0.0,2009,Browns,rookie,0,Titans,rookie_deal,1052
Brian Thomas Jr.,WR,Jaguars,2024,4,14.659978,3.664995,14.659978,0.013999999999999999,2024,Jaguars,rookie,0,Jaguars,rookie_deal,1053
Brian Walker,TE,Ravens,2023,3,2.696,0.898667,0.001,0.004,2023,Ravens,rookie,0,Ravens,rookie_deal,1054
Brian Wozniak,TE,Falcons,2014,4,1.53,0.51,0.0,0.0,2014,Falcons,rookie,0,Falcons,rookie_deal,1055
Brice Butler,WR,LV/DAL,2013,4,2.2275,0.556875,0.0675,0.005,2013,Raiders,rookie,0,LV/DAL,rookie_deal,1056
Brice Butler,WR,Cowboys,2017,1,1.1,1.1,0.3,0.006999999999999999,2013,Raiders,veteran,4,LV/DAL,new_team_signing,1057
Brice Butler,WR,MIA/DAL,2018,2,1.595,0.7975,0.0,0.005,2013,Raiders,veteran,5,Cowboys,new_team_signing,1058
Briley Moore,TE,Titans,2021,3,2.455,0.818333,0.18,0.004,2021,Titans,rookie,0,Titans,rookie_deal,1059
Brisly Estime,WR,Jets,2017,3,1.67,0.556667,0.015,0.003,2017,Jets,rookie,0,Jets,rookie_deal,1060
Britain Covey,WR,Eagles,2022,1,0.207,0.207,0.0,0.001,2022,Eagles,rookie,0,Eagles,rookie_deal,1061
Britain Covey,WR,Eagles,2023,1,0.216,0.216,0.0,0.001,2022,Eagles,veteran,1,Eagles,extension,1062
Britain Covey,WR,Eagles,2025,1,0.315,0.315,0.0,0.001,2022,Eagles,veteran,3,Eagles,extension,1063
British Brooks,RB,Texans,2024,3,2.845,0.948333,0.24,0.004,2024,Texans,rookie,0,Texans,rookie_deal,1064
Brittain Brown,RB,Raiders,2022,4,3.739856,0.934964,0.079856,0.004,2022,Raiders,rookie,0,Raiders,rookie_deal,1065
Brittain Brown,RB,Seahawks,2024,1,0.225,0.225,0.0,0.001,2022,Raiders,veteran,2,Raiders,new_team_signing,1066
Brittain Brown,RB,Bears,2025,1,0.234,0.234,0.0,0.001,2022,Raiders,veteran,3,Seahawks,new_team_signing,1067
Brittain Brown,RB,Bears,2026,1,1.075,1.075,0.0,0.004,2022,Raiders,veteran,4,Bears,extension,1068
Broc Rutter,QB,49ers,2020,3,2.285279,0.76176,0.000279,0.004,2020,49ers,rookie,0,49ers,rookie_deal,1069
Brock Bowers,TE,Raiders,2024,4,18.138784,4.534696,18.138784,0.018000000000000002,2024,Raiders,rookie,0,Raiders,rookie_deal,1070
Brock Lampe,TE,Patriots,2025,3,2.98,0.993333,0.055,0.004,2025,Patriots,rookie,0,Patriots,rookie_deal,1071
Brock Osweiler,QB,Broncos,2012,4,3.516678,0.87917,0.997584,0.006999999999999999,2012,Broncos,rookie,0,Broncos,rookie_deal,1072
Brock Osweiler,QB,HOU/CLE,2016,4,72.0,18.0,37.0,0.11599999999999999,2012,Broncos,veteran,4,Broncos,new_team_signing,1073
Brock Osweiler,QB,Broncos,2017,1,0.775,0.775,0.0,0.005,2012,Broncos,veteran,5,HOU/CLE,new_team_signing,1074
Brock Osweiler,QB,Dolphins,2018,1,0.88,0.88,0.63,0.005,2012,Broncos,veteran,6,Broncos,new_team_signing,1075
Brock Purdy,QB,49ers,2022,4,3.737012,0.934253,0.077012,0.004,2022,49ers,rookie,0,49ers,rookie_deal,1076
Brock Purdy,QB,49ers,2025,5,265.0,53.0,100.0,0.19,2022,49ers,veteran,3,49ers,extension,1077
Brock Rechsteiner,WR,Saints,2026,3,3.1,1.033333,0.0,0.003,2026,Saints,rookie,0,Saints,rookie_deal,1078
Brock Wright,TE,Lions,2021,1,0.1656,0.1656,0.0,0.001,2021,Lions,rookie,0,Lions,rookie_deal,1079
Brock Wright,TE,Lions,2022,1,0.825,0.825,0.0,0.004,2021,Lions,veteran,1,Lions,extension,1080
Brock Wright,TE,Lions,2023,1,0.94,0.94,0.0,0.004,2021,Lions,veteran,2,Lions,extension,1081
Brock Wright,TE,Lions,2024,1,2.985,2.985,0.0,0.012,2021,Lions,veteran,3,Lions,extension,1082
Brogan Roback,QB,Browns,2018,3,1.711,0.570333,0.001,0.003,2018,Browns,rookie,0,Browns,rookie_deal,1083
Brogan Roback,QB,Steelers,2019,1,0.495,0.495,0.0,0.003,2018,Browns,veteran,1,Browns,new_team_signing,1084
Bronson Hill,RB,Cardinals,2017,1,0.1224,0.1224,0.0,0.001,2015,Bills,veteran,2,Jaguars,new_team_signing,1085
Bronson Hill,RB,Packers,2018,1,0.63,0.63,0.0,0.004,2015,Bills,veteran,3,Cardinals,new_team_signing,1086
Bronson Rechsteiner,RB,Ravens,2020,3,2.288,0.762667,0.005,0.004,2020,Ravens,rookie,0,Ravens,rookie_deal,1087
Bruce Anderson,RB,Buccaneers,2019,1,0.136,0.136,0.0,0.001,2019,Buccaneers,rookie,0,Buccaneers,rookie_deal,1088
Bruce Ellington,WR,NYJ/SF,2014,4,2.694428,0.673607,0.474428,0.005,2014,,rookie,0,NYJ/SF,rookie_deal,1089
Bruce Ellington,WR,Texans,2017,1,0.615,0.615,0.0,0.004,2014,,veteran,3,NYJ/SF,new_team_signing,1090
Bruce Ellington,WR,Lions,2018,1,0.705,0.705,0.0,0.004,2014,,veteran,4,Texans,new_team_signing,1091
Bruce Ellington,WR,Patriots,2019,1,0.895,0.895,0.025,0.005,2014,,veteran,5,Lions,new_team_signing,1092
Bruno Labelle,TE,Cardinals,2021,3,2.4475,0.815833,0.0225,0.004,2021,Cardinals,rookie,0,Cardinals,rookie_deal,1093
Bryan Bennett,QB,Colts,2015,3,1.585,0.528333,0.01,0.004,2015,Colts,rookie,0,Colts,rookie_deal,1094
Bryan Edwards,WR,LV/ATL,2020,4,4.626578,1.156645,0.972696,0.006,2020,Raiders,rookie,0,LV/ATL,rookie_deal,1095
Bryan Edwards,WR,Chiefs,2022,1,0.207,0.207,0.0,0.001,2020,Raiders,veteran,2,LV/ATL,new_team_signing,1096
Bryan Edwards,WR,Saints,2023,1,1.01,1.01,0.0,0.004,2020,Raiders,veteran,3,Chiefs,new_team_signing,1097
Bryan Thompson,WR,Bills,2023,1,0.216,0.216,0.0,0.001,2023,Bills,rookie,0,Bills,rookie_deal,1098
Bryan Thompson,WR,Bills,2024,2,1.764,0.882,0.009,0.003,2023,Bills,veteran,1,Bills,extension,1099
Bryant Koback,RB,Vikings,2022,1,0.207,0.207,0.0,0.001,2022,Vikings,rookie,0,Vikings,rookie_deal,1100
Bryant Koback,RB,Seahawks,2023,1,0.216,0.216,0.0,0.001,2022,Vikings,veteran,1,Vikings,new_team_signing,1101
Bryant Koback,RB,Seahawks,2024,1,0.795,0.795,0.0,0.003,2022,Vikings,veteran,2,Seahawks,extension,1102
Bryant Mitchell,WR,Buccaneers,2019,1,0.495,0.495,0.0,0.003,2019,Cardinals,rookie,0,Buccaneers,rookie_deal,1103
Bryant Mitchell,WR,Buccaneers,2020,1,0.61,0.61,0.0,0.003,2019,Cardinals,veteran,1,Buccaneers,extension,1104
Bryce Bobo,WR,Broncos,2018,3,1.71,0.57,0.0,0.003,2018,Broncos,rookie,0,Broncos,rookie_deal,1105
Bryce Brown,RB,Eagles,2012,4,2.15088,0.53772,0.05088,0.004,2012,Eagles,rookie,0,Eagles,rookie_deal,1106
Bryce Brown,RB,Bills,2014,4,2.15088,0.53772,0.05088,0.004,2012,Eagles,veteran,2,Eagles,new_team_signing,1107
Bryce Brown,RB,Seahawks,2015,1,0.66,0.66,0.0,0.005,2012,Eagles,veteran,3,Bills,new_team_signing,1108
Bryce Ford-Wheaton,WR,Giants,2023,3,2.715,0.905,0.236,0.004,2023,Giants,rookie,0,Giants,rookie_deal,1109
Bryce Lance,WR,Saints,2026,4,5.169036,1.292259,0.789036,0.004,2026,Saints,rookie,0,Saints,rookie_deal,1110
Bryce Love,RB,Commanders,2019,4,3.274332,0.818583,0.754332,0.004,2019,Commanders,rookie,0,Commanders,rookie_deal,1111
Bryce Oliver,WR,Titans,2024,1,0.225,0.225,0.0,0.001,2024,Titans,rookie,0,Titans,rookie_deal,1112
Bryce Oliver,WR,Titans,2026,1,1.075,1.075,0.0,0.004,2024,Titans,veteran,2,Titans,extension,1113
Bryce Perkins,QB,Rams,2020,1,0.170282,0.170282,0.0,0.001,2020,Rams,rookie,0,Rams,rookie_deal,1114
Bryce Perkins,QB,Rams,2021,2,1.485,0.7425,0.0,0.004,2020,Rams,veteran,1,Rams,extension,1115
Bryce Perkins,QB,Panthers,2025,1,1.03,1.03,0.0,0.004,2020,Rams,veteran,5,Rams,new_team_signing,1116
Bryce Petty,QB,NYJ/MIA,2015,4,2.833696,0.708424,0.553696,0.005,2015,Jets,rookie,0,NYJ/MIA,rookie_deal,1117
Bryce Pierre,TE,Panthers,2025,1,0.234,0.234,0.0,0.001,2025,Panthers,rookie,0,Panthers,rookie_deal,1118
Bryce Pierre,TE,Panthers,2026,1,0.885,0.885,0.0,0.003,2025,Panthers,veteran,1,Panthers,extension,1119
Bryce Treggs,WR,Eagles,2016,3,1.628,0.542667,0.008,0.003,2016,,rookie,0,Eagles,rookie_deal,1120
Bryce Treggs,WR,Eagles,2017,1,0.255,0.255,0.0,0.002,2016,,veteran,1,Eagles,extension,1121
Bryce Treggs,WR,Eagles,2018,2,1.37,0.685,0.02,0.004,2016,,veteran,2,Eagles,extension,1122
Bryce Williams,TE,Cardinals,2018,1,0.48,0.48,0.0,0.003,2016,Patriots,veteran,2,Seahawks,new_team_signing,1123
Bryce Young,QB,Panthers,2023,4,37.955074,9.488769,37.955074,0.042,2023,Panthers,rookie,0,Panthers,rookie_deal,1124
Brycen Hopkins,TE,Rams,2020,4,3.948132,0.987033,0.653132,0.005,2020,Rams,rookie,0,Rams,rookie_deal,1125
Brycen Tremayne,WR,Commanders,2023,1,0.216,0.216,0.0,0.001,2023,Commanders,rookie,0,Commanders,rookie_deal,1126
Brycen Tremayne,WR,Commanders,2024,1,0.225,0.225,0.0,0.001,2023,Commanders,veteran,1,Commanders,extension,1127
Brycen Tremayne,WR,Panthers,2025,1,0.84,0.84,0.0,0.003,2023,Commanders,veteran,2,Commanders,new_team_signing,1128
Brycen Tremayne,WR,Panthers,2026,1,1.005,1.005,0.0,0.003,2023,Commanders,veteran,3,Panthers,extension,1129
Bryson Green,WR,Cardinals,2025,1,0.234,0.234,0.0,0.001,2025,Cardinals,rookie,0,Cardinals,rookie_deal,1130
Bryson Green,WR,Cardinals,2026,1,0.885,0.885,0.0,0.003,2025,Cardinals,veteran,1,Cardinals,extension,1131
Bryson Nesbit,TE,Vikings,2025,1,0.234,0.234,0.0,0.001,2025,Vikings,rookie,0,Vikings,rookie_deal,1132
Bryson Nesbit,TE,Vikings,2026,1,0.885,0.885,0.0,0.003,2025,Vikings,veteran,1,Vikings,extension,1133
Bub Means,WR,Saints,2024,4,4.274276,1.068569,0.254276,0.004,2024,Saints,rookie,0,Saints,rookie_deal,1134
Buck Allen,RB,Ravens,2015,4,2.754472,0.688618,0.474472,0.005,2015,Ravens,rookie,0,Ravens,rookie_deal,1135
Buck Allen,RB,Giants,2019,1,0.805,0.805,0.0,0.004,2015,Ravens,veteran,4,Ravens,new_team_signing,1136
Bucky Hodges,TE,Panthers,2017,1,0.1224,0.1224,0.0,0.001,2017,Vikings,rookie,0,Panthers,rookie_deal,1137
Bucky Hodges,TE,Steelers,2018,1,0.1292,0.1292,0.0,0.001,2017,Vikings,veteran,1,Panthers,new_team_signing,1138
Bucky Hodges,TE,Jets,2019,1,0.495,0.495,0.0,0.003,2017,Vikings,veteran,2,Steelers,new_team_signing,1139
Bucky Irving,RB,Buccaneers,2024,4,4.751552,1.187888,0.731552,0.005,2024,Buccaneers,rookie,0,Buccaneers,rookie_deal,1140
Bud Sasser,WR,Rams,2015,4,2.393736,0.598434,0.113736,0.0,2015,Rams,rookie,0,Rams,rookie_deal,1141
Buddy Howell,RB,Dolphins,2018,3,1.7175,0.5725,0.0075,0.003,2018,Dolphins,rookie,0,Dolphins,rookie_deal,1142
Buddy Howell,RB,Rams,2021,1,0.252,0.252,0.0,0.001,2018,Dolphins,veteran,3,Dolphins,new_team_signing,1143
Bug Howard,WR,Browns,2017,1,0.1224,0.1224,0.0,0.001,2017,Colts,rookie,0,Browns,rookie_deal,1144
Bug Howard,WR,Panthers,2018,1,0.481,0.481,0.0,0.003,2017,Colts,veteran,1,Browns,new_team_signing,1145
Bug Howard,WR,Broncos,2019,1,0.136,0.136,0.0,0.001,2017,Colts,veteran,2,Panthers,new_team_signing,1146
Bug Howard,WR,Jaguars,2020,1,0.1428,0.1428,0.0,0.001,2017,Colts,veteran,3,Broncos,new_team_signing,1147
Bug Howard,WR,Bills,2021,1,0.66,0.66,0.0,0.004,2017,Colts,veteran,4,Jaguars,new_team_signing,1148
Bug Howard,WR,Buccaneers,2022,1,0.705,0.705,0.0,0.003,2017,Colts,veteran,5,Bills,new_team_signing,1149
Byron Marshall,RB,Eagles,2016,3,1.62,0.54,0.0,0.003,2016,Eagles,rookie,0,Eagles,rookie_deal,1150
Byron Marshall,RB,Eagles,2017,1,0.34,0.34,0.0,0.002,2016,Eagles,veteran,1,Eagles,extension,1151
Byron Marshall,RB,Ravens,2019,1,0.136,0.136,0.0,0.001,2016,Eagles,veteran,3,Eagles,new_team_signing,1152
Byron Pringle,WR,Chiefs,2018,3,1.725,0.575,0.04,0.003,2018,Chiefs,rookie,0,Chiefs,rookie_deal,1153
Byron Pringle,WR,Chiefs,2019,1,0.136,0.136,0.0,0.001,2018,Chiefs,veteran,1,Chiefs,extension,1154
Byron Pringle,WR,Chiefs,2021,1,2.133,2.133,0.0,0.012,2018,Chiefs,veteran,3,Chiefs,extension,1155
Byron Pringle,WR,Bears,2022,1,4.125,4.125,3.9,0.02,2018,Chiefs,veteran,4,Chiefs,new_team_signing,1156
Byron Pringle,WR,Commanders,2023,1,1.08,1.08,0.0,0.005,2018,Chiefs,veteran,5,Bears,new_team_signing,1157
Byron Pringle,WR,Commanders,2024,1,1.125,1.125,0.25,0.004,2018,Chiefs,veteran,6,Commanders,extension,1158
C.J. Anderson,RB,Broncos,2013,3,1.4975,0.499167,0.0125,0.004,2013,Broncos,rookie,0,Broncos,rookie_deal,1159
C.J. Anderson,RB,Broncos,2016,4,18.0,4.5,7.6,0.028999999999999998,2013,Broncos,veteran,3,Broncos,extension,1160
C.J. Anderson,RB,Rams,2018,1,0.79,0.79,0.0,0.004,2013,Broncos,veteran,5,Broncos,new_team_signing,1161
C.J. Anderson,RB,Lions,2019,1,1.5,1.5,0.45,0.008,2013,Broncos,veteran,6,Rams,new_team_signing,1162
C.J. Beathard,QB,49ers,2017,4,3.528646,0.882162,0.706288,0.005,2017,49ers,rookie,0,49ers,rookie_deal,1163
C.J. Beathard,QB,Jaguars,2021,2,5.0,2.5,2.5,0.013999999999999999,2017,49ers,veteran,4,49ers,new_team_signing,1164
C.J. Beathard,QB,Jaguars,2023,2,4.5,2.25,2.0,0.01,2017,49ers,veteran,6,Jaguars,extension,1165
C.J. Beathard,QB,Dolphins,2024,1,0.3024,0.3024,0.0,0.001,2017,49ers,veteran,7,Jaguars,new_team_signing,1166
C.J. Beathard,QB,Lions,2025,1,0.315,0.315,0.0,0.001,2017,49ers,veteran,8,Dolphins,new_team_signing,1167
C.J. Board,WR,Browns,2017,1,0.1224,0.1224,0.0,0.001,2017,Ravens,rookie,0,Browns,rookie_deal,1168
C.J. Board,WR,Jaguars,2018,1,0.1292,0.1292,0.0,0.001,2017,Ravens,veteran,1,Browns,new_team_signing,1169
C.J. Board,WR,Jaguars,2019,1,0.136,0.136,0.0,0.001,2017,Ravens,veteran,2,Jaguars,extension,1170
C.J. Board,WR,Giants,2021,1,0.252,0.252,0.0,0.001,2017,Ravens,veteran,4,Jaguars,new_team_signing,1171
C.J. Board,WR,Cardinals,2022,1,0.2772,0.2772,0.0,0.001,2017,Ravens,veteran,5,Giants,new_team_signing,1172
C.J. Conrad,TE,Giants,2019,1,0.136,0.136,0.0,0.001,2019,Giants,rookie,0,Giants,rookie_deal,1173
C.J. Conrad,TE,Giants,2020,1,0.51,0.51,0.0,0.003,2019,Giants,veteran,1,Giants,extension,1174
C.J. Daniels,WR,Rams,2026,4,4.655244,1.163811,0.275244,0.004,2026,Rams,rookie,0,Rams,rookie_deal,1175
C.J. Donaldson,RB,Saints,2026,3,3.12,1.04,0.09,0.003,2026,Saints,rookie,0,Saints,rookie_deal,1176
C.J. Fiedorowicz,TE,Texans,2014,4,3.195114,0.798779,0.703304,0.006,2014,Texans,rookie,0,Texans,rookie_deal,1177
C.J. Fiedorowicz,TE,Texans,2017,3,21.75,7.25,10.097,0.043,2014,Texans,veteran,3,Texans,extension,1178
C.J. Germany,WR,Giants,2017,1,0.465,0.465,0.0,0.003,2017,Rams,rookie,0,Giants,rookie_deal,1179
C.J. Ham,RB,Vikings,2016,3,1.47,0.49,0.0,0.003,2016,Vikings,rookie,0,Vikings,rookie_deal,1180
C.J. Ham,RB,Vikings,2019,1,0.645,0.645,0.0,0.003,2016,Vikings,veteran,3,Vikings,extension,1181
C.J. Johnson,WR,Seahawks,2023,3,2.696,0.898667,0.001,0.004,2023,Seahawks,rookie,0,Seahawks,rookie_deal,1182
C.J. Prosise,RB,Seahawks,2016,4,3.112464,0.778116,0.692464,0.005,2016,Seahawks,rookie,0,Seahawks,rookie_deal,1183
C.J. Prosise,RB,Buccaneers,2020,1,0.1428,0.1428,0.0,0.001,2016,Seahawks,veteran,4,Seahawks,new_team_signing,1184
C.J. Prosise,RB,Buccaneers,2021,1,0.99,0.99,0.0,0.005,2016,Seahawks,veteran,5,Buccaneers,extension,1185
C.J. Saunders,WR,Panthers,2021,1,0.1656,0.1656,0.0,0.001,2021,Panthers,rookie,0,Panthers,rookie_deal,1186
C.J. Saunders,WR,Panthers,2022,1,0.207,0.207,0.0,0.001,2021,Panthers,veteran,1,Panthers,extension,1187
C.J. Saunders,WR,Falcons,2023,1,0.216,0.216,0.0,0.001,2021,Panthers,veteran,2,Panthers,new_team_signing,1188
C.J. Spiller,RB,Bills,2010,5,24.304587,4.860917,11.854169,0.038,2010,Bills,rookie,0,Bills,rookie_deal,1189
C.J. Spiller,RB,Saints,2015,4,16.0,4.0,5.75,0.027999999999999997,2010,Bills,veteran,5,Bills,new_team_signing,1190
C.J. Spiller,RB,Jets,2016,1,0.76,0.76,0.0,0.005,2010,Bills,veteran,6,Saints,new_team_signing,1191
C.J. Spiller,RB,Chiefs,2017,1,0.9,0.9,0.0,0.005,2010,Bills,veteran,7,Jets,new_team_signing,1192
C.J. Spiller,RB,Chiefs,2018,1,0.9,0.9,0.0,0.005,2010,Bills,veteran,8,Chiefs,extension,1193
C.J. Stroud,QB,Texans,2023,4,36.279244,9.069811,36.279244,0.04,2023,Texans,rookie,0,Texans,rookie_deal,1194
C.J. Uzomah,TE,Bengals,2015,4,2.492764,0.623191,0.212764,0.004,2015,Bengals,rookie,0,Bengals,rookie_deal,1195
C.J. Uzomah,TE,Bengals,2019,3,18.3,6.1,6.25,0.032,2015,Bengals,veteran,4,Bengals,extension,1196
C.J. Uzomah,TE,Jets,2022,3,24.0,8.0,15.0,0.038,2015,Bengals,veteran,7,Bengals,new_team_signing,1197
C.J. Uzomah,TE,Eagles,2024,1,0.3024,0.3024,0.0,0.001,2015,Bengals,veteran,9,Jets,new_team_signing,1198
C.J. Verdell,RB,Colts,2022,3,2.575,0.858333,0.025,0.004,2022,Colts,rookie,0,Colts,rookie_deal,1199
C.J. Williams,WR,Jaguars,2026,4,4.64828,1.16207,0.26828,0.004,2026,Jaguars,rookie,0,Jaguars,rookie_deal,1200
CJ Dippre,TE,Patriots,2025,1,0.234,0.234,0.0,0.001,2025,Patriots,rookie,0,Patriots,rookie_deal,1201
CJ Duncan,WR,Cardinals,2018,3,1.71,0.57,0.0,0.003,2018,Cardinals,rookie,0,Cardinals,rookie_deal,1202
CJ Marable,RB,Bears,2021,3,2.428,0.809333,0.003,0.004,2021,Bears,rookie,0,Bears,rookie_deal,1203
CJ Marable,RB,Patriots,2023,1,0.75,0.75,0.0,0.003,2021,Bears,veteran,2,Bears,new_team_signing,1204
CJ Worton,WR,Falcons,2019,3,1.76,0.586667,0.005,0.003,2019,Falcons,rookie,0,Falcons,rookie_deal,1205
Cade Brewer,TE,Seahawks,2022,1,0.705,0.705,0.0,0.003,2022,Seahawks,rookie,0,Seahawks,rookie_deal,1206
Cade Johnson,WR,Seahawks,2021,1,0.1656,0.1656,0.0,0.001,2021,Seahawks,rookie,0,Seahawks,rookie_deal,1207
Cade Johnson,WR,Seahawks,2022,1,0.207,0.207,0.0,0.001,2021,Seahawks,veteran,1,Seahawks,extension,1208
Cade Johnson,WR,Seahawks,2023,1,0.216,0.216,0.0,0.001,2021,Seahawks,veteran,2,Seahawks,extension,1209
Cade Klubnik,QB,Jets,2026,4,5.598676,1.399669,1.218676,0.005,2026,Jets,rookie,0,Jets,rookie_deal,1210
Cade McDonald,WR,Browns,2025,3,2.965,0.988333,0.0,0.004,2025,Browns,rookie,0,Browns,rookie_deal,1211
Cade Otton,TE,Buccaneers,2022,4,4.52394,1.130985,0.83394,0.005,2022,Buccaneers,rookie,0,Buccaneers,rookie_deal,1212
Cade Otton,TE,Buccaneers,2026,3,30.0,10.0,20.0,0.033,2022,Buccaneers,veteran,4,Buccaneers,extension,1213
Cade Stover,TE,Texans,2024,4,4.758936,1.189734,0.738936,0.005,2024,Texans,rookie,0,Texans,rookie_deal,1214
Caden Prieskorn,TE,Buccaneers,2025,1,0.234,0.234,0.0,0.001,2025,Lions,rookie,0,Buccaneers,rookie_deal,1215
Caden Prieskorn,TE,Browns,2026,1,0.885,0.885,0.0,0.003,2025,Lions,veteran,1,Buccaneers,new_team_signing,1216
Caleb Bluiett,TE,Jaguars,2017,3,1.665,0.555,0.0,0.003,2017,Jaguars,rookie,0,Jaguars,rookie_deal,1217
Caleb Douglas,WR,Dolphins,2026,4,7.168498,1.792125,1.673452,0.006,2026,Dolphins,rookie,0,Dolphins,rookie_deal,1218
Caleb Huntley,RB,Falcons,2021,1,0.1656,0.1656,0.0,0.001,2021,Falcons,rookie,0,Falcons,rookie_deal,1219
Caleb Huntley,RB,Falcons,2022,1,0.207,0.207,0.0,0.001,2021,Falcons,veteran,1,Falcons,extension,1220
Caleb Lohner,TE,Broncos,2025,1,0.234,0.234,0.0,0.001,2025,Broncos,rookie,0,Broncos,rookie_deal,1221
Caleb Lohner,TE,Broncos,2026,2,1.935,0.9675,0.0,0.003,2025,Broncos,veteran,1,Broncos,extension,1222
Caleb Repp,TE,Falcons,2020,3,2.29,0.763333,0.005,0.004,2020,Falcons,rookie,0,Falcons,rookie_deal,1223
Caleb Scott,WR,Seahawks,2018,1,0.1292,0.1292,0.0,0.001,2018,Seahawks,rookie,0,Seahawks,rookie_deal,1224
Caleb Scott,WR,Seahawks,2019,1,0.495,0.495,0.0,0.003,2018,Seahawks,veteran,1,Seahawks,extension,1225
Caleb Scott,WR,Packers,2020,1,0.1428,0.1428,0.0,0.001,2018,Seahawks,veteran,2,Seahawks,new_team_signing,1226
Caleb Scott,WR,Titans,2021,1,0.1656,0.1656,0.0,0.001,2018,Seahawks,veteran,3,Packers,new_team_signing,1227
Caleb Williams,QB,Bears,2024,4,39.486058,9.871515,39.486058,0.039,2024,Bears,rookie,0,Bears,rookie_deal,1228
Caleb Wilson,TE,Cardinals,2019,1,0.136,0.136,0.0,0.001,2019,Cardinals,rookie,0,Cardinals,rookie_deal,1229
Caleb Wilson,TE,Eagles,2020,1,0.1428,0.1428,0.0,0.001,2019,Cardinals,veteran,1,Cardinals,new_team_signing,1230
Caleb Wilson,TE,Broncos,2021,1,0.1656,0.1656,0.0,0.001,2019,Cardinals,veteran,2,Eagles,new_team_signing,1231
Calvin Austin III,WR,Steelers,2022,4,4.164336,1.041084,0.504336,0.005,2022,Steelers,rookie,0,Steelers,rookie_deal,1232
Calvin Austin III,WR,Giants,2026,1,1.5,1.5,0.45,0.005,2022,Steelers,veteran,4,Steelers,new_team_signing,1233
Calvin Jackson,WR,Dolphins,2022,1,0.207,0.207,0.0,0.001,2022,Jets,rookie,0,Dolphins,rookie_deal,1234
Calvin Johnson,WR,Lions,2007,6,58.0,9.666667,27.1708,0.08900000000000001,2007,Lions,rookie,0,Lions,rookie_deal,1235
Calvin Johnson,WR,Lions,2012,7,113.45,16.207143,48.75,0.134,2007,Lions,veteran,5,Lions,extension,1236
Calvin Ridley,WR,JAX/ATL,2018,4,10.900732,2.725183,9.907077,0.015,2018,Falcons,rookie,0,JAX/ATL,rookie_deal,1237
Calvin Ridley,WR,Titans,2024,4,92.0,23.0,46.98,0.09,2018,Falcons,veteran,6,JAX/ATL,new_team_signing,1238
Calvin Ridley,WR,Titans,2026,2,35.25,17.625,12.49,0.059000000000000004,2018,Falcons,veteran,8,Titans,extension,1239
Calvin Tyler,RB,Bengals,2023,3,2.7,0.9,0.005,0.004,2023,Bengals,rookie,0,Bengals,rookie_deal,1240
Cam Akers,RB,MIN/LAR,2020,4,6.173042,1.543261,3.550077,0.008,2020,Rams,rookie,0,MIN/LAR,rookie_deal,1241
Cam Akers,RB,MIN/HOU,2024,1,1.175,1.175,0.0,0.005,2020,Rams,veteran,4,MIN/LAR,new_team_signing,1242
Cam Akers,RB,Vikings,2025,1,0.315,0.315,0.0,0.001,2020,Rams,veteran,5,MIN/HOU,new_team_signing,1243
Cam Akers,RB,Seahawks,2026,1,1.215,1.215,0.0,0.004,2020,Rams,veteran,6,Vikings,new_team_signing,1244
Cam Camper,WR,Jaguars,2025,3,2.97,0.99,0.045,0.004,2025,Jaguars,rookie,0,Jaguars,rookie_deal,1245
Cam Grandy,TE,Bengals,2024,1,0.225,0.225,0.0,0.001,2024,Bengals,rookie,0,Bengals,rookie_deal,1246
Cam Grandy,TE,Bengals,2025,1,0.98,0.98,0.0,0.004,2024,Bengals,veteran,1,Bengals,extension,1247
Cam Grandy,TE,Bengals,2026,1,1.075,1.075,0.0,0.004,2024,Bengals,veteran,2,Bengals,extension,1248
Cam Johnson,WR,Panthers,2024,1,0.225,0.225,0.0,0.001,2024,Cowboys,rookie,0,Panthers,rookie_deal,1249
Cam Miller,QB,Raiders,2025,1,0.234,0.234,0.0,0.001,2025,Raiders,rookie,0,Raiders,rookie_deal,1250
Cam Newton,QB,Panthers,2011,4,22.025498,5.506375,22.025498,0.046,2011,Panthers,rookie,0,Panthers,rookie_deal,1251
Cam Newton,QB,Panthers,2015,5,103.8,20.76,41.0,0.145,2011,Panthers,veteran,4,Panthers,extension,1252
Cam Newton,QB,Patriots,2020,1,1.75,1.75,0.55,0.009000000000000001,2011,Panthers,veteran,9,Panthers,new_team_signing,1253
Cam Newton,QB,Patriots,2021,1,5.1,5.1,3.5,0.027999999999999997,2011,Panthers,veteran,10,Patriots,extension,1254
Cam Phillips,WR,Bills,2018,1,0.1292,0.1292,0.0,0.001,2018,Bills,rookie,0,Bills,rookie_deal,1255
Cam Phillips,WR,Bills,2019,2,1.23,0.615,0.0,0.003,2018,Bills,veteran,1,Bills,extension,1256
Cam Phillips,WR,Panthers,2020,1,0.675,0.675,0.0,0.003,2018,Bills,veteran,2,Bills,new_team_signing,1257
Cam Ross,WR,Broncos,2026,3,3.11,1.036667,0.05,0.003,2026,Broncos,rookie,0,Broncos,rookie_deal,1258
Cam Serigne,TE,Panthers,2018,3,1.71,0.57,0.0,0.003,2018,Panthers,rookie,0,Panthers,rookie_deal,1259
Cam Sims,WR,Commanders,2018,3,1.71,0.57,0.0,0.003,2018,Commanders,rookie,0,Commanders,rookie_deal,1260
Cam Sims,WR,Commanders,2019,1,0.136,0.136,0.0,0.001,2018,Commanders,veteran,1,Commanders,extension,1261
Cam Sims,WR,Commanders,2020,1,0.1428,0.1428,0.0,0.001,2018,Commanders,veteran,2,Commanders,extension,1262
Cam Sims,WR,Commanders,2021,1,2.133,2.133,0.0,0.012,2018,Commanders,veteran,3,Commanders,extension,1263
Cam Sims,WR,Commanders,2022,1,2.59,2.59,2.0,0.012,2018,Commanders,veteran,4,Commanders,extension,1264
Cam Sims,WR,Panthers,2023,1,0.2898,0.2898,0.0,0.001,2018,Commanders,veteran,5,Commanders,new_team_signing,1265
Cam Sims,WR,Panthers,2024,1,1.125,1.125,0.0,0.004,2018,Commanders,veteran,6,Panthers,extension,1266
Cam Skattebo,RB,Giants,2025,4,5.27304,1.31826,1.07304,0.005,2025,Giants,rookie,0,Giants,rookie_deal,1267
Cam Sutton,TE,Panthers,2020,3,2.3,0.766667,0.04,0.004,2020,Panthers,rookie,0,Panthers,rookie_deal,1268
Cam Sutton,TE,Seahawks,2021,1,0.66,0.66,0.0,0.004,2020,Panthers,veteran,1,Panthers,new_team_signing,1269
Cam Ward,QB,Titans,2025,4,48.839604,12.209901,48.839604,0.044000000000000004,2025,Titans,rookie,0,Titans,rookie_deal,1270
Cam Worthy,WR,Ravens,2015,3,1.5775,0.525833,0.0025,0.004,2015,Ravens,rookie,0,Ravens,rookie_deal,1271
Camden Brown,WR,Cowboys,2026,3,3.115,1.038333,0.105,0.003,2026,Cowboys,rookie,0,Cowboys,rookie_deal,1272
Cameron Artis-Payne,RB,Panthers,2015,4,2.446252,0.611563,0.166252,0.004,2015,Panthers,rookie,0,Panthers,rookie_deal,1273
Cameron Artis-Payne,RB,Panthers,2019,1,0.895,0.895,0.09,0.005,2015,Panthers,veteran,4,Panthers,extension,1274
Cameron Batson,WR,Titans,2018,1,0.1292,0.1292,0.0,0.001,2018,Titans,rookie,0,Titans,rookie_deal,1275
Cameron Batson,WR,Titans,2020,1,0.1428,0.1428,0.0,0.001,2018,Titans,veteran,2,Titans,extension,1276
Cameron Batson,WR,Falcons,2022,1,0.3582,0.3582,0.0,0.002,2018,Titans,veteran,4,Titans,new_team_signing,1277
Cameron Brate,TE,Buccaneers,2014,1,0.1071,0.1071,0.0,0.001,2014,Buccaneers,rookie,0,Buccaneers,rookie_deal,1278
Cameron Brate,TE,NO/TB,2015,1,0.1122,0.1122,0.0,0.001,2014,Buccaneers,veteran,1,Buccaneers,new_team_signing,1279
Cameron Brate,TE,Buccaneers,2017,1,0.69,0.69,0.0,0.004,2014,Buccaneers,veteran,3,NO/TB,new_team_signing,1280
Cameron Brate,TE,Buccaneers,2018,6,40.8,6.8,7.0,0.038,2014,Buccaneers,veteran,4,Buccaneers,extension,1281
Cameron Brate,TE,Buccaneers,2021,3,18.05,6.016667,3.75,0.033,2014,Buccaneers,veteran,7,Buccaneers,extension,1282
Cameron Brate,TE,Buccaneers,2022,2,8.0,4.0,4.0,0.019,2014,Buccaneers,veteran,8,Buccaneers,extension,1283
Cameron Dorner,WR,Patriots,2026,3,3.11,1.036667,0.04,0.003,2026,Patriots,rookie,0,Patriots,rookie_deal,1284
Cameron Latu,TE,49ers,2023,4,5.304082,1.326021,0.857512,0.006,2023,49ers,rookie,0,49ers,rookie_deal,1285
Cameron Latu,TE,Browns,2024,1,0.225,0.225,0.0,0.001,2023,49ers,veteran,1,49ers,new_team_signing,1286
Cameron Latu,TE,Eagles,2025,1,0.234,0.234,0.0,0.001,2023,49ers,veteran,2,Browns,new_team_signing,1287
Cameron Meredith,WR,Bears,2015,3,1.581,0.527,0.006,0.004,2015,Bears,rookie,0,Bears,rookie_deal,1288
Cameron Meredith,WR,Bears,2018,1,1.907,1.907,0.0,0.011000000000000001,2015,Bears,veteran,3,Bears,extension,1289
Cameron Meredith,WR,Patriots,2019,1,2.02,1.01,0.0,0.005,2015,Bears,veteran,4,Bears,new_team_signing,1290
Cameron Morrah,TE,Broncos,2009,1,0.645,0.645,0.0,0.0,2009,Seahawks,rookie,0,Broncos,rookie_deal,1291
Cameron Posey,WR,Chargers,2017,1,0.465,0.465,0.0,0.003,2017,Panthers,rookie,0,Chargers,rookie_deal,1292
Cameron Scarlett,RB,Titans,2020,3,2.29,0.763333,0.02,0.004,2020,Titans,rookie,0,Titans,rookie_deal,1293
Cameron Scarlett,RB,Seahawks,2021,1,0.66,0.66,0.0,0.004,2020,Titans,veteran,1,Titans,new_team_signing,1294
Camerun Peoples,RB,Panthers,2023,3,2.71,0.903333,0.045,0.004,2023,Panthers,rookie,0,Panthers,rookie_deal,1295
Camren McDonald,TE,Rams,2023,1,0.75,0.75,0.0,0.003,2023,Packers,rookie,0,Rams,rookie_deal,1296
Canaan Severin,WR,Giants,2018,1,0.48,0.48,0.0,0.003,2016,Steelers,veteran,2,Giants,extension,1297
Cardale Jones,QB,Bills,2016,4,2.723392,0.680848,0.383392,0.004,2016,Bills,rookie,0,Bills,rookie_deal,1298
Cardale Jones,QB,Chargers,2018,1,0.1292,0.1292,0.0,0.001,2016,Bills,veteran,2,Bills,new_team_signing,1299
Cardale Jones,QB,Seahawks,2019,1,0.136,0.136,0.0,0.001,2016,Bills,veteran,3,Chargers,new_team_signing,1300
Carl Tucker,TE,Dolphins,2021,1,0.1656,0.1656,0.0,0.001,2021,Dolphins,rookie,0,Dolphins,rookie_deal,1301
Carlos Henderson,WR,Broncos,2017,4,3.325984,0.831496,0.817984,0.005,2017,Broncos,rookie,0,Broncos,rookie_deal,1302
Carlos Henderson,WR,Commanders,2018,1,0.1292,0.1292,0.0,0.001,2017,Broncos,veteran,1,Broncos,new_team_signing,1303
Carlos Hyde,RB,49ers,2014,4,3.681678,0.92042,1.954933,0.006999999999999999,2014,49ers,rookie,0,49ers,rookie_deal,1304
Carlos Hyde,RB,JAX/CLE,2018,3,15.25,5.083333,5.0,0.028999999999999998,2014,49ers,veteran,4,49ers,new_team_signing,1305
Carlos Hyde,RB,KC/HOU,2019,1,2.8,2.8,1.5,0.015,2014,49ers,veteran,5,JAX/CLE,new_team_signing,1306
Carlos Hyde,RB,Seahawks,2020,1,2.75,2.75,0.0,0.013999999999999999,2014,49ers,veteran,6,KC/HOU,new_team_signing,1307
Carlos Hyde,RB,Jaguars,2021,2,4.5,2.25,1.4,0.012,2014,49ers,veteran,7,Seahawks,new_team_signing,1308
Carlos Washington Jr.,RB,Falcons,2023,1,0.216,0.216,0.0,0.001,2023,Falcons,rookie,0,Falcons,rookie_deal,1309
Carlos Washington Jr.,RB,Falcons,2024,1,0.225,0.225,0.0,0.001,2023,Falcons,veteran,1,Falcons,extension,1310
Carlos Washington Jr.,RB,Falcons,2025,1,0.234,0.234,0.0,0.001,2023,Falcons,veteran,2,Falcons,extension,1311
Carlos Washington Jr.,RB,Dolphins,2026,1,1.005,1.005,0.0,0.003,2023,Falcons,veteran,3,Falcons,new_team_signing,1312
Carlton Agudosi,WR,Cardinals,2017,1,0.1224,0.1224,0.0,0.001,2017,Cardinals,rookie,0,Cardinals,rookie_deal,1313
Carlton Agudosi,WR,Cardinals,2018,1,0.555,0.555,0.0,0.003,2017,Cardinals,veteran,1,Cardinals,extension,1314
Carlton Agudosi,WR,Eagles,2019,2,1.23,0.615,0.0,0.003,2017,Cardinals,veteran,2,Cardinals,new_team_signing,1315
Carnell Tate,WR,Titans,2026,4,51.134912,12.783728,51.134912,0.042,2026,Titans,rookie,0,Titans,rookie_deal,1316
Carsen Ryan,TE,Browns,2026,4,4.500488,1.125122,0.120488,0.004,2026,Browns,rookie,0,Browns,rookie_deal,1317
Carson Beck,QB,Cardinals,2026,4,7.405992,1.851498,0.0,0.006,2026,Cardinals,rookie,0,Cardinals,rookie_deal,1318
Carson Meier,TE,Falcons,2019,1,0.136,0.136,0.0,0.001,2019,Jaguars,rookie,0,Falcons,rookie_deal,1319
Carson Meier,TE,Falcons,2020,1,0.51,0.51,0.0,0.003,2019,Jaguars,veteran,1,Falcons,extension,1320
Carson Meier,TE,Dolphins,2021,1,0.66,0.66,0.0,0.004,2019,Jaguars,veteran,2,Falcons,new_team_signing,1321
Carson Palmer,QB,Bengals,2003,6,40.0,6.666667,14.01,0.08900000000000001,2003,Bengals,rookie,0,Bengals,rookie_deal,1322
Carson Palmer,QB,Bengals,2005,6,97.0,16.166667,24.0,0.18899999999999997,2003,Bengals,veteran,2,Bengals,extension,1323
Carson Palmer,QB,Raiders,2011,4,43.0,10.75,5.0,0.08900000000000001,2003,Bengals,veteran,8,Bengals,new_team_signing,1324
Carson Palmer,QB,Cardinals,2013,2,17.0,8.5,10.0,0.069,2003,Bengals,veteran,10,Raiders,new_team_signing,1325
Carson Palmer,QB,Cardinals,2014,3,49.5,16.5,14.235294,0.124,2003,Bengals,veteran,11,Cardinals,extension,1326
Carson Palmer,QB,Cardinals,2016,1,21.0,21.0,11.65,0.135,2003,Bengals,veteran,13,Cardinals,extension,1327
Carson Steele,RB,Chiefs,2024,3,2.83,0.943333,0.015,0.004,2024,Chiefs,rookie,0,Chiefs,rookie_deal,1328
Carson Steele,RB,Chiefs,2025,1,0.234,0.234,0.0,0.001,2024,Chiefs,veteran,1,Chiefs,extension,1329
Carson Steele,RB,Eagles,2026,2,2.125,1.0625,0.0,0.004,2024,Chiefs,veteran,2,Chiefs,new_team_signing,1330
Carson Strong,QB,Cardinals,2022,1,0.207,0.207,0.0,0.001,2022,Eagles,rookie,0,Cardinals,rookie_deal,1331
Carson Towt,TE,Colts,2026,3,3.11,1.036667,0.12,0.003,2026,Colts,rookie,0,Colts,rookie_deal,1332
Carson Wentz,QB,Eagles,2016,4,26.676338,6.669085,26.676338,0.043,2016,Eagles,rookie,0,Eagles,rookie_deal,1333
Carson Wentz,QB,IND/PHI/WAS,2019,4,128.0,32.0,66.470683,0.17,2016,Eagles,veteran,3,Eagles,new_team_signing,1334
Carson Wentz,QB,Rams,2023,1,1.315,1.315,0.15,0.006,2016,Eagles,veteran,7,IND/PHI/WAS,new_team_signing,1335
Carson Wentz,QB,Chiefs,2024,1,2.5,2.5,2.2,0.01,2016,Eagles,veteran,8,Rams,new_team_signing,1336
Carson Wentz,QB,Vikings,2025,1,1.4225,1.4225,0.1675,0.005,2016,Eagles,veteran,9,Chiefs,new_team_signing,1337
Carson Wentz,QB,Vikings,2026,1,3.0,3.0,2.645,0.01,2016,Eagles,veteran,10,Vikings,extension,1338
Carson Williams,TE,Raiders,2021,3,2.425,0.808333,0.05,0.004,2021,Raiders,rookie,0,Raiders,rookie_deal,1339
Carter Bradley,QB,Raiders,2024,1,0.225,0.225,0.0,0.001,2024,Raiders,rookie,0,Raiders,rookie_deal,1340
Carter Bradley,QB,Jaguars,2025,1,0.234,0.234,0.0,0.001,2024,Raiders,veteran,1,Raiders,new_team_signing,1341
Carter Bradley,QB,Jaguars,2026,1,1.005,1.005,0.0,0.003,2024,Raiders,veteran,2,Jaguars,extension,1342
Carter Runyon,TE,Raiders,2025,1,0.234,0.234,0.0,0.001,2025,Raiders,rookie,0,Raiders,rookie_deal,1343
Cary Angeline,TE,Eagles,2021,1,0.66,0.66,0.0,0.004,2021,Cardinals,rookie,0,Eagles,rookie_deal,1344
Case Cookus,QB,Giants,2020,3,2.295,0.765,0.035,0.004,2020,Giants,rookie,0,Giants,rookie_deal,1345
Case Cookus,QB,Raiders,2021,1,0.66,0.66,0.0,0.004,2020,Giants,veteran,1,Giants,new_team_signing,1346
Case Cookus,QB,Rams,2022,1,0.207,0.207,0.0,0.001,2020,Giants,veteran,2,Raiders,new_team_signing,1347
Case Keenum,QB,Texans,2012,1,0.0969,0.0969,0.0,0.001,2012,Texans,rookie,0,Texans,rookie_deal,1348
Case Keenum,QB,LAR/HOU,2013,2,0.9,0.45,0.0,0.004,2012,Texans,veteran,1,Texans,new_team_signing,1349
Case Keenum,QB,Rams,2014,1,0.1071,0.1071,0.0,0.001,2012,Texans,veteran,2,LAR/HOU,new_team_signing,1350
Case Keenum,QB,Rams,2015,1,0.585,0.585,0.0,0.004,2012,Texans,veteran,3,Rams,extension,1351
Case Keenum,QB,Vikings,2017,1,2.0,2.0,1.0,0.012,2012,Texans,veteran,5,Rams,new_team_signing,1352
Case Keenum,QB,Broncos,2018,2,36.0,18.0,25.0,0.102,2012,Texans,veteran,6,Vikings,new_team_signing,1353
Case Keenum,QB,Commanders,2019,1,7.5,7.5,7.5,0.04,2012,Texans,veteran,7,Broncos,new_team_signing,1354
Case Keenum,QB,CLE/BUF,2020,3,18.0,6.0,8.0,0.03,2012,Texans,veteran,8,Commanders,new_team_signing,1355
Case Keenum,QB,Bills,2022,1,3.5,3.5,2.0,0.017,2012,Texans,veteran,10,CLE/BUF,new_team_signing,1356
Case Keenum,QB,Texans,2023,2,6.25,3.125,4.0,0.013999999999999999,2012,Texans,veteran,11,Bills,new_team_signing,1357
Case Keenum,QB,Bears,2025,1,2.25,2.25,2.155,0.008,2012,Texans,veteran,13,Texans,new_team_signing,1358
Case Keenum,QB,Bears,2026,2,5.5,2.75,2.9,0.009000000000000001,2012,Texans,veteran,14,Bears,extension,1359
Casey Bauman,QB,Chargers,2024,3,2.84,0.946667,0.01,0.004,2024,Chargers,rookie,0,Chargers,rookie_deal,1360
Casey Washington,WR,Falcons,2024,4,4.213596,1.053399,0.193596,0.004,2024,Falcons,rookie,0,Falcons,rookie_deal,1361
Cash Jones,RB,Falcons,2026,3,3.115,1.038333,0.235,0.003,2026,Falcons,rookie,0,Falcons,rookie_deal,1362
Caullin Lacy,WR,Jets,2026,3,3.115,1.038333,0.2625,0.003,2026,Jets,rookie,0,Jets,rookie_deal,1363
Cayleb Jones,WR,Vikings,2018,2,1.05,0.525,0.0,0.003,2016,Eagles,veteran,2,Vikings,extension,1364
Cecil Shorts,WR,Jaguars,2011,4,2.672146,0.668037,0.44338,0.006,2011,Jaguars,rookie,0,Jaguars,rookie_deal,1365
Cecil Shorts,WR,Texans,2015,2,6.0,3.0,1.75,0.021,2011,Jaguars,veteran,4,Jaguars,new_team_signing,1366
Cecil Shorts,WR,Buccaneers,2016,1,1.05,1.05,0.0,0.006999999999999999,2011,Jaguars,veteran,5,Texans,new_team_signing,1367
Cedric Tillman,WR,Browns,2023,4,5.610462,1.402616,1.080336,0.006,2023,Browns,rookie,0,Browns,rookie_deal,1368
Cedrick Lang,TE,Giants,2016,2,1.08,0.54,0.0,0.003,2016,Giants,rookie,0,Giants,rookie_deal,1369
Cedrick Lang,TE,Broncos,2017,1,0.465,0.465,0.0,0.003,2016,Giants,veteran,1,Giants,new_team_signing,1370
Cedrick Wilson Jr.,WR,Cowboys,2018,4,2.578408,0.644602,0.118408,0.004,2018,Cowboys,rookie,0,Cowboys,rookie_deal,1371
Cedrick Wilson Jr.,WR,Cowboys,2019,1,0.136,0.136,0.0,0.001,2018,Cowboys,veteran,1,Cowboys,extension,1372
Cedrick Wilson Jr.,WR,Cowboys,2021,1,2.183,2.183,0.0,0.012,2018,Cowboys,veteran,3,Cowboys,extension,1373
Cedrick Wilson Jr.,WR,Dolphins,2022,3,22.05,7.35,12.75,0.035,2018,Cowboys,veteran,4,Cowboys,new_team_signing,1374
Cedrick Wilson Jr.,WR,Dolphins,2023,1,5.0,5.0,5.0,0.022000000000000002,2018,Cowboys,veteran,5,Dolphins,extension,1375
Cedrick Wilson Jr.,WR,Saints,2024,2,5.75,2.875,2.85,0.011000000000000001,2018,Cowboys,veteran,6,Dolphins,new_team_signing,1376
Cedrick Wilson Jr.,WR,Saints,2025,1,0.342,0.342,0.0,0.001,2018,Cowboys,veteran,7,Saints,extension,1377
Cedrick Wilson Jr.,WR,Lions,2026,1,1.3,1.3,0.0,0.004,2018,Cowboys,veteran,8,Saints,new_team_signing,1378
CeeDee Lamb,WR,Cowboys,2020,4,14.010014,3.502504,14.010014,0.018000000000000002,2020,Cowboys,rookie,0,Cowboys,rookie_deal,1379
CeeDee Lamb,WR,Cowboys,2024,4,136.0,34.0,67.0,0.133,2020,Cowboys,veteran,4,Cowboys,extension,1380
Cephus Johnson,WR,Buccaneers,2023,1,0.216,0.216,0.0,0.001,2023,Vikings,rookie,0,Buccaneers,rookie_deal,1381
Cephus Johnson,WR,Buccaneers,2024,2,1.755,0.8775,0.0,0.003,2023,Vikings,veteran,1,Buccaneers,extension,1382
Cethan Carter,TE,Bengals,2017,3,1.671,0.557,0.006,0.003,2017,Bengals,rookie,0,Bengals,rookie_deal,1383
Cethan Carter,TE,Bengals,2020,1,2.133,2.133,0.0,0.011000000000000001,2017,Bengals,veteran,3,Bengals,extension,1384
Cethan Carter,TE,Dolphins,2021,3,7.8,2.6,2.7,0.013999999999999999,2017,Bengals,veteran,4,Bengals,new_team_signing,1385
Chad Abram,RB,Lions,2014,4,1.5375,0.5125,0.0075,0.0,2014,Lions,rookie,0,Lions,rookie_deal,1386
Chad Beebe,WR,Vikings,2018,1,0.1292,0.1292,0.0,0.001,2018,Vikings,rookie,0,Vikings,rookie_deal,1387
Chad Beebe,WR,Vikings,2021,1,0.92,0.92,0.0,0.005,2018,Vikings,veteran,3,Vikings,extension,1388
Chad Beebe,WR,Texans,2022,1,0.965,0.965,0.0,0.005,2018,Vikings,veteran,4,Vikings,new_team_signing,1389
Chad Bumphis,WR,Jaguars,2013,2,0.93,0.465,0.0,0.0,2013,Dolphins,rookie,0,Jaguars,rookie_deal,1390
Chad Hansen,WR,NE/NYJ,2017,4,2.819648,0.704912,0.419648,0.004,2017,Jets,rookie,0,NE/NYJ,rookie_deal,1391
Chad Hansen,WR,Titans,2018,1,0.1292,0.1292,0.0,0.001,2017,Jets,veteran,1,NE/NYJ,new_team_signing,1392
Chad Hansen,WR,Texans,2019,1,0.136,0.136,0.0,0.001,2017,Jets,veteran,2,Titans,new_team_signing,1393
Chad Hansen,WR,Texans,2020,1,0.1428,0.1428,0.0,0.001,2017,Jets,veteran,3,Texans,extension,1394
Chad Hansen,WR,Falcons,2021,1,0.1656,0.1656,0.0,0.001,2017,Jets,veteran,4,Texans,new_team_signing,1395
Chad Hansen,WR,Falcons,2022,1,0.895,0.895,0.0,0.004,2017,Jets,veteran,5,Falcons,extension,1396
Chad Henne,QB,Dolphins,2008,4,3.4301,0.857525,1.4251,0.006999999999999999,2008,Dolphins,rookie,0,Dolphins,rookie_deal,1397
Chad Henne,QB,Jaguars,2012,2,6.75,3.375,4.075,0.027999999999999997,2008,Dolphins,veteran,4,Dolphins,new_team_signing,1398
Chad Henne,QB,Jaguars,2014,2,8.0,4.0,4.5,0.03,2008,Dolphins,veteran,6,Jaguars,extension,1399
Chad Henne,QB,Jaguars,2016,2,8.0,4.0,4.5,0.026000000000000002,2008,Dolphins,veteran,8,Jaguars,extension,1400
Chad Henne,QB,Jaguars,2017,1,3.5,3.5,0.5,0.021,2008,Dolphins,veteran,9,Jaguars,extension,1401
Chad Henne,QB,Chiefs,2018,2,6.7,3.35,5.115,0.019,2008,Dolphins,veteran,10,Jaguars,new_team_signing,1402
Chad Henne,QB,Chiefs,2020,2,3.25,1.625,2.0,0.008,2008,Dolphins,veteran,12,Chiefs,extension,1403
Chad Henne,QB,Chiefs,2022,1,2.0,2.0,2.0,0.01,2008,Dolphins,veteran,14,Chiefs,extension,1404
Chad Kanoff,QB,Cardinals,2018,1,0.1292,0.1292,0.0,0.001,2018,Cardinals,rookie,0,Cardinals,rookie_deal,1405
Chad Kanoff,RB,Buccaneers,2019,1,0.136,0.136,0.0,0.001,2018,Cardinals,veteran,1,Cardinals,new_team_signing,1406
Chad Kelly,QB,Broncos,2017,4,2.464284,0.616071,0.064284,0.004,2017,Broncos,rookie,0,Broncos,rookie_deal,1407
Chad Kelly,QB,Colts,2019,1,0.57,0.57,0.0,0.003,2017,Broncos,veteran,2,Broncos,new_team_signing,1408
Chad Kelly,QB,Colts,2020,1,0.1428,0.1428,0.0,0.001,2017,Broncos,veteran,3,Colts,extension,1409
Chad Spann,RB,Texans,2011,3,1.485,0.495,0.0,0.0,2011,Colts,rookie,0,Texans,rookie_deal,1410
Chad Williams,WR,Cardinals,2017,4,3.176288,0.794072,0.706288,0.005,2017,Cardinals,rookie,0,Cardinals,rookie_deal,1411
Chad Williams,WR,Colts,2019,1,0.136,0.136,0.0,0.001,2017,Cardinals,veteran,2,Cardinals,new_team_signing,1412
Chad Williams,WR,Chiefs,2020,1,0.1428,0.1428,0.0,0.001,2017,Cardinals,veteran,3,Colts,new_team_signing,1413
Chad Williams,WR,Chiefs,2021,1,0.92,0.92,0.0,0.005,2017,Cardinals,veteran,4,Chiefs,extension,1414
Chad Young,RB,Jets,2014,3,1.5315,0.5105,0.0015,0.0,2014,Jets,rookie,0,Jets,rookie_deal,1415
Chamon Metayer,TE,Steelers,2026,3,3.11,1.036667,0.01,0.003,2026,Steelers,rookie,0,Steelers,rookie_deal,1416
Chandler Brayboy,WR,Jaguars,2025,1,0.234,0.234,0.0,0.001,2025,Jaguars,rookie,0,Jaguars,rookie_deal,1417
Chandler Brayboy,WR,Jaguars,2026,1,0.885,0.885,0.0,0.003,2025,Jaguars,veteran,1,Jaguars,extension,1418
Chandler Harnish,QB,Colts,2012,1,0.0969,0.0969,0.0,0.001,2012,Colts,rookie,0,Colts,rookie_deal,1419
Chandler Harnish,QB,Colts,2013,1,0.102,0.102,0.0,0.001,2012,Colts,veteran,1,Colts,extension,1420
Chandler Harnish,QB,Vikings,2014,1,0.1071,0.1071,0.0,0.001,2012,Colts,veteran,2,Colts,new_team_signing,1421
Chandler Harnish,QB,Cardinals,2015,1,0.51,0.51,0.0,0.004,2012,Colts,veteran,3,Vikings,new_team_signing,1422
Chandler Jones,WR,Buccaneers,2014,2,0.96,0.48,0.0,0.0,2014,Browns,rookie,0,Buccaneers,rookie_deal,1423
Changa Hodge,WR,Cardinals,2022,3,2.5675,0.855833,0.0075,0.004,2022,Cardinals,rookie,0,Cardinals,rookie_deal,1424
Charcandrick West,RB,Chiefs,2018,1,0.79,0.79,0.0,0.004,2014,Chiefs,veteran,4,Chiefs,extension,1425
Charcandrick West,RB,Colts,2019,1,0.805,0.805,0.0,0.004,2014,Chiefs,veteran,5,Chiefs,new_team_signing,1426
Charles Clay,TE,Dolphins,2011,4,2.152,0.538,0.112,0.004,2011,Dolphins,rookie,0,Dolphins,rookie_deal,1427
Charles Clay,TE,Bills,2015,5,38.0,7.6,24.5,0.053,2011,Dolphins,veteran,4,Dolphins,new_team_signing,1428
Charles Clay,TE,Cardinals,2019,1,2.0,2.0,0.35,0.011000000000000001,2011,Dolphins,veteran,8,Bills,new_team_signing,1429
Charles Hawkins,WR,Saints,2013,2,0.93,0.465,0.0,0.0,2013,Cardinals,rookie,0,Saints,rookie_deal,1430
Charles Holland,WR,Bengals,2019,3,1.755,0.585,0.0005,0.003,2019,Bengals,rookie,0,Bengals,rookie_deal,1431
Charles Johnson,WR,Packers,2013,1,0.102,0.102,0.0,0.001,2013,Packers,rookie,0,Packers,rookie_deal,1432
Charles Johnson,WR,Browns,2014,1,0.1071,0.1071,0.0,0.001,2013,Packers,veteran,1,Packers,new_team_signing,1433
Charles Johnson,WR,Panthers,2017,1,1.5,1.5,0.35,0.009000000000000001,2013,Packers,veteran,4,Browns,new_team_signing,1434
Charles Johnson,WR,Jets,2018,1,1.5,1.5,0.25,0.008,2013,Packers,veteran,5,Panthers,new_team_signing,1435
Charles Johnson,WR,Eagles,2019,1,0.81,0.81,0.025,0.004,2013,Packers,veteran,6,Jets,new_team_signing,1436
Charles Jones,TE,Jaguars,2019,1,0.136,0.136,0.0,0.001,2019,Jaguars,rookie,0,Jaguars,rookie_deal,1437
Charles Jones,TE,Steelers,2020,1,0.1428,0.1428,0.0,0.001,2019,Jaguars,veteran,1,Jaguars,new_team_signing,1438
Charles Jones,TE,Steelers,2021,1,0.78,0.78,0.0,0.004,2019,Jaguars,veteran,2,Steelers,extension,1439
Charles McClelland,RB,Titans,2023,3,2.7,0.9,0.01,0.004,2023,Titans,rookie,0,Titans,rookie_deal,1440
Charles Scarff,TE,Ravens,2019,1,0.136,0.136,0.0,0.001,2019,Ravens,rookie,0,Ravens,rookie_deal,1441
Charles Scarff,TE,Ravens,2020,1,0.51,0.51,0.0,0.003,2019,Ravens,veteran,1,Ravens,extension,1442
Charles Sims,RB,Buccaneers,2014,4,3.103092,0.775773,0.684092,0.006,2014,Buccaneers,rookie,0,Buccaneers,rookie_deal,1443
Charles Sims,RB,Buccaneers,2018,1,1.0,1.0,0.2,0.006,2014,Buccaneers,veteran,4,Buccaneers,extension,1444
Charleston Rambo,WR,Panthers,2022,3,2.575,0.858333,0.115,0.004,2022,Panthers,rookie,0,Panthers,rookie_deal,1445
Charleston Rambo,WR,Eagles,2023,1,0.75,0.75,0.0,0.003,2022,Panthers,veteran,1,Panthers,new_team_signing,1446
Charlie Jones,WR,Bengals,2023,4,4.518776,1.129694,0.678776,0.005,2023,Bengals,rookie,0,Bengals,rookie_deal,1447
Charlie Kolar,TE,Ravens,2022,4,4.36488,1.09122,0.70488,0.005,2022,Ravens,rookie,0,Ravens,rookie_deal,1448
Charlie Kolar,TE,Chargers,2026,3,24.3,8.1,17.0,0.027000000000000003,2022,Ravens,veteran,4,Ravens,new_team_signing,1449
Charlie Taumoepeau,TE,49ers,2020,1,0.1428,0.1428,0.0,0.001,2020,Cowboys,rookie,0,49ers,rookie_deal,1450
Charlie Taumoepeau,TE,Lions,2021,1,0.66,0.66,0.0,0.004,2020,Cowboys,veteran,1,49ers,new_team_signing,1451
Charlie Whitehurst,QB,Chargers,2006,4,2.318,0.5795,0.708,0.006,2006,Chargers,rookie,0,Chargers,rookie_deal,1452
Charlie Whitehurst,QB,Chargers,2010,1,1.176,1.176,0.0,0.009000000000000001,2006,Chargers,veteran,4,Chargers,extension,1453
Charlie Whitehurst,QB,Chargers,2012,2,3.05,1.525,1.0,0.013000000000000001,2006,Chargers,veteran,6,Chargers,extension,1454
Charlie Whitehurst,QB,Titans,2014,2,4.0,2.0,2.0,0.015,2006,Chargers,veteran,8,Chargers,new_team_signing,1455
Charlie Whitehurst,QB,TEN/IND,2015,1,2.0,2.0,0.0,0.013999999999999999,2006,Chargers,veteran,9,Titans,new_team_signing,1456
Charlie Whitehurst,QB,Browns,2016,1,1.0,1.0,0.0,0.006,2006,Chargers,veteran,10,TEN/IND,new_team_signing,1457
Charlie Woerner,TE,49ers,2020,4,3.476032,0.869008,0.181032,0.004,2020,49ers,rookie,0,49ers,rookie_deal,1458
Charlie Woerner,TE,Falcons,2024,3,12.0,4.0,4.16,0.016,2020,49ers,veteran,4,49ers,new_team_signing,1459
Charone Peake,WR,Jets,2016,4,2.40838,0.602095,0.06838,0.004,2016,Jets,rookie,0,Jets,rookie_deal,1460
Charone Peake,WR,Jaguars,2019,1,0.735,0.735,0.0,0.004,2016,Jets,veteran,3,Jets,new_team_signing,1461
Chase Allen,TE,Bears,2022,1,0.207,0.207,0.0,0.001,2022,Bears,rookie,0,Bears,rookie_deal,1462
Chase Allen,TE,Bears,2023,1,0.75,0.75,0.0,0.003,2022,Bears,veteran,1,Bears,extension,1463
Chase Brown,RB,Bengals,2023,4,4.126156,1.031539,0.286156,0.005,2023,Bengals,rookie,0,Bengals,rookie_deal,1464
Chase Claypool,WR,PIT/MIA/CHI,2020,4,6.616636,1.654159,3.892856,0.008,2020,Steelers,rookie,0,PIT/MIA/CHI,rookie_deal,1465
Chase Claypool,WR,Bills,2024,1,1.225,1.225,0.025,0.005,2020,Steelers,veteran,4,PIT/MIA/CHI,new_team_signing,1466
Chase Cota,WR,Texans,2023,1,0.216,0.216,0.0,0.001,2023,Lions,rookie,0,Texans,rookie_deal,1467
Chase Cota,WR,Giants,2024,1,0.795,0.795,0.0,0.003,2023,Lions,veteran,1,Texans,new_team_signing,1468
Chase Cota,WR,Browns,2025,1,0.84,0.84,0.0,0.003,2023,Lions,veteran,2,Giants,new_team_signing,1469
Chase Curtis,TE,Jets,2026,3,3.105,1.035,0.005,0.003,2026,Jets,rookie,0,Jets,rookie_deal,1470
Chase Daniel,QB,Saints,2009,1,0.0884,0.0884,0.0,0.001,2009,Commanders,rookie,0,Saints,rookie_deal,1471
Chase Daniel,QB,Saints,2012,1,1.0,1.0,0.3,0.008,2009,Commanders,veteran,3,Saints,extension,1472
Chase Daniel,QB,Chiefs,2013,3,10.0,3.333333,4.0,0.027000000000000003,2009,Commanders,veteran,4,Saints,new_team_signing,1473
Chase Daniel,QB,Eagles,2016,3,21.0,7.0,12.0,0.045,2009,Commanders,veteran,7,Chiefs,new_team_signing,1474
Chase Daniel,QB,Saints,2017,1,0.9,0.9,0.9,0.005,2009,Commanders,veteran,8,Eagles,new_team_signing,1475
Chase Daniel,QB,Bears,2018,2,10.0,5.0,7.0,0.027999999999999997,2009,Commanders,veteran,9,Saints,new_team_signing,1476
Chase Daniel,QB,Lions,2020,3,13.05,4.35,5.0,0.022000000000000002,2009,Commanders,veteran,11,Bears,new_team_signing,1477
Chase Daniel,QB,Chargers,2021,1,1.075,1.075,0.0,0.006,2009,Commanders,veteran,12,Lions,new_team_signing,1478
Chase Daniel,QB,Chargers,2022,1,2.0,2.0,1.12,0.01,2009,Commanders,veteran,13,Chargers,extension,1479
Chase Dixon,TE,Commanders,2014,2,0.96,0.48,0.0,0.0,2014,Seahawks,rookie,0,Commanders,rookie_deal,1480
Chase Edmonds,RB,Cardinals,2018,4,2.912356,0.728089,0.452356,0.004,2018,Cardinals,rookie,0,Cardinals,rookie_deal,1481
Chase Edmonds,RB,DEN/MIA,2022,2,12.1,6.05,6.1,0.028999999999999998,2018,Cardinals,veteran,4,Cardinals,new_team_signing,1482
Chase Edmonds,RB,Buccaneers,2023,1,1.2325,1.2325,0.1525,0.005,2018,Cardinals,veteran,5,DEN/MIA,new_team_signing,1483
Chase Edmonds,RB,Buccaneers,2024,1,1.5,1.5,1.0,0.006,2018,Cardinals,veteran,6,Buccaneers,extension,1484
Chase Edmonds,RB,Commanders,2025,1,0.315,0.315,0.0,0.001,2018,Cardinals,veteran,7,Buccaneers,new_team_signing,1485
Chase Garbers,QB,Raiders,2022,1,0.207,0.207,0.0,0.001,2022,Raiders,rookie,0,Raiders,rookie_deal,1486
Chase Garbers,QB,Raiders,2023,1,0.75,0.75,0.0,0.003,2022,Raiders,veteran,1,Raiders,extension,1487
Chase Harrell,TE,49ers,2020,1,0.1428,0.1428,0.0,0.001,2020,,rookie,0,49ers,rookie_deal,1488
Chase Harrell,TE,49ers,2021,1,0.66,0.66,0.0,0.004,2020,,veteran,1,49ers,extension,1489
Chase Litton,QB,Chiefs,2018,1,0.1292,0.1292,0.0,0.001,2018,Chiefs,rookie,0,Chiefs,rookie_deal,1490
Chase Litton,QB,Jaguars,2019,1,0.136,0.136,0.0,0.001,2018,Chiefs,veteran,1,Chiefs,new_team_signing,1491
Chase Minnifield,WR,Commanders,2012,2,1.08,0.54,0.0,0.0,2012,Commanders,rookie,0,Commanders,rookie_deal,1492
Chase Price,RB,Colts,2016,3,1.62,0.54,0.0,0.003,2016,Colts,rookie,0,Colts,rookie_deal,1493
Chase Roberts,WR,Raiders,2026,3,3.12,1.04,0.2675,0.003,2026,Raiders,rookie,0,Raiders,rookie_deal,1494
Chester Rogers,WR,Colts,2016,3,1.62,0.54,0.0,0.003,2016,Colts,rookie,0,Colts,rookie_deal,1495
Chester Rogers,WR,Colts,2019,1,3.095,3.095,0.0,0.016,2016,Colts,veteran,3,Colts,extension,1496
Chester Rogers,WR,Titans,2020,1,0.204,0.204,0.0,0.001,2016,Colts,veteran,4,Colts,new_team_signing,1497
Chester Rogers,WR,Titans,2021,1,0.99,0.99,0.0,0.005,2016,Colts,veteran,5,Titans,extension,1498
Chester Rogers,WR,Browns,2022,1,0.2772,0.2772,0.0,0.001,2016,Colts,veteran,6,Titans,new_team_signing,1499
Chevan Cordeiro,QB,Seahawks,2024,3,2.8375,0.945833,0.0175,0.004,2024,Seahawks,rookie,0,Seahawks,rookie_deal,1500
Cheyenne O'Grady,TE,Bengals,2021,3,2.425,0.808333,0.0,0.004,2021,Chiefs,rookie,0,Bengals,rookie_deal,1501
Chigoziem Okonkwo,TE,Titans,2022,4,4.164336,1.041084,0.504336,0.005,2022,Titans,rookie,0,Titans,rookie_deal,1502
Chigoziem Okonkwo,TE,Commanders,2026,3,27.0,9.0,16.7,0.03,2022,Titans,veteran,4,Titans,new_team_signing,1503
Chimere Dike,WR,Titans,2025,4,5.400952,1.350238,1.100952,0.005,2025,Titans,rookie,0,Titans,rookie_deal,1504
Chip Trayanum,RB,Jets,2026,3,3.12,1.04,0.195,0.003,2026,Jets,rookie,0,Jets,rookie_deal,1505
Chris Bell,WR,Dolphins,2026,4,6.771094,1.692774,1.384432,0.006,2026,Dolphins,rookie,0,Dolphins,rookie_deal,1506
Chris Blair,WR,Packers,2021,1,0.1656,0.1656,0.0,0.001,2021,Packers,rookie,0,Packers,rookie_deal,1507
Chris Blair,WR,Packers,2022,1,0.705,0.705,0.0,0.003,2021,Packers,veteran,1,Packers,extension,1508
Chris Blair,WR,Falcons,2023,1,0.216,0.216,0.0,0.001,2021,Packers,veteran,2,Packers,new_team_signing,1509
Chris Blair,WR,Falcons,2024,1,0.225,0.225,0.0,0.001,2021,Packers,veteran,3,Falcons,extension,1510
Chris Blair,WR,Falcons,2025,1,0.234,0.234,0.0,0.001,2021,Packers,veteran,4,Falcons,extension,1511
Chris Blair,WR,Falcons,2026,1,1.075,1.075,0.0,0.004,2021,Packers,veteran,5,Falcons,extension,1512
Chris Boyd,WR,Cowboys,2014,2,0.96,0.48,0.0,0.0,2014,Cowboys,rookie,0,Cowboys,rookie_deal,1513
Chris Brazzell II,WR,Panthers,2026,4,6.943812,1.735953,1.510044,0.006,2026,Panthers,rookie,0,Panthers,rookie_deal,1514
Chris Brown,WR,Bengals,2016,3,1.626,0.542,0.006,0.003,2016,Cowboys,rookie,0,Bengals,rookie_deal,1515
Chris Carson,RB,Seahawks,2017,4,2.46514,0.616285,0.06514,0.004,2017,Seahawks,rookie,0,Seahawks,rookie_deal,1516
Chris Carson,RB,Seahawks,2021,2,10.425,5.2125,5.5,0.028999999999999998,2017,Seahawks,veteran,4,Seahawks,extension,1517
Chris Coleman,WR,Dolphins,2023,3,2.7,0.9,0.017,0.004,2023,Dolphins,rookie,0,Dolphins,rookie_deal,1518
Chris Collier,RB,Ravens,2024,1,0.225,0.225,0.0,0.001,2024,Ravens,rookie,0,Ravens,rookie_deal,1519
Chris Collier,RB,Raiders,2025,1,0.234,0.234,0.0,0.001,2024,Ravens,veteran,1,Ravens,new_team_signing,1520
Chris Collier,RB,Raiders,2026,1,1.005,1.005,0.0,0.003,2024,Ravens,veteran,2,Raiders,extension,1521
Chris Conley,WR,Chiefs,2015,4,3.123686,0.780922,0.712436,0.005,2015,Chiefs,rookie,0,Chiefs,rookie_deal,1522
Chris Conley,WR,Jaguars,2019,2,4.595,2.2975,1.0,0.012,2015,Chiefs,veteran,4,Chiefs,new_team_signing,1523
Chris Conley,WR,Texans,2021,1,1.5,1.5,1.5,0.008,2015,Chiefs,veteran,6,Jaguars,new_team_signing,1524
Chris Conley,WR,Chiefs,2022,1,0.2772,0.2772,0.0,0.001,2015,Chiefs,veteran,7,Texans,new_team_signing,1525
Chris Conley,WR,49ers,2023,1,0.3708,0.3708,0.0,0.002,2015,Chiefs,veteran,8,Chiefs,new_team_signing,1526
Chris Conley,WR,49ers,2024,1,1.55,1.55,0.46,0.006,2015,Chiefs,veteran,9,49ers,extension,1527
Chris Coyle,TE,Texans,2014,3,1.53,0.51,0.0,0.0,2014,Texans,rookie,0,Texans,rookie_deal,1528
Chris Evans,RB,Bengals,2021,4,3.652888,0.913222,0.172888,0.005,2021,Bengals,rookie,0,Bengals,rookie_deal,1529
Chris Finke,WR,49ers,2020,1,0.1428,0.1428,0.0,0.001,2020,49ers,rookie,0,49ers,rookie_deal,1530
Chris Finke,WR,Chiefs,2021,1,0.66,0.66,0.0,0.004,2020,49ers,veteran,1,49ers,new_team_signing,1531
Chris Finke,WR,Chiefs,2022,1,0.705,0.705,0.0,0.003,2020,49ers,veteran,2,Chiefs,extension,1532
Chris Givens,WR,Saints,2012,3,1.4425,0.480833,0.0025,0.0,2012,Saints,rookie,0,Saints,rookie_deal,1533
Chris Givens,WR,Eagles,2016,1,0.84,0.84,0.18,0.005,2012,Rams,veteran,4,Saints,new_team_signing,1534
Chris Godwin,WR,Buccaneers,2017,4,3.284164,0.821041,0.663041,0.005,2017,Buccaneers,rookie,0,Buccaneers,rookie_deal,1535
Chris Godwin,WR,Buccaneers,2021,1,15.983,15.983,15.983,0.08800000000000001,2017,Buccaneers,veteran,4,Buccaneers,extension,1536
Chris Godwin,WR,Buccaneers,2022,3,60.0,20.0,40.0,0.096,2017,Buccaneers,veteran,5,Buccaneers,extension,1537
Chris Godwin,WR,Buccaneers,2025,3,66.0,22.0,44.0,0.079,2017,Buccaneers,veteran,8,Buccaneers,extension,1538
Chris Gragg,TE,Bills,2013,4,2.219172,0.554794,0.059172,0.005,2013,Bills,rookie,0,Bills,rookie_deal,1539
Chris Gragg,TE,Jets,2017,1,0.69,0.69,0.0,0.004,2013,Bills,veteran,4,Bills,new_team_signing,1540
Chris Harper,WR,Packers,2013,3,1.485,0.495,0.0,0.004,2013,Seahawks,rookie,0,Packers,rookie_deal,1541
Chris Harper,WR,Giants,2014,1,0.1071,0.1071,0.0,0.001,2013,Seahawks,veteran,1,Packers,new_team_signing,1542
Chris Harper,WR,Giants,2015,1,0.51,0.51,0.0,0.004,2013,Seahawks,veteran,2,Giants,extension,1543
Chris Harper,WR,49ers,2016,2,1.14,0.57,0.0,0.004,2015,Patriots,veteran,1,Giants,new_team_signing,1544
Chris Harper,WR,Jets,2017,1,0.615,0.615,0.0,0.004,2015,Patriots,veteran,2,49ers,new_team_signing,1545
Chris Hilton Jr.,WR,Commanders,2026,3,3.115,1.038333,0.015,0.003,2026,Commanders,rookie,0,Commanders,rookie_deal,1546
Chris Hogan,WR,NYG/MIA,2011,1,0.0969,0.0969,0.0,0.001,2011,,rookie,0,NYG/MIA,rookie_deal,1547
Chris Hogan,WR,MIA/BUF,2012,1,0.0969,0.0969,0.0,0.001,2011,,veteran,1,NYG/MIA,new_team_signing,1548
Chris Hogan,WR,Bills,2014,1,0.495,0.495,0.0,0.004,2011,,veteran,3,MIA/BUF,new_team_signing,1549
Chris Hogan,WR,Bills,2015,1,0.585,0.585,0.0,0.004,2011,,veteran,4,Bills,extension,1550
Chris Hogan,WR,Patriots,2016,3,12.0,4.0,7.5,0.026000000000000002,2011,,veteran,5,Bills,new_team_signing,1551
Chris Hogan,WR,Panthers,2019,1,1.45,1.45,0.3,0.008,2011,,veteran,8,Patriots,new_team_signing,1552
Chris Hogan,WR,Jets,2020,1,1.125,1.125,0.025,0.006,2011,,veteran,9,Panthers,new_team_signing,1553
Chris Hogan,WR,Saints,2021,1,1.075,1.075,0.0,0.006,2011,,veteran,10,Jets,new_team_signing,1554
Chris Ivory,RB,Saints,2010,3,1.22,0.406667,0.005,0.003,2010,Saints,rookie,0,Saints,rookie_deal,1555
Chris Ivory,RB,Saints,2012,1,0.6129,0.6129,0.0729,0.005,2010,Saints,veteran,2,Saints,extension,1556
Chris Ivory,RB,Jets,2013,3,6.0,2.0,2.25,0.016,2010,Saints,veteran,3,Saints,new_team_signing,1557
Chris Ivory,RB,Jaguars,2016,5,32.0,6.4,10.0,0.040999999999999995,2010,Saints,veteran,6,Jets,new_team_signing,1558
Chris Ivory,RB,Bills,2018,2,5.5,2.75,2.5,0.016,2010,Saints,veteran,8,Jaguars,new_team_signing,1559
Chris Johnson,RB,Titans,2008,5,9.58001,1.916002,6.68501,0.017,2008,Titans,rookie,0,Titans,rookie_deal,1560
Chris Johnson,RB,Titans,2011,4,53.975,13.49375,13.0,0.11199999999999999,2008,Titans,veteran,3,Titans,extension,1561
Chris Johnson,RB,Jets,2014,2,8.0,4.0,3.0,0.03,2008,Titans,veteran,6,Titans,new_team_signing,1562
Chris Johnson,RB,Cardinals,2015,1,0.87,0.87,0.4,0.006,2008,Titans,veteran,7,Jets,new_team_signing,1563
Chris Johnson,RB,Cardinals,2016,1,1.5,1.5,1.0,0.01,2008,Titans,veteran,8,Cardinals,extension,1564
Chris Johnson,RB,Cardinals,2017,1,1.0,1.0,0.0,0.006,2008,Titans,veteran,9,Cardinals,extension,1565
Chris King,WR,Jets,2016,2,0.99,0.495,0.0,0.003,2016,Cardinals,rookie,0,Jets,rookie_deal,1566
Chris Lacy,WR,Lions,2018,1,0.1292,0.1292,0.0,0.001,2018,Patriots,rookie,0,Lions,rookie_deal,1567
Chris Lacy,WR,Lions,2019,1,0.136,0.136,0.0,0.001,2018,Patriots,veteran,1,Lions,extension,1568
Chris Lacy,WR,Cowboys,2020,1,0.1428,0.1428,0.0,0.001,2018,Patriots,veteran,2,Lions,new_team_signing,1569
Chris Lacy,WR,Bears,2021,1,0.78,0.78,0.0,0.004,2018,Patriots,veteran,3,Cowboys,new_team_signing,1570
Chris Lacy,WR,Raiders,2022,1,0.207,0.207,0.0,0.001,2018,Patriots,veteran,4,Bears,new_team_signing,1571
Chris Lacy,WR,Raiders,2023,1,0.87,0.87,0.0,0.004,2018,Patriots,veteran,5,Raiders,extension,1572
Chris Manhertz,TE,Panthers,2018,1,0.63,0.63,0.0,0.004,2014,Bills,veteran,4,Panthers,extension,1573
Chris Manhertz,TE,Panthers,2019,2,2.3,1.15,0.32,0.006,2014,Bills,veteran,5,Panthers,extension,1574
Chris Manhertz,TE,Jaguars,2021,2,6.65,3.325,4.25,0.018000000000000002,2014,Bills,veteran,7,Panthers,new_team_signing,1575
Chris Manhertz,TE,Broncos,2023,2,6.0,3.0,3.34,0.013000000000000001,2014,Bills,veteran,9,Jaguars,new_team_signing,1576
Chris Manhertz,TE,Giants,2024,1,1.3775,1.3775,0.1175,0.005,2014,Bills,veteran,10,Broncos,new_team_signing,1577
Chris Manhertz,TE,Giants,2025,1,1.4225,1.4225,0.5675,0.005,2014,Bills,veteran,11,Giants,extension,1578
Chris Manhertz,TE,Giants,2026,1,1.4875,1.4875,0.2625,0.005,2014,Bills,veteran,12,Giants,extension,1579
Chris Moore,WR,Ravens,2016,4,2.93636,0.73409,0.59636,0.005,2016,Ravens,rookie,0,Ravens,rookie_deal,1580
Chris Moore,WR,Ravens,2020,1,1.6725,1.6725,0.275,0.008,2016,Ravens,veteran,4,Ravens,extension,1581
Chris Moore,WR,Texans,2021,1,0.252,0.252,0.0,0.001,2016,Ravens,veteran,5,Ravens,new_team_signing,1582
Chris Moore,WR,Texans,2022,1,1.1875,1.1875,1.0475,0.006,2016,Ravens,veteran,6,Texans,extension,1583
Chris Moore,WR,Titans,2023,1,1.3175,1.3175,1.0,0.006,2016,Ravens,veteran,7,Texans,new_team_signing,1584
Chris Moore,WR,Commanders,2024,1,0.3024,0.3024,0.0,0.001,2016,Ravens,veteran,8,Titans,new_team_signing,1585
Chris Moore,WR,Commanders,2025,1,0.396,0.396,0.0,0.001,2016,Ravens,veteran,9,Commanders,extension,1586
Chris Myarick,TE,Dolphins,2019,1,0.495006,0.495006,0.0,0.003,2019,Dolphins,rookie,0,Dolphins,rookie_deal,1587
Chris Myarick,TE,Dolphins,2020,1,0.170282,0.170282,0.0,0.001,2019,Dolphins,veteran,1,Dolphins,extension,1588
Chris Myarick,TE,Giants,2021,1,0.1656,0.1656,0.0,0.001,2019,Dolphins,veteran,2,Dolphins,new_team_signing,1589
Chris Myarick,TE,Giants,2022,1,0.207,0.207,0.0,0.001,2019,Dolphins,veteran,3,Giants,extension,1590
Chris Myarick,TE,Giants,2023,1,1.01,1.01,0.0,0.004,2019,Dolphins,veteran,4,Giants,extension,1591
Chris Myarick,TE,Texans,2024,1,0.3834,0.3834,0.0,0.002,2019,Dolphins,veteran,5,Giants,new_team_signing,1592
Chris Myarick,TE,Dolphins,2025,1,0.315,0.315,0.0,0.001,2019,Dolphins,veteran,6,Texans,new_team_signing,1593
Chris Ogbonnaya,RB,Giants,2009,1,0.77,0.77,0.025,0.0,2009,Rams,rookie,0,Giants,rookie_deal,1594
Chris Oladokun,QB,Chiefs,2022,1,0.207,0.207,0.0,0.001,2022,Steelers,rookie,0,Chiefs,rookie_deal,1595
Chris Oladokun,QB,Chiefs,2023,1,0.216,0.216,0.0,0.001,2022,Steelers,veteran,1,Chiefs,extension,1596
Chris Oladokun,QB,Chiefs,2024,1,0.225,0.225,0.0,0.001,2022,Steelers,veteran,2,Chiefs,extension,1597
Chris Oladokun,QB,Chiefs,2025,1,0.234,0.234,0.0,0.001,2022,Steelers,veteran,3,Chiefs,extension,1598
Chris Olave,WR,Saints,2022,4,19.271872,4.817968,19.271872,0.023,2022,Saints,rookie,0,Saints,rookie_deal,1599
Chris Pierce Jr.,WR,Cardinals,2022,1,0.207,0.207,0.0,0.001,2022,Cardinals,rookie,0,Cardinals,rookie_deal,1600
Chris Pierce Jr.,WR,Panthers,2023,1,0.216,0.216,0.0,0.001,2022,Cardinals,veteran,1,Cardinals,new_team_signing,1601
Chris Pierce Jr.,WR,Panthers,2024,1,0.795,0.795,0.0,0.003,2022,Cardinals,veteran,2,Panthers,extension,1602
Chris Pressley,RB,Browns,2009,1,0.73,0.73,0.0,0.0,2009,Bengals,rookie,0,Browns,rookie_deal,1603
Chris Rainey,RB,Steelers,2012,4,2.281652,0.570413,0.181652,0.005,2012,Steelers,rookie,0,Steelers,rookie_deal,1604
Chris Rainey,RB,Colts,2013,2,1.05,0.525,0.0,0.004,2012,Steelers,veteran,1,Steelers,new_team_signing,1605
Chris Rainey,RB,Cardinals,2014,1,0.1071,0.1071,0.0,0.001,2012,Steelers,veteran,2,Colts,new_team_signing,1606
Chris Rodriguez Jr.,RB,Commanders,2023,4,4.017692,1.004423,0.177692,0.004,2023,Commanders,rookie,0,Commanders,rookie_deal,1607
Chris Rodriguez Jr.,RB,Commanders,2024,1,0.225,0.225,0.0,0.001,2023,Commanders,veteran,1,Commanders,extension,1608
Chris Rodriguez Jr.,RB,Commanders,2025,1,1.03,1.03,0.0,0.004,2023,Commanders,veteran,2,Commanders,extension,1609
Chris Rodriguez Jr.,RB,Jaguars,2026,2,10.0,5.0,6.2,0.017,2023,Commanders,veteran,3,Commanders,new_team_signing,1610
Chris Rowland,WR,Falcons,2020,1,0.1428,0.1428,0.0,0.001,2020,Falcons,rookie,0,Falcons,rookie_deal,1611
Chris Rowland,WR,Titans,2021,1,0.1656,0.1656,0.0,0.001,2020,Falcons,veteran,1,Falcons,new_team_signing,1612
Chris Smith,RB,Seahawks,2023,3,2.7015,0.9005,0.0065,0.004,2023,Seahawks,rookie,0,Seahawks,rookie_deal,1613
Chris Streveler,QB,Cardinals,2020,3,1.8,0.6,0.0,0.003,2020,Cardinals,rookie,0,Cardinals,rookie_deal,1614
Chris Streveler,QB,Ravens,2021,1,0.1656,0.1656,0.0,0.001,2020,Cardinals,veteran,1,Cardinals,new_team_signing,1615
Chris Streveler,QB,Jets,2022,1,0.207,0.207,0.0,0.001,2020,Cardinals,veteran,2,Ravens,new_team_signing,1616
Chris Streveler,QB,Jets,2023,1,1.01,1.01,0.0,0.004,2020,Cardinals,veteran,3,Jets,extension,1617
Chris Summers,WR,Bills,2012,2,0.93,0.465,0.0,0.0,2012,Bears,rookie,0,Bills,rookie_deal,1618
Chris Thompson,RB,Commanders,2013,4,2.345,0.58625,0.185,0.005,2013,Commanders,rookie,0,Commanders,rookie_deal,1619
Chris Thompson,RB,Commanders,2014,1,0.1071,0.1071,0.0,0.001,2013,Commanders,veteran,1,Commanders,extension,1620
Chris Thompson,RB,Commanders,2016,1,0.675,0.675,0.0,0.004,2013,Commanders,veteran,3,Commanders,extension,1621
Chris Thompson,WR,Texans,2017,1,0.1224,0.1224,0.0,0.001,2017,Texans,rookie,0,Texans,rookie_deal,1622
Chris Thompson,WR,49ers,2019,1,0.136,0.136,0.0,0.001,2017,Texans,veteran,2,Texans,new_team_signing,1623
Chris Thompson,WR,49ers,2020,2,1.26,0.63,0.0,0.003,2017,Texans,veteran,3,49ers,extension,1624
Chris Thompson,WR,Bears,2021,1,0.252,0.252,0.0,0.001,2017,Texans,veteran,4,49ers,new_team_signing,1625
Chris Tyree,WR,Saints,2025,3,2.975,0.991667,0.085,0.004,2025,Saints,rookie,0,Saints,rookie_deal,1626
Chris Warren,RB,Raiders,2018,3,1.71,0.57,0.0,0.003,2018,Raiders,rookie,0,Raiders,rookie_deal,1627
Chris Williams,WR,Bears,2009,1,0.42,0.42,0.0,0.0,2009,Dolphins,rookie,0,Bears,rookie_deal,1628
Chris Williams,WR,Bears,2014,2,1.005,0.5025,0.0,0.004,2009,Dolphins,veteran,5,Bears,extension,1629
Christian Blake,WR,Falcons,2018,1,0.1292,0.1292,0.0,0.001,2018,Falcons,rookie,0,Falcons,rookie_deal,1630
Christian Blake,WR,Falcons,2019,1,0.136,0.136,0.0,0.001,2018,Falcons,veteran,1,Falcons,extension,1631
Christian Blake,WR,Falcons,2021,1,0.85,0.85,0.0,0.005,2018,Falcons,veteran,3,Falcons,extension,1632
Christian Blake,WR,Cardinals,2022,1,0.965,0.965,0.0,0.005,2018,Falcons,veteran,4,Falcons,new_team_signing,1633
Christian Hackenberg,QB,Raiders,2016,4,4.660304,1.165076,2.039312,0.008,2016,Jets,rookie,0,Raiders,rookie_deal,1634
Christian Hackenberg,QB,Bengals,2018,1,0.1292,0.1292,0.0,0.001,2016,Jets,veteran,2,Raiders,new_team_signing,1635
Christian Kirk,WR,Cardinals,2018,4,5.894874,1.473719,3.595129,0.008,2018,Cardinals,rookie,0,Cardinals,rookie_deal,1636
Christian Kirk,WR,JAX/HOU,2022,4,72.0,18.0,37.0,0.086,2018,Cardinals,veteran,4,Cardinals,new_team_signing,1637
Christian Kirk,WR,49ers,2026,1,3.0,3.0,2.78,0.01,2018,Cardinals,veteran,8,JAX/HOU,new_team_signing,1638
Christian McCaffrey,RB,Panthers,2017,4,17.241304,4.310326,17.241304,0.026000000000000002,2017,Panthers,rookie,0,Panthers,rookie_deal,1639
Christian McCaffrey,RB,CAR/SF,2020,4,64.063412,16.015853,30.0625,0.081,2017,Panthers,veteran,3,Panthers,new_team_signing,1640
Christian McCaffrey,RB,49ers,2024,2,38.0,19.0,24.0,0.07400000000000001,2017,Panthers,veteran,7,CAR/SF,new_team_signing,1641
Christian Ponder,QB,Vikings,2011,4,10.158698,2.539675,10.158698,0.021,2011,Vikings,rookie,0,Vikings,rookie_deal,1642
Christian Ponder,QB,Broncos,2015,1,0.745,0.745,0.0,0.005,2011,Vikings,veteran,4,Vikings,new_team_signing,1643
Christian Ponder,QB,49ers,2016,1,0.8,0.8,0.0,0.005,2011,Vikings,veteran,5,Broncos,new_team_signing,1644
Christian Powell,RB,Steelers,2016,1,0.45,0.54,0.0,0.003,2016,Steelers,rookie,0,Steelers,rookie_deal,1645
Christian Scotland-Williamson,TE,Steelers,2018,1,0.1292,0.1292,0.0,0.001,2018,Steelers,rookie,0,Steelers,rookie_deal,1646
Christian Scotland-Williamson,TE,Steelers,2019,1,0.136,0.136,0.0,0.001,2018,Steelers,veteran,1,Steelers,extension,1647
Christian Scotland-Williamson,TE,Steelers,2020,1,0.51,0.51,0.0,0.003,2018,Steelers,veteran,2,Steelers,extension,1648
Christian Sims,TE,Rams,2023,3,2.702,0.900667,0.007,0.004,2023,Rams,rookie,0,Rams,rookie_deal,1649
Christian Trahan,TE,Bengals,2023,3,2.6965,0.898833,0.0015,0.004,2023,Bengals,rookie,0,Bengals,rookie_deal,1650
Christian Wade,RB,Bills,2019,1,0.136,0.136,0.0,0.001,2019,Bills,rookie,0,Bills,rookie_deal,1651
Christian Wade,RB,Bills,2020,1,0.1428,0.1428,0.0,0.001,2019,Bills,veteran,1,Bills,extension,1652
Christian Wade,RB,Bills,2021,2,1.485,0.7425,0.0,0.004,2019,Bills,veteran,2,Bills,extension,1653
Christian Watson,WR,Packers,2022,4,9.241026,2.310257,7.425885,0.011000000000000001,2022,Packers,rookie,0,Packers,rookie_deal,1654
Christian Watson,WR,Packers,2025,1,11.0,11.0,6.067078,0.039,2022,Packers,veteran,3,Packers,extension,1655
Christian Watson,WR,Packers,2026,4,92.0,23.0,31.0,0.076,2022,Packers,veteran,4,Packers,extension,1656
Christine Michael,RB,DAL/SEA,2013,4,3.37443,0.843608,1.014132,0.006999999999999999,2013,Seahawks,rookie,0,DAL/SEA,rookie_deal,1657
Christine Michael,RB,Commanders,2015,1,0.1122,0.1122,0.0,0.001,2013,Seahawks,veteran,2,DAL/SEA,new_team_signing,1658
Christine Michael,RB,GB/SEA,2016,1,0.725,0.725,0.025,0.005,2013,Seahawks,veteran,3,Commanders,new_team_signing,1659
Christine Michael,RB,Colts,2017,1,0.775,0.775,0.0,0.005,2013,Seahawks,veteran,4,GB/SEA,new_team_signing,1660
Christine Michael,RB,Colts,2018,1,0.79,0.79,0.0,0.004,2013,Seahawks,veteran,5,Colts,extension,1661
Christopher Brooks,RB,Dolphins,2023,3,2.697,0.899,0.02,0.004,2023,Dolphins,rookie,0,Dolphins,rookie_deal,1662
Christopher Brooks,RB,Packers,2024,1,0.225,0.225,0.0,0.001,2023,Dolphins,veteran,1,Dolphins,new_team_signing,1663
Christopher Brooks,RB,Packers,2026,2,4.85,2.425,0.65,0.008,2023,Dolphins,veteran,3,Packers,extension,1664
Christopher Herndon IV,TE,NYJ/MIN,2018,4,3.171368,0.792842,0.711368,0.004,2018,Jets,rookie,0,NYJ/MIN,rookie_deal,1665
Christopher Herndon IV,TE,Saints,2022,1,1.035,1.035,0.0,0.005,2018,Jets,veteran,4,NYJ/MIN,new_team_signing,1666
Chuba Hubbard,RB,Panthers,2021,4,4.193172,1.04829,0.713172,0.006,2021,Panthers,rookie,0,Panthers,rookie_deal,1667
Chuba Hubbard,RB,Panthers,2024,4,33.2,8.3,12.058,0.032,2021,Panthers,veteran,3,Panthers,extension,1668
Clay Burton,TE,Bills,2015,3,1.578,0.526,0.003,0.004,2015,Bills,rookie,0,Bills,rookie_deal,1669
Clayton Thorson,QB,Cowboys,2019,1,0.136,0.136,0.0,0.001,2019,Eagles,rookie,0,Cowboys,rookie_deal,1670
Clayton Thorson,QB,Giants,2020,1,0.1428,0.1428,0.0,0.001,2019,Eagles,veteran,1,Cowboys,new_team_signing,1671
Clayton Thorson,QB,Giants,2021,1,0.1656,0.1656,0.0,0.001,2019,Eagles,veteran,2,Giants,extension,1672
Clayton Tune,QB,Cardinals,2023,4,4.190624,1.047656,0.350624,0.005,2023,Cardinals,rookie,0,Cardinals,rookie_deal,1673
Clayton Tune,QB,Packers,2025,1,0.234,0.234,0.0,0.001,2023,Cardinals,veteran,2,Cardinals,new_team_signing,1674
Clayton Wilson,TE,Seahawks,2018,3,1.71,0.57,0.0,0.003,2018,Seahawks,rookie,0,Seahawks,rookie_deal,1675
Clint Ratkovich,RB,Falcons,2022,1,0.207,0.207,0.0,0.001,2022,Falcons,rookie,0,Falcons,rookie_deal,1676
Clint Ratkovich,RB,Falcons,2023,3,2.695,0.898333,0.0,0.004,2022,Falcons,veteran,1,Falcons,extension,1677
Clinton Portis,RB,Broncos,2002,4,2.65,0.6625,1.29,0.009000000000000001,2002,Broncos,rookie,0,Broncos,rookie_deal,1678
Clinton Portis,RB,Commanders,2004,6,49.165,8.194167,13.0,0.102,2002,Broncos,veteran,2,Broncos,new_team_signing,1679
Clinton Portis,RB,Commanders,2008,6,46.12,7.686667,15.756,0.066,2002,Broncos,veteran,6,Commanders,extension,1680
Clinton Toriano,RB,Colts,2023,1,2.695,0.898333,0.0,0.004,2023,Colts,rookie,0,Colts,rookie_deal,1681
Clive Walford,TE,LV/NYJ,2015,4,3.34545,0.836363,0.794504,0.006,2015,Raiders,rookie,0,LV/NYJ,rookie_deal,1682
Clive Walford,TE,Colts,2018,1,0.705,0.705,0.0,0.004,2015,Raiders,veteran,3,LV/NYJ,new_team_signing,1683
Clive Walford,TE,Dolphins,2019,1,0.72,0.72,0.0,0.004,2015,Raiders,veteran,4,Colts,new_team_signing,1684
Clyde Edwards-Helaire,RB,Chiefs,2020,4,10.821576,2.705394,9.95585,0.013999999999999999,2020,Chiefs,rookie,0,Chiefs,rookie_deal,1685
Clyde Edwards-Helaire,RB,Saints,2024,1,0.324,0.324,0.0,0.001,2020,Chiefs,veteran,4,Chiefs,new_team_signing,1686
Clyde Edwards-Helaire,RB,Chiefs,2025,1,0.396,0.396,0.0,0.001,2020,Chiefs,veteran,5,Saints,new_team_signing,1687
Clyde Gates,WR,Dolphins,2011,4,2.493152,0.623288,0.453152,0.005,2011,Dolphins,rookie,0,Dolphins,rookie_deal,1688
Cobi Hamilton,WR,Bengals,2013,1,0.102,0.102,0.0,0.001,2013,Bengals,rookie,0,Bengals,rookie_deal,1689
Cobi Hamilton,WR,Bengals,2014,1,0.1071,0.1071,0.0,0.001,2013,Bengals,veteran,1,Bengals,extension,1690
Cobi Hamilton,WR,MIA/CIN,2015,2,0.96,0.48,0.0,0.003,2013,Bengals,veteran,2,Bengals,new_team_signing,1691
Cobi Hamilton,WR,Steelers,2016,1,0.1173,0.1173,0.0,0.001,2013,Bengals,veteran,3,MIA/CIN,new_team_signing,1692
Cobi Hamilton,WR,Texans,2017,1,0.1224,0.1224,0.0,0.001,2013,Bengals,veteran,4,Steelers,new_team_signing,1693
Cobi Hamilton,WR,Colts,2018,1,0.63,0.63,0.0,0.004,2013,Bengals,veteran,5,Texans,new_team_signing,1694
Coby Fleener,TE,Colts,2012,4,5.341648,1.335412,3.767638,0.011000000000000001,2012,Colts,rookie,0,Colts,rookie_deal,1695
Coby Fleener,TE,Saints,2016,5,36.0,7.2,14.6,0.046,2012,Colts,veteran,4,Colts,new_team_signing,1696
Codey McElroy,TE,Rams,2018,3,1.73,0.576667,0.02,0.003,2018,Rams,rookie,0,Rams,rookie_deal,1697
Codey McElroy,TE,Buccaneers,2019,1,0.136,0.136,0.0,0.001,2018,Rams,veteran,1,Rams,new_team_signing,1698
Codey McElroy,TE,Buccaneers,2020,1,0.1428,0.1428,0.0,0.001,2018,Rams,veteran,2,Buccaneers,extension,1699
Codey McElroy,WR,Buccaneers,2021,1,0.1656,0.1656,0.0,0.001,2018,Rams,veteran,3,Buccaneers,extension,1700
Codey McElroy,TE,Buccaneers,2022,2,1.575,0.7875,0.0,0.004,2018,Rams,veteran,4,Buccaneers,extension,1701
Cody Chrest,WR,Steelers,2023,1,0.75,0.75,0.0,0.003,2023,Colts,rookie,0,Steelers,rookie_deal,1702
Cody Core,WR,NYG/CIN,2016,4,2.467932,0.616983,0.127932,0.004,2016,Bengals,rookie,0,NYG/CIN,rookie_deal,1703
Cody Core,WR,Giants,2020,2,4.0,2.0,1.0,0.01,2016,Bengals,veteran,4,NYG/CIN,new_team_signing,1704
Cody Core,WR,Dolphins,2021,1,0.252,0.252,0.0,0.001,2016,Bengals,veteran,5,Giants,new_team_signing,1705
Cody Core,WR,Dolphins,2022,1,1.035,1.035,0.0,0.005,2016,Bengals,veteran,6,Dolphins,extension,1706
Cody Fajardo,QB,Raiders,2015,3,1.5875,0.529167,0.0125,0.004,2015,Raiders,rookie,0,Raiders,rookie_deal,1707
Cody Hardy,TE,Saints,2026,3,3.12,1.04,0.17,0.003,2026,Saints,rookie,0,Saints,rookie_deal,1708
Cody Hoffman,WR,Commanders,2014,4,1.53,0.51,0.0,0.0,2014,Commanders,rookie,0,Commanders,rookie_deal,1709
Cody Hollister,WR,Patriots,2017,1,0.17,0.17,0.0,0.001,2017,Patriots,rookie,0,Patriots,rookie_deal,1710
Cody Hollister,WR,Patriots,2018,1,0.48,0.48,0.0,0.003,2017,Patriots,veteran,1,Patriots,extension,1711
Cody Hollister,WR,Titans,2019,1,0.136,0.136,0.0,0.001,2017,Patriots,veteran,2,Patriots,new_team_signing,1712
Cody Hollister,WR,Titans,2020,1,0.1428,0.1428,0.0,0.001,2017,Patriots,veteran,3,Titans,extension,1713
Cody Hollister,WR,Titans,2021,1,0.1656,0.1656,0.0,0.001,2017,Patriots,veteran,4,Titans,extension,1714
Cody Hollister,WR,Titans,2022,1,0.895,0.895,0.0,0.004,2017,Patriots,veteran,5,Titans,extension,1715
Cody Kessler,QB,CLE/JAX,2016,4,3.389082,0.847271,0.664788,0.005,2016,Browns,rookie,0,CLE/JAX,rookie_deal,1716
Cody Kessler,QB,Patriots,2019,2,1.54,0.77,0.0,0.004,2016,Browns,veteran,3,CLE/JAX,new_team_signing,1717
Cody Latimer,WR,Broncos,2014,4,3.70865,0.927163,2.025755,0.006999999999999999,2014,Broncos,rookie,0,Broncos,rookie_deal,1718
Cody Latimer,WR,Giants,2018,1,2.5,2.5,2.475,0.013999999999999999,2014,Broncos,veteran,4,Broncos,new_team_signing,1719
Cody Latimer,WR,Giants,2019,1,1.5,1.5,0.4,0.008,2014,Broncos,veteran,5,Giants,extension,1720
Cody Latimer,WR,Commanders,2020,1,1.0475,1.0475,0.1375,0.005,2014,Broncos,veteran,6,Giants,new_team_signing,1721
Cody Schrader,RB,LAR/SF,2024,3,2.842,0.947333,0.232,0.004,2024,49ers,rookie,0,LAR/SF,rookie_deal,1722
Cody Schrader,RB,Rams,2025,1,0.234,0.234,0.0,0.001,2024,49ers,veteran,1,LAR/SF,new_team_signing,1723
Cody Schrader,RB,Broncos,2026,1,1.075,1.075,0.0,0.004,2024,49ers,veteran,2,Rams,new_team_signing,1724
Cody Thompson,WR,Seahawks,2019,1,0.136,0.136,0.0,0.001,2019,Chiefs,rookie,0,Seahawks,rookie_deal,1725
Cody Thompson,WR,Seahawks,2020,1,0.1428,0.1428,0.0,0.001,2019,Chiefs,veteran,1,Seahawks,extension,1726
Cody Thompson,WR,Seahawks,2021,1,0.1656,0.1656,0.0,0.001,2019,Chiefs,veteran,2,Seahawks,extension,1727
Cody Thompson,WR,Seahawks,2022,1,0.825,0.825,0.0,0.004,2019,Chiefs,veteran,3,Seahawks,extension,1728
Cody Thompson,WR,Seahawks,2023,1,0.216,0.216,0.0,0.001,2019,Chiefs,veteran,4,Seahawks,extension,1729
Cody Thompson,WR,Buccaneers,2024,1,0.225,0.225,0.0,0.001,2019,Chiefs,veteran,5,Seahawks,new_team_signing,1730
Cody White,WR,Steelers,2020,1,0.1428,0.1428,0.0,0.001,2020,Chiefs,rookie,0,Steelers,rookie_deal,1731
Cody White,WR,Steelers,2021,1,0.1656,0.1656,0.0,0.001,2020,Chiefs,veteran,1,Steelers,extension,1732
Cody White,WR,Steelers,2022,1,0.207,0.207,0.0,0.001,2020,Chiefs,veteran,2,Steelers,extension,1733
Cody White,WR,Seahawks,2023,1,0.216,0.216,0.0,0.001,2020,Chiefs,veteran,3,Steelers,new_team_signing,1734
Cody White,WR,Seahawks,2024,1,0.225,0.225,0.0,0.001,2020,Chiefs,veteran,4,Seahawks,extension,1735
Cody White,WR,Seahawks,2025,1,0.234,0.234,0.0,0.001,2020,Chiefs,veteran,5,Seahawks,extension,1736
Cody White,WR,Seahawks,2026,1,1.145,1.145,0.0,0.004,2020,Chiefs,veteran,6,Seahawks,extension,1737
Cody Wilson,WR,Lions,2013,1,0.42,0.42,0.0,0.0,2013,Lions,rookie,0,Lions,rookie_deal,1738
Colbie Young,WR,Bengals,2026,4,5.169036,1.292259,0.789036,0.004,2026,Bengals,rookie,0,Bengals,rookie_deal,1739
Colby Parkinson,TE,Seahawks,2020,4,3.96544,0.99136,0.67044,0.005,2020,Seahawks,rookie,0,Seahawks,rookie_deal,1740
Colby Parkinson,TE,Rams,2024,3,22.5,7.5,10.25,0.028999999999999998,2020,Seahawks,veteran,4,Seahawks,new_team_signing,1741
Colby Pearson,WR,Packers,2017,1,0.1224,0.1224,0.0,0.001,2017,Packers,rookie,0,Packers,rookie_deal,1742
Colby Pearson,WR,Packers,2018,1,0.48,0.48,0.0,0.003,2017,Packers,veteran,1,Packers,extension,1743
Colby Suits,QB,Jets,2024,3,2.83,0.943333,0.0,0.004,2024,Jets,rookie,0,Jets,rookie_deal,1744
Cole Beasley,WR,Cowboys,2012,3,1.4415,0.4805,0.0,0.004,2012,Cowboys,rookie,0,Cowboys,rookie_deal,1745
Cole Beasley,WR,Cowboys,2015,4,13.606,3.4015,5.0,0.024,2012,Cowboys,veteran,3,Cowboys,extension,1746
Cole Beasley,WR,Bills,2019,4,29.0,7.25,10.7,0.039,2012,Cowboys,veteran,7,Cowboys,new_team_signing,1747
Cole Beasley,WR,Bills,2022,1,0.2772,0.2772,0.0,0.001,2012,Cowboys,veteran,10,Bills,extension,1748
Cole Beasley,WR,Giants,2023,1,0.3708,0.3708,0.0,0.002,2012,Cowboys,veteran,11,Bills,new_team_signing,1749
Cole Burgess,WR,Bengals,2024,1,0.225,0.225,0.0,0.001,2024,Bengals,rookie,0,Bengals,rookie_deal,1750
Cole Burgess,WR,Bengals,2025,1,0.84,0.84,0.0,0.003,2024,Bengals,veteran,1,Bengals,extension,1751
Cole Burgess,WR,Steelers,2026,1,0.885,0.885,0.0,0.003,2024,Bengals,veteran,2,Bengals,new_team_signing,1752
Cole Fotheringham,TE,Raiders,2022,1,0.207,0.207,0.0,0.001,2022,Raiders,rookie,0,Raiders,rookie_deal,1753
Cole Fotheringham,TE,Raiders,2023,1,0.216,0.216,0.0,0.001,2022,Raiders,veteran,1,Raiders,extension,1754
Cole Fotheringham,TE,Texans,2024,1,0.225,0.225,0.0,0.001,2022,Raiders,veteran,2,Raiders,new_team_signing,1755
Cole Fotheringham,TE,Broncos,2025,1,0.84,0.84,0.0,0.003,2022,Raiders,veteran,3,Texans,new_team_signing,1756
Cole Herdman,TE,Lions,2019,1,0.136,0.136,0.0,0.001,2019,Ravens,rookie,0,Lions,rookie_deal,1757
Cole Herdman,TE,Titans,2020,2,1.11,0.555,0.0,0.003,2019,Ravens,veteran,1,Lions,new_team_signing,1758
Cole Hikutini,TE,49ers,2017,1,0.17,0.17,0.0,0.001,2017,49ers,rookie,0,49ers,rookie_deal,1759
Cole Hikutini,TE,Vikings,2018,1,0.34,0.34,0.0,0.002,2017,49ers,veteran,1,49ers,new_team_signing,1760
Cole Hikutini,TE,Cowboys,2019,1,0.136,0.136,0.0,0.001,2017,49ers,veteran,2,Vikings,new_team_signing,1761
Cole Hikutini,TE,Cowboys,2020,1,0.1428,0.1428,0.0,0.001,2017,49ers,veteran,3,Cowboys,extension,1762
Cole Hikutini,TE,Giants,2021,1,0.78,0.78,0.0,0.004,2017,49ers,veteran,4,Cowboys,new_team_signing,1763
Cole Hunt,TE,Chargers,2018,3,1.71,0.57,0.0,0.003,2018,Chargers,rookie,0,Chargers,rookie_deal,1764
Cole Hunt,TE,Panthers,2019,1,0.495,0.495,0.0,0.003,2018,Chargers,veteran,1,Chargers,new_team_signing,1765
Cole Kelley,QB,Commanders,2022,3,2.565,0.855,0.005,0.004,2022,Commanders,rookie,0,Commanders,rookie_deal,1766
Cole Kmet,TE,Bears,2020,4,7.577786,1.894447,4.635561,0.01,2020,Bears,rookie,0,Bears,rookie_deal,1767
Cole Kmet,TE,Bears,2023,4,50.0,12.5,22.893,0.055999999999999994,2020,Bears,veteran,3,Bears,extension,1768
Cole McDonald,QB,Titans,2020,4,3.396684,0.849171,0.101684,0.004,2020,Titans,rookie,0,Titans,rookie_deal,1769
Cole McDonald,QB,Cardinals,2021,1,0.66,0.66,0.0,0.004,2020,Titans,veteran,1,Titans,new_team_signing,1770
Cole Payton,QB,Eagles,2026,4,4.759476,1.189869,0.379476,0.004,2026,Eagles,rookie,0,Eagles,rookie_deal,1771
Cole Stoudt,QB,Chargers,2015,3,1.577,0.525667,0.002,0.0,2015,Chargers,rookie,0,Chargers,rookie_deal,1772
Cole Turner,TE,Commanders,2022,4,3.99888,0.99972,0.33888,0.005,2022,Commanders,rookie,0,Commanders,rookie_deal,1773
Cole Turner,TE,Commanders,2024,1,0.225,0.225,0.0,0.001,2022,Commanders,veteran,2,Commanders,extension,1774
Cole Turner,TE,Titans,2025,1,0.234,0.234,0.0,0.001,2022,Commanders,veteran,3,Commanders,new_team_signing,1775
Cole Turner,TE,Dolphins,2026,1,1.075,1.075,0.0,0.004,2022,Commanders,veteran,4,Titans,new_team_signing,1776
Cole Wick,TE,Lions,2016,3,1.63,0.543333,0.01,0.003,2016,Lions,rookie,0,Lions,rookie_deal,1777
Cole Wick,TE,Lions,2017,1,0.1224,0.1224,0.0,0.001,2016,Lions,veteran,1,Lions,extension,1778
Cole Wick,TE,49ers,2018,1,0.1292,0.1292,0.0,0.001,2016,Lions,veteran,2,Lions,new_team_signing,1779
Cole Wick,TE,Raiders,2019,1,0.136,0.136,0.0,0.001,2016,Lions,veteran,3,49ers,new_team_signing,1780
Cole Wick,TE,Saints,2020,1,0.66,0.66,0.0,0.003,2016,Lions,veteran,4,Raiders,new_team_signing,1781
Coleman Bennett,RB,Bears,2026,3,3.12,1.04,0.145,0.003,2026,Bears,rookie,0,Bears,rookie_deal,1782
Coleman Owen,WR,Colts,2025,1,0.234,0.234,0.0,0.001,2025,Colts,rookie,0,Colts,rookie_deal,1783
Coleman Owen,WR,Colts,2026,1,0.885,0.885,0.0,0.003,2025,Colts,veteran,1,Colts,extension,1784
Colin Anderson,TE,Jets,2013,3,1.53,0.51,0.0,0.0,2013,Vikings,rookie,0,Jets,rookie_deal,1785
Colin Cochart,TE,Bengals,2011,3,0.0,0.0,0.0,0.0,2011,Bengals,rookie,0,Bengals,rookie_deal,1786
Colin Granger,TE,Panthers,2025,3,2.965,0.988333,0.0,0.004,2025,Panthers,rookie,0,Panthers,rookie_deal,1787
Colin Jeter,TE,Colts,2017,3,1.666,0.555333,0.001,0.003,2017,Colts,rookie,0,Colts,rookie_deal,1788
Colin Jeter,TE,Buccaneers,2018,1,0.48,0.48,0.0,0.003,2017,Colts,veteran,1,Colts,new_team_signing,1789
Colin Kaepernick,QB,49ers,2011,4,5.124296,1.281074,3.8,0.011000000000000001,2011,,rookie,0,49ers,rookie_deal,1790
Colin Kaepernick,QB,49ers,2014,6,114.0,19.0,12.973766,0.14300000000000002,2011,,veteran,3,49ers,extension,1791
Colin Kaepernick,QB,49ers,2016,2,31.2,15.6,13.275,0.1,2011,,veteran,5,49ers,extension,1792
Colin Lockett,WR,Commanders,2014,2,0.96,0.48,0.0,0.0,2014,Bengals,rookie,0,Commanders,rookie_deal,1793
Colin Thompson,TE,Bears,2017,1,0.1224,0.1224,0.0,0.001,2017,Giants,rookie,0,Bears,rookie_deal,1794
Colin Thompson,TE,Bears,2018,1,0.48,0.48,0.0,0.003,2017,Giants,veteran,1,Bears,extension,1795
Colin Thompson,TE,Panthers,2020,1,0.61,0.61,0.0,0.003,2017,Giants,veteran,3,Bears,new_team_signing,1796
Colin Thompson,TE,Panthers,2021,1,0.1656,0.1656,0.0,0.001,2017,Giants,veteran,4,Panthers,extension,1797
Colin Thompson,TE,Panthers,2022,1,0.207,0.207,0.0,0.001,2017,Giants,veteran,5,Panthers,extension,1798
Colin Thompson,TE,Vikings,2023,1,0.94,0.94,0.0,0.004,2017,Giants,veteran,6,Panthers,new_team_signing,1799
Collin Johnson,WR,JAX/NYG,2020,4,3.602152,0.900538,0.307152,0.005,2020,Jaguars,rookie,0,JAX/NYG,rookie_deal,1800
Collin Johnson,WR,Bears,2023,1,0.2898,0.2898,0.0,0.001,2020,Jaguars,veteran,3,JAX/NYG,new_team_signing,1801
Collin Johnson,WR,Bears,2024,1,0.3834,0.3834,0.0,0.002,2020,Jaguars,veteran,4,Bears,extension,1802
Collin Johnson,WR,Raiders,2025,1,1.17,1.17,0.0,0.004,2020,Jaguars,veteran,5,Bears,new_team_signing,1803
Colson Yankoff,RB,Commanders,2024,3,2.84,0.946667,0.05,0.004,2024,Commanders,rookie,0,Commanders,rookie_deal,1804
Colston Loveland,TE,Bears,2025,4,26.636008,6.659002,26.636008,0.024,2025,Bears,rookie,0,Bears,rookie_deal,1805
Colt McCoy,QB,Browns,2010,4,2.541,0.63525,0.751,0.005,2010,Browns,rookie,0,Browns,rookie_deal,1806
Colt McCoy,QB,Commanders,2014,1,0.795,0.795,0.065,0.006,2010,Browns,veteran,4,Browns,new_team_signing,1807
Colt McCoy,QB,Commanders,2015,1,1.5,1.5,0.15,0.01,2010,Browns,veteran,5,Commanders,extension,1808
Colt McCoy,QB,Commanders,2016,3,9.0,3.0,1.8,0.019,2010,Browns,veteran,6,Commanders,extension,1809
Colt McCoy,QB,Commanders,2018,2,6.5,3.25,2.0,0.018000000000000002,2010,Browns,veteran,8,Commanders,extension,1810
Colt McCoy,QB,Giants,2020,1,2.25,2.25,1.7,0.011000000000000001,2010,Browns,veteran,10,Commanders,new_team_signing,1811
Colt McCoy,QB,Cardinals,2021,1,1.2125,1.2125,0.1375,0.006999999999999999,2010,Browns,veteran,11,Giants,new_team_signing,1812
Colt McCoy,QB,Cardinals,2022,2,7.5,3.25,6.0,0.016,2010,Browns,veteran,12,Cardinals,extension,1813
Colton Dowell,WR,Titans,2023,4,3.942696,0.985674,0.102696,0.004,2023,Titans,rookie,0,Titans,rookie_deal,1814
Colton Dowell,WR,Ravens,2025,1,0.234,0.234,0.0,0.001,2023,Titans,veteran,2,Titans,new_team_signing,1815
Colton Dowell,WR,49ers,2026,1,1.075,1.075,0.0,0.004,2023,Titans,veteran,3,Ravens,new_team_signing,1816
Connor Bazelak,QB,Buccaneers,2025,1,0.234,0.234,0.0,0.001,2025,Buccaneers,rookie,0,Buccaneers,rookie_deal,1817
Connor Bazelak,QB,Buccaneers,2026,1,1.005,1.005,0.0,0.003,2025,Buccaneers,veteran,1,Buccaneers,extension,1818
Connor Cook,QB,Raiders,2016,4,2.959888,0.739972,0.619888,0.005,2016,Raiders,rookie,0,Raiders,rookie_deal,1819
Connor Cook,QB,Panthers,2018,1,0.1292,0.1292,0.0,0.001,2016,Raiders,veteran,2,Raiders,new_team_signing,1820
Connor Cook,QB,Lions,2019,1,0.685,0.685,0.0,0.004,2016,Raiders,veteran,3,Panthers,new_team_signing,1821
Connor Davis,TE,Jets,2020,1,0.1428,0.1428,0.0,0.001,2020,Jets,rookie,0,Jets,rookie_deal,1822
Connor Davis,TE,Browns,2021,1,0.66,0.66,0.0,0.004,2020,Jets,veteran,1,Jets,new_team_signing,1823
Connor Halliday,QB,Commanders,2015,3,1.5825,0.5275,0.0075,0.0,2015,Commanders,rookie,0,Commanders,rookie_deal,1824
Connor Heyward,TE,Steelers,2022,4,3.815224,0.953806,0.155224,0.005,2022,Steelers,rookie,0,Steelers,rookie_deal,1825
Connor Heyward,TE,Raiders,2026,2,4.5,2.25,2.0,0.006999999999999999,2022,Steelers,veteran,4,Steelers,new_team_signing,1826
Connor Jessop,QB,Commanders,2018,3,1.71,0.57,0.0,0.003,2018,Commanders,rookie,0,Commanders,rookie_deal,1827
Connor Wedington,WR,49ers,2021,1,0.1656,0.1656,0.0,0.001,2021,Seahawks,rookie,0,49ers,rookie_deal,1828
Connor Wedington,WR,49ers,2022,1,0.207,0.207,0.0,0.001,2021,Seahawks,veteran,1,49ers,extension,1829
Connor Wedington,WR,Seahawks,2023,1,0.75,0.75,0.0,0.003,2021,Seahawks,veteran,2,49ers,new_team_signing,1830
Cooper Kupp,WR,Rams,2017,4,3.832093,0.958023,0.95476,0.006,2017,Rams,rookie,0,Rams,rookie_deal,1831
Cooper Kupp,WR,Rams,2020,3,47.25,15.75,20.633,0.079,2017,Rams,veteran,3,Rams,extension,1832
Cooper Kupp,WR,Rams,2022,3,80.1,26.7,35.0,0.128,2017,Rams,veteran,5,Rams,extension,1833
Cooper Kupp,WR,Seahawks,2025,3,45.0,15.0,17.5,0.054000000000000006,2017,Rams,veteran,8,Rams,new_team_signing,1834
Cooper Rush,QB,Cowboys,2017,3,1.67,0.556667,0.005,0.003,2017,Cowboys,rookie,0,Cowboys,rookie_deal,1835
Cooper Rush,QB,DAL/NYG,2020,1,0.204,0.204,0.0,0.001,2017,Cowboys,veteran,3,Cowboys,new_team_signing,1836
Cooper Rush,QB,Cowboys,2021,2,1.955,0.9775,0.0,0.005,2017,Cowboys,veteran,4,DAL/NYG,new_team_signing,1837
Cooper Rush,QB,Cowboys,2022,1,0.3582,0.3582,0.0,0.002,2017,Cowboys,veteran,5,Cowboys,extension,1838
Cooper Rush,QB,Cowboys,2023,2,5.0,2.5,2.75,0.011000000000000001,2017,Cowboys,veteran,6,Cowboys,extension,1839
Cooper Rush,QB,Ravens,2025,2,6.2,3.1,4.0,0.011000000000000001,2017,Cowboys,veteran,8,Cowboys,new_team_signing,1840
Cordarrelle Patterson,WR,Vikings,2013,4,7.221046,1.805262,5.831359,0.015,2013,Vikings,rookie,0,Vikings,rookie_deal,1841
Cordarrelle Patterson,WR,Raiders,2017,2,8.5,4.25,5.0,0.025,2013,Vikings,veteran,4,Vikings,new_team_signing,1842
Cordarrelle Patterson,WR,Bears,2019,2,10.0,5.0,5.0,0.027000000000000003,2013,Vikings,veteran,6,Raiders,new_team_signing,1843
Cordarrelle Patterson,WR,Falcons,2021,1,3.0,3.0,1.7,0.016,2013,Vikings,veteran,8,Bears,new_team_signing,1844
Cordarrelle Patterson,RB,Falcons,2022,2,10.5,5.25,5.0,0.025,2013,Vikings,veteran,9,Falcons,extension,1845
Cordarrelle Patterson,WR,Steelers,2024,2,6.0,3.0,1.9,0.012,2013,Vikings,veteran,11,Falcons,new_team_signing,1846
Cordell Roberson,WR,Bills,2013,3,1.485,0.495,0.0,0.0,2013,Browns,rookie,0,Bills,rookie_deal,1847
Corey Brown,WR,Broncos,2018,1,0.705,0.705,0.0,0.004,2014,Panthers,veteran,4,Bills,new_team_signing,1848
Corey Clement,RB,Eagles,2017,3,1.675,0.558333,0.035,0.003,2017,Eagles,rookie,0,Eagles,rookie_deal,1849
Corey Clement,RB,Eagles,2020,1,0.825,0.825,0.0,0.004,2017,Eagles,veteran,3,Eagles,extension,1850
Corey Clement,RB,Cowboys,2021,1,0.99,0.99,0.0,0.005,2017,Eagles,veteran,4,Eagles,new_team_signing,1851
Corey Clement,RB,Cardinals,2022,1,0.2772,0.2772,0.0,0.001,2017,Eagles,veteran,5,Cowboys,new_team_signing,1852
Corey Clement,RB,Cardinals,2023,1,0.2898,0.2898,0.0,0.001,2017,Eagles,veteran,6,Cardinals,extension,1853
Corey Coleman,WR,CLE/BUF,2016,4,11.654984,2.913746,11.654984,0.019,2016,Browns,rookie,0,CLE/BUF,rookie_deal,1854
Corey Coleman,WR,Patriots,2018,1,0.1292,0.1292,0.0,0.001,2016,Browns,veteran,2,CLE/BUF,new_team_signing,1855
Corey Coleman,WR,Giants,2019,1,0.72,0.72,0.0,0.004,2016,Browns,veteran,3,Patriots,new_team_signing,1856
Corey Coleman,WR,Giants,2020,1,0.204,0.204,0.0,0.001,2016,Browns,veteran,4,Giants,extension,1857
Corey Coleman,WR,Chiefs,2022,1,0.2772,0.2772,0.0,0.001,2016,Browns,veteran,6,Giants,new_team_signing,1858
Corey Crooms,WR,Cowboys,2024,3,2.833,0.944333,0.003,0.004,2024,Cowboys,rookie,0,Cowboys,rookie_deal,1859
Corey Davis,WR,Titans,2017,4,25.39475,6.348688,25.39475,0.038,2017,Titans,rookie,0,Titans,rookie_deal,1860
Corey Davis,WR,Jets,2021,3,37.5,12.5,27.0,0.068,2017,Titans,veteran,4,Titans,new_team_signing,1861
Corey Fuller,WR,Lions,2013,1,0.102,0.102,0.0,0.001,2013,Lions,rookie,0,Lions,rookie_deal,1862
Corey Fuller,WR,Lions,2014,2,0.93,0.465,0.0,0.003,2013,Lions,veteran,1,Lions,extension,1863
Corey Fuller,WR,Lions,2016,1,0.204,0.204,0.0,0.001,2013,Lions,veteran,3,Lions,extension,1864
Corey Grant,RB,Jaguars,2015,3,1.58,0.526667,0.005,0.004,2015,Jaguars,rookie,0,Jaguars,rookie_deal,1865
Corey Grant,RB,Jaguars,2018,1,2.914,2.914,0.0,0.016,2015,Jaguars,veteran,3,Jaguars,extension,1866
Corey Grant,RB,Packers,2019,1,0.895,0.895,0.06,0.005,2015,Jaguars,veteran,4,Jaguars,new_team_signing,1867
Corey Kiner,RB,Vikings,2025,1,0.234,0.234,0.0,0.001,2025,49ers,rookie,0,Vikings,rookie_deal,1868
Corey Rucker,WR,Raiders,2026,3,3.125,1.041667,0.2725,0.003,2026,Raiders,rookie,0,Raiders,rookie_deal,1869
Corey Sutton,WR,Lions,2022,3,2.575,0.858333,0.05,0.004,2022,Lions,rookie,0,Lions,rookie_deal,1870
Corey Taylor,RB,Browns,2021,3,2.425,0.808333,0.0,0.004,2021,Browns,rookie,0,Browns,rookie_deal,1871
Corey Willis,WR,Cardinals,2018,3,1.71,0.57,0.0,0.003,2018,Cardinals,rookie,0,Cardinals,rookie_deal,1872
Cornelius Johnson,WR,Packers,2024,1,0.225,0.225,0.0,0.001,2024,Chargers,rookie,0,Packers,rookie_deal,1873
Cornelius Johnson,WR,Ravens,2025,1,0.234,0.234,0.0,0.001,2024,Chargers,veteran,1,Packers,new_team_signing,1874
Cornelius Johnson,WR,Ravens,2026,1,0.885,0.885,0.0,0.003,2024,Chargers,veteran,2,Ravens,extension,1875
Cornell Powell,WR,Chiefs,2021,1,0.1656,0.1656,0.0,0.001,2021,Chiefs,rookie,0,Chiefs,rookie_deal,1876
Cornell Powell,WR,Chiefs,2022,1,0.207,0.207,0.0,0.001,2021,Chiefs,veteran,1,Chiefs,extension,1877
Cornell Powell,WR,Chiefs,2023,1,0.216,0.216,0.0,0.001,2021,Chiefs,veteran,2,Chiefs,extension,1878
Cornell Powell,WR,Chiefs,2024,1,0.225,0.225,0.0,0.001,2021,Chiefs,veteran,3,Chiefs,extension,1879
Cornell Powell,WR,Steelers,2025,1,0.234,0.234,0.0,0.001,2021,Chiefs,veteran,4,Chiefs,new_team_signing,1880
Cortez Braham,WR,Ravens,2026,3,3.1075,1.035833,0.0075,0.003,2026,Ravens,rookie,0,Ravens,rookie_deal,1881
Cortrelle Simpson,WR,Buccaneers,2019,3,1.756,0.585333,0.001,0.003,2019,Buccaneers,rookie,0,Buccaneers,rookie_deal,1882
Courtland Sutton,WR,Broncos,2018,4,6.84193,1.710483,4.326945,0.01,2018,Broncos,rookie,0,Broncos,rookie_deal,1883
Courtland Sutton,WR,Broncos,2021,4,60.0,15.0,18.848944,0.08199999999999999,2018,Broncos,veteran,3,Broncos,extension,1884
Courtland Sutton,WR,Broncos,2024,2,27.5,13.75,0.0,0.054000000000000006,2018,Broncos,veteran,6,Broncos,extension,1885
Courtland Sutton,WR,Broncos,2025,4,92.0,23.0,40.0,0.08199999999999999,2018,Broncos,veteran,7,Broncos,extension,1886
Courtney Jackson,WR,Seahawks,2025,1,0.234,0.234,0.0,0.001,2025,Broncos,rookie,0,Seahawks,rookie_deal,1887
Courtney Jackson,WR,Titans,2026,1,0.885,0.885,0.0,0.003,2025,Broncos,veteran,1,Seahawks,new_team_signing,1888
Craig Reynolds,RB,Falcons,2019,1,0.136,0.136,0.0,0.001,2019,Commanders,rookie,0,Falcons,rookie_deal,1889
Craig Reynolds,RB,Jaguars,2020,1,0.064906,0.064906,0.0,0.0,2019,Commanders,veteran,1,Falcons,new_team_signing,1890
Craig Reynolds,RB,Lions,2021,1,0.1656,0.1656,0.0,0.001,2019,Commanders,veteran,2,Jaguars,new_team_signing,1891
Craig Reynolds,RB,Lions,2023,1,1.08,1.08,0.0,0.005,2019,Commanders,veteran,4,Lions,extension,1892
Craig Reynolds,RB,Lions,2024,1,1.125,1.125,0.0,0.004,2019,Commanders,veteran,5,Lions,extension,1893
Craig Reynolds,RB,Patriots,2025,1,0.396,0.396,0.0,0.001,2019,Commanders,veteran,6,Lions,new_team_signing,1894
Craig Stevens,TE,Titans,2008,4,2.402,0.6005,0.697,0.005,2008,Titans,rookie,0,Titans,rookie_deal,1895
Craig Stevens,TE,Titans,2012,4,14.4,3.6,4.0,0.03,2008,Titans,veteran,4,Titans,extension,1896
Craig Stevens,TE,Titans,2014,2,5.2,2.6,0.5,0.02,2008,Titans,veteran,6,Titans,extension,1897
Craig Stevens,TE,Titans,2015,1,1.6,1.6,0.35,0.011000000000000001,2008,Titans,veteran,7,Titans,extension,1898
Craig Stevens,TE,Titans,2016,1,1.9,1.9,0.0,0.012,2008,Titans,veteran,8,Titans,extension,1899
Crockett Gillmore,TE,Ravens,2014,4,2.731016,0.682754,0.506016,0.005,2014,Ravens,rookie,0,Ravens,rookie_deal,1900
Curtis Hodges,TE,Commanders,2022,3,2.585,0.861667,0.125,0.004,2022,Commanders,rookie,0,Commanders,rookie_deal,1901
Curtis Hodges,TE,Panthers,2024,1,0.915,0.915,0.0,0.004,2022,Commanders,veteran,2,Commanders,new_team_signing,1902
Curtis Painter,QB,Giants,2009,1,0.795,0.795,0.065,0.0,2009,Colts,rookie,0,Giants,rookie_deal,1903
Curtis Samuel,WR,Panthers,2017,4,6.45366,1.613415,4.05692,0.01,2017,Panthers,rookie,0,Panthers,rookie_deal,1904
Curtis Samuel,WR,Commanders,2021,3,34.5,11.5,21.5,0.063,2017,Panthers,veteran,4,Panthers,new_team_signing,1905
Curtis Samuel,WR,Bills,2024,3,24.0,8.0,14.02,0.031,2017,Panthers,veteran,7,Commanders,new_team_signing,1906
Cyril Grayson,WR,Texans,2018,1,0.1292,0.1292,0.0,0.001,2016,Seahawks,veteran,2,Colts,new_team_signing,1907
Cyril Grayson,WR,Cowboys,2019,1,0.136,0.136,0.0,0.001,2016,Seahawks,veteran,3,Texans,new_team_signing,1908
Cyril Grayson,WR,Buccaneers,2020,1,0.1428,0.1428,0.0,0.001,2016,Seahawks,veteran,4,Cowboys,new_team_signing,1909
Cyril Grayson,WR,Buccaneers,2021,1,0.1656,0.1656,0.0,0.001,2016,Seahawks,veteran,5,Buccaneers,extension,1910
Cyril Grayson,WR,Browns,2022,1,0.207,0.207,0.0,0.001,2016,Seahawks,veteran,6,Buccaneers,new_team_signing,1911
Cyrus Allen,WR,Chiefs,2026,4,4.759476,1.189869,0.379476,0.004,2026,Chiefs,rookie,0,Chiefs,rookie_deal,1912
Cyrus Gray,RB,Chiefs,2012,4,2.232672,0.558168,0.107672,0.005,2012,Chiefs,rookie,0,Chiefs,rookie_deal,1913
Cyrus Gray,RB,Broncos,2016,1,0.675,0.675,0.0,0.004,2012,Chiefs,veteran,4,Chiefs,new_team_signing,1914
Cyrus Holder,WR,Bears,2022,3,2.561,0.853667,0.001,0.004,2022,Bears,rookie,0,Bears,rookie_deal,1915
D'Andre Swift,RB,DET/PHI,2020,4,8.538918,2.13473,6.306374,0.011000000000000001,2020,Lions,rookie,0,DET/PHI,rookie_deal,1916
D'Andre Swift,RB,Bears,2024,3,24.0,8.0,14.0,0.031,2020,Lions,veteran,4,DET/PHI,new_team_signing,1917
D'Ernest Johnson,RB,Browns,2019,3,1.755,0.585,0.0,0.003,2019,Browns,rookie,0,Browns,rookie_deal,1918
D'Ernest Johnson,RB,Browns,2022,1,1.2165,1.2165,0.880625,0.006,2019,Browns,veteran,3,Browns,extension,1919
D'Ernest Johnson,RB,Jaguars,2023,1,1.2325,1.2325,0.25,0.005,2019,Browns,veteran,4,Browns,new_team_signing,1920
D'Ernest Johnson,RB,Jaguars,2024,1,1.275,1.275,0.225,0.005,2019,Browns,veteran,5,Jaguars,extension,1921
D'Ernest Johnson,RB,Cardinals,2025,1,0.315,0.315,0.0,0.001,2019,Browns,veteran,6,Jaguars,new_team_signing,1922
D'Onta Foreman,RB,HOU/IND,2017,4,3.259984,0.814996,0.759484,0.005,2017,Texans,rookie,0,HOU/IND,rookie_deal,1923
D'Onta Foreman,RB,Titans,2020,1,0.204,0.204,0.0,0.001,2017,Texans,veteran,3,HOU/IND,new_team_signing,1924
D'Onta Foreman,RB,Falcons,2021,1,0.252,0.252,0.0,0.001,2017,Texans,veteran,4,Titans,new_team_signing,1925
D'Onta Foreman,RB,Panthers,2022,1,2.0,2.0,0.94,0.01,2017,Texans,veteran,5,Falcons,new_team_signing,1926
D'Onta Foreman,RB,Bears,2023,1,2.0,2.0,1.0,0.009000000000000001,2017,Texans,veteran,6,Panthers,new_team_signing,1927
D'Onta Foreman,RB,Browns,2024,1,1.125,1.125,0.0,0.004,2017,Texans,veteran,7,Bears,new_team_signing,1928
D'Wayne Eskridge,WR,Seahawks,2021,4,5.953512,1.488378,3.280442,0.008,2021,Seahawks,rookie,0,Seahawks,rookie_deal,1929
D'Wayne Eskridge,WR,Dolphins,2024,1,0.3834,0.3834,0.0,0.002,2021,Seahawks,veteran,3,Seahawks,new_team_signing,1930
D'Wayne Eskridge,WR,Dolphins,2025,1,1.27,1.27,0.0,0.005,2021,Seahawks,veteran,4,Dolphins,extension,1931
D'vonte Price,RB,Colts,2022,1,0.207,0.207,0.0,0.001,2022,Colts,rookie,0,Colts,rookie_deal,1932
D.C. Jefferson,TE,Panthers,2013,1,0.102,0.102,0.0,0.001,2013,Cardinals,rookie,0,Panthers,rookie_deal,1933
D.C. Jefferson,TE,Panthers,2014,1,0.496,0.496,0.001,0.004,2013,Cardinals,veteran,1,Panthers,extension,1934
D.J. Adams,RB,Chargers,2014,2,0.93,0.465,0.0,0.0,2014,Chargers,rookie,0,Chargers,rookie_deal,1935
D.J. Chark,WR,Jaguars,2018,4,4.44723,1.111808,2.259731,0.006,2018,Jaguars,rookie,0,Jaguars,rookie_deal,1936
D.J. Chark,WR,Lions,2022,1,10.0,10.0,10.0,0.048,2018,Jaguars,veteran,4,Jaguars,new_team_signing,1937
D.J. Chark,WR,Panthers,2023,1,5.0,5.0,5.0,0.022000000000000002,2018,Jaguars,veteran,5,Lions,new_team_signing,1938
D.J. Chark,WR,Chargers,2024,1,3.0,3.0,2.065,0.012,2018,Jaguars,veteran,6,Panthers,new_team_signing,1939
D.J. Chark,WR,Falcons,2025,1,1.3,1.3,0.045,0.005,2018,Jaguars,veteran,7,Chargers,new_team_signing,1940
D.J. Coles,WR,Raiders,2014,4,1.53,0.51,0.0,0.0,2014,Raiders,rookie,0,Raiders,rookie_deal,1941
D.J. Foster,RB,Patriots,2016,3,1.62,0.54,0.0,0.003,2016,Patriots,rookie,0,Patriots,rookie_deal,1942
D.J. Foster,RB,Patriots,2017,1,0.255,0.255,0.0,0.002,2016,Patriots,veteran,1,Patriots,extension,1943
D.J. Foster,RB,Cardinals,2019,1,0.645,0.645,0.0,0.003,2016,Patriots,veteran,3,Patriots,new_team_signing,1944
D.J. Foster,RB,Cardinals,2020,1,0.1428,0.1428,0.0,0.001,2016,Patriots,veteran,4,Cardinals,extension,1945
D.J. Montgomery,WR,CLE/NYJ,2019,3,1.758,0.586,0.003,0.003,2019,Browns,rookie,0,CLE/NYJ,rookie_deal,1946
D.J. Montgomery,WR,Jets,2020,1,0.1428,0.1428,0.0,0.001,2019,Browns,veteran,1,CLE/NYJ,new_team_signing,1947
D.J. Montgomery,WR,Jets,2021,1,0.1656,0.1656,0.0,0.001,2019,Browns,veteran,2,Jets,extension,1948
D.J. Montgomery,WR,Texans,2022,1,0.207,0.207,0.0,0.001,2019,Browns,veteran,3,Jets,new_team_signing,1949
D.J. Montgomery,WR,Colts,2023,1,0.216,0.216,0.0,0.001,2019,Browns,veteran,4,Texans,new_team_signing,1950
D.J. Montgomery,WR,Colts,2024,1,0.225,0.225,0.0,0.001,2019,Browns,veteran,5,Colts,extension,1951
D.J. Montgomery,WR,Colts,2025,1,1.03,1.03,0.0,0.004,2019,Browns,veteran,6,Colts,extension,1952
D.J. Moore,WR,Panthers,2018,4,11.171314,2.792829,10.870809,0.016,2018,Panthers,rookie,0,Panthers,rookie_deal,1953
D.J. Moore,WR,CHI/CAR,2022,3,61.884,20.628,41.61,0.099,2018,Panthers,veteran,4,Panthers,new_team_signing,1954
D.J. Moore,WR,CHI/BUF,2024,4,110.0,27.5,43.65,0.10800000000000001,2018,Panthers,veteran,6,CHI/CAR,new_team_signing,1955
D.J. Rogers,TE,Cowboys,2026,3,3.125,1.041667,0.2,0.003,2026,Cowboys,rookie,0,Cowboys,rookie_deal,1956
D.J. Tialavea,TE,Bears,2017,1,0.1224,0.1224,0.0,0.001,2014,Jaguars,veteran,3,Falcons,new_team_signing,1957
D.J. Turner,WR,Raiders,2021,1,0.1656,0.1656,0.0,0.001,2021,Raiders,rookie,0,Raiders,rookie_deal,1958
D.J. Turner,WR,Raiders,2022,1,0.207,0.207,0.0,0.001,2021,Raiders,veteran,1,Raiders,extension,1959
D.J. Turner,WR,Raiders,2023,1,0.216,0.216,0.0,0.001,2021,Raiders,veteran,2,Raiders,extension,1960
D.J. Turner,WR,Raiders,2025,1,0.396,0.396,0.0,0.001,2021,Raiders,veteran,4,Raiders,extension,1961
D.J. Williams,TE,JAX/GB,2011,4,2.238,0.5595,0.198,0.005,2011,Packers,rookie,0,JAX/GB,rookie_deal,1962
D.J. Williams,TE,Patriots,2013,1,1.2,0.6,0.0,0.005,2011,Packers,veteran,2,JAX/GB,new_team_signing,1963
D.J. Williams,TE,Buccaneers,2014,2,1.39,0.695,0.0,0.005,2011,Packers,veteran,3,Patriots,new_team_signing,1964
D.J. Williams,TE,Commanders,2015,1,0.66,0.66,0.0,0.005,2011,Packers,veteran,4,Buccaneers,new_team_signing,1965
D.J. Williams,RB,Buccaneers,2024,1,0.225,0.225,0.0,0.001,2024,Buccaneers,rookie,0,Buccaneers,rookie_deal,1966
D.J. Williams,RB,Buccaneers,2025,2,1.845,0.9225,0.0,0.003,2024,Buccaneers,veteran,1,Buccaneers,extension,1967
D.K. Metcalf,WR,Seahawks,2019,4,4.58605,1.146513,2.254308,0.006,2019,Seahawks,rookie,0,Seahawks,rookie_deal,1968
D.K. Metcalf,WR,PIT/SEA,2022,3,72.0,24.0,31.0,0.115,2019,Seahawks,veteran,3,Seahawks,new_team_signing,1969
D.K. Metcalf,WR,Steelers,2025,4,131.999529,32.999882,60.000471,0.11800000000000001,2019,Seahawks,veteran,6,PIT/SEA,new_team_signing,1970
D.T. Sheffield,WR,Jets,2026,3,3.105,1.035,0.005,0.003,2026,Jets,rookie,0,Jets,rookie_deal,1971
DEriq King,WR,Panthers,2022,1,0.207,0.207,0.0,0.001,2022,Patriots,rookie,0,Panthers,rookie_deal,1972
DJ Giddens,RB,Colts,2025,4,4.624744,1.156186,0.424744,0.004,2025,Colts,rookie,0,Colts,rookie_deal,1973
DJ Thomas-Jones,TE,Steelers,2025,3,2.995,0.998333,0.03,0.004,2025,Steelers,rookie,0,Steelers,rookie_deal,1974
DJ Uiagalelei,QB,Chargers,2025,1,0.234,0.234,0.0,0.001,2025,Chargers,rookie,0,Chargers,rookie_deal,1975
DJ Uiagalelei,QB,Chargers,2026,1,0.885,0.885,0.0,0.003,2025,Chargers,veteran,1,Chargers,extension,1976
Da'Mari Scott,WR,Browns,2018,1,0.1292,0.1292,0.0,0.001,2018,Browns,rookie,0,Browns,rookie_deal,1977
Da'Mari Scott,WR,Giants,2019,1,0.136,0.136,0.0,0.001,2018,Browns,veteran,1,Browns,new_team_signing,1978
Da'Quan Felton,WR,Giants,2025,3,2.995,0.998333,0.264,0.004,2025,Giants,rookie,0,Giants,rookie_deal,1979
Da'Quan Felton,WR,Jets,2026,1,0.885,0.885,0.0,0.003,2025,Giants,veteran,1,Giants,new_team_signing,1980
Da'Rel Scott,RB,Giants,2011,4,2.095952,0.523988,0.055952,0.004,2011,Giants,rookie,0,Giants,rookie_deal,1981
Da'Rel Scott,RB,Giants,2013,1,0.555,0.555,0.0,0.005,2011,Giants,veteran,2,Giants,extension,1982
Da'Rick Rogers,WR,Chiefs,2013,2,1.26,0.63,0.0,0.0,2013,Bills,rookie,0,Chiefs,rookie_deal,1983
DaMarkus Lodge,WR,Bengals,2019,1,0.136,0.136,0.0,0.001,2019,Buccaneers,rookie,0,Bengals,rookie_deal,1984
DaMarkus Lodge,WR,Bengals,2020,1,0.51,0.51,0.0,0.003,2019,Buccaneers,veteran,1,Bengals,extension,1985
DaVaris Daniels,WR,Patriots,2015,3,1.585,0.528333,0.01,0.004,2015,Vikings,rookie,0,Patriots,rookie_deal,1986
Dae'Quan Wright,TE,Eagles,2026,3,3.125,1.041667,0.05,0.003,2026,Eagles,rookie,0,Eagles,rookie_deal,1987
DaeSean Hamilton,WR,Broncos,2018,4,3.14264,0.78566,0.68264,0.004,2018,Broncos,rookie,0,Broncos,rookie_deal,1988
DaeSean Hamilton,WR,Dolphins,2022,1,0.2772,0.2772,0.0,0.001,2018,Broncos,veteran,4,Broncos,new_team_signing,1989
Dai'Jean Dixon,WR,Saints,2022,1,0.207,0.207,0.0,0.001,2022,Saints,rookie,0,Saints,rookie_deal,1990
Daijun Edwards,RB,Steelers,2024,3,2.848,0.949333,0.018,0.004,2024,Steelers,rookie,0,Steelers,rookie_deal,1991
Daikiel Shorts,WR,Bills,2017,1,0.1224,0.1224,0.0,0.001,2017,Bills,rookie,0,Bills,rookie_deal,1992
Daje Johnson,WR,Falcons,2016,3,1.62,0.54,0.0,0.003,2016,Falcons,rookie,0,Falcons,rookie_deal,1993
Dak Prescott,QB,Cowboys,2016,4,2.723392,0.680848,0.383392,0.004,2016,Cowboys,rookie,0,Cowboys,rookie_deal,1994
Dak Prescott,QB,Cowboys,2020,1,31.409,31.409,31.409,0.158,2016,Cowboys,veteran,4,Cowboys,extension,1995
Dak Prescott,QB,Cowboys,2021,4,160.0,40.0,95.0,0.21899999999999997,2016,Cowboys,veteran,5,Cowboys,extension,1996
Dak Prescott,QB,Cowboys,2024,4,240.0,60.0,129.0,0.235,2016,Cowboys,veteran,8,Cowboys,extension,1997
Dalen Cambre,WR,Giants,2025,1,0.234,0.234,0.0,0.001,2025,Giants,rookie,0,Giants,rookie_deal,1998
Dalevon Campbell,WR,Chargers,2025,1,0.234,0.234,0.0,0.001,2025,Chargers,rookie,0,Chargers,rookie_deal,1999
Dalevon Campbell,WR,Chargers,2026,1,1.005,1.005,0.0,0.003,2025,Chargers,veteran,1,Chargers,extension,2000
Dallas Clark,TE,Ravens,2003,1,1.005,1.005,0.0,0.0,2003,Colts,rookie,0,Ravens,rookie_deal,2001
Dallas Daniels,WR,Broncos,2023,3,2.698,0.899333,0.003,0.004,2023,Broncos,rookie,0,Broncos,rookie_deal,2002
Dallas Goedert,TE,Eagles,2018,4,5.624282,1.406071,3.386037,0.008,2018,Eagles,rookie,0,Eagles,rookie_deal,2003
Dallas Goedert,TE,Eagles,2021,4,57.0,14.25,14.877549,0.078,2018,Eagles,veteran,3,Eagles,extension,2004
Dallas Goedert,TE,Eagles,2025,1,10.0,10.0,10.0,0.036000000000000004,2018,Eagles,veteran,7,Eagles,extension,2005
Dallas Goedert,TE,Eagles,2026,1,7.0,7.0,7.0,0.023,2018,Eagles,veteran,8,Eagles,extension,2006
Dallen Bentley,TE,Broncos,2026,4,4.500488,1.125122,0.120488,0.004,2026,Broncos,rookie,0,Broncos,rookie_deal,2007
Dallin Holker,TE,Saints,2024,3,2.84,0.946667,0.235,0.004,2024,Saints,rookie,0,Saints,rookie_deal,2008
Dalton Crossan,RB,Colts,2017,3,1.668,0.556,0.003,0.003,2017,Colts,rookie,0,Colts,rookie_deal,2009
Dalton Crossan,RB,Buccaneers,2018,2,1.05,0.525,0.0,0.003,2017,Colts,veteran,1,Colts,new_team_signing,2010
Dalton Keene,TE,Patriots,2020,4,4.314811,1.078703,0.832292,0.005,2020,Patriots,rookie,0,Patriots,rookie_deal,2011
Dalton Keene,TE,Eagles,2022,1,0.207,0.207,0.0,0.001,2020,Patriots,veteran,2,Patriots,new_team_signing,2012
Dalton Keene,TE,Texans,2023,1,0.216,0.216,0.0,0.001,2020,Patriots,veteran,3,Eagles,new_team_signing,2013
Dalton Keene,TE,Texans,2024,1,0.915,0.915,0.0,0.004,2020,Patriots,veteran,4,Texans,extension,2014
Dalton Keene,TE,Texans,2025,1,0.234,0.234,0.0,0.001,2020,Patriots,veteran,5,Texans,extension,2015
Dalton Kincaid,TE,Bills,2023,4,13.42704,3.35676,13.42704,0.015,2023,Bills,rookie,0,Bills,rookie_deal,2016
Dalton Schoen,WR,Chargers,2020,3,2.293,0.764333,0.013,0.004,2020,Chargers,rookie,0,Chargers,rookie_deal,2017
Dalton Schoen,WR,Commanders,2021,1,0.1656,0.1656,0.0,0.001,2020,Chargers,veteran,1,Chargers,new_team_signing,2018
Dalton Schultz,TE,Cowboys,2018,4,2.912356,0.728089,0.452356,0.004,2018,Cowboys,rookie,0,Cowboys,rookie_deal,2019
Dalton Schultz,TE,Cowboys,2022,1,10.931,10.931,10.931,0.053,2018,Cowboys,veteran,4,Cowboys,extension,2020
Dalton Schultz,TE,Texans,2023,1,6.25,6.25,6.0,0.027999999999999997,2018,Cowboys,veteran,5,Cowboys,new_team_signing,2021
Dalton Schultz,TE,Texans,2024,3,36.0,12.0,23.5,0.047,2018,Cowboys,veteran,6,Texans,extension,2022
Dalton Schultz,TE,Texans,2026,1,12.6,12.6,17.6,0.042,2018,Cowboys,veteran,8,Texans,extension,2023
Dalton Sturm,QB,Cowboys,2018,3,1.711,0.570333,0.001,0.003,2018,Cowboys,rookie,0,Cowboys,rookie_deal,2024
Dalvin Cook,RB,Vikings,2017,4,6.35331,1.588328,3.979375,0.01,2017,Vikings,rookie,0,Vikings,rookie_deal,2025
Dalvin Cook,RB,Vikings,2020,5,63.0,12.6,16.331361,0.064,2017,Vikings,veteran,3,Vikings,extension,2026
Dalvin Cook,RB,Ravens,2023,1,0.3708,0.3708,0.0,0.002,2017,Vikings,veteran,6,Vikings,new_team_signing,2027
Dalvin Cook,RB,Cowboys,2024,1,0.3834,0.3834,0.0,0.002,2017,Vikings,veteran,7,Ravens,new_team_signing,2028
Dalyn Dawkins,RB,Titans,2018,1,0.1292,0.1292,0.0,0.001,2018,Titans,rookie,0,Titans,rookie_deal,2029
Dalyn Dawkins,RB,Titans,2019,1,0.136,0.136,0.0,0.001,2018,Titans,veteran,1,Titans,extension,2030
Dalyn Dawkins,RB,Lions,2020,1,0.1428,0.1428,0.0,0.001,2018,Titans,veteran,2,Titans,new_team_signing,2031
Dalyn Williams,QB,Bears,2016,3,1.62,0.54,0.0,0.003,2016,Bears,rookie,0,Bears,rookie_deal,2032
Damarea Crockett,RB,Raiders,2019,1,0.136,0.136,0.0,0.001,2019,Texans,rookie,0,Raiders,rookie_deal,2033
Damarea Crockett,RB,Broncos,2020,1,0.1428,0.0,0.0,0.0,2019,Texans,veteran,1,Raiders,new_team_signing,2034
Damarea Crockett,RB,Broncos,2021,1,0.1656,0.1656,0.0,0.001,2019,Texans,veteran,2,Broncos,extension,2035
Damarea Crockett,RB,Broncos,2022,2,1.765,0.8825,0.0,0.004,2019,Texans,veteran,3,Broncos,extension,2036
Damarea Crockett,RB,Jets,2023,1,0.87,0.87,0.0,0.004,2019,Texans,veteran,4,Broncos,new_team_signing,2037
Dameon Pierce,RB,Texans,2022,4,4.500432,1.125108,0.815432,0.005,2022,Texans,rookie,0,Texans,rookie_deal,2038
Dameon Pierce,RB,Chiefs,2025,1,0.396,0.396,0.0,0.001,2022,Texans,veteran,3,Texans,new_team_signing,2039
Dameon Pierce,RB,Eagles,2026,1,1.29,1.29,0.25,0.004,2022,Texans,veteran,4,Chiefs,new_team_signing,2040
Damien Alford,WR,Saints,2026,3,3.11,1.036667,0.01,0.003,2026,Saints,rookie,0,Saints,rookie_deal,2041
Damien Caffery,TE,Bears,2023,3,2.695,0.898333,0.0,0.004,2023,Bears,rookie,0,Bears,rookie_deal,2042
Damien Harris,RB,Patriots,2019,4,3.631136,0.907784,0.886136,0.005,2019,Patriots,rookie,0,Patriots,rookie_deal,2043
Damien Harris,RB,Bills,2023,1,1.77,1.77,1.0,0.008,2019,Patriots,veteran,4,Patriots,new_team_signing,2044
Damien Martinez,RB,Seahawks,2025,1,0.234,0.234,0.0,0.001,2025,Seahawks,rookie,0,Seahawks,rookie_deal,2045
Damien Martinez,RB,Packers,2026,1,0.885,0.885,0.0,0.003,2025,Seahawks,veteran,1,Seahawks,new_team_signing,2046
Damien Williams,RB,Dolphins,2014,3,1.5335,0.511167,0.0035,0.004,2014,Dolphins,rookie,0,Dolphins,rookie_deal,2047
Damien Williams,RB,Dolphins,2017,1,1.797,1.797,0.0,0.011000000000000001,2014,Dolphins,veteran,3,Dolphins,extension,2048
Damien Williams,RB,Chiefs,2018,1,1.2,1.2,0.06,0.006999999999999999,2014,Dolphins,veteran,4,Dolphins,new_team_signing,2049
Damien Williams,RB,Bears,2021,1,1.5,1.5,1.0,0.008,2014,Dolphins,veteran,7,Chiefs,new_team_signing,2050
Damien Williams,RB,Falcons,2022,1,1.62,1.62,0.5,0.008,2014,Dolphins,veteran,8,Bears,new_team_signing,2051
Damien Williams,RB,Cardinals,2023,1,0.36,0.36,0.0,0.002,2014,Dolphins,veteran,9,Falcons,new_team_signing,2052
Damiere Byrd,WR,Panthers,2018,1,0.63,0.63,0.0,0.004,2015,Panthers,veteran,3,Panthers,extension,2053
Damiere Byrd,WR,Cardinals,2019,1,0.72,0.72,0.0,0.004,2015,Panthers,veteran,4,Panthers,new_team_signing,2054
Damiere Byrd,WR,Patriots,2020,1,1.6,1.6,0.6,0.008,2015,Panthers,veteran,5,Cardinals,new_team_signing,2055
Damiere Byrd,WR,Bears,2021,1,1.1275,1.1275,0.3875,0.006,2015,Panthers,veteran,6,Patriots,new_team_signing,2056
Damiere Byrd,WR,Falcons,2022,1,1.1875,1.1875,0.4,0.006,2015,Panthers,veteran,7,Bears,new_team_signing,2057
Damiere Byrd,WR,Falcons,2023,1,0.2898,0.2898,0.0,0.001,2015,Panthers,veteran,8,Falcons,extension,2058
Damiere Byrd,WR,Commanders,2024,1,1.21,1.21,0.0,0.005,2015,Panthers,veteran,9,Falcons,new_team_signing,2059
Damion Jeanpiere,WR,Panthers,2019,1,0.136,0.136,0.0,0.001,2019,Panthers,rookie,0,Panthers,rookie_deal,2060
Damion Jeanpiere,WR,Panthers,2020,1,0.51,0.51,0.0,0.003,2019,Panthers,veteran,1,Panthers,extension,2061
Damion Ratley,WR,CLE/NYG,2018,4,2.653868,0.663467,0.193868,0.004,2018,Browns,rookie,0,CLE/NYG,rookie_deal,2062
Damion Ratley,WR,Texans,2020,1,0.1428,0.1428,0.0,0.001,2018,Browns,veteran,2,CLE/NYG,new_team_signing,2063
Damion Ratley,WR,Cowboys,2021,1,0.1656,0.1656,0.0,0.001,2018,Browns,veteran,3,Texans,new_team_signing,2064
Damion Willis,WR,Bengals,2019,1,0.136,0.136,0.0,0.001,2019,Bengals,rookie,0,Bengals,rookie_deal,2065
Damion Willis,WR,Jaguars,2020,1,0.1428,0.1428,0.0,0.001,2019,Bengals,veteran,1,Bengals,new_team_signing,2066
Damion Willis,WR,Commanders,2021,1,0.1656,0.1656,0.0,0.001,2019,Bengals,veteran,2,Jaguars,new_team_signing,2067
Damon Bankston,RB,Giants,2026,3,3.115,1.038333,0.115,0.003,2026,Giants,rookie,0,Giants,rookie_deal,2068
Damon Hazelton,WR,Texans,2021,1,0.1656,0.1656,0.0,0.001,2021,Texans,rookie,0,Texans,rookie_deal,2069
Damon Hazelton,WR,Texans,2022,1,0.705,0.705,0.0,0.003,2021,Texans,veteran,1,Texans,extension,2070
Damon Sheehy-Guiseppi,WR,Browns,2019,3,1.755,0.585,0.0,0.003,2019,Browns,rookie,0,Browns,rookie_deal,2071
Damond Powell,WR,Cardinals,2015,3,1.5755,0.525167,0.0005,0.004,2015,Cardinals,rookie,0,Cardinals,rookie_deal,2072
Damore'ea Stringfellow,WR,Jets,2017,1,0.1224,0.1224,0.0,0.001,2017,Dolphins,rookie,0,Jets,rookie_deal,2073
Damore'ea Stringfellow,WR,Seahawks,2018,1,0.1292,0.1292,0.0,0.001,2017,Dolphins,veteran,1,Jets,new_team_signing,2074
Damoun Patterson,WR,Patriots,2018,1,0.1292,0.1292,0.0,0.001,2018,Steelers,rookie,0,Patriots,rookie_deal,2075
Damoun Patterson,WR,Patriots,2019,1,0.495,0.495,0.0,0.003,2018,Steelers,veteran,1,Patriots,extension,2076
Dan Arnold,WR,Saints,2017,3,1.665,0.555,0.0,0.003,2017,Saints,rookie,0,Saints,rookie_deal,2077
Dan Arnold,TE,Cardinals,2019,2,1.23,0.615,0.0,0.003,2017,Saints,veteran,2,Saints,new_team_signing,2078
Dan Arnold,TE,Panthers,2021,2,6.0,3.0,4.5,0.016,2017,Saints,veteran,4,Cardinals,new_team_signing,2079
Dan Arnold,WR,Eagles,2023,1,1.185,1.185,0.05,0.005,2017,Saints,veteran,6,Panthers,new_team_signing,2080
Dan Buckner,WR,Cardinals,2013,2,0.93,0.465,0.0,0.0,2013,Cardinals,rookie,0,Cardinals,rookie_deal,2081
Dan Chisena,WR,Vikings,2020,3,2.295,0.765,0.06,0.004,2020,Vikings,rookie,0,Vikings,rookie_deal,2082
Dan Chisena,WR,Vikings,2021,2,1.675,0.8375,0.0,0.005,2020,Vikings,veteran,1,Vikings,extension,2083
Dan Chisena,WR,Vikings,2022,1,0.207,0.207,0.0,0.001,2020,Vikings,veteran,2,Vikings,extension,2084
Dan Chisena,WR,Cardinals,2023,1,0.216,0.216,0.0,0.001,2020,Vikings,veteran,3,Vikings,new_team_signing,2085
Dan Chisena,WR,Panthers,2024,1,0.225,0.225,0.0,0.001,2020,Vikings,veteran,4,Cardinals,new_team_signing,2086
Dan Chisena,WR,Panthers,2025,1,0.396,0.396,0.0,0.001,2020,Vikings,veteran,5,Panthers,extension,2087
Dan Chisena,WR,Panthers,2026,1,1.215,1.215,0.0,0.004,2020,Vikings,veteran,6,Panthers,extension,2088
Dan Herron,RB,Bengals,2012,1,0.0969,0.0969,0.0,0.001,2012,Bengals,rookie,0,Bengals,rookie_deal,2089
Dan Herron,RB,Bengals,2013,1,0.102,0.102,0.0,0.001,2012,Bengals,veteran,1,Bengals,extension,2090
Dan Herron,RB,Colts,2015,1,0.66,0.66,0.0,0.005,2012,Bengals,veteran,3,Bengals,new_team_signing,2091
Dan Herron,RB,Bills,2016,1,0.76,0.76,0.0,0.005,2012,Bengals,veteran,4,Colts,new_team_signing,2092
Dan Light,TE,Broncos,2015,3,1.575,0.525,0.0,0.004,2015,Broncos,rookie,0,Broncos,rookie_deal,2093
Dan Orlovsky,QB,Rams,2017,1,1.08,1.08,0.06,0.006,2005,Lions,veteran,12,Lions,new_team_signing,2094
Dan Villari,TE,Rams,2026,3,3.145,1.048333,0.045,0.003,2026,Rams,rookie,0,Rams,rookie_deal,2095
Dane Evans,QB,Eagles,2017,3,1.665,0.555,0.0,0.003,2017,Eagles,rookie,0,Eagles,rookie_deal,2096
Dane Key,WR,Broncos,2026,3,3.11,1.036667,0.03,0.003,2026,Broncos,rookie,0,Broncos,rookie_deal,2097
Dane Sanzenbacher,WR,Bears,2011,1,1.2,1.2,0.005,0.01,2011,Bears,rookie,0,Bears,rookie_deal,2098
Daniel Arias,WR,Cardinals,2023,1,0.216,0.216,0.0,0.001,2023,Cardinals,rookie,0,Cardinals,rookie_deal,2099
Daniel Arias,WR,Cardinals,2024,1,0.795,0.795,0.0,0.003,2023,Cardinals,veteran,1,Cardinals,extension,2100
Daniel Bellinger,TE,Giants,2022,4,4.453112,1.113278,0.793112,0.005,2022,Giants,rookie,0,Giants,rookie_deal,2101
Daniel Bellinger,TE,Titans,2026,3,21.0,7.0,14.01,0.023,2022,Giants,veteran,4,Giants,new_team_signing,2102
Daniel Braverman,WR,Bears,2016,2,0.99,0.495,0.0,0.003,2016,Bears,rookie,0,Bears,rookie_deal,2103
Daniel Braverman,WR,Cardinals,2018,1,0.1292,0.1292,0.0,0.001,2016,Bears,veteran,2,Bears,new_team_signing,2104
Daniel Brown,TE,Ravens,2015,2,0.2295,0.11475,0.0,0.001,2015,Ravens,rookie,0,Ravens,rookie_deal,2105
Daniel Brown,TE,Bears,2016,1,0.525,0.525,0.0,0.003,2015,Ravens,veteran,1,Ravens,new_team_signing,2106
Daniel Brown,TE,Bears,2017,1,0.615,0.615,0.0,0.004,2015,Ravens,veteran,2,Bears,extension,2107
Daniel Brown,TE,Bears,2018,1,0.925,0.925,0.07,0.005,2015,Ravens,veteran,3,Bears,extension,2108
Daniel Brown,TE,Jets,2019,1,0.895,0.895,0.15,0.005,2015,Ravens,veteran,4,Bears,new_team_signing,2109
Daniel Brown,TE,Jets,2020,1,0.87,0.87,0.0,0.004,2015,Ravens,veteran,5,Jets,extension,2110
Daniel Brown,TE,Jets,2021,1,0.252,0.252,0.0,0.001,2015,Ravens,veteran,6,Jets,extension,2111
Daniel Crawford,TE,Packers,2021,3,2.425,0.808333,0.0,0.004,2021,Packers,rookie,0,Packers,rookie_deal,2112
Daniel Graham,TE,Patriots,2002,5,6.825,1.365,4.2,0.019,2002,Patriots,rookie,0,Patriots,rookie_deal,2113
Daniel Graham,TE,Broncos,2007,5,30.0,6.0,15.0,0.055,2002,Patriots,veteran,5,Patriots,new_team_signing,2114
Daniel Graham,TE,Titans,2011,3,8.25,2.75,2.0,0.023,2002,Patriots,veteran,9,Broncos,new_team_signing,2115
Daniel Graham,TE,Saints,2012,1,0.99,0.99,0.065,0.008,2002,Patriots,veteran,10,Titans,new_team_signing,2116
Daniel Hardy,TE,Saints,2011,1,0.0969,0.0969,0.0,0.001,2011,Buccaneers,rookie,0,Saints,rookie_deal,2117
Daniel Hardy,TE,Vikings,2012,2,0.87,0.435,0.0,0.004,2011,Buccaneers,veteran,1,Saints,new_team_signing,2118
Daniel Helm,TE,49ers,2019,1,0.136,0.136,0.0,0.001,2019,Chargers,rookie,0,49ers,rookie_deal,2119
Daniel Helm,TE,49ers,2020,1,0.1428,0.1428,0.0,0.001,2019,Chargers,veteran,1,49ers,extension,2120
Daniel Helm,TE,Raiders,2021,1,0.1656,0.1656,0.0,0.001,2019,Chargers,veteran,2,49ers,new_team_signing,2121
Daniel Helm,TE,Falcons,2022,1,0.965,0.965,0.0,0.005,2019,Chargers,veteran,3,Raiders,new_team_signing,2122
Daniel Helm,TE,Lions,2023,1,1.01,1.01,0.0,0.004,2019,Chargers,veteran,4,Falcons,new_team_signing,2123
Daniel Jackson,WR,Texans,2025,3,2.98,0.993333,0.165,0.004,2025,Texans,rookie,0,Texans,rookie_deal,2124
Daniel Jones,QB,Giants,2019,4,25.664056,6.416014,25.664056,0.034,2019,Giants,rookie,0,Giants,rookie_deal,2125
Daniel Jones,QB,Giants,2023,4,160.0,40.0,81.0,0.17800000000000002,2019,Giants,veteran,4,Giants,extension,2126
Daniel Jones,QB,Vikings,2024,1,0.3834,0.3834,0.0,0.002,2019,Giants,veteran,5,Giants,new_team_signing,2127
Daniel Jones,QB,Colts,2025,1,14.0,14.0,13.15,0.05,2019,Giants,veteran,6,Vikings,new_team_signing,2128
Daniel Jones,QB,Colts,2026,1,37.833,37.833,0.0,0.126,2019,Giants,veteran,7,Colts,extension,2129
Daniel Lasco,RB,Saints,2016,4,2.415472,0.603868,0.075472,0.004,2016,Saints,rookie,0,Saints,rookie_deal,2130
Daniel Lasco,RB,Saints,2017,1,0.153,0.153,0.0,0.001,2016,Saints,veteran,1,Saints,extension,2131
Daniel Rodriguez,WR,Rams,2015,3,1.575,0.525,0.0,0.0,2015,Rams,rookie,0,Rams,rookie_deal,2132
Daniel Sobkowicz,WR,Texans,2026,3,3.11,1.036667,0.11,0.003,2026,Texans,rookie,0,Texans,rookie_deal,2133
Daniel Thomas,RB,Dolphins,2011,4,3.236387,0.809097,1.06174,0.006999999999999999,2011,Dolphins,rookie,0,Dolphins,rookie_deal,2134
Daniel Thomas,RB,Dolphins,2014,1,0.645,0.645,0.0,0.005,2011,Dolphins,veteran,3,Dolphins,extension,2135
Daniel Thomas,RB,Bears,2015,1,0.745,0.745,0.0,0.005,2011,Dolphins,veteran,4,Dolphins,new_team_signing,2136
Daniel Thomas,RB,Dolphins,2016,1,0.76,0.76,0.0,0.005,2011,Dolphins,veteran,5,Bears,new_team_signing,2137
Daniel Williams,WR,Jets,2017,1,0.1224,0.1224,0.0,0.001,2017,Jets,rookie,0,Jets,rookie_deal,2138
Daniel Williams,WR,Browns,2018,1,0.1292,0.1292,0.0,0.001,2017,Jets,veteran,1,Jets,new_team_signing,2139
Daniel Williams,WR,Seahawks,2019,1,0.495,0.495,0.0,0.003,2017,Jets,veteran,2,Browns,new_team_signing,2140
Danny Amendola,WR,Cowboys,2008,1,0.0884,0.0884,0.0,0.001,2008,Cowboys,rookie,0,Cowboys,rookie_deal,2141
Danny Amendola,WR,Eagles,2009,1,0.0884,0.0884,0.0,0.001,2008,Cowboys,veteran,1,Cowboys,new_team_signing,2142
Danny Amendola,WR,Rams,2011,1,0.525,0.525,0.0,0.004,2008,Cowboys,veteran,3,Eagles,new_team_signing,2143
Danny Amendola,WR,Rams,2012,1,1.927,1.927,0.0,0.016,2008,Cowboys,veteran,4,Rams,extension,2144
Danny Amendola,WR,Patriots,2013,5,28.5,5.7,8.0,0.046,2008,Cowboys,veteran,5,Rams,new_team_signing,2145
Danny Amendola,WR,Patriots,2015,3,14.25,4.75,0.5,0.033,2008,Cowboys,veteran,7,Patriots,extension,2146
Danny Amendola,WR,Patriots,2016,2,8.1,4.05,1.35,0.026000000000000002,2008,Cowboys,veteran,8,Patriots,extension,2147
Danny Amendola,WR,Patriots,2017,1,1.7,1.7,1.35,0.01,2008,Cowboys,veteran,9,Patriots,extension,2148
Danny Amendola,WR,Dolphins,2018,2,12.0,6.0,5.95,0.034,2008,Cowboys,veteran,10,Patriots,new_team_signing,2149
Danny Amendola,WR,Lions,2019,1,4.5,4.5,4.25,0.024,2008,Cowboys,veteran,11,Dolphins,new_team_signing,2150
Danny Amendola,WR,Lions,2020,1,5.0,5.0,4.5,0.025,2008,Cowboys,veteran,12,Lions,extension,2151
Danny Amendola,WR,Texans,2021,1,1.8,1.8,0.25,0.01,2008,Cowboys,veteran,13,Lions,new_team_signing,2152
Danny Anthrop,WR,Colts,2016,3,1.62,0.54,0.0,0.003,2016,Colts,rookie,0,Colts,rookie_deal,2153
Danny Coale,WR,Cowboys,2012,1,0.0969,0.0969,0.0,0.001,2012,Cowboys,rookie,0,Cowboys,rookie_deal,2154
Danny Coale,WR,DAL/IND,2013,1,0.102,0.102,0.0,0.001,2012,Cowboys,veteran,1,Cowboys,new_team_signing,2155
Danny Coale,WR,Steelers,2014,1,0.1071,0.1071,0.0,0.001,2012,Cowboys,veteran,2,DAL/IND,new_team_signing,2156
Danny Davis,WR,Packers,2022,3,2.565,0.855,0.005,0.004,2022,Packers,rookie,0,Packers,rookie_deal,2157
Danny Etling,QB,Patriots,2018,1,0.1292,0.1292,0.0,0.001,2018,Patriots,rookie,0,Patriots,rookie_deal,2158
Danny Etling,QB,Falcons,2019,1,0.136,0.136,0.0,0.001,2018,Patriots,veteran,1,Patriots,new_team_signing,2159
Danny Etling,QB,Seahawks,2020,1,0.1428,0.1428,0.0,0.001,2018,Patriots,veteran,2,Falcons,new_team_signing,2160
Danny Etling,QB,Jaguars,2021,1,0.1656,0.1656,0.0,0.001,2018,Patriots,veteran,3,Seahawks,new_team_signing,2161
Danny Etling,QB,Packers,2022,1,0.207,0.207,0.0,0.001,2018,Patriots,veteran,4,Jaguars,new_team_signing,2162
Danny Etling,QB,Packers,2023,1,0.75,0.75,0.0,0.003,2018,Patriots,veteran,5,Packers,extension,2163
Danny Gray,WR,49ers,2022,4,5.044904,1.261226,0.84902,0.006,2022,49ers,rookie,0,49ers,rookie_deal,2164
Danny Gray,WR,Eagles,2024,1,0.225,0.225,0.0,0.001,2022,49ers,veteran,2,49ers,new_team_signing,2165
Danny Gray,WR,Eagles,2025,1,0.234,0.234,0.0,0.001,2022,49ers,veteran,3,Eagles,extension,2166
Danny Gray,WR,Eagles,2026,2,2.125,1.0625,0.0,0.004,2022,49ers,veteran,4,Eagles,extension,2167
Danny Noble,TE,Jaguars,2012,2,1.05,0.525,0.0,0.0,2012,Buccaneers,rookie,0,Jaguars,rookie_deal,2168
Danny Woodhead,RB,Jets,2008,3,1.157,0.385667,0.002,0.003,2008,Jets,rookie,0,Jets,rookie_deal,2169
Danny Woodhead,RB,Jets,2009,1,0.0884,0.0884,0.0,0.001,2008,Jets,veteran,1,Jets,extension,2170
Danny Woodhead,RB,NYJ/NE,2010,1,0.395,0.395,0.0,0.003,2008,Jets,veteran,2,Jets,new_team_signing,2171
Danny Woodhead,RB,Chargers,2013,2,3.5,1.75,1.0,0.013999999999999999,2008,Jets,veteran,5,NYJ/NE,new_team_signing,2172
Danny Woodhead,RB,Chargers,2014,2,5.5,2.75,3.0,0.021,2008,Jets,veteran,6,Chargers,extension,2173
Danny Woodhead,RB,Ravens,2017,3,8.8,2.933333,3.25,0.018000000000000002,2008,Jets,veteran,9,Chargers,new_team_signing,2174
Dante Miller,RB,Giants,2024,1,0.225,0.225,0.0,0.001,2024,Giants,rookie,0,Giants,rookie_deal,2175
Dante Miller,RB,Giants,2025,1,0.234,0.234,0.0,0.001,2024,Giants,veteran,1,Giants,extension,2176
Dante Pettis,WR,SF/NYG,2018,4,6.400562,1.600141,3.985887,0.009000000000000001,2018,49ers,rookie,0,SF/NYG,rookie_deal,2177
Dante Pettis,WR,Giants,2021,1,0.252,0.252,0.0,0.001,2018,49ers,veteran,3,SF/NYG,new_team_signing,2178
Dante Pettis,WR,Bears,2022,1,1.035,1.035,0.0,0.005,2018,49ers,veteran,4,Giants,new_team_signing,2179
Dante Pettis,WR,Bears,2023,1,1.2325,1.2325,0.1525,0.005,2018,49ers,veteran,5,Bears,extension,2180
Dante Pettis,WR,Saints,2024,1,0.324,0.324,0.0,0.001,2018,49ers,veteran,6,Bears,new_team_signing,2181
Dante Pettis,WR,Saints,2025,1,0.342,0.342,0.0,0.001,2018,49ers,veteran,7,Saints,extension,2182
Dante Rosario,TE,Bears,2007,1,0.87,0.87,0.0,0.0,2007,Panthers,rookie,0,Bears,rookie_deal,2183
Dare Ogunbowale,RB,Buccaneers,2017,1,0.1224,0.1224,0.0,0.001,2017,Texans,rookie,0,Buccaneers,rookie_deal,2184
Dare Ogunbowale,RB,Buccaneers,2018,1,0.1292,0.1292,0.0,0.001,2017,Texans,veteran,1,Buccaneers,extension,2185
Dare Ogunbowale,RB,Buccaneers,2019,2,1.08,0.54,0.0,0.003,2017,Texans,veteran,2,Buccaneers,extension,2186
Dare Ogunbowale,RB,Jaguars,2020,1,0.675,0.675,0.0,0.003,2017,Texans,veteran,3,Buccaneers,new_team_signing,2187
Dare Ogunbowale,RB,Jaguars,2021,1,0.85,0.85,0.0,0.005,2017,Texans,veteran,4,Jaguars,extension,2188
Dare Ogunbowale,RB,Texans,2022,1,3.0,1.5,0.55,0.006999999999999999,2017,Texans,veteran,5,Jaguars,new_team_signing,2189
Dare Ogunbowale,RB,Texans,2024,1,1.5,1.5,0.175,0.006,2017,Texans,veteran,7,Texans,extension,2190
Dare Ogunbowale,RB,Texans,2025,1,1.8,1.8,0.75,0.006,2017,Texans,veteran,8,Texans,extension,2191
Darece Roberson,WR,Seahawks,2021,1,0.66,0.66,0.0,0.004,2021,Cardinals,rookie,0,Seahawks,rookie_deal,2192
Dareke Young,WR,Seahawks,2022,4,3.7611,0.940275,0.1011,0.005,2022,Seahawks,rookie,0,Seahawks,rookie_deal,2193
Dareke Young,WR,Raiders,2026,1,1.802,1.802,0.8,0.006,2022,Seahawks,veteran,4,Seahawks,new_team_signing,2194
Darion Clark,TE,Bears,2020,3,1.8,0.6,0.0,0.003,2020,Bears,rookie,0,Bears,rookie_deal,2195
Darius Anderson,RB,Colts,2020,1,0.1428,0.1428,0.0,0.001,2020,Cowboys,rookie,0,Colts,rookie_deal,2196
Darius Anderson,RB,Texans,2021,1,0.1656,0.1656,0.0,0.001,2020,Cowboys,veteran,1,Colts,new_team_signing,2197
Darius Anderson,RB,Texans,2022,1,0.705,0.705,0.0,0.003,2020,Cowboys,veteran,2,Texans,extension,2198
Darius Bradwell,RB,Chargers,2020,1,0.1428,0.1428,0.0,0.001,2020,Chargers,rookie,0,Chargers,rookie_deal,2199
Darius Bradwell,RB,Chargers,2021,1,0.1656,0.1656,0.0,0.001,2020,Chargers,veteran,1,Chargers,extension,2200
Darius Bradwell,RB,Panthers,2022,1,0.705,0.705,0.0,0.003,2020,Chargers,veteran,2,Chargers,new_team_signing,2201
Darius Clark,RB,Panthers,2021,3,2.425,0.808333,0.0,0.004,2021,Panthers,rookie,0,Panthers,rookie_deal,2202
Darius Cooper,WR,Eagles,2025,3,2.98,0.993333,0.09,0.004,2025,Eagles,rookie,0,Eagles,rookie_deal,2203
Darius Davis,WR,49ers,2015,3,1.578,0.526,0.003,0.0,2015,,rookie,0,49ers,rookie_deal,2204
Darius Hagans,RB,Steelers,2023,1,0.75,0.75,0.0,0.003,2023,Colts,rookie,0,Steelers,rookie_deal,2205
Darius Jackson,RB,DAL/CLE,2016,4,2.440356,0.610089,0.100356,0.004,2016,Cowboys,rookie,0,DAL/CLE,rookie_deal,2206
Darius Jackson,RB,Cowboys,2018,1,0.1292,0.1292,0.0,0.001,2016,Cowboys,veteran,2,DAL/CLE,new_team_signing,2207
Darius Jackson,RB,Colts,2019,1,0.12,0.12,0.0,0.001,2016,Cowboys,veteran,3,Cowboys,new_team_signing,2208
Darius Jackson,RB,Colts,2020,1,0.1428,0.1428,0.0,0.001,2016,Cowboys,veteran,4,Colts,extension,2209
Darius Jackson,RB,Texans,2021,1,0.1656,0.1656,0.0,0.001,2016,Cowboys,veteran,5,Colts,new_team_signing,2210
Darius Jennings,WR,Titans,2018,2,1.35,0.675,0.0,0.004,2015,Browns,veteran,3,Titans,extension,2211
Darius Jennings,WR,Titans,2019,1,0.72,0.72,0.0,0.004,2015,Browns,veteran,4,Titans,extension,2212
Darius Jennings,WR,Chargers,2020,1,0.935,0.935,0.0,0.005,2015,Browns,veteran,5,Titans,new_team_signing,2213
Darius Jennings,WR,Lions,2021,1,0.99,0.99,0.0,0.005,2015,Browns,veteran,6,Chargers,new_team_signing,2214
Darius Lassiter,WR,Jaguars,2025,1,0.84,0.84,0.0,0.003,2025,Jaguars,rookie,0,Jaguars,rookie_deal,2215
Darius Prince,WR,Eagles,2018,3,1.71,0.57,0.0,0.003,2018,Eagles,rookie,0,Eagles,rookie_deal,2216
Darius Reynaud,RB,Bears,2008,1,0.73,0.73,0.0,0.0,2008,Vikings,rookie,0,Bears,rookie_deal,2217
Darius Slayton,WR,Giants,2019,4,2.754876,0.688719,0.234884,0.004,2019,Giants,rookie,0,Giants,rookie_deal,2218
Darius Slayton,WR,Giants,2022,1,0.965,0.965,0.0,0.005,2019,Giants,veteran,3,Giants,extension,2219
Darius Slayton,WR,Giants,2023,2,12.0,6.0,4.9,0.027000000000000003,2019,Giants,veteran,4,Giants,extension,2220
Darius Slayton,WR,Giants,2024,1,6.2,6.2,0.0,0.024,2019,Giants,veteran,5,Giants,extension,2221
Darius Slayton,WR,Giants,2025,3,36.0,12.0,22.0,0.043,2019,Giants,veteran,6,Giants,extension,2222
Darius Victor,RB,Cardinals,2017,1,0.1224,0.1224,0.0,0.001,2017,Saints,rookie,0,Cardinals,rookie_deal,2223
Darius Victor,RB,Cardinals,2018,1,0.48,0.48,0.0,0.003,2017,Saints,veteran,1,Cardinals,extension,2224
Darius White,WR,Ravens,2016,3,1.62,0.54,0.0,0.003,2016,Ravens,rookie,0,Ravens,rookie_deal,2225
Darnell Holland,RB,Saints,2019,3,1.756,0.585333,0.001,0.003,2019,Saints,rookie,0,Saints,rookie_deal,2226
Darnell Mooney,WR,Bears,2020,4,3.577048,0.894262,0.282048,0.005,2020,Bears,rookie,0,Bears,rookie_deal,2227
Darnell Mooney,WR,Falcons,2024,3,39.0,13.0,26.0,0.051,2020,Bears,veteran,4,Bears,new_team_signing,2228
Darnell Mooney,WR,Giants,2026,1,3.0,3.0,3.0,0.01,2020,Bears,veteran,6,Falcons,new_team_signing,2229
Darnell Washington,TE,Steelers,2023,4,5.353912,1.338478,0.893752,0.006,2023,Steelers,rookie,0,Steelers,rookie_deal,2230
Darnell Washington,TE,Steelers,2026,4,42.0,10.5,11.25,0.035,2023,Steelers,veteran,3,Steelers,extension,2231
Darrel Williams,RB,Chiefs,2018,3,1.725,0.575,0.045,0.003,2018,Chiefs,rookie,0,Chiefs,rookie_deal,2232
Darrel Williams,RB,Chiefs,2021,1,1.6,1.6,0.88,0.009000000000000001,2018,Chiefs,veteran,3,Chiefs,extension,2233
Darrel Williams,RB,Cardinals,2022,1,1.1875,1.1875,1.0475,0.006,2018,Chiefs,veteran,4,Chiefs,new_team_signing,2234
Darrel Williams,RB,Saints,2023,1,1.08,1.08,0.0,0.005,2018,Chiefs,veteran,5,Cardinals,new_team_signing,2235
Darrell Daniels,TE,IND/SEA,2017,3,1.675,0.558333,0.01,0.003,2017,Colts,rookie,0,IND/SEA,rookie_deal,2236
Darrell Daniels,TE,Seahawks,2018,1,0.1292,0.1292,0.0,0.001,2017,Colts,veteran,1,IND/SEA,new_team_signing,2237
Darrell Daniels,TE,Cardinals,2019,1,0.136,0.136,0.0,0.001,2017,Colts,veteran,2,Seahawks,new_team_signing,2238
Darrell Daniels,TE,Cardinals,2021,1,1.1275,1.1275,0.5625,0.006,2017,Colts,veteran,4,Cardinals,extension,2239
Darrell Daniels,TE,Colts,2022,1,0.2772,0.2772,0.0,0.001,2017,Colts,veteran,5,Cardinals,new_team_signing,2240
Darrell Daniels,TE,Lions,2023,1,0.2898,0.2898,0.0,0.001,2017,Colts,veteran,6,Colts,new_team_signing,2241
Darrell Henderson,RB,JAX/LAR,2019,4,4.212005,1.053001,1.090656,0.006,2019,Rams,rookie,0,JAX/LAR,rookie_deal,2242
Darrell Henderson,RB,Rams,2023,1,0.2898,0.2898,0.0,0.001,2019,Rams,veteran,4,JAX/LAR,new_team_signing,2243
Darrell Stewart,WR,Panthers,2020,1,0.61,0.61,0.0,0.003,2020,Packers,rookie,0,Panthers,rookie_deal,2244
Darren Andrews,WR,Patriots,2018,3,1.715,0.571667,0.02,0.003,2018,Patriots,rookie,0,Patriots,rookie_deal,2245
Darren Carrington,WR,Cowboys,2018,3,1.71,0.57,0.0,0.003,2018,Cowboys,rookie,0,Cowboys,rookie_deal,2246
Darren Fells,TE,Cardinals,2013,1,0.102,0.102,0.0,0.001,2013,Seahawks,rookie,0,Cardinals,rookie_deal,2247
Darren Fells,TE,Cardinals,2014,2,0.93,0.465,0.0,0.003,2013,Seahawks,veteran,1,Cardinals,extension,2248
Darren Fells,TE,Cardinals,2016,1,0.6,0.6,0.0,0.004,2013,Seahawks,veteran,3,Cardinals,extension,2249
Darren Fells,TE,Lions,2017,1,1.0,1.0,0.1,0.006,2013,Seahawks,veteran,4,Cardinals,new_team_signing,2250
Darren Fells,TE,Browns,2018,3,12.0,4.0,4.65,0.023,2013,Seahawks,veteran,5,Lions,new_team_signing,2251
Darren Fells,TE,Texans,2019,1,1.5,1.5,0.1,0.008,2013,Seahawks,veteran,6,Browns,new_team_signing,2252
Darren Fells,TE,Texans,2020,2,6.3,3.15,2.0,0.016,2013,Seahawks,veteran,7,Texans,extension,2253
Darren Fells,TE,Buccaneers,2021,1,0.252,0.252,0.0,0.001,2013,Seahawks,veteran,8,Texans,new_team_signing,2254
Darren McFadden,RB,Raiders,2008,6,42.01375,7.002292,19.6875,0.06,2008,Raiders,rookie,0,Raiders,rookie_deal,2255
Darren McFadden,RB,Raiders,2014,1,1.75,1.75,0.1,0.013000000000000001,2008,Raiders,veteran,6,Raiders,extension,2256
Darren McFadden,RB,Cowboys,2015,2,3.0,1.5,0.2,0.01,2008,Raiders,veteran,7,Raiders,new_team_signing,2257
Darren McFadden,RB,Cowboys,2017,1,0.98,0.98,0.08,0.006,2008,Raiders,veteran,9,Cowboys,extension,2258
Darren Sproles,RB,Chargers,2005,4,1.777,0.44425,0.392,0.005,2005,Chargers,rookie,0,Chargers,rookie_deal,2259
Darren Sproles,RB,Chargers,2009,1,6.621,6.621,6.621,0.054000000000000006,2005,Chargers,veteran,4,Chargers,extension,2260
Darren Sproles,RB,Chargers,2010,1,7.2831,7.2831,7.2831,0.055999999999999994,2005,Chargers,veteran,5,Chargers,extension,2261
Darren Sproles,RB,Saints,2011,4,10.5,3.5,4.0,0.028999999999999998,2005,Chargers,veteran,6,Chargers,new_team_signing,2262
Darren Sproles,RB,Eagles,2014,2,7.0,3.5,5.5,0.026000000000000002,2005,Chargers,veteran,9,Saints,new_team_signing,2263
Darren Sproles,RB,Eagles,2016,1,4.5,4.5,0.5,0.028999999999999998,2005,Chargers,veteran,11,Eagles,extension,2264
Darren Sproles,RB,Eagles,2018,1,1.415,1.415,1.0,0.008,2005,Chargers,veteran,13,Eagles,extension,2265
Darren Sproles,RB,Eagles,2019,1,1.33,1.33,0.9,0.006999999999999999,2005,Chargers,veteran,14,Eagles,extension,2266
Darren Waller,TE,Ravens,2015,4,2.386096,0.596524,0.111096,0.004,2015,Ravens,rookie,0,Ravens,rookie_deal,2267
Darren Waller,TE,Ravens,2018,1,0.1292,0.1292,0.0,0.001,2015,Ravens,veteran,3,Ravens,extension,2268
Darren Waller,TE,Raiders,2019,4,30.300004,7.575001,3.220004,0.04,2015,Ravens,veteran,4,Ravens,new_team_signing,2269
Darren Waller,TE,NYG/LV,2022,3,51.0,17.0,19.25,0.08199999999999999,2015,Ravens,veteran,7,Raiders,new_team_signing,2270
Darren Waller,TE,Dolphins,2025,1,2.0,2.0,0.0,0.006999999999999999,2015,Ravens,veteran,10,NYG/LV,new_team_signing,2271
Darreus Rogers,WR,Bears,2017,1,0.1224,0.1224,0.0,0.001,2017,Seahawks,rookie,0,Bears,rookie_deal,2272
Darrin Hall,RB,Steelers,2019,1,0.136,0.136,0.0,0.001,2019,Browns,rookie,0,Steelers,rookie_deal,2273
Darrin Hall,RB,Steelers,2020,1,0.51,0.51,0.0,0.003,2019,Browns,veteran,1,Steelers,extension,2274
Darrin Peterson,WR,Bears,2016,3,1.62,0.54,0.0,0.003,2016,Bears,rookie,0,Bears,rookie_deal,2275
Darrius Heyward-Bey,WR,Raiders,2009,5,38.25,7.65,13.31,0.062,2009,Raiders,rookie,0,Raiders,rookie_deal,2276
Darrius Heyward-Bey,WR,Colts,2013,1,2.5,2.5,1.5,0.02,2009,Raiders,veteran,4,Raiders,new_team_signing,2277
Darrius Heyward-Bey,WR,Steelers,2014,1,0.795,0.795,0.065,0.006,2009,Raiders,veteran,5,Colts,new_team_signing,2278
Darrius Heyward-Bey,WR,Steelers,2015,1,0.825,0.825,0.08,0.006,2009,Raiders,veteran,6,Steelers,extension,2279
Darrius Heyward-Bey,WR,Steelers,2016,3,3.8,1.266667,0.4,0.008,2009,Raiders,veteran,7,Steelers,extension,2280
Darrius Shepherd,WR,Packers,2019,1,0.136,0.136,0.0,0.001,2019,Packers,rookie,0,Packers,rookie_deal,2281
Darrius Shepherd,WR,Packers,2020,1,0.1428,0.1428,0.0,0.001,2019,Packers,veteran,1,Packers,extension,2282
Darrius Shepherd,WR,Cardinals,2021,1,0.1656,0.1656,0.0,0.001,2019,Packers,veteran,2,Packers,new_team_signing,2283
Darrius Shepherd,WR,Broncos,2022,1,0.207,0.207,0.0,0.001,2019,Packers,veteran,3,Cardinals,new_team_signing,2284
Darrius Shepherd,WR,Chargers,2023,1,0.94,0.94,0.0,0.004,2019,Packers,veteran,4,Broncos,new_team_signing,2285
Darryl Surgent,WR,Chiefs,2014,4,1.53,0.51,0.0,0.0,2014,Chiefs,rookie,0,Chiefs,rookie_deal,2286
Darrynton Evans,RB,CHI/TEN,2020,4,4.437718,1.10943,0.877664,0.006,2020,Titans,rookie,0,CHI/TEN,rookie_deal,2287
Darrynton Evans,RB,Bears,2022,1,0.207,0.207,0.0,0.001,2020,Titans,veteran,2,CHI/TEN,new_team_signing,2288
Darrynton Evans,RB,Dolphins,2023,1,0.216,0.216,0.0,0.001,2020,Titans,veteran,3,Bears,new_team_signing,2289
Darrynton Evans,RB,Bears,2024,1,0.225,0.225,0.0,0.001,2020,Titans,veteran,4,Dolphins,new_team_signing,2290
Darrynton Evans,RB,Bills,2025,1,1.21,1.21,0.015,0.004,2020,Titans,veteran,5,Bears,new_team_signing,2291
Darvin Kidsy,WR,Commanders,2018,1,0.1292,0.1292,0.0,0.001,2018,Commanders,rookie,0,Commanders,rookie_deal,2292
Darvin Kidsy,WR,Commanders,2019,1,0.136,0.136,0.0,0.001,2018,Commanders,veteran,1,Commanders,extension,2293
Darvin Kidsy,WR,Seahawks,2020,1,0.1428,0.1428,0.0,0.001,2018,Commanders,veteran,2,Commanders,new_team_signing,2294
Darvin Kidsy,WR,Seahawks,2021,1,0.78,0.78,0.0,0.004,2018,Commanders,veteran,3,Seahawks,extension,2295
Darwin Thompson,RB,Chiefs,2019,4,2.67734,0.669335,0.12784,0.004,2019,Chiefs,rookie,0,Chiefs,rookie_deal,2296
Darwin Thompson,RB,Chiefs,2021,1,0.1656,0.1656,0.0,0.001,2019,Chiefs,veteran,2,Chiefs,extension,2297
Darwin Thompson,RB,Seahawks,2022,1,0.207,0.207,0.0,0.001,2019,Chiefs,veteran,3,Chiefs,new_team_signing,2298
Darwin Thompson,RB,Raiders,2023,1,0.94,0.94,0.0,0.004,2019,Chiefs,veteran,4,Seahawks,new_team_signing,2299
Daryl Richardson,RB,Jets,2012,4,2.145896,0.536474,0.045896,0.004,2012,Rams,rookie,0,Jets,rookie_deal,2300
Daryl Richardson,RB,Jets,2014,1,0.1071,0.1071,0.0,0.001,2012,Rams,veteran,2,Jets,extension,2301
Daryl Richardson,RB,HOU/CLE,2015,1,0.1122,0.1122,0.0,0.001,2012,Rams,veteran,3,Jets,new_team_signing,2302
Daryl Richardson,RB,Steelers,2016,1,0.1173,0.1173,0.0,0.001,2012,Rams,veteran,4,HOU/CLE,new_team_signing,2303
Daryl Richardson,RB,Colts,2017,1,0.69,0.69,0.0,0.004,2012,Rams,veteran,5,Steelers,new_team_signing,2304
Daryl Virgies,RB,Giants,2017,3,1.665,0.555,0.0,0.003,2017,Giants,rookie,0,Giants,rookie_deal,2305
Daurice Fountain,WR,Colts,2018,1,0.1292,0.1292,0.0,0.001,2018,Colts,rookie,0,Colts,rookie_deal,2306
Daurice Fountain,WR,Colts,2020,1,0.106906,0.106906,0.0,0.001,2018,Colts,veteran,2,Colts,extension,2307
Daurice Fountain,WR,Chiefs,2021,1,0.1656,0.1656,0.0,0.001,2018,Colts,veteran,3,Colts,new_team_signing,2308
Daurice Fountain,WR,Chiefs,2022,1,0.207,0.207,0.0,0.001,2018,Colts,veteran,4,Chiefs,extension,2309
Daurice Fountain,WR,Lions,2023,1,0.216,0.216,0.0,0.001,2018,Colts,veteran,5,Chiefs,new_team_signing,2310
Daurice Fountain,WR,Lions,2024,1,1.055,1.055,0.0,0.004,2018,Colts,veteran,6,Lions,extension,2311
Davante Adams,WR,Packers,2014,4,3.933402,0.983351,1.779447,0.006999999999999999,2014,Packers,rookie,0,Packers,rookie_deal,2312
Davante Adams,WR,Packers,2017,4,58.0,14.5,18.0,0.087,2014,Packers,veteran,3,Packers,extension,2313
Davante Adams,WR,Packers,2022,1,20.145,20.145,0.0,0.09699999999999999,2014,Packers,veteran,8,Packers,extension,2314
Davante Adams,WR,Rams,2025,2,44.0,22.0,26.0,0.079,2014,Packers,veteran,11,Packers,new_team_signing,2315
David Ausberry,WR,Raiders,2011,4,2.0859,0.521475,0.0459,0.004,2011,Raiders,rookie,0,Raiders,rookie_deal,2316
David Ausberry,WR,Lions,2015,1,0.66,0.66,0.0,0.005,2011,Raiders,veteran,4,Raiders,new_team_signing,2317
David Bell,WR,Browns,2022,4,5.044904,1.261226,0.84902,0.006,2022,Browns,rookie,0,Browns,rookie_deal,2318
David Bell,WR,Browns,2024,1,0.225,0.225,0.0,0.001,2022,Browns,veteran,2,Browns,extension,2319
David Blough,QB,CLE/DET,2019,3,1.775,0.591667,0.08,0.003,2019,Browns,rookie,0,CLE/DET,rookie_deal,2320
David Blough,QB,Lions,2020,1,0.1428,0.1428,0.0,0.001,2019,Browns,veteran,1,CLE/DET,new_team_signing,2321
David Blough,QB,Vikings,2022,1,0.3582,0.3582,0.0,0.002,2019,Browns,veteran,3,Lions,new_team_signing,2322
David Blough,QB,Lions,2023,1,0.3708,0.3708,0.0,0.002,2019,Browns,veteran,4,Vikings,new_team_signing,2323
David Carr,QB,Texans,2002,7,48.75,6.964286,14.0,0.098,2002,Texans,rookie,0,Texans,rookie_deal,2324
David Carr,QB,Panthers,2007,2,6.2,3.1,3.0,0.027999999999999997,2002,Texans,veteran,5,Texans,new_team_signing,2325
David Carr,QB,Giants,2008,1,1.0,1.0,0.1,0.009000000000000001,2002,Texans,veteran,6,Panthers,new_team_signing,2326
David Carr,QB,Giants,2009,1,2.1,2.1,1.0,0.017,2002,Texans,veteran,7,Giants,extension,2327
David Carr,QB,49ers,2010,2,6.25,3.125,3.875,0.024,2002,Texans,veteran,8,Giants,new_team_signing,2328
David Carr,QB,Giants,2011,1,0.86,0.86,0.05,0.006999999999999999,2002,Texans,veteran,9,49ers,new_team_signing,2329
David Carr,QB,Giants,2012,1,0.99,0.99,0.165,0.008,2002,Texans,veteran,10,Giants,extension,2330
David Carr,QB,Giants,2013,1,1.05,1.05,0.165,0.009000000000000001,2002,Texans,veteran,11,Giants,extension,2331
David Cobb,RB,Titans,2015,4,2.525668,0.631417,0.245668,0.004,2015,Titans,rookie,0,Titans,rookie_deal,2332
David Cobb,RB,Bears,2016,1,0.1173,0.1173,0.0,0.001,2015,Titans,veteran,1,Titans,new_team_signing,2333
David Cobb,RB,Bears,2017,1,0.54,0.54,0.0,0.003,2015,Titans,veteran,2,Bears,extension,2334
David Durden,WR,Cowboys,2023,3,2.705,0.901667,0.15,0.004,2023,Cowboys,rookie,0,Cowboys,rookie_deal,2335
David Fales,QB,Bears,2014,1,0.1071,0.1071,0.0,0.001,2014,Bears,rookie,0,Bears,rookie_deal,2336
David Fales,QB,Bears,2015,1,0.1122,0.1122,0.0,0.001,2014,Bears,veteran,1,Bears,extension,2337
David Fales,QB,Ravens,2016,1,0.17,0.17,0.0,0.001,2014,Bears,veteran,2,Bears,new_team_signing,2338
David Fales,QB,Dolphins,2017,1,0.69,0.69,0.0,0.004,2014,Bears,veteran,3,Ravens,new_team_signing,2339
David Fales,QB,Dolphins,2018,1,0.88,0.88,0.09,0.005,2014,Bears,veteran,4,Dolphins,extension,2340
David Fales,QB,Jets,2019,1,0.805,0.805,0.0,0.004,2014,Bears,veteran,5,Dolphins,new_team_signing,2341
David Fales,QB,Jets,2020,1,0.204,0.204,0.0,0.001,2014,Bears,veteran,6,Jets,extension,2342
David Fluellen,RB,Titans,2019,1,0.72,0.72,0.0,0.004,2014,Eagles,veteran,5,Titans,extension,2343
David Garrard,QB,Jets,2002,1,1.0,1.0,0.0,0.0,2002,Jaguars,rookie,0,Jets,rookie_deal,2344
David Gettis,WR,Buccaneers,2010,1,0.57,0.57,0.0,0.0,2010,Panthers,rookie,0,Buccaneers,rookie_deal,2345
David Glidden,WR,Falcons,2016,3,1.62,0.54,0.0,0.003,2016,Falcons,rookie,0,Falcons,rookie_deal,2346
David Grinnage,TE,Packers,2016,3,1.62,0.54,0.0,0.003,2016,Packers,rookie,0,Packers,rookie_deal,2347
David Grinnage,TE,Jaguars,2017,1,0.1224,0.1224,0.0,0.001,2016,Packers,veteran,1,Packers,new_team_signing,2348
David Grinnage,TE,Jaguars,2018,1,0.1292,0.1292,0.0,0.001,2016,Packers,veteran,2,Jaguars,extension,2349
David Johnson,TE,Steelers,2009,3,1.2632,0.421067,0.0332,0.003,2009,Steelers,rookie,0,Steelers,rookie_deal,2350
David Johnson,TE,Steelers,2012,1,1.26,1.26,0.0,0.01,2009,Steelers,veteran,3,Steelers,extension,2351
David Johnson,TE,Steelers,2013,1,0.665,0.665,0.0,0.005,2009,Steelers,veteran,4,Steelers,extension,2352
David Johnson,TE,Chargers,2014,2,1.7,0.85,0.0,0.006,2009,Steelers,veteran,5,Steelers,new_team_signing,2353
David Johnson,RB,Cardinals,2015,4,2.992872,0.748218,0.639372,0.005,2015,Cardinals,rookie,0,Cardinals,rookie_deal,2354
David Johnson,TE,Steelers,2016,1,0.76,0.76,0.0,0.005,2009,Steelers,veteran,7,Cardinals,new_team_signing,2355
David Johnson,TE,Steelers,2017,2,2.05,1.025,0.235,0.006,2009,Steelers,veteran,8,Steelers,extension,2356
David Johnson,RB,ARI/HOU,2018,3,39.0,13.0,24.6825,0.073,2015,Cardinals,veteran,3,Steelers,new_team_signing,2357
David Johnson,RB,Texans,2021,1,5.0,5.0,4.25,0.027000000000000003,2015,Cardinals,veteran,6,ARI/HOU,new_team_signing,2358
David Johnson,RB,Saints,2022,1,0.306,0.306,0.0,0.001,2015,Cardinals,veteran,7,Texans,new_team_signing,2359
David Martin-Robinson,TE,Titans,2024,3,2.8375,0.945833,0.0175,0.004,2024,Titans,rookie,0,Titans,rookie_deal,2360
David Mims,TE,Ravens,2011,1,0.495,0.495,0.0,0.0,2011,Chiefs,rookie,0,Ravens,rookie_deal,2361
David Montgomery,RB,Bears,2019,4,4.01538,1.003845,1.04618,0.005,2019,Bears,rookie,0,Bears,rookie_deal,2362
David Montgomery,RB,Lions,2023,3,18.0,6.0,8.75,0.027000000000000003,2019,Bears,veteran,4,Bears,new_team_signing,2363
David Montgomery,RB,HOU/DET,2024,2,18.25,9.125,5.25,0.036000000000000004,2019,Bears,veteran,5,Lions,new_team_signing,2364
David Montgomery,RB,Texans,2026,2,16.5,8.25,1.0,0.027000000000000003,2019,Bears,veteran,7,HOU/DET,new_team_signing,2365
David Moore,WR,Seahawks,2017,1,0.1224,0.1224,0.0,0.001,2017,Seahawks,rookie,0,Seahawks,rookie_deal,2366
David Moore,WR,Seahawks,2019,1,0.645,0.645,0.0,0.003,2017,Seahawks,veteran,2,Seahawks,extension,2367
David Moore,WR,Seahawks,2020,1,0.9,0.9,0.075,0.005,2017,Seahawks,veteran,3,Seahawks,extension,2368
David Moore,WR,Browns,2021,1,0.1656,0.1656,0.0,0.001,2017,Seahawks,veteran,4,Seahawks,new_team_signing,2369
David Moore,WR,Bears,2022,1,1.035,1.035,0.0,0.005,2017,Seahawks,veteran,5,Browns,new_team_signing,2370
David Moore,WR,Buccaneers,2023,1,0.3708,0.3708,0.0,0.002,2017,Seahawks,veteran,6,Bears,new_team_signing,2371
David Moore,WR,Panthers,2024,1,1.2925,1.2925,0.0,0.005,2017,Seahawks,veteran,7,Buccaneers,new_team_signing,2372
David Moore,WR,Panthers,2025,1,1.4225,1.4225,0.5635,0.005,2017,Seahawks,veteran,8,Panthers,extension,2373
David Moore,WR,Panthers,2026,1,1.4875,1.4875,0.0,0.005,2017,Seahawks,veteran,9,Panthers,extension,2374
David Morgan,TE,Vikings,2016,4,2.475456,0.618864,0.135456,0.004,2016,Vikings,rookie,0,Vikings,rookie_deal,2375
David Nelson,WR,Steelers,2015,1,0.745,0.745,0.0,0.005,2010,Bills,veteran,5,Jets,new_team_signing,2376
David Njoku,TE,Browns,2017,4,9.525345,2.381336,8.191434,0.013999999999999999,2017,Browns,rookie,0,Browns,rookie_deal,2377
David Njoku,TE,Browns,2022,1,10.931,10.931,0.0,0.053,2017,Browns,veteran,5,Browns,extension,2378
David Njoku,TE,Chargers,2026,1,3.0,3.0,0.85,0.01,2017,Browns,veteran,9,Browns,new_team_signing,2379
David Olson,QB,Ravens,2017,3,1.665,0.555,0.0,0.003,2017,Ravens,rookie,0,Ravens,rookie_deal,2380
David Paulson,TE,Steelers,2012,4,2.145896,0.536474,0.045896,0.004,2012,Steelers,rookie,0,Steelers,rookie_deal,2381
David Paulson,TE,Chargers,2014,1,0.1071,0.1071,0.0,0.001,2012,Steelers,veteran,2,Steelers,new_team_signing,2382
David Paulson,TE,Chargers,2015,2,1.26,0.63,0.0,0.004,2012,Steelers,veteran,3,Chargers,extension,2383
David Porter,WR,Cowboys,2015,2,0.96,0.48,0.0,0.003,2015,Broncos,rookie,0,Cowboys,rookie_deal,2384
David Reed,WR,49ers,2010,1,0.73,0.73,0.0,0.0,2010,Ravens,rookie,0,49ers,rookie_deal,2385
David Reeves,TE,Browns,2016,1,0.45,0.45,0.0,0.003,2016,Steelers,rookie,0,Browns,rookie_deal,2386
David Richards,WR,Rams,2016,1,0.45,0.45,0.0,0.003,2016,Falcons,rookie,0,Rams,rookie_deal,2387
David Sills,WR,Giants,2019,1,0.136,0.136,0.0,0.001,2019,Bills,rookie,0,Giants,rookie_deal,2388
David Sills,WR,Giants,2021,1,0.1656,0.1656,0.0,0.001,2019,Bills,veteran,2,Giants,extension,2389
David Sills,WR,Giants,2022,1,0.207,0.207,0.0,0.001,2019,Bills,veteran,3,Giants,extension,2390
David Sills,WR,Broncos,2023,1,0.216,0.216,0.0,0.001,2019,Bills,veteran,4,Giants,new_team_signing,2391
David Sills,WR,Broncos,2024,1,0.225,0.225,0.0,0.001,2019,Bills,veteran,5,Broncos,extension,2392
David Sills,WR,Falcons,2025,1,0.234,0.234,0.0,0.001,2019,Bills,veteran,6,Broncos,new_team_signing,2393
David Sills,WR,Buccaneers,2026,1,1.215,1.215,0.0,0.004,2019,Bills,veteran,7,Falcons,new_team_signing,2394
David Wallis,WR,Patriots,2024,3,2.83,0.943333,0.0,0.004,2024,Patriots,rookie,0,Patriots,rookie_deal,2395
David Wells,TE,Chiefs,2018,1,0.1292,0.1292,0.0,0.001,2018,Cowboys,rookie,0,Chiefs,rookie_deal,2396
David Wells,TE,Chiefs,2019,1,0.495,0.495,0.0,0.003,2018,Cowboys,veteran,1,Chiefs,extension,2397
David Wells,TE,Patriots,2020,1,0.1428,0.1428,0.0,0.001,2018,Cowboys,veteran,2,Chiefs,new_team_signing,2398
David Wells,TE,Cardinals,2021,1,0.1656,0.1656,0.0,0.001,2018,Cowboys,veteran,3,Patriots,new_team_signing,2399
David Wells,TE,Buccaneers,2022,1,0.207,0.207,0.0,0.001,2018,Cowboys,veteran,4,Cardinals,new_team_signing,2400
David Wells,TE,Buccaneers,2023,1,0.216,0.216,0.0,0.001,2018,Cowboys,veteran,5,Buccaneers,extension,2401
David Wells,TE,Buccaneers,2024,1,0.985,0.985,0.0,0.004,2018,Cowboys,veteran,6,Buccaneers,extension,2402
David White Jr.,WR,Jaguars,2024,3,2.855,0.951667,0.25,0.004,2024,Jaguars,rookie,0,Jaguars,rookie_deal,2403
David White Jr.,WR,Bills,2025,1,0.84,0.84,0.0,0.003,2024,Jaguars,veteran,1,Jaguars,new_team_signing,2404
David Williams,RB,Broncos,2018,1,0.1292,0.1292,0.0,0.001,2018,Broncos,rookie,0,Broncos,rookie_deal,2405
David Williams,RB,Colts,2019,1,0.136,0.136,0.0,0.001,2018,Broncos,veteran,1,Broncos,new_team_signing,2406
David Wilson,RB,Giants,2012,4,6.684502,1.671126,5.382979,0.013999999999999999,2012,Giants,rookie,0,Giants,rookie_deal,2407
David Wright,TE,Titans,2014,4,1.53,0.51,0.0,0.0,2014,Titans,rookie,0,Titans,rookie_deal,2408
Davion Davis,WR,Vikings,2019,1,0.136,0.136,0.0,0.001,2019,Vikings,rookie,0,Vikings,rookie_deal,2409
Davion Davis,WR,Vikings,2020,1,0.585,0.585,0.0,0.003,2019,Vikings,veteran,1,Vikings,extension,2410
Davion Davis,WR,Browns,2021,1,0.1656,0.1656,0.0,0.001,2019,Vikings,veteran,2,Vikings,new_team_signing,2411
Davion Davis,WR,Texans,2022,1,0.207,0.207,0.0,0.001,2019,Vikings,veteran,3,Browns,new_team_signing,2412
Davion Davis,WR,Commanders,2023,1,0.216,0.216,0.0,0.001,2019,Vikings,veteran,4,Texans,new_team_signing,2413
Davion Davis,WR,Commanders,2024,1,0.985,0.985,0.0,0.004,2019,Vikings,veteran,5,Commanders,extension,2414
Davis Allen,TE,Rams,2023,4,4.08498,1.021245,0.24498,0.005,2023,Rams,rookie,0,Rams,rookie_deal,2415
Davis Cheek,QB,Panthers,2022,1,0.207,0.207,0.0,0.001,2022,Panthers,rookie,0,Panthers,rookie_deal,2416
Davis Koppenhaver,TE,Packers,2019,3,1.762,0.587333,0.007,0.003,2019,Packers,rookie,0,Packers,rookie_deal,2417
Davis Mills,QB,Texans,2021,4,5.2221,1.305525,1.157892,0.006999999999999999,2021,Texans,rookie,0,Texans,rookie_deal,2418
Davis Mills,QB,Texans,2024,2,8.116,4.058,6.316,0.016,2021,Texans,veteran,3,Texans,extension,2419
Davis Mills,QB,Texans,2025,1,7.0,7.0,10.25,0.025,2021,Texans,veteran,4,Texans,extension,2420
Davis Webb,QB,Giants,2017,4,3.611326,0.902832,0.76642,0.005,2017,Giants,rookie,0,Giants,rookie_deal,2421
Davis Webb,QB,Jets,2018,1,0.554999,0.554999,0.0,0.003,2017,Giants,veteran,1,Giants,new_team_signing,2422
Davis Webb,QB,Bills,2019,1,0.17,0.17,0.0,0.001,2017,Giants,veteran,2,Jets,new_team_signing,2423
Davis Webb,QB,Bills,2020,1,0.178518,0.178518,0.0,0.001,2017,Giants,veteran,3,Bills,extension,2424
Davis Webb,QB,Bills,2021,1,0.1656,0.1656,0.0,0.001,2017,Giants,veteran,4,Bills,extension,2425
Davis Webb,QB,Giants,2022,1,0.207,0.207,0.0,0.001,2017,Giants,veteran,5,Bills,new_team_signing,2426
Davon Booth,RB,Browns,2026,3,3.115,1.038333,0.165,0.003,2026,Browns,rookie,0,Browns,rookie_deal,2427
Davon Grayson,WR,Chiefs,2018,3,1.71,0.57,0.0,0.003,2018,Chiefs,rookie,0,Chiefs,rookie_deal,2428
Davon Grayson,WR,Chiefs,2019,1,0.495,0.495,0.0,0.003,2018,Chiefs,veteran,1,Chiefs,extension,2429
Davone Bess,WR,Dolphins,2008,2,0.687,0.3435,0.007,0.003,2008,Dolphins,rookie,0,Dolphins,rookie_deal,2430
Davone Bess,WR,Dolphins,2010,1,0.47,0.47,0.0,0.004,2008,Dolphins,veteran,2,Dolphins,extension,2431
Davone Bess,WR,Browns,2013,3,8.817,2.939,5.750334,0.024,2008,Dolphins,veteran,5,Dolphins,new_team_signing,2432
Davonte Allen,WR,Bills,2016,3,1.62,0.54,0.0,0.003,2016,Bills,rookie,0,Bills,rookie_deal,2433
Dawson Knox,TE,Bills,2019,4,3.5216,0.8804,0.82218,0.005,2019,Bills,rookie,0,Bills,rookie_deal,2434
Dawson Knox,TE,Bills,2022,4,52.0,13.0,19.92,0.062,2019,Bills,veteran,3,Bills,extension,2435
Dawson Knox,TE,Bills,2024,3,29.5,9.833333,12.75,0.039,2019,Bills,veteran,5,Bills,extension,2436
Dawson Knox,TE,Bills,2026,3,20.0,6.666667,10.0,0.022000000000000002,2019,Bills,veteran,7,Bills,extension,2437
Dax Milne,WR,Commanders,2021,4,3.557264,0.889316,0.077264,0.005,2021,Commanders,rookie,0,Commanders,rookie_deal,2438
Dax Milne,WR,Panthers,2024,1,0.3024,0.3024,0.0,0.001,2021,Commanders,veteran,3,Commanders,new_team_signing,2439
Dax Milne,WR,Panthers,2025,1,1.03,1.03,0.0,0.004,2021,Commanders,veteran,4,Panthers,extension,2440
Dax Raymond,TE,Bears,2019,1,0.136,0.136,0.0,0.001,2019,Bears,rookie,0,Bears,rookie_deal,2441
Dax Raymond,TE,Packers,2020,1,0.1428,0.1428,0.0,0.001,2019,Bears,veteran,1,Bears,new_team_signing,2442
Dax Raymond,TE,Steelers,2021,1,0.66,0.66,0.0,0.004,2019,Bears,veteran,2,Packers,new_team_signing,2443
Daylen Baldwin,WR,Browns,2022,1,0.207,0.207,0.0,0.001,2022,Browns,rookie,0,Browns,rookie_deal,2444
Daylen Baldwin,WR,Vikings,2023,1,0.216,0.216,0.0,0.001,2022,Browns,veteran,1,Browns,new_team_signing,2445
Daylen Baldwin,WR,Vikings,2024,1,0.795,0.795,0.0,0.003,2022,Browns,veteran,2,Vikings,extension,2446
Dayton Wade,WR,Ravens,2024,1,0.225,0.225,0.0,0.001,2024,Ravens,rookie,0,Ravens,rookie_deal,2447
Dayton Wade,WR,Ravens,2025,1,0.84,0.84,0.0,0.003,2024,Ravens,veteran,1,Ravens,extension,2448
Dayton Wade,WR,Ravens,2026,1,0.885,0.885,0.0,0.003,2024,Ravens,veteran,2,Ravens,extension,2449
Dazz Newsome,WR,Bears,2021,1,0.1656,0.1656,0.0,0.001,2021,Bears,rookie,0,Bears,rookie_deal,2450
Dazz Newsome,WR,Chiefs,2022,1,0.207,0.207,0.0,0.001,2021,Bears,veteran,1,Bears,new_team_signing,2451
Dazz Newsome,WR,49ers,2023,1,0.87,0.87,0.0,0.004,2021,Bears,veteran,2,Chiefs,new_team_signing,2452
De'Angelo Henderson,RB,Broncos,2017,4,2.545164,0.636291,0.145164,0.004,2017,Broncos,rookie,0,Broncos,rookie_deal,2453
De'Angelo Henderson,RB,Jets,2018,1,0.17,0.17,0.0,0.001,2017,Broncos,veteran,1,Broncos,new_team_signing,2454
De'Angelo Henderson,RB,Eagles,2019,1,0.136,0.136,0.0,0.001,2017,Broncos,veteran,2,Jets,new_team_signing,2455
De'Anthony Thomas,WR,Chiefs,2014,4,2.665108,0.666277,0.420108,0.005,2014,Chiefs,rookie,0,Chiefs,rookie_deal,2456
De'Anthony Thomas,WR,Chiefs,2018,1,0.88,0.88,0.09,0.005,2014,Chiefs,veteran,4,Chiefs,extension,2457
De'Anthony Thomas,WR,Chiefs,2019,1,0.805,0.805,0.0,0.004,2014,Chiefs,veteran,5,Chiefs,extension,2458
De'Anthony Thomas,WR,Ravens,2020,1,0.935,0.935,0.025,0.005,2014,Chiefs,veteran,6,Chiefs,new_team_signing,2459
De'Lance Turner,RB,Ravens,2018,1,0.1292,0.1292,0.0,0.001,2018,Ravens,rookie,0,Ravens,rookie_deal,2460
De'Lance Turner,RB,Ravens,2019,1,0.272,0.272,0.0,0.001,2018,Ravens,veteran,1,Ravens,extension,2461
De'Mard Llorens,RB,Rams,2017,1,0.465,0.465,0.0,0.003,2017,Rams,rookie,0,Rams,rookie_deal,2462
De'Michael Harris,WR,Colts,2020,1,0.1428,0.1428,0.0,0.001,2020,Colts,rookie,0,Colts,rookie_deal,2463
De'Michael Harris,WR,Colts,2021,1,0.1656,0.1656,0.0,0.001,2020,Colts,veteran,1,Colts,extension,2464
De'Michael Harris,WR,Colts,2022,1,0.207,0.207,0.0,0.001,2020,Colts,veteran,2,Colts,extension,2465
De'Montre Tuggle,RB,Bears,2022,3,2.56,0.853333,0.0,0.004,2022,Bears,rookie,0,Bears,rookie_deal,2466
De'Mornay Pierson-El,WR,Commanders,2018,3,1.715,0.571667,0.005,0.003,2018,Commanders,rookie,0,Commanders,rookie_deal,2467
De'Mornay Pierson-El,WR,Raiders,2019,1,0.136,0.136,0.0,0.001,2018,Commanders,veteran,1,Commanders,new_team_signing,2468
De'Mornay Pierson-El,WR,Raiders,2020,1,0.1428,0.1428,0.0,0.001,2018,Commanders,veteran,2,Raiders,extension,2469
De'Mornay Pierson-El,WR,Broncos,2021,1,0.1656,0.1656,0.0,0.001,2018,Commanders,veteran,3,Raiders,new_team_signing,2470
De'Quan Hampton,WR,Saints,2017,3,1.665,0.555,0.0,0.003,2017,Saints,rookie,0,Saints,rookie_deal,2471
De'Quan Hampton,WR,Seahawks,2021,1,0.1656,0.1656,0.0,0.001,2017,Saints,veteran,4,Saints,new_team_signing,2472
De'Veon Smith,RB,Dolphins,2017,1,0.1224,0.1224,0.0,0.001,2017,Dolphins,rookie,0,Dolphins,rookie_deal,2473
De'Veon Smith,RB,Commanders,2018,1,0.555,0.555,0.0,0.003,2017,Dolphins,veteran,1,Dolphins,new_team_signing,2474
De'Zhaun Stribling,WR,49ers,2026,4,13.37674,3.344185,13.37674,0.011000000000000001,2026,49ers,rookie,0,49ers,rookie_deal,2475
DeAndre Carter,WR,Eagles,2018,1,0.153,0.153,0.0,0.001,2015,Ravens,veteran,3,49ers,new_team_signing,2476
DeAndre Carter,WR,Texans,2019,1,0.57,0.57,0.0,0.003,2015,Ravens,veteran,4,Eagles,new_team_signing,2477
DeAndre Carter,WR,HOU/CHI,2020,1,0.66,0.66,0.0,0.003,2015,Ravens,veteran,5,Texans,new_team_signing,2478
DeAndre Carter,WR,Commanders,2021,1,0.97,0.97,0.2,0.005,2015,Ravens,veteran,6,HOU/CHI,new_team_signing,2479
DeAndre Carter,WR,Chargers,2022,1,1.135,1.135,0.1,0.005,2015,Ravens,veteran,7,Commanders,new_team_signing,2480
DeAndre Carter,WR,Raiders,2023,1,1.5,1.5,1.255,0.006999999999999999,2015,Ravens,veteran,8,Chargers,new_team_signing,2481
DeAndre Carter,WR,Bears,2024,1,1.2,1.2,0.45,0.005,2015,Ravens,veteran,9,Raiders,new_team_signing,2482
DeAndre Carter,WR,Browns,2025,1,1.4225,1.4225,0.7675,0.005,2015,Ravens,veteran,10,Bears,new_team_signing,2483
DeAndre Goolsby,TE,Jaguars,2018,1,0.48,0.48,0.0,0.003,2018,Lions,rookie,0,Jaguars,rookie_deal,2484
DeAndre Hopkins,WR,Texans,2013,4,7.6267,1.906675,6.181696,0.016,2013,Texans,rookie,0,Texans,rookie_deal,2485
DeAndre Hopkins,WR,ARI/HOU,2017,5,81.0,16.2,36.5,0.09699999999999999,2013,Texans,veteran,4,Texans,new_team_signing,2486
DeAndre Hopkins,WR,Cardinals,2020,2,54.5,27.25,42.75,0.13699999999999998,2013,Texans,veteran,7,ARI/HOU,new_team_signing,2487
DeAndre Hopkins,WR,KC/TEN,2023,2,26.0,13.0,10.98,0.057999999999999996,2013,Texans,veteran,10,Cardinals,new_team_signing,2488
DeAndre Hopkins,WR,Ravens,2025,1,5.0,5.0,5.0,0.018000000000000002,2013,Texans,veteran,12,KC/TEN,new_team_signing,2489
DeAndre Reaves,WR,Chargers,2016,3,1.62,0.54,0.0,0.003,2016,Chargers,rookie,0,Chargers,rookie_deal,2490
DeAndre Smelter,WR,49ers,2015,2,2.625688,0.656422,0.345688,0.005,2015,,rookie,0,49ers,rookie_deal,2491
DeAndre Smelter,WR,49ers,2016,1,0.1173,0.1173,0.0,0.001,2015,,veteran,1,49ers,extension,2492
DeAndre Smelter,WR,49ers,2017,1,0.1224,0.1224,0.0,0.001,2015,,veteran,2,49ers,extension,2493
DeAndre Smelter,WR,Jaguars,2018,2,0.48,0.48,0.0,0.003,2015,,veteran,3,49ers,new_team_signing,2494
DeAndre Thompkins,WR,Eagles,2019,3,1.765,0.588333,0.085,0.003,2019,Eagles,rookie,0,Eagles,rookie_deal,2495
DeAndre Thompkins,WR,Steelers,2020,1,0.61,0.61,0.0,0.003,2019,Eagles,veteran,1,Eagles,new_team_signing,2496
DeAndre Thompkins,WR,Packers,2021,1,0.66,0.66,0.0,0.004,2019,Eagles,veteran,2,Steelers,new_team_signing,2497
DeAndre Torrey,RB,Eagles,2022,3,2.56,0.853333,0.0,0.004,2022,Eagles,rookie,0,Eagles,rookie_deal,2498
DeAndre Washington,RB,Raiders,2016,4,2.609196,0.652299,0.269196,0.004,2016,Raiders,rookie,0,Raiders,rookie_deal,2499
DeAndre Washington,RB,Chiefs,2020,1,0.204,0.204,0.0,0.001,2016,Raiders,veteran,4,Raiders,new_team_signing,2500
DeAndrew White,WR,Panthers,2018,1,0.1292,0.1292,0.0,0.001,2015,,veteran,3,Texans,new_team_signing,2501
DeAndrew White,WR,Panthers,2019,1,0.136,0.136,0.0,0.001,2015,,veteran,4,Panthers,extension,2502
DeAndrew White,WR,Panthers,2020,1,0.825,0.825,0.0,0.004,2015,,veteran,5,Panthers,extension,2503
DeAngelo Hardy,WR,Ravens,2024,3,2.832,0.944,0.002,0.004,2024,Ravens,rookie,0,Ravens,rookie_deal,2504
DeAngelo Williams,RB,Panthers,2006,5,7.75,5.275,1.055,0.052000000000000005,2006,Panthers,rookie,0,Panthers,rookie_deal,2505
DeAngelo Williams,RB,Panthers,2011,5,43.0,8.6,21.0,0.071,2006,Panthers,veteran,5,Panthers,extension,2506
DeAngelo Williams,RB,Panthers,2013,3,10.0,3.333333,4.0,0.027000000000000003,2006,Panthers,veteran,7,Panthers,extension,2507
DeAngelo Williams,RB,Steelers,2015,2,4.0,2.0,1.13,0.013999999999999999,2006,Panthers,veteran,9,Panthers,new_team_signing,2508
DeAngelo Yancey,WR,Packers,2017,1,0.1224,0.1224,0.0,0.001,2017,Packers,rookie,0,Packers,rookie_deal,2509
DeAngelo Yancey,WR,Jets,2018,1,0.1292,0.1292,0.0,0.001,2017,Packers,veteran,1,Packers,new_team_signing,2510
DeAngelo Yancey,WR,Jets,2019,2,1.08,0.54,0.0,0.003,2017,Packers,veteran,2,Jets,extension,2511
DeMarco Murray,RB,Cowboys,2011,4,2.97344,0.74336,0.6625,0.006,2011,Cowboys,rookie,0,Cowboys,rookie_deal,2512
DeMarco Murray,RB,Eagles,2015,5,40.0,8.0,18.0,0.055999999999999994,2011,Cowboys,veteran,4,Cowboys,new_team_signing,2513
DeMarco Murray,RB,Titans,2016,4,25.5,6.375,9.0,0.040999999999999995,2011,Cowboys,veteran,5,Eagles,new_team_signing,2514
DeMarco Sampson,WR,Cardinals,2011,4,2.0859,0.521475,0.0459,0.004,2011,Cardinals,rookie,0,Cardinals,rookie_deal,2515
DeMarco Sampson,WR,Bills,2013,1,0.48,0.48,0.0,0.004,2011,Cardinals,veteran,2,Cardinals,new_team_signing,2516
DeMarco Sampson,WR,49ers,2014,2,1.08,0.54,0.0,0.004,2011,Cardinals,veteran,3,Bills,new_team_signing,2517
DeMarcus Ayers,WR,Steelers,2016,2,0.99,0.495,0.0,0.003,2016,Steelers,rookie,0,Steelers,rookie_deal,2518
DeMarcus Ayers,WR,Bears,2017,1,0.1224,0.1224,0.0,0.001,2016,Steelers,veteran,1,Steelers,new_team_signing,2519
DeMarcus Ayers,WR,Bears,2018,1,0.555,0.555,0.0,0.003,2016,Steelers,veteran,2,Bears,extension,2520
DeMeer Blankumsee,WR,Patriots,2025,3,2.97,0.99,0.02,0.004,2025,Patriots,rookie,0,Patriots,rookie_deal,2521
DeSean Jackson,WR,Eagles,2008,4,3.469335,0.867334,1.353,0.006999999999999999,2008,Eagles,rookie,0,Eagles,rookie_deal,2522
DeSean Jackson,WR,Eagles,2012,5,48.5,9.7,15.0,0.08,2008,Eagles,veteran,4,Eagles,extension,2523
DeSean Jackson,WR,Commanders,2014,3,24.0,8.0,16.0,0.06,2008,Eagles,veteran,6,Eagles,new_team_signing,2524
DeSean Jackson,WR,PHI/TB,2017,3,33.5,11.166667,20.0,0.067,2008,Eagles,veteran,9,Commanders,new_team_signing,2525
DeSean Jackson,WR,Eagles,2019,3,27.0,9.0,13.0,0.048,2008,Eagles,veteran,11,PHI/TB,new_team_signing,2526
DeSean Jackson,WR,Raiders,2021,1,2.0,2.0,0.0,0.011000000000000001,2008,Eagles,veteran,13,Eagles,new_team_signing,2527
DeSean Jackson,WR,Ravens,2022,1,0.3582,0.3582,0.0,0.002,2008,Eagles,veteran,14,Raiders,new_team_signing,2528
DeSean Smith,TE,Panthers,2017,3,1.665,0.555,0.0,0.003,2017,Panthers,rookie,0,Panthers,rookie_deal,2529
DeShon Williams,TE,Seahawks,2021,1,0.1656,0.1656,0.0,0.001,2021,Seahawks,rookie,0,Seahawks,rookie_deal,2530
DeShone Kizer,QB,LV/CLE/GB,2017,4,4.948412,1.237103,2.893772,0.006999999999999999,2017,Browns,rookie,0,LV/CLE/GB,rookie_deal,2531
DeShone Kizer,QB,LV/TEN,2020,1,0.204,0.204,0.0,0.001,2017,Browns,veteran,3,LV/CLE/GB,new_team_signing,2532
DeShone Kizer,QB,Titans,2021,1,0.252,0.252,0.0,0.001,2017,Browns,veteran,4,LV/TEN,new_team_signing,2533
DeVante Parker,WR,Dolphins,2015,4,10.87654,2.719135,10.87654,0.019,2015,Dolphins,rookie,0,Dolphins,rookie_deal,2534
DeVante Parker,WR,Dolphins,2019,2,10.0,5.0,4.5,0.027000000000000003,2015,Dolphins,veteran,4,Dolphins,extension,2535
DeVante Parker,WR,Patriots,2023,2,10.8,5.4,9.1,0.024,2015,Dolphins,veteran,8,Dolphins,new_team_signing,2536
DeVante Parker,WR,Eagles,2024,1,1.21,1.21,0.0,0.005,2015,Dolphins,veteran,9,Patriots,new_team_signing,2537
DeVaughn Vele,WR,NO/DEN,2024,4,4.12448,1.03112,0.10448,0.004,2024,Broncos,rookie,0,NO/DEN,rookie_deal,2538
DeVier Posey,WR,Texans,2012,4,2.962092,0.740523,0.684092,0.006,2012,Texans,rookie,0,Texans,rookie_deal,2539
DeVier Posey,WR,Broncos,2016,1,0.675,0.675,0.0,0.004,2012,Texans,veteran,4,Texans,new_team_signing,2540
DeVier Posey,WR,Ravens,2018,1,0.805,0.805,0.0,0.005,2012,Texans,veteran,6,Broncos,new_team_signing,2541
DeVonta Smith,WR,Eagles,2021,4,20.141392,5.035348,20.141392,0.027999999999999997,2021,Eagles,rookie,0,Eagles,rookie_deal,2542
DeVonta Smith,WR,Eagles,2024,3,75.0,25.0,33.997554,0.098,2021,Eagles,veteran,3,Eagles,extension,2543
DeVonte Dedmon,WR,Dolphins,2022,3,2.56,0.853333,0.02,0.004,2022,Dolphins,rookie,0,Dolphins,rookie_deal,2544
DeVontres Dukes,WR,Broncos,2021,3,2.426,0.808667,0.001,0.004,2021,Broncos,rookie,0,Broncos,rookie_deal,2545
DeWayne McBride,RB,Vikings,2023,1,0.216,0.216,0.0,0.001,2023,Vikings,rookie,0,Vikings,rookie_deal,2546
DeWayne McBride,RB,Vikings,2024,1,0.225,0.225,0.0,0.001,2023,Vikings,veteran,1,Vikings,extension,2547
Dean Connors,RB,Rams,2026,3,3.12,1.04,0.02,0.003,2026,Rams,rookie,0,Rams,rookie_deal,2548
Dean Patterson,WR,Buccaneers,2026,3,3.101,1.033667,0.001,0.003,2026,Buccaneers,rookie,0,Buccaneers,rookie_deal,2549
Deante Burton,WR,Falcons,2017,1,0.1224,0.1224,0.0,0.001,2017,Falcons,rookie,0,Falcons,rookie_deal,2550
Deante Burton,WR,Falcons,2018,1,0.1292,0.1292,0.0,0.001,2017,Falcons,veteran,1,Falcons,extension,2551
Deante Burton,WR,Titans,2022,1,0.965,0.965,0.0,0.005,2017,Falcons,veteran,5,Falcons,new_team_signing,2552
Deante Gray,WR,Texans,2017,3,1.667,0.555667,0.002,0.003,2017,Texans,rookie,0,Texans,rookie_deal,2553
Dede Westbrook,WR,Jaguars,2017,4,3.076164,0.769041,0.676164,0.005,2017,Jaguars,rookie,0,Jaguars,rookie_deal,2554
Dede Westbrook,WR,Vikings,2021,1,1.1275,1.1275,0.1375,0.006,2017,Jaguars,veteran,4,Jaguars,new_team_signing,2555
Dede Westbrook,WR,Packers,2022,1,0.2772,0.2772,0.0,0.001,2017,Jaguars,veteran,5,Vikings,new_team_signing,2556
Dedrick Mills,RB,Lions,2021,1,0.1656,0.1656,0.0,0.001,2021,Lions,rookie,0,Lions,rookie_deal,2557
Dee Williams,WR,Seahawks,2024,3,2.855,0.951667,0.125,0.004,2024,Seahawks,rookie,0,Seahawks,rookie_deal,2558
DeeJay Dallas,RB,Seahawks,2020,4,3.7894,0.94735,0.4944,0.005,2020,Seahawks,rookie,0,Seahawks,rookie_deal,2559
DeeJay Dallas,RB,Cardinals,2024,3,8.25,2.75,2.395,0.011000000000000001,2020,Seahawks,veteran,4,Seahawks,new_team_signing,2560
DeeJay Dallas,RB,Panthers,2025,1,0.396,0.396,0.0,0.001,2020,Seahawks,veteran,5,Cardinals,new_team_signing,2561
DeeJay Dallas,RB,Jaguars,2026,1,1.265,1.265,0.2,0.004,2020,Seahawks,veteran,6,Panthers,new_team_signing,2562
Deebo Samuel,WR,49ers,2019,4,7.697356,1.924339,5.226791,0.01,2019,49ers,rookie,0,49ers,rookie_deal,2563
Deebo Samuel,WR,WAS/SF,2022,3,71.55,23.85,41.0,0.115,2019,49ers,veteran,3,49ers,new_team_signing,2564
Deion Burks,WR,Colts,2026,4,4.500488,1.125122,0.120488,0.004,2026,Colts,rookie,0,Colts,rookie_deal,2565
Deion Hankins,RB,Bears,2025,3,2.965,0.988333,0.0,0.004,2025,Bears,rookie,0,Bears,rookie_deal,2566
Deji Karim,RB,Colts,2010,1,0.73,0.73,0.0,0.0,2010,Jaguars,rookie,0,Colts,rookie_deal,2567
Delanie Walker,TE,49ers,2006,4,1.712,0.428,0.1071,0.004,2006,,rookie,0,49ers,rookie_deal,2568
Delanie Walker,TE,49ers,2008,3,6.0,2.0,1.8,0.017,2006,,veteran,2,49ers,extension,2569
Delanie Walker,TE,Titans,2013,4,17.5,4.375,5.8,0.036000000000000004,2006,,veteran,7,49ers,new_team_signing,2570
Delanie Walker,TE,Titans,2016,2,13.375,6.6875,6.7,0.043,2006,,veteran,10,Titans,extension,2571
Delanie Walker,TE,Titans,2018,2,17.0,8.5,10.57,0.048,2006,,veteran,12,Titans,extension,2572
Delone Carter,RB,IND/BAL,2011,4,2.465204,0.616301,0.425203,0.005,2011,Colts,rookie,0,IND/BAL,rookie_deal,2573
Delone Carter,RB,Jaguars,2013,2,1.2,0.6,0.0,0.005,2011,Colts,veteran,2,IND/BAL,new_team_signing,2574
Demarcus Robinson,WR,Chiefs,2016,4,2.884672,0.721168,0.517172,0.005,2016,Chiefs,rookie,0,Chiefs,rookie_deal,2575
Demarcus Robinson,WR,Chiefs,2020,1,2.2975,2.2975,2.2975,0.012,2016,Chiefs,veteran,4,Chiefs,extension,2576
Demarcus Robinson,WR,Chiefs,2021,1,1.1275,1.1275,0.9875,0.006,2016,Chiefs,veteran,5,Chiefs,extension,2577
Demarcus Robinson,WR,Ravens,2022,1,1.035,1.035,0.0,0.005,2016,Chiefs,veteran,6,Chiefs,new_team_signing,2578
Demarcus Robinson,WR,Rams,2023,1,1.165,1.165,0.0,0.005,2016,Chiefs,veteran,7,Ravens,new_team_signing,2579
Demarcus Robinson,WR,Rams,2024,1,4.0,4.0,4.0,0.016,2016,Chiefs,veteran,8,Rams,extension,2580
Demarcus Robinson,WR,49ers,2025,2,8.0,4.0,6.0,0.013999999999999999,2016,Chiefs,veteran,9,Rams,new_team_signing,2581
Demario Douglas,WR,Patriots,2023,4,3.973332,0.993333,0.133332,0.004,2023,Patriots,rookie,0,Patriots,rookie_deal,2582
Demaryius Thomas,WR,Broncos,2010,5,12.1555,3.038875,9.35175,0.024,2010,Broncos,rookie,0,Broncos,rookie_deal,2583
Demaryius Thomas,WR,Texans,2015,5,70.0,14.0,35.0,0.098,2010,Broncos,veteran,5,Broncos,new_team_signing,2584
Demaryius Thomas,WR,Patriots,2019,1,3.0,3.0,0.15,0.016,2010,Broncos,veteran,9,Texans,new_team_signing,2585
Demetric Felton,RB,Browns,2021,4,3.641144,0.910286,0.161144,0.005,2021,Browns,rookie,0,Browns,rookie_deal,2586
Demetric Felton,RB,Bengals,2023,1,0.216,0.216,0.0,0.001,2021,Browns,veteran,2,Browns,new_team_signing,2587
Demetric Felton,RB,Bears,2024,1,0.225,0.225,0.0,0.001,2021,Browns,veteran,3,Bengals,new_team_signing,2588
Demetric Felton,RB,Commanders,2025,1,1.03,1.03,0.0,0.004,2021,Browns,veteran,4,Bears,new_team_signing,2589
Demetris Robertson,WR,Seahawks,2022,3,2.574,0.858,0.014,0.004,2022,Seahawks,rookie,0,Seahawks,rookie_deal,2590
Demetrius Harris,TE,Browns,2019,2,6.0,3.0,3.25,0.016,2013,Chiefs,veteran,6,Chiefs,new_team_signing,2591
Demetrius Harris,TE,Bears,2020,1,1.65,1.65,0.5,0.008,2013,Chiefs,veteran,7,Browns,new_team_signing,2592
Demetrius Harris,TE,Cardinals,2021,1,1.075,1.075,0.0,0.006,2013,Chiefs,veteran,8,Bears,new_team_signing,2593
Demetrius Wilson,WR,Chargers,2015,3,1.5765,0.5255,0.0015,0.0,2015,Chargers,rookie,0,Chargers,rookie_deal,2594
Demond Claiborne,RB,Vikings,2026,4,4.65358,1.163395,0.27358,0.004,2026,Vikings,rookie,0,Vikings,rookie_deal,2595
Denard Robinson,WR,Jaguars,2013,4,2.373612,0.593403,0.213612,0.005,2013,Jaguars,rookie,0,Jaguars,rookie_deal,2596
Denarius Moore,WR,Raiders,2011,4,2.230052,0.557513,0.190052,0.005,2011,Raiders,rookie,0,Raiders,rookie_deal,2597
Denarius Moore,WR,Bills,2015,1,0.745,0.745,0.0,0.005,2011,Raiders,veteran,4,Raiders,new_team_signing,2598
Deneric Prince,RB,Chiefs,2023,1,0.216,0.216,0.0,0.001,2023,Chiefs,rookie,0,Chiefs,rookie_deal,2599
Deneric Prince,RB,Dolphins,2024,1,0.225,0.225,0.0,0.001,2023,Chiefs,veteran,1,Chiefs,new_team_signing,2600
Deneric Prince,RB,Patriots,2025,1,0.96,0.96,0.0,0.003,2023,Chiefs,veteran,2,Dolphins,new_team_signing,2601
Dennis Dixon,QB,Cardinals,2008,2,1.475,0.7375,0.0,0.0,2008,Steelers,rookie,0,Cardinals,rookie_deal,2602
Dennis Houston,WR,Cowboys,2022,1,0.207,0.207,0.0,0.001,2022,Cowboys,rookie,0,Cowboys,rookie_deal,2603
Dennis Houston,WR,Giants,2023,1,0.216,0.216,0.0,0.001,2022,Cowboys,veteran,1,Cowboys,new_team_signing,2604
Dennis Houston,WR,Buccaneers,2024,1,0.225,0.225,0.0,0.001,2022,Cowboys,veteran,2,Giants,new_team_signing,2605
Dennis Houston,WR,Buccaneers,2025,1,0.234,0.234,0.0,0.001,2022,Cowboys,veteran,3,Buccaneers,extension,2606
Dennis Houston,WR,Buccaneers,2026,2,1.935,0.9675,0.0,0.003,2022,Cowboys,veteran,4,Buccaneers,extension,2607
Dennis Parks,WR,Browns,2016,1,0.45,0.45,0.0,0.003,2016,Packers,rookie,0,Browns,rookie_deal,2608
Dennis Pitta,TE,Ravens,2010,3,1.586,0.528667,0.371,0.004,2010,Ravens,rookie,0,Ravens,rookie_deal,2609
Dennis Pitta,TE,Ravens,2013,1,2.023,2.023,0.0,0.016,2010,Ravens,veteran,3,Ravens,extension,2610
Dennis Pitta,TE,Ravens,2014,5,32.0,6.4,16.0,0.048,2010,Ravens,veteran,4,Ravens,extension,2611
Dennis Pitta,TE,Ravens,2017,2,6.0,3.0,0.0,0.018000000000000002,2010,Ravens,veteran,7,Ravens,extension,2612
Denzel Boston,WR,Browns,2026,4,12.385596,3.096399,12.385596,0.01,2026,Browns,rookie,0,Browns,rookie_deal,2613
Denzel Mims,WR,DET/NYJ,2020,4,5.433696,1.358424,2.978766,0.006999999999999999,2020,Jets,rookie,0,DET/NYJ,rookie_deal,2614
Denzel Mims,WR,Steelers,2023,1,0.2898,0.2898,0.0,0.001,2020,Jets,veteran,3,DET/NYJ,new_team_signing,2615
Denzel Mims,WR,Steelers,2024,1,1.055,1.055,0.0,0.004,2020,Jets,veteran,4,Steelers,extension,2616
Deon Cain,WR,Colts,2018,4,2.625636,0.656409,0.165636,0.004,2018,Colts,rookie,0,Colts,rookie_deal,2617
Deon Cain,WR,Colts,2019,1,0.136,0.136,0.0,0.001,2018,Colts,veteran,1,Colts,extension,2618
Deon Cain,WR,Steelers,2020,1,0.1428,0.1428,0.0,0.001,2018,Colts,veteran,2,Colts,new_team_signing,2619
Deon Cain,WR,Eagles,2021,1,0.252,0.252,0.0,0.001,2018,Colts,veteran,3,Steelers,new_team_signing,2620
Deon Cain,WR,Eagles,2022,1,0.2772,0.2772,0.0,0.001,2018,Colts,veteran,4,Eagles,extension,2621
Deon Cain,WR,Eagles,2023,1,0.87,0.87,0.0,0.004,2018,Colts,veteran,5,Eagles,extension,2622
Deon Cain,WR,Bills,2024,1,0.3024,0.3024,0.0,0.001,2018,Colts,veteran,6,Eagles,new_team_signing,2623
Deon Cain,WR,Bills,2025,1,0.96,0.96,0.0,0.003,2018,Colts,veteran,7,Bills,extension,2624
Deon Jackson,RB,Colts,2021,1,0.1656,0.1656,0.0,0.001,2021,Colts,rookie,0,Colts,rookie_deal,2625
Deon Jackson,RB,Browns,2023,1,0.216,0.216,0.0,0.001,2021,Colts,veteran,2,Colts,new_team_signing,2626
Deon Jackson,RB,Giants,2024,1,1.055,1.055,0.0,0.004,2021,Colts,veteran,3,Browns,new_team_signing,2627
Deon Jackson,RB,Lions,2025,1,1.1,1.1,0.0,0.004,2021,Colts,veteran,4,Giants,new_team_signing,2628
Deon Yelder,TE,Chiefs,2018,1,0.1292,0.1292,0.0,0.001,2018,Saints,rookie,0,Chiefs,rookie_deal,2629
Deon Yelder,TE,Chiefs,2020,1,0.75,0.75,0.0,0.004,2018,Saints,veteran,2,Chiefs,extension,2630
Deon Yelder,TE,Giants,2021,1,0.252,0.252,0.0,0.001,2018,Saints,veteran,3,Chiefs,new_team_signing,2631
Deon Yelder,TE,Cardinals,2022,1,1.035,1.035,0.0,0.005,2018,Saints,veteran,4,Giants,new_team_signing,2632
Deontay Burnett,WR,Jets,2018,1,0.17,0.17,0.0,0.001,2018,Titans,rookie,0,Jets,rookie_deal,2633
Deontay Burnett,WR,49ers,2019,1,0.136,0.136,0.0,0.001,2018,Titans,veteran,1,Jets,new_team_signing,2634
Deontay Burnett,WR,Eagles,2020,1,0.1428,0.1428,0.0,0.001,2018,Titans,veteran,2,49ers,new_team_signing,2635
Deontay Burnett,WR,Eagles,2021,2,1.675,0.8375,0.0,0.005,2018,Titans,veteran,3,Eagles,extension,2636
Deontay Burnett,WR,Cowboys,2024,2,1.945,0.9725,0.0,0.004,2018,Titans,veteran,6,Eagles,new_team_signing,2637
Deontay Greenberry,WR,Seahawks,2015,1,0.435,0.435,0.0,0.003,2015,Cowboys,rookie,0,Seahawks,rookie_deal,2638
Deonte Harty,WR,Saints,2019,3,1.765,0.588333,0.025,0.003,2019,Saints,rookie,0,Saints,rookie_deal,2639
Deonte Harty,WR,Saints,2022,1,3.986,3.986,0.0,0.019,2019,Saints,veteran,3,Saints,extension,2640
Deonte Harty,WR,Bills,2023,2,9.5,4.75,4.75,0.021,2019,Saints,veteran,4,Saints,new_team_signing,2641
Deonte Harty,WR,Ravens,2024,1,1.2925,1.2925,1.1525,0.005,2019,Saints,veteran,5,Bills,new_team_signing,2642
Deonte Thompson,WR,Bills,2018,1,0.79,0.79,0.0,0.004,2012,Ravens,veteran,6,Bills,extension,2643
Deonte Thompson,WR,Jets,2019,1,1.02,1.02,0.09,0.005,2012,Ravens,veteran,7,Bills,new_team_signing,2644
Deontez Alexander,WR,Lions,2018,1,0.1292,0.1292,0.0,0.001,2018,Lions,rookie,0,Lions,rookie_deal,2645
Deontez Alexander,WR,Lions,2019,1,0.495,0.495,0.0,0.003,2018,Lions,veteran,1,Lions,extension,2646
Deontez Alexander,WR,Seahawks,2022,1,0.705,0.705,0.0,0.003,2018,Lions,veteran,4,Lions,new_team_signing,2647
Derek Anderson,QB,CLE/BAL,2005,3,0.9745,0.324833,0.0495,0.004,2005,Ravens,rookie,0,CLE/BAL,rookie_deal,2648
Derek Anderson,QB,Browns,2008,3,24.0,8.0,7.0,0.069,2005,Ravens,veteran,3,CLE/BAL,new_team_signing,2649
Derek Anderson,QB,Cardinals,2010,2,7.25,3.625,2.5,0.027999999999999997,2005,Ravens,veteran,5,Browns,new_team_signing,2650
Derek Anderson,QB,Panthers,2011,1,0.735,0.735,0.05,0.006,2005,Ravens,veteran,6,Cardinals,new_team_signing,2651
Derek Anderson,QB,Panthers,2012,1,0.89,0.89,0.065,0.006999999999999999,2005,Ravens,veteran,7,Panthers,extension,2652
Derek Anderson,QB,Panthers,2013,1,0.905,0.905,0.065,0.006999999999999999,2005,Ravens,veteran,8,Panthers,extension,2653
Derek Anderson,QB,Panthers,2014,2,2.564,1.282,0.4,0.01,2005,Ravens,veteran,9,Panthers,extension,2654
Derek Anderson,QB,Panthers,2015,2,4.5,2.25,1.5,0.016,2005,Ravens,veteran,10,Panthers,extension,2655
Derek Anderson,QB,Bills,2018,1,1.07353,1.07353,0.05853,0.006,2005,Ravens,veteran,13,Panthers,new_team_signing,2656
Derek Anderson,QB,Bills,2019,1,1.12,1.12,0.09,0.006,2005,Ravens,veteran,14,Bills,extension,2657
Derek Carr,QB,Raiders,2014,4,5.371802,1.342951,3.310937,0.01,2014,Raiders,rookie,0,Raiders,rookie_deal,2658
Derek Carr,QB,Raiders,2017,5,125.025,25.005,40.0,0.15,2014,Raiders,veteran,3,Raiders,extension,2659
Derek Carr,QB,Raiders,2022,3,121.422481,40.47416,24.9,0.19399999999999998,2014,Raiders,veteran,8,Raiders,extension,2660
Derek Carr,QB,Saints,2023,4,150.0,37.5,60.0,0.16699999999999998,2014,Raiders,veteran,9,Raiders,new_team_signing,2661
Derek Carrier,TE,Raiders,2018,3,5.55,1.85,1.9,0.01,2012,Raiders,veteran,6,WAS/LAR,new_team_signing,2662
Derek Carrier,TE,Raiders,2021,1,1.075,1.075,0.0,0.006,2012,Raiders,veteran,9,Raiders,extension,2663
Derek Hagan,WR,Titans,2006,1,0.855,0.855,0.0,0.0,2006,Dolphins,rookie,0,Titans,rookie_deal,2664
Derek Keaton,WR,Bears,2016,3,1.62,0.54,0.0,0.003,2016,Bears,rookie,0,Bears,rookie_deal,2665
Derek Moye,WR,Titans,2012,2,0.9,0.45,0.0,0.0,2012,Dolphins,rookie,0,Titans,rookie_deal,2666
Derek Slywka,WR,Colts,2024,3,2.83,0.943333,0.0,0.004,2024,Colts,rookie,0,Colts,rookie_deal,2667
Derek Wright,WR,Panthers,2022,1,0.207,0.207,0.0,0.001,2022,Panthers,rookie,0,Panthers,rookie_deal,2668
Derek Wright,WR,Panthers,2023,1,0.216,0.216,0.0,0.001,2022,Panthers,veteran,1,Panthers,extension,2669
Derius Davis,WR,Chargers,2023,4,4.551928,1.137982,0.711928,0.005,2023,Chargers,rookie,0,Chargers,rookie_deal,2670
Derrick Deese Jr.,TE,Lions,2022,1,0.207,0.207,0.0,0.001,2022,Lions,rookie,0,Lions,rookie_deal,2671
Derrick Deese Jr.,TE,Lions,2023,1,0.75,0.75,0.0,0.003,2022,Lions,veteran,1,Lions,extension,2672
Derrick Dillon,WR,Giants,2020,1,0.1428,0.1428,0.0,0.001,2020,Giants,rookie,0,Giants,rookie_deal,2673
Derrick Dillon,WR,Giants,2021,2,1.491,0.7455,0.006,0.004,2020,Giants,veteran,1,Giants,extension,2674
Derrick Dillon,WR,Browns,2022,1,0.705,0.705,0.0,0.003,2020,Giants,veteran,2,Giants,new_team_signing,2675
Derrick Gore,RB,Chargers,2019,1,0.136,0.136,0.0,0.001,2019,Chargers,rookie,0,Chargers,rookie_deal,2676
Derrick Gore,RB,Chargers,2020,1,0.1428,0.1428,0.0,0.001,2019,Chargers,veteran,1,Chargers,extension,2677
Derrick Gore,RB,Chiefs,2021,1,0.1656,0.1656,0.0,0.001,2019,Chargers,veteran,2,Chargers,new_team_signing,2678
Derrick Gore,RB,Saints,2022,1,0.207,0.207,0.0,0.001,2019,Chargers,veteran,3,Chiefs,new_team_signing,2679
Derrick Gore,RB,Commanders,2023,1,0.216,0.216,0.0,0.001,2019,Chargers,veteran,4,Saints,new_team_signing,2680
Derrick Henry,RB,Titans,2016,4,5.40793,1.351983,3.278855,0.009000000000000001,2016,Titans,rookie,0,Titans,rookie_deal,2681
Derrick Henry,RB,Titans,2020,1,10.278,10.278,10.278,0.052000000000000005,2016,Titans,veteran,4,Titans,extension,2682
Derrick Henry,RB,Ravens,2024,2,16.0,8.0,9.0,0.031,2016,Titans,veteran,8,Titans,new_team_signing,2683
Derrick Henry,RB,Ravens,2025,2,30.0,15.0,25.0,0.054000000000000006,2016,Titans,veteran,9,Ravens,extension,2684
Derrick Willies,WR,Browns,2018,3,1.7125,0.570833,0.0025,0.003,2018,Browns,rookie,0,Browns,rookie_deal,2685
Derrick Willies,WR,Browns,2019,1,0.136,0.136,0.0,0.001,2018,Browns,veteran,1,Browns,extension,2686
Derrick Willies,WR,Browns,2020,1,0.1428,0.1428,0.0,0.001,2018,Browns,veteran,2,Browns,extension,2687
Derrick Willies,WR,Browns,2021,2,1.675,0.8375,0.0,0.005,2018,Browns,veteran,3,Browns,extension,2688
Derrius Guice,RB,Commanders,2018,4,4.541936,1.135484,2.473224,0.006,2018,Commanders,rookie,0,Commanders,rookie_deal,2689
Deshaun Fenwick,RB,Packers,2024,1,0.225,0.225,0.0,0.001,2024,Patriots,rookie,0,Packers,rookie_deal,2690
Deshaun Watson,QB,Texans,2017,4,13.854482,3.463621,13.854482,0.021,2017,Texans,rookie,0,Texans,rookie_deal,2691
Deshaun Watson,QB,Texans,2020,4,156.0,39.0,74.894247,0.19699999999999998,2017,Texans,veteran,3,Texans,extension,2692
Deshaun Watson,QB,Browns,2022,5,230.0,46.0,230.0,0.221,2017,Texans,veteran,5,Texans,new_team_signing,2693
Desmond Lawrence,WR,Bengals,2015,1,0.435,0.435,0.0,0.003,2015,Lions,rookie,0,Bengals,rookie_deal,2694
Desmond Martin,RB,Lions,2015,3,1.575,0.525,0.0,0.0,2015,Lions,rookie,0,Lions,rookie_deal,2695
Desmond Reid,RB,Bills,2026,3,3.115,1.038333,0.015,0.003,2026,Bills,rookie,0,Bills,rookie_deal,2696
Desmond Ridder,QB,ARI/ATL,2022,4,5.362962,1.340741,1.080336,0.006,2022,Falcons,rookie,0,ARI/ATL,rookie_deal,2697
Desmond Ridder,QB,Cardinals,2024,1,0.225,0.225,0.0,0.001,2022,Falcons,veteran,2,ARI/ATL,new_team_signing,2698
Desmond Ridder,QB,Packers,2025,1,0.315,0.315,0.0,0.001,2022,Falcons,veteran,3,Cardinals,new_team_signing,2699
Detrez Newsome,RB,Chargers,2018,1,0.1292,0.1292,0.0,0.001,2018,Chargers,rookie,0,Chargers,rookie_deal,2700
Detrez Newsome,RB,Chargers,2019,1,0.136,0.136,0.0,0.001,2018,Chargers,veteran,1,Chargers,extension,2701
Detrich Clark,WR,Falcons,2018,3,1.711,0.570333,0.001,0.003,2018,Falcons,rookie,0,Falcons,rookie_deal,2702
Deuce Vaughn,RB,Cowboys,2023,4,3.973332,0.993333,0.133332,0.004,2023,Cowboys,rookie,0,Cowboys,rookie_deal,2703
Deuce Vaughn,RB,Broncos,2025,1,0.234,0.234,0.0,0.001,2023,Cowboys,veteran,2,Cowboys,new_team_signing,2704
Deuce Vaughn,RB,Broncos,2026,1,1.075,1.075,0.0,0.004,2023,Cowboys,veteran,3,Broncos,extension,2705
Devante Davis,WR,Eagles,2015,3,1.582,0.527333,0.007,0.004,2015,Eagles,rookie,0,Eagles,rookie_deal,2706
Devante Mays,RB,Packers,2017,4,2.475044,0.618761,0.075044,0.004,2017,Packers,rookie,0,Packers,rookie_deal,2707
Devante Mays,RB,Browns,2018,1,0.1292,0.1292,0.0,0.001,2017,Packers,veteran,1,Packers,new_team_signing,2708
Devante Mays,RB,Jaguars,2019,1,0.57,0.57,0.0,0.003,2017,Packers,veteran,2,Browns,new_team_signing,2709
Deven Thompkins,WR,Buccaneers,2022,1,0.207,0.207,0.0,0.001,2022,Buccaneers,rookie,0,Buccaneers,rookie_deal,2710
Deven Thompkins,WR,Panthers,2024,1,0.225,0.225,0.0,0.001,2022,Buccaneers,veteran,2,Buccaneers,new_team_signing,2711
Deven Thompkins,WR,Falcons,2025,1,0.315,0.315,0.0,0.001,2022,Buccaneers,veteran,3,Panthers,new_team_signing,2712
Deven Thompkins,WR,Bills,2026,1,1.215,1.215,0.0,0.004,2022,Buccaneers,veteran,4,Falcons,new_team_signing,2713
Devin Asiasi,TE,CIN/NE,2020,4,4.46627,1.116568,0.89296,0.006,2020,Patriots,rookie,0,CIN/NE,rookie_deal,2714
Devin Asiasi,TE,Titans,2023,1,0.2898,0.2898,0.0,0.001,2020,Patriots,veteran,3,CIN/NE,new_team_signing,2715
Devin Carter,WR,Panthers,2024,3,2.83,0.943333,0.0,0.004,2024,Panthers,rookie,0,Panthers,rookie_deal,2716
Devin Culp,TE,Buccaneers,2024,4,4.106184,1.026546,0.086184,0.004,2024,Buccaneers,rookie,0,Buccaneers,rookie_deal,2717
Devin Duvernay,WR,Ravens,2020,4,4.455706,1.116927,0.887964,0.006,2020,Ravens,rookie,0,Ravens,rookie_deal,2718
Devin Duvernay,WR,Jaguars,2024,2,8.5,4.25,5.7,0.017,2020,Ravens,veteran,4,Ravens,new_team_signing,2719
Devin Duvernay,WR,Bears,2025,1,1.17,1.17,0.0,0.004,2020,Ravens,veteran,5,Jaguars,new_team_signing,2720
Devin Duvernay,WR,Cardinals,2026,1,1.85,1.85,0.55,0.006,2020,Ravens,veteran,6,Bears,new_team_signing,2721
Devin Fuller,WR,Falcons,2016,4,2.413784,0.603446,0.073784,0.004,2016,Falcons,rookie,0,Falcons,rookie_deal,2722
Devin Funchess,WR,Panthers,2015,4,5.520892,1.380223,3.396142,0.01,2015,Panthers,rookie,0,Panthers,rookie_deal,2723
Devin Funchess,WR,Colts,2019,1,10.0,10.0,7.0,0.053,2015,Panthers,veteran,4,Panthers,new_team_signing,2724
Devin Funchess,WR,Packers,2020,1,2.5,2.5,1.0,0.013000000000000001,2015,Panthers,veteran,5,Colts,new_team_signing,2725
Devin Funchess,WR,49ers,2021,1,0.252,0.252,0.0,0.001,2015,Panthers,veteran,6,Packers,new_team_signing,2726
Devin Funchess,WR,Lions,2022,1,1.035,1.035,0.0,0.005,2015,Panthers,veteran,7,49ers,new_team_signing,2727
Devin Gardner,WR,Steelers,2015,3,1.58,0.526667,0.015,0.004,2015,Patriots,rookie,0,Steelers,rookie_deal,2728
Devin Gray,WR,Falcons,2018,1,0.1292,0.1292,0.0,0.001,2018,Falcons,rookie,0,Falcons,rookie_deal,2729
Devin Gray,WR,Falcons,2019,1,0.136,0.136,0.0,0.001,2018,Falcons,veteran,1,Falcons,extension,2730
Devin Gray,WR,Falcons,2020,1,0.1428,0.1428,0.0,0.001,2018,Falcons,veteran,2,Falcons,extension,2731
Devin Gray,WR,Ravens,2021,1,0.1656,0.1656,0.0,0.001,2018,Falcons,veteran,3,Falcons,new_team_signing,2732
Devin Gray,WR,Chiefs,2022,1,0.705,0.705,0.0,0.003,2018,Falcons,veteran,4,Ravens,new_team_signing,2733
Devin Hester,WR,Bears,2006,4,2.8735,0.718375,1.2635,0.006999999999999999,2006,Bears,rookie,0,Bears,rookie_deal,2734
Devin Hester,WR,Bears,2008,4,22.003523,5.500881,5.0,0.047,2006,Bears,veteran,2,Bears,extension,2735
Devin Hester,WR,Falcons,2014,3,9.0,3.0,3.5,0.023,2006,Bears,veteran,8,Bears,new_team_signing,2736
Devin Hester,WR,Seahawks,2016,1,0.985,0.985,0.0,0.006,2006,Bears,veteran,10,Falcons,new_team_signing,2737
Devin Leary,QB,Ravens,2024,1,0.225,0.225,0.0,0.001,2024,Ravens,rookie,0,Ravens,rookie_deal,2738
Devin Leary,QB,Ravens,2025,1,0.84,0.84,0.0,0.003,2024,Ravens,veteran,1,Ravens,extension,2739
Devin Lucien,WR,Patriots,2018,1,0.48,0.48,0.0,0.003,2016,Patriots,veteran,2,Texans,new_team_signing,2740
Devin Mahina,TE,Commanders,2015,3,1.5775,0.525833,0.0025,0.0,2015,Commanders,rookie,0,Commanders,rookie_deal,2741
Devin Neal,RB,Saints,2025,4,4.451312,1.112828,0.251312,0.004,2025,Saints,rookie,0,Saints,rookie_deal,2742
Devin Phelps,WR,Cardinals,2020,3,2.286,0.762,0.001,0.004,2020,Cardinals,rookie,0,Cardinals,rookie_deal,2743
Devin Ross,WR,Titans,2018,1,0.1292,0.1292,0.0,0.001,2018,Titans,rookie,0,Titans,rookie_deal,2744
Devin Ross,WR,Patriots,2019,1,0.136,0.136,0.0,0.001,2018,Titans,veteran,1,Titans,new_team_signing,2745
Devin Ross,WR,Patriots,2020,1,0.1428,0.1428,0.0,0.001,2018,Titans,veteran,2,Patriots,extension,2746
Devin Ross,WR,Patriots,2021,1,0.66,0.66,0.0,0.004,2018,Titans,veteran,3,Patriots,extension,2747
Devin Ross,WR,Raiders,2023,1,0.216,0.216,0.0,0.001,2018,Titans,veteran,5,Patriots,new_team_signing,2748
Devin Singletary,RB,Bills,2019,4,3.898,0.9745,1.035824,0.005,2019,Bills,rookie,0,Bills,rookie_deal,2749
Devin Singletary,RB,Texans,2023,1,2.75,2.75,2.5,0.012,2019,Bills,veteran,4,Bills,new_team_signing,2750
Devin Singletary,RB,Giants,2024,3,16.5,5.5,9.5,0.022000000000000002,2019,Bills,veteran,5,Texans,new_team_signing,2751
Devin Singletary,RB,Giants,2026,1,1.3,1.3,0.0,0.004,2019,Bills,veteran,7,Giants,extension,2752
Devin Smith,WR,Jets,2015,4,5.87242,1.468105,3.66778,0.01,2015,Jets,rookie,0,Jets,rookie_deal,2753
Devin Smith,WR,Cowboys,2019,2,1.38,0.69,0.0,0.004,2015,Jets,veteran,4,Jets,new_team_signing,2754
Devin Smith,WR,Patriots,2020,1,0.204,0.204,0.0,0.001,2015,Jets,veteran,5,Cowboys,new_team_signing,2755
Devin Smith,WR,Panthers,2021,1,0.252,0.252,0.0,0.001,2015,Jets,veteran,6,Patriots,new_team_signing,2756
Devin Street,WR,Cowboys,2014,4,2.421972,0.605493,0.201972,0.005,2014,Cowboys,rookie,0,Cowboys,rookie_deal,2757
Devin Street,WR,Colts,2016,1,0.1173,0.1173,0.0,0.001,2014,Cowboys,veteran,2,Cowboys,new_team_signing,2758
Devin Street,WR,Texans,2017,1,0.69,0.69,0.0,0.004,2014,Cowboys,veteran,3,Colts,new_team_signing,2759
Devine Ozigbo,RB,Jaguars,2019,3,1.76,0.586667,0.035,0.003,2019,Saints,rookie,0,Jaguars,rookie_deal,2760
Devine Ozigbo,RB,Patriots,2021,1,0.1656,0.1656,0.0,0.001,2019,Saints,veteran,2,Jaguars,new_team_signing,2761
Devine Ozigbo,RB,Broncos,2022,1,0.2772,0.2772,0.0,0.001,2019,Saints,veteran,3,Patriots,new_team_signing,2762
Devine Ozigbo,RB,Lions,2023,1,0.2898,0.2898,0.0,0.001,2019,Saints,veteran,4,Broncos,new_team_signing,2763
Devine Redding,RB,Chiefs,2017,1,0.1224,0.1224,0.0,0.001,2017,Chiefs,rookie,0,Chiefs,rookie_deal,2764
Devine Redding,RB,Buccaneers,2018,1,0.48,0.48,0.0,0.003,2017,Chiefs,veteran,1,Chiefs,new_team_signing,2765
Devlin Hodges,QB,Steelers,2019,1,0.136,0.136,0.0,0.001,2019,Steelers,rookie,0,Steelers,rookie_deal,2766
Devlin Hodges,QB,Steelers,2020,1,0.1428,0.1428,0.0,0.001,2019,Steelers,veteran,1,Steelers,extension,2767
Devlin Hodges,QB,Rams,2021,2,1.675,0.8375,0.0,0.005,2019,Steelers,veteran,2,Steelers,new_team_signing,2768
Devon Achane,RB,Dolphins,2023,4,5.43745,1.359363,0.954508,0.006,2023,Dolphins,rookie,0,Dolphins,rookie_deal,2769
Devon Achane,RB,Dolphins,2026,4,64.0,16.0,17.378,0.053,2023,Dolphins,veteran,3,Dolphins,extension,2770
Devon Allen,WR,Eagles,2022,1,0.207,0.207,0.0,0.001,2022,Eagles,rookie,0,Eagles,rookie_deal,2771
Devon Allen,WR,Eagles,2023,1,0.216,0.216,0.0,0.001,2022,Eagles,veteran,1,Eagles,extension,2772
Devon Cajuste,WR,49ers,2016,3,1.62,0.54,0.0,0.003,2016,,rookie,0,49ers,rookie_deal,2773
Devon Cajuste,WR,Browns,2018,2,1.05,0.525,0.0,0.003,2016,,veteran,2,49ers,new_team_signing,2774
Devon Garrison,TE,Seahawks,2024,3,2.83,0.943333,0.0,0.004,2024,Seahawks,rookie,0,Seahawks,rookie_deal,2775
Devon Johnson,TE,Falcons,2019,3,1.761,0.587,0.006,0.003,2019,Falcons,rookie,0,Falcons,rookie_deal,2776
Devon Williams,WR,Ravens,2022,3,2.59,0.863333,0.045,0.004,2022,Ravens,rookie,0,Ravens,rookie_deal,2777
Devon Wylie,WR,Chiefs,2012,4,2.6154,0.65382,0.4554,0.005,2012,Chiefs,rookie,0,Chiefs,rookie_deal,2778
Devon Wylie,WR,SEA/SF/TEN/PIT,2013,1,0.102,0.102,0.0,0.001,2012,Chiefs,veteran,1,Chiefs,new_team_signing,2779
Devon Wylie,WR,Rams,2014,1,0.102,0.102,0.0,0.001,2012,Chiefs,veteran,2,SEA/SF/TEN/PIT,new_team_signing,2780
Devon Wylie,WR,Falcons,2015,1,0.1122,0.1122,0.0,0.001,2012,Chiefs,veteran,3,Rams,new_team_signing,2781
Devonta Freeman,RB,Falcons,2014,4,2.704424,0.676106,0.484424,0.005,2014,Falcons,rookie,0,Falcons,rookie_deal,2782
Devonta Freeman,RB,Falcons,2017,5,41.25,8.25,18.297,0.049,2014,Falcons,veteran,3,Falcons,extension,2783
Devonta Freeman,RB,Giants,2020,1,1.35,1.35,0.3,0.006999999999999999,2014,Falcons,veteran,6,Falcons,new_team_signing,2784
Devonta Freeman,RB,Ravens,2021,1,0.252,0.252,0.0,0.001,2014,Falcons,veteran,7,Giants,new_team_signing,2785
Devontae Booker,RB,Broncos,2016,4,2.453392,0.613348,0.383392,0.004,2016,Broncos,rookie,0,Broncos,rookie_deal,2786
Devontae Booker,RB,Raiders,2020,1,1.0475,1.0475,0.05,0.005,2016,Broncos,veteran,4,Broncos,new_team_signing,2787
Devontae Booker,RB,Giants,2021,2,5.5,2.75,2.0,0.015,2016,Broncos,veteran,5,Raiders,new_team_signing,2788
Devontae Jackson,RB,Broncos,2019,3,1.762,0.587333,0.007,0.003,2019,Broncos,rookie,0,Broncos,rookie_deal,2789
Devonte Boyd,WR,Bengals,2018,3,1.711,0.570333,0.001,0.003,2018,Bengals,rookie,0,Bengals,rookie_deal,2790
Devonte Robinson,WR,Packers,2016,3,1.62,0.54,0.0,0.003,2016,Packers,rookie,0,Packers,rookie_deal,2791
Devonte Ross,WR,Chargers,2026,3,3.11,1.036667,0.035,0.003,2026,Chargers,rookie,0,Chargers,rookie_deal,2792
Devontez Walker,WR,Ravens,2024,4,4.817852,1.204463,0.797852,0.005,2024,Ravens,rookie,0,Ravens,rookie_deal,2793
Devron Harper,WR,Vikings,2024,3,2.835,0.945,0.015,0.004,2024,Vikings,rookie,0,Vikings,rookie_deal,2794
Devwah Whaley,RB,Bengals,2020,3,2.29,0.763333,0.005,0.004,2020,Bengals,rookie,0,Bengals,rookie_deal,2795
Dexter McCluster,WR,Chiefs,2010,4,5.195,1.29875,3.15,0.01,2010,Chiefs,rookie,0,Chiefs,rookie_deal,2796
Dexter McCluster,RB,Titans,2014,3,9.0,3.0,4.0,0.023,2010,Chiefs,veteran,4,Chiefs,new_team_signing,2797
Dexter McCluster,RB,Chargers,2016,1,0.76,0.76,0.0,0.005,2010,Chiefs,veteran,6,Titans,new_team_signing,2798
Dexter Williams,RB,Packers,2019,4,2.686056,0.671514,0.166056,0.004,2019,Packers,rookie,0,Packers,rookie_deal,2799
Dexter Williams,RB,Packers,2020,1,0.1428,0.1428,0.0,0.001,2019,Packers,veteran,1,Packers,extension,2800
Dexter Williams,RB,Giants,2021,1,0.1656,0.1656,0.0,0.001,2019,Packers,veteran,2,Packers,new_team_signing,2801
Dexter Williams,RB,Packers,2022,1,0.895,0.895,0.0,0.004,2019,Packers,veteran,3,Giants,new_team_signing,2802
Dez Bryant,WR,Cowboys,2010,5,11.8105,2.3621,8.625,0.018000000000000002,2010,Cowboys,rookie,0,Cowboys,rookie_deal,2803
Dez Bryant,WR,Cowboys,2015,5,70.0,14.0,32.0,0.098,2010,Cowboys,veteran,5,Cowboys,extension,2804
Dez Bryant,WR,Saints,2018,1,1.275,1.275,0.0,0.006999999999999999,2010,Cowboys,veteran,8,Cowboys,new_team_signing,2805
Dez Bryant,WR,Ravens,2020,1,0.204,0.204,0.0,0.001,2010,Cowboys,veteran,10,Saints,new_team_signing,2806
Dez Fitzpatrick,WR,Titans,2021,1,0.1656,0.1656,0.0,0.001,2021,Titans,rookie,0,Titans,rookie_deal,2807
Dez Fitzpatrick,WR,Titans,2022,1,0.207,0.207,0.0,0.001,2021,Titans,veteran,1,Titans,extension,2808
Dez Fitzpatrick,WR,Steelers,2023,1,0.216,0.216,0.0,0.001,2021,Titans,veteran,2,Titans,new_team_signing,2809
Dez Fitzpatrick,WR,Chargers,2024,1,0.225,0.225,0.0,0.001,2021,Titans,veteran,3,Steelers,new_team_signing,2810
Dez Fitzpatrick,WR,Chargers,2025,1,1.03,1.03,0.0,0.004,2021,Titans,veteran,4,Chargers,extension,2811
Dezmon Briscoe,WR,Cowboys,2010,2,1.39,0.695,0.0,0.0,2010,Bengals,rookie,0,Cowboys,rookie_deal,2812
Dezmon Patmon,WR,Colts,2020,4,3.424412,0.856103,0.129412,0.004,2020,Colts,rookie,0,Colts,rookie_deal,2813
Dezmon Patmon,WR,Colts,2022,1,0.199222,0.199222,0.0,0.001,2020,Colts,veteran,2,Colts,extension,2814
Dezmon Patmon,WR,Panthers,2023,1,0.216,0.216,0.0,0.001,2020,Colts,veteran,3,Colts,new_team_signing,2815
Diego Pavia,QB,Ravens,2026,3,3.1,1.033333,0.0,0.003,2026,Ravens,rookie,0,Ravens,rookie_deal,2816
Dillon Bell,WR,Vikings,2026,3,3.125,1.041667,0.2725,0.003,2026,Vikings,rookie,0,Vikings,rookie_deal,2817
Dillon Gabriel,QB,Browns,2025,4,6.226322,1.556581,1.168232,0.006,2025,Browns,rookie,0,Browns,rookie_deal,2818
Dillon Gordon,TE,Eagles,2016,3,1.63,0.543333,0.02,0.003,2016,Eagles,rookie,0,Eagles,rookie_deal,2819
Dillon Gordon,TE,Chiefs,2017,1,0.1224,0.1224,0.0,0.001,2016,Eagles,veteran,1,Eagles,new_team_signing,2820
Dillon Johnson,RB,Panthers,2024,1,0.225,0.225,0.0,0.001,2024,Titans,rookie,0,Panthers,rookie_deal,2821
Dillon Mitchell,WR,Vikings,2019,1,0.136,0.136,0.0,0.001,2019,Vikings,rookie,0,Vikings,rookie_deal,2822
Dillon Mitchell,WR,Vikings,2020,2,1.11,0.555,0.0,0.003,2019,Vikings,veteran,1,Vikings,extension,2823
Dillon Stoner,WR,Raiders,2021,1,0.1656,0.1656,0.0,0.001,2021,Raiders,rookie,0,Raiders,rookie_deal,2824
Dillon Stoner,WR,Raiders,2022,1,0.207,0.207,0.0,0.001,2021,Raiders,veteran,1,Raiders,extension,2825
Dimitri Stanley,WR,Packers,2024,3,2.83,0.943333,0.0,0.004,2024,Packers,rookie,0,Packers,rookie_deal,2826
Dion Lewis,RB,CLE/PHI,2011,4,2.22888,0.55722,0.18888,0.005,2011,Eagles,rookie,0,CLE/PHI,rookie_deal,2827
Dion Lewis,RB,Colts,2014,2,1.23,0.615,0.0,0.005,2011,Eagles,veteran,3,CLE/PHI,new_team_signing,2828
Dion Lewis,RB,Patriots,2015,1,0.585,0.585,0.0,0.004,2011,Eagles,veteran,4,Colts,new_team_signing,2829
Dion Lewis,RB,Titans,2018,4,19.8,4.95,5.75,0.027999999999999997,2011,Eagles,veteran,7,Patriots,new_team_signing,2830
Dion Lewis,RB,Giants,2020,1,1.55,1.55,0.0,0.008,2011,Eagles,veteran,9,Titans,new_team_signing,2831
Dion Sims,TE,Dolphins,2013,4,2.627552,0.656888,0.467552,0.005,2013,Dolphins,rookie,0,Dolphins,rookie_deal,2832
Dion Sims,TE,Bears,2017,3,18.0,6.0,6.0,0.036000000000000004,2013,Dolphins,veteran,4,Dolphins,new_team_signing,2833
Diontae Johnson,WR,Steelers,2019,4,4.280962,1.070241,1.133428,0.006,2019,Steelers,rookie,0,Steelers,rookie_deal,2834
Diontae Johnson,WR,HOU/BAL/CAR/PIT,2022,2,36.71,18.355,19.0,0.08800000000000001,2019,Steelers,veteran,3,Steelers,new_team_signing,2835
Diontae Johnson,WR,Browns,2025,1,1.17,1.17,0.0,0.004,2019,Steelers,veteran,6,HOU/BAL/CAR/PIT,new_team_signing,2836
Diontae Spencer,WR,Rams,2014,3,1.53,0.51,0.0,0.004,2014,Rams,rookie,0,Rams,rookie_deal,2837
Diontae Spencer,WR,DEN/PIT,2019,1,0.501,0.501,0.006,0.003,2014,Rams,veteran,5,Rams,new_team_signing,2838
Diontae Spencer,WR,Broncos,2020,1,0.675,0.675,0.0,0.003,2014,Rams,veteran,6,DEN/PIT,new_team_signing,2839
Diontae Spencer,WR,Broncos,2021,1,0.85,0.85,0.0,0.005,2014,Rams,veteran,7,Broncos,extension,2840
Diontae Spencer,WR,Jets,2022,1,0.2772,0.2772,0.0,0.001,2014,Rams,veteran,8,Broncos,new_team_signing,2841
Diontae Spencer,WR,Jets,2023,1,1.01,1.01,0.0,0.004,2014,Rams,veteran,9,Jets,extension,2842
Dohnte Meyers,WR,Bengals,2026,3,3.11,1.036667,0.01,0.003,2026,Bengals,rookie,0,Bengals,rookie_deal,2843
Domenik Hixon,WR,Bears,2006,1,0.83,0.83,0.0,0.0,2006,Broncos,rookie,0,Bears,rookie_deal,2844
Dominic Lovett,WR,Lions,2025,4,4.306772,1.076693,0.106772,0.004,2025,Lions,rookie,0,Lions,rookie_deal,2845
Dominic Richardson,RB,Cowboys,2026,3,3.105,1.035,0.05,0.003,2026,Cowboys,rookie,0,Cowboys,rookie_deal,2846
Dominick Wood-Anderson,TE,Seahawks,2020,3,2.287,0.762333,0.002,0.004,2020,Seahawks,rookie,0,Seahawks,rookie_deal,2847
Dominick Wood-Anderson,TE,Seahawks,2021,1,0.66,0.66,0.0,0.004,2020,Seahawks,veteran,1,Seahawks,extension,2848
Dominique Brown,RB,Steelers,2015,1,0.1122,0.1122,0.0,0.001,2015,Buccaneers,rookie,0,Steelers,rookie_deal,2849
Dominique Croom,WR,Falcons,2013,2,0.93,0.465,0.0,0.0,2013,Browns,rookie,0,Falcons,rookie_deal,2850
Dominique Dafney,TE,Packers,2020,1,0.1428,0.1428,0.0,0.001,2020,Colts,rookie,0,Packers,rookie_deal,2851
Dominique Dafney,TE,Colts,2022,1,0.207,0.207,0.0,0.001,2020,Colts,veteran,2,Packers,new_team_signing,2852
Dominique Dafney,TE,Buccaneers,2023,1,0.94,0.94,0.0,0.004,2020,Colts,veteran,3,Colts,new_team_signing,2853
Dominique Dafney,TE,Panthers,2024,1,0.225,0.225,0.0,0.001,2020,Colts,veteran,4,Buccaneers,new_team_signing,2854
Dominique Dafney,TE,Panthers,2025,1,1.03,1.03,0.0,0.004,2020,Colts,veteran,5,Panthers,extension,2855
Dominique Davis,QB,Colts,2012,2,1.23,0.615,0.0,0.0,2012,Falcons,rookie,0,Colts,rookie_deal,2856
Dominique Williams,WR,Chargers,2016,1,0.1173,0.1173,0.0,0.001,2016,Chargers,rookie,0,Chargers,rookie_deal,2857
Dominique Williams,WR,Eagles,2017,2,1.04,0.52,0.03,0.003,2016,Chargers,veteran,1,Chargers,new_team_signing,2858
Dominique Williams,WR,Lions,2018,1,0.48,0.48,0.0,0.003,2016,Chargers,veteran,2,Eagles,new_team_signing,2859
Donald Brown,RB,Colts,2009,5,9.635,1.927,6.31,0.016,2009,Colts,rookie,0,Colts,rookie_deal,2860
Donald Brown,RB,Chargers,2014,3,10.5,3.5,4.0,0.026000000000000002,2009,Colts,veteran,5,Colts,new_team_signing,2861
Donald Brown,RB,Chargers,2015,2,6.5,3.25,0.0,0.023,2009,Colts,veteran,6,Chargers,extension,2862
Donald Brown,RB,Patriots,2016,1,0.965,0.965,0.3,0.006,2009,Colts,veteran,7,Chargers,new_team_signing,2863
Donald Parham,TE,Commanders,2019,1,0.136,0.136,0.0,0.001,2019,Lions,rookie,0,Commanders,rookie_deal,2864
Donald Parham,TE,Chargers,2020,2,1.39,0.695,0.0,0.004,2019,Lions,veteran,1,Commanders,new_team_signing,2865
Donald Parham,TE,Chargers,2022,1,0.895,0.895,0.0,0.004,2019,Lions,veteran,3,Chargers,extension,2866
Donald Parham,TE,Chargers,2023,2,2.565,1.2675,0.4,0.006,2019,Lions,veteran,4,Chargers,extension,2867
Donald Parham,TE,Broncos,2024,1,0.3834,0.3834,0.0,0.002,2019,Lions,veteran,5,Chargers,new_team_signing,2868
Donald Parham,TE,Steelers,2025,1,1.17,1.17,0.0,0.004,2019,Lions,veteran,6,Broncos,new_team_signing,2869
Donatella Luckett,WR,Chiefs,2015,3,1.585,0.528333,0.01,0.0,2015,Chiefs,rookie,0,Chiefs,rookie_deal,2870
Donaven McCulley,WR,Dolphins,2026,3,3.11,1.036667,0.06,0.003,2026,Dolphins,rookie,0,Dolphins,rookie_deal,2871
Donnel Pumphrey,RB,Eagles,2017,4,2.975888,0.743972,0.575888,0.004,2017,Eagles,rookie,0,Eagles,rookie_deal,2872
Donnel Pumphrey,RB,Eagles,2018,1,0.1292,0.1292,0.0,0.001,2017,Eagles,veteran,1,Eagles,extension,2873
Donnel Pumphrey,RB,Eagles,2019,2,1.08,0.54,0.0,0.003,2017,Eagles,veteran,2,Eagles,extension,2874
Donnie Avery,WR,Rams,2008,4,4.7125,1.178125,2.775,0.01,2008,Rams,rookie,0,Rams,rookie_deal,2875
Donnie Avery,WR,Titans,2011,1,0.525,0.525,0.0,0.004,2008,Rams,veteran,3,Rams,new_team_signing,2876
Donnie Avery,WR,Colts,2012,1,0.665,0.665,0.05,0.006,2008,Rams,veteran,4,Titans,new_team_signing,2877
Donnie Avery,WR,Chiefs,2013,3,8.55,2.85,2.25,0.023,2008,Rams,veteran,5,Colts,new_team_signing,2878
Donnie Ernsberger,TE,Buccaneers,2018,1,0.1292,0.1292,0.0,0.001,2018,Buccaneers,rookie,0,Buccaneers,rookie_deal,2879
Donnie Ernsberger,TE,Jaguars,2019,2,0.975,0.4875,0.0,0.003,2018,Buccaneers,veteran,1,Buccaneers,new_team_signing,2880
Donnie Ernsberger,TE,Titans,2021,2,1.485,0.7425,0.0,0.004,2018,Buccaneers,veteran,3,Jaguars,new_team_signing,2881
Donovan Edwards,RB,Commanders,2025,1,0.234,0.234,0.0,0.001,2025,Jets,rookie,0,Commanders,rookie_deal,2882
Donovan Peoples-Jones,WR,CLE/DET,2020,4,3.481608,0.870402,0.186608,0.004,2020,Browns,rookie,0,CLE/DET,rookie_deal,2883
Donovan Peoples-Jones,WR,Lions,2024,1,0.3024,0.3024,0.0,0.001,2020,Browns,veteran,4,CLE/DET,new_team_signing,2884
Donovan Peoples-Jones,WR,Saints,2025,1,1.17,1.17,0.0,0.004,2020,Browns,veteran,5,Lions,new_team_signing,2885
Dont'e Thornton Jr.,WR,Raiders,2025,4,5.2509,1.312725,1.0509,0.005,2025,Raiders,rookie,0,Raiders,rookie_deal,2886
Dontae Fleming,WR,Vikings,2025,1,0.234,0.234,0.0,0.001,2025,Vikings,rookie,0,Vikings,rookie_deal,2887
Dontae Fleming,WR,Vikings,2026,1,0.885,0.885,0.0,0.003,2025,Vikings,veteran,1,Vikings,extension,2888
Dontae McMillan,RB,Ravens,2026,3,3.1075,1.035833,0.0075,0.003,2026,Ravens,rookie,0,Ravens,rookie_deal,2889
Dontae Strickland,RB,Cardinals,2019,3,1.755,0.585,0.0,0.003,2019,Cardinals,rookie,0,Cardinals,rookie_deal,2890
Dontario Drummond,WR,Cowboys,2022,1,0.207,0.207,0.0,0.001,2022,Cowboys,rookie,0,Cowboys,rookie_deal,2891
Dontario Drummond,WR,Cowboys,2023,2,1.665,0.8325,0.0,0.004,2022,Cowboys,veteran,1,Cowboys,extension,2892
Dontay Demus Jr.,WR,Ravens,2023,1,0.216,0.216,0.0,0.001,2023,Ravens,rookie,0,Ravens,rookie_deal,2893
Dontayvion Wicks,WR,GB/PHI,2023,4,4.142544,1.035636,0.302544,0.005,2023,Packers,rookie,0,GB/PHI,rookie_deal,2894
Dontayvion Wicks,WR,Eagles,2026,1,10.25,10.25,9.0,0.034,2023,Packers,veteran,3,GB/PHI,new_team_signing,2895
Donte Moncrief,WR,Colts,2014,4,2.80852,0.70213,0.54352,0.005,2014,Colts,rookie,0,Colts,rookie_deal,2896
Donte Moncrief,WR,Jaguars,2018,1,9.6,9.6,9.6,0.054000000000000006,2014,Colts,veteran,4,Colts,new_team_signing,2897
Donte Moncrief,WR,PIT/CAR,2019,2,9.0,4.5,3.5,0.024,2014,Colts,veteran,5,Jaguars,new_team_signing,2898
Donte Moncrief,WR,Patriots,2020,1,0.204,0.204,0.0,0.001,2014,Colts,veteran,6,PIT/CAR,new_team_signing,2899
Donte Moncrief,WR,Texans,2021,1,1.15,1.15,0.05,0.006,2014,Colts,veteran,7,Patriots,new_team_signing,2900
Donte Sylencieux,WR,Ravens,2021,3,2.425,0.808333,0.0,0.004,2021,Ravens,rookie,0,Ravens,rookie_deal,2901
Donteea Dye,WR,Buccaneers,2018,1,0.63,0.0,0.0,0.0,2015,Buccaneers,veteran,3,Buccaneers,extension,2902
Dontez Byrd,WR,Falcons,2018,3,1.7105,0.570167,0.0005,0.003,2018,Falcons,rookie,0,Falcons,rookie_deal,2903
Dontez Ford,WR,Lions,2017,1,0.1224,0.1224,0.0,0.001,2017,Lions,rookie,0,Lions,rookie_deal,2904
Dontez Ford,WR,Lions,2018,2,1.05,0.525,0.0,0.003,2017,Lions,veteran,1,Lions,extension,2905
Dontre Wilson,WR,Chargers,2017,3,1.665,0.555,0.0,0.003,2017,Chargers,rookie,0,Chargers,rookie_deal,2906
Dontrell Hilliard,RB,Browns,2018,1,0.1292,0.1292,0.0,0.001,2018,Browns,rookie,0,Browns,rookie_deal,2907
Dontrell Hilliard,RB,Browns,2020,1,0.1428,0.1428,0.0,0.001,2018,Browns,veteran,2,Browns,extension,2908
Dontrell Hilliard,RB,Titans,2021,1,0.191111,0.191111,0.0,0.001,2018,Browns,veteran,3,Browns,new_team_signing,2909
Dontrell Hilliard,RB,Titans,2022,1,1.1875,1.1875,0.1525,0.006,2018,Browns,veteran,4,Titans,extension,2910
Dontrelle Inman,WR,Jaguars,2011,3,1.395,0.465,0.0025,0.004,2011,Jaguars,rookie,0,Jaguars,rookie_deal,2911
Dontrelle Inman,WR,Chargers,2014,2,0.945,0.4725,0.015,0.004,2011,Jaguars,veteran,3,Jaguars,new_team_signing,2912
Dontrelle Inman,WR,Chargers,2016,1,0.6,0.6,0.0,0.004,2011,Jaguars,veteran,5,Chargers,extension,2913
Dontrelle Inman,WR,Chargers,2017,1,2.746,2.746,0.0,0.016,2011,Jaguars,veteran,6,Chargers,extension,2914
Dontrelle Inman,WR,Colts,2018,1,0.79,0.79,0.0,0.004,2011,Jaguars,veteran,7,Chargers,new_team_signing,2915
Dontrelle Inman,WR,Colts,2019,1,0.805,0.805,0.0,0.004,2011,Jaguars,veteran,8,Colts,extension,2916
Dontrelle Inman,WR,Commanders,2020,1,0.204,0.204,0.0,0.001,2011,Jaguars,veteran,9,Colts,new_team_signing,2917
Dorial Green-Beckham,WR,PHI/TEN,2015,4,5.603602,1.400901,3.460057,0.01,2015,Titans,rookie,0,PHI/TEN,rookie_deal,2918
Dorian Baker,WR,Browns,2019,3,1.7565,0.5855,0.0015,0.003,2019,Browns,rookie,0,Browns,rookie_deal,2919
Dorian Singer,WR,Jaguars,2025,1,0.234,0.234,0.0,0.001,2025,Jaguars,rookie,0,Jaguars,rookie_deal,2920
Dorian Thompson-Robinson,QB,CLE/PHI,2023,4,4.182268,1.045567,0.342268,0.005,2023,Browns,rookie,0,CLE/PHI,rookie_deal,2921
Dorren Miller,WR,Eagles,2018,1,0.1292,0.1292,0.0,0.001,2018,Jaguars,rookie,0,Eagles,rookie_deal,2922
Dorren Miller,WR,Eagles,2019,2,1.08,0.54,0.0,0.003,2018,Jaguars,veteran,1,Eagles,extension,2923
Doug Baldwin,WR,Seahawks,2011,3,1.4125,0.470833,0.0175,0.004,2011,Seahawks,rookie,0,Seahawks,rookie_deal,2924
Doug Baldwin,WR,Seahawks,2014,3,13.0,4.333333,6.2,0.033,2011,Seahawks,veteran,3,Seahawks,extension,2925
Doug Baldwin,WR,Seahawks,2016,4,46.0,11.5,12.0,0.07400000000000001,2011,Seahawks,veteran,5,Seahawks,extension,2926
Doug Martin,RB,Buccaneers,2012,4,6.787528,1.696882,5.471956,0.013999999999999999,2012,Buccaneers,rookie,0,Buccaneers,rookie_deal,2927
Doug Martin,RB,Buccaneers,2016,5,35.75,7.15,15.0,0.046,2012,Buccaneers,veteran,4,Buccaneers,extension,2928
Doug Martin,RB,Raiders,2018,1,1.475,1.475,0.0,0.008,2012,Buccaneers,veteran,6,Buccaneers,new_team_signing,2929
Doug Martin,RB,Raiders,2019,1,1.02,1.02,0.055,0.005,2012,Buccaneers,veteran,7,Raiders,extension,2930
Drake Dabney,TE,Packers,2025,1,0.234,0.234,0.0,0.001,2025,Titans,rookie,0,Packers,rookie_deal,2931
Drake Dabney,TE,Packers,2026,1,0.885,0.885,0.0,0.003,2025,Titans,veteran,1,Packers,extension,2932
Drake Dunsmore,TE,Buccaneers,2012,4,2.149,0.53725,0.049,0.004,2012,Buccaneers,rookie,0,Buccaneers,rookie_deal,2933
Drake Dunsmore,RB,Buccaneers,2013,2,0.9,0.45,0.0,0.004,2012,Buccaneers,veteran,1,Buccaneers,extension,2934
Drake London,WR,Falcons,2022,4,21.534472,5.383618,21.534472,0.026000000000000002,2022,Falcons,rookie,0,Falcons,rookie_deal,2935
Drake London,WR,Falcons,2026,4,141.054,35.2635,52.871,0.11699999999999999,2022,Falcons,veteran,4,Falcons,extension,2936
Drake Maye,QB,Patriots,2024,4,36.639764,9.159941,36.639764,0.036000000000000004,2024,Patriots,rookie,0,Patriots,rookie_deal,2937
Drake Stoops,WR,Rams,2024,1,0.225,0.225,0.0,0.001,2024,Rams,rookie,0,Rams,rookie_deal,2938
Drake Stoops,WR,Rams,2025,2,1.845,0.9225,0.0,0.003,2024,Rams,veteran,1,Rams,extension,2939
Dredrick Snelson,WR,Jaguars,2019,3,1.758,0.586,0.003,0.003,2019,Jaguars,rookie,0,Jaguars,rookie_deal,2940
Dres Anderson,WR,Cowboys,2018,1,0.1292,0.1292,0.0,0.001,2015,,veteran,3,Commanders,new_team_signing,2941
Dresser Winn,QB,Rams,2023,1,0.216,0.216,0.0,0.001,2023,Rams,rookie,0,Rams,rookie_deal,2942
Dresser Winn,QB,Rams,2024,2,1.755,0.8775,0.0,0.003,2023,Rams,veteran,1,Rams,extension,2943
Dresser Winn,QB,Rams,2025,2,1.845,0.9225,0.0,0.003,2023,Rams,veteran,2,Rams,extension,2944
Drew Allar,QB,Steelers,2026,4,7.103408,1.775852,0.0,0.006,2026,Steelers,rookie,0,Steelers,rookie_deal,2945
Drew Anderson,QB,Cardinals,2019,1,0.136,0.136,0.0,0.001,2019,Cardinals,rookie,0,Cardinals,rookie_deal,2946
Drew Belcher,TE,Commanders,2019,1,0.136,0.136,0.0,0.001,2019,Cardinals,rookie,0,Commanders,rookie_deal,2947
Drew Brees,QB,Chargers,2001,4,3.605,0.90125,1.845,0.013000000000000001,2001,Chargers,rookie,0,Chargers,rookie_deal,2948
Drew Brees,QB,Chargers,2005,1,8.078,8.078,8.078,0.094,2001,Chargers,veteran,4,Chargers,extension,2949
Drew Brees,QB,Saints,2006,5,60.0,10.0,8.0,0.098,2001,Chargers,veteran,5,Chargers,new_team_signing,2950
Drew Brees,QB,Saints,2012,5,100.0,20.0,40.0,0.166,2001,Chargers,veteran,11,Saints,extension,2951
Drew Brees,QB,Saints,2016,1,24.25,24.25,24.25,0.156,2001,Chargers,veteran,15,Saints,extension,2952
Drew Brees,QB,Saints,2018,2,50.0,25.0,27.0,0.141,2001,Chargers,veteran,17,Saints,extension,2953
Drew Brees,QB,Saints,2020,2,50.0,25.0,25.0,0.126,2001,Chargers,veteran,19,Saints,extension,2954
Drew Davis,WR,Falcons,2011,1,0.57,0.57,0.0,0.0,2011,Falcons,rookie,0,Falcons,rookie_deal,2955
Drew Estrada,WR,Texans,2022,1,0.207,0.207,0.0,0.001,2022,Texans,rookie,0,Texans,rookie_deal,2956
Drew Estrada,WR,Texans,2023,1,0.75,0.75,0.0,0.003,2022,Texans,veteran,1,Texans,extension,2957
Drew Lock,QB,SEA/DEN,2019,4,7.01082,1.752705,4.42745,0.009000000000000001,2019,Broncos,rookie,0,SEA/DEN,rookie_deal,2958
Drew Lock,QB,Seahawks,2023,1,4.0,4.0,1.75,0.018000000000000002,2019,Broncos,veteran,4,SEA/DEN,new_team_signing,2959
Drew Lock,QB,Giants,2024,1,5.0,5.0,4.95,0.02,2019,Broncos,veteran,5,Seahawks,new_team_signing,2960
Drew Lock,QB,Seahawks,2025,2,5.0,2.5,2.25,0.009000000000000001,2019,Broncos,veteran,6,Giants,new_team_signing,2961
Drew Morgan,WR,Dolphins,2017,1,0.1224,0.1224,0.0,0.001,2017,Dolphins,rookie,0,Dolphins,rookie_deal,2962
Drew Morgan,WR,Dolphins,2018,2,1.05,0.525,0.0,0.003,2017,Dolphins,veteran,1,Dolphins,extension,2963
Drew Plitt,QB,Bengals,2022,3,2.56,0.853333,0.0,0.004,2022,Bengals,rookie,0,Bengals,rookie_deal,2964
Drew Plitt,QB,Bengals,2023,1,0.216,0.216,0.0,0.001,2022,Bengals,veteran,1,Bengals,extension,2965
Drew Sample,TE,Bengals,2019,4,5.506296,1.376574,2.769866,0.006999999999999999,2019,Bengals,rookie,0,Bengals,rookie_deal,2966
Drew Sample,TE,Bengals,2023,1,1.2325,1.2325,0.0525,0.005,2019,Bengals,veteran,4,Bengals,extension,2967
Drew Sample,TE,Bengals,2024,3,10.5,3.5,2.35,0.013999999999999999,2019,Bengals,veteran,5,Bengals,extension,2968
Drew Stanton,QB,Lions,2007,4,3.405,0.85125,1.588,0.008,2007,Lions,rookie,0,Lions,rookie_deal,2969
Drew Stanton,QB,Lions,2011,1,0.9,0.9,0.25,0.006999999999999999,2007,Lions,veteran,4,Lions,extension,2970
Drew Stanton,QB,NYJ/IND,2012,1,1.25,1.25,0.5,0.01,2007,Lions,veteran,5,Lions,new_team_signing,2971
Drew Stanton,QB,Cardinals,2016,2,6.5,3.25,4.5,0.021,2007,Lions,veteran,9,NYJ/IND,new_team_signing,2972
Drew Stanton,QB,Browns,2018,2,6.5,3.25,4.15,0.018000000000000002,2007,Lions,veteran,11,Cardinals,new_team_signing,2973
Drew Stanton,QB,Buccaneers,2020,1,0.204,0.204,0.0,0.001,2007,Lions,veteran,13,Browns,new_team_signing,2974
Dri Archer,RB,Steelers,2014,4,2.748016,0.687004,0.506016,0.005,2014,Steelers,rookie,0,Steelers,rookie_deal,2975
Dri Archer,RB,Bills,2016,1,0.607,0.607,0.007,0.004,2014,Steelers,veteran,2,Steelers,new_team_signing,2976
Duece Watts,WR,Steelers,2023,1,0.216,0.216,0.0,0.001,2023,Packers,rookie,0,Steelers,rookie_deal,2977
Duece Watts,WR,Steelers,2024,1,0.795,0.795,0.0,0.003,2023,Packers,veteran,1,Steelers,extension,2978
Duke Johnson,RB,Browns,2015,4,3.105092,0.776273,0.710092,0.005,2015,Browns,rookie,0,Browns,rookie_deal,2979
Duke Johnson,RB,HOU/CLE,2018,3,15.61,5.203333,5.957,0.028999999999999998,2015,Browns,veteran,3,Browns,new_team_signing,2980
Duke Johnson,RB,Jaguars,2021,1,0.252,0.252,0.0,0.001,2015,Browns,veteran,6,HOU/CLE,new_team_signing,2981
Duke Johnson,RB,Bills,2022,1,0.315,0.315,0.0,0.002,2015,Browns,veteran,7,Jaguars,new_team_signing,2982
Duke Williams,WR,Bills,2020,1,0.1428,0.1428,0.0,0.001,2016,Rams,veteran,4,Bills,extension,2983
Duke Williams,WR,Bills,2021,2,1.675,0.8375,0.0,0.005,2016,Rams,veteran,5,Bills,extension,2984
Durham Smythe,TE,Dolphins,2018,4,3.092232,0.773058,0.632232,0.004,2018,Dolphins,rookie,0,Dolphins,rookie_deal,2985
Durham Smythe,TE,Dolphins,2022,2,7.0,3.5,3.5,0.017,2018,Dolphins,veteran,4,Dolphins,extension,2986
Durham Smythe,TE,Dolphins,2023,2,7.75,3.875,5.5,0.017,2018,Dolphins,veteran,5,Dolphins,extension,2987
Durham Smythe,TE,Bears,2025,1,2.5,2.5,1.5,0.009000000000000001,2018,Dolphins,veteran,7,Dolphins,new_team_signing,2988
Durham Smythe,TE,Ravens,2026,1,3.0,3.0,2.0,0.01,2018,Dolphins,veteran,8,Bears,new_team_signing,2989
Durron Neal,WR,Broncos,2016,3,1.62,0.54,0.0,0.003,2016,Broncos,rookie,0,Broncos,rookie_deal,2990
Dustin Crum,QB,Chiefs,2022,3,2.56,0.853333,0.0,0.004,2022,Chiefs,rookie,0,Chiefs,rookie_deal,2991
Dustin Keller,TE,Jets,2008,5,8.5,1.7,5.995,0.015,2008,Jets,rookie,0,Jets,rookie_deal,2992
Dustin Keller,TE,Dolphins,2013,1,4.25,4.25,2.25,0.035,2008,Jets,veteran,5,Jets,new_team_signing,2993
Dwayne Allen,TE,Colts,2012,4,3.080304,0.770076,0.703304,0.006,2012,Colts,rookie,0,Colts,rookie_deal,2994
Dwayne Allen,TE,NE/IND,2016,4,29.4,7.35,11.5,0.047,2012,Colts,veteran,4,Colts,new_team_signing,2995
Dwayne Allen,TE,Patriots,2018,2,10.9,5.45,0.0,0.031,2012,Colts,veteran,6,NE/IND,new_team_signing,2996
Dwayne Allen,TE,Dolphins,2019,2,6.5,3.25,1.25,0.017,2012,Colts,veteran,7,Patriots,new_team_signing,2997
Dwayne Bowe,WR,Chiefs,2007,5,9.0,1.8,5.74,0.017,2007,Chiefs,rookie,0,Chiefs,rookie_deal,2998
Dwayne Bowe,WR,Chiefs,2012,1,9.515,9.515,9.515,0.079,2007,Chiefs,veteran,5,Chiefs,extension,2999
Dwayne Bowe,WR,Chiefs,2013,5,56.0,11.2,20.0,0.091,2007,Chiefs,veteran,6,Chiefs,extension,3000
Dwayne Bowe,WR,Browns,2015,2,13.0,6.5,9.0,0.045,2007,Chiefs,veteran,8,Chiefs,new_team_signing,3001
Dwayne Harris,WR,Cowboys,2011,1,0.0969,0.0969,0.0,0.001,2011,Cowboys,rookie,0,Cowboys,rookie_deal,3002
Dwayne Harris,WR,Giants,2015,5,17.5,3.5,7.1,0.024,2011,Cowboys,veteran,4,Cowboys,new_team_signing,3003
Dwayne Harris,WR,Raiders,2018,1,1.005,1.005,0.06,0.006,2011,Cowboys,veteran,7,Giants,new_team_signing,3004
Dwayne Harris,WR,Raiders,2019,1,1.6,1.6,0.275,0.009000000000000001,2011,Cowboys,veteran,8,Raiders,extension,3005
Dwayne Harris,WR,Texans,2020,1,0.204,0.204,0.0,0.001,2011,Cowboys,veteran,9,Raiders,new_team_signing,3006
Dwayne Haskins,QB,Commanders,2019,4,14.416614,3.604154,14.416614,0.019,2019,Commanders,rookie,0,Commanders,rookie_deal,3007
Dwayne Haskins,QB,Steelers,2021,1,0.85,0.85,0.0,0.005,2019,Commanders,veteran,2,Commanders,new_team_signing,3008
Dwayne Haskins,QB,Steelers,2022,1,2.54,2.54,0.0,0.012,2019,Commanders,veteran,3,Steelers,extension,3009
Dwayne Washington,RB,Lions,2016,4,2.415764,0.603941,0.075764,0.004,2016,Lions,rookie,0,Lions,rookie_deal,3010
Dwayne Washington,RB,Saints,2018,1,0.1292,0.1292,0.0,0.001,2016,Lions,veteran,2,Lions,new_team_signing,3011
Dwayne Washington,RB,Saints,2020,1,1.0475,1.0475,0.298088,0.005,2016,Lions,veteran,4,Saints,extension,3012
Dwayne Washington,RB,Saints,2021,1,1.1275,1.1275,0.1375,0.006,2016,Lions,veteran,5,Saints,extension,3013
Dwayne Washington,RB,Saints,2022,1,1.135,1.135,0.0,0.005,2016,Lions,veteran,6,Saints,extension,3014
Dwayne Washington,RB,Broncos,2023,1,0.2898,0.2898,0.0,0.001,2016,Lions,veteran,7,Saints,new_team_signing,3015
Dwight Jones,WR,Jets,2012,3,1.53,0.51,0.0,0.0,2012,Texans,rookie,0,Jets,rookie_deal,3016
Dy'Shawn Mobley,RB,Bengals,2016,3,1.62,0.54,0.0,0.003,2016,Bengals,rookie,0,Bengals,rookie_deal,3017
Dyami Brown,WR,Commanders,2021,4,4.943998,1.236,0.955636,0.006999999999999999,2021,Commanders,rookie,0,Commanders,rookie_deal,3018
Dyami Brown,WR,Jaguars,2025,1,10.0,10.0,9.5,0.036000000000000004,2021,Commanders,veteran,4,Commanders,new_team_signing,3019
Dyami Brown,WR,Commanders,2026,1,1.75,1.75,0.25,0.006,2021,Commanders,veteran,5,Jaguars,new_team_signing,3020
Dylan Cantrell,WR,Chargers,2018,1,0.1292,0.1292,0.0,0.001,2018,Chargers,rookie,0,Chargers,rookie_deal,3021
Dylan Cantrell,TE,Commanders,2020,1,0.1428,0.1428,0.0,0.001,2018,Chargers,veteran,2,Chargers,new_team_signing,3022
Dylan Cantrell,TE,Commanders,2021,1,0.78,0.78,0.0,0.004,2018,Chargers,veteran,3,Commanders,extension,3023
Dylan Drummond,WR,Giants,2023,1,0.216,0.216,0.0,0.001,2023,Lions,rookie,0,Giants,rookie_deal,3024
Dylan Drummond,WR,Falcons,2024,1,0.225,0.225,0.0,0.001,2023,Lions,veteran,1,Giants,new_team_signing,3025
Dylan Drummond,WR,Falcons,2025,1,0.234,0.234,0.0,0.001,2023,Lions,veteran,2,Falcons,extension,3026
Dylan Laube,RB,Raiders,2024,4,4.175192,1.043798,0.155192,0.004,2024,Raiders,rookie,0,Raiders,rookie_deal,3027
Dylan Leonard,TE,Broncos,2024,3,2.835,0.945,0.0325,0.004,2024,Broncos,rookie,0,Broncos,rookie_deal,3028
Dylan Parham,TE,Broncos,2022,1,0.207,0.207,0.0,0.001,2022,Broncos,rookie,0,Broncos,rookie_deal,3029
Dylan Sampson,RB,Browns,2025,4,5.130564,1.282641,0.930564,0.005,2025,Browns,rookie,0,Browns,rookie_deal,3030
Dylan Soehner,TE,Saints,2021,3,2.445,0.815,0.12,0.004,2021,Saints,rookie,0,Saints,rookie_deal,3031
Dylan Stapleton,TE,Texans,2020,3,2.29,0.763333,0.005,0.004,2020,Texans,rookie,0,Texans,rookie_deal,3032
Dymere Miller,WR,Jets,2025,3,2.965,0.988333,0.075,0.004,2025,Jets,rookie,0,Jets,rookie_deal,3033
E.J. Horton,WR,Colts,2026,3,3.1,1.033333,0.0,0.003,2026,Colts,rookie,0,Colts,rookie_deal,3034
E.J. Jenkins,TE,Eagles,2023,1,0.216,0.216,0.0,0.001,2023,Jets,rookie,0,Eagles,rookie_deal,3035
E.J. Jenkins,TE,Eagles,2024,1,0.225,0.225,0.0,0.001,2023,Jets,veteran,1,Eagles,extension,3036
E.J. Jenkins,TE,Eagles,2025,1,0.234,0.234,0.0,0.001,2023,Jets,veteran,2,Eagles,extension,3037
E.J. Jenkins,TE,Eagles,2026,2,2.165333,1.082667,0.040333,0.004,2023,Jets,veteran,3,Eagles,extension,3038
E.J. Manuel,QB,Bills,2013,4,8.8853,2.221325,8.8853,0.018000000000000002,2013,Bills,rookie,0,Bills,rookie_deal,3039
E.J. Manuel,QB,Raiders,2017,1,0.8,0.8,0.0,0.005,2013,Bills,veteran,4,Bills,new_team_signing,3040
E.J. Manuel,QB,Raiders,2018,1,1.0,1.0,0.08,0.006,2013,Bills,veteran,5,Raiders,extension,3041
E.J. Manuel,QB,Chiefs,2019,1,0.805,0.805,0.0,0.004,2013,Bills,veteran,6,Raiders,new_team_signing,3042
E.J. Smith,RB,Chiefs,2026,3,3.1,1.033333,0.1,0.003,2026,Chiefs,rookie,0,Chiefs,rookie_deal,3043
E.J. Williams Jr.,WR,Raiders,2026,3,3.11,1.036667,0.02,0.003,2026,Raiders,rookie,0,Raiders,rookie_deal,3044
EJ Perry,QB,Jaguars,2022,1,0.207,0.207,0.0,0.001,2022,Jaguars,rookie,0,Jaguars,rookie_deal,3045
EJ Perry,QB,Jaguars,2023,1,0.216,0.216,0.0,0.001,2022,Jaguars,veteran,1,Jaguars,extension,3046
EJ Perry,QB,Jaguars,2024,1,0.225,0.225,0.0,0.001,2022,Jaguars,veteran,2,Jaguars,extension,3047
Earl Bennett,WR,Bears,2008,4,2.525837,0.631459,0.820837,0.005,2008,Bears,rookie,0,Bears,rookie_deal,3048
Earl Bennett,WR,Bears,2011,4,15.0,3.75,7.0,0.031,2008,Bears,veteran,3,Bears,extension,3049
Earl Bennett,WR,Bears,2013,3,6.4,2.133333,0.0,0.017,2008,Bears,veteran,5,Bears,extension,3050
Earl Bennett,WR,Browns,2014,1,0.73,0.73,0.075,0.005,2008,Bears,veteran,6,Bears,new_team_signing,3051
Earnest Edwards,WR,Rams,2020,3,2.289,0.763,0.004,0.004,2020,Rams,rookie,0,Rams,rookie_deal,3052
Earnest Pettway,TE,Chiefs,2015,3,1.575,0.525,0.0,0.0,2015,Chiefs,rookie,0,Chiefs,rookie_deal,3053
Easop Winston,WR,Rams,2020,3,2.291,0.763667,0.006,0.004,2020,Rams,rookie,0,Rams,rookie_deal,3054
Easop Winston,WR,Saints,2021,1,0.1656,0.1656,0.0,0.001,2020,Rams,veteran,1,Rams,new_team_signing,3055
Easop Winston,WR,Seahawks,2022,1,0.207,0.207,0.0,0.001,2020,Rams,veteran,2,Saints,new_team_signing,3056
Easop Winston,WR,Seahawks,2023,1,0.216,0.216,0.0,0.001,2020,Rams,veteran,3,Seahawks,extension,3057
Easop Winston,WR,Seahawks,2024,1,0.225,0.225,0.0,0.001,2020,Rams,veteran,4,Seahawks,extension,3058
Easop Winston,WR,Jets,2025,2,2.035,1.0175,0.0,0.004,2020,Rams,veteran,5,Seahawks,new_team_signing,3059
Easton Stick,QB,Chargers,2019,4,2.79862,0.699655,0.27862,0.004,2019,Chargers,rookie,0,Chargers,rookie_deal,3060
Easton Stick,QB,Chargers,2023,1,1.8,1.8,1.1525,0.008,2019,Chargers,veteran,4,Chargers,extension,3061
Easton Stick,QB,Chargers,2024,1,2.6675,2.6675,1.4147,0.01,2019,Chargers,veteran,5,Chargers,extension,3062
Easton Stick,QB,Falcons,2025,1,0.315,0.315,0.0,0.001,2019,Chargers,veteran,6,Chargers,new_team_signing,3063
Easton Stick,QB,Colts,2026,1,1.3,1.3,0.0,0.004,2019,Chargers,veteran,7,Falcons,new_team_signing,3064
Ed Dickson,TE,Ravens,2010,3,1.8775,0.625833,0.6625,0.005,2010,Ravens,rookie,0,Ravens,rookie_deal,3065
Ed Dickson,TE,Ravens,2013,1,1.323,1.323,0.0,0.011000000000000001,2010,Ravens,veteran,3,Ravens,extension,3066
Ed Dickson,TE,Panthers,2014,1,0.795,0.795,0.065,0.006,2010,Ravens,veteran,4,Ravens,new_team_signing,3067
Ed Dickson,TE,Panthers,2015,3,6.8,2.266667,2.0,0.016,2010,Ravens,veteran,5,Panthers,extension,3068
Ed Dickson,TE,Seahawks,2018,3,10.7,3.566667,3.6,0.02,2010,Ravens,veteran,8,Panthers,new_team_signing,3069
Ed Eagan,WR,Bills,2016,1,0.45,0.45,0.0,0.003,2016,Cowboys,rookie,0,Bills,rookie_deal,3070
Ed Eagan,WR,Giants,2017,1,0.1224,0.1224,0.0,0.001,2016,Cowboys,veteran,1,Bills,new_team_signing,3071
Ed Lee,WR,Patriots,2023,3,2.695,0.898333,0.0,0.004,2023,Patriots,rookie,0,Patriots,rookie_deal,3072
Eddie Lacy,RB,Packers,2013,4,3.392412,0.848103,1.042208,0.006999999999999999,2013,Packers,rookie,0,Packers,rookie_deal,3073
Eddie Lacy,RB,Seahawks,2017,1,4.25,4.25,2.865,0.025,2013,Packers,veteran,4,Packers,new_team_signing,3074
Eddie Royal,WR,Broncos,2008,4,3.94983,0.987458,2.24483,0.009000000000000001,2008,Broncos,rookie,0,Broncos,rookie_deal,3075
Eddie Royal,WR,Chargers,2012,3,13.5,4.5,6.0,0.037000000000000005,2008,Broncos,veteran,4,Broncos,new_team_signing,3076
Eddie Royal,WR,Chargers,2014,1,3.5,3.5,3.5,0.026000000000000002,2008,Broncos,veteran,6,Chargers,extension,3077
Eddie Royal,WR,Bears,2015,3,15.0,5.0,10.0,0.035,2008,Broncos,veteran,7,Chargers,new_team_signing,3078
Edwin Baker,RB,Chargers,2012,1,0.0969,0.0969,0.0,0.001,2012,Chargers,rookie,0,Chargers,rookie_deal,3079
Edwin Baker,RB,DEN/HOU,2013,1,0.102,0.102,0.0,0.001,2012,Chargers,veteran,1,Chargers,new_team_signing,3080
Edwin Baker,RB,Saints,2014,1,0.1071,0.1071,0.0,0.001,2012,Chargers,veteran,2,DEN/HOU,new_team_signing,3081
Edwin Baker,RB,Saints,2015,1,0.585,0.585,0.0,0.004,2012,Chargers,veteran,3,Saints,extension,3082
Efton Chism III,WR,Patriots,2025,3,2.99,0.996667,0.259,0.004,2025,Patriots,rookie,0,Patriots,rookie_deal,3083
Eldridge Massington,WR,Saints,2018,3,1.71,0.57,0.0,0.003,2018,Saints,rookie,0,Saints,rookie_deal,3084
Eli Heidenreich,RB,Steelers,2026,4,4.535984,1.133996,0.155984,0.004,2026,Steelers,rookie,0,Steelers,rookie_deal,3085
Eli Jenkins,QB,Chargers,2017,3,1.67,0.556666,0.005,0.003,2017,Chargers,rookie,0,Chargers,rookie_deal,3086
Eli Manning,QB,Giants,2004,6,47.99,7.998333,20.004,0.099,2004,Chargers,rookie,0,Giants,rookie_deal,3087
Eli Manning,QB,Giants,2009,6,97.5,16.25,20.5,0.132,2004,Chargers,veteran,5,Giants,extension,3088
Eli Manning,QB,Giants,2015,4,84.0,21.0,36.5,0.147,2004,Chargers,veteran,11,Giants,extension,3089
Eli Pancol,WR,Colts,2025,1,0.234,0.234,0.0,0.001,2025,Jaguars,rookie,0,Colts,rookie_deal,3090
Eli Pancol,WR,Colts,2026,1,0.885,0.885,0.0,0.003,2025,Jaguars,veteran,1,Colts,extension,3091
Eli Raridon,TE,Patriots,2026,4,6.748712,1.687178,1.368152,0.006,2026,Patriots,rookie,0,Patriots,rookie_deal,3092
Eli Rogers,WR,Steelers,2015,3,1.58,0.526667,0.005,0.004,2015,Steelers,rookie,0,Steelers,rookie_deal,3093
Eli Rogers,WR,Steelers,2018,1,0.63,0.63,0.0,0.004,2015,Steelers,veteran,3,Steelers,extension,3094
Eli Rogers,WR,Steelers,2019,1,3.03,3.03,0.5,0.016,2015,Steelers,veteran,4,Steelers,extension,3095
Eli Stowers,TE,Eagles,2026,4,8.892964,2.223241,7.277752,0.006999999999999999,2026,Eagles,rookie,0,Eagles,rookie_deal,3096
Eli Wolf,TE,Ravens,2020,1,0.1428,0.1428,0.0,0.001,2020,Ravens,rookie,0,Ravens,rookie_deal,3097
Eli Wolf,TE,Colts,2021,1,0.1656,0.1656,0.0,0.001,2020,Ravens,veteran,1,Ravens,new_team_signing,3098
Eli Wolf,TE,Colts,2022,1,0.705,0.705,0.0,0.003,2020,Ravens,veteran,2,Colts,extension,3099
Elic Ayomanor,WR,Titans,2025,4,4.865816,1.216454,0.665816,0.004,2025,Titans,rookie,0,Titans,rookie_deal,3100
Elijah Arroyo,TE,Seahawks,2025,4,8.813372,2.203343,6.872548,0.008,2025,Seahawks,rookie,0,Seahawks,rookie_deal,3101
Elijah Collins,RB,Bengals,2024,3,2.838,0.946,0.008,0.004,2024,Bengals,rookie,0,Bengals,rookie_deal,3102
Elijah Cooks,WR,Jaguars,2023,3,2.705,0.901667,0.07,0.004,2023,Jaguars,rookie,0,Jaguars,rookie_deal,3103
Elijah Cooks,WR,Eagles,2024,1,0.225,0.225,0.0,0.001,2023,Jaguars,veteran,1,Jaguars,new_team_signing,3104
Elijah Cooks,WR,Saints,2025,1,0.234,0.234,0.0,0.001,2023,Jaguars,veteran,2,Eagles,new_team_signing,3105
Elijah Cooks,WR,Saints,2026,1,1.005,1.005,0.0,0.003,2023,Jaguars,veteran,3,Saints,extension,3106
Elijah Dotson,RB,Chargers,2023,1,0.216,0.216,0.0,0.001,2023,Chargers,rookie,0,Chargers,rookie_deal,3107
Elijah Dotson,RB,Falcons,2024,1,0.225,0.225,0.0,0.001,2023,Chargers,veteran,1,Chargers,new_team_signing,3108
Elijah Dotson,RB,Falcons,2025,1,0.96,0.96,0.0,0.003,2023,Chargers,veteran,2,Falcons,extension,3109
Elijah Higgins,WR,MIA/ARI,2023,4,4.01588,1.00397,0.17588,0.004,2023,Dolphins,rookie,0,MIA/ARI,rookie_deal,3110
Elijah Holyfield,RB,Panthers,2019,1,0.136,0.136,0.0,0.001,2019,Panthers,rookie,0,Panthers,rookie_deal,3111
Elijah Holyfield,RB,Eagles,2020,1,0.1428,0.1428,0.0,0.001,2019,Panthers,veteran,1,Panthers,new_team_signing,3112
Elijah Holyfield,RB,Bengals,2021,1,0.1656,0.1656,0.0,0.001,2019,Panthers,veteran,2,Eagles,new_team_signing,3113
Elijah Holyfield,RB,Bengals,2022,1,0.705,0.705,0.0,0.003,2019,Panthers,veteran,3,Bengals,extension,3114
Elijah Hood,RB,Raiders,2017,1,0.1224,0.1224,0.0,0.001,2017,Raiders,rookie,0,Raiders,rookie_deal,3115
Elijah Hood,RB,Panthers,2018,1,0.48,0.48,0.0,0.003,2017,Raiders,veteran,1,Raiders,new_team_signing,3116
Elijah Hood,RB,Jaguars,2019,1,0.136,0.136,0.0,0.001,2017,Raiders,veteran,2,Panthers,new_team_signing,3117
Elijah Marks,WR,Chiefs,2018,3,1.7175,0.5725,0.0075,0.003,2018,Chiefs,rookie,0,Chiefs,rookie_deal,3118
Elijah McGuire,RB,Jets,2017,4,2.568516,0.642129,0.168516,0.004,2017,Jets,rookie,0,Jets,rookie_deal,3119
Elijah McGuire,RB,Chiefs,2019,1,0.136,0.136,0.0,0.001,2017,Jets,veteran,2,Jets,new_team_signing,3120
Elijah McGuire,RB,Dolphins,2020,1,0.1428,0.1428,0.0,0.001,2017,Jets,veteran,3,Chiefs,new_team_signing,3121
Elijah McGuire,RB,Chiefs,2021,1,0.252,0.252,0.0,0.001,2017,Jets,veteran,4,Dolphins,new_team_signing,3122
Elijah Mitchell,RB,49ers,2021,4,3.663572,0.915893,0.183572,0.005,2021,49ers,rookie,0,49ers,rookie_deal,3123
Elijah Mitchell,RB,Patriots,2025,1,0.315,0.315,0.0,0.001,2021,49ers,veteran,4,49ers,new_team_signing,3124
Elijah Mitchell,RB,Patriots,2026,1,1.215,1.215,0.0,0.004,2021,49ers,veteran,5,Patriots,extension,3125
Elijah Moore,WR,CLE/NYJ,2021,4,8.940422,2.235106,7.061273,0.012,2021,Jets,rookie,0,CLE/NYJ,rookie_deal,3126
Elijah Moore,WR,Broncos,2025,1,0.315,0.315,0.0,0.001,2021,Jets,veteran,4,CLE/NYJ,new_team_signing,3127
Elijah Moore,WR,Eagles,2026,1,1.315,1.315,0.0,0.004,2021,Jets,veteran,5,Broncos,new_team_signing,3128
Elijah Sarratt,WR,Ravens,2026,4,5.56362,1.390905,1.18362,0.005,2026,Ravens,rookie,0,Ravens,rookie_deal,3129
Elijah Tau-Tolliver,RB,Ravens,2026,3,3.11,1.036667,0.01,0.003,2026,Ravens,rookie,0,Ravens,rookie_deal,3130
Elijah Young,RB,Bills,2025,1,0.84,0.84,0.0,0.003,2025,Chiefs,rookie,0,Bills,rookie_deal,3131
Elijhaa Penny,RB,Cardinals,2018,1,0.1292,0.1292,0.0,0.001,2016,Cardinals,veteran,2,Cardinals,extension,3132
Elijhaa Penny,RB,Giants,2019,1,0.645,0.645,0.0,0.003,2016,Cardinals,veteran,3,Cardinals,new_team_signing,3133
Elijhaa Penny,RB,Giants,2020,2,2.25,1.125,0.335,0.006,2016,Cardinals,veteran,4,Giants,extension,3134
Elijhah Badger,WR,Chiefs,2025,3,2.965,0.988333,0.025,0.004,2025,Chiefs,rookie,0,Chiefs,rookie_deal,3135
Ellis Merriweather,RB,Packers,2023,1,0.216,0.216,0.0,0.001,2023,Saints,rookie,0,Packers,rookie_deal,3136
Ellis Merriweather,RB,Packers,2024,1,0.225,0.225,0.0,0.001,2023,Saints,veteran,1,Packers,extension,3137
Ellis Richardson,TE,Bears,2019,3,1.7565,0.5855,0.0015,0.003,2019,Bears,rookie,0,Bears,rookie_deal,3138
Emani Bailey,RB,Chiefs,2024,1,0.225,0.225,0.0,0.001,2024,Chiefs,rookie,0,Chiefs,rookie_deal,3139
Emani Bailey,RB,Panthers,2025,1,0.84,0.84,0.0,0.003,2024,Chiefs,veteran,1,Chiefs,new_team_signing,3140
Emanuel Byrd,TE,Packers,2017,1,0.1224,0.1224,0.0,0.001,2017,Chiefs,rookie,0,Packers,rookie_deal,3141
Emanuel Hall,WR,Buccaneers,2019,1,0.136,0.136,0.0,0.001,2019,Bears,rookie,0,Buccaneers,rookie_deal,3142
Emanuel Hall,WR,Commanders,2020,2,1.11,0.555,0.0,0.003,2019,Bears,veteran,1,Buccaneers,new_team_signing,3143
Emanuel Wilson,RB,Packers,2023,1,0.75,0.75,0.0,0.003,2023,Broncos,rookie,0,Packers,rookie_deal,3144
Emanuel Wilson,RB,Packers,2024,1,0.915,0.915,0.0,0.004,2023,Broncos,veteran,1,Packers,extension,3145
Emanuel Wilson,RB,Packers,2025,1,1.03,1.03,0.0,0.004,2023,Broncos,veteran,2,Packers,extension,3146
Emanuel Wilson,RB,Seahawks,2026,1,1.595,1.595,0.55,0.005,2023,Broncos,veteran,3,Packers,new_team_signing,3147
Emari Demercado,RB,Cardinals,2023,3,2.71,0.903333,0.07,0.004,2023,Cardinals,rookie,0,Cardinals,rookie_deal,3148
Emari Demercado,RB,Chiefs,2026,1,1.25,1.25,0.55,0.004,2023,Cardinals,veteran,3,Cardinals,new_team_signing,3149
Emeka Egbuka,WR,Buccaneers,2025,4,18.17273,4.543183,18.17273,0.016,2025,Buccaneers,rookie,0,Buccaneers,rookie_deal,3150
Emeka Emezie,WR,Panthers,2022,1,0.207,0.207,0.0,0.001,2022,Panthers,rookie,0,Panthers,rookie_deal,3151
Emmanuel Butler,WR,Saints,2019,1,0.17,0.17,0.0,0.001,2019,Saints,rookie,0,Saints,rookie_deal,3152
Emmanuel Butler,WR,Saints,2020,2,1.11,0.555,0.0,0.003,2019,Saints,veteran,1,Saints,extension,3153
Emmanuel Henderson,WR,Seahawks,2026,4,4.653192,1.163298,0.273192,0.004,2026,Seahawks,rookie,0,Seahawks,rookie_deal,3154
Emmanuel Ogbuehi,TE,Buccaneers,2013,2,0.96,0.48,0.0,0.0,2013,Commanders,rookie,0,Buccaneers,rookie_deal,3155
Emmanuel Sanders,WR,Steelers,2010,3,1.801069,0.600356,0.586069,0.005,2010,Steelers,rookie,0,Steelers,rookie_deal,3156
Emmanuel Sanders,WR,Steelers,2013,1,2.5,2.5,0.0,0.02,2010,Steelers,veteran,3,Steelers,extension,3157
Emmanuel Sanders,WR,Broncos,2014,3,15.0,5.0,6.0,0.038,2010,Steelers,veteran,4,Steelers,new_team_signing,3158
Emmanuel Sanders,WR,DEN/SF,2016,3,33.0,11.0,20.0,0.071,2010,Steelers,veteran,6,Broncos,new_team_signing,3159
Emmanuel Sanders,WR,Saints,2020,2,16.0,8.0,10.0,0.04,2010,Steelers,veteran,10,DEN/SF,new_team_signing,3160
Emmanuel Sanders,WR,Bills,2021,1,6.0,6.0,5.9,0.033,2010,Steelers,veteran,11,Saints,new_team_signing,3161
Emmett Johnson,RB,Chiefs,2026,4,4.865636,1.216409,0.485636,0.004,2026,Chiefs,rookie,0,Chiefs,rookie_deal,3162
Emory Blake,WR,Rams,2013,2,0.96,0.48,0.0,0.0,2013,Rams,rookie,0,Rams,rookie_deal,3163
Emory Jones,QB,Falcons,2024,1,0.225,0.225,0.0,0.001,2024,Ravens,rookie,0,Falcons,rookie_deal,3164
Emory Jones,QB,Falcons,2025,1,0.84,0.84,0.0,0.003,2024,Ravens,veteran,1,Falcons,extension,3165
Eno Benjamin,RB,NO/ARI/HOU,2020,4,3.397716,0.849429,0.102716,0.004,2020,Cardinals,rookie,0,NO/ARI/HOU,rookie_deal,3166
Equanimeous St. Brown,WR,Packers,2018,4,2.578408,0.644602,0.118408,0.004,2018,Packers,rookie,0,Packers,rookie_deal,3167
Equanimeous St. Brown,WR,Packers,2021,1,0.252,0.252,0.0,0.001,2018,Packers,veteran,3,Packers,extension,3168
Equanimeous St. Brown,WR,Bears,2022,1,0.965,0.965,0.0,0.005,2018,Packers,veteran,4,Packers,new_team_signing,3169
Equanimeous St. Brown,WR,Saints,2024,1,0.324,0.324,0.0,0.001,2018,Packers,veteran,6,Bears,new_team_signing,3170
Equanimeous St. Brown,WR,49ers,2025,1,1.17,1.17,0.0,0.004,2018,Packers,veteran,7,Saints,new_team_signing,3171
Eric Decker,WR,Broncos,2010,4,3.315148,0.828787,0.732148,0.006,2010,Broncos,rookie,0,Broncos,rookie_deal,3172
Eric Decker,WR,Jets,2014,5,36.25,7.25,15.0,0.055,2010,Broncos,veteran,4,Broncos,new_team_signing,3173
Eric Decker,WR,Titans,2017,1,4.0,4.0,2.5,0.024,2010,Broncos,veteran,7,Jets,new_team_signing,3174
Eric Decker,WR,Patriots,2018,1,1.5,1.5,0.075,0.008,2010,Broncos,veteran,8,Titans,new_team_signing,3175
Eric Dungey,QB,Browns,2019,1,0.136,0.136,0.0,0.001,2019,Giants,rookie,0,Browns,rookie_deal,3176
Eric Dungey,QB,Bengals,2021,1,0.66,0.66,0.0,0.004,2019,Giants,veteran,2,Browns,new_team_signing,3177
Eric Ebron,TE,Lions,2014,4,12.249146,3.062287,12.249146,0.023,2014,Lions,rookie,0,Lions,rookie_deal,3178
Eric Ebron,TE,Colts,2018,2,13.0,6.5,6.0,0.037000000000000005,2014,Lions,veteran,4,Lions,new_team_signing,3179
Eric Ebron,TE,Steelers,2020,2,12.0,6.0,5.0,0.03,2014,Lions,veteran,6,Colts,new_team_signing,3180
Eric Frohnapfel,TE,Chargers,2015,3,1.576,0.525333,0.001,0.0,2015,Chargers,rookie,0,Chargers,rookie_deal,3181
Eric Gray,RB,Giants,2023,4,4.08498,1.021245,0.24498,0.005,2023,Giants,rookie,0,Giants,rookie_deal,3182
Eric Page,WR,Buccaneers,2012,1,0.405,0.405,0.0,0.0,2012,Broncos,rookie,0,Buccaneers,rookie_deal,3183
Eric Rivers,WR,Buccaneers,2026,3,3.125,1.041667,0.25,0.003,2026,Buccaneers,rookie,0,Buccaneers,rookie_deal,3184
Eric Saubert,TE,NE/ATL,2017,4,2.6274,0.65685,0.2274,0.004,2017,Falcons,rookie,0,NE/ATL,rookie_deal,3185
Eric Saubert,TE,Raiders,2019,1,0.136,0.136,0.0,0.001,2017,Falcons,veteran,2,NE/ATL,new_team_signing,3186
Eric Saubert,TE,Jaguars,2020,1,0.1428,0.1428,0.0,0.001,2017,Falcons,veteran,3,Raiders,new_team_signing,3187
Eric Saubert,TE,Broncos,2021,1,0.99,0.99,0.0,0.005,2017,Falcons,veteran,4,Jaguars,new_team_signing,3188
Eric Saubert,TE,Broncos,2022,1,1.1875,1.1875,0.03,0.006,2017,Falcons,veteran,5,Broncos,extension,3189
Eric Saubert,TE,Cowboys,2023,1,0.3708,0.3708,0.0,0.002,2017,Falcons,veteran,6,Broncos,new_team_signing,3190
Eric Saubert,TE,49ers,2024,1,1.21,1.21,0.0,0.005,2017,Falcons,veteran,7,Cowboys,new_team_signing,3191
Eric Saubert,TE,Seahawks,2025,1,1.3,1.3,0.0,0.005,2017,Falcons,veteran,8,49ers,new_team_signing,3192
Eric Thomas,WR,Bills,2014,4,1.53,0.51,0.0,0.0,2014,Colts,rookie,0,Bills,rookie_deal,3193
Eric Tomlinson,TE,Jets,2018,1,0.63,0.63,0.0,0.004,2015,Eagles,veteran,3,Jets,extension,3194
Eric Tomlinson,TE,NYG/LV,2019,1,0.72,0.72,0.0,0.004,2015,Eagles,veteran,4,Jets,new_team_signing,3195
Eric Tomlinson,TE,Ravens,2020,1,0.204,0.204,0.0,0.001,2015,Eagles,veteran,5,NYG/LV,new_team_signing,3196
Eric Tomlinson,TE,Ravens,2021,1,0.252,0.252,0.0,0.001,2015,Eagles,veteran,6,Ravens,extension,3197
Eric Tomlinson,TE,Broncos,2022,1,1.035,1.035,0.0,0.005,2015,Eagles,veteran,7,Ravens,new_team_signing,3198
Eric Tomlinson,TE,Colts,2023,1,0.2898,0.2898,0.0,0.001,2015,Eagles,veteran,8,Broncos,new_team_signing,3199
Eric Tomlinson,TE,Chargers,2024,1,0.3834,0.3834,0.0,0.002,2015,Eagles,veteran,9,Colts,new_team_signing,3200
Eric Ward,WR,Bengals,2014,2,0.96,0.48,0.0,0.0,2014,Titans,rookie,0,Bengals,rookie_deal,3201
Eric Waters,TE,Steelers,2014,4,1.53,0.51,0.0,0.0,2014,Steelers,rookie,0,Steelers,rookie_deal,3202
Erick All,TE,Bengals,2024,4,4.813104,1.203276,0.793104,0.005,2024,Bengals,rookie,0,Bengals,rookie_deal,3203
Erik Ezukanma,WR,Dolphins,2022,4,4.384992,1.096248,0.724992,0.005,2022,Dolphins,rookie,0,Dolphins,rookie_deal,3204
Erik Ezukanma,WR,Dolphins,2024,1,0.225,0.225,0.0,0.001,2022,Dolphins,veteran,2,Dolphins,extension,3205
Erik Ezukanma,WR,Jaguars,2025,1,0.234,0.234,0.0,0.001,2022,Dolphins,veteran,3,Dolphins,new_team_signing,3206
Erik Krommenhoek,TE,Chargers,2022,3,2.5625,0.854167,0.0025,0.004,2022,Chargers,rookie,0,Chargers,rookie_deal,3207
Erik Swoope,TE,Colts,2018,1,0.1292,0.1292,0.0,0.001,2014,Colts,veteran,4,Colts,extension,3208
Erik Swoope,TE,Raiders,2019,1,0.645,0.645,0.0,0.003,2014,Colts,veteran,5,Colts,new_team_signing,3209
Erik Swoope,TE,49ers,2020,1,0.75,0.75,0.0,0.004,2014,Colts,veteran,6,Raiders,new_team_signing,3210
Ernst Brun,TE,Commanders,2015,3,1.575,0.525,0.0,0.004,2015,Commanders,rookie,0,Commanders,rookie_deal,3211
Erv Philips,WR,Buccaneers,2018,3,1.711,0.570333,0.001,0.003,2018,Buccaneers,rookie,0,Buccaneers,rookie_deal,3212
Ethan Conner,TE,Jaguars,2026,3,3.112,1.037333,0.012,0.003,2026,Jaguars,rookie,0,Jaguars,rookie_deal,3213
Ethan Fernea,WR,Colts,2022,1,0.207,0.207,0.0,0.001,2022,Colts,rookie,0,Colts,rookie_deal,3214
Ethan Fernea,WR,Colts,2023,1,0.216,0.216,0.0,0.001,2022,Colts,veteran,1,Colts,extension,3215
Ethan Fernea,WR,Colts,2024,1,0.225,0.225,0.0,0.001,2022,Colts,veteran,2,Colts,extension,3216
Ethan Garbers,QB,Panthers,2025,3,2.975,0.991667,0.01,0.004,2025,Panthers,rookie,0,Panthers,rookie_deal,3217
Ethan Wolf,TE,Packers,2018,1,0.1292,0.1292,0.0,0.001,2018,Titans,rookie,0,Packers,rookie_deal,3218
Ethan Wolf,TE,GB/LAR,2019,1,0.136,0.136,0.0,0.001,2018,Titans,veteran,1,Packers,new_team_signing,3219
Ethan Wolf,TE,Colts,2020,1,0.1428,0.1428,0.0,0.001,2018,Titans,veteran,2,GB/LAR,new_team_signing,3220
Ethan Wolf,TE,Saints,2021,1,0.1656,0.1656,0.0,0.001,2018,Titans,veteran,3,Colts,new_team_signing,3221
Ethan Wolf,TE,Saints,2022,1,0.705,0.705,0.0,0.003,2018,Titans,veteran,4,Saints,extension,3222
Evan Baylis,TE,Colts,2017,1,0.1224,0.1224,0.0,0.001,2017,Texans,rookie,0,Colts,rookie_deal,3223
Evan Baylis,TE,Packers,2018,1,0.1292,0.1292,0.0,0.001,2017,Texans,veteran,1,Colts,new_team_signing,3224
Evan Baylis,TE,Packers,2019,1,0.136,0.136,0.0,0.001,2017,Texans,veteran,2,Packers,extension,3225
Evan Baylis,TE,Cardinals,2020,1,0.1428,0.1428,0.0,0.001,2017,Texans,veteran,3,Packers,new_team_signing,3226
Evan Baylis,TE,Chiefs,2021,1,0.85,0.85,0.0,0.005,2017,Texans,veteran,4,Cardinals,new_team_signing,3227
Evan Berry,WR,Browns,2018,3,1.73,0.576667,0.02,0.003,2018,Browns,rookie,0,Browns,rookie_deal,3228
Evan Engram,TE,Giants,2017,4,10.718546,2.679637,10.341925,0.016,2017,Giants,rookie,0,Giants,rookie_deal,3229
Evan Engram,TE,Jaguars,2022,1,9.0,9.0,8.25,0.043,2017,Giants,veteran,5,Giants,new_team_signing,3230
Evan Engram,TE,Jaguars,2023,1,11.345,11.345,0.0,0.05,2017,Giants,veteran,6,Jaguars,extension,3231
Evan Engram,TE,Broncos,2025,2,23.0,11.5,16.5,0.040999999999999995,2017,Giants,veteran,8,Jaguars,new_team_signing,3232
Evan Hull,RB,Colts,2023,4,4.08498,1.021245,0.24498,0.005,2023,Colts,rookie,0,Colts,rookie_deal,3233
Evan Hull,RB,Colts,2024,1,0.225,0.225,0.0,0.001,2023,Colts,veteran,1,Colts,extension,3234
Evan Hull,RB,Saints,2025,1,0.234,0.234,0.0,0.001,2023,Colts,veteran,2,Colts,new_team_signing,3235
Evan Hull,RB,Texans,2026,1,1.08,1.08,0.005,0.004,2023,Colts,veteran,3,Saints,new_team_signing,3236
Evan Rodriguez,RB,CHI/MIA,2012,4,2.5452,0.6363,0.4452,0.005,2012,Bears,rookie,0,CHI/MIA,rookie_deal,3237
Evan Rodriguez,RB,Bills,2013,2,1.05,0.525,0.0,0.004,2012,Bears,veteran,1,CHI/MIA,new_team_signing,3238
Evan Rodriguez,RB,Buccaneers,2014,1,0.1071,0.1071,0.0,0.001,2012,Bears,veteran,2,Bills,new_team_signing,3239
Evan Royster,RB,Commanders,2011,1,0.0969,0.0969,0.0,0.001,2011,Commanders,rookie,0,Commanders,rookie_deal,3240
Evan Royster,RB,Falcons,2015,1,0.66,0.66,0.0,0.005,2011,Commanders,veteran,4,Commanders,new_team_signing,3241
Evan Spencer,WR,Buccaneers,2015,1,0.1122,0.1122,0.0,0.001,2015,Commanders,rookie,0,Buccaneers,rookie_deal,3242
Evan Spencer,WR,Buccaneers,2016,1,0.1173,0.1173,0.0,0.001,2015,Commanders,veteran,1,Buccaneers,extension,3243
Evan Svoboda,TE,Chargers,2026,3,3.113,1.037667,0.013,0.003,2026,Chargers,rookie,0,Chargers,rookie_deal,3244
Evan Wilson,TE,Raiders,2014,1,0.42,0.42,0.0,0.0,2014,Cowboys,rookie,0,Raiders,rookie_deal,3245
Ezekiel Elliott,RB,Cowboys,2016,4,24.956338,6.239085,24.956338,0.04,2016,Cowboys,rookie,0,Cowboys,rookie_deal,3246
Ezekiel Elliott,RB,Cowboys,2019,6,90.0,15.0,28.052137,0.08,2016,Cowboys,veteran,3,Cowboys,extension,3247
Ezekiel Elliott,RB,Patriots,2023,1,3.0,3.0,1.1,0.013000000000000001,2016,Cowboys,veteran,7,Cowboys,new_team_signing,3248
Ezekiel Elliott,RB,Chargers,2024,1,0.3024,0.3024,0.0,0.001,2016,Cowboys,veteran,8,Patriots,new_team_signing,3249
Ezell Ruffin,WR,Colts,2015,3,1.577,0.525667,0.002,0.0,2015,Colts,rookie,0,Colts,rookie_deal,3250
Farrod Green,TE,Colts,2020,1,0.1428,0.1428,0.0,0.001,2020,Colts,rookie,0,Colts,rookie_deal,3251
Farrod Green,TE,Colts,2021,1,0.1656,0.1656,0.0,0.001,2020,Colts,veteran,1,Colts,extension,3252
Farrod Green,TE,Colts,2022,1,0.705,0.705,0.0,0.003,2020,Colts,veteran,2,Colts,extension,3253
Feleipe Franks,QB,Falcons,2021,3,2.44,0.813333,0.1,0.004,2021,Falcons,rookie,0,Falcons,rookie_deal,3254
Feleipe Franks,QB,Panthers,2024,1,0.3834,0.3834,0.0,0.002,2021,Falcons,veteran,3,Falcons,new_team_signing,3255
Feleipe Franks,TE,Falcons,2025,1,1.44,1.44,0.2,0.005,2021,Falcons,veteran,4,Panthers,new_team_signing,3256
Feleipe Franks,TE,Panthers,2026,1,1.265,1.265,0.0,0.004,2021,Falcons,veteran,5,Falcons,new_team_signing,3257
Felix Harper,QB,Browns,2022,3,2.56,0.853333,0.0,0.004,2022,Browns,rookie,0,Browns,rookie_deal,3258
Felix Jones,RB,Steelers,2008,1,0.78,0.78,0.0325,0.0,2008,Cowboys,rookie,0,Steelers,rookie_deal,3259
Felton Davis,WR,Chiefs,2019,3,1.76,0.586667,0.005,0.003,2019,Chiefs,rookie,0,Chiefs,rookie_deal,3260
Fendi Onobun,TE,Jaguars,2010,1,0.57,0.57,0.0,0.0,2010,Rams,rookie,0,Jaguars,rookie_deal,3261
Fernando Mendoza,QB,Raiders,2026,4,57.270598,14.31765,0.0,0.048,2026,Raiders,rookie,0,Raiders,rookie_deal,3262
Fitzgerald Toussaint,RB,Steelers,2018,1,0.79,0.79,0.0,0.004,2014,Ravens,veteran,4,Steelers,extension,3263
Floyd Allen,WR,Texans,2019,3,1.755,0.585,0.0,0.003,2019,Texans,rookie,0,Texans,rookie_deal,3264
Foster Moreau,TE,Raiders,2019,4,3.008392,0.752098,0.488392,0.004,2019,Raiders,rookie,0,Raiders,rookie_deal,3265
Foster Moreau,TE,Saints,2023,3,12.234,4.078,8.02,0.018000000000000002,2019,Raiders,veteran,4,Raiders,new_team_signing,3266
Foster Moreau,TE,Texans,2026,2,6.3,3.15,3.0,0.01,2019,Raiders,veteran,7,Saints,new_team_signing,3267
Francis Owusu,WR,Dolphins,2017,3,1.669,0.556334,0.004,0.003,2017,Dolphins,rookie,0,Dolphins,rookie_deal,3268
Francis Owusu,WR,Dolphins,2018,1,0.1292,0.1292,0.0,0.001,2017,Dolphins,veteran,1,Dolphins,extension,3269
Frank Darby,WR,Falcons,2021,4,3.684492,0.921123,0.204492,0.005,2021,Falcons,rookie,0,Falcons,rookie_deal,3270
Frank Darby,WR,Falcons,2022,1,0.207,0.207,0.0,0.001,2021,Falcons,veteran,1,Falcons,extension,3271
Frank Darby,WR,Falcons,2023,1,0.216,0.216,0.0,0.001,2021,Falcons,veteran,2,Falcons,extension,3272
Frank Darby,WR,49ers,2024,1,0.985,0.985,0.0,0.004,2021,Falcons,veteran,3,Falcons,new_team_signing,3273
Frank Gore,RB,49ers,2005,3,1.5245,0.508167,0.5995,0.006,2005,,rookie,0,49ers,rookie_deal,3274
Frank Gore,RB,49ers,2007,4,27.577,6.89425,13.662,0.063,2005,,veteran,2,49ers,extension,3275
Frank Gore,RB,49ers,2011,3,18.9,6.3,0.0,0.052000000000000005,2005,,veteran,6,49ers,extension,3276
Frank Gore,RB,Colts,2015,3,12.0,4.0,6.5,0.027999999999999997,2005,,veteran,10,49ers,new_team_signing,3277
Frank Gore,RB,Dolphins,2018,1,1.105,1.105,0.09,0.006,2005,,veteran,13,Colts,new_team_signing,3278
Frank Gore,RB,Bills,2019,1,2.0,2.0,0.5,0.011000000000000001,2005,,veteran,14,Dolphins,new_team_signing,3279
Frank Gore,RB,Jets,2020,1,1.05,1.05,0.2,0.005,2005,,veteran,15,Bills,new_team_signing,3280
Frank Gore Jr.,RB,Bills,2024,1,0.225,0.225,0.0,0.001,2024,Bills,rookie,0,Bills,rookie_deal,3281
Frank Gore Jr.,RB,Bills,2025,1,0.234,0.234,0.0,0.001,2024,Bills,veteran,1,Bills,extension,3282
Frank Gore Jr.,RB,Bills,2026,2,1.935,0.9675,0.0,0.003,2024,Bills,veteran,2,Bills,extension,3283
Frank Stephens,WR,49ers,2018,1,0.1292,0.1292,0.0,0.001,2018,,rookie,0,49ers,rookie_deal,3284
Frank Summers,RB,Bills,2009,1,0.57,0.57,0.0,0.0,2009,Steelers,rookie,0,Bills,rookie_deal,3285
Franko House,TE,Bears,2017,3,1.665,0.555,0.0,0.003,2017,Bears,rookie,0,Bears,rookie_deal,3286
Fred Brown,WR,Colts,2017,1,0.1224,0.1224,0.0,0.001,2017,Colts,rookie,0,Colts,rookie_deal,3287
Fred Brown,WR,Rams,2018,2,1.05,0.525,0.0,0.003,2017,Colts,veteran,1,Colts,new_team_signing,3288
Fred Brown,WR,Broncos,2019,1,0.17,0.17,0.0,0.001,2017,Colts,veteran,2,Rams,new_team_signing,3289
Fred Brown,WR,Broncos,2020,1,0.170282,0.170282,0.0,0.001,2017,Colts,veteran,3,Broncos,extension,3290
Fred Brown,WR,Broncos,2021,1,0.78,0.78,0.0,0.004,2017,Colts,veteran,4,Broncos,extension,3291
Fred Davis,TE,Commanders,2008,4,3.517,0.87925,1.812,0.008,2008,Commanders,rookie,0,Commanders,rookie_deal,3292
Fred Davis,TE,Commanders,2012,1,5.446,5.446,5.446,0.045,2008,Commanders,veteran,4,Commanders,extension,3293
Fred Davis,TE,Commanders,2013,1,3.0,3.0,1.5,0.024,2008,Commanders,veteran,5,Commanders,extension,3294
Fred Davis,TE,Patriots,2015,1,0.825,0.825,0.0,0.006,2008,Commanders,veteran,7,Commanders,new_team_signing,3295
Fred Jackson,RB,Bills,2006,1,0.0799,0.0799,0.0,0.001,2006,Bills,rookie,0,Bills,rookie_deal,3296
Fred Jackson,RB,Bills,2007,2,0.655,0.3275,0.0,0.003,2006,Bills,veteran,1,Bills,extension,3297
Fred Jackson,RB,Bills,2009,4,7.5,1.875,1.75,0.015,2006,Bills,veteran,3,Bills,extension,3298
Fred Jackson,RB,Bills,2012,2,8.7,4.35,3.0,0.036000000000000004,2006,Bills,veteran,6,Bills,extension,3299
Fred Jackson,RB,Bills,2014,1,2.6,2.6,0.0,0.02,2006,Bills,veteran,8,Bills,extension,3300
Fred Jackson,RB,Seahawks,2015,1,0.9,0.9,0.0,0.006,2006,Bills,veteran,9,Bills,new_team_signing,3301
Fred Ross,WR,Panthers,2017,3,1.675,0.558333,0.01,0.003,2017,Panthers,rookie,0,Panthers,rookie_deal,3302
Fred Trevillion,WR,Chargers,2019,3,1.755,0.585,0.0,0.003,2019,Chargers,rookie,0,Chargers,rookie_deal,3303
Freddie Martino,WR,Buccaneers,2017,1,0.1224,0.1224,0.0,0.001,2014,Falcons,veteran,3,Eagles,new_team_signing,3304
Freddie Martino,WR,Buccaneers,2018,1,0.705,0.705,0.0,0.004,2014,Falcons,veteran,4,Buccaneers,extension,3305
Freddie Swain,WR,Seahawks,2020,4,3.424412,0.856103,0.129412,0.004,2020,Seahawks,rookie,0,Seahawks,rookie_deal,3306
Freddie Swain,WR,Dolphins,2022,1,0.207,0.207,0.0,0.001,2020,Seahawks,veteran,2,Seahawks,new_team_signing,3307
Freddie Swain,WR,Dolphins,2023,1,0.216,0.216,0.0,0.001,2020,Seahawks,veteran,3,Dolphins,extension,3308
Freddie Swain,WR,Bears,2024,1,1.055,1.055,0.0,0.004,2020,Seahawks,veteran,4,Dolphins,new_team_signing,3309
Gabe Holmes,TE,Cardinals,2018,1,0.1292,0.1292,0.0,0.001,2015,Raiders,veteran,3,Cardinals,extension,3310
Gabe Holmes,TE,Colts,2019,1,0.72,0.72,0.0,0.004,2015,Raiders,veteran,4,Cardinals,new_team_signing,3311
Gabe Holmes,TE,Dolphins,2021,1,0.92,0.92,0.0,0.005,2015,Raiders,veteran,6,Colts,new_team_signing,3312
Gabe Hughes,TE,Dolphins,2016,3,1.62,0.54,0.0,0.003,2016,Dolphins,rookie,0,Dolphins,rookie_deal,3313
Gabe Marks,WR,Jets,2017,3,1.665,0.555,0.0,0.003,2017,Jets,rookie,0,Jets,rookie_deal,3314
Gabe Miller,TE,Chiefs,2011,4,2.2385,0.559625,0.1985,0.005,2011,Chiefs,rookie,0,Chiefs,rookie_deal,3315
Gabe Miller,TE,Seahawks,2012,1,0.0969,0.0969,0.0,0.001,2011,Chiefs,veteran,1,Chiefs,new_team_signing,3316
Gabe Miller,TE,Commanders,2013,1,0.102,0.102,0.0,0.001,2011,Chiefs,veteran,2,Seahawks,new_team_signing,3317
Gabe Miller,TE,Commanders,2014,1,0.1071,0.1071,0.0,0.001,2011,Chiefs,veteran,3,Commanders,extension,3318
Gabe Nabers,TE,Chargers,2020,1,0.1428,0.1428,0.0,0.001,2020,Chargers,rookie,0,Chargers,rookie_deal,3319
Gabriel Benyard,WR,Bills,2026,3,3.1025,1.034167,0.0025,0.003,2026,Bills,rookie,0,Bills,rookie_deal,3320
Gabriel Davis,WR,Bills,2020,4,3.994372,0.998593,0.699372,0.005,2020,Bills,rookie,0,Bills,rookie_deal,3321
Gabriel Davis,WR,Jaguars,2024,3,39.0,13.0,24.0,0.051,2020,Bills,veteran,4,Bills,new_team_signing,3322
Gabriel Davis,WR,Bills,2025,1,0.315,0.315,0.0,0.001,2020,Bills,veteran,5,Jaguars,new_team_signing,3323
Gage Larvadain,WR,Browns,2025,1,0.234,0.234,0.0,0.001,2025,Browns,rookie,0,Browns,rookie_deal,3324
Gannon Sinclair,TE,Eagles,2018,1,0.48,0.48,0.0,0.003,2015,Cardinals,veteran,3,Jaguars,new_team_signing,3325
Gardner Minshew,QB,JAX/PHI,2019,4,2.711616,0.677904,0.191616,0.004,2019,Jaguars,rookie,0,JAX/PHI,rookie_deal,3326
Gardner Minshew,QB,Colts,2023,1,3.5,3.5,3.5,0.016,2019,Jaguars,veteran,4,JAX/PHI,new_team_signing,3327
Gardner Minshew,QB,Raiders,2024,2,25.0,12.5,15.0,0.049,2019,Jaguars,veteran,5,Colts,new_team_signing,3328
Gardner Minshew,QB,Chiefs,2025,1,1.17,1.17,0.0,0.004,2019,Jaguars,veteran,6,Raiders,new_team_signing,3329
Gardner Minshew,QB,Cardinals,2026,1,5.75,5.75,5.14,0.019,2019,Jaguars,veteran,7,Chiefs,new_team_signing,3330
Garett Maag,WR,Vikings,2023,3,2.695,0.898333,0.0,0.004,2023,Vikings,rookie,0,Vikings,rookie_deal,3331
Garrett Celek,TE,49ers,2012,3,1.446,0.482,0.006,0.004,2012,,rookie,0,49ers,rookie_deal,3332
Garrett Celek,TE,49ers,2015,1,0.71,0.71,0.025,0.005,2012,,veteran,3,49ers,extension,3333
Garrett Celek,TE,49ers,2016,4,10.0,2.5,3.5,0.016,2012,,veteran,4,49ers,extension,3334
Garrett Dickerson,TE,Giants,2018,1,0.1292,0.1292,0.0,0.001,2018,Giants,rookie,0,Giants,rookie_deal,3335
Garrett Dickerson,TE,Giants,2019,1,0.136,0.136,0.0,0.001,2018,Giants,veteran,1,Giants,extension,3336
Garrett Gilbert,QB,Patriots,2014,1,0.1071,0.1071,0.0,0.001,2014,Rams,rookie,0,Patriots,rookie_deal,3337
Garrett Gilbert,QB,Raiders,2015,1,0.1122,0.1122,0.0,0.001,2014,Rams,veteran,1,Patriots,new_team_signing,3338
Garrett Gilbert,QB,Raiders,2016,1,0.45,0.45,0.0,0.003,2014,Rams,veteran,2,Raiders,extension,3339
Garrett Gilbert,QB,Panthers,2017,1,0.1224,0.1224,0.0,0.001,2014,Rams,veteran,3,Raiders,new_team_signing,3340
Garrett Gilbert,QB,Panthers,2018,1,0.555,0.555,0.0,0.003,2014,Rams,veteran,4,Panthers,extension,3341
Garrett Gilbert,QB,Browns,2019,2,1.38,0.69,0.075,0.004,2014,Rams,veteran,5,Panthers,new_team_signing,3342
Garrett Gilbert,QB,Browns,2020,1,0.1428,0.1428,0.0,0.001,2014,Rams,veteran,6,Browns,extension,3343
Garrett Gilbert,QB,Patriots,2021,1,0.252,0.252,0.0,0.001,2014,Rams,veteran,7,Browns,new_team_signing,3344
Garrett Gilbert,QB,Patriots,2022,1,0.2772,0.2772,0.0,0.001,2014,Rams,veteran,8,Patriots,extension,3345
Garrett Graham,TE,Texans,2010,4,2.2701,0.567525,0.4801,0.004,2010,Texans,rookie,0,Texans,rookie_deal,3346
Garrett Graham,TE,Texans,2014,3,11.25,3.75,4.5,0.027999999999999997,2010,Texans,veteran,4,Texans,extension,3347
Garrett Graham,TE,Broncos,2016,1,0.84,0.84,0.08,0.005,2010,Texans,veteran,6,Texans,new_team_signing,3348
Garrett Grayson,QB,Saints,2015,4,3.400606,0.850152,0.733168,0.006,2015,Saints,rookie,0,Saints,rookie_deal,3349
Garrett Grayson,QB,Saints,2016,1,0.1173,0.1173,0.0,0.001,2015,Saints,veteran,1,Saints,extension,3350
Garrett Grayson,QB,Falcons,2017,1,0.1224,0.1224,0.0,0.001,2015,Saints,veteran,2,Saints,new_team_signing,3351
Garrett Grayson,QB,Broncos,2018,1,0.1292,0.1292,0.0,0.001,2015,Saints,veteran,3,Falcons,new_team_signing,3352
Garrett Grayson,QB,Broncos,2019,2,1.23,0.615,0.0,0.003,2015,Saints,veteran,4,Broncos,extension,3353
Garrett Greene,QB,Buccaneers,2025,1,0.234,0.234,0.0,0.001,2025,Buccaneers,rookie,0,Buccaneers,rookie_deal,3354
Garrett Greene,QB,Buccaneers,2026,2,1.97,0.985,0.035,0.003,2025,Buccaneers,veteran,1,Buccaneers,extension,3355
Garrett Griffin,TE,Saints,2018,1,0.1292,0.1292,0.0,0.001,2016,Saints,veteran,2,Saints,extension,3356
Garrett Griffin,TE,Saints,2019,2,1.23,0.615,0.0,0.003,2016,Saints,veteran,3,Saints,extension,3357
Garrett Griffin,TE,Saints,2020,1,0.1428,0.1428,0.0,0.001,2016,Saints,veteran,4,Saints,extension,3358
Garrett Griffin,TE,Saints,2021,1,0.85,0.85,0.0,0.005,2016,Saints,veteran,5,Saints,extension,3359
Garrett Griffin,TE,Lions,2022,1,0.288,0.288,0.0,0.001,2016,Saints,veteran,6,Saints,new_team_signing,3360
Garrett Groshek,RB,Vikings,2021,1,0.1656,0.1656,0.0,0.001,2021,Raiders,rookie,0,Vikings,rookie_deal,3361
Garrett Hudson,TE,Commanders,2018,3,1.71,0.57,0.0,0.003,2018,Commanders,rookie,0,Commanders,rookie_deal,3362
Garrett Johnson,WR,Bears,2018,3,1.711,0.570333,0.001,0.003,2018,Bears,rookie,0,Bears,rookie_deal,3363
Garrett Nussmeier,QB,Chiefs,2026,4,4.500488,1.125122,0.120488,0.004,2026,Chiefs,rookie,0,Chiefs,rookie_deal,3364
Garrett Walston,TE,49ers,2022,3,2.565,0.855,0.005,0.004,2022,49ers,rookie,0,49ers,rookie_deal,3365
Garrett Wilson,WR,Jets,2022,4,20.554006,5.138502,20.554006,0.025,2022,Jets,rookie,0,Jets,rookie_deal,3366
Garrett Wilson,WR,Jets,2025,4,130.0,32.5,38.324819,0.11599999999999999,2022,Jets,veteran,3,Jets,extension,3367
Gary Barnidge,TE,Panthers,2008,4,1.89425,0.473563,0.18925,0.004,2008,Panthers,rookie,0,Panthers,rookie_deal,3368
Gary Barnidge,TE,Panthers,2011,1,0.69,0.69,0.05,0.006,2008,Panthers,veteran,3,Panthers,extension,3369
Gary Barnidge,TE,Browns,2013,3,3.75,1.25,0.65,0.01,2008,Panthers,veteran,5,Panthers,new_team_signing,3370
Gary Barnidge,TE,Browns,2015,3,12.3,4.1,3.25,0.028999999999999998,2008,Panthers,veteran,7,Browns,extension,3371
Gary Brightwell,RB,Giants,2021,4,3.658872,0.914718,0.178872,0.005,2021,Giants,rookie,0,Giants,rookie_deal,3372
Gary Brightwell,RB,Bengals,2024,1,0.3024,0.3024,0.0,0.001,2021,Giants,veteran,3,Giants,new_team_signing,3373
Gary Brightwell,RB,Bengals,2025,1,0.315,0.315,0.0,0.001,2021,Giants,veteran,4,Bengals,extension,3374
Gary Brightwell,RB,Bengals,2026,1,1.145,1.145,0.0,0.004,2021,Giants,veteran,5,Bengals,extension,3375
Gary Chambers,WR,Bills,2016,3,1.62,0.54,0.0,0.003,2016,Bills,rookie,0,Bills,rookie_deal,3376
Gary Jennings Jr.,WR,SEA/MIA,2019,4,3.233652,0.808413,0.713652,0.004,2019,Seahawks,rookie,0,SEA/MIA,rookie_deal,3377
Gary Jennings Jr.,WR,Bills,2020,1,0.1428,0.1428,0.0,0.001,2019,Seahawks,veteran,1,SEA/MIA,new_team_signing,3378
Gary Jennings Jr.,WR,Raiders,2021,1,0.1656,0.1656,0.0,0.001,2019,Seahawks,veteran,2,Bills,new_team_signing,3379
Gary Jennings Jr.,WR,Chiefs,2022,1,0.825,0.825,0.0,0.004,2019,Seahawks,veteran,3,Raiders,new_team_signing,3380
Gary Jennings Jr.,WR,Panthers,2023,1,0.87,0.87,0.0,0.004,2019,Seahawks,veteran,4,Chiefs,new_team_signing,3381
Gavin Bartholomew,TE,Vikings,2025,4,4.415824,1.103956,0.215824,0.004,2025,Vikings,rookie,0,Vikings,rookie_deal,3382
Gavin Escobar,TE,Cowboys,2013,4,4.210496,1.052624,2.213566,0.009000000000000001,2013,Cowboys,rookie,0,Cowboys,rookie_deal,3383
Gavin Escobar,TE,Ravens,2017,1,0.775,0.775,0.0,0.005,2013,Cowboys,veteran,4,Cowboys,new_team_signing,3384
Gavin Escobar,TE,Dolphins,2018,1,0.79,0.79,0.0,0.004,2013,Cowboys,veteran,5,Ravens,new_team_signing,3385
Gavin Hardison,QB,Dolphins,2024,3,2.835,0.945,0.005,0.004,2024,Dolphins,rookie,0,Dolphins,rookie_deal,3386
Gavin Holmes,WR,Titans,2023,3,2.695,0.898333,0.0,0.004,2023,Titans,rookie,0,Titans,rookie_deal,3387
Gavin Lutman,WR,Vikings,2015,3,1.5825,0.5275,0.0075,0.004,2015,Vikings,rookie,0,Vikings,rookie_deal,3388
Gee Scott Jr.,TE,Patriots,2025,1,0.234,0.234,0.0,0.001,2025,Patriots,rookie,0,Patriots,rookie_deal,3389
Gee Scott Jr.,WR,Jets,2026,1,0.885,0.885,0.0,0.003,2025,Patriots,veteran,1,Patriots,new_team_signing,3390
Gehrig Dieter,WR,Chiefs,2017,1,0.1224,0.1224,0.0,0.001,2017,Chiefs,rookie,0,Chiefs,rookie_deal,3391
Gehrig Dieter,WR,Chiefs,2018,1,0.1292,0.1292,0.0,0.001,2017,Chiefs,veteran,1,Chiefs,extension,3392
Gehrig Dieter,WR,Chiefs,2019,1,0.136,0.136,0.0,0.001,2017,Chiefs,veteran,2,Chiefs,extension,3393
Gehrig Dieter,WR,Chiefs,2020,1,0.1428,0.1428,0.0,0.001,2017,Chiefs,veteran,3,Chiefs,extension,3394
Gehrig Dieter,WR,Chiefs,2021,1,0.1656,0.1656,0.0,0.001,2017,Chiefs,veteran,4,Chiefs,extension,3395
Gehrig Dieter,WR,Chiefs,2022,1,0.895,0.895,0.0,0.004,2017,Chiefs,veteran,5,Chiefs,extension,3396
Geno Smith,QB,Jets,2013,4,5.019603,1.254901,3.068784,0.01,2013,Jets,rookie,0,Jets,rookie_deal,3397
Geno Smith,QB,Giants,2017,1,1.2,1.2,0.3,0.006999999999999999,2013,Jets,veteran,4,Jets,new_team_signing,3398
Geno Smith,QB,Chargers,2018,1,1.0,1.0,0.2,0.006,2013,Jets,veteran,5,Giants,new_team_signing,3399
Geno Smith,QB,Seahawks,2019,1,0.87,0.87,0.0,0.005,2013,Jets,veteran,6,Chargers,new_team_signing,3400
Geno Smith,QB,Seahawks,2020,1,1.1875,1.1875,0.1375,0.006,2013,Jets,veteran,7,Seahawks,extension,3401
Geno Smith,QB,Seahawks,2021,1,1.2125,1.2125,0.1375,0.006999999999999999,2013,Jets,veteran,8,Seahawks,extension,3402
Geno Smith,QB,Seahawks,2022,1,3.5,3.5,0.5,0.017,2013,Jets,veteran,9,Seahawks,extension,3403
Geno Smith,QB,SEA/LV,2023,3,75.0,25.0,27.3,0.111,2013,Jets,veteran,10,Seahawks,new_team_signing,3404
Geno Smith,QB,Raiders,2025,2,75.0,37.5,58.5,0.134,2013,Jets,veteran,12,SEA/LV,new_team_signing,3405
Geno Smith,QB,Jets,2026,1,3.3,3.3,3.3,0.011000000000000001,2013,Jets,veteran,13,Raiders,new_team_signing,3406
Geoff Swaim,TE,Cowboys,2015,4,2.334732,0.583683,0.054732,0.004,2015,Cowboys,rookie,0,Cowboys,rookie_deal,3407
Geoff Swaim,TE,Jaguars,2019,2,6.6,3.3,1.25,0.018000000000000002,2015,Cowboys,veteran,4,Cowboys,new_team_signing,3408
Geoff Swaim,TE,Titans,2020,1,0.91,0.91,0.0,0.005,2015,Cowboys,veteran,5,Jaguars,new_team_signing,3409
Geoff Swaim,TE,Titans,2021,1,2.5,2.5,2.25,0.013999999999999999,2015,Cowboys,veteran,6,Titans,extension,3410
Geoff Swaim,TE,Titans,2022,1,3.5,3.5,3.4,0.017,2015,Cowboys,veteran,7,Titans,extension,3411
Geoff Swaim,TE,Cardinals,2023,1,1.7,1.7,0.45,0.008,2015,Cowboys,veteran,8,Titans,new_team_signing,3412
Geoff Swaim,TE,Browns,2024,1,0.3834,0.3834,0.0,0.002,2015,Cowboys,veteran,9,Cardinals,new_team_signing,3413
Geor'Quarius Spivey,TE,Chiefs,2024,3,2.83,0.943333,0.0,0.004,2024,Chiefs,rookie,0,Chiefs,rookie_deal,3414
Geor'Quarius Spivey,TE,Chiefs,2025,1,0.84,0.84,0.0,0.003,2024,Chiefs,veteran,1,Chiefs,extension,3415
George Atkinson III,RB,Jets,2018,1,0.63,0.63,0.0,0.004,2014,Raiders,veteran,4,Chiefs,new_team_signing,3416
George Campbell,WR,Jets,2020,3,2.2875,0.7625,0.0025,0.004,2020,Jets,rookie,0,Jets,rookie_deal,3417
George Holani,RB,Seahawks,2024,1,0.225,0.225,0.0,0.001,2024,Seahawks,rookie,0,Seahawks,rookie_deal,3418
George Holani,RB,Seahawks,2026,1,1.075,1.075,0.0,0.004,2024,Seahawks,veteran,2,Seahawks,extension,3419
George Kittle,TE,49ers,2017,4,2.698296,0.674574,0.298296,0.004,2017,49ers,rookie,0,49ers,rookie_deal,3420
George Kittle,TE,49ers,2020,5,75.0,15.0,30.0,0.076,2017,49ers,veteran,3,49ers,extension,3421
George Kittle,TE,49ers,2025,4,76.4,19.1,35.0,0.068,2017,49ers,veteran,8,49ers,extension,3422
George Pickens,WR,PIT/DAL,2022,4,6.752188,1.688047,3.867506,0.008,2022,Steelers,rookie,0,PIT/DAL,rookie_deal,3423
George Pickens,WR,Cowboys,2026,1,27.298,27.298,27.298,0.091,2022,Steelers,veteran,4,PIT/DAL,new_team_signing,3424
George Winn,RB,Colts,2017,2,1.32,0.66,0.0,0.004,2013,Texans,veteran,4,Giants,new_team_signing,3425
Gerald Christian,TE,Cardinals,2015,4,2.332784,0.583196,0.052784,0.004,2015,Cardinals,rookie,0,Cardinals,rookie_deal,3426
Gerald Christian,TE,Bills,2016,1,0.1173,0.1173,0.0,0.001,2015,Cardinals,veteran,1,Cardinals,new_team_signing,3427
Gerald Christian,TE,Cardinals,2017,1,0.54,0.54,0.0,0.003,2015,Cardinals,veteran,2,Bills,new_team_signing,3428
Gerald Everett,TE,Rams,2017,4,6.044448,1.511112,3.740708,0.009000000000000001,2017,Rams,rookie,0,Rams,rookie_deal,3429
Gerald Everett,TE,Seahawks,2021,1,6.0,6.0,6.0,0.033,2017,Rams,veteran,4,Rams,new_team_signing,3430
Gerald Everett,TE,Chargers,2022,2,12.0,6.0,8.0,0.028999999999999998,2017,Rams,veteran,5,Seahawks,new_team_signing,3431
Gerald Everett,TE,Bears,2024,2,12.0,6.0,6.06,0.023,2017,Rams,veteran,7,Chargers,new_team_signing,3432
Gerald Holmes,RB,Seahawks,2018,3,1.71,0.57,0.0,0.003,2018,Seahawks,rookie,0,Seahawks,rookie_deal,3433
Geraldo Boldewijn,WR,Falcons,2014,4,1.53,0.51,0.0,0.0,2014,Falcons,rookie,0,Falcons,rookie_deal,3434
Gerell Robinson,WR,Dolphins,2012,2,0.93,0.465,0.0,0.0,2012,Broncos,rookie,0,Dolphins,rookie_deal,3435
Geremy Davis,WR,Giants,2015,4,2.407084,0.601771,0.127084,0.004,2015,Giants,rookie,0,Giants,rookie_deal,3436
Geremy Davis,WR,Giants,2016,1,0.1173,0.1173,0.0,0.001,2015,Giants,veteran,1,Giants,extension,3437
Geremy Davis,WR,Chargers,2017,1,0.1224,0.1224,0.0,0.001,2015,Giants,veteran,2,Giants,new_team_signing,3438
Geremy Davis,WR,Chargers,2018,1,0.77,0.77,0.015,0.004,2015,Giants,veteran,3,Chargers,extension,3439
Geremy Davis,WR,Chargers,2019,1,0.895,0.895,0.025,0.005,2015,Giants,veteran,4,Chargers,extension,3440
Geremy Davis,WR,Lions,2020,1,1.0475,1.0475,0.035,0.005,2015,Giants,veteran,5,Chargers,new_team_signing,3441
Germie Bernard,WR,Steelers,2026,4,10.544878,2.63622,10.544878,0.009000000000000001,2026,Steelers,rookie,0,Steelers,rookie_deal,3442
Geronimo Allison,WR,Packers,2018,1,0.63,0.63,0.0,0.004,2016,Packers,veteran,2,Packers,extension,3443
Geronimo Allison,WR,Packers,2019,1,2.8,2.8,0.75,0.015,2016,Packers,veteran,3,Packers,extension,3444
Geronimo Allison,WR,Lions,2020,1,1.0475,1.0475,0.1375,0.005,2016,Packers,veteran,4,Packers,new_team_signing,3445
Geronimo Allison,WR,Lions,2021,1,0.252,0.252,0.0,0.001,2016,Packers,veteran,5,Lions,extension,3446
Geronimo Allison,WR,Falcons,2022,1,1.035,1.035,0.0,0.005,2016,Packers,veteran,6,Lions,new_team_signing,3447
Gerrid Doaks,RB,Dolphins,2021,1,0.1656,0.1656,0.0,0.001,2021,Dolphins,rookie,0,Dolphins,rookie_deal,3448
Gerrid Doaks,RB,Texans,2022,1,0.207,0.207,0.0,0.001,2021,Dolphins,veteran,1,Dolphins,new_team_signing,3449
Gerrid Doaks,RB,Texans,2023,1,0.216,0.216,0.0,0.001,2021,Dolphins,veteran,2,Texans,extension,3450
Gerrid Doaks,RB,Texans,2024,2,1.755,0.8775,0.0,0.003,2021,Dolphins,veteran,3,Texans,extension,3451
Gerrit Prince,TE,Jaguars,2022,1,0.207,0.207,0.0,0.001,2022,Jaguars,rookie,0,Jaguars,rookie_deal,3452
Gerrit Prince,TE,Chiefs,2023,1,0.216,0.216,0.0,0.001,2022,Jaguars,veteran,1,Jaguars,new_team_signing,3453
Gerrit Prince,TE,Chiefs,2024,1,0.795,0.795,0.0,0.003,2022,Jaguars,veteran,2,Chiefs,extension,3454
Giles Jackson,WR,Eagles,2025,3,2.965,0.988333,0.0,0.004,2025,Eagles,rookie,0,Eagles,rookie_deal,3455
Giovani Bernard,RB,Bengals,2013,4,5.25334,1.313335,3.2494,0.011000000000000001,2013,Bengals,rookie,0,Bengals,rookie_deal,3456
Giovani Bernard,RB,Bengals,2016,3,15.5,5.166667,5.0,0.033,2013,Bengals,veteran,3,Bengals,extension,3457
Giovani Bernard,RB,Bengals,2019,2,10.3,5.15,2.0,0.027000000000000003,2013,Bengals,veteran,6,Bengals,extension,3458
Giovani Bernard,RB,Buccaneers,2021,1,1.2125,1.2125,0.85,0.006999999999999999,2013,Bengals,veteran,8,Bengals,new_team_signing,3459
Giovani Bernard,RB,Buccaneers,2022,1,1.2725,1.2725,0.895,0.006,2013,Bengals,veteran,9,Buccaneers,extension,3460
Giovanni Pascascio,WR,Titans,2017,3,1.665,0.555,0.0,0.003,2017,Titans,rookie,0,Titans,rookie_deal,3461
Giovanni Ricci,TE,Panthers,2020,1,0.1428,0.1428,0.0,0.001,2020,Panthers,rookie,0,Panthers,rookie_deal,3462
Giovanni Ricci,TE,Panthers,2021,1,0.66,0.66,0.0,0.004,2020,Panthers,veteran,1,Panthers,extension,3463
Glasco Martin,RB,Cowboys,2014,4,1.53,0.51,0.0,0.0,2014,Cowboys,rookie,0,Cowboys,rookie_deal,3464
Glenn Winston,RB,Browns,2014,3,1.53,0.51,0.0,0.004,2014,,rookie,0,Browns,rookie_deal,3465
Godwin Igwebuike,RB,Lions,2022,1,0.895,0.895,0.0,0.004,2018,Buccaneers,veteran,4,Lions,extension,3466
Golden Tate,WR,Giants,2019,4,37.5,9.375,22.95,0.05,2010,Seahawks,veteran,9,DET/PHI,new_team_signing,3467
Golden Tate,WR,Titans,2021,1,0.252,0.252,0.0,0.001,2010,Seahawks,veteran,11,Giants,new_team_signing,3468
Graham Adomitis,TE,Colts,2021,3,2.425,0.808333,0.0,0.004,2021,Colts,rookie,0,Colts,rookie_deal,3469
Graham Mertz,QB,Texans,2025,4,4.428484,1.107121,0.228484,0.004,2025,Texans,rookie,0,Texans,rookie_deal,3470
Grant Calcaterra,TE,Eagles,2022,4,3.83414,0.958535,0.17414,0.005,2022,Eagles,rookie,0,Eagles,rookie_deal,3471
Grant Calcaterra,TE,Eagles,2026,1,2.0,2.0,0.7,0.006999999999999999,2022,Eagles,veteran,4,Eagles,extension,3472
Grant DuBose,WR,Packers,2023,1,0.216,0.216,0.0,0.001,2023,Packers,rookie,0,Packers,rookie_deal,3473
Grant DuBose,WR,Dolphins,2024,1,0.795,0.795,0.0,0.003,2023,Packers,veteran,1,Packers,new_team_signing,3474
Grant DuBose,WR,Bills,2025,1,0.84,0.84,0.0,0.003,2023,Packers,veteran,2,Dolphins,new_team_signing,3475
Grayson Gunter,TE,Jaguars,2022,3,2.56,0.853333,0.0,0.004,2022,Jaguars,rookie,0,Jaguars,rookie_deal,3476
Greg Bell,RB,Lions,2022,3,2.575,0.858333,0.1,0.004,2022,Lions,rookie,0,Lions,rookie_deal,3477
Greg Bell,RB,Steelers,2023,1,0.216,0.216,0.0,0.001,2022,Lions,veteran,1,Lions,new_team_signing,3478
Greg Childs,WR,Vikings,2012,4,2.400584,0.600146,0.300584,0.005,2012,Vikings,rookie,0,Vikings,rookie_deal,3479
Greg Desrosiers Jr.,RB,Chargers,2026,3,3.11,1.036667,0.01,0.003,2026,Chargers,rookie,0,Chargers,rookie_deal,3480
Greg Dortch,WR,Panthers,2019,1,0.136,0.136,0.0,0.001,2019,Jets,rookie,0,Panthers,rookie_deal,3481
Greg Dortch,WR,Falcons,2020,1,0.1428,0.1428,0.0,0.001,2019,Jets,veteran,1,Panthers,new_team_signing,3482
Greg Dortch,WR,Cardinals,2021,1,0.1656,0.1656,0.0,0.001,2019,Jets,veteran,2,Falcons,new_team_signing,3483
Greg Dortch,WR,Cardinals,2023,1,1.01,1.01,0.0,0.004,2019,Jets,veteran,4,Cardinals,extension,3484
Greg Dortch,WR,Cardinals,2024,1,1.125,1.125,0.0,0.004,2019,Jets,veteran,5,Cardinals,extension,3485
Greg Dortch,WR,Cardinals,2025,1,3.263,3.263,0.0,0.012,2019,Jets,veteran,6,Cardinals,extension,3486
Greg Dortch,WR,Lions,2026,1,1.4025,1.4025,1.075,0.005,2019,Jets,veteran,7,Cardinals,new_team_signing,3487
Greg Dulcich,TE,NYG/DEN,2022,4,5.25914,1.314785,1.004828,0.006,2022,Broncos,rookie,0,NYG/DEN,rookie_deal,3488
Greg Dulcich,TE,Dolphins,2025,1,0.396,0.396,0.0,0.001,2022,Broncos,veteran,3,NYG/DEN,new_team_signing,3489
Greg Dulcich,TE,Dolphins,2026,1,3.25,3.25,2.91,0.011000000000000001,2022,Broncos,veteran,4,Dolphins,extension,3490
Greg Hardin,WR,Broncos,2014,4,1.53,0.51,0.0,0.0,2014,Broncos,rookie,0,Broncos,rookie_deal,3491
Greg Jennings,WR,Packers,2006,4,3.095,1.031667,1.485,0.01,2006,Packers,rookie,0,Packers,rookie_deal,3492
Greg Jennings,WR,Packers,2009,3,26.25,8.75,16.25,0.071,2006,Packers,veteran,3,Packers,extension,3493
Greg Jennings,WR,Vikings,2013,5,45.0,9.0,12.9,0.073,2006,Packers,veteran,7,Packers,new_team_signing,3494
Greg Jennings,WR,Dolphins,2015,2,8.0,4.0,3.0,0.027999999999999997,2006,Packers,veteran,9,Vikings,new_team_signing,3495
Greg Jones,RB,Jaguars,2004,1,0.87,0.87,0.0,0.0,2004,Jaguars,rookie,0,Jaguars,rookie_deal,3496
Greg Jones,RB,Giants,2011,4,2.143788,0.535947,0.103787,0.004,2004,Jaguars,veteran,7,Jaguars,new_team_signing,3497
Greg Little,WR,CLE/LV,2011,4,3.3275,0.831875,0.0,0.006999999999999999,2011,Browns,rookie,0,CLE/LV,rookie_deal,3498
Greg Little,WR,Bengals,2014,2,1.39,0.645,0.695,0.005,2011,Browns,veteran,3,CLE/LV,new_team_signing,3499
Greg Little,WR,Bills,2016,1,0.76,0.76,0.0,0.005,2011,Browns,veteran,5,Bengals,new_team_signing,3500
Greg Little,WR,Cardinals,2018,1,0.79,0.79,0.0,0.004,2011,Browns,veteran,7,Bills,new_team_signing,3501
Greg McElroy,QB,Jets,2011,4,2.105152,0.526288,0.065152,0.004,2011,Jets,rookie,0,Jets,rookie_deal,3502
Greg McElroy,QB,Bengals,2013,1,0.102,0.102,0.0,0.001,2011,Jets,veteran,2,Jets,new_team_signing,3503
Greg McElroy,QB,Bengals,2014,1,0.495,0.495,0.0,0.004,2011,Jets,veteran,3,Bengals,extension,3504
Greg Moore,WR,Colts,2014,3,1.53,0.51,0.0,0.0,2014,Colts,rookie,0,Colts,rookie_deal,3505
Greg Olsen,TE,Bears,2007,5,7.77445,1.55489,5.24875,0.013999999999999999,2007,Bears,rookie,0,Bears,rookie_deal,3506
Greg Olsen,TE,Panthers,2011,4,22.8,5.7,2.5,0.047,2007,Bears,veteran,4,Bears,new_team_signing,3507
Greg Olsen,TE,Panthers,2015,3,22.5,7.5,12.0,0.052000000000000005,2007,Bears,veteran,8,Panthers,extension,3508
Greg Olsen,TE,Panthers,2018,2,17.1,8.55,12.115,0.048,2007,Bears,veteran,11,Panthers,extension,3509
Greg Olsen,TE,Seahawks,2020,1,7.0,7.0,5.5,0.035,2007,Bears,veteran,13,Panthers,new_team_signing,3510
Greg Orton,WR,Patriots,2009,1,0.42,0.42,0.0,0.0,2009,Bengals,rookie,0,Patriots,rookie_deal,3511
Greg Salas,WR,NE/LAR,2011,4,2.491154,0.622789,0.451154,0.005,2011,Rams,rookie,0,NE/LAR,rookie_deal,3512
Greg Salas,WR,Jets,2013,2,1.2,0.6,0.0,0.005,2011,Rams,veteran,2,NE/LAR,new_team_signing,3513
Greg Salas,WR,Bills,2015,1,0.745,0.745,0.0,0.005,2011,Rams,veteran,4,Jets,new_team_signing,3514
Greg Salas,WR,Bills,2016,1,0.785,0.785,0.0,0.005,2011,Rams,veteran,5,Bills,extension,3515
Greg Ward,WR,Eagles,2017,1,0.1445,0.1445,0.0,0.001,2017,Eagles,rookie,0,Eagles,rookie_deal,3516
Greg Ward,WR,Eagles,2018,1,0.1292,0.1292,0.0,0.001,2017,Eagles,veteran,1,Eagles,extension,3517
Greg Ward,WR,Eagles,2019,1,0.17,0.17,0.0,0.001,2017,Eagles,veteran,2,Eagles,extension,3518
Greg Ward,WR,Eagles,2021,1,0.85,0.85,0.0,0.005,2017,Eagles,veteran,4,Eagles,extension,3519
Greg Ward,WR,Eagles,2022,1,0.2772,0.2772,0.0,0.001,2017,Eagles,veteran,5,Eagles,extension,3520
Greg Ward,WR,Eagles,2023,1,0.3708,0.3708,0.0,0.002,2017,Eagles,veteran,6,Eagles,extension,3521
Greg Ward,WR,Colts,2024,1,1.055,1.055,0.0,0.004,2017,Eagles,veteran,7,Eagles,new_team_signing,3522
Griff Whalen,WR,Patriots,2016,1,0.675,0.675,0.0,0.004,2012,Colts,veteran,4,Colts,new_team_signing,3523
Griff Whalen,WR,Ravens,2017,1,0.775,0.775,0.0,0.005,2012,Colts,veteran,5,Patriots,new_team_signing,3524
Griff Whalen,WR,Raiders,2018,1,0.79,0.79,0.0,0.004,2012,Colts,veteran,6,Ravens,new_team_signing,3525
Griffin Hebert,TE,Eagles,2023,1,0.216,0.216,0.0,0.001,2023,Seahawks,rookie,0,Eagles,rookie_deal,3526
Griffin Hebert,TE,Eagles,2024,1,0.225,0.225,0.0,0.001,2023,Seahawks,veteran,1,Eagles,extension,3527
Gunnar Helm,TE,Titans,2025,4,5.172908,1.293227,0.972908,0.005,2025,Titans,rookie,0,Titans,rookie_deal,3528
Gunnar Oakes,TE,Lions,2025,3,2.965,0.988333,0.0,0.004,2025,Lions,rookie,0,Lions,rookie_deal,3529
Gunner Olszewski,WR,Patriots,2019,3,1.7575,0.585833,0.0025,0.003,2019,Patriots,rookie,0,Patriots,rookie_deal,3530
Gunner Olszewski,WR,Steelers,2022,2,4.2,2.1,1.235,0.01,2019,Patriots,veteran,3,Patriots,new_team_signing,3531
Gunner Olszewski,WR,Giants,2023,1,0.2898,0.2898,0.0,0.001,2019,Patriots,veteran,4,Steelers,new_team_signing,3532
Gunner Olszewski,WR,Giants,2024,1,1.125,1.125,0.4675,0.004,2019,Patriots,veteran,5,Giants,extension,3533
Gunner Olszewski,WR,Giants,2025,1,1.17,1.17,0.0,0.004,2019,Patriots,veteran,6,Giants,extension,3534
Gunner Olszewski,WR,Giants,2026,1,1.4025,1.4025,0.3,0.005,2019,Patriots,veteran,7,Giants,extension,3535
Gus Edwards,RB,Ravens,2018,1,0.153,0.153,0.0,0.001,2018,Ravens,rookie,0,Ravens,rookie_deal,3536
Gus Edwards,RB,Ravens,2019,1,0.57,0.57,0.0,0.003,2018,Ravens,veteran,1,Ravens,extension,3537
Gus Edwards,RB,Ravens,2020,1,0.75,0.75,0.0,0.004,2018,Ravens,veteran,2,Ravens,extension,3538
Gus Edwards,RB,Ravens,2021,3,12.384,4.128,8.0,0.023,2018,Ravens,veteran,3,Ravens,extension,3539
Gus Edwards,RB,Ravens,2023,1,3.384,3.384,2.3,0.015,2018,Ravens,veteran,5,Ravens,extension,3540
Gus Edwards,RB,Chargers,2024,2,6.5,3.25,3.375,0.013000000000000001,2018,Ravens,veteran,6,Ravens,new_team_signing,3541
Hakeem Butler,WR,Cardinals,2019,4,3.327576,0.831894,0.807576,0.004,2019,Cardinals,rookie,0,Cardinals,rookie_deal,3542
Hakeem Butler,TE,Eagles,2020,1,0.1428,0.1428,0.0,0.001,2019,Cardinals,veteran,1,Cardinals,new_team_signing,3543
Hakeem Butler,WR,Eagles,2021,2,1.675,0.8375,0.0,0.005,2019,Cardinals,veteran,2,Eagles,extension,3544
Hakeem Butler,WR,Steelers,2023,1,0.87,0.87,0.0,0.004,2019,Cardinals,veteran,4,Eagles,new_team_signing,3545
Hakeem Butler,WR,Bengals,2024,1,0.915,0.915,0.0,0.004,2019,Cardinals,veteran,5,Steelers,new_team_signing,3546
Hakeem Nicks,WR,Giants,2009,5,9.225,1.845,6.575,0.015,2009,Giants,rookie,0,Giants,rookie_deal,3547
Hakeem Nicks,WR,Colts,2014,1,4.0,4.0,2.25,0.03,2009,Giants,veteran,5,Giants,new_team_signing,3548
Hakeem Nicks,WR,Giants,2015,1,0.745,0.745,0.0,0.005,2009,Giants,veteran,6,Colts,new_team_signing,3549
Hakeem Nicks,WR,Saints,2016,1,0.885,0.885,0.0,0.006,2009,Giants,veteran,7,Giants,new_team_signing,3550
Hakeem Valles,TE,Cardinals,2016,2,0.99,0.495,0.0,0.003,2016,Cardinals,rookie,0,Cardinals,rookie_deal,3551
Hakeem Valles,TE,Lions,2017,1,0.540005,0.540005,0.0,0.003,2016,Cardinals,veteran,1,Cardinals,new_team_signing,3552
Hakeem Valles,TE,Giants,2018,1,0.1292,0.1292,0.0,0.001,2016,Cardinals,veteran,2,Lions,new_team_signing,3553
Hal Presley,WR,Titans,2025,1,0.234,0.234,0.0,0.001,2025,Bills,rookie,0,Titans,rookie_deal,3554
Hal Presley,WR,Titans,2026,2,1.935,0.9675,0.0,0.003,2025,Bills,veteran,1,Titans,extension,3555
Hale Hentges,TE,Colts,2019,3,1.77,0.59,0.015,0.003,2019,Colts,rookie,0,Colts,rookie_deal,3556
Hale Hentges,TE,Commanders,2020,1,0.1428,0.1428,0.0,0.001,2019,Colts,veteran,1,Colts,new_team_signing,3557
Hamze El-Zayat,WR,Jets,2024,3,2.83,0.943333,0.0,0.004,2024,Jets,rookie,0,Jets,rookie_deal,3558
Hank Beatty,WR,Titans,2026,3,3.125,1.041667,0.2725,0.003,2026,Titans,rookie,0,Titans,rookie_deal,3559
Harold Fannin Jr.,TE,Browns,2025,4,6.742886,1.685722,1.543916,0.006,2025,Browns,rookie,0,Browns,rookie_deal,3560
Harold Hoskins,TE,Seahawks,2014,4,1.53,0.51,0.0,0.0,2014,Dolphins,rookie,0,Seahawks,rookie_deal,3561
Harrison Bryant,TE,Browns,2020,4,4.064032,1.016008,0.769032,0.005,2020,Browns,rookie,0,Browns,rookie_deal,3562
Harrison Bryant,TE,Browns,2023,1,1.75,1.75,1.75,0.008,2020,Browns,veteran,3,Browns,extension,3563
Harrison Bryant,TE,Raiders,2024,1,3.25,3.25,2.878,0.013000000000000001,2020,Browns,veteran,4,Browns,new_team_signing,3564
Harrison Bryant,TE,Texans,2025,1,0.396,0.396,0.0,0.001,2020,Browns,veteran,5,Raiders,new_team_signing,3565
Harrison Bryant,TE,Seahawks,2026,1,1.265,1.265,0.05,0.004,2020,Browns,veteran,6,Texans,new_team_signing,3566
Harrison Wallace III,WR,Cardinals,2026,3,3.14,1.046667,0.2875,0.003,2026,Cardinals,rookie,0,Cardinals,rookie_deal,3567
Harry Douglas,WR,Falcons,2008,4,2.40905,0.602263,0.70405,0.005,2008,Falcons,rookie,0,Falcons,rookie_deal,3568
Harry Douglas,WR,Falcons,2012,4,12.5,3.125,3.5,0.026000000000000002,2008,Falcons,veteran,4,Falcons,extension,3569
Harry Douglas,WR,Titans,2015,3,11.25,3.75,3.75,0.026000000000000002,2008,Falcons,veteran,7,Falcons,new_team_signing,3570
Harry Douglas,WR,Titans,2017,1,1.75,1.75,0.25,0.01,2008,Falcons,veteran,9,Titans,extension,3571
Hassan Hall,RB,Cardinals,2023,1,0.216,0.216,0.0,0.001,2023,Browns,rookie,0,Cardinals,rookie_deal,3572
Hassan Hall,RB,Cardinals,2024,1,0.225,0.225,0.0,0.001,2023,Browns,veteran,1,Cardinals,extension,3573
Hassan Haskins,RB,LAC/TEN,2022,4,4.352208,1.088052,0.692208,0.005,2022,Titans,rookie,0,LAC/TEN,rookie_deal,3574
Hayden Hatten,WR,Seahawks,2024,3,2.845,0.948333,0.015,0.004,2024,Seahawks,rookie,0,Seahawks,rookie_deal,3575
Hayden Hurst,TE,BAL/ATL,2018,4,11.036032,2.759008,10.40086,0.016,2018,Ravens,rookie,0,BAL/ATL,rookie_deal,3576
Hayden Hurst,TE,Bengals,2022,1,3.5,3.5,2.0,0.017,2018,Ravens,veteran,4,BAL/ATL,new_team_signing,3577
Hayden Hurst,TE,Panthers,2023,3,21.75,7.25,13.0,0.032,2018,Ravens,veteran,5,Bengals,new_team_signing,3578
Hayden Hurst,TE,Chargers,2024,1,1.125,1.125,0.0,0.004,2018,Ravens,veteran,6,Panthers,new_team_signing,3579
Hayden Large,TE,Bears,2026,3,3.1075,1.035833,0.0675,0.003,2026,Bears,rookie,0,Bears,rookie_deal,3580
Hayden Rucci,TE,Dolphins,2024,1,0.225,0.225,0.0,0.001,2024,Dolphins,rookie,0,Dolphins,rookie_deal,3581
Hayden Rucci,TE,49ers,2025,1,0.234,0.234,0.0,0.001,2024,Dolphins,veteran,1,Dolphins,new_team_signing,3582
Hayden Rucci,TE,49ers,2026,1,1.005,1.005,0.0,0.003,2024,Dolphins,veteran,2,49ers,extension,3583
Haynes King,QB,Panthers,2026,3,3.11,1.036667,0.21,0.003,2026,Panthers,rookie,0,Panthers,rookie_deal,3584
Heath Miller,TE,Steelers,2005,5,6.89,1.378,3.95,0.016,2005,Steelers,rookie,0,Steelers,rookie_deal,3585
Heath Miller,TE,Steelers,2009,5,33.75,6.75,5.75,0.055,2005,Steelers,veteran,4,Steelers,extension,3586
Heath Miller,TE,Steelers,2014,2,8.0,4.0,5.0,0.03,2005,Steelers,veteran,9,Steelers,extension,3587
Heinrich Haarberg,TE,Panthers,2026,3,3.1,1.033333,0.0,0.003,2026,Panthers,rookie,0,Panthers,rookie_deal,3588
Hendon Hooker,QB,Lions,2023,4,5.719028,1.429757,1.159292,0.006,2023,Lions,rookie,0,Lions,rookie_deal,3589
Hendon Hooker,QB,Jets,2025,1,0.234,0.234,0.0,0.001,2023,Lions,veteran,2,Lions,new_team_signing,3590
Hendon Hooker,QB,Titans,2026,2,2.405,1.2025,0.0,0.004,2023,Lions,veteran,3,Jets,new_team_signing,3591
Henry Josey,RB,Vikings,2014,2,0.96,0.48,0.0,0.0,2014,Eagles,rookie,0,Vikings,rookie_deal,3592
Henry Krieger-Coble,TE,Colts,2016,2,0.915,0.4575,0.0,0.003,2016,Broncos,rookie,0,Colts,rookie_deal,3593
Henry Krieger-Coble,TE,Rams,2017,1,0.1224,0.1224,0.0,0.001,2016,Broncos,veteran,1,Colts,new_team_signing,3594
Henry Krieger-Coble,TE,Rams,2018,1,0.1292,0.1292,0.0,0.001,2016,Broncos,veteran,2,Rams,extension,3595
Henry Litwin,WR,Bears,2022,3,2.561,0.853667,0.001,0.004,2022,Bears,rookie,0,Bears,rookie_deal,3596
Henry Ruggs,WR,Raiders,2020,4,16.671626,4.167907,16.671626,0.021,2020,Raiders,rookie,0,Raiders,rookie_deal,3597
Herb Waters,WR,Packers,2016,2,0.915,0.4575,0.0,0.003,2016,Packers,rookie,0,Packers,rookie_deal,3598
Herb Waters,WR,Steelers,2018,1,0.1292,0.1292,0.0,0.001,2016,Packers,veteran,2,Packers,new_team_signing,3599
Herb Waters,WR,Steelers,2019,1,0.495,0.495,0.0,0.003,2016,Packers,veteran,3,Steelers,extension,3600
Holton Ahlers,QB,Seahawks,2023,1,0.216,0.216,0.0,0.001,2023,Seahawks,rookie,0,Seahawks,rookie_deal,3601
Hunter Bryant,TE,Lions,2020,3,2.305,0.768333,0.06,0.004,2020,Lions,rookie,0,Lions,rookie_deal,3602
Hunter Dekkers,QB,Saints,2025,1,0.234,0.234,0.0,0.001,2025,Saints,rookie,0,Saints,rookie_deal,3603
Hunter Henry,TE,Chargers,2016,4,6.380308,1.595077,4.030238,0.01,2016,Chargers,rookie,0,Chargers,rookie_deal,3604
Hunter Henry,TE,Chargers,2020,1,10.607,10.607,10.607,0.054000000000000006,2016,Chargers,veteran,4,Chargers,extension,3605
Hunter Henry,TE,Patriots,2021,3,37.5,12.5,25.0,0.068,2016,Chargers,veteran,5,Chargers,new_team_signing,3606
Hunter Henry,TE,Patriots,2024,3,27.0,9.0,15.8,0.035,2016,Chargers,veteran,8,Patriots,extension,3607
Hunter Kampmoyer,TE,Chargers,2021,1,0.1656,0.1656,0.0,0.001,2021,Chargers,rookie,0,Chargers,rookie_deal,3608
Hunter Kampmoyer,TE,Chargers,2022,1,0.207,0.207,0.0,0.001,2021,Chargers,veteran,1,Chargers,extension,3609
Hunter Kampmoyer,TE,Chargers,2023,1,0.216,0.216,0.0,0.001,2021,Chargers,veteran,2,Chargers,extension,3610
Hunter Kampmoyer,TE,Broncos,2024,1,0.795,0.795,0.0,0.003,2021,Chargers,veteran,3,Chargers,new_team_signing,3611
Hunter Long,TE,MIA/LAR,2021,4,4.968696,1.242174,0.973596,0.006999999999999999,2021,Dolphins,rookie,0,MIA/LAR,rookie_deal,3612
Hunter Long,TE,Jaguars,2025,2,5.0,2.5,3.0,0.009000000000000001,2021,Dolphins,veteran,4,MIA/LAR,new_team_signing,3613
Hunter Luepke,RB,Cowboys,2023,3,2.715,0.905,0.2,0.004,2023,Cowboys,rookie,0,Cowboys,rookie_deal,3614
Hunter Luepke,RB,Cowboys,2025,2,7.0,3.5,5.03,0.013000000000000001,2023,Cowboys,veteran,2,Cowboys,extension,3615
Hunter Renfrow,WR,Raiders,2019,4,2.835948,0.708987,0.315948,0.004,2019,Raiders,rookie,0,Raiders,rookie_deal,3616
Hunter Renfrow,WR,Raiders,2022,2,31.7,15.85,14.5,0.076,2019,Raiders,veteran,3,Raiders,extension,3617
Hunter Renfrow,WR,Panthers,2025,1,1.3375,1.3375,0.05,0.005,2019,Raiders,veteran,6,Raiders,new_team_signing,3618
Hunter Sharp,WR,Bengals,2018,1,0.1292,0.1292,0.0,0.001,2016,Eagles,veteran,2,Broncos,new_team_signing,3619
Hunter Thedford,TE,Lions,2021,3,2.425,0.808333,0.0,0.004,2021,Lions,rookie,0,Lions,rookie_deal,3620
I'Tavius Mathers,RB,Jaguars,2017,3,1.67,0.556667,0.01,0.003,2017,Jaguars,rookie,0,Jaguars,rookie_deal,3621
Ian Book,QB,NO/PHI,2021,4,4.15358,1.038395,0.67358,0.006,2021,Saints,rookie,0,NO/PHI,rookie_deal,3622
Ian Book,QB,Patriots,2023,1,0.216,0.216,0.0,0.001,2021,Saints,veteran,2,NO/PHI,new_team_signing,3623
Ian Book,QB,Eagles,2024,1,0.225,0.225,0.0,0.001,2021,Saints,veteran,3,Patriots,new_team_signing,3624
Ian Bunting,TE,Jets,2019,1,0.136,0.136,0.0,0.001,2019,Bears,rookie,0,Jets,rookie_deal,3625
Ian Bunting,TE,Colts,2020,1,0.51,0.51,0.0,0.003,2019,Bears,veteran,1,Jets,new_team_signing,3626
Ian Bunting,TE,Cowboys,2021,1,0.1656,0.1656,0.0,0.001,2019,Bears,veteran,2,Colts,new_team_signing,3627
Ian Bunting,TE,Cowboys,2022,2,1.575,0.7875,0.0,0.004,2019,Bears,veteran,3,Cowboys,extension,3628
Ian Thomas,TE,Panthers,2018,4,3.207992,0.801998,0.747992,0.005,2018,Panthers,rookie,0,Panthers,rookie_deal,3629
Ian Thomas,TE,Panthers,2022,3,16.95,5.65,8.0,0.027000000000000003,2018,Panthers,veteran,4,Panthers,extension,3630
Ian Thomas,TE,Panthers,2023,2,6.65,3.325,4.0,0.015,2018,Panthers,veteran,5,Panthers,extension,3631
Ian Thomas,TE,Panthers,2024,1,1.3,1.3,1.3,0.005,2018,Panthers,veteran,6,Panthers,extension,3632
Ian Thomas,TE,Raiders,2025,1,1.5245,1.5245,0.5675,0.005,2018,Panthers,veteran,7,Panthers,new_team_signing,3633
Ian Thomas,TE,Raiders,2026,1,1.615,1.615,0.6125,0.005,2018,Panthers,veteran,8,Raiders,extension,3634
Ian Wheeler,RB,Bears,2024,3,2.8375,0.945833,0.0075,0.004,2024,Bears,rookie,0,Bears,rookie_deal,3635
Ian Wheeler,RB,Saints,2025,1,0.234,0.234,0.0,0.001,2024,Bears,veteran,1,Bears,new_team_signing,3636
Ife Adeyi,WR,Eagles,2025,1,0.84,0.84,0.0,0.003,2025,Eagles,rookie,0,Eagles,rookie_deal,3637
Ify Umodu,WR,Bears,2015,3,1.575,0.525,0.0,0.0,2015,Bears,rookie,0,Bears,rookie_deal,3638
Ihmir Smith-Marsette,WR,MIN/CHI,2021,4,3.79896,0.94974,0.31896,0.005,2021,Vikings,rookie,0,MIN/CHI,rookie_deal,3639
Ihmir Smith-Marsette,WR,Chiefs,2022,1,0.207,0.207,0.0,0.001,2021,Vikings,veteran,1,MIN/CHI,new_team_signing,3640
Ihmir Smith-Marsette,WR,Chiefs,2023,1,0.94,0.94,0.0,0.004,2021,Vikings,veteran,2,Chiefs,extension,3641
Ihmir Smith-Marsette,WR,Giants,2024,1,1.055,1.055,0.0,0.004,2021,Vikings,veteran,3,Chiefs,new_team_signing,3642
Ihmir Smith-Marsette,WR,Giants,2025,1,0.396,0.396,0.0,0.001,2021,Vikings,veteran,4,Giants,extension,3643
Ihmir Smith-Marsette,WR,Cardinals,2026,1,1.215,1.215,0.0,0.004,2021,Vikings,veteran,5,Giants,new_team_signing,3644
Ina Liaina,RB,Packers,2013,2,0.93,0.465,0.0,0.0,2013,Dolphins,rookie,0,Packers,rookie_deal,3645
Irv Smith Jr.,TE,Vikings,2019,4,5.798444,1.449611,3.490614,0.008,2019,Vikings,rookie,0,Vikings,rookie_deal,3646
Irv Smith Jr.,TE,Bengals,2023,1,1.75,1.75,0.4,0.008,2019,Vikings,veteran,4,Vikings,new_team_signing,3647
Irv Smith Jr.,TE,Texans,2024,1,0.3834,0.3834,0.0,0.002,2019,Vikings,veteran,5,Bengals,new_team_signing,3648
Irv Smith Jr.,TE,Texans,2025,1,1.23,1.23,0.015,0.004,2019,Vikings,veteran,6,Texans,extension,3649
Irvin Charles,WR,Jets,2022,1,0.207,0.207,0.0,0.001,2022,Jets,rookie,0,Jets,rookie_deal,3650
Irvin Charles,WR,Jets,2023,1,0.216,0.216,0.0,0.001,2022,Jets,veteran,1,Jets,extension,3651
Irvin Charles,WR,Seahawks,2025,1,1.03,1.03,0.0,0.004,2022,Jets,veteran,3,Jets,new_team_signing,3652
Isaac Guerendo,RB,49ers,2024,4,4.724528,1.181132,0.704525,0.005,2024,49ers,rookie,0,49ers,rookie_deal,3653
Isaac Nauta,TE,Lions,2019,1,0.204,0.204,0.0,0.001,2019,Lions,rookie,0,Lions,rookie_deal,3654
Isaac Nauta,TE,Packers,2020,1,0.1428,0.1428,0.0,0.001,2019,Lions,veteran,1,Lions,new_team_signing,3655
Isaac Nauta,TE,Packers,2021,1,0.85,0.85,0.0,0.005,2019,Lions,veteran,2,Packers,extension,3656
Isaac Rex,TE,Chargers,2024,1,0.795,0.795,0.0,0.003,2024,Lions,rookie,0,Chargers,rookie_deal,3657
Isaac TeSlaa,WR,Lions,2025,4,6.664452,1.666113,1.486872,0.006,2025,Lions,rookie,0,Lions,rookie_deal,3658
Isaac Whitney,WR,Raiders,2017,1,0.1224,0.1224,0.0,0.001,2017,Raiders,rookie,0,Raiders,rookie_deal,3659
Isaac Whitney,WR,Texans,2018,1,0.1292,0.1292,0.0,0.001,2017,Raiders,veteran,1,Raiders,new_team_signing,3660
Isaac Whitney,WR,Texans,2019,2,1.23,0.615,0.0,0.003,2017,Raiders,veteran,2,Texans,extension,3661
Isaac Whitney,WR,Buccaneers,2020,1,0.1428,0.1428,0.0,0.001,2017,Raiders,veteran,3,Texans,new_team_signing,3662
Isaac Whitney,WR,Cardinals,2021,1,0.78,0.78,0.0,0.004,2017,Raiders,veteran,4,Buccaneers,new_team_signing,3663
Isaac Zico,WR,Cardinals,2019,1,0.495,0.495,0.0,0.003,2019,Titans,rookie,0,Cardinals,rookie_deal,3664
Isaiah Bond,WR,Browns,2025,3,3.018,1.006,3.018,0.004,2025,Browns,rookie,0,Browns,rookie_deal,3665
Isaiah Bowser,RB,Bills,2023,3,2.6975,0.899167,0.0025,0.004,2023,Bills,rookie,0,Bills,rookie_deal,3666
Isaiah Coulter,WR,Texans,2020,4,3.587956,0.896989,0.292956,0.005,2020,Texans,rookie,0,Texans,rookie_deal,3667
Isaiah Coulter,WR,Bears,2021,1,0.1656,0.1656,0.0,0.001,2020,Texans,veteran,1,Texans,new_team_signing,3668
Isaiah Coulter,WR,Bears,2022,1,0.207,0.207,0.0,0.001,2020,Texans,veteran,2,Bears,extension,3669
Isaiah Coulter,WR,Bills,2023,2,1.86,0.93,0.005,0.004,2020,Texans,veteran,3,Bears,new_team_signing,3670
Isaiah Crowell,RB,Browns,2014,3,1.54,0.513333,0.01,0.004,2014,Browns,rookie,0,Browns,rookie_deal,3671
Isaiah Crowell,RB,Browns,2017,1,2.746,2.746,0.0,0.016,2014,Browns,veteran,3,Browns,extension,3672
Isaiah Crowell,RB,Jets,2018,3,12.0,4.0,4.0,0.023,2014,Browns,veteran,4,Browns,new_team_signing,3673
Isaiah Crowell,RB,Raiders,2019,1,1.0,1.0,0.3,0.005,2014,Browns,veteran,5,Jets,new_team_signing,3674
Isaiah Davis,RB,Jets,2024,4,4.274276,1.068569,0.254276,0.004,2024,Jets,rookie,0,Jets,rookie_deal,3675
Isaiah Ford,WR,Dolphins,2017,4,2.478312,0.619578,0.078312,0.004,2017,Dolphins,rookie,0,Dolphins,rookie_deal,3676
Isaiah Ford,WR,Dolphins,2018,1,0.1292,0.1292,0.0,0.001,2017,Dolphins,veteran,1,Dolphins,extension,3677
Isaiah Ford,WR,Dolphins,2019,1,0.136,0.136,0.0,0.001,2017,Dolphins,veteran,2,Dolphins,extension,3678
Isaiah Ford,WR,Dolphins,2020,1,0.1428,0.1428,0.0,0.001,2017,Dolphins,veteran,3,Dolphins,extension,3679
Isaiah Ford,WR,Dolphins,2021,1,0.252,0.252,0.0,0.001,2017,Dolphins,veteran,4,Dolphins,extension,3680
Isaiah Ford,WR,Colts,2022,1,1.035,1.035,0.0,0.005,2017,Dolphins,veteran,5,Dolphins,new_team_signing,3681
Isaiah Ford,WR,Bears,2023,1,1.08,1.08,0.0,0.005,2017,Dolphins,veteran,6,Colts,new_team_signing,3682
Isaiah Hodgins,WR,Bills,2020,4,3.453888,0.863472,0.158888,0.004,2020,Bills,rookie,0,Bills,rookie_deal,3683
Isaiah Hodgins,WR,Bills,2021,1,0.1656,0.1656,0.0,0.001,2020,Bills,veteran,1,Bills,extension,3684
Isaiah Hodgins,WR,Bills,2022,1,0.207,0.207,0.0,0.001,2020,Bills,veteran,2,Bills,extension,3685
Isaiah Hodgins,WR,Giants,2023,1,0.87,0.87,0.0,0.004,2020,Bills,veteran,3,Bills,new_team_signing,3686
Isaiah Hodgins,WR,Giants,2024,1,0.3024,0.3024,0.0,0.001,2020,Bills,veteran,4,Giants,extension,3687
Isaiah Hodgins,WR,Steelers,2025,1,0.315,0.315,0.0,0.001,2020,Bills,veteran,5,Giants,new_team_signing,3688
Isaiah Hodgins,WR,Giants,2026,1,1.24,1.24,0.0,0.004,2020,Bills,veteran,6,Steelers,new_team_signing,3689
Isaiah Likely,TE,Ravens,2022,4,4.164336,1.041084,0.504336,0.005,2022,Ravens,rookie,0,Ravens,rookie_deal,3690
Isaiah Likely,TE,Giants,2026,3,40.0,13.333333,20.5,0.044000000000000004,2022,Ravens,veteran,4,Ravens,new_team_signing,3691
Isaiah McKenzie,WR,Broncos,2017,4,2.635856,0.658964,0.235856,0.004,2017,Broncos,rookie,0,Broncos,rookie_deal,3692
Isaiah McKenzie,WR,Broncos,2018,1,0.1292,0.1292,0.0,0.001,2017,Broncos,veteran,1,Broncos,extension,3693
Isaiah McKenzie,WR,Bills,2020,1,0.9625,0.9625,0.25,0.005,2017,Broncos,veteran,3,Broncos,new_team_signing,3694
Isaiah McKenzie,WR,Bills,2021,1,1.1275,1.1275,0.35,0.006,2017,Broncos,veteran,4,Bills,extension,3695
Isaiah McKenzie,WR,Bills,2022,2,4.4,2.2,1.25,0.011000000000000001,2017,Broncos,veteran,5,Bills,extension,3696
Isaiah McKenzie,WR,Colts,2023,1,1.08,1.08,0.25,0.005,2017,Broncos,veteran,6,Bills,new_team_signing,3697
Isaiah McKenzie,WR,Dolphins,2024,1,0.3024,0.3024,0.0,0.001,2017,Broncos,veteran,7,Colts,new_team_signing,3698
Isaiah McKoy,WR,Colts,2021,1,0.1656,0.1656,0.0,0.001,2021,Steelers,rookie,0,Colts,rookie_deal,3699
Isaiah Neyor,WR,Packers,2025,1,0.234,0.234,0.0,0.001,2025,49ers,rookie,0,Packers,rookie_deal,3700
Isaiah Neyor,WR,Packers,2026,1,0.885,0.885,0.0,0.003,2025,49ers,veteran,1,Packers,extension,3701
Isaiah Pead,RB,Rams,2012,4,4.0381,1.009525,2.34035,0.008,2012,Rams,rookie,0,Rams,rookie_deal,3702
Isaiah Pead,RB,Steelers,2015,1,0.585,0.585,0.0,0.004,2012,Rams,veteran,3,Rams,new_team_signing,3703
Isaiah Pead,RB,Dolphins,2016,1,0.675,0.675,0.0,0.004,2012,Rams,veteran,4,Steelers,new_team_signing,3704
Isaiah Searight,TE,Giants,2019,1,0.495,0.495,0.0,0.003,2019,Buccaneers,rookie,0,Giants,rookie_deal,3705
Isaiah Spiller,RB,Chargers,2022,4,4.396952,1.099238,0.736952,0.005,2022,Chargers,rookie,0,Chargers,rookie_deal,3706
Isaiah Spiller,RB,Chargers,2024,1,0.225,0.225,0.0,0.001,2022,Chargers,veteran,2,Chargers,extension,3707
Isaiah Spiller,RB,Raiders,2025,1,1.03,1.03,0.0,0.004,2022,Chargers,veteran,3,Chargers,new_team_signing,3708
Isaiah Washington,WR,Ravens,2024,3,2.835,0.945,0.005,0.004,2024,Ravens,rookie,0,Ravens,rookie_deal,3709
Isaiah Weston,WR,Browns,2022,3,2.585,0.861667,0.075,0.004,2022,Browns,rookie,0,Browns,rookie_deal,3710
Isaiah Williams,WR,Titans,2009,2,0.93,0.465,0.0,0.0,2009,Ravens,rookie,0,Titans,rookie_deal,3711
Isaiah Williams,WR,Lions,2024,3,2.845,0.948333,0.24,0.004,2024,Lions,rookie,0,Lions,rookie_deal,3712
Isaiah Williams,WR,Jets,2025,1,0.234,0.234,0.0,0.001,2024,Lions,veteran,1,Lions,new_team_signing,3713
Isaiah Winstead,WR,49ers,2023,1,0.216,0.216,0.0,0.001,2023,49ers,rookie,0,49ers,rookie_deal,3714
Isaiah Winstead,WR,Jets,2024,2,1.755,0.8775,0.0,0.003,2023,49ers,veteran,1,49ers,new_team_signing,3715
Isaiah Wooden,WR,Chargers,2024,1,0.795,0.795,0.0,0.003,2024,Falcons,rookie,0,Chargers,rookie_deal,3716
Isaiah Wooden,WR,Browns,2026,1,0.885,0.885,0.0,0.003,2024,Falcons,veteran,2,Chargers,new_team_signing,3717
Isaiah Wright,WR,Commanders,2020,3,2.29,0.763333,0.015,0.004,2020,Commanders,rookie,0,Commanders,rookie_deal,3718
Isaiah Zuber,WR,Patriots,2020,1,0.1428,0.1428,0.0,0.001,2020,Patriots,rookie,0,Patriots,rookie_deal,3719
Isaiah Zuber,WR,Browns,2021,1,0.1656,0.1656,0.0,0.001,2020,Patriots,veteran,1,Patriots,new_team_signing,3720
Isaiah Zuber,WR,Raiders,2022,1,0.207,0.207,0.0,0.001,2020,Patriots,veteran,2,Browns,new_team_signing,3721
Isaiah Zuber,WR,Raiders,2023,1,0.87,0.87,0.0,0.004,2020,Patriots,veteran,3,Raiders,extension,3722
Ishmael Hyman,WR,Buccaneers,2019,1,0.136,0.136,0.0,0.001,2019,Browns,rookie,0,Buccaneers,rookie_deal,3723
Ishmael Hyman,WR,Panthers,2020,1,0.1428,0.1428,0.0,0.001,2019,Browns,veteran,1,Buccaneers,new_team_signing,3724
Ishmael Hyman,WR,Panthers,2021,1,0.66,0.66,0.0,0.004,2019,Browns,veteran,2,Panthers,extension,3725
Ishmael Hyman,WR,Packers,2022,1,0.705,0.705,0.0,0.003,2019,Browns,veteran,3,Panthers,new_team_signing,3726
Ishmael Zamora,WR,Raiders,2017,3,1.665,0.555,0.0,0.003,2017,Raiders,rookie,0,Raiders,rookie_deal,3727
Isiah Ferguson,WR,Rams,2015,3,1.576,0.525333,0.001,0.004,2015,Rams,rookie,0,Rams,rookie_deal,3728
Isiah Pacheco,RB,Chiefs,2022,4,3.739108,0.934777,0.079108,0.004,2022,Chiefs,rookie,0,Chiefs,rookie_deal,3729
Isiah Pacheco,RB,Lions,2026,1,1.81,1.81,1.81,0.006,2022,Chiefs,veteran,4,Chiefs,new_team_signing,3730
Israel Abanikanda,RB,GB/NYJ/SF,2023,4,4.17638,1.044095,0.33638,0.005,2023,Jets,rookie,0,GB/NYJ/SF,rookie_deal,3731
Israel Abanikanda,RB,Packers,2025,1,0.234,0.234,0.0,0.001,2023,Jets,veteran,2,GB/NYJ/SF,new_team_signing,3732
Israel Abanikanda,RB,Cowboys,2026,2,2.265,1.1325,0.0,0.004,2023,Jets,veteran,3,Packers,new_team_signing,3733
Ito Smith,RB,Falcons,2018,4,3.080872,0.770218,0.620872,0.004,2018,Falcons,rookie,0,Falcons,rookie_deal,3734
Ito Smith,RB,Cowboys,2021,1,0.252,0.252,0.0,0.001,2018,Falcons,veteran,3,Falcons,new_team_signing,3735
Ito Smith,RB,Cowboys,2022,2,2.045,1.0225,0.0,0.005,2018,Falcons,veteran,4,Cowboys,extension,3736
Izaiah Gathings,WR,Chiefs,2023,1,0.216,0.216,0.0,0.001,2023,Jets,rookie,0,Chiefs,rookie_deal,3737
Izaiah Gathings,WR,Chiefs,2024,1,0.795,0.795,0.0,0.003,2023,Jets,veteran,1,Chiefs,extension,3738
J'Mar Smith,QB,Patriots,2020,3,2.29,0.763333,0.03,0.004,2020,Patriots,rookie,0,Patriots,rookie_deal,3739
J'Mari Taylor,RB,Jaguars,2026,3,3.13,1.043333,0.2775,0.003,2026,Jaguars,rookie,0,Jaguars,rookie_deal,3740
J'Mon Moore,WR,Packers,2018,4,2.912356,0.728089,0.452356,0.004,2018,Packers,rookie,0,Packers,rookie_deal,3741
J'Mon Moore,WR,Browns,2019,1,0.136,0.136,0.0,0.001,2018,Packers,veteran,1,Packers,new_team_signing,3742
J'Mon Moore,WR,Texans,2020,1,0.1428,0.1428,0.0,0.001,2018,Packers,veteran,2,Browns,new_team_signing,3743
J'Mon Moore,WR,Falcons,2021,1,0.78,0.78,0.0,0.004,2018,Packers,veteran,3,Texans,new_team_signing,3744
J. Michael Sturdivant,WR,Packers,2026,3,3.115,1.038333,0.215,0.003,2026,Packers,rookie,0,Packers,rookie_deal,3745
J.D. McKissic,WR,Seahawks,2016,2,0.99,0.495,0.0,0.003,2016,Falcons,rookie,0,Seahawks,rookie_deal,3746
J.D. McKissic,WR,Seahawks,2018,1,0.63,0.63,0.0,0.004,2016,Falcons,veteran,2,Seahawks,extension,3747
J.D. McKissic,WR,Lions,2019,1,0.72,0.72,0.0,0.004,2016,Falcons,veteran,3,Seahawks,new_team_signing,3748
J.D. McKissic,RB,Commanders,2020,2,3.27,1.635,1.0,0.008,2016,Falcons,veteran,4,Lions,new_team_signing,3749
J.D. McKissic,RB,Commanders,2022,2,7.0,3.5,3.645,0.017,2016,Falcons,veteran,6,Commanders,extension,3750
J.D. Moore,RB,Chiefs,2018,3,1.715,0.571667,0.005,0.003,2018,Chiefs,rookie,0,Chiefs,rookie_deal,3751
J.J. Arcega-Whiteside,WR,SEA/PHI,2019,4,4.951224,1.237806,2.835944,0.006999999999999999,2019,Eagles,rookie,0,SEA/PHI,rookie_deal,3752
J.J. Arcega-Whiteside,WR,Seahawks,2022,1,0.2772,0.2772,0.0,0.001,2019,Eagles,veteran,3,SEA/PHI,new_team_signing,3753
J.J. Arcega-Whiteside,WR,Falcons,2023,1,1.01,1.01,0.0,0.004,2019,Eagles,veteran,4,Seahawks,new_team_signing,3754
J.J. Galbreath,TE,Steelers,2025,1,0.234,0.234,0.0,0.001,2025,Steelers,rookie,0,Steelers,rookie_deal,3755
J.J. Galbreath,TE,Steelers,2026,1,0.885,0.885,0.0,0.003,2025,Steelers,veteran,1,Steelers,extension,3756
J.J. Jones,WR,Jets,2018,1,0.1292,0.1292,0.0,0.001,2018,Chargers,rookie,0,Jets,rookie_deal,3757
J.J. Jones,WR,Jaguars,2025,3,2.97,0.99,0.005,0.004,2025,Jaguars,rookie,0,Jaguars,rookie_deal,3758
J.J. Koski,WR,Rams,2020,1,0.1428,0.1428,0.0,0.001,2020,Rams,rookie,0,Rams,rookie_deal,3759
J.J. Koski,WR,Rams,2021,1,0.1656,0.1656,0.0,0.001,2020,Rams,veteran,1,Rams,extension,3760
J.J. Koski,WR,Rams,2022,2,1.765,0.8825,0.0,0.004,2020,Rams,veteran,2,Rams,extension,3761
J.J. Koski,WR,Broncos,2023,1,0.87,0.87,0.0,0.004,2020,Rams,veteran,3,Rams,new_team_signing,3762
J.J. Laap,WR,Rams,2024,3,2.832,0.944,0.002,0.004,2024,Rams,rookie,0,Rams,rookie_deal,3763
J.J. McCarthy,QB,Vikings,2024,4,21.854796,5.463699,21.854796,0.021,2024,Vikings,rookie,0,Vikings,rookie_deal,3764
J.J. Nelson,WR,Cardinals,2015,4,2.4898,0.62245,0.2098,0.004,2015,Cardinals,rookie,0,Cardinals,rookie_deal,3765
J.J. Nelson,WR,Raiders,2019,1,1.0,1.0,0.075,0.005,2015,Cardinals,veteran,4,Cardinals,new_team_signing,3766
J.J. Nelson,WR,Bills,2020,1,0.204,0.204,0.0,0.001,2015,Cardinals,veteran,5,Raiders,new_team_signing,3767
J.J. Nelson,WR,Colts,2021,1,0.99,0.99,0.0,0.005,2015,Cardinals,veteran,6,Bills,new_team_signing,3768
J.J. Taylor,RB,Patriots,2020,1,0.1428,0.1428,0.0,0.001,2020,Patriots,rookie,0,Patriots,rookie_deal,3769
J.J. Taylor,RB,Patriots,2022,1,0.207,0.207,0.0,0.001,2020,Patriots,veteran,2,Patriots,extension,3770
J.J. Taylor,RB,Texans,2023,1,0.216,0.216,0.0,0.001,2020,Patriots,veteran,3,Patriots,new_team_signing,3771
J.J. Taylor,RB,Texans,2024,1,0.225,0.225,0.0,0.001,2020,Patriots,veteran,4,Texans,extension,3772
J.J. Taylor,RB,Texans,2025,1,1.1,1.1,0.0,0.004,2020,Patriots,veteran,5,Texans,extension,3773
J.K. Dobbins,RB,Ravens,2020,4,5.729438,1.43236,3.207293,0.006999999999999999,2020,Ravens,rookie,0,Ravens,rookie_deal,3774
J.K. Dobbins,RB,Chargers,2024,1,1.61,1.61,0.05,0.006,2020,Ravens,veteran,4,Ravens,new_team_signing,3775
J.K. Dobbins,RB,Broncos,2025,1,2.065,2.065,2.065,0.006999999999999999,2020,Ravens,veteran,5,Chargers,new_team_signing,3776
J.K. Dobbins,RB,Broncos,2026,2,16.0,8.0,0.0,0.027000000000000003,2020,Ravens,veteran,6,Broncos,extension,3777
J.P. Holtz,TE,Commanders,2018,1,0.1292,0.1292,0.0,0.001,2016,Browns,veteran,2,Browns,new_team_signing,3778
J.P. Holtz,TE,Commanders,2019,1,0.136,0.136,0.0,0.001,2016,Browns,veteran,3,Commanders,extension,3779
J.P. Holtz,TE,Bears,2020,1,0.675,0.675,0.0,0.003,2016,Browns,veteran,4,Commanders,new_team_signing,3780
J.P. Holtz,TE,Bears,2021,1,0.85,0.85,0.0,0.005,2016,Browns,veteran,5,Bears,extension,3781
J.P. Holtz,TE,Saints,2022,1,0.306,0.306,0.0,0.001,2016,Browns,veteran,6,Bears,new_team_signing,3782
J.P. Holtz,TE,Saints,2023,1,0.315,0.315,0.0,0.001,2016,Browns,veteran,7,Saints,extension,3783
J.P. Richardson,WR,Bears,2025,1,0.234,0.234,0.0,0.001,2025,Bears,rookie,0,Bears,rookie_deal,3784
J.P. Richardson,WR,Bears,2026,1,0.885,0.885,0.0,0.003,2025,Bears,veteran,1,Bears,extension,3785
J.T. Barrett,QB,Saints,2018,1,0.1292,0.1292,0.0,0.001,2018,Saints,rookie,0,Saints,rookie_deal,3786
J.T. Barrett,QB,Steelers,2019,1,0.136,0.136,0.0,0.001,2018,Saints,veteran,1,Saints,new_team_signing,3787
J.T. Barrett,QB,Steelers,2020,1,0.51,0.51,0.0,0.003,2018,Saints,veteran,2,Steelers,extension,3788
JJ Howland,TE,Buccaneers,2022,1,0.207,0.207,0.0,0.001,2022,Buccaneers,rookie,0,Buccaneers,rookie_deal,3789
JJ Weaver,WR,Panthers,2025,3,2.965,0.988333,0.0,0.004,2025,Panthers,rookie,0,Panthers,rookie_deal,3790
Ja'Corey Brooks,WR,Commanders,2025,1,0.234,0.234,0.0,0.001,2025,Commanders,rookie,0,Commanders,rookie_deal,3791
Ja'Corey Brooks,WR,Commanders,2026,1,0.885,0.885,0.0,0.003,2025,Commanders,veteran,1,Commanders,extension,3792
Ja'Kobi Lane,WR,Ravens,2026,4,7.02908,1.75727,1.572056,0.006,2026,Ravens,rookie,0,Ravens,rookie_deal,3793
Ja'Lynn Polk,WR,NE/NO,2024,4,9.694744,2.423686,8.214275,0.009000000000000001,2024,Patriots,rookie,0,NE/NO,rookie_deal,3794
Ja'Marcus Bradley,WR,Browns,2020,1,0.1428,0.1428,0.0,0.001,2020,Browns,rookie,0,Browns,rookie_deal,3795
Ja'Marcus Bradley,WR,Browns,2021,1,0.1656,0.1656,0.0,0.001,2020,Browns,veteran,1,Browns,extension,3796
Ja'Marcus Bradley,WR,Steelers,2022,1,0.207,0.207,0.0,0.001,2020,Browns,veteran,2,Browns,new_team_signing,3797
Ja'Marcus Bradley,WR,Steelers,2023,1,0.94,0.94,0.0,0.004,2020,Browns,veteran,3,Steelers,extension,3798
Ja'Marr Chase,WR,Bengals,2021,4,30.819642,7.704911,30.819642,0.042,2021,Bengals,rookie,0,Bengals,rookie_deal,3799
Ja'Marr Chase,WR,Bengals,2025,4,161.0,40.25,73.9,0.14400000000000002,2021,Bengals,veteran,4,Bengals,extension,3800
Ja'Mori Maclin,WR,Bills,2026,3,3.115,1.038333,0.015,0.003,2026,Bills,rookie,0,Bills,rookie_deal,3801
Ja'Quan Gardner,RB,49ers,2018,3,1.71,0.57,0.0,0.003,2018,,rookie,0,49ers,rookie_deal,3802
Ja'Quinden Jackson,RB,Jaguars,2025,1,0.234,0.234,0.0,0.001,2025,Jaguars,rookie,0,Jaguars,rookie_deal,3803
Ja'Quinden Jackson,RB,Jaguars,2026,1,0.885,0.885,0.0,0.003,2025,Jaguars,veteran,1,Jaguars,extension,3804
Ja'Tavion Sanders,TE,Panthers,2024,4,5.044236,1.261059,0.874236,0.005,2024,Panthers,rookie,0,Panthers,rookie_deal,3805
JaMarcus Russell,QB,Raiders,2007,6,61.0,10.166667,29.01912,0.09300000000000001,2007,Raiders,rookie,0,Raiders,rookie_deal,3806
JaMycal Hasty,RB,49ers,2020,1,0.1428,0.1428,0.0,0.001,2020,49ers,rookie,0,49ers,rookie_deal,3807
JaMycal Hasty,RB,49ers,2022,1,0.895,0.895,0.0,0.004,2020,49ers,veteran,2,49ers,extension,3808
JaMycal Hasty,RB,Jaguars,2023,2,2.9,1.45,0.3,0.006,2020,49ers,veteran,3,49ers,new_team_signing,3809
JaMycal Hasty,RB,Dolphins,2025,1,0.315,0.315,0.0,0.001,2020,49ers,veteran,5,Jaguars,new_team_signing,3810
JaQuae Jackson,WR,Patriots,2024,1,0.795,0.795,0.0,0.003,2024,Falcons,rookie,0,Patriots,rookie_deal,3811
JaQuae Jackson,WR,Chargers,2025,1,0.234,0.234,0.0,0.001,2024,Falcons,veteran,1,Patriots,new_team_signing,3812
JaQuae Jackson,WR,Chargers,2026,1,0.885,0.885,0.0,0.003,2024,Falcons,veteran,2,Chargers,extension,3813
JaQuan Hardy,RB,Cowboys,2021,1,0.1656,0.1656,0.0,0.001,2021,Cowboys,rookie,0,Cowboys,rookie_deal,3814
JaQuan Hardy,RB,Broncos,2022,1,0.825,0.825,0.0,0.004,2021,Cowboys,veteran,1,Cowboys,new_team_signing,3815
JaVonta Payton,WR,Cardinals,2022,1,0.207,0.207,0.0,0.001,2022,Cardinals,rookie,0,Cardinals,rookie_deal,3816
Jaaron Hayek,WR,Chiefs,2024,3,2.83,0.943333,0.0,0.004,2024,Chiefs,rookie,0,Chiefs,rookie_deal,3817
Jabari Small,RB,Titans,2024,1,0.225,0.225,0.0,0.001,2024,Titans,rookie,0,Titans,rookie_deal,3818
Jabari Small,RB,Lions,2025,1,0.234,0.234,0.0,0.001,2024,Titans,veteran,1,Titans,new_team_signing,3819
Jabari Small,RB,Lions,2026,1,0.885,0.885,0.0,0.003,2024,Titans,veteran,2,Lions,extension,3820
Jacardia Wright,RB,Seahawks,2025,1,0.234,0.234,0.0,0.001,2025,Seahawks,rookie,0,Seahawks,rookie_deal,3821
Jacardia Wright,RB,Seahawks,2026,1,0.885,0.885,0.0,0.003,2025,Seahawks,veteran,1,Seahawks,extension,3822
Jace Amaro,TE,Titans,2014,4,4.292996,1.073249,2.447316,0.008,2014,Jets,rookie,0,Titans,rookie_deal,3823
Jace Amaro,TE,Chiefs,2018,1,0.63,0.63,0.0,0.004,2014,Jets,veteran,4,Titans,new_team_signing,3824
Jace Billingsley,WR,Lions,2016,3,1.47,0.49,0.0,0.003,2016,Lions,rookie,0,Lions,rookie_deal,3825
Jace Billingsley,WR,Lions,2017,1,0.1445,0.1445,0.0,0.001,2016,Lions,veteran,1,Lions,extension,3826
Jace Billingsley,WR,Patriots,2018,1,0.1292,0.1292,0.0,0.001,2016,Lions,veteran,2,Lions,new_team_signing,3827
Jace Sternberger,TE,Packers,2019,4,3.865528,0.966382,1.006528,0.005,2019,Packers,rookie,0,Packers,rookie_deal,3828
Jace Sternberger,TE,Seahawks,2021,1,0.1656,0.1656,0.0,0.001,2019,Packers,veteran,2,Packers,new_team_signing,3829
Jace Sternberger,TE,Steelers,2022,1,0.965,0.965,0.0,0.005,2019,Packers,veteran,3,Seahawks,new_team_signing,3830
Jace Sternberger,TE,Bills,2023,1,1.01,1.01,0.0,0.004,2019,Packers,veteran,4,Steelers,new_team_signing,3831
Jack Bech,WR,Raiders,2025,4,7.558822,1.889706,5.077207,0.006999999999999999,2025,Raiders,rookie,0,Raiders,rookie_deal,3832
Jack Coan,QB,Colts,2022,3,2.565,0.855,0.06,0.004,2022,Colts,rookie,0,Colts,rookie_deal,3833
Jack Doyle,TE,Colts,2013,3,1.49,0.496667,0.005,0.004,2013,Titans,rookie,0,Colts,rookie_deal,3834
Jack Doyle,TE,Colts,2016,1,1.671,1.671,0.0,0.011000000000000001,2013,Titans,veteran,3,Colts,extension,3835
Jack Doyle,TE,Colts,2017,3,18.9,6.3,7.5,0.038,2013,Titans,veteran,4,Colts,extension,3836
Jack Doyle,TE,Colts,2019,3,21.3,7.1,10.25,0.038,2013,Titans,veteran,6,Colts,extension,3837
Jack Endries,TE,Bengals,2026,4,4.551016,1.137754,0.171016,0.004,2026,Bengals,rookie,0,Bengals,rookie_deal,3838
Jack Heneghan,QB,49ers,2018,3,1.71,0.57,0.0,0.003,2018,,rookie,0,49ers,rookie_deal,3839
Jack Plummer,QB,Panthers,2024,1,0.225,0.225,0.0,0.001,2024,Panthers,rookie,0,Panthers,rookie_deal,3840
Jack Sorenson,WR,Bengals,2022,3,2.561,0.853667,0.001,0.004,2022,Bengals,rookie,0,Bengals,rookie_deal,3841
Jack Stoll,TE,Eagles,2021,3,2.4475,0.815833,0.1225,0.004,2021,Eagles,rookie,0,Eagles,rookie_deal,3842
Jack Stoll,TE,Eagles,2024,1,0.3024,0.3024,0.0,0.001,2021,Eagles,veteran,3,Eagles,extension,3843
Jack Stoll,TE,Saints,2025,1,0.342,0.342,0.0,0.001,2021,Eagles,veteran,4,Eagles,new_team_signing,3844
Jack Stoll,TE,Browns,2026,1,1.315,1.315,0.0,0.004,2021,Eagles,veteran,5,Saints,new_team_signing,3845
Jack Strand,QB,Falcons,2026,3,3.115,1.038333,0.2625,0.003,2026,Falcons,rookie,0,Falcons,rookie_deal,3846
Jack Tabb,TE,Saints,2015,3,1.578,0.526,0.003,0.004,2015,Saints,rookie,0,Saints,rookie_deal,3847
Jack Velling,TE,Falcons,2026,3,3.11,1.036667,0.01,0.003,2026,Falcons,rookie,0,Falcons,rookie_deal,3848
Jack Westover,TE,Patriots,2024,1,0.225,0.225,0.0,0.001,2024,Seahawks,rookie,0,Patriots,rookie_deal,3849
Jack Westover,TE,Patriots,2026,1,1.075,1.075,0.0,0.004,2024,Seahawks,veteran,2,Patriots,extension,3850
Jackson Harris,TE,Seahawks,2019,3,1.755,0.585,0.0,0.003,2019,Seahawks,rookie,0,Seahawks,rookie_deal,3851
Jackson Hawes,TE,Bills,2025,4,4.520216,1.130054,0.320216,0.004,2025,Bills,rookie,0,Bills,rookie_deal,3852
Jackson Meeks,WR,Lions,2025,1,0.234,0.234,0.0,0.001,2025,Lions,rookie,0,Lions,rookie_deal,3853
Jackson Meeks,WR,Lions,2026,1,0.885,0.885,0.0,0.003,2025,Lions,veteran,1,Lions,extension,3854
Jacob Breeland,TE,Ravens,2020,3,2.3,0.766667,0.065,0.004,2020,Ravens,rookie,0,Ravens,rookie_deal,3855
Jacob Clark,QB,Raiders,2026,3,3.11,1.036667,0.01,0.003,2026,Raiders,rookie,0,Raiders,rookie_deal,3856
Jacob Copeland,WR,Steelers,2023,1,0.216,0.216,0.0,0.001,2023,Titans,rookie,0,Steelers,rookie_deal,3857
Jacob Copeland,WR,Chiefs,2024,1,0.795,0.795,0.0,0.003,2023,Titans,veteran,1,Steelers,new_team_signing,3858
Jacob Cowing,WR,49ers,2024,4,4.548716,1.137177,0.528708,0.004,2024,49ers,rookie,0,49ers,rookie_deal,3859
Jacob De Jesus,WR,Chiefs,2026,3,3.1,1.033333,0.0,0.003,2026,Chiefs,rookie,0,Chiefs,rookie_deal,3860
Jacob Dolegala,QB,Bengals,2019,3,1.76,0.586667,0.005,0.003,2019,Bengals,rookie,0,Bengals,rookie_deal,3861
Jacob Dolegala,QB,Patriots,2020,1,0.1428,0.1428,0.0,0.001,2019,Bengals,veteran,1,Bengals,new_team_signing,3862
Jacob Dolegala,QB,Dolphins,2021,1,0.1656,0.1656,0.0,0.001,2019,Bengals,veteran,2,Patriots,new_team_signing,3863
Jacob Eason,QB,SEA/IND,2020,4,4.027264,1.006816,0.732264,0.005,2020,Colts,rookie,0,SEA/IND,rookie_deal,3864
Jacob Eason,QB,SF/CAR,2022,1,0.207,0.207,0.0,0.001,2020,Colts,veteran,2,SEA/IND,new_team_signing,3865
Jacob Eason,QB,Giants,2023,1,0.216,0.216,0.0,0.001,2020,Colts,veteran,3,SF/CAR,new_team_signing,3866
Jacob Eason,QB,Packers,2024,1,0.985,0.985,0.0,0.004,2020,Colts,veteran,4,Giants,new_team_signing,3867
Jacob Harris,TE,Rams,2021,4,3.979344,0.994836,0.499344,0.005,2021,Rams,rookie,0,Rams,rookie_deal,3868
Jacob Harris,WR,Rams,2022,1,0.207,0.207,0.0,0.001,2021,Rams,veteran,1,Rams,extension,3869
Jacob Harris,WR,Jaguars,2023,1,0.216,0.216,0.0,0.001,2021,Rams,veteran,2,Rams,new_team_signing,3870
Jacob Harris,WR,Eagles,2024,2,2.11,1.055,0.025,0.004,2021,Rams,veteran,3,Jaguars,new_team_signing,3871
Jacob Harris,WR,Buccaneers,2025,1,1.03,1.03,0.0,0.004,2021,Rams,veteran,4,Eagles,new_team_signing,3872
Jacob Hollister,TE,Patriots,2017,3,1.675,0.558333,0.09,0.003,2017,Patriots,rookie,0,Patriots,rookie_deal,3873
Jacob Hollister,TE,Seahawks,2019,1,0.136,0.136,0.0,0.001,2017,Patriots,veteran,2,Patriots,new_team_signing,3874
Jacob Hollister,TE,Seahawks,2020,1,3.259,3.259,0.0,0.016,2017,Patriots,veteran,3,Seahawks,extension,3875
Jacob Hollister,TE,Jaguars,2021,1,0.99,0.99,0.0,0.005,2017,Patriots,veteran,4,Seahawks,new_team_signing,3876
Jacob Hollister,TE,Seahawks,2022,1,0.2772,0.2772,0.0,0.001,2017,Patriots,veteran,5,Jaguars,new_team_signing,3877
Jacob Hollister,TE,Raiders,2023,1,1.08,1.08,0.0,0.005,2017,Patriots,veteran,6,Seahawks,new_team_signing,3878
Jacob Hollister,TE,Panthers,2024,1,1.125,1.125,0.0,0.004,2017,Patriots,veteran,7,Raiders,new_team_signing,3879
Jacob Kibodi,RB,Saints,2024,1,0.225,0.225,0.0,0.001,2024,Saints,rookie,0,Saints,rookie_deal,3880
Jacob Pedersen,TE,Falcons,2014,4,1.53,0.51,0.0,0.0,2014,Falcons,rookie,0,Falcons,rookie_deal,3881
Jacob Saylors,RB,Falcons,2023,1,0.216,0.216,0.0,0.001,2023,Bengals,rookie,0,Falcons,rookie_deal,3882
Jacob Saylors,RB,Giants,2024,1,0.795,0.795,0.0,0.003,2023,Bengals,veteran,1,Falcons,new_team_signing,3883
Jacob Saylors,RB,Lions,2025,1,0.234,0.234,0.0,0.001,2023,Bengals,veteran,2,Giants,new_team_signing,3884
Jacob Saylors,RB,Lions,2026,1,1.005,1.005,0.0,0.003,2023,Bengals,veteran,3,Lions,extension,3885
Jacob Sirmon,QB,Browns,2024,3,2.83,0.943333,0.0,0.004,2024,Browns,rookie,0,Browns,rookie_deal,3886
Jacob Tamme,TE,Colts,2008,4,2.126572,0.531643,0.421572,0.005,2008,Colts,rookie,0,Colts,rookie_deal,3887
Jacob Tamme,TE,Broncos,2012,3,8.0,2.666667,3.5,0.022000000000000002,2008,Colts,veteran,4,Colts,new_team_signing,3888
Jacob Tamme,TE,Broncos,2014,1,1.7,1.7,0.0,0.013000000000000001,2008,Colts,veteran,6,Broncos,extension,3889
Jacob Tamme,TE,Falcons,2015,2,3.2,1.6,0.4,0.011000000000000001,2008,Colts,veteran,7,Broncos,new_team_signing,3890
Jacob Warren,TE,Patriots,2024,3,2.84,0.946667,0.035,0.004,2024,Patriots,rookie,0,Patriots,rookie_deal,3891
Jacoby Brissett,QB,NE/IND,2016,4,3.410832,0.852708,0.680604,0.005,2016,Patriots,rookie,0,NE/IND,rookie_deal,3892
Jacoby Brissett,QB,Colts,2019,1,27.975,27.975,20.0,0.149,2016,Patriots,veteran,3,NE/IND,new_team_signing,3893
Jacoby Brissett,QB,Dolphins,2021,1,5.0,5.0,5.0,0.027000000000000003,2016,Patriots,veteran,5,Colts,new_team_signing,3894
Jacoby Brissett,QB,Browns,2022,1,4.65,4.65,4.5,0.022000000000000002,2016,Patriots,veteran,6,Dolphins,new_team_signing,3895
Jacoby Brissett,QB,Commanders,2023,1,8.0,8.0,7.5,0.036000000000000004,2016,Patriots,veteran,7,Browns,new_team_signing,3896
Jacoby Brissett,QB,Patriots,2024,1,8.0,8.0,6.5,0.031,2016,Patriots,veteran,8,Commanders,new_team_signing,3897
Jacoby Brissett,QB,Cardinals,2025,2,12.5,6.25,6.5,0.022000000000000002,2016,Patriots,veteran,9,Patriots,new_team_signing,3898
Jacoby Ford,WR,Titans,2010,1,0.66,0.66,0.0,0.0,2010,Raiders,rookie,0,Titans,rookie_deal,3899
Jacoby Jones,WR,Texans,2007,4,2.442111,0.610528,0.777111,0.006,2007,Texans,rookie,0,Texans,rookie_deal,3900
Jacoby Jones,WR,Texans,2011,3,10.5,3.5,1.5,0.028999999999999998,2007,Texans,veteran,4,Texans,extension,3901
Jacoby Jones,WR,Ravens,2012,2,6.5,3.25,1.8,0.027000000000000003,2007,Texans,veteran,5,Texans,new_team_signing,3902
Jacoby Jones,WR,Ravens,2014,4,12.0,3.0,3.5,0.023,2007,Texans,veteran,7,Ravens,extension,3903
Jacoby Jones,WR,PIT/LAC,2015,2,5.5,2.75,1.6,0.019,2007,Texans,veteran,8,Ravens,new_team_signing,3904
Jacoby Jones,WR,Commanders,2025,1,0.234,0.234,0.0,0.001,2025,Commanders,rookie,0,Commanders,rookie_deal,3905
Jacoby Jones,WR,Commanders,2026,1,0.885,0.885,0.0,0.003,2025,Commanders,veteran,1,Commanders,extension,3906
Jacolby George,WR,Panthers,2025,3,2.9725,0.990833,0.2575,0.004,2025,Panthers,rookie,0,Panthers,rookie_deal,3907
Jacory Croskey-Merritt,RB,Commanders,2025,4,4.305428,1.076357,0.105428,0.004,2025,Commanders,rookie,0,Commanders,rookie_deal,3908
Jacques Patrick,RB,Bengals,2020,1,0.1428,0.1428,0.0,0.001,2020,Bengals,rookie,0,Bengals,rookie_deal,3909
Jacques Patrick,RB,Panthers,2021,1,0.1656,0.1656,0.0,0.001,2020,Bengals,veteran,1,Bengals,new_team_signing,3910
Jacques Patrick,RB,Bengals,2022,1,0.825,0.825,0.0,0.004,2020,Bengals,veteran,2,Panthers,new_team_signing,3911
Jacques Patrick,RB,Jets,2023,1,0.216,0.216,0.0,0.001,2020,Bengals,veteran,3,Bengals,new_team_signing,3912
Jacques Patrick,RB,Jets,2024,2,1.945,0.9725,0.0,0.004,2020,Bengals,veteran,4,Jets,extension,3913
Jacquizz Rodgers,RB,Falcons,2011,4,2.231,0.55775,0.191,0.005,2011,Falcons,rookie,0,Falcons,rookie_deal,3914
Jacquizz Rodgers,RB,Bears,2015,1,0.785,0.785,0.0,0.005,2011,Falcons,veteran,4,Falcons,new_team_signing,3915
Jacquizz Rodgers,RB,Buccaneers,2016,1,0.76,0.76,0.0,0.005,2011,Falcons,veteran,5,Bears,new_team_signing,3916
Jacquizz Rodgers,RB,Buccaneers,2017,2,3.3,1.65,0.6,0.01,2011,Falcons,veteran,6,Buccaneers,extension,3917
Jacquizz Rodgers,RB,Saints,2019,1,0.93,0.93,0.0,0.005,2011,Falcons,veteran,8,Buccaneers,new_team_signing,3918
Jadakis Bonds,WR,Packers,2023,3,2.695,0.898333,0.0,0.004,2023,Packers,rookie,0,Packers,rookie_deal,3919
Jadarian Price,RB,Seahawks,2026,4,16.783748,4.195937,16.783748,0.013999999999999999,2026,Seahawks,rookie,0,Seahawks,rookie_deal,3920
Jaden Bradley,WR,Commanders,2026,3,3.11,1.036667,0.055,0.003,2026,Commanders,rookie,0,Commanders,rookie_deal,3921
Jaden Nixon,RB,Packers,2026,3,3.115,1.038333,0.015,0.003,2026,Packers,rookie,0,Packers,rookie_deal,3922
Jaden Shirden,RB,Panthers,2024,1,0.795,0.795,0.0,0.003,2024,Panthers,rookie,0,Panthers,rookie_deal,3923
Jaden Smith,WR,Buccaneers,2025,3,2.965,0.988333,0.0,0.004,2025,Buccaneers,rookie,0,Buccaneers,rookie_deal,3924
Jaden Smith,WR,Cowboys,2026,2,1.935,0.9675,0.0,0.003,2025,Buccaneers,veteran,1,Buccaneers,new_team_signing,3925
Jadon Haselwood,WR,Eagles,2023,3,2.7075,0.9025,0.1275,0.004,2023,Eagles,rookie,0,Eagles,rookie_deal,3926
Jadon Janke,WR,Dolphins,2024,1,0.795,0.795,0.0,0.003,2024,Texans,rookie,0,Dolphins,rookie_deal,3927
Jadon Janke,WR,Packers,2025,1,0.84,0.84,0.0,0.003,2024,Texans,veteran,1,Dolphins,new_team_signing,3928
Jaeden Graham,TE,Falcons,2018,1,0.1292,0.1292,0.0,0.001,2018,Falcons,rookie,0,Falcons,rookie_deal,3929
Jaeden Graham,TE,Falcons,2019,2,1.08,0.54,0.0,0.003,2018,Falcons,veteran,1,Falcons,extension,3930
Jaeden Graham,TE,Falcons,2021,1,0.85,0.85,0.0,0.005,2018,Falcons,veteran,3,Falcons,extension,3931
Jaeden Graham,TE,Eagles,2022,1,0.895,0.895,0.0,0.004,2018,Falcons,veteran,4,Falcons,new_team_signing,3932
Jaelen Gill,WR,Browns,2024,1,0.225,0.225,0.0,0.001,2024,Chargers,rookie,0,Browns,rookie_deal,3933
Jaelen Gill,WR,Browns,2025,1,0.84,0.84,0.0,0.003,2024,Chargers,veteran,1,Browns,extension,3934
Jaelen Strong,WR,HOU/JAX,2015,4,3.28135,0.820338,0.771984,0.006,2015,Texans,rookie,0,HOU/JAX,rookie_deal,3935
Jaelen Strong,WR,Jaguars,2017,1,0.684998,0.684998,0.0,0.004,2015,Texans,veteran,2,HOU/JAX,new_team_signing,3936
Jaelen Strong,WR,Browns,2019,1,0.72,0.72,0.0,0.004,2015,Texans,veteran,4,Jaguars,new_team_signing,3937
Jaelin Robinson,TE,Falcons,2019,3,1.759,0.586333,0.004,0.003,2019,Falcons,rookie,0,Falcons,rookie_deal,3938
Jaelon Acklin,WR,Ravens,2018,3,1.715,0.571667,0.005,0.003,2018,Ravens,rookie,0,Ravens,rookie_deal,3939
Jaelon Darden,WR,TB/CLE,2021,4,4.1779,1.044475,0.6979,0.006,2021,Buccaneers,rookie,0,TB/CLE,rookie_deal,3940
Jaelon Darden,WR,Browns,2023,1,0.216,0.216,0.0,0.001,2021,Buccaneers,veteran,2,TB/CLE,new_team_signing,3941
Jaelon Darden,WR,Browns,2024,1,0.225,0.225,0.0,0.001,2021,Buccaneers,veteran,3,Browns,extension,3942
Jahad Thomas,RB,Jets,2017,1,0.1224,0.1224,0.0,0.001,2017,Cowboys,rookie,0,Jets,rookie_deal,3943
Jahan Dotson,WR,WAS/PHI,2022,4,15.048356,3.762089,15.048356,0.018000000000000002,2022,Commanders,rookie,0,WAS/PHI,rookie_deal,3944
Jahan Dotson,WR,Falcons,2026,2,15.0,7.5,10.0,0.025,2022,Commanders,veteran,4,WAS/PHI,new_team_signing,3945
Jahdae Walker,WR,Bears,2025,3,2.985,0.995,0.17,0.004,2025,Bears,rookie,0,Bears,rookie_deal,3946
Jaheim Bell,TE,Patriots,2024,4,4.126592,1.031648,0.106592,0.004,2024,Patriots,rookie,0,Patriots,rookie_deal,3947
Jaheim Bell,TE,Eagles,2025,1,0.234,0.234,0.0,0.001,2024,Patriots,veteran,1,Patriots,new_team_signing,3948
Jaheim Bell,TE,Steelers,2026,1,1.005,1.005,0.0,0.003,2024,Patriots,veteran,2,Eagles,new_team_signing,3949
Jahmal Banks,WR,Ravens,2025,3,2.972,0.990667,0.007,0.004,2025,Ravens,rookie,0,Ravens,rookie_deal,3950
Jahmyr Gibbs,RB,Lions,2023,4,17.845138,4.461285,17.845138,0.02,2023,Lions,rookie,0,Lions,rookie_deal,3951
Jai'Onte McMillan,WR,Colts,2026,3,3.1,1.033333,0.0,0.003,2026,Colts,rookie,0,Colts,rookie_deal,3952
Jaivon Heiligh,WR,Bengals,2022,3,2.5775,0.859167,0.0175,0.004,2022,Bengals,rookie,0,Bengals,rookie_deal,3953
Jake Ballard,TE,Cardinals,2010,1,0.795,0.795,0.065,0.0,2010,Giants,rookie,0,Cardinals,rookie_deal,3954
Jake Bargas,TE,Vikings,2020,1,0.1428,0.1428,0.0,0.001,2020,Vikings,rookie,0,Vikings,rookie_deal,3955
Jake Bargas,TE,Vikings,2021,1,0.1656,0.1656,0.0,0.001,2020,Vikings,veteran,1,Vikings,extension,3956
Jake Bargas,TE,Dolphins,2022,1,0.207,0.207,0.0,0.001,2020,Vikings,veteran,2,Vikings,new_team_signing,3957
Jake Bargas,TE,Saints,2023,1,0.75,0.75,0.0,0.003,2020,Vikings,veteran,3,Dolphins,new_team_signing,3958
Jake Bobo,WR,Seahawks,2023,3,2.705,0.901667,0.01,0.004,2023,Seahawks,rookie,0,Seahawks,rookie_deal,3959
Jake Bobo,WR,Seahawks,2026,2,5.5,2.75,4.5,0.009000000000000001,2023,Seahawks,veteran,3,Seahawks,extension,3960
Jake Briningstool,TE,Chiefs,2025,3,2.995,0.998333,0.264,0.004,2025,Chiefs,rookie,0,Chiefs,rookie_deal,3961
Jake Browning,QB,Vikings,2019,1,0.17,0.17,0.0,0.001,2019,Vikings,rookie,0,Vikings,rookie_deal,3962
Jake Browning,QB,Vikings,2020,1,0.1428,0.1428,0.0,0.001,2019,Vikings,veteran,1,Vikings,extension,3963
Jake Browning,QB,Bengals,2021,1,0.1656,0.1656,0.0,0.001,2019,Vikings,veteran,2,Vikings,new_team_signing,3964
Jake Browning,QB,Bengals,2022,1,0.207,0.207,0.0,0.001,2019,Vikings,veteran,3,Bengals,extension,3965
Jake Browning,QB,Bengals,2023,1,0.75,0.75,0.0,0.003,2019,Vikings,veteran,4,Bengals,extension,3966
Jake Browning,QB,Bengals,2024,2,1.945,0.9725,0.0,0.004,2019,Vikings,veteran,5,Bengals,extension,3967
Jake Browning,QB,Buccaneers,2026,1,1.3325,1.3325,0.4,0.004,2019,Vikings,veteran,7,Bengals,new_team_signing,3968
Jake Burt,TE,Patriots,2020,1,0.1428,0.1428,0.0,0.001,2020,Patriots,rookie,0,Patriots,rookie_deal,3969
Jake Butt,TE,Broncos,2017,4,2.700948,0.675237,0.300948,0.004,2017,Broncos,rookie,0,Broncos,rookie_deal,3970
Jake Butt,TE,Bears,2021,1,0.85,0.85,0.0,0.005,2017,Broncos,veteran,4,Broncos,new_team_signing,3971
Jake Byrne,TE,Chargers,2012,2,0.9,0.45,0.0,0.0,2012,Saints,rookie,0,Chargers,rookie_deal,3972
Jake Byrne,TE,Texans,2013,1,0.0,0.0,0.0,0.0,2012,Saints,veteran,1,Chargers,new_team_signing,3973
Jake Coker,QB,Cardinals,2016,3,1.62,0.54,0.0,0.003,2016,Cardinals,rookie,0,Cardinals,rookie_deal,3974
Jake Ferguson,TE,Cowboys,2022,4,4.36488,1.09122,0.70488,0.005,2022,Cowboys,rookie,0,Cowboys,rookie_deal,3975
Jake Ferguson,TE,Cowboys,2025,4,50.0,12.5,20.656,0.045,2022,Cowboys,veteran,3,Cowboys,extension,3976
Jake Fromm,QB,Bills,2020,4,3.59796,0.89949,0.30296,0.005,2020,Bills,rookie,0,Bills,rookie_deal,3977
Jake Fromm,QB,Bills,2021,1,0.1656,0.1656,0.0,0.001,2020,Bills,veteran,1,Bills,extension,3978
Jake Fromm,QB,Commanders,2022,1,0.207,0.207,0.0,0.001,2020,Bills,veteran,2,Bills,new_team_signing,3979
Jake Fromm,QB,Commanders,2023,1,0.216,0.216,0.0,0.001,2020,Bills,veteran,3,Commanders,extension,3980
Jake Fromm,QB,Lions,2024,1,0.225,0.225,0.0,0.001,2020,Bills,veteran,4,Commanders,new_team_signing,3981
Jake Fromm,QB,Lions,2025,1,1.03,1.03,0.0,0.004,2020,Bills,veteran,5,Lions,extension,3982
Jake Funk,RB,Rams,2021,4,3.588228,0.897057,0.108228,0.005,2021,Rams,rookie,0,Rams,rookie_deal,3983
Jake Funk,RB,Saints,2022,1,0.207,0.207,0.0,0.001,2021,Rams,veteran,1,Rams,new_team_signing,3984
Jake Funk,RB,Dolphins,2023,1,0.216,0.216,0.0,0.001,2021,Rams,veteran,2,Saints,new_team_signing,3985
Jake Funk,RB,Jaguars,2024,1,0.225,0.225,0.0,0.001,2021,Rams,veteran,3,Dolphins,new_team_signing,3986
Jake Haener,QB,Saints,2023,4,4.544812,1.136203,0.704812,0.005,2023,Saints,rookie,0,Saints,rookie_deal,3987
Jake Haener,QB,Saints,2025,1,0.234,0.234,0.0,0.001,2023,Saints,veteran,2,Saints,extension,3988
Jake Haener,QB,Chiefs,2026,1,1.075,1.075,0.0,0.004,2023,Saints,veteran,3,Saints,new_team_signing,3989
Jake Hausmann,TE,Giants,2021,1,0.1656,0.1656,0.0,0.001,2021,Lions,rookie,0,Giants,rookie_deal,3990
Jake Hausmann,TE,Seahawks,2022,1,0.705,0.705,0.0,0.003,2021,Lions,veteran,1,Giants,new_team_signing,3991
Jake Herslow,WR,Seahawks,2022,3,2.565,0.855,0.005,0.004,2022,Seahawks,rookie,0,Seahawks,rookie_deal,3992
Jake Kumerow,WR,Packers,2017,1,0.1224,0.1224,0.0,0.001,2015,Bengals,veteran,2,Bengals,new_team_signing,3993
Jake Kumerow,WR,Packers,2018,1,0.48,0.48,0.0,0.003,2015,Bengals,veteran,3,Packers,extension,3994
Jake Kumerow,WR,Packers,2019,1,0.57,0.57,0.0,0.003,2015,Bengals,veteran,4,Packers,extension,3995
Jake Kumerow,WR,Bills,2020,1,0.1428,0.1428,0.0,0.001,2015,Bengals,veteran,5,Packers,new_team_signing,3996
Jake Kumerow,WR,Bills,2021,1,0.92,0.92,0.0,0.005,2015,Bengals,veteran,6,Bills,extension,3997
Jake Kumerow,WR,Bills,2022,1,1.035,1.035,0.0,0.005,2015,Bengals,veteran,7,Bills,extension,3998
Jake Lampman,WR,Buccaneers,2018,2,1.2,0.6,0.0,0.003,2016,Saints,veteran,2,Buccaneers,extension,3999
Jake Lampman,WR,Saints,2020,1,0.1428,0.1428,0.0,0.001,2016,Saints,veteran,4,Buccaneers,new_team_signing,4000
Jake Lampman,WR,Saints,2021,1,0.78,0.78,0.0,0.004,2016,Saints,veteran,5,Saints,extension,4001
Jake Locker,QB,Titans,2011,4,12.586002,3.146501,12.586002,0.026000000000000002,2011,Titans,rookie,0,Titans,rookie_deal,4002
Jake Luton,QB,Jaguars,2020,4,3.476756,0.869189,0.181756,0.004,2020,Jaguars,rookie,0,Jaguars,rookie_deal,4003
Jake Luton,QB,Dolphins,2021,1,0.1656,0.1656,0.0,0.001,2020,Jaguars,veteran,1,Jaguars,new_team_signing,4004
Jake Luton,QB,Saints,2022,1,0.207,0.207,0.0,0.001,2020,Jaguars,veteran,2,Dolphins,new_team_signing,4005
Jake Luton,QB,Panthers,2023,1,0.216,0.216,0.0,0.001,2020,Jaguars,veteran,3,Saints,new_team_signing,4006
Jake Luton,QB,Raiders,2024,1,0.225,0.225,0.0,0.001,2020,Jaguars,veteran,4,Panthers,new_team_signing,4007
Jake McGee,TE,Steelers,2018,1,0.48,0.48,0.0,0.003,2016,Panthers,veteran,2,Steelers,extension,4008
Jake Phillips,TE,Steelers,2016,3,1.62,0.54,0.0,0.003,2016,Steelers,rookie,0,Steelers,rookie_deal,4009
Jake Powell,TE,Giants,2019,1,0.495,0.495,0.0,0.003,2019,Saints,rookie,0,Giants,rookie_deal,4010
Jake Roh,TE,Falcons,2018,3,1.711,0.570333,0.001,0.003,2018,Falcons,rookie,0,Falcons,rookie_deal,4011
Jake Rudock,QB,Lions,2016,2,0.99,0.495,0.0,0.003,2016,Lions,rookie,0,Lions,rookie_deal,4012
Jake Rudock,QB,Lions,2018,1,0.34,0.34,0.0,0.002,2016,Lions,veteran,2,Lions,extension,4013
Jake Rudock,QB,Dolphins,2019,1,0.34,0.34,0.0,0.002,2016,Lions,veteran,3,Lions,new_team_signing,4014
Jake Rudock,QB,Dolphins,2020,1,0.1428,0.1428,0.0,0.001,2016,Lions,veteran,4,Dolphins,extension,4015
Jake Tonges,TE,Bears,2022,1,0.207,0.207,0.0,0.001,2022,Bears,rookie,0,Bears,rookie_deal,4016
Jake Tonges,TE,49ers,2023,1,0.216,0.216,0.0,0.001,2022,Bears,veteran,1,Bears,new_team_signing,4017
Jake Tonges,TE,49ers,2024,1,0.915,0.915,0.0,0.004,2022,Bears,veteran,2,49ers,extension,4018
Jake Tonges,TE,49ers,2025,1,1.03,1.03,0.0,0.004,2022,Bears,veteran,3,49ers,extension,4019
Jake Tonges,TE,49ers,2026,2,8.0,4.0,5.5,0.013000000000000001,2022,Bears,veteran,4,49ers,extension,4020
Jake Waters,QB,Seahawks,2015,1,0.435,0.435,0.0,0.003,2015,Jaguars,rookie,0,Seahawks,rookie_deal,4021
Jake Wieneke,WR,Vikings,2018,3,1.71,0.57,0.0,0.003,2018,Vikings,rookie,0,Vikings,rookie_deal,4022
Jakeem Grant,WR,Dolphins,2016,4,2.48038,0.620095,0.14038,0.004,2016,Dolphins,rookie,0,Dolphins,rookie_deal,4023
Jakeem Grant,WR,Dolphins,2019,4,19.7,4.925,3.72,0.026000000000000002,2016,Dolphins,veteran,3,Dolphins,extension,4024
Jakeem Grant,WR,CHI/MIA,2021,1,2.3,2.3,2.25,0.013000000000000001,2016,Dolphins,veteran,5,Dolphins,new_team_signing,4025
Jakeem Grant,WR,Browns,2022,3,10.0,3.333333,3.035,0.016,2016,Dolphins,veteran,6,CHI/MIA,new_team_signing,4026
Jakeem Grant,WR,Browns,2023,1,1.5125,1.5125,0.0,0.006999999999999999,2016,Dolphins,veteran,7,Browns,extension,4027
Jakeem Grant,WR,Falcons,2024,1,0.3024,0.3024,0.0,0.001,2016,Dolphins,veteran,8,Browns,new_team_signing,4028
Jakobi Meyers,WR,Patriots,2019,3,1.765,0.588333,0.07,0.003,2019,Patriots,rookie,0,Patriots,rookie_deal,4029
Jakobi Meyers,WR,Patriots,2022,1,3.986,3.986,0.0,0.019,2019,Patriots,veteran,3,Patriots,extension,4030
Jakobi Meyers,WR,JAX/LV,2023,3,33.0,11.0,16.0,0.049,2019,Patriots,veteran,4,Patriots,new_team_signing,4031
Jakobi Meyers,WR,Jaguars,2025,3,60.0,20.0,30.0,0.07200000000000001,2019,Patriots,veteran,6,JAX/LV,new_team_signing,4032
Jakobie Keeney-James,WR,Packers,2025,1,0.234,0.234,0.0,0.001,2025,Lions,rookie,0,Packers,rookie_deal,4033
Jalan McClendon,QB,Commanders,2019,1,0.495,0.495,0.0,0.003,2019,Ravens,rookie,0,Commanders,rookie_deal,4034
Jaleel McLaughlin,RB,Broncos,2023,3,2.71,0.903333,0.055,0.004,2023,Broncos,rookie,0,Broncos,rookie_deal,4035
Jaleel McLaughlin,RB,Broncos,2026,1,1.43,1.43,0.125,0.005,2023,Broncos,veteran,3,Broncos,extension,4036
Jaleel Scott,WR,Ravens,2018,4,3.04038,0.760095,0.58038,0.004,2018,Ravens,rookie,0,Ravens,rookie_deal,4037
Jaleel Scott,WR,Jets,2020,1,0.1428,0.1428,0.0,0.001,2018,Ravens,veteran,2,Ravens,new_team_signing,4038
Jaleel Scott,WR,Jets,2021,1,0.78,0.78,0.0,0.004,2018,Ravens,veteran,3,Jets,extension,4039
Jalen Brooks,WR,Cowboys,2023,4,3.922356,0.980589,0.082356,0.004,2023,Cowboys,rookie,0,Cowboys,rookie_deal,4040
Jalen Brooks,WR,Cardinals,2025,1,0.234,0.234,0.0,0.001,2023,Cowboys,veteran,2,Cowboys,new_team_signing,4041
Jalen Camp,WR,Texans,2021,1,0.1656,0.1656,0.0,0.001,2021,Jaguars,rookie,0,Texans,rookie_deal,4042
Jalen Camp,WR,Texans,2022,1,0.207,0.207,0.0,0.001,2021,Jaguars,veteran,1,Texans,extension,4043
Jalen Camp,WR,Panthers,2023,1,0.216,0.216,0.0,0.001,2021,Jaguars,veteran,2,Texans,new_team_signing,4044
Jalen Camp,WR,Panthers,2024,1,0.985,0.985,0.0,0.004,2021,Jaguars,veteran,3,Panthers,extension,4045
Jalen Coker,WR,Panthers,2024,1,0.225,0.225,0.0,0.001,2024,Panthers,rookie,0,Panthers,rookie_deal,4046
Jalen Coker,WR,Panthers,2026,1,1.075,1.075,0.0,0.004,2024,Panthers,veteran,2,Panthers,extension,4047
Jalen Green,WR,Rams,2019,3,1.755,0.585,0.0,0.003,2019,Rams,rookie,0,Rams,rookie_deal,4048
Jalen Guyton,WR,Chargers,2019,1,0.136,0.136,0.0,0.001,2019,Cowboys,rookie,0,Chargers,rookie_deal,4049
Jalen Guyton,WR,Chargers,2022,1,0.965,0.965,0.0,0.005,2019,Cowboys,veteran,3,Chargers,extension,4050
Jalen Guyton,WR,Chargers,2023,1,1.2325,1.2325,0.076,0.005,2019,Cowboys,veteran,4,Chargers,extension,4051
Jalen Guyton,WR,Raiders,2024,1,0.3834,0.3834,0.0,0.002,2019,Cowboys,veteran,5,Chargers,new_team_signing,4052
Jalen Hurd,WR,49ers,2019,4,4.279682,1.069921,1.132492,0.006,2019,49ers,rookie,0,49ers,rookie_deal,4053
Jalen Hurd,WR,Patriots,2023,1,0.87,0.87,0.0,0.004,2019,49ers,veteran,4,49ers,new_team_signing,4054
Jalen Hurts,QB,Eagles,2020,4,6.025176,1.506294,3.435816,0.008,2020,Eagles,rookie,0,Eagles,rookie_deal,4055
Jalen Hurts,QB,Eagles,2023,5,255.0,51.0,110.0,0.22699999999999998,2020,Eagles,veteran,3,Eagles,extension,4056
Jalen Jackson,RB,Jaguars,2024,1,0.225,0.225,0.0,0.001,2024,Jaguars,rookie,0,Jaguars,rookie_deal,4057
Jalen McCleskey,WR,Falcons,2020,3,2.293,0.763333,0.005,0.004,2020,Falcons,rookie,0,Falcons,rookie_deal,4058
Jalen McCleskey,WR,Saints,2021,1,0.66,0.66,0.0,0.004,2020,Falcons,veteran,1,Falcons,new_team_signing,4059
Jalen McCleskey,WR,Saints,2022,2,1.575,0.7875,0.0,0.004,2020,Falcons,veteran,2,Saints,extension,4060
Jalen McMillan,WR,Buccaneers,2024,4,5.663024,1.415756,0.938564,0.006,2024,Buccaneers,rookie,0,Buccaneers,rookie_deal,4061
Jalen Milroe,QB,Seahawks,2025,4,6.264086,1.566022,1.1957,0.006,2025,Seahawks,rookie,0,Seahawks,rookie_deal,4062
Jalen Moreno-Cropper,WR,Cowboys,2023,1,0.216,0.216,0.0,0.001,2023,Cowboys,rookie,0,Cowboys,rookie_deal,4063
Jalen Moreno-Cropper,WR,Cowboys,2024,1,0.225,0.225,0.0,0.001,2023,Cowboys,veteran,1,Cowboys,extension,4064
Jalen Moreno-Cropper,WR,Cowboys,2025,1,0.234,0.234,0.0,0.001,2023,Cowboys,veteran,2,Cowboys,extension,4065
Jalen Morton,QB,Packers,2020,3,2.292,0.764,0.007,0.004,2020,Packers,rookie,0,Packers,rookie_deal,4066
Jalen Morton,QB,Colts,2021,1,0.66,0.66,0.0,0.004,2020,Packers,veteran,1,Packers,new_team_signing,4067
Jalen Nailor,WR,Vikings,2022,4,3.84066,0.960165,0.18066,0.005,2022,Vikings,rookie,0,Vikings,rookie_deal,4068
Jalen Nailor,WR,Raiders,2026,3,35.03,11.676667,18.0,0.039,2022,Vikings,veteran,4,Vikings,new_team_signing,4069
Jalen Reagor,WR,MIN/PHI,2020,4,13.270678,3.31767,13.270678,0.017,2020,Eagles,rookie,0,MIN/PHI,rookie_deal,4070
Jalen Reagor,WR,Patriots,2023,1,0.2898,0.2898,0.0,0.001,2020,Eagles,veteran,3,MIN/PHI,new_team_signing,4071
Jalen Reagor,WR,Chargers,2024,1,0.3834,0.3834,0.0,0.002,2020,Eagles,veteran,4,Patriots,new_team_signing,4072
Jalen Reagor,WR,Chargers,2025,1,0.396,0.396,0.0,0.001,2020,Eagles,veteran,5,Chargers,extension,4073
Jalen Reagor,WR,Dolphins,2026,1,1.215,1.215,0.0,0.004,2020,Eagles,veteran,6,Chargers,new_team_signing,4074
Jalen Richard,RB,Raiders,2016,3,1.62,0.54,0.0,0.003,2016,Raiders,rookie,0,Raiders,rookie_deal,4075
Jalen Richard,RB,Raiders,2019,1,3.095,3.095,0.0,0.016,2016,Raiders,veteran,3,Raiders,extension,4076
Jalen Richard,RB,Raiders,2020,2,7.0,3.5,3.375,0.018000000000000002,2016,Raiders,veteran,4,Raiders,extension,4077
Jalen Royals,WR,Chiefs,2025,4,5.0672,1.2668,0.8672,0.005,2025,Chiefs,rookie,0,Chiefs,rookie_deal,4078
Jalen Sample,WR,Commanders,2023,3,2.6975,0.899167,0.0025,0.004,2023,Commanders,rookie,0,Commanders,rookie_deal,4079
Jalen Saunders,WR,SEA/ARI,2014,1,0.1071,0.1071,0.0,0.001,2014,Jets,rookie,0,SEA/ARI,rookie_deal,4080
Jalen Saunders,WR,Bears,2015,1,0.1122,0.1122,0.0,0.001,2014,Jets,veteran,1,SEA/ARI,new_team_signing,4081
Jalen Simmons,RB,Cardinals,2018,1,0.1292,0.1292,0.0,0.001,2016,Panthers,veteran,2,Chargers,new_team_signing,4082
Jalen Tolbert,WR,Cowboys,2022,4,5.13572,1.28393,0.915068,0.006,2022,Cowboys,rookie,0,Cowboys,rookie_deal,4083
Jalen Tolbert,WR,Dolphins,2026,1,1.4025,1.4025,1.2625,0.005,2022,Cowboys,veteran,4,Cowboys,new_team_signing,4084
Jalen Tolliver,WR,Cardinals,2018,1,0.1292,0.1292,0.0,0.001,2018,Cardinals,rookie,0,Cardinals,rookie_deal,4085
Jalen Tolliver,WR,Chiefs,2019,1,0.57,0.57,0.0,0.003,2018,Cardinals,veteran,1,Cardinals,new_team_signing,4086
Jalen Virgil,WR,Broncos,2022,3,2.5725,0.8575,0.0425,0.004,2022,Broncos,rookie,0,Broncos,rookie_deal,4087
Jalen Virgil,WR,Bills,2024,1,0.225,0.225,0.0,0.001,2022,Broncos,veteran,2,Broncos,new_team_signing,4088
Jalen Virgil,WR,Cardinals,2025,1,0.315,0.315,0.0,0.001,2022,Broncos,veteran,3,Bills,new_team_signing,4089
Jalen Virgil,WR,Bills,2026,1,1.075,1.075,0.0,0.004,2022,Broncos,veteran,4,Cardinals,new_team_signing,4090
Jalen Walthall,WR,Jets,2026,1,0.885,0.885,0.0,0.003,2026,Texans,rookie,0,Jets,rookie_deal,4091
Jalen Wayne,WR,Browns,2023,1,0.75,0.75,0.0,0.003,2023,Bills,rookie,0,Browns,rookie_deal,4092
Jalen Wayne,WR,Packers,2024,1,0.225,0.225,0.0,0.001,2023,Bills,veteran,1,Browns,new_team_signing,4093
Jalen White,RB,Packers,2025,3,2.98,0.993333,0.015,0.004,2025,Packers,rookie,0,Packers,rookie_deal,4094
Jalen Williams,WR,Giants,2017,3,1.665,0.555,0.0,0.003,2017,Giants,rookie,0,Giants,rookie_deal,4095
Jalen Wydermyer,TE,NE/IND,2022,1,0.207,0.207,0.0,0.001,2022,Bills,rookie,0,NE/IND,rookie_deal,4096
Jalen Wydermyer,TE,Colts,2023,1,0.75,0.75,0.0,0.003,2022,Bills,veteran,1,NE/IND,new_team_signing,4097
Jalin Conyers,TE,Dolphins,2025,3,2.98,0.993333,0.115,0.004,2025,Dolphins,rookie,0,Dolphins,rookie_deal,4098
Jalin Hyatt,WR,Giants,2023,4,5.625316,1.406329,1.09114,0.006,2023,Giants,rookie,0,Giants,rookie_deal,4099
Jalin Marshall,WR,Jets,2016,3,1.628,0.542667,0.0125,0.003,2016,Jets,rookie,0,Jets,rookie_deal,4100
Jalin Marshall,WR,Jets,2017,1,0.187,0.187,0.0,0.001,2016,Jets,veteran,1,Jets,extension,4101
Jalin Marshall,WR,Jets,2018,2,1.2,0.6,0.0,0.003,2016,Jets,veteran,2,Jets,extension,4102
Jalin Moore,RB,Jets,2019,3,1.7635,0.587333,0.0835,0.003,2019,Jets,rookie,0,Jets,rookie_deal,4103
Jalon Calhoun,WR,Lions,2024,3,2.845,0.948333,0.05,0.004,2024,Lions,rookie,0,Lions,rookie_deal,4104
Jalon Daniels,QB,Buccaneers,2026,3,3.125,1.041667,0.2725,0.003,2026,Buccaneers,rookie,0,Buccaneers,rookie_deal,4105
Jam Miller,RB,Patriots,2026,4,4.50494,1.126235,0.12494,0.004,2026,Patriots,rookie,0,Patriots,rookie_deal,4106
Jamaal Charles,RB,Chiefs,2008,3,1.75,0.583333,0.6,0.005,2008,Chiefs,rookie,0,Chiefs,rookie_deal,4107
Jamaal Charles,RB,Chiefs,2010,5,27.0,5.4,8.0,0.042,2008,Chiefs,veteran,2,Chiefs,extension,4108
Jamaal Charles,RB,Chiefs,2014,4,28.0,7.0,2.95,0.053,2008,Chiefs,veteran,6,Chiefs,extension,4109
Jamaal Charles,RB,Broncos,2017,1,2.5,2.5,0.0,0.015,2008,Chiefs,veteran,9,Chiefs,new_team_signing,4110
Jamaal Charles,RB,Jaguars,2018,1,0.915,0.915,0.0,0.005,2008,Chiefs,veteran,10,Broncos,new_team_signing,4111
Jamaal Johnson-Webb,TE,Giants,2013,2,0.93,0.465,0.0,0.0,2013,Cardinals,rookie,0,Giants,rookie_deal,4112
Jamaal Jones,WR,Panthers,2018,1,0.48,0.48,0.0,0.003,2016,Chargers,veteran,2,Panthers,extension,4113
Jamaal Pritchett,WR,Jets,2025,1,0.234,0.234,0.0,0.001,2025,Jets,rookie,0,Jets,rookie_deal,4114
Jamaal Pritchett,WR,Jets,2026,2,1.935,0.9675,0.0,0.003,2025,Jets,veteran,1,Jets,extension,4115
Jamaal Williams,RB,Packers,2017,4,2.965992,0.741498,0.565992,0.004,2017,Packers,rookie,0,Packers,rookie_deal,4116
Jamaal Williams,RB,Lions,2021,2,6.0,3.0,3.25,0.016,2017,Packers,veteran,4,Packers,new_team_signing,4117
Jamaal Williams,RB,Saints,2023,3,12.0,4.0,8.15,0.018000000000000002,2017,Packers,veteran,6,Lions,new_team_signing,4118
Jamaine Cook,RB,Browns,2013,2,0.93,0.465,0.0,0.0,2013,Browns,rookie,0,Browns,rookie_deal,4119
Jamal Agnew,WR,Steelers,2024,1,0.3834,0.3834,0.0,0.002,2017,Lions,veteran,7,Jaguars,new_team_signing,4120
Jamal Agnew,WR,Commanders,2025,1,2.5,2.5,0.4,0.009000000000000001,2017,Lions,veteran,8,Steelers,new_team_signing,4121
Jamal Custis,WR,Steelers,2019,1,0.136,0.136,0.0,0.001,2019,Chiefs,rookie,0,Steelers,rookie_deal,4122
Jamal Custis,WR,Steelers,2020,1,0.51,0.51,0.0,0.003,2019,Chiefs,veteran,1,Steelers,extension,4123
Jamal Haynes,RB,Bengals,2026,3,3.101,1.033667,0.001,0.003,2026,Bengals,rookie,0,Bengals,rookie_deal,4124
Jamal Pettigrew,TE,Rams,2022,3,2.565,0.855,0.005,0.004,2022,Rams,rookie,0,Rams,rookie_deal,4125
Jamar Newsome,WR,Cowboys,2011,2,1.08,0.54,0.0,0.0,2011,Jaguars,rookie,0,Cowboys,rookie_deal,4126
Jamari Staples,WR,Commanders,2017,3,1.665,0.555,0.0,0.003,2017,Chiefs,rookie,0,Commanders,rookie_deal,4127
Jamari Thrash,WR,Browns,2024,4,4.345408,1.086352,0.325408,0.004,2024,Browns,rookie,0,Browns,rookie_deal,4128
Jamari Thrash,WR,Browns,2025,1,0.96,0.96,0.0,0.003,2024,Browns,veteran,1,Browns,extension,4129
Jamari Thrash,WR,Browns,2026,1,1.075,1.075,0.0,0.004,2024,Browns,veteran,2,Browns,extension,4130
Jamarius Way,WR,Broncos,2019,3,1.755,0.585,0.0,0.003,2019,Broncos,rookie,0,Broncos,rookie_deal,4131
Jameis Winston,QB,Buccaneers,2015,4,25.351277,6.337819,25.351277,0.044000000000000004,2015,Buccaneers,rookie,0,Buccaneers,rookie_deal,4132
Jameis Winston,QB,Saints,2020,1,1.1,1.1,1.1,0.006,2015,Buccaneers,veteran,5,Buccaneers,new_team_signing,4133
Jameis Winston,QB,Saints,2021,1,5.5,5.5,5.5,0.03,2015,Buccaneers,veteran,6,Saints,extension,4134
Jameis Winston,QB,Saints,2022,2,28.0,14.0,15.2,0.067,2015,Buccaneers,veteran,7,Saints,extension,4135
Jameis Winston,QB,Saints,2023,1,4.0,4.0,4.0,0.018000000000000002,2015,Buccaneers,veteran,8,Saints,extension,4136
Jameis Winston,QB,Browns,2024,1,4.0,4.0,4.0,0.016,2015,Buccaneers,veteran,9,Saints,new_team_signing,4137
Jameis Winston,QB,Giants,2025,2,8.0,4.0,5.25,0.013999999999999999,2015,Buccaneers,veteran,10,Browns,new_team_signing,4138
James Blackman,QB,Dolphins,2023,1,0.75,0.75,0.0,0.003,2023,Dolphins,rookie,0,Dolphins,rookie_deal,4139
James Butler,WR,Packers,2015,3,1.575,0.525,0.0,0.004,2015,Packers,rookie,0,Packers,rookie_deal,4140
James Butler,RB,Raiders,2018,1,0.1292,0.1292,0.0,0.001,2018,Raiders,rookie,0,Raiders,rookie_deal,4141
James Butler,RB,Raiders,2019,1,0.136,0.136,0.0,0.001,2018,Raiders,veteran,1,Raiders,extension,4142
James Conner,RB,Steelers,2017,4,3.175288,0.793822,0.706288,0.005,2017,Steelers,rookie,0,Steelers,rookie_deal,4143
James Conner,RB,Cardinals,2021,1,1.75,1.75,1.75,0.01,2017,Steelers,veteran,4,Steelers,new_team_signing,4144
James Conner,RB,Cardinals,2022,3,21.0,7.0,13.5,0.034,2017,Steelers,veteran,5,Cardinals,extension,4145
James Conner,RB,Cardinals,2024,2,19.0,9.5,8.25,0.037000000000000005,2017,Steelers,veteran,7,Cardinals,extension,4146
James Conner,RB,Cardinals,2026,1,3.0,3.0,2.1,0.01,2017,Steelers,veteran,9,Cardinals,extension,4147
James Cook,RB,Bills,2022,4,5.832064,1.458016,3.096594,0.006999999999999999,2022,Bills,rookie,0,Bills,rookie_deal,4148
James Cook,RB,Bills,2025,4,46.0,11.5,15.28,0.040999999999999995,2022,Bills,veteran,3,Bills,extension,4149
James Franklin,QB,Lions,2014,4,1.532,0.510667,0.002,0.0,2014,Lions,rookie,0,Lions,rookie_deal,4150
James Gilbert,RB,Rams,2020,3,2.287,0.762333,0.002,0.004,2020,Rams,rookie,0,Rams,rookie_deal,4151
James Hanna,TE,Cowboys,2012,4,2.204852,0.551213,0.104852,0.005,2012,Cowboys,rookie,0,Cowboys,rookie_deal,4152
James Hanna,TE,Cowboys,2016,3,8.25,2.75,2.25,0.018000000000000002,2012,Cowboys,veteran,4,Cowboys,extension,4153
James Jones,WR,Packers,2007,4,2.40725,0.601813,0.74225,0.006,2007,Packers,rookie,0,Packers,rookie_deal,4154
James Jones,WR,Packers,2011,3,9.6,3.2,2.25,0.027000000000000003,2007,Packers,veteran,4,Packers,extension,4155
James Jones,WR,Raiders,2014,3,10.0,3.333333,3.65,0.025,2007,Packers,veteran,7,Packers,new_team_signing,4156
James Jones,WR,Packers,2015,1,0.87,0.87,0.0,0.006,2007,Packers,veteran,8,Raiders,new_team_signing,4157
James Jones,WR,Chargers,2016,1,0.885,0.885,0.0,0.006,2007,Packers,veteran,9,Packers,new_team_signing,4158
James Mitchell,TE,Lions,2022,4,3.902556,0.975639,0.242556,0.005,2022,Lions,rookie,0,Lions,rookie_deal,4159
James Mitchell,TE,Lions,2024,1,0.225,0.225,0.0,0.001,2022,Lions,veteran,2,Lions,extension,4160
James Mitchell,TE,Panthers,2025,1,1.03,1.03,0.0,0.004,2022,Lions,veteran,3,Lions,new_team_signing,4161
James Mitchell,TE,Panthers,2026,1,1.655,1.655,0.59,0.005,2022,Lions,veteran,4,Panthers,extension,4162
James Morgan,QB,Jets,2020,4,4.010264,1.002566,0.715264,0.005,2020,Jets,rookie,0,Jets,rookie_deal,4163
James Morgan,QB,Panthers,2021,1,0.1656,0.1656,0.0,0.001,2020,Jets,veteran,1,Jets,new_team_signing,4164
James Morgan,QB,Cardinals,2022,1,0.207,0.207,0.0,0.001,2020,Jets,veteran,2,Panthers,new_team_signing,4165
James O'Shaughnessy,TE,KC/NE/JAX,2015,4,2.473252,0.618313,0.166252,0.004,2015,Chiefs,rookie,0,KC/NE/JAX,rookie_deal,4166
James O'Shaughnessy,TE,Jaguars,2019,2,2.225,1.1125,0.4,0.006,2015,Chiefs,veteran,4,KC/NE/JAX,new_team_signing,4167
James O'Shaughnessy,TE,Jaguars,2021,1,1.59,1.59,1.0,0.009000000000000001,2015,Chiefs,veteran,6,Jaguars,extension,4168
James O'Shaughnessy,TE,Vikings,2022,1,0.2772,0.2772,0.0,0.001,2015,Chiefs,veteran,7,Jaguars,new_team_signing,4169
James Proche,WR,Ravens,2020,4,3.4631,0.865775,0.1681,0.004,2020,Ravens,rookie,0,Ravens,rookie_deal,4170
James Proche,WR,Browns,2023,1,0.2898,0.2898,0.0,0.001,2020,Ravens,veteran,3,Ravens,new_team_signing,4171
James Proche,WR,Browns,2024,1,0.225,0.225,0.0,0.001,2020,Ravens,veteran,4,Browns,extension,4172
James Proche,WR,Titans,2025,1,0.315,0.315,0.0,0.001,2020,Ravens,veteran,5,Browns,new_team_signing,4173
James Quick,WR,Commanders,2017,3,1.665,0.555,0.008,0.003,2017,Commanders,rookie,0,Commanders,rookie_deal,4174
James Robinson,RB,Jets,2020,3,2.29,0.763333,0.025,0.004,2020,Jaguars,rookie,0,Jets,rookie_deal,4175
James Robinson,RB,Packers,2023,1,0.2898,0.2898,0.0,0.001,2020,Jaguars,veteran,3,Jets,new_team_signing,4176
James Robinson,RB,Saints,2024,1,1.055,1.055,0.0,0.004,2020,Jaguars,veteran,4,Packers,new_team_signing,4177
James Starks,RB,Packers,2010,4,1.8903,0.472575,0.1003,0.004,2010,Packers,rookie,0,Packers,rookie_deal,4178
James Starks,RB,Packers,2014,2,3.25,1.625,0.725,0.012,2010,Packers,veteran,4,Packers,extension,4179
James Starks,RB,Packers,2016,2,6.0,3.0,1.5,0.019,2010,Packers,veteran,6,Packers,extension,4180
James Summers,RB,Cardinals,2017,1,0.1224,0.1224,0.0,0.001,2017,Cardinals,rookie,0,Cardinals,rookie_deal,4181
James Summers,RB,Steelers,2018,1,0.48,0.48,0.0,0.003,2017,Cardinals,veteran,1,Cardinals,new_team_signing,4182
James Washington,WR,Steelers,2018,4,4.501346,1.125337,2.383704,0.006,2018,Steelers,rookie,0,Steelers,rookie_deal,4183
James Washington,WR,Giants,2022,1,0.2772,0.2772,0.0,0.001,2018,Steelers,veteran,4,Steelers,new_team_signing,4184
James Washington,WR,IND/NO,2023,1,1.08,1.08,0.0,0.005,2018,Steelers,veteran,5,Giants,new_team_signing,4185
James Washington,WR,Falcons,2024,1,1.125,1.125,0.0,0.004,2018,Steelers,veteran,6,IND/NO,new_team_signing,4186
James White,RB,Patriots,2014,4,2.617088,0.654272,0.397088,0.005,2014,Patriots,rookie,0,Patriots,rookie_deal,4187
James White,RB,Patriots,2017,3,12.0,4.0,4.69,0.024,2014,Patriots,veteran,3,Patriots,extension,4188
James White,RB,Patriots,2021,1,2.4625,2.4625,2.4625,0.013000000000000001,2014,Patriots,veteran,7,Patriots,extension,4189
James White,RB,Patriots,2022,2,5.0,2.5,0.5,0.012,2014,Patriots,veteran,8,Patriots,extension,4190
James Williams,RB,Lions,2019,1,0.495,0.495,0.0,0.003,2019,Chiefs,rookie,0,Lions,rookie_deal,4191
James Wright,WR,CIN/CLE,2014,4,2.269824,0.567456,0.049824,0.004,2014,Bengals,rookie,0,CIN/CLE,rookie_deal,4192
James Wright,WR,Colts,2018,2,1.35,0.675,0.0,0.004,2014,Bengals,veteran,4,CIN/CLE,new_team_signing,4193
Jameson Geers,TE,Cardinals,2026,3,3.115,1.038333,0.125,0.003,2026,Cardinals,rookie,0,Cardinals,rookie_deal,4194
Jameson Konz,TE,Broncos,2010,1,0.42,0.42,0.0,0.0,2010,Seahawks,rookie,0,Broncos,rookie_deal,4195
Jameson Williams,WR,Lions,2022,4,17.461792,4.365448,17.461792,0.021,2022,Lions,rookie,0,Lions,rookie_deal,4196
Jameson Williams,WR,Lions,2025,3,80.0,26.666667,30.579154,0.096,2022,Lions,veteran,3,Lions,extension,4197
Jamie Harper,RB,Titans,2011,4,2.42858,0.607145,0.38858,0.005,2011,Titans,rookie,0,Titans,rookie_deal,4198
Jamie Newman,QB,Eagles,2021,3,2.425,0.808333,0.0,0.004,2021,Eagles,rookie,0,Eagles,rookie_deal,4199
Jamire Jordan,WR,Chiefs,2019,3,1.755,0.585,0.0,0.003,2019,Chiefs,rookie,0,Chiefs,rookie_deal,4200
Jamison Crowder,WR,Commanders,2015,4,2.825624,0.706406,0.545624,0.005,2015,Commanders,rookie,0,Commanders,rookie_deal,4201
Jamison Crowder,WR,Jets,2019,3,28.5,9.5,17.0,0.05,2015,Commanders,veteran,4,Commanders,new_team_signing,4202
Jamison Crowder,WR,Jets,2021,1,5.5,5.5,4.5,0.03,2015,Commanders,veteran,6,Jets,extension,4203
Jamison Crowder,WR,Bills,2022,1,2.0,2.0,1.87,0.01,2015,Commanders,veteran,7,Jets,new_team_signing,4204
Jamison Crowder,WR,Commanders,2023,1,0.2898,0.2898,0.0,0.001,2015,Commanders,veteran,8,Bills,new_team_signing,4205
Jamison Crowder,WR,Commanders,2024,1,1.26,1.26,0.0,0.005,2015,Commanders,veteran,9,Commanders,extension,4206
Jamoi Mayes,WR,Bengals,2025,3,2.968,0.989333,0.003,0.004,2025,Bengals,rookie,0,Bengals,rookie_deal,4207
Janarion Grant,WR,Ravens,2018,1,0.1292,0.1292,0.0,0.001,2018,Ravens,rookie,0,Ravens,rookie_deal,4208
Jaquarii Roberson,WR,Steelers,2022,1,0.207,0.207,0.0,0.001,2022,Cowboys,rookie,0,Steelers,rookie_deal,4209
Jaquarii Roberson,WR,Rams,2023,2,1.665,0.8325,0.0,0.004,2022,Cowboys,veteran,1,Steelers,new_team_signing,4210
Jaray Jenkins,WR,Jaguars,2023,3,2.7025,0.900833,0.0825,0.004,2023,Jaguars,rookie,0,Jaguars,rookie_deal,4211
Jaray Jenkins,WR,Steelers,2024,1,0.225,0.225,0.0,0.001,2023,Jaguars,veteran,1,Jaguars,new_team_signing,4212
Jared Abbrederis,WR,Packers,2014,4,2.36456,0.59114,0.14456,0.004,2014,Packers,rookie,0,Packers,rookie_deal,4213
Jared Abbrederis,WR,Packers,2015,1,0.1122,0.1122,0.0,0.001,2014,Packers,veteran,1,Packers,extension,4214
Jared Abbrederis,WR,Lions,2017,1,0.615,0.615,0.0,0.004,2014,Packers,veteran,3,Packers,new_team_signing,4215
Jared Baker,RB,Cardinals,2016,3,1.62,0.54,0.0,0.003,2016,Cardinals,rookie,0,Cardinals,rookie_deal,4216
Jared Bernhardt,WR,Falcons,2022,3,2.565,0.855,0.04,0.004,2022,Falcons,rookie,0,Falcons,rookie_deal,4217
Jared Cook,TE,Titans,2009,4,2.45,0.6125,0.7,0.005,2009,Titans,rookie,0,Titans,rookie_deal,4218
Jared Cook,TE,Rams,2013,5,35.1,7.02,19.0,0.057,2009,Titans,veteran,4,Titans,new_team_signing,4219
Jared Cook,TE,Packers,2016,1,2.75,2.75,0.825,0.018000000000000002,2009,Titans,veteran,7,Rams,new_team_signing,4220
Jared Cook,TE,Raiders,2017,2,10.6,5.3,5.0,0.032,2009,Titans,veteran,8,Packers,new_team_signing,4221
Jared Cook,TE,Saints,2019,2,15.0,7.5,8.0,0.04,2009,Titans,veteran,10,Raiders,new_team_signing,4222
Jared Cook,TE,Chargers,2021,1,4.5,4.5,4.5,0.025,2009,Titans,veteran,12,Saints,new_team_signing,4223
Jared Dangerfield,WR,Saints,2016,3,1.62,0.54,0.0,0.003,2016,Saints,rookie,0,Saints,rookie_deal,4224
Jared Goff,QB,Rams,2016,4,27.937672,6.984418,27.937672,0.045,2016,Rams,rookie,0,Rams,rookie_deal,4225
Jared Goff,QB,DET/LAR,2019,4,134.0,33.5,57.042682,0.17800000000000002,2016,Rams,veteran,3,Rams,new_team_signing,4226
Jared Goff,QB,Lions,2024,4,212.0,53.0,113.611832,0.20800000000000002,2016,Rams,veteran,8,DET/LAR,new_team_signing,4227
Jared Murphy,WR,Bengals,2018,3,1.71,0.57,0.0,0.003,2018,Bengals,rookie,0,Bengals,rookie_deal,4228
Jared Pinkney,TE,Falcons,2020,1,0.170282,0.170282,0.0,0.001,2020,Falcons,rookie,0,Falcons,rookie_deal,4229
Jared Pinkney,TE,Rams,2021,1,0.1656,0.1656,0.0,0.001,2020,Falcons,veteran,1,Falcons,new_team_signing,4230
Jared Pinkney,TE,Rams,2022,1,0.207,0.207,0.0,0.001,2020,Falcons,veteran,2,Rams,extension,4231
Jared Pinkney,TE,Bears,2023,1,0.94,0.94,0.0,0.004,2020,Falcons,veteran,3,Rams,new_team_signing,4232
Jared Rice,TE,Chargers,2020,3,2.287,0.762333,0.002,0.004,2020,Chargers,rookie,0,Chargers,rookie_deal,4233
Jared Scott,TE,Colts,2022,1,0.207,0.207,0.0,0.001,2022,Panthers,rookie,0,Colts,rookie_deal,4234
Jared Smart,WR,Cardinals,2022,3,2.56,0.853333,0.0,0.004,2022,Cardinals,rookie,0,Cardinals,rookie_deal,4235
Jared Wayne,WR,Texans,2023,1,0.216,0.216,0.0,0.001,2023,Texans,rookie,0,Texans,rookie_deal,4236
Jared Wayne,WR,Texans,2024,1,0.225,0.225,0.0,0.001,2023,Texans,veteran,1,Texans,extension,4237
Jared Wayne,WR,Texans,2025,1,0.234,0.234,0.0,0.001,2023,Texans,veteran,2,Texans,extension,4238
Jared Wayne,WR,Texans,2026,1,1.005,1.005,0.0,0.003,2023,Texans,veteran,3,Texans,extension,4239
Jared Wiley,TE,Chiefs,2024,4,4.70862,1.177155,0.68862,0.005,2024,Chiefs,rookie,0,Chiefs,rookie_deal,4240
Jaren Hall,QB,Vikings,2023,4,4.119272,1.029818,0.279272,0.005,2023,Vikings,rookie,0,Vikings,rookie_deal,4241
Jaren Hall,QB,Seahawks,2024,1,0.225,0.225,0.0,0.001,2023,Vikings,veteran,1,Vikings,new_team_signing,4242
Jaren Kanak,TE,Titans,2026,4,4.543412,1.135853,0.001634,0.004,2026,Titans,rookie,0,Titans,rookie_deal,4243
Jaret Patterson,RB,Commanders,2021,3,2.46,0.82,0.115,0.004,2021,Commanders,rookie,0,Commanders,rookie_deal,4244
Jaret Patterson,RB,Commanders,2022,1,0.207,0.207,0.0,0.001,2021,Commanders,veteran,1,Commanders,extension,4245
Jaret Patterson,RB,Chargers,2023,1,0.216,0.216,0.0,0.001,2021,Commanders,veteran,2,Commanders,new_team_signing,4246
Jaret Patterson,RB,Chargers,2024,1,0.225,0.225,0.0,0.001,2021,Commanders,veteran,3,Chargers,extension,4247
Jaret Patterson,RB,Chargers,2025,1,0.234,0.234,0.0,0.001,2021,Commanders,veteran,4,Chargers,extension,4248
Jaret Patterson,RB,Chargers,2026,1,1.145,1.145,0.0,0.004,2021,Commanders,veteran,5,Chargers,extension,4249
Jarius Wright,WR,Vikings,2012,4,2.520108,0.630027,0.420108,0.005,2012,Vikings,rookie,0,Vikings,rookie_deal,4250
Jarius Wright,WR,Vikings,2015,4,14.8,3.7,4.342,0.026000000000000002,2012,Vikings,veteran,3,Vikings,extension,4251
Jarius Wright,WR,Panthers,2018,3,7.5,2.5,2.0,0.013999999999999999,2012,Vikings,veteran,6,Vikings,new_team_signing,4252
Jaron Brown,WR,Cardinals,2013,3,1.494,0.498,0.0,0.004,2013,Cardinals,rookie,0,Cardinals,rookie_deal,4253
Jaron Brown,WR,Cardinals,2016,1,1.5,1.5,0.635118,0.01,2013,Cardinals,veteran,3,Cardinals,extension,4254
Jaron Brown,WR,Seahawks,2018,2,5.5,2.75,2.75,0.016,2013,Cardinals,veteran,5,Cardinals,new_team_signing,4255
Jaron Brown,WR,Seahawks,2019,1,1.5,1.5,0.0,0.008,2013,Cardinals,veteran,6,Seahawks,extension,4256
Jaron Brown,WR,Cardinals,2020,1,0.204,0.204,0.0,0.001,2013,Cardinals,veteran,7,Seahawks,new_team_signing,4257
Jarquez Hunter,RB,Rams,2025,4,5.19878,1.299695,0.998784,0.005,2025,Rams,rookie,0,Rams,rookie_deal,4258
Jarred Haggins,WR,Lions,2015,3,1.575,0.525,0.0,0.0,2015,Lions,rookie,0,Lions,rookie_deal,4259
Jarrett Guarantano,QB,Broncos,2022,1,0.207,0.207,0.0,0.001,2022,Cardinals,rookie,0,Broncos,rookie_deal,4260
Jarrett Stidham,QB,NE/LV,2019,4,3.156112,0.789028,0.636112,0.004,2019,Patriots,rookie,0,NE/LV,rookie_deal,4261
Jarrett Stidham,QB,Broncos,2023,2,10.0,5.0,5.0,0.022000000000000002,2019,Patriots,veteran,4,NE/LV,new_team_signing,4262
Jarrett Stidham,QB,Broncos,2025,2,12.0,6.0,6.99,0.021,2019,Patriots,veteran,6,Broncos,extension,4263
Jarveon Howard,RB,Packers,2024,3,2.84,0.946667,0.01,0.004,2024,Packers,rookie,0,Packers,rookie_deal,4264
Jarveon Howard,RB,Bills,2025,1,0.84,0.84,0.0,0.003,2024,Packers,veteran,1,Packers,new_team_signing,4265
Jarveon Williams,RB,Bengals,2017,1,0.1224,0.1224,0.0,0.001,2017,Bengals,rookie,0,Bengals,rookie_deal,4266
Jarvion Franklin,RB,Steelers,2018,1,0.1292,0.1292,0.0,0.001,2018,Steelers,rookie,0,Steelers,rookie_deal,4267
Jarvis Landry,WR,Dolphins,2014,4,3.474908,0.868727,1.067208,0.006999999999999999,2014,Dolphins,rookie,0,Dolphins,rookie_deal,4268
Jarvis Landry,WR,Browns,2018,5,75.5,15.1,34.0,0.085,2014,Dolphins,veteran,4,Dolphins,new_team_signing,4269
Jarvis Landry,WR,Saints,2022,1,3.0,3.0,3.0,0.013999999999999999,2014,Dolphins,veteran,8,Browns,new_team_signing,4270
Jarvis Turner,WR,Commanders,2016,3,1.62,0.54,0.0,0.003,2016,Commanders,rookie,0,Commanders,rookie_deal,4271
Jase McClellan,RB,Falcons,2024,4,4.214368,1.053592,0.194368,0.004,2024,Falcons,rookie,0,Falcons,rookie_deal,4272
Jase McClellan,RB,Buccaneers,2025,1,0.96,0.96,0.0,0.003,2024,Falcons,veteran,1,Falcons,new_team_signing,4273
Jaseem Reed,WR,Panthers,2025,1,0.234,0.234,0.0,0.001,2025,Browns,rookie,0,Panthers,rookie_deal,4274
Jaseem Reed,WR,Panthers,2026,1,0.885,0.885,0.0,0.003,2025,Browns,veteran,1,Panthers,extension,4275
Jashaun Corbin,RB,Giants,2022,1,0.207,0.207,0.0,0.001,2022,Giants,rookie,0,Giants,rookie_deal,4276
Jashaun Corbin,RB,Panthers,2023,1,0.216,0.216,0.0,0.001,2022,Giants,veteran,1,Giants,new_team_signing,4277
Jashaun Corbin,RB,Patriots,2025,1,0.234,0.234,0.0,0.001,2022,Giants,veteran,3,Panthers,new_team_signing,4278
Jason Bean,QB,Colts,2024,1,0.225,0.225,0.0,0.001,2024,Colts,rookie,0,Colts,rookie_deal,4279
Jason Bean,QB,Colts,2025,1,0.84,0.84,0.0,0.003,2024,Colts,veteran,1,Colts,extension,4280
Jason Brownlee,WR,Jets,2023,3,2.725,0.908333,0.246,0.004,2023,Jets,rookie,0,Jets,rookie_deal,4281
Jason Brownlee,WR,Chiefs,2024,1,0.225,0.225,0.0,0.001,2023,Jets,veteran,1,Jets,new_team_signing,4282
Jason Brownlee,WR,Chiefs,2025,1,0.234,0.234,0.0,0.001,2023,Jets,veteran,2,Chiefs,extension,4283
Jason Brownlee,WR,Chiefs,2026,1,1.075,1.075,0.0,0.004,2023,Jets,veteran,3,Chiefs,extension,4284
Jason Campbell,QB,Commanders,2005,5,7.5,7.5,4.97,0.08800000000000001,2005,Commanders,rookie,0,Commanders,rookie_deal,4285
Jason Campbell,QB,Commanders,2010,1,3.14325,3.14325,0.0,0.024,2005,Commanders,veteran,5,Commanders,extension,4286
Jason Campbell,QB,Bears,2012,1,3.5,3.5,2.0,0.028999999999999998,2005,Commanders,veteran,7,Commanders,new_team_signing,4287
Jason Campbell,QB,Browns,2013,2,3.75,1.875,0.5,0.015,2005,Commanders,veteran,8,Bears,new_team_signing,4288
Jason Campbell,QB,Bengals,2014,1,1.5,1.5,0.4,0.011000000000000001,2005,Commanders,veteran,9,Browns,new_team_signing,4289
Jason Croom,TE,Bills,2017,1,0.465,0.465,0.0,0.003,2017,Bills,rookie,0,Bills,rookie_deal,4290
Jason Croom,TE,Bills,2018,2,1.054,0.527,0.0,0.003,2017,Bills,veteran,1,Bills,extension,4291
Jason Croom,TE,Eagles,2020,1,0.1428,0.1428,0.0,0.001,2017,Bills,veteran,3,Bills,new_team_signing,4292
Jason Huntley,RB,DET/PHI,2020,4,3.585312,0.896328,0.290312,0.005,2020,Lions,rookie,0,DET/PHI,rookie_deal,4293
Jason Huntley,RB,Eagles,2021,1,0.1656,0.1656,0.0,0.001,2020,Lions,veteran,1,DET/PHI,new_team_signing,4294
Jason Huntley,RB,Steelers,2022,1,0.207,0.207,0.0,0.001,2020,Lions,veteran,2,Eagles,new_team_signing,4295
Jason Huntley,RB,Colts,2023,1,0.216,0.216,0.0,0.001,2020,Lions,veteran,3,Steelers,new_team_signing,4296
Jason Moore,WR,Chargers,2019,1,0.136,0.136,0.0,0.001,2019,Chargers,rookie,0,Chargers,rookie_deal,4297
Jason Moore,WR,Chargers,2020,1,0.1428,0.1428,0.0,0.001,2019,Chargers,veteran,1,Chargers,extension,4298
Jason Moore,WR,Chargers,2021,1,0.1656,0.1656,0.0,0.001,2019,Chargers,veteran,2,Chargers,extension,4299
Jason Moore,WR,Chargers,2022,1,0.207,0.207,0.0,0.001,2019,Chargers,veteran,3,Chargers,extension,4300
Jason Moore,WR,Lions,2023,1,1.01,1.01,0.0,0.004,2019,Chargers,veteran,4,Chargers,new_team_signing,4301
Jason Reese,TE,Panthers,2018,1,0.48,0.48,0.0,0.003,2018,Buccaneers,rookie,0,Panthers,rookie_deal,4302
Jason Snelling,RB,Falcons,2007,3,4.0,1.333333,1.075,0.0,2007,Falcons,rookie,0,Falcons,rookie_deal,4303
Jason Vander Laan,TE,Panthers,2018,1,0.1292,0.1292,0.0,0.001,2016,Jets,veteran,2,Colts,new_team_signing,4304
Jason Vander Laan,TE,Patriots,2019,1,0.136,0.136,0.0,0.001,2016,Jets,veteran,3,Panthers,new_team_signing,4305
Jason Witten,TE,Cowboys,2003,4,3.153,0.78825,0.67,0.011000000000000001,2003,Cowboys,rookie,0,Cowboys,rookie_deal,4306
Jason Witten,TE,Cowboys,2006,6,27.6,4.6,12.0,0.045,2003,Cowboys,veteran,3,Cowboys,extension,4307
Jason Witten,TE,Cowboys,2011,5,37.0,7.4,13.532,0.061,2003,Cowboys,veteran,8,Cowboys,extension,4308
Jason Witten,TE,Cowboys,2017,4,26.0,6.5,0.0,0.039,2003,Cowboys,veteran,14,Cowboys,extension,4309
Jason Witten,TE,Cowboys,2019,1,4.25,4.25,0.0,0.023,2003,Cowboys,veteran,16,Cowboys,extension,4310
Jason Witten,TE,Raiders,2020,1,4.0,4.0,3.5,0.02,2003,Cowboys,veteran,17,Cowboys,new_team_signing,4311
Jason Wright,RB,Falcons,2004,1,0.07395,0.07395,0.0,0.001,2004,,rookie,0,Falcons,rookie_deal,4312
Jason Wright,RB,Browns,2005,1,0.0799,0.0799,0.0,0.001,2004,,veteran,1,Falcons,new_team_signing,4313
Jason Wright,RB,Browns,2006,2,0.865,0.4325,0.02,0.004,2004,,veteran,2,Browns,extension,4314
Jason Wright,RB,Browns,2007,1,0.952,0.952,0.025,0.009000000000000001,2004,,veteran,3,Browns,extension,4315
Jason Wright,RB,Cardinals,2009,2,2.0,1.0,0.2,0.008,2004,,veteran,5,Browns,new_team_signing,4316
Jasper Collins,WR,Bengals,2013,1,0.42,0.42,0.0,0.0,2013,Dolphins,rookie,0,Bengals,rookie_deal,4317
Jauan Jennings,WR,49ers,2020,1,0.1428,0.1428,0.0,0.001,2020,49ers,rookie,0,49ers,rookie_deal,4318
Jauan Jennings,WR,49ers,2021,1,0.66,0.66,0.0,0.004,2020,49ers,veteran,1,49ers,extension,4319
Jauan Jennings,WR,49ers,2022,1,0.825,0.825,0.0,0.004,2020,49ers,veteran,2,49ers,extension,4320
Jauan Jennings,WR,49ers,2023,1,0.94,0.94,0.0,0.004,2020,49ers,veteran,3,49ers,extension,4321
Jauan Jennings,WR,49ers,2024,1,4.89,4.89,0.0,0.019,2020,49ers,veteran,4,49ers,extension,4322
Jauan Jennings,WR,Vikings,2026,1,8.0,8.0,6.13,0.027000000000000003,2020,49ers,veteran,6,49ers,new_team_signing,4323
Javess Blue,WR,Packers,2015,3,1.579,0.526333,0.004,0.004,2015,Packers,rookie,0,Packers,rookie_deal,4324
Javian Hawkins,RB,Rams,2021,1,0.1656,0.1656,0.0,0.001,2021,Falcons,rookie,0,Rams,rookie_deal,4325
Javian Hawkins,RB,Rams,2022,1,0.705,0.705,0.0,0.003,2021,Falcons,veteran,1,Rams,extension,4326
Javon Baker,WR,Patriots,2024,4,4.836596,1.209149,0.816596,0.005,2024,Patriots,rookie,0,Patriots,rookie_deal,4327
Javon Baker,WR,49ers,2025,1,0.234,0.234,0.0,0.001,2024,Patriots,veteran,1,Patriots,new_team_signing,4328
Javon Leake,RB,Commanders,2020,1,0.1428,0.1428,0.0,0.001,2020,Giants,rookie,0,Commanders,rookie_deal,4329
Javon Leake,RB,Lions,2021,1,0.66,0.66,0.0,0.004,2020,Giants,veteran,1,Commanders,new_team_signing,4330
Javon McKinley,WR,Lions,2021,1,0.1656,0.1656,0.0,0.001,2021,Lions,rookie,0,Lions,rookie_deal,4331
Javon McKinley,WR,Steelers,2022,1,0.705,0.705,0.0,0.003,2021,Lions,veteran,1,Lions,new_team_signing,4332
Javon Walker,WR,Packers,2002,5,6.7,1.34,4.3,0.019,2002,Packers,rookie,0,Packers,rookie_deal,4333
Javon Walker,WR,Broncos,2006,5,39.75,7.95,1.0,0.078,2002,Packers,veteran,4,Packers,new_team_signing,4334
Javon Walker,WR,Raiders,2008,6,55.0,9.166667,11.0,0.079,2002,Packers,veteran,6,Broncos,new_team_signing,4335
Javon Walker,WR,Raiders,2009,5,16.0,3.2,2.0,0.026000000000000002,2002,Packers,veteran,7,Raiders,extension,4336
Javon Walker,WR,Vikings,2010,1,0.755,0.755,0.0,0.006,2002,Packers,veteran,8,Raiders,new_team_signing,4337
Javon Wims,WR,Bears,2018,4,2.555912,0.638978,0.095912,0.004,2018,Bears,rookie,0,Bears,rookie_deal,4338
Javon Wims,WR,Raiders,2021,1,0.252,0.252,0.0,0.001,2018,Bears,veteran,3,Bears,new_team_signing,4339
Javon Wims,WR,Cardinals,2022,1,0.2772,0.2772,0.0,0.001,2018,Bears,veteran,4,Raiders,new_team_signing,4340
Javon Wims,WR,Cardinals,2023,1,1.01,1.01,0.0,0.004,2018,Bears,veteran,5,Cardinals,extension,4341
Javone Lawson,WR,Cardinals,2013,3,1.488,0.496,0.003,0.0,2013,Cardinals,rookie,0,Cardinals,rookie_deal,4342
Javonte Williams,RB,Broncos,2021,4,8.865754,2.216439,6.718251,0.012,2021,Broncos,rookie,0,Broncos,rookie_deal,4343
Javonte Williams,RB,Cowboys,2025,1,3.0,3.0,2.0,0.011000000000000001,2021,Broncos,veteran,4,Broncos,new_team_signing,4344
Javonte Williams,RB,Cowboys,2026,3,24.0,8.0,16.0,0.027000000000000003,2021,Broncos,veteran,5,Cowboys,extension,4345
Javontee Herndon,WR,Cowboys,2017,2,1.17,0.585,0.0,0.004,2014,Chargers,veteran,3,Chargers,new_team_signing,4346
Jawan Jamison,RB,Commanders,2013,1,0.102,0.102,0.0,0.001,2013,Commanders,rookie,0,Commanders,rookie_deal,4347
Jawan Jamison,RB,Steelers,2014,1,0.495,0.495,0.0,0.004,2013,Commanders,veteran,1,Commanders,new_team_signing,4348
Jawhar Jordan,RB,Texans,2024,1,0.225,0.225,0.0,0.001,2024,Texans,rookie,0,Texans,rookie_deal,4349
Jawhar Jordan,RB,Texans,2025,1,0.234,0.234,0.0,0.001,2024,Texans,veteran,1,Texans,extension,4350
Jawill Davis,WR,Giants,2018,1,0.1292,0.1292,0.0,0.001,2018,Giants,rookie,0,Giants,rookie_deal,4351
Jawon Chisholm,RB,Steelers,2015,3,1.575,0.525,0.0,0.004,2015,Steelers,rookie,0,Steelers,rookie_deal,4352
Jaxon Janke,WR,Texans,2024,1,0.225,0.225,0.0,0.001,2024,Texans,rookie,0,Texans,rookie_deal,4353
Jaxon Smith-Njigba,WR,Seahawks,2023,4,14.417308,3.604327,14.417308,0.016,2023,Seahawks,rookie,0,Seahawks,rookie_deal,4354
Jaxon Smith-Njigba,WR,Seahawks,2026,4,168.6,42.15,69.130996,0.14,2023,Seahawks,veteran,3,Seahawks,extension,4355
Jaxson Dart,QB,Giants,2025,4,16.977942,4.244486,16.977942,0.015,2025,Giants,rookie,0,Giants,rookie_deal,4356
Jay Ajayi,RB,PHI/MIA,2015,4,2.500812,0.625203,0.220812,0.004,2015,Dolphins,rookie,0,PHI/MIA,rookie_deal,4357
Jay Ajayi,RB,Eagles,2019,1,0.805,0.805,0.0,0.004,2015,Dolphins,veteran,4,PHI/MIA,new_team_signing,4358
Jay Cutler,QB,Broncos,2006,6,34.1125,5.685417,11.05,0.055999999999999994,2006,Broncos,rookie,0,Broncos,rookie_deal,4359
Jay Cutler,QB,Bears,2009,2,28.912499,14.45625,20.0,0.11800000000000001,2006,Broncos,veteran,3,Broncos,new_team_signing,4360
Jay Cutler,QB,Bears,2014,7,126.7,18.1,38.0,0.136,2006,Broncos,veteran,8,Bears,extension,4361
Jay Cutler,QB,Dolphins,2017,1,10.0,10.0,5.0,0.06,2006,Broncos,veteran,11,Bears,new_team_signing,4362
Jay Finley,RB,Seahawks,2011,1,0.0969,0.0969,0.0,0.001,2011,Bengals,rookie,0,Seahawks,rookie_deal,4363
Jay Lee,WR,Lions,2016,3,1.62,0.54,0.0,0.003,2016,Lions,rookie,0,Lions,rookie_deal,4364
Jay Rome,TE,Chargers,2016,3,1.62,0.54,0.0,0.003,2016,Chargers,rookie,0,Chargers,rookie_deal,4365
Jayden Daniels,QB,Commanders,2024,4,37.74665,9.436663,37.74665,0.037000000000000005,2024,Commanders,rookie,0,Commanders,rookie_deal,4366
Jayden Higgins,WR,Texans,2025,4,11.700824,2.925206,11.700824,0.01,2025,Texans,rookie,0,Texans,rookie_deal,4367
Jayden Reed,WR,Packers,2023,4,7.180778,1.795195,4.048783,0.008,2023,Packers,rookie,0,Packers,rookie_deal,4368
Jayden Reed,WR,Packers,2026,3,50.25,16.75,20.0,0.055999999999999994,2023,Packers,veteran,3,Packers,extension,4369
Jaydn Ott,RB,Chiefs,2026,3,3.1,1.033333,0.075,0.003,2026,Chiefs,rookie,0,Chiefs,rookie_deal,4370
Jaydon Blue,RB,Cowboys,2025,4,4.627068,1.156767,0.427068,0.004,2025,Cowboys,rookie,0,Cowboys,rookie_deal,4371
Jaydon Mickens,WR,Buccaneers,2019,1,0.136,0.136,0.0,0.001,2016,Raiders,veteran,3,Jaguars,new_team_signing,4372
Jaydon Mickens,WR,Buccaneers,2020,1,0.1428,0.1428,0.0,0.001,2016,Raiders,veteran,4,Buccaneers,extension,4373
Jaydon Mickens,WR,Buccaneers,2021,1,0.252,0.252,0.0,0.001,2016,Raiders,veteran,5,Buccaneers,extension,4374
Jaydon Mickens,WR,Giants,2022,1,0.2772,0.2772,0.0,0.001,2016,Raiders,veteran,6,Buccaneers,new_team_signing,4375
Jaydon Mickens,WR,Colts,2023,1,0.2898,0.2898,0.0,0.001,2016,Raiders,veteran,7,Giants,new_team_signing,4376
Jaylen Johnson,WR,Chargers,2024,1,0.225,0.225,0.0,0.001,2024,Chargers,rookie,0,Chargers,rookie_deal,4377
Jaylen Johnson,WR,Chargers,2025,1,0.84,0.84,0.0,0.003,2024,Chargers,veteran,1,Chargers,extension,4378
Jaylen Samuels,TE,Steelers,2018,4,2.718064,0.679516,0.258064,0.004,2018,Steelers,rookie,0,Steelers,rookie_deal,4379
Jaylen Samuels,TE,Steelers,2021,1,0.252,0.252,0.0,0.001,2018,Steelers,veteran,3,Steelers,extension,4380
Jaylen Samuels,RB,Cardinals,2022,1,1.035,1.035,0.0,0.005,2018,Steelers,veteran,4,Steelers,new_team_signing,4381
Jaylen Smith,WR,Ravens,2019,3,1.755,0.585,0.0,0.003,2019,Ravens,rookie,0,Ravens,rookie_deal,4382
Jaylen Smith,WR,Seahawks,2022,1,0.207,0.207,0.0,0.001,2019,Ravens,veteran,3,Ravens,new_team_signing,4383
Jaylen Waddle,WR,Dolphins,2021,4,27.085996,6.771499,27.085996,0.037000000000000005,2021,Dolphins,rookie,0,Dolphins,rookie_deal,4384
Jaylen Waddle,WR,DEN/MIA,2024,3,84.75,28.25,35.978546,0.111,2021,Dolphins,veteran,3,Dolphins,new_team_signing,4385
Jaylen Warren,RB,Steelers,2022,3,2.572,0.857333,0.012,0.004,2022,Steelers,rookie,0,Steelers,rookie_deal,4386
Jaylen Warren,RB,Steelers,2025,1,5.346,5.346,0.0,0.019,2022,Steelers,veteran,3,Steelers,extension,4387
Jaylen Wright,RB,Dolphins,2024,4,4.78002,1.195005,0.76002,0.005,2024,Dolphins,rookie,0,Dolphins,rookie_deal,4388
Jaylin Lane,WR,Commanders,2025,4,5.11384,1.27846,0.91384,0.005,2025,Commanders,rookie,0,Commanders,rookie_deal,4389
Jaylin Noel,WR,Texans,2025,4,6.466856,1.616714,1.343168,0.006,2025,Texans,rookie,0,Texans,rookie_deal,4390
Jaylon Moore,WR,Ravens,2020,1,0.1428,0.1428,0.0,0.001,2020,Ravens,rookie,0,Ravens,rookie_deal,4391
Jaylon Moore,WR,Ravens,2021,1,0.66,0.66,0.0,0.004,2020,Ravens,veteran,1,Ravens,extension,4392
Jaylon Moore,WR,Giants,2022,1,0.207,0.207,0.0,0.001,2020,Ravens,veteran,2,Ravens,new_team_signing,4393
Jaylon Moore,WR,Jaguars,2023,1,0.75,0.75,0.0,0.003,2020,Ravens,veteran,3,Giants,new_team_signing,4394
Jaz Reynolds,WR,Titans,2014,4,1.53,0.51,0.0,0.0,2014,Titans,rookie,0,Titans,rookie_deal,4395
Jazz Ferguson,WR,Seahawks,2019,1,0.136,0.136,0.0,0.001,2019,Seahawks,rookie,0,Seahawks,rookie_deal,4396
Je'Quan Burton,WR,Dolphins,2024,3,2.832,0.944,0.002,0.004,2024,Dolphins,rookie,0,Dolphins,rookie_deal,4397
Je'Ron Hamm,TE,Colts,2018,1,0.1292,0.1292,0.0,0.001,2014,Saints,veteran,4,49ers,new_team_signing,4398
Jean Sifrin,TE,Colts,2015,3,1.5775,0.525833,0.0025,0.0,2015,Colts,rookie,0,Colts,rookie_deal,4399
Jeff Badet,WR,Vikings,2018,1,0.1292,0.1292,0.0,0.001,2018,Vikings,rookie,0,Vikings,rookie_deal,4400
Jeff Badet,WR,Vikings,2019,2,1.155,0.5775,0.075,0.003,2018,Vikings,veteran,1,Vikings,extension,4401
Jeff Badet,WR,Commanders,2020,1,0.1428,0.1428,0.0,0.001,2018,Vikings,veteran,2,Vikings,new_team_signing,4402
Jeff Badet,WR,Raiders,2021,1,0.1656,0.1656,0.0,0.001,2018,Vikings,veteran,3,Commanders,new_team_signing,4403
Jeff Bethard,WR,Cardinals,2016,3,1.62,0.54,0.0,0.003,2016,Cardinals,rookie,0,Cardinals,rookie_deal,4404
Jeff Caldwell,WR,Chiefs,2026,3,3.125,1.041667,0.2725,0.003,2026,Chiefs,rookie,0,Chiefs,rookie_deal,4405
Jeff Cotton,WR,Chargers,2020,1,0.1428,0.1428,0.0,0.001,2020,Chargers,rookie,0,Chargers,rookie_deal,4406
Jeff Cotton,WR,Jaguars,2021,1,0.1656,0.1656,0.0,0.001,2020,Chargers,veteran,1,Chargers,new_team_signing,4407
Jeff Cotton,WR,Packers,2022,1,0.207,0.207,0.0,0.001,2020,Chargers,veteran,2,Jaguars,new_team_signing,4408
Jeff Cotton,WR,Packers,2023,1,0.75,0.75,0.0,0.003,2020,Chargers,veteran,3,Packers,extension,4409
Jeff Demps,RB,Colts,2012,2,1.11,0.555,0.0,0.0,2012,Patriots,rookie,0,Colts,rookie_deal,4410
Jeff Driskel,QB,Bengals,2016,4,2.45254,0.613135,0.11254,0.004,2016,49ers,rookie,0,Bengals,rookie_deal,4411
Jeff Driskel,QB,Lions,2019,1,0.645,0.645,0.0,0.003,2016,49ers,veteran,3,Bengals,new_team_signing,4412
Jeff Driskel,QB,Broncos,2020,2,5.0,2.5,2.5,0.013000000000000001,2016,49ers,veteran,4,Lions,new_team_signing,4413
Jeff Driskel,QB,Texans,2021,1,0.252,0.252,0.0,0.001,2016,49ers,veteran,5,Broncos,new_team_signing,4414
Jeff Driskel,QB,Texans,2022,1,0.3582,0.3582,0.0,0.002,2016,49ers,veteran,6,Texans,extension,4415
Jeff Driskel,QB,Cardinals,2023,1,0.3708,0.3708,0.0,0.002,2016,49ers,veteran,7,Texans,new_team_signing,4416
Jeff Driskel,QB,Commanders,2024,1,1.15,1.15,0.15,0.005,2016,49ers,veteran,8,Cardinals,new_team_signing,4417
Jeff Driskel,QB,Raiders,2025,1,0.315,0.315,0.0,0.001,2016,49ers,veteran,9,Commanders,new_team_signing,4418
Jeff Foreman,WR,Raiders,2024,3,2.84,0.946667,0.055,0.004,2024,Raiders,rookie,0,Raiders,rookie_deal,4419
Jeff Heuerman,TE,Broncos,2015,4,2.945804,0.736451,0.620804,0.005,2015,Broncos,rookie,0,Broncos,rookie_deal,4420
Jeff Heuerman,TE,Broncos,2019,2,8.0,4.0,2.0,0.021,2015,Broncos,veteran,4,Broncos,extension,4421
Jeff Janis,WR,Packers,2014,4,2.271392,0.567848,0.051392,0.004,2014,Packers,rookie,0,Packers,rookie_deal,4422
Jeff Janis,WR,Browns,2018,1,1.25,1.25,0.0,0.006999999999999999,2014,Packers,veteran,4,Packers,new_team_signing,4423
Jeff King,TE,Cardinals,2006,3,5.55,1.85,1.0,0.0,2006,Panthers,rookie,0,Cardinals,rookie_deal,4424
Jeff Maehl,WR,Eagles,2011,1,0.66,0.66,0.0,0.0,2011,Texans,rookie,0,Eagles,rookie_deal,4425
Jeff Mathews,QB,Cardinals,2014,4,1.53,0.51,0.0,0.0,2014,Falcons,rookie,0,Cardinals,rookie_deal,4426
Jeff Smith,WR,Jets,2019,1,0.204,0.204,0.0,0.001,2019,Jets,rookie,0,Jets,rookie_deal,4427
Jeff Smith,WR,Jets,2021,1,0.78,0.78,0.0,0.004,2019,Jets,veteran,2,Jets,extension,4428
Jeff Smith,WR,Jets,2022,1,0.895,0.895,0.0,0.004,2019,Jets,veteran,3,Jets,extension,4429
Jeff Smith,WR,Cardinals,2023,1,0.2898,0.2898,0.0,0.001,2019,Jets,veteran,4,Jets,new_team_signing,4430
Jeff Smith,WR,Cardinals,2024,1,1.055,1.055,0.0,0.004,2019,Jets,veteran,5,Cardinals,extension,4431
Jeff Thomas,WR,Patriots,2020,3,2.2875,0.7625,0.0025,0.004,2020,Patriots,rookie,0,Patriots,rookie_deal,4432
Jeff Wilson,RB,49ers,2018,1,0.1292,0.1292,0.0,0.001,2018,49ers,rookie,0,49ers,rookie_deal,4433
Jeff Wilson,RB,49ers,2019,1,0.204,0.204,0.0,0.001,2018,49ers,veteran,1,49ers,extension,4434
Jeff Wilson,RB,49ers,2020,1,0.75,0.75,0.0,0.004,2018,49ers,veteran,2,49ers,extension,4435
Jeff Wilson,RB,49ers,2021,1,2.05,2.05,2.05,0.011000000000000001,2018,49ers,veteran,3,49ers,extension,4436
Jeff Wilson,RB,MIA/SF,2022,1,1.085,1.085,0.53,0.005,2018,49ers,veteran,4,49ers,new_team_signing,4437
Jeff Wilson,RB,Dolphins,2023,2,6.0,3.0,2.645,0.013000000000000001,2018,49ers,veteran,5,MIA/SF,new_team_signing,4438
Jeff Wilson,RB,Dolphins,2024,1,1.75,1.75,0.4,0.006999999999999999,2018,49ers,veteran,6,Dolphins,extension,4439
Jeff Wilson,RB,Dolphins,2025,1,0.315,0.315,0.0,0.001,2018,49ers,veteran,7,Dolphins,extension,4440
Jehu Chesson,WR,Chiefs,2017,4,2.847648,0.711912,0.419648,0.004,2017,Chiefs,rookie,0,Chiefs,rookie_deal,4441
Jehu Chesson,WR,Commanders,2018,1,0.1292,0.1292,0.0,0.001,2017,Chiefs,veteran,1,Chiefs,new_team_signing,4442
Jehu Chesson,WR,Commanders,2019,1,0.136,0.136,0.0,0.001,2017,Chiefs,veteran,2,Commanders,extension,4443
Jehu Chesson,WR,Jets,2020,1,0.67,0.67,0.01,0.003,2017,Chiefs,veteran,3,Commanders,new_team_signing,4444
Jelani Baker,WR,Ravens,2024,3,2.835,0.945,0.005,0.004,2024,Ravens,rookie,0,Ravens,rookie_deal,4445
Jelani Woods,TE,NYJ/IND,2022,4,5.372484,1.343121,1.08726,0.006,2022,Colts,rookie,0,NYJ/IND,rookie_deal,4446
Jelani Woods,TE,Jets,2025,1,0.96,0.96,0.0,0.003,2022,Colts,veteran,3,NYJ/IND,new_team_signing,4447
Jelani Woods,TE,Jets,2026,1,1.175,1.175,0.0,0.004,2022,Colts,veteran,4,Jets,extension,4448
Jenson Stoshak,WR,Panthers,2016,3,1.62,0.54,0.0,0.003,2016,Panthers,rookie,0,Panthers,rookie_deal,4449
Jequez Ezzard,WR,Commanders,2022,3,2.57,0.856667,0.055,0.004,2022,Commanders,rookie,0,Commanders,rookie_deal,4450
Jerand Bradley,TE,Chargers,2026,3,3.112,1.037333,0.012,0.003,2026,Chargers,rookie,0,Chargers,rookie_deal,4451
Jerell Adams,TE,Giants,2016,4,2.482856,0.620714,0.142856,0.004,2016,Giants,rookie,0,Giants,rookie_deal,4452
Jerell Adams,TE,Texans,2018,1,0.1292,0.1292,0.0,0.001,2016,Giants,veteran,2,Giants,new_team_signing,4453
Jerell Adams,TE,Texans,2019,1,0.136,0.136,0.0,0.001,2016,Giants,veteran,3,Texans,extension,4454
Jerell Adams,TE,Lions,2020,1,0.1428,0.1428,0.0,0.001,2016,Giants,veteran,4,Texans,new_team_signing,4455
Jerell Adams,TE,Buccaneers,2021,1,0.92,0.92,0.0,0.005,2016,Giants,veteran,5,Lions,new_team_signing,4456
Jeremiah Braswell,WR,Cardinals,2020,3,2.288,0.762667,0.003,0.004,2020,Cardinals,rookie,0,Cardinals,rookie_deal,4457
Jeremiah Hall,TE,Giants,2022,3,2.575,0.858333,0.03,0.004,2022,Giants,rookie,0,Giants,rookie_deal,4458
Jeremiah Haydel,WR,Rams,2021,3,2.428,0.809333,0.003,0.004,2021,Rams,rookie,0,Rams,rookie_deal,4459
Jeremiah Webb,WR,Patriots,2025,1,0.234,0.234,0.0,0.001,2025,Patriots,rookie,0,Patriots,rookie_deal,4460
Jeremiah Webb,WR,Patriots,2026,1,0.885,0.885,0.0,0.003,2025,Patriots,veteran,1,Patriots,extension,4461
Jeremiyah Love,RB,Cardinals,2026,4,53.022816,13.255704,53.022816,0.044000000000000004,2026,Cardinals,rookie,0,Cardinals,rookie_deal,4462
Jeremy Cox,RB,Chargers,2019,3,1.76,0.586666,0.005,0.003,2019,Chargers,rookie,0,Chargers,rookie_deal,4463
Jeremy Cox,RB,Broncos,2020,1,0.1428,0.1428,0.0,0.001,2019,Chargers,veteran,1,Chargers,new_team_signing,4464
Jeremy Cox,RB,Broncos,2021,2,1.675,0.8375,0.0,0.005,2019,Chargers,veteran,2,Broncos,extension,4465
Jeremy Ebert,WR,Patriots,2012,1,0.0969,0.0,0.0,0.0,2012,Patriots,rookie,0,Patriots,rookie_deal,4466
Jeremy Ebert,WR,Jaguars,2013,1,0.102,0.102,0.0,0.001,2012,Patriots,veteran,1,Patriots,new_team_signing,4467
Jeremy Ebert,WR,Falcons,2014,2,1.08,0.54,0.0,0.004,2012,Patriots,veteran,2,Jaguars,new_team_signing,4468
Jeremy Gallon,WR,Patriots,2014,4,2.267592,0.566898,0.047592,0.004,2014,Patriots,rookie,0,Patriots,rookie_deal,4469
Jeremy Gallon,WR,Raiders,2015,1,0.435,0.435,0.0,0.003,2014,Patriots,veteran,1,Patriots,new_team_signing,4470
Jeremy Hill,RB,Bengals,2014,4,3.753602,0.938401,1.64051,0.006999999999999999,2014,Bengals,rookie,0,Bengals,rookie_deal,4471
Jeremy Hill,RB,Patriots,2018,1,1.5,1.5,0.15,0.008,2014,Bengals,veteran,4,Bengals,new_team_signing,4472
Jeremy Hill,RB,Raiders,2020,1,0.91,0.91,0.0,0.005,2014,Bengals,veteran,6,Patriots,new_team_signing,4473
Jeremy Kerley,WR,Jets,2011,4,2.22425,0.556063,0.18425,0.005,2011,Jets,rookie,0,Jets,rookie_deal,4474
Jeremy Kerley,WR,Jets,2014,4,14.0,3.5,3.841765,0.026000000000000002,2011,Jets,veteran,3,Jets,extension,4475
Jeremy Kerley,WR,SF/DET,2016,1,0.85,0.85,0.05,0.005,2011,Jets,veteran,5,Jets,new_team_signing,4476
Jeremy Kerley,WR,Jets,2017,1,0.775,0.775,0.0,0.005,2011,Jets,veteran,6,SF/DET,new_team_signing,4477
Jeremy Kerley,WR,Bills,2018,1,0.96,0.96,0.0,0.005,2011,Jets,veteran,7,Jets,new_team_signing,4478
Jeremy Langford,RB,Bears,2015,4,2.823624,0.705906,0.543624,0.005,2015,Bears,rookie,0,Bears,rookie_deal,4479
Jeremy Langford,RB,Ravens,2017,1,0.2975,0.2975,0.0,0.002,2015,Bears,veteran,2,Bears,new_team_signing,4480
Jeremy Langford,RB,Dolphins,2018,1,0.1292,0.1292,0.0,0.001,2015,Bears,veteran,3,Ravens,new_team_signing,4481
Jeremy Maclin,WR,Eagles,2009,5,12.5,2.5,7.365,0.02,2009,Eagles,rookie,0,Eagles,rookie_deal,4482
Jeremy Maclin,WR,Eagles,2014,1,5.5,5.5,3.5,0.040999999999999995,2009,Eagles,veteran,5,Eagles,extension,4483
Jeremy Maclin,WR,Chiefs,2015,5,55.0,11.0,22.5,0.077,2009,Eagles,veteran,6,Eagles,new_team_signing,4484
Jeremy Maclin,WR,Ravens,2017,2,11.0,5.5,6.0,0.033,2009,Eagles,veteran,8,Chiefs,new_team_signing,4485
Jeremy McNichols,RB,49ers,2017,1,0.17,0.17,0.0,0.001,2017,Buccaneers,rookie,0,49ers,rookie_deal,4486
Jeremy McNichols,RB,Colts,2018,1,0.1292,0.1292,0.0,0.001,2017,Buccaneers,veteran,1,49ers,new_team_signing,4487
Jeremy McNichols,RB,Jaguars,2019,1,0.136,0.136,0.0,0.001,2017,Buccaneers,veteran,2,Colts,new_team_signing,4488
Jeremy McNichols,RB,Titans,2020,1,0.1428,0.1428,0.0,0.001,2017,Buccaneers,veteran,3,Jaguars,new_team_signing,4489
Jeremy McNichols,RB,Titans,2021,1,0.1656,0.1656,0.0,0.001,2017,Buccaneers,veteran,4,Titans,extension,4490
Jeremy McNichols,RB,Steelers,2022,1,1.035,1.035,0.0,0.005,2017,Buccaneers,veteran,5,Titans,new_team_signing,4491
Jeremy McNichols,RB,49ers,2023,1,0.3708,0.3708,0.0,0.002,2017,Buccaneers,veteran,6,Steelers,new_team_signing,4492
Jeremy McNichols,RB,Commanders,2024,1,1.125,1.125,0.0,0.004,2017,Buccaneers,veteran,7,49ers,new_team_signing,4493
Jeremy McNichols,RB,Commanders,2025,1,1.3375,1.3375,0.4925,0.005,2017,Buccaneers,veteran,8,Commanders,extension,4494
Jeremy McNichols,RB,Commanders,2026,1,1.4875,1.4875,0.5625,0.005,2017,Buccaneers,veteran,9,Commanders,extension,4495
Jeremy Ruckert,TE,Jets,2022,4,5.044903,1.261226,0.84902,0.006,2022,Jets,rookie,0,Jets,rookie_deal,4496
Jeremy Ruckert,TE,Jets,2025,2,10.0,5.0,4.972157,0.018000000000000002,2022,Jets,veteran,3,Jets,extension,4497
Jeremy Sprinkle,TE,Commanders,2017,4,2.676516,0.669129,0.276516,0.004,2017,Commanders,rookie,0,Commanders,rookie_deal,4498
Jeremy Sprinkle,TE,Cowboys,2021,1,0.252,0.252,0.0,0.001,2017,Commanders,veteran,4,Commanders,new_team_signing,4499
Jeremy Sprinkle,TE,Cowboys,2022,1,1.1875,1.1875,0.1525,0.006,2017,Commanders,veteran,5,Cowboys,extension,4500
Jeret Smith,WR,Chiefs,2015,3,1.575,0.525,0.0,0.0,2015,Chiefs,rookie,0,Chiefs,rookie_deal,4501
Jerick McKinnon,RB,Vikings,2014,4,2.765,0.69125,0.515,0.005,2014,Vikings,rookie,0,Vikings,rookie_deal,4502
Jerick McKinnon,RB,49ers,2018,4,30.0,7.5,11.7,0.042,2014,Vikings,veteran,4,Vikings,new_team_signing,4503
Jerick McKinnon,RB,49ers,2020,1,1.16,1.16,0.0,0.006,2014,Vikings,veteran,6,49ers,extension,4504
Jerick McKinnon,RB,Chiefs,2021,1,0.99,0.99,0.15,0.005,2014,Vikings,veteran,7,49ers,new_team_signing,4505
Jerick McKinnon,RB,Chiefs,2022,1,1.1875,1.1875,0.0,0.006,2014,Vikings,veteran,8,Chiefs,extension,4506
Jerick McKinnon,RB,Chiefs,2023,1,1.3175,1.3175,1.0925,0.006,2014,Vikings,veteran,9,Chiefs,extension,4507
Jerjuan Newton,WR,Broncos,2025,3,2.965,0.988333,0.01,0.004,2025,Broncos,rookie,0,Broncos,rookie_deal,4508
Jermaine Burton,WR,Bengals,2024,4,5.820896,1.455224,1.05338,0.006,2024,Bengals,rookie,0,Bengals,rookie_deal,4509
Jermaine Gresham,TE,Bengals,2010,5,12.4,2.48,8.2485,0.019,2010,Bengals,rookie,0,Bengals,rookie_deal,4510
Jermaine Gresham,TE,Cardinals,2015,1,3.125,3.125,1.5,0.022000000000000002,2010,Bengals,veteran,5,Bengals,new_team_signing,4511
Jermaine Gresham,TE,Cardinals,2016,1,3.5,3.5,3.0,0.023,2010,Bengals,veteran,6,Cardinals,extension,4512
Jermaine Gresham,TE,Cardinals,2017,4,28.0,7.0,13.0,0.042,2010,Bengals,veteran,7,Cardinals,extension,4513
Jermaine Jackson,WR,Saints,2024,1,0.225,0.225,0.0,0.001,2024,Saints,rookie,0,Saints,rookie_deal,4514
Jermaine Kearse,WR,Seahawks,2012,1,0.0969,0.0969,0.0,0.001,2012,Seahawks,rookie,0,Seahawks,rookie_deal,4515
Jermaine Kearse,WR,Seahawks,2015,1,2.356,2.356,0.0,0.016,2012,Seahawks,veteran,3,Seahawks,extension,4516
Jermaine Kearse,WR,NYJ/SEA,2016,3,13.5,4.5,6.3,0.028999999999999998,2012,Seahawks,veteran,4,Seahawks,new_team_signing,4517
Jermaine Kearse,WR,Lions,2019,1,1.35,1.35,0.35,0.006999999999999999,2012,Seahawks,veteran,7,NYJ/SEA,new_team_signing,4518
Jermaine Terry II,TE,Giants,2025,3,2.98,0.993333,0.065,0.004,2025,Giants,rookie,0,Giants,rookie_deal,4519
Jermar Jefferson,RB,Lions,2021,4,3.558324,0.889581,0.078324,0.005,2021,Lions,rookie,0,Lions,rookie_deal,4520
Jermar Jefferson,RB,Lions,2022,1,0.207,0.207,0.0,0.001,2021,Lions,veteran,1,Lions,extension,4521
Jermar Jefferson,RB,Lions,2023,1,0.216,0.216,0.0,0.001,2021,Lions,veteran,2,Lions,extension,4522
Jermar Jefferson,RB,Lions,2024,1,0.225,0.225,0.0,0.001,2021,Lions,veteran,3,Lions,extension,4523
Jermar Jefferson,RB,Titans,2025,1,0.234,0.234,0.0,0.001,2021,Lions,veteran,4,Lions,new_team_signing,4524
Jermar Jefferson,RB,49ers,2026,1,1.005,1.005,0.0,0.003,2021,Lions,veteran,5,Titans,new_team_signing,4525
Jermichael Finley,TE,Packers,2008,4,2.358,0.5895,0.653,0.005,2008,Packers,rookie,0,Packers,rookie_deal,4526
Jermichael Finley,TE,Packers,2012,2,14.0,7.0,5.45,0.057999999999999996,2008,Packers,veteran,4,Packers,extension,4527
Jerod Evans,QB,Packers,2017,1,0.1224,0.1224,0.0,0.001,2017,Eagles,rookie,0,Packers,rookie_deal,4528
Jerodis Williams,RB,Broncos,2013,1,0.42,0.42,0.0,0.0,2013,Vikings,rookie,0,Broncos,rookie_deal,4529
Jerome Cunningham,TE,Titans,2018,1,0.1292,0.1292,0.0,0.001,2014,Giants,veteran,4,Titans,extension,4530
Jerome Cunningham,TE,Commanders,2019,1,0.645,0.645,0.0,0.003,2014,Giants,veteran,5,Titans,new_team_signing,4531
Jerome Ford,RB,Browns,2022,4,3.982148,0.995537,0.322148,0.005,2022,Browns,rookie,0,Browns,rookie_deal,4532
Jerome Ford,RB,Browns,2025,1,1.75,1.75,1.75,0.006,2022,Browns,veteran,3,Browns,extension,4533
Jerome Ford,RB,Commanders,2026,1,1.4025,1.4025,0.4375,0.005,2022,Browns,veteran,4,Browns,new_team_signing,4534
Jerome Kapp,WR,Jets,2023,3,2.695,0.898333,0.0,0.004,2023,Jets,rookie,0,Jets,rookie_deal,4535
Jerome Lane,WR,Colts,2017,3,1.665,0.555,0.0,0.003,2017,Colts,rookie,0,Colts,rookie_deal,4536
Jerome Simpson,WR,Bengals,2008,4,3.617,0.90425,1.912,0.008,2008,Bengals,rookie,0,Bengals,rookie_deal,4537
Jerome Simpson,WR,Vikings,2012,1,2.0,2.0,0.0,0.017,2008,Bengals,veteran,4,Bengals,new_team_signing,4538
Jerome Simpson,WR,Vikings,2013,1,2.1,2.1,0.5,0.017,2008,Bengals,veteran,5,Vikings,extension,4539
Jerome Simpson,WR,Vikings,2014,1,1.0,1.0,0.0,0.008,2008,Bengals,veteran,6,Vikings,extension,4540
Jerome Simpson,WR,49ers,2015,2,1.73,0.865,0.0,0.006,2008,Bengals,veteran,7,Vikings,new_team_signing,4541
Jerome Smith,RB,Falcons,2014,3,1.53,0.51,0.0,0.0,2014,Falcons,rookie,0,Falcons,rookie_deal,4542
Jerome Washington,TE,Cardinals,2019,3,1.766,0.588667,0.011,0.003,2019,Cardinals,rookie,0,Cardinals,rookie_deal,4543
Jeron Mastrud,TE,Bears,2010,1,0.73,0.73,0.0,0.0,2010,Buccaneers,rookie,0,Bears,rookie_deal,4544
Jerrel Jernigan,WR,Giants,2011,4,2.690252,0.672563,0.575252,0.006,2011,Giants,rookie,0,Giants,rookie_deal,4545
Jerrell Jackson,WR,Chiefs,2012,1,0.42,0.42,0.0,0.0,2012,Texans,rookie,0,Chiefs,rookie_deal,4546
Jerreth Sterns,WR,Rams,2022,1,0.207,0.207,0.0,0.001,2022,Buccaneers,rookie,0,Rams,rookie_deal,4547
Jerreth Sterns,WR,Rams,2023,2,1.665,0.8325,0.0,0.004,2022,Buccaneers,veteran,1,Rams,extension,4548
Jerrion Ealy,RB,Chiefs,2022,1,0.207,0.207,0.0,0.001,2022,Chiefs,rookie,0,Chiefs,rookie_deal,4549
Jerrion Ealy,RB,Chiefs,2023,1,0.75,0.75,0.0,0.003,2022,Chiefs,veteran,1,Chiefs,extension,4550
Jerry Jeudy,WR,DEN/CLE,2020,4,15.192958,3.79824,15.192958,0.019,2020,Broncos,rookie,0,DEN/CLE,rookie_deal,4551
Jerry Jeudy,WR,Browns,2024,3,52.5,17.5,41.0,0.069,2020,Broncos,veteran,4,DEN/CLE,new_team_signing,4552
Jerry Lovelocke,QB,Ravens,2015,3,1.58,0.526667,0.005,0.0,2015,Ravens,rookie,0,Ravens,rookie_deal,4553
Jeshaun Jones,WR,Vikings,2024,1,0.225,0.225,0.0,0.001,2024,Vikings,rookie,0,Vikings,rookie_deal,4554
Jeshaun Jones,WR,Vikings,2025,1,0.234,0.234,0.0,0.001,2024,Vikings,veteran,1,Vikings,extension,4555
Jeshaun Jones,WR,Vikings,2026,1,0.885,0.885,0.0,0.003,2024,Vikings,veteran,2,Vikings,extension,4556
Jesper Horsted,WR,Bears,2019,1,0.255,0.255,0.0,0.001,2019,Bears,rookie,0,Bears,rookie_deal,4557
Jesper Horsted,WR,Bears,2020,1,0.1428,0.1428,0.0,0.001,2019,Bears,veteran,1,Bears,extension,4558
Jesper Horsted,WR,Bears,2021,1,0.78,0.78,0.0,0.004,2019,Bears,veteran,2,Bears,extension,4559
Jesper Horsted,TE,Raiders,2022,1,0.895,0.895,0.0,0.004,2019,Bears,veteran,3,Bears,new_team_signing,4560
Jesper Horsted,TE,Raiders,2023,1,1.12,1.12,0.03,0.005,2019,Bears,veteran,4,Raiders,extension,4561
Jesper Horsted,TE,Saints,2024,1,1.125,1.125,0.0,0.004,2019,Bears,veteran,5,Raiders,new_team_signing,4562
Jesse James,TE,Steelers,2015,4,2.488912,0.622228,0.208912,0.004,2015,Steelers,rookie,0,Steelers,rookie_deal,4563
Jesse James,TE,Lions,2019,4,22.6,5.65,10.5,0.03,2015,Steelers,veteran,4,Steelers,new_team_signing,4564
Jesse James,TE,Bears,2021,1,1.65,1.65,1.65,0.009000000000000001,2015,Steelers,veteran,6,Lions,new_team_signing,4565
Jesse James,TE,Browns,2022,1,1.12,1.12,0.0,0.005,2015,Steelers,veteran,7,Bears,new_team_signing,4566
Jesse James,TE,Raiders,2023,1,0.3303,0.3303,0.0,0.001,2015,Steelers,veteran,8,Browns,new_team_signing,4567
Jesse Matthews,WR,Texans,2023,3,2.705,0.901667,0.06,0.004,2023,Texans,rookie,0,Texans,rookie_deal,4568
Jesse Matthews,WR,Falcons,2024,1,0.225,0.225,0.0,0.001,2023,Texans,veteran,1,Texans,new_team_signing,4569
Jesse Matthews,WR,Falcons,2025,1,0.84,0.84,0.0,0.003,2023,Texans,veteran,2,Falcons,extension,4570
Jester Weah,WR,Texans,2018,1,0.1292,0.1292,0.0,0.001,2018,Texans,rookie,0,Texans,rookie_deal,4571
Jester Weah,WR,Commanders,2019,1,0.136,0.136,0.0,0.001,2018,Texans,veteran,1,Texans,new_team_signing,4572
Jester Weah,WR,Bears,2021,1,0.66,0.66,0.0,0.004,2018,Texans,veteran,3,Commanders,new_team_signing,4573
Jewel Hampton,RB,49ers,2012,3,1.445,0.481667,0.005,0.004,2012,,rookie,0,49ers,rookie_deal,4574
Jewel Hampton,RB,49ers,2013,1,0.102,0.102,0.0,0.001,2012,,veteran,1,49ers,extension,4575
Jha'Quan Jackson,WR,Titans,2024,4,4.223668,1.055917,0.203668,0.004,2024,Titans,rookie,0,Titans,rookie_deal,4576
Jha'Quan Jackson,WR,Saints,2025,1,0.234,0.234,0.0,0.001,2024,Titans,veteran,1,Titans,new_team_signing,4577
Jha'Quan Jackson,WR,Texans,2026,1,1.005,1.005,0.0,0.003,2024,Titans,veteran,2,Saints,new_team_signing,4578
Jhajuan Seales,WR,Buccaneers,2017,2,1.02,0.51,0.0,0.003,2017,Bears,rookie,0,Buccaneers,rookie_deal,4579
Jhamon Ausbon,WR,Eagles,2021,3,2.435,0.811667,0.08,0.004,2021,Eagles,rookie,0,Eagles,rookie_deal,4580
Jhurell Pressley,RB,Packers,2016,3,1.623,0.541,0.003,0.003,2016,Vikings,rookie,0,Packers,rookie_deal,4581
Jhurell Pressley,RB,ATL/JAX,2017,1,0.1224,0.1224,0.0,0.001,2016,Vikings,veteran,1,Packers,new_team_signing,4582
Jhurell Pressley,RB,Giants,2018,1,0.1292,0.1292,0.0,0.001,2016,Vikings,veteran,2,ATL/JAX,new_team_signing,4583
Jibri Blount,TE,Dolphins,2021,3,2.425,0.808333,0.0,0.004,2021,Dolphins,rookie,0,Dolphins,rookie_deal,4584
Jim Dray,TE,Cardinals,2017,1,0.775,0.775,0.0,0.005,2010,Cardinals,veteran,7,49ers,new_team_signing,4585
Jimmie Hunt,WR,Packers,2015,3,1.58,0.526667,0.005,0.004,2015,Packers,rookie,0,Packers,rookie_deal,4586
Jimmy Garoppolo,QB,SF/NE,2014,4,3.483898,0.870975,1.103744,0.006999999999999999,2014,Patriots,rookie,0,SF/NE,rookie_deal,4587
Jimmy Garoppolo,QB,49ers,2018,5,137.5,27.5,48.7,0.155,2014,Patriots,veteran,4,SF/NE,new_team_signing,4588
Jimmy Garoppolo,QB,49ers,2022,1,7.0,7.0,6.5,0.034,2014,Patriots,veteran,8,49ers,extension,4589
Jimmy Garoppolo,QB,Raiders,2023,3,72.75,24.25,33.75,0.10800000000000001,2014,Patriots,veteran,9,49ers,new_team_signing,4590
Jimmy Garoppolo,QB,Rams,2024,1,3.17875,3.17875,3.17875,0.012,2014,Patriots,veteran,10,Raiders,new_team_signing,4591
Jimmy Garoppolo,QB,Rams,2025,1,3.005,3.005,3.005,0.011000000000000001,2014,Patriots,veteran,11,Rams,extension,4592
Jimmy Graham,TE,Saints,2010,4,3.29814,0.825736,0.66514,0.006,2010,Saints,rookie,0,Saints,rookie_deal,4593
Jimmy Graham,TE,NO/SEA,2014,4,40.0,10.0,13.0,0.075,2010,Saints,veteran,4,Saints,new_team_signing,4594
Jimmy Graham,TE,Packers,2018,3,30.0,10.0,11.0,0.055999999999999994,2010,Saints,veteran,8,NO/SEA,new_team_signing,4595
Jimmy Graham,TE,Bears,2020,2,16.0,8.0,9.0,0.04,2010,Saints,veteran,10,Packers,new_team_signing,4596
Jimmy Graham,TE,Saints,2023,1,1.3175,1.3175,0.1525,0.006,2010,Saints,veteran,13,Bears,new_team_signing,4597
Jimmy Holiday,WR,Seahawks,2025,1,0.234,0.234,0.0,0.001,2025,Chiefs,rookie,0,Seahawks,rookie_deal,4598
Jimmy Holiday,WR,Chiefs,2026,1,0.885,0.885,0.0,0.003,2025,Chiefs,veteran,1,Seahawks,new_team_signing,4599
Jimmy Horn Jr.,WR,Panthers,2025,4,4.39544,1.09886,0.19544,0.004,2025,Panthers,rookie,0,Panthers,rookie_deal,4600
Jimmy Jean,WR,Patriots,2015,3,1.58,0.526667,0.005,0.0,2015,Patriots,rookie,0,Patriots,rookie_deal,4601
Jimmy Kibble,WR,Patriots,2026,3,3.1,1.033333,0.0,0.003,2026,Patriots,rookie,0,Patriots,rookie_deal,4602
Jimmy Williams,WR,Broncos,2018,3,1.72,0.573333,0.01,0.003,2018,Broncos,rookie,0,Broncos,rookie_deal,4603
JoJo Natson,WR,Jets,2017,1,0.17,0.17,0.0,0.001,2017,Colts,rookie,0,Jets,rookie_deal,4604
JoJo Natson,WR,Rams,2018,1,0.555,0.55,0.0,0.003,2017,Colts,veteran,1,Jets,new_team_signing,4605
JoJo Natson,WR,Rams,2019,1,0.645,0.645,0.0,0.003,2017,Colts,veteran,2,Rams,extension,4606
JoJo Natson,WR,Browns,2020,1,1.0,1.0,0.0,0.005,2017,Colts,veteran,3,Rams,new_team_signing,4607
JoJo Natson,WR,Browns,2021,1,0.252,0.252,0.0,0.001,2017,Colts,veteran,4,Browns,extension,4608
JoJo Ward,WR,Cardinals,2020,1,0.1428,0.1428,0.0,0.001,2020,Cardinals,rookie,0,Cardinals,rookie_deal,4609
JoJo Ward,WR,Cardinals,2021,1,0.66,0.66,0.0,0.004,2020,Cardinals,veteran,1,Cardinals,extension,4610
Joaquin Davis,WR,Vikings,2025,1,0.234,0.234,0.0,0.001,2025,Broncos,rookie,0,Vikings,rookie_deal,4611
Joaquin Davis,WR,Vikings,2026,1,0.885,0.885,0.0,0.003,2025,Broncos,veteran,1,Vikings,extension,4612
Jody Fortson,WR,Chiefs,2019,3,1.755,0.585,0.0,0.003,2019,Chiefs,rookie,0,Chiefs,rookie_deal,4613
Jody Fortson,WR,Chiefs,2020,1,0.1428,0.1428,0.0,0.001,2019,Chiefs,veteran,1,Chiefs,extension,4614
Jody Fortson,WR,Chiefs,2021,1,0.66,0.66,0.0,0.004,2019,Chiefs,veteran,2,Chiefs,extension,4615
Jody Fortson,TE,Chiefs,2022,1,0.825,0.825,0.0,0.004,2019,Chiefs,veteran,3,Chiefs,extension,4616
Jody Fortson,TE,Chiefs,2023,1,0.94,0.94,0.0,0.004,2019,Chiefs,veteran,4,Chiefs,extension,4617
Jody Fortson,TE,Chiefs,2024,1,0.3834,0.3834,0.0,0.002,2019,Chiefs,veteran,5,Chiefs,extension,4618
Joe Adams,WR,Panthers,2012,4,2.567552,0.641888,0.467552,0.005,2012,Panthers,rookie,0,Panthers,rookie_deal,4619
Joe Adams,WR,Panthers,2013,1,0.48,0.48,0.0,0.004,2012,Panthers,veteran,1,Panthers,extension,4620
Joe Adams,WR,Texans,2014,2,1.08,0.54,0.0,0.004,2012,Panthers,veteran,2,Panthers,new_team_signing,4621
Joe Burrow,QB,Bengals,2020,4,36.190136,9.047534,36.190136,0.046,2020,Bengals,rookie,0,Bengals,rookie_deal,4622
Joe Burrow,QB,Bengals,2023,5,275.0,55.0,146.51,0.245,2020,Bengals,veteran,3,Bengals,extension,4623
Joe Callahan,QB,Packers,2016,2,0.99,0.495,0.0,0.003,2016,Packers,rookie,0,Packers,rookie_deal,4624
Joe Callahan,QB,Packers,2017,1,0.1224,0.1224,0.0,0.001,2016,Packers,veteran,1,Packers,extension,4625
Joe Callahan,QB,Packers,2018,1,0.63,0.63,0.0,0.004,2016,Packers,veteran,2,Packers,extension,4626
Joe Callahan,QB,Lions,2019,1,0.136,0.136,0.0,0.001,2016,Packers,veteran,3,Packers,new_team_signing,4627
Joe Don Duncan,RB,Broncos,2014,3,1.575,0.525,0.0,0.0,2014,,rookie,0,Broncos,rookie_deal,4628
Joe Fagnano,QB,Ravens,2026,3,3.1,1.033333,0.0,0.003,2026,Ravens,rookie,0,Ravens,rookie_deal,4629
Joe Flacco,QB,Ravens,2008,5,23.8,4.76,8.36,0.040999999999999995,2008,Ravens,rookie,0,Ravens,rookie_deal,4630
Joe Flacco,QB,Ravens,2013,6,120.6,20.1,51.0,0.163,2008,Ravens,veteran,5,Ravens,extension,4631
Joe Flacco,QB,BAL/DEN,2016,3,66.4,22.133333,44.0,0.14300000000000002,2008,Ravens,veteran,8,Ravens,new_team_signing,4632
Joe Flacco,QB,Jets,2020,1,1.5,1.5,0.55,0.008,2008,Ravens,veteran,12,BAL/DEN,new_team_signing,4633
Joe Flacco,QB,NYJ/PHI,2021,1,3.5,3.5,3.5,0.019,2008,Ravens,veteran,13,Jets,new_team_signing,4634
Joe Flacco,QB,Jets,2022,1,3.5,3.5,2.85,0.017,2008,Ravens,veteran,14,NYJ/PHI,new_team_signing,4635
Joe Flacco,QB,Browns,2023,1,0.3708,0.3708,0.0,0.002,2008,Ravens,veteran,15,Jets,new_team_signing,4636
Joe Flacco,QB,Colts,2024,1,4.5,4.5,4.5,0.018000000000000002,2008,Ravens,veteran,16,Browns,new_team_signing,4637
Joe Flacco,QB,CLE/CIN,2025,1,4.25,4.25,3.0,0.015,2008,Ravens,veteran,17,Colts,new_team_signing,4638
Joe Flacco,QB,Bengals,2026,1,6.0,6.0,4.0,0.02,2008,Ravens,veteran,18,CLE/CIN,new_team_signing,4639
Joe Hansley,WR,Raiders,2016,3,1.62,0.54,0.0,0.003,2016,Raiders,rookie,0,Raiders,rookie_deal,4640
Joe Horn,WR,Ravens,2019,3,1.755,0.585,0.0,0.003,2019,Ravens,rookie,0,Ravens,rookie_deal,4641
Joe Licata,QB,Bengals,2016,3,1.62,0.54,0.0,0.003,2016,Bengals,rookie,0,Bengals,rookie_deal,4642
Joe McKnight,RB,Chiefs,2010,1,0.645,0.645,0.0,0.0,2010,Jets,rookie,0,Chiefs,rookie_deal,4643
Joe Milton III,QB,NE/DAL,2024,4,4.203316,1.050829,0.183316,0.004,2024,Patriots,rookie,0,NE/DAL,rookie_deal,4644
Joe Mixon,RB,Bengals,2017,4,5.450162,1.362541,2.816487,0.008,2017,Bengals,rookie,0,Bengals,rookie_deal,4645
Joe Mixon,RB,Bengals,2020,4,48.0,12.0,10.0,0.061,2017,Bengals,veteran,3,Bengals,extension,4646
Joe Mixon,RB,HOU/CIN,2023,2,11.5,5.75,4.128,0.026000000000000002,2017,Bengals,veteran,6,Bengals,new_team_signing,4647
Joe Mixon,RB,Texans,2024,2,19.75,9.875,13.0,0.039,2017,Bengals,veteran,7,HOU/CIN,new_team_signing,4648
Joe Reed,WR,Chargers,2020,4,3.635312,0.908828,0.340312,0.005,2020,Chargers,rookie,0,Chargers,rookie_deal,4649
Joe Reed,WR,Chargers,2021,1,0.1656,0.1656,0.0,0.001,2020,Chargers,veteran,1,Chargers,extension,4650
Joe Reed,WR,Chargers,2022,1,0.207,0.207,0.0,0.001,2020,Chargers,veteran,2,Chargers,extension,4651
Joe Reed,WR,Bears,2023,1,0.87,0.87,0.0,0.004,2020,Chargers,veteran,3,Chargers,new_team_signing,4652
Joe Royer,TE,Browns,2026,4,4.812596,1.203149,0.432596,0.004,2026,Browns,rookie,0,Browns,rookie_deal,4653
Joe Scates,WR,Jaguars,2024,3,2.831,0.943667,0.001,0.004,2024,Jaguars,rookie,0,Jaguars,rookie_deal,4654
Joe Sommers,TE,Seahawks,2016,1,0.45,0.45,0.0,0.003,2016,Bears,rookie,0,Seahawks,rookie_deal,4655
Joe Walker,WR,Bears,2019,3,1.755,0.585,0.0,0.003,2019,Bears,rookie,0,Bears,rookie_deal,4656
Joe Webb,QB,Vikings,2010,4,2.032515,0.508129,0.0,0.004,2010,Vikings,rookie,0,Vikings,rookie_deal,4657
Joe Webb,QB,Panthers,2016,2,1.86,0.93,0.2,0.006,2010,Vikings,veteran,6,Vikings,new_team_signing,4658
Joe Webb,WR,Bills,2017,1,0.9,0.9,0.0,0.005,2010,Vikings,veteran,7,Panthers,new_team_signing,4659
Joe Webb,QB,Texans,2018,1,0.915,0.915,0.0,0.005,2010,Vikings,veteran,8,Bills,new_team_signing,4660
Joe Webb,QB,Texans,2019,1,1.02,1.02,0.09,0.005,2010,Vikings,veteran,9,Texans,extension,4661
Joe Webb,QB,Lions,2020,1,0.204,0.204,0.0,0.001,2010,Vikings,veteran,10,Texans,new_team_signing,4662
Joe Webb,QB,Giants,2021,1,1.0755,1.0755,0.0005,0.006,2010,Vikings,veteran,11,Lions,new_team_signing,4663
Joe Williams,RB,49ers,2017,4,3.029384,0.757346,0.629384,0.005,2017,,rookie,0,49ers,rookie_deal,4664
Joel Bouagnon,RB,Bears,2017,3,1.6725,0.5575,0.0075,0.003,2017,Bears,rookie,0,Bears,rookie_deal,4665
Joel Bouagnon,RB,Lions,2018,1,0.1292,0.1292,0.0,0.001,2017,Bears,veteran,1,Bears,new_team_signing,4666
Joel Dreessen,TE,Jets,2005,4,1.473,0.36825,0.088,0.004,2005,Jets,rookie,0,Jets,rookie_deal,4667
Joel Dreessen,TE,Texans,2007,1,0.36,0.36,0.0,0.003,2005,Jets,veteran,2,Jets,new_team_signing,4668
Joel Dreessen,TE,Texans,2008,1,0.445,0.445,0.0,0.004,2005,Jets,veteran,3,Texans,extension,4669
Joel Dreessen,TE,Texans,2009,3,3.215,1.071667,0.945,0.009000000000000001,2005,Jets,veteran,4,Texans,extension,4670
Joel Dreessen,TE,Broncos,2012,3,8.5,2.833333,4.0,0.023,2005,Jets,veteran,7,Texans,new_team_signing,4671
Joel Honigford,TE,Cardinals,2023,3,2.705,0.901667,0.0075,0.004,2023,Cardinals,rookie,0,Cardinals,rookie_deal,4672
Joel Stave,QB,Browns,2018,1,0.48,0.48,0.0,0.003,2016,Vikings,veteran,2,Commanders,new_team_signing,4673
Joel Wilson,TE,Packers,2023,1,0.216,0.216,0.0,0.001,2023,Saints,rookie,0,Packers,rookie_deal,4674
Joel Wilson,TE,Giants,2024,1,0.225,0.225,0.0,0.001,2023,Saints,veteran,1,Packers,new_team_signing,4675
Joel Wilson,TE,Titans,2025,1,0.234,0.234,0.0,0.001,2023,Saints,veteran,2,Giants,new_team_signing,4676
Joel Wilson,TE,Titans,2026,2,1.935,0.9675,0.0,0.003,2023,Saints,veteran,3,Titans,extension,4677
Joey Aguilar,QB,Jaguars,2026,3,3.1,1.033333,0.2475,0.003,2026,Jaguars,rookie,0,Jaguars,rookie_deal,4678
John Bates,TE,Commanders,2021,4,4.202416,1.050604,0.722416,0.006,2021,Commanders,rookie,0,Commanders,rookie_deal,4679
John Bates,TE,Commanders,2025,3,21.0,7.0,11.52,0.025,2021,Commanders,veteran,4,Commanders,extension,4680
John Brown,WR,Cardinals,2014,4,2.7989,0.699725,0.5429,0.005,2014,Cardinals,rookie,0,Cardinals,rookie_deal,4681
John Brown,WR,Ravens,2018,1,5.0,5.0,4.0,0.027999999999999997,2014,Cardinals,veteran,4,Cardinals,new_team_signing,4682
John Brown,WR,Bills,2019,3,27.0,9.0,10.1,0.048,2014,Cardinals,veteran,5,Ravens,new_team_signing,4683
John Brown,WR,Broncos,2021,1,0.252,0.252,0.0,0.001,2014,Cardinals,veteran,7,Bills,new_team_signing,4684
John Brown,WR,Bills,2022,1,0.2772,0.2772,0.0,0.001,2014,Cardinals,veteran,8,Broncos,new_team_signing,4685
John Carlson,TE,Seahawks,2008,4,4.52025,1.130063,2.48,0.01,2008,Seahawks,rookie,0,Seahawks,rookie_deal,4686
John Carlson,TE,Vikings,2012,5,25.0,5.0,7.9,0.040999999999999995,2008,Seahawks,veteran,4,Seahawks,new_team_signing,4687
John Carlson,TE,Vikings,2013,4,15.55,3.8875,1.2,0.032,2008,Seahawks,veteran,5,Vikings,extension,4688
John Carlson,TE,Cardinals,2014,2,3.2,1.6,0.1,0.012,2008,Seahawks,veteran,6,Vikings,new_team_signing,4689
John Copenhaver,TE,Jaguars,2025,3,2.975,0.991667,0.11,0.004,2025,Jaguars,rookie,0,Jaguars,rookie_deal,4690
John Crockett,RB,Packers,2015,1,0.1122,0.1122,0.0,0.001,2015,Packers,rookie,0,Packers,rookie_deal,4691
John Crockett,RB,Ravens,2017,1,0.1224,0.1224,0.0,0.001,2015,Packers,veteran,2,Packers,new_team_signing,4692
John Crockett,RB,Ravens,2018,1,0.555,0.555,0.0,0.003,2015,Packers,veteran,3,Ravens,extension,4693
John Diarse,WR,Broncos,2018,3,1.718,0.572667,0.008,0.003,2018,Broncos,rookie,0,Broncos,rookie_deal,4694
John FitzPatrick,TE,Falcons,2022,4,3.792012,0.948003,0.132012,0.005,2022,Falcons,rookie,0,Falcons,rookie_deal,4695
John FitzPatrick,TE,Falcons,2024,1,0.225,0.225,0.0,0.001,2022,Falcons,veteran,2,Falcons,extension,4696
John FitzPatrick,TE,Packers,2025,1,1.5,1.5,0.125,0.005,2022,Falcons,veteran,3,Falcons,new_team_signing,4697
John Griffin,RB,Jets,2011,2,0.795,0.3975,0.0,0.0,2011,Bengals,rookie,0,Jets,rookie_deal,4698
John Hall,WR,Seahawks,2023,3,2.705,0.901667,0.01,0.004,2023,Seahawks,rookie,0,Seahawks,rookie_deal,4699
John Harris,WR,Falcons,2015,2,0.96,0.48,0.0,0.003,2015,Eagles,rookie,0,Falcons,rookie_deal,4700
John Hightower,WR,Eagles,2020,4,3.595052,0.898763,0.300052,0.005,2020,Eagles,rookie,0,Eagles,rookie_deal,4701
John Hightower,WR,Eagles,2021,1,0.1656,0.1656,0.0,0.001,2020,Eagles,veteran,1,Eagles,extension,4702
John Hightower,WR,Chargers,2022,1,0.207,0.207,0.0,0.001,2020,Eagles,veteran,2,Eagles,new_team_signing,4703
John Hightower,WR,Chargers,2023,1,0.87,0.87,0.0,0.004,2020,Eagles,veteran,3,Chargers,extension,4704
John Hurst,WR,Buccaneers,2020,1,0.1428,0.1428,0.0,0.001,2020,Buccaneers,rookie,0,Buccaneers,rookie_deal,4705
John Hurst,WR,Buccaneers,2021,1,0.1656,0.1656,0.0,0.001,2020,Buccaneers,veteran,1,Buccaneers,extension,4706
John Hurst,WR,Colts,2022,1,0.705,0.705,0.0,0.003,2020,Buccaneers,veteran,2,Buccaneers,new_team_signing,4707
John Jackson,WR,Bears,2024,1,0.225,0.225,0.0,0.001,2024,Bears,rookie,0,Bears,rookie_deal,4708
John Jackson,WR,Bears,2025,1,0.84,0.84,0.0,0.003,2024,Bears,veteran,1,Bears,extension,4709
John Jiles,WR,Patriots,2024,1,0.225,0.225,0.0,0.001,2024,Giants,rookie,0,Patriots,rookie_deal,4710
John Jiles,WR,Patriots,2025,1,0.234,0.234,0.0,0.001,2024,Giants,veteran,1,Patriots,extension,4711
John Jiles,WR,Patriots,2026,1,0.885,0.885,0.0,0.003,2024,Giants,veteran,2,Patriots,extension,4712
John Kelly,RB,Rams,2018,4,2.648292,0.662073,0.188292,0.004,2018,Rams,rookie,0,Rams,rookie_deal,4713
John Kelly,RB,Rams,2019,1,0.136,0.136,0.0,0.001,2018,Rams,veteran,1,Rams,extension,4714
John Kelly,RB,Browns,2020,1,0.1428,0.1428,0.0,0.001,2018,Rams,veteran,2,Rams,new_team_signing,4715
John Kelly,RB,Browns,2021,1,0.1656,0.1656,0.0,0.001,2018,Rams,veteran,3,Browns,extension,4716
John Kelly,RB,Browns,2022,1,0.207,0.207,0.0,0.001,2018,Rams,veteran,4,Browns,extension,4717
John Kelly,RB,Browns,2023,1,0.216,0.216,0.0,0.001,2018,Rams,veteran,5,Browns,extension,4718
John Kelly,RB,Ravens,2024,1,0.225,0.225,0.0,0.001,2018,Rams,veteran,6,Browns,new_team_signing,4719
John Lovett,TE,Chiefs,2019,3,1.755,0.585,0.1075,0.003,2019,Chiefs,rookie,0,Chiefs,rookie_deal,4720
John Lovett,TE,Packers,2020,1,0.1428,0.1428,0.0,0.001,2019,Chiefs,veteran,1,Chiefs,new_team_signing,4721
John Lovett,RB,Panthers,2022,1,0.207,0.207,0.0,0.001,2022,Panthers,rookie,0,Panthers,rookie_deal,4722
John Lovett,RB,Steelers,2023,1,0.75,0.75,0.0,0.003,2022,Panthers,veteran,1,Panthers,new_team_signing,4723
John Metchie III,WR,NYJ/PHI/HOU,2022,4,8.070176,2.017544,5.626046,0.01,2022,Texans,rookie,0,NYJ/PHI/HOU,rookie_deal,4724
John Metchie III,WR,Panthers,2026,1,1.9,1.9,1.0,0.006,2022,Texans,veteran,4,NYJ/PHI/HOU,new_team_signing,4725
John Michael Gyllenborg,TE,Chiefs,2026,3,3.12,1.04,0.2675,0.003,2026,Chiefs,rookie,0,Chiefs,rookie_deal,4726
John Mitchell,TE,Seahawks,2022,3,2.565,0.855,0.005,0.004,2022,Seahawks,rookie,0,Seahawks,rookie_deal,4727
John Paddock,QB,Falcons,2024,1,0.795,0.795,0.0,0.003,2024,Falcons,rookie,0,Falcons,rookie_deal,4728
John Phillips,TE,Cardinals,2018,1,0.915,0.915,0.0,0.005,2009,Cowboys,veteran,9,Saints,new_team_signing,4729
John Phillips,TE,Chiefs,2019,1,0.93,0.93,0.0,0.005,2009,Cowboys,veteran,10,Cardinals,new_team_signing,4730
John Raine,TE,Falcons,2021,1,0.1656,0.1656,0.0,0.001,2021,Falcons,rookie,0,Falcons,rookie_deal,4731
John Raine,TE,Falcons,2022,1,0.207,0.207,0.0,0.001,2021,Falcons,veteran,1,Falcons,extension,4732
John Raine,TE,Falcons,2023,1,0.75,0.75,0.0,0.003,2021,Falcons,veteran,2,Falcons,extension,4733
John Rhys Plumlee,QB,Jaguars,2024,1,0.225,0.225,0.0,0.001,2024,Steelers,rookie,0,Jaguars,rookie_deal,4734
John Rhys Plumlee,QB,Steelers,2025,1,0.234,0.234,0.0,0.001,2024,Steelers,veteran,1,Jaguars,new_team_signing,4735
John Rhys Plumlee,QB,Steelers,2026,1,0.885,0.885,0.0,0.003,2024,Steelers,veteran,2,Steelers,extension,4736
John Ross,WR,Bengals,2017,4,17.115864,4.278966,17.115864,0.026000000000000002,2017,Bengals,rookie,0,Bengals,rookie_deal,4737
John Ross,WR,Giants,2021,1,2.25,2.25,1.0,0.012,2017,Bengals,veteran,4,Bengals,new_team_signing,4738
John Ross,WR,Chiefs,2023,1,1.08,1.08,0.0,0.005,2017,Bengals,veteran,6,Giants,new_team_signing,4739
John Ross,WR,Eagles,2024,1,0.3024,0.3024,0.0,0.001,2017,Bengals,veteran,7,Chiefs,new_team_signing,4740
John Samuel Shenker,TE,Raiders,2023,1,0.216,0.216,0.0,0.001,2023,Raiders,rookie,0,Raiders,rookie_deal,4741
John Samuel Shenker,TE,Raiders,2024,1,0.225,0.225,0.0,0.001,2023,Raiders,veteran,1,Raiders,extension,4742
John Stephens,WR,Cowboys,2023,3,2.698,0.899333,0.003,0.004,2023,Cowboys,rookie,0,Cowboys,rookie_deal,4743
John Ursua,WR,Seahawks,2019,4,2.602672,0.650668,0.082672,0.003,2019,Seahawks,rookie,0,Seahawks,rookie_deal,4744
John Ursua,WR,Seahawks,2020,1,0.1428,0.1428,0.0,0.001,2019,Seahawks,veteran,1,Seahawks,extension,4745
John Ursua,WR,Seahawks,2021,1,0.78,0.78,0.0,0.004,2019,Seahawks,veteran,2,Seahawks,extension,4746
John Wolford,QB,Jets,2018,1,0.1292,0.1292,0.0,0.001,2018,Jets,rookie,0,Jets,rookie_deal,4747
John Wolford,QB,Rams,2019,1,0.136,0.136,0.0,0.001,2018,Jets,veteran,1,Jets,new_team_signing,4748
John Wolford,QB,Rams,2020,2,1.26,0.63,0.15,0.003,2018,Jets,veteran,2,Rams,extension,4749
John Wolford,QB,Rams,2022,1,0.895,0.895,0.0,0.004,2018,Jets,veteran,4,Rams,extension,4750
John Wolford,QB,Buccaneers,2023,1,0.3708,0.3708,0.0,0.002,2018,Jets,veteran,5,Rams,new_team_signing,4751
John Wolford,QB,Jaguars,2024,1,0.3024,0.3024,0.0,0.001,2018,Jets,veteran,6,Buccaneers,new_team_signing,4752
John Wolford,QB,Vikings,2025,1,0.396,0.396,0.0,0.001,2018,Jets,veteran,7,Jaguars,new_team_signing,4753
Johnathan Franklin,RB,Packers,2013,4,2.565468,0.641367,0.405468,0.005,2013,Packers,rookie,0,Packers,rookie_deal,4754
Johnathon Johnson,WR,Commanders,2020,3,2.3015,0.767167,0.0165,0.004,2020,Commanders,rookie,0,Commanders,rookie_deal,4755
Johnnie Dixon,WR,Cardinals,2019,1,0.136,0.136,0.0,0.001,2019,Texans,rookie,0,Cardinals,rookie_deal,4756
Johnnie Dixon,WR,Cardinals,2020,1,0.51,0.51,0.0,0.003,2019,Texans,veteran,1,Cardinals,extension,4757
Johnnie Dixon,WR,Cowboys,2021,2,1.485,0.7425,0.0,0.004,2019,Texans,veteran,2,Cardinals,new_team_signing,4758
Johnny Holton,WR,Raiders,2016,3,1.625,0.541667,0.005,0.003,2016,Raiders,rookie,0,Raiders,rookie_deal,4759
Johnny Holton,WR,Raiders,2018,1,0.1292,0.1292,0.0,0.001,2016,Raiders,veteran,2,Raiders,extension,4760
Johnny Holton,WR,Steelers,2019,1,0.136,0.136,0.0,0.001,2016,Raiders,veteran,3,Raiders,new_team_signing,4761
Johnny Holton,WR,Giants,2020,1,0.182929,0.182929,0.0,0.001,2016,Raiders,veteran,4,Steelers,new_team_signing,4762
Johnny Johnson III,WR,Texans,2022,1,0.207,0.207,0.0,0.001,2022,Texans,rookie,0,Texans,rookie_deal,4763
Johnny Johnson III,WR,Texans,2023,1,0.216,0.216,0.0,0.001,2022,Texans,veteran,1,Texans,extension,4764
Johnny Johnson III,WR,Texans,2024,1,0.225,0.225,0.0,0.001,2022,Texans,veteran,2,Texans,extension,4765
Johnny Johnson III,WR,Texans,2025,1,0.84,0.84,0.0,0.003,2022,Texans,veteran,3,Texans,extension,4766
Johnny King,WR,Eagles,2023,1,0.75,0.75,0.0,0.003,2023,Colts,rookie,0,Eagles,rookie_deal,4767
Johnny Lumpkin,TE,Colts,2023,1,0.216,0.216,0.0,0.001,2023,Patriots,rookie,0,Colts,rookie_deal,4768
Johnny Lumpkin,TE,Packers,2024,1,0.225,0.225,0.0,0.001,2023,Patriots,veteran,1,Colts,new_team_signing,4769
Johnny Lumpkin,TE,Packers,2025,1,0.84,0.84,0.0,0.003,2023,Patriots,veteran,2,Packers,extension,4770
Johnny Manziel,QB,Browns,2014,4,8.248596,2.062149,7.707913,0.016,2014,Browns,rookie,0,Browns,rookie_deal,4771
Johnny Mundt,TE,Rams,2017,1,0.1224,0.1224,0.0,0.001,2017,Rams,rookie,0,Rams,rookie_deal,4772
Johnny Mundt,TE,Rams,2018,2,1.05,0.525,0.0,0.003,2017,Rams,veteran,1,Rams,extension,4773
Johnny Mundt,TE,Rams,2020,1,0.75,0.75,0.0,0.004,2017,Rams,veteran,3,Rams,extension,4774
Johnny Mundt,TE,Rams,2021,1,0.92,0.92,0.1,0.005,2017,Rams,veteran,4,Rams,extension,4775
Johnny Mundt,TE,Vikings,2022,2,2.415,1.2075,0.2,0.006,2017,Rams,veteran,5,Rams,new_team_signing,4776
Johnny Mundt,TE,Vikings,2024,1,2.0,2.0,0.75,0.008,2017,Rams,veteran,7,Vikings,extension,4777
Johnny Mundt,TE,Jaguars,2025,2,5.5,2.75,2.255,0.01,2017,Rams,veteran,8,Vikings,new_team_signing,4778
Johnny Mundt,TE,Eagles,2026,1,1.5,1.5,0.75,0.005,2017,Rams,veteran,9,Jaguars,new_team_signing,4779
Johnny Pascuzzi,TE,Chargers,2026,3,3.1,1.033333,0.0,0.003,2026,Chargers,rookie,0,Chargers,rookie_deal,4780
Johnny Stanton,RB,Vikings,2018,3,1.71,0.57,0.0,0.003,2018,Vikings,rookie,0,Vikings,rookie_deal,4781
Johnny Stanton,RB,Vikings,2019,1,0.136,0.136,0.0,0.001,2018,Vikings,veteran,1,Vikings,extension,4782
Johnny Stanton,RB,Browns,2020,1,0.1428,0.1428,0.0,0.001,2018,Vikings,veteran,2,Vikings,new_team_signing,4783
Johnny Stanton,RB,Browns,2021,1,0.1656,0.1656,0.0,0.001,2018,Vikings,veteran,3,Browns,extension,4784
Johnny Stanton,RB,Browns,2022,1,0.825,0.825,0.0,0.004,2018,Vikings,veteran,4,Browns,extension,4785
Johnny White,RB,Bills,2011,4,2.253612,0.563403,0.213611,0.005,2011,Bills,rookie,0,Bills,rookie_deal,4786
Johnny White,RB,GB/BUF,2012,1,0.465,0.465,0.0,0.004,2011,Bills,veteran,1,Bills,new_team_signing,4787
Johnny Wilson,WR,Eagles,2024,4,4.217008,1.054252,0.197008,0.004,2024,Eagles,rookie,0,Eagles,rookie_deal,4788
Joique Bell,RB,Bills,2010,1,0.136,0.136,0.0,0.001,2010,Bills,rookie,0,Bills,rookie_deal,4789
Joique Bell,RB,Saints,2011,1,0.17,0.17,0.0,0.001,2010,Bills,veteran,1,Bills,new_team_signing,4790
Joique Bell,RB,Lions,2013,1,0.63,0.63,0.0,0.005,2010,Bills,veteran,3,Saints,new_team_signing,4791
Joique Bell,RB,Lions,2014,3,9.3,3.1,4.3,0.023,2010,Bills,veteran,4,Lions,extension,4792
Joique Bell,RB,Bears,2016,1,0.76,0.76,0.0,0.005,2010,Bills,veteran,6,Lions,new_team_signing,4793
Jon Hilliman,RB,Giants,2019,1,0.136,0.136,0.0,0.001,2019,Giants,rookie,0,Giants,rookie_deal,4794
Jon Hilliman,RB,Giants,2020,2,1.267,0.6335,0.007,0.003,2019,Giants,veteran,1,Giants,extension,4795
Jon'Vea Johnson,WR,Cowboys,2019,3,1.765,0.588333,0.1,0.003,2019,Cowboys,rookie,0,Cowboys,rookie_deal,4796
Jon'Vea Johnson,WR,Cowboys,2020,1,0.1428,0.1428,0.0,0.001,2019,Cowboys,veteran,1,Cowboys,extension,4797
Jon'Vea Johnson,WR,Bears,2021,1,0.1656,0.1656,0.0,0.001,2019,Cowboys,veteran,2,Cowboys,new_team_signing,4798
Jonah Coleman,RB,Broncos,2026,4,5.614424,1.403606,1.234424,0.005,2026,Broncos,rookie,0,Broncos,rookie_deal,4799
Jonah Trinnaman,WR,Jets,2018,1,0.48,0.48,0.0,0.003,2018,Cardinals,rookie,0,Jets,rookie_deal,4800
Jonathan Adams Jr.,WR,Lions,2021,3,2.435,0.811667,0.09,0.004,2021,Lions,rookie,0,Lions,rookie_deal,4801
Jonathan Amosa,RB,Seahawks,2016,1,0.45,0.45,0.0,0.003,2016,Seahawks,rookie,0,Seahawks,rookie_deal,4802
Jonathan Baldwin,WR,KC/SF,2011,4,7.551602,1.887901,6.146837,0.016,2011,Chiefs,rookie,0,KC/SF,rookie_deal,4803
Jonathan Baldwin,WR,DET/SF,2014,1,0.645,0.645,0.0,0.005,2011,Chiefs,veteran,3,KC/SF,new_team_signing,4804
Jonathan Brady,WR,Raiders,2026,3,3.1,1.033333,0.0,0.003,2026,Raiders,rookie,0,Raiders,rookie_deal,4805
Jonathan Duhart,WR,Lions,2019,1,0.136,0.136,0.0,0.001,2019,Lions,rookie,0,Lions,rookie_deal,4806
Jonathan Duhart,WR,Lions,2020,1,0.51,0.51,0.0,0.003,2019,Lions,veteran,1,Lions,extension,4807
Jonathan Dwyer,RB,Cardinals,2010,1,0.795,0.795,0.065,0.0,2010,Steelers,rookie,0,Cardinals,rookie_deal,4808
Jonathan Grimes,RB,Jaguars,2017,1,0.775,0.775,0.0,0.005,2012,Texans,veteran,5,Texans,new_team_signing,4809
Jonathan Lloyd,WR,Rams,2019,3,1.757,0.585667,0.002,0.003,2019,Rams,rookie,0,Rams,rookie_deal,4810
Jonathan Mingo,WR,CAR/DAL,2023,4,8.856606,2.214152,6.898887,0.01,2023,Panthers,rookie,0,CAR/DAL,rookie_deal,4811
Jonathan Mingo,WR,Cowboys,2026,1,1.145,1.145,0.0,0.004,2023,Panthers,veteran,3,CAR/DAL,new_team_signing,4812
Jonathan Stewart,RB,Panthers,2008,5,13.625,2.725,10.04,0.023,2008,Panthers,rookie,0,Panthers,rookie_deal,4813
Jonathan Stewart,RB,Panthers,2012,5,36.5,7.3,11.5,0.061,2008,Panthers,veteran,4,Panthers,extension,4814
Jonathan Stewart,RB,Panthers,2017,2,8.0,4.0,3.6,0.024,2008,Panthers,veteran,9,Panthers,extension,4815
Jonathan Stewart,RB,Giants,2018,2,6.9,3.45,2.95,0.019,2008,Panthers,veteran,10,Panthers,new_team_signing,4816
Jonathan Taylor,RB,Colts,2020,4,7.829154,1.957289,4.829799,0.01,2020,Colts,rookie,0,Colts,rookie_deal,4817
Jonathan Taylor,RB,Colts,2023,3,42.0,14.0,19.347556,0.062,2020,Colts,veteran,3,Colts,extension,4818
Jonathan Ward,RB,Cardinals,2020,1,0.1428,0.1428,0.0,0.001,2020,Cardinals,rookie,0,Cardinals,rookie_deal,4819
Jonathan Ward,RB,Jets,2022,1,0.207,0.207,0.0,0.001,2020,Cardinals,veteran,2,Cardinals,new_team_signing,4820
Jonathan Ward,RB,Titans,2023,1,0.2898,0.2898,0.0,0.001,2020,Cardinals,veteran,3,Jets,new_team_signing,4821
Jonathan Ward,RB,Steelers,2024,1,0.3834,0.3834,0.0,0.002,2020,Cardinals,veteran,4,Titans,new_team_signing,4822
Jonathan Ward,RB,Ravens,2025,1,0.315,0.315,0.0,0.001,2020,Cardinals,veteran,5,Steelers,new_team_signing,4823
Jonathan Williams,RB,Bills,2016,4,2.580916,0.645229,0.240916,0.004,2016,Bills,rookie,0,Bills,rookie_deal,4824
Jonathan Williams,RB,Broncos,2017,1,0.51,0.51,0.0,0.003,2016,Bills,veteran,1,Bills,new_team_signing,4825
Jonathan Williams,RB,Colts,2018,1,0.1292,0.1292,0.0,0.001,2016,Bills,veteran,2,Broncos,new_team_signing,4826
Jonathan Williams,RB,Lions,2020,1,0.204,0.204,0.0,0.001,2016,Bills,veteran,4,Colts,new_team_signing,4827
Jonathan Williams,RB,Commanders,2021,1,0.252,0.252,0.0,0.001,2016,Bills,veteran,5,Lions,new_team_signing,4828
Jonathan Williams,RB,Commanders,2022,1,1.055,1.055,0.02,0.005,2016,Bills,veteran,6,Commanders,extension,4829
Jonathan Williams,RB,Commanders,2023,1,0.3708,0.3708,0.0,0.002,2016,Bills,veteran,7,Commanders,extension,4830
Jonathon Brooks,RB,Panthers,2024,4,8.417082,2.104271,6.240268,0.008,2024,Panthers,rookie,0,Panthers,rookie_deal,4831
Jonathon Rumph,WR,Jets,2015,3,1.575,0.525,0.0,0.004,2015,Jets,rookie,0,Jets,rookie_deal,4832
Jonnu Smith,TE,Titans,2017,4,3.175913,0.793978,0.706288,0.005,2017,Titans,rookie,0,Titans,rookie_deal,4833
Jonnu Smith,TE,ATL/NE,2021,4,50.0,12.5,31.25,0.068,2017,Titans,veteran,4,Titans,new_team_signing,4834
Jonnu Smith,TE,Falcons,2023,2,15.0,7.5,8.5,0.033,2017,Titans,veteran,6,ATL/NE,new_team_signing,4835
Jonnu Smith,TE,Dolphins,2024,1,8.4,4.2,3.96,0.016,2017,Titans,veteran,7,Falcons,new_team_signing,4836
Jonnu Smith,TE,Steelers,2025,1,12.01,12.01,7.745,0.043,2017,Titans,veteran,8,Dolphins,new_team_signing,4837
Jontre Kirklin,WR,Cardinals,2022,1,0.207,0.207,0.0,0.001,2022,Cardinals,rookie,0,Cardinals,rookie_deal,4838
Jontre Kirklin,WR,Saints,2023,1,0.216,0.216,0.0,0.001,2022,Cardinals,veteran,1,Cardinals,new_team_signing,4839
Jontre Kirklin,WR,49ers,2024,1,0.795,0.795,0.0,0.003,2022,Cardinals,veteran,2,Saints,new_team_signing,4840
Jordan Addison,WR,Vikings,2023,4,13.731736,3.432934,13.731736,0.015,2023,Vikings,rookie,0,Vikings,rookie_deal,4841
Jordan Akins,TE,Texans,2018,4,3.323516,0.830879,0.761516,0.005,2018,Texans,rookie,0,Texans,rookie_deal,4842
Jordan Akins,TE,Texans,2022,1,0.3582,0.3582,0.0,0.002,2018,Texans,veteran,4,Texans,extension,4843
Jordan Akins,TE,Browns,2023,2,3.9,1.95,1.73,0.009000000000000001,2018,Texans,veteran,5,Texans,new_team_signing,4844
Jordan Akins,TE,Jaguars,2025,1,0.315,0.315,0.0,0.001,2018,Texans,veteran,7,Browns,new_team_signing,4845
Jordan Bly,WR,Giants,2025,3,2.97,0.99,0.005,0.004,2025,Giants,rookie,0,Giants,rookie_deal,4846
Jordan Byrd,WR,Steelers,2023,3,2.7025,0.900833,0.0075,0.004,2023,Steelers,rookie,0,Steelers,rookie_deal,4847
Jordan Cameron,TE,Browns,2011,4,2.5174,0.62935,0.4774,0.005,2011,Browns,rookie,0,Browns,rookie_deal,4848
Jordan Cameron,TE,Dolphins,2015,2,15.0,7.5,5.0,0.052000000000000005,2011,Browns,veteran,4,Browns,new_team_signing,4849
Jordan Cameron,TE,Dolphins,2016,1,6.0,6.0,5.0,0.039,2011,Browns,veteran,5,Dolphins,extension,4850
Jordan Chunn,RB,Cowboys,2018,1,0.1292,0.1292,0.0,0.001,2018,Cowboys,rookie,0,Cowboys,rookie_deal,4851
Jordan Chunn,RB,Cowboys,2019,1,0.136,0.136,0.0,0.001,2018,Cowboys,veteran,1,Cowboys,extension,4852
Jordan Chunn,RB,Cowboys,2020,2,1.11,0.555,0.0,0.003,2018,Cowboys,veteran,2,Cowboys,extension,4853
Jordan Chunn,RB,Giants,2021,1,0.66,0.66,0.0,0.004,2018,Cowboys,veteran,3,Cowboys,new_team_signing,4854
Jordan Ellis,RB,Bengals,2019,1,0.136,0.136,0.0,0.001,2019,Bengals,rookie,0,Bengals,rookie_deal,4855
Jordan Franks,TE,Bengals,2018,1,0.1292,0.1292,0.0,0.001,2018,Bengals,rookie,0,Bengals,rookie_deal,4856
Jordan Franks,TE,Bengals,2019,1,0.136,0.136,0.0,0.001,2018,Bengals,veteran,1,Bengals,extension,4857
Jordan Franks,TE,Eagles,2020,1,0.1428,0.1428,0.0,0.001,2018,Bengals,veteran,2,Bengals,new_team_signing,4858
Jordan Franks,TE,Browns,2021,1,0.1656,0.1656,0.0,0.001,2018,Bengals,veteran,3,Eagles,new_team_signing,4859
Jordan Franks,TE,Chiefs,2022,1,0.207,0.207,0.0,0.001,2018,Bengals,veteran,4,Browns,new_team_signing,4860
Jordan Harris,WR,Rams,2014,3,1.53,0.51,0.0,0.0,2014,Colts,rookie,0,Rams,rookie_deal,4861
Jordan Howard,RB,PHI/CHI,2016,4,2.588024,0.647006,0.248024,0.004,2016,Bears,rookie,0,PHI/CHI,rookie_deal,4862
Jordan Howard,RB,Eagles,2020,1,0.204,0.204,0.0,0.001,2016,Bears,veteran,4,PHI/CHI,new_team_signing,4863
Jordan Howard,RB,Eagles,2021,1,0.252,0.252,0.0,0.001,2016,Bears,veteran,5,Eagles,extension,4864
Jordan Howard,RB,Saints,2022,1,0.306,0.306,0.0,0.001,2016,Bears,veteran,6,Eagles,new_team_signing,4865
Jordan Hudson,WR,Cowboys,2026,3,3.115,1.038333,0.105,0.003,2026,Cowboys,rookie,0,Cowboys,rookie_deal,4866
Jordan James,RB,49ers,2025,4,4.639684,1.159921,0.439684,0.004,2025,49ers,rookie,0,49ers,rookie_deal,4867
Jordan Johnson,RB,Bills,2017,3,1.665,0.555,0.0,0.003,2017,Bills,rookie,0,Bills,rookie_deal,4868
Jordan Jones,TE,Packers,2020,3,2.2895,0.763167,0.0045,0.004,2020,Packers,rookie,0,Packers,rookie_deal,4869
Jordan Lasley,WR,BAL/LV,2018,4,2.728676,0.682169,0.268676,0.004,2018,Ravens,rookie,0,BAL/LV,rookie_deal,4870
Jordan Lasley,WR,Lions,2019,1,0.57,0.57,0.0,0.003,2018,Ravens,veteran,1,BAL/LV,new_team_signing,4871
Jordan Leggett,TE,NYJ/TB,2017,4,2.682052,0.670513,0.282052,0.004,2017,Jets,rookie,0,NYJ/TB,rookie_deal,4872
Jordan Leggett,TE,Buccaneers,2019,1,0.136,0.136,0.0,0.001,2017,Jets,veteran,2,NYJ/TB,new_team_signing,4873
Jordan Leggett,TE,Broncos,2020,1,0.204,0.204,0.0,0.001,2017,Jets,veteran,3,Buccaneers,new_team_signing,4874
Jordan Leggett,TE,Broncos,2021,1,0.92,0.92,0.0,0.005,2017,Jets,veteran,4,Broncos,extension,4875
Jordan Leslie,WR,Broncos,2018,1,0.48,0.48,0.0,0.003,2015,Vikings,veteran,3,Broncos,extension,4876
Jordan Love,QB,Packers,2020,4,12.38347,3.095868,12.38347,0.016,2020,Packers,rookie,0,Packers,rookie_deal,4877
Jordan Love,QB,Packers,2023,1,13.5,13.5,13.0,0.06,2020,Packers,veteran,3,Packers,extension,4878
Jordan Love,QB,Packers,2024,4,220.0,55.0,100.8,0.215,2020,Packers,veteran,4,Packers,extension,4879
Jordan Lynch,RB,Bears,2014,3,1.533,0.511,0.003,0.0,2014,Bears,rookie,0,Bears,rookie_deal,4880
Jordan Mason,RB,49ers,2022,3,2.56,0.853333,0.04,0.004,2022,49ers,rookie,0,49ers,rookie_deal,4881
Jordan Mason,RB,Vikings,2025,2,10.5,5.25,7.23,0.019,2022,49ers,veteran,3,49ers,new_team_signing,4882
Jordan Matthews,WR,BUF/PHI,2014,4,4.94927,1.237318,2.984435,0.009000000000000001,2014,Eagles,rookie,0,BUF/PHI,rookie_deal,4883
Jordan Matthews,WR,Eagles,2018,1,0.79,0.79,0.0,0.004,2014,Eagles,veteran,4,BUF/PHI,new_team_signing,4884
Jordan Matthews,WR,49ers,2019,1,0.805,0.805,0.0,0.004,2014,Eagles,veteran,5,Eagles,new_team_signing,4885
Jordan Matthews,WR,49ers,2020,1,0.204,0.204,0.0,0.001,2014,Eagles,veteran,6,49ers,extension,4886
Jordan Matthews,WR,49ers,2021,1,0.252,0.252,0.0,0.001,2014,Eagles,veteran,7,49ers,extension,4887
Jordan Matthews,WR,49ers,2022,1,1.035,1.035,0.0,0.005,2014,Eagles,veteran,8,49ers,extension,4888
Jordan Matthews,WR,Panthers,2023,1,0.2898,0.2898,0.0,0.001,2014,Eagles,veteran,9,49ers,new_team_signing,4889
Jordan Matthews,TE,Panthers,2024,1,0.3834,0.3834,0.0,0.002,2014,Eagles,veteran,10,Panthers,extension,4890
Jordan Matthews,TE,Panthers,2025,1,1.255,1.255,0.0,0.004,2014,Eagles,veteran,11,Panthers,extension,4891
Jordan Mims,RB,Saints,2023,1,0.216,0.216,0.0,0.001,2023,Bills,rookie,0,Saints,rookie_deal,4892
Jordan Mims,RB,Saints,2024,1,0.225,0.225,0.0,0.001,2023,Bills,veteran,1,Saints,extension,4893
Jordan Mims,RB,Titans,2025,1,0.234,0.234,0.0,0.001,2023,Bills,veteran,2,Saints,new_team_signing,4894
Jordan Mims,RB,49ers,2026,1,1.005,1.005,0.0,0.003,2023,Bills,veteran,3,Titans,new_team_signing,4895
Jordan Moore,WR,Bengals,2025,1,0.234,0.234,0.0,0.001,2025,Bengals,rookie,0,Bengals,rookie_deal,4896
Jordan Moore,WR,Bengals,2026,1,0.885,0.885,0.0,0.003,2025,Bengals,veteran,1,Bengals,extension,4897
Jordan Murray,TE,Colts,2023,1,0.216,0.216,0.0,0.001,2023,Texans,rookie,0,Colts,rookie_deal,4898
Jordan Murray,TE,Giants,2024,1,0.225,0.225,0.0,0.001,2023,Texans,veteran,1,Colts,new_team_signing,4899
Jordan Murray,TE,Bears,2025,1,0.84,0.84,0.0,0.003,2023,Texans,veteran,2,Giants,new_team_signing,4900
Jordan Najvar,TE,Cowboys,2014,4,1.5315,0.5105,0.0015,0.0,2014,Cowboys,rookie,0,Cowboys,rookie_deal,4901
Jordan Palmer,QB,Titans,2007,1,0.73,0.73,0.0,0.0,2007,Commanders,rookie,0,Titans,rookie_deal,4902
Jordan Payton,WR,Browns,2016,4,2.584,0.646,0.244,0.004,2016,Browns,rookie,0,Browns,rookie_deal,4903
Jordan Petaia,TE,Chargers,2025,3,2.965,0.988333,0.0,0.004,2025,Chargers,rookie,0,Chargers,rookie_deal,4904
Jordan Reed,TE,Commanders,2013,4,2.76,0.69,0.549112,0.006,2013,Commanders,rookie,0,Commanders,rookie_deal,4905
Jordan Reed,TE,Commanders,2016,5,46.75,9.35,14.0,0.06,2013,Commanders,veteran,3,Commanders,extension,4906
Jordan Reed,TE,49ers,2020,1,1.05,1.05,0.0,0.005,2013,Commanders,veteran,7,Commanders,new_team_signing,4907
Jordan Rodgers,QB,Buccaneers,2013,1,0.102,0.102,0.0,0.001,2013,Jaguars,rookie,0,Buccaneers,rookie_deal,4908
Jordan Rodgers,QB,TB/MIA,2014,1,0.42,0.42,0.0,0.003,2013,Jaguars,veteran,1,Buccaneers,new_team_signing,4909
Jordan Scarlett,RB,Panthers,2019,4,2.8306,0.70765,0.3106,0.004,2019,Panthers,rookie,0,Panthers,rookie_deal,4910
Jordan Scarlett,RB,Lions,2020,1,0.1428,0.1428,0.0,0.001,2019,Panthers,veteran,1,Panthers,new_team_signing,4911
Jordan Scarlett,RB,Dolphins,2021,1,0.1656,0.1656,0.0,0.001,2019,Panthers,veteran,2,Lions,new_team_signing,4912
Jordan Smallwood,WR,49ers,2018,1,0.1292,0.1292,0.0,0.001,2018,Chiefs,rookie,0,49ers,rookie_deal,4913
Jordan Smallwood,WR,Chargers,2019,1,0.495,0.495,0.0,0.003,2018,Chiefs,veteran,1,49ers,new_team_signing,4914
Jordan Ta'amu,QB,Commanders,2021,1,0.1656,0.1656,0.0,0.001,2019,Texans,veteran,2,Chiefs,new_team_signing,4915
Jordan Ta'amu,QB,Vikings,2023,1,0.75,0.75,0.0,0.003,2019,Texans,veteran,4,Commanders,new_team_signing,4916
Jordan Taylor,WR,Broncos,2018,1,0.63,0.63,0.0,0.004,2015,Broncos,veteran,3,Broncos,extension,4917
Jordan Taylor,WR,Vikings,2019,1,0.745,0.745,0.0,0.004,2015,Broncos,veteran,4,Broncos,new_team_signing,4918
Jordan Thomas,TE,Texans,2018,4,2.578408,0.644602,0.118408,0.004,2018,Texans,rookie,0,Texans,rookie_deal,4919
Jordan Thomas,TE,Cardinals,2020,1,0.1428,0.1428,0.0,0.001,2018,Texans,veteran,2,Texans,new_team_signing,4920
Jordan Thomas,TE,Colts,2021,1,0.92,0.92,0.0,0.005,2018,Texans,veteran,3,Cardinals,new_team_signing,4921
Jordan Thomas,TE,Lions,2022,1,0.965,0.965,0.0,0.005,2018,Texans,veteran,4,Colts,new_team_signing,4922
Jordan Thomas,TE,Falcons,2024,1,1.055,1.055,0.0,0.004,2018,Texans,veteran,6,Lions,new_team_signing,4923
Jordan Todman,RB,Chargers,2011,1,0.0969,0.0969,0.0,0.001,2011,Chargers,rookie,0,Chargers,rookie_deal,4924
Jordan Todman,RB,Vikings,2012,1,0.0969,0.0969,0.0,0.001,2011,Chargers,veteran,1,Chargers,new_team_signing,4925
Jordan Todman,RB,Jaguars,2014,1,0.645,0.645,0.0,0.005,2011,Chargers,veteran,3,Vikings,new_team_signing,4926
Jordan Todman,RB,Steelers,2015,1,0.745,0.745,0.0,0.005,2011,Chargers,veteran,4,Jaguars,new_team_signing,4927
Jordan Todman,RB,Colts,2016,1,0.76,0.76,0.08,0.005,2011,Chargers,veteran,5,Steelers,new_team_signing,4928
Jordan Todman,RB,Texans,2017,1,0.775,0.775,0.0,0.005,2011,Chargers,veteran,6,Colts,new_team_signing,4929
Jordan Travis,QB,Jets,2024,4,4.274276,1.068569,0.254276,0.004,2024,Jets,rookie,0,Jets,rookie_deal,4930
Jordan Veasy,WR,Jaguars,2018,1,0.1292,0.1292,0.0,0.001,2018,Titans,rookie,0,Jaguars,rookie_deal,4931
Jordan Veasy,WR,Bills,2019,1,0.136,0.136,0.0,0.001,2018,Titans,veteran,1,Jaguars,new_team_signing,4932
Jordan Veasy,WR,Commanders,2020,2,1.11,0.555,0.0,0.003,2018,Titans,veteran,2,Bills,new_team_signing,4933
Jordan Veasy,WR,Texans,2021,1,0.1656,0.1656,0.0,0.001,2018,Titans,veteran,3,Commanders,new_team_signing,4934
Jordan Veasy,WR,Raiders,2022,1,0.705,0.705,0.0,0.003,2018,Titans,veteran,4,Texans,new_team_signing,4935
Jordan Waters,RB,Rams,2025,3,2.972,0.990667,0.007,0.004,2025,Rams,rookie,0,Rams,rookie_deal,4936
Jordan Waters,RB,Rams,2026,2,1.935,0.9675,0.0,0.003,2025,Rams,veteran,1,Rams,extension,4937
Jordan Watkins,WR,49ers,2025,4,4.865816,1.216454,0.665816,0.004,2025,49ers,rookie,0,49ers,rookie_deal,4938
Jordan Westerkamp,WR,Dolphins,2017,3,1.665,0.555,0.0,0.003,2017,Dolphins,rookie,0,Dolphins,rookie_deal,4939
Jordan White,WR,Jets,2012,1,0.0969,0.0969,0.0,0.001,2012,Jets,rookie,0,Jets,rookie_deal,4940
Jordan White,WR,Jets,2013,1,0.48,0.48,0.0,0.004,2012,Jets,veteran,1,Jets,extension,4941
Jordan Whittington,WR,Rams,2024,4,4.158388,1.039597,0.138388,0.004,2024,Rams,rookie,0,Rams,rookie_deal,4942
Jordan Wilkins,RB,Colts,2018,4,2.70124,0.67531,0.24124,0.004,2018,Colts,rookie,0,Colts,rookie_deal,4943
Jordan Wilkins,RB,Titans,2021,1,0.252,0.252,0.0,0.001,2018,Colts,veteran,3,Colts,new_team_signing,4944
Jordan Wilkins,RB,Colts,2022,1,0.2772,0.2772,0.0,0.001,2018,Colts,veteran,4,Titans,new_team_signing,4945
Jordan Wilkins,RB,Browns,2023,1,0.2898,0.2898,0.0,0.001,2018,Colts,veteran,5,Colts,new_team_signing,4946
Jordan Williams-Lambert,WR,Bears,2019,1,1.08,0.54,0.03,0.003,2016,Saints,veteran,3,Saints,new_team_signing,4947
Jordon Vaughn,RB,Colts,2026,3,3.105,1.035,0.005,0.003,2026,Colts,rookie,0,Colts,rookie_deal,4948
Jordy Nelson,WR,Packers,2008,4,4.63525,1.158813,3.385,0.01,2008,Packers,rookie,0,Packers,rookie_deal,4949
Jordy Nelson,WR,Packers,2011,3,13.1,4.366667,3.5,0.036000000000000004,2008,Packers,veteran,3,Packers,extension,4950
Jordy Nelson,WR,Packers,2014,4,39.05,9.7625,11.5,0.073,2008,Packers,veteran,6,Packers,extension,4951
Jordy Nelson,WR,Raiders,2018,2,14.2,7.1,10.0,0.04,2008,Packers,veteran,10,Packers,new_team_signing,4952
Jordyn Tyson,WR,Saints,2026,4,32.491822,8.122956,32.491822,0.027000000000000003,2026,Saints,rookie,0,Saints,rookie_deal,4953
Jose Barbon,WR,Cowboys,2023,3,2.698,0.899333,0.003,0.004,2023,Cowboys,rookie,0,Cowboys,rookie_deal,4954
Joseph Manjack,WR,Broncos,2026,3,3.11,1.036667,0.08,0.003,2026,Broncos,rookie,0,Broncos,rookie_deal,4955
Joseph Ngata,WR,Eagles,2023,1,0.216,0.216,0.0,0.001,2023,Eagles,rookie,0,Eagles,rookie_deal,4956
Joseph Ngata,WR,Eagles,2024,1,0.225,0.225,0.0,0.001,2023,Eagles,veteran,1,Eagles,extension,4957
Joseph Parker,WR,Titans,2019,3,1.755,0.585,0.0,0.003,2019,Titans,rookie,0,Titans,rookie_deal,4958
Joseph Randle,RB,Cowboys,2013,4,2.34888,0.58722,0.18888,0.005,2013,Cowboys,rookie,0,Cowboys,rookie_deal,4959
Josh Adams,RB,Eagles,2018,1,0.425,0.425,0.0,0.002,2018,Eagles,rookie,0,Eagles,rookie_deal,4960
Josh Adams,RB,Jets,2019,1,0.425,0.425,0.0,0.002,2018,Eagles,veteran,1,Eagles,new_team_signing,4961
Josh Adams,RB,Jets,2020,1,0.1428,0.1428,0.0,0.001,2018,Eagles,veteran,2,Jets,extension,4962
Josh Adams,RB,Saints,2021,1,0.252,0.252,0.0,0.001,2018,Eagles,veteran,3,Jets,new_team_signing,4963
Josh Adams,RB,Saints,2022,1,1.035,1.035,0.0,0.005,2018,Eagles,veteran,4,Saints,extension,4964
Josh Ali,WR,Falcons,2022,1,0.207,0.207,0.0,0.001,2022,Falcons,rookie,0,Falcons,rookie_deal,4965
Josh Ali,WR,Falcons,2023,3,2.695,0.898333,0.0,0.004,2022,Falcons,veteran,1,Falcons,extension,4966
Josh Allen,QB,Bills,2018,4,21.183034,5.295759,21.183034,0.03,2018,Bills,rookie,0,Bills,rookie_deal,4967
Josh Allen,QB,Bills,2021,6,258.0,43.0,100.0,0.23600000000000002,2018,Bills,veteran,3,Bills,extension,4968
Josh Allen,QB,Bills,2025,6,330.0,55.0,147.0,0.19699999999999998,2018,Bills,veteran,7,Bills,extension,4969
Josh Babicz,TE,Panthers,2022,1,0.207,0.207,0.0,0.001,2022,Panthers,rookie,0,Panthers,rookie_deal,4970
Josh Baker,TE,Buccaneers,2011,1,0.495,0.495,0.0,0.0,2011,Jets,rookie,0,Buccaneers,rookie_deal,4971
Josh Bellamy,WR,Bears,2018,1,1.907,1.907,0.0,0.011000000000000001,2012,Chiefs,veteran,6,Bears,extension,4972
Josh Bellamy,WR,Jets,2019,2,5.0,2.5,2.75,0.013000000000000001,2012,Chiefs,veteran,7,Bears,new_team_signing,4973
Josh Boyce,WR,Patriots,2013,4,2.637,0.65925,0.477,0.005,2013,Patriots,rookie,0,Patriots,rookie_deal,4974
Josh Boyce,WR,Patriots,2014,1,0.1071,0.1071,0.0,0.001,2013,Patriots,veteran,1,Patriots,extension,4975
Josh Boyce,WR,Browns,2016,1,0.1173,0.1173,0.0,0.001,2013,Patriots,veteran,3,Patriots,new_team_signing,4976
Josh Boyce,WR,Browns,2017,2,1.17,0.585,0.0,0.004,2013,Patriots,veteran,4,Browns,extension,4977
Josh Caldwell,RB,Bears,2019,1,0.495,0.495,0.0,0.003,2019,Chiefs,rookie,0,Bears,rookie_deal,4978
Josh Cameron,WR,Jaguars,2026,4,4.670072,1.167518,0.290072,0.004,2026,Patriots,rookie,0,Jaguars,rookie_deal,4979
Josh Cephus,WR,Jaguars,2024,1,0.225,0.225,0.0,0.001,2024,Jaguars,rookie,0,Jaguars,rookie_deal,4980
Josh Cephus,WR,Jaguars,2025,1,0.84,0.84,0.0,0.003,2024,Jaguars,veteran,1,Jaguars,extension,4981
Josh Cribbs,WR,Colts,2005,1,0.97,0.97,0.0,0.0,2005,Browns,rookie,0,Colts,rookie_deal,4982
Josh Crockett,WR,Chiefs,2018,1,0.1292,0.1292,0.0,0.001,2018,Chiefs,rookie,0,Chiefs,rookie_deal,4983
Josh Crockett,WR,Chiefs,2019,1,0.495,0.495,0.0,0.003,2018,Chiefs,veteran,1,Chiefs,extension,4984
Josh Cuevas,TE,Ravens,2026,4,4.759476,1.189869,0.379476,0.004,2026,Ravens,rookie,0,Ravens,rookie_deal,4985
Josh Doctson,WR,Commanders,2016,4,10.049644,2.512411,9.429238,0.016,2016,Commanders,rookie,0,Commanders,rookie_deal,4986
Josh Doctson,WR,Vikings,2019,1,0.72,0.72,0.0,0.004,2016,Commanders,veteran,3,Commanders,new_team_signing,4987
Josh Doctson,WR,Jets,2020,1,0.89,0.89,0.0,0.004,2016,Commanders,veteran,4,Vikings,new_team_signing,4988
Josh Doctson,WR,Cardinals,2021,1,0.252,0.252,0.0,0.001,2016,Commanders,veteran,5,Jets,new_team_signing,4989
Josh Downs,WR,Colts,2023,4,5.520456,1.380114,1.014876,0.006,2023,Colts,rookie,0,Colts,rookie_deal,4990
Josh Ferguson,RB,Colts,2016,3,1.63,0.543333,0.035,0.003,2016,Colts,rookie,0,Colts,rookie_deal,4991
Josh Ferguson,RB,Colts,2017,1,0.1224,0.1224,0.0,0.001,2016,Colts,veteran,1,Colts,extension,4992
Josh Ferguson,RB,Patriots,2018,1,0.1292,0.1292,0.0,0.001,2016,Colts,veteran,2,Colts,new_team_signing,4993
Josh Ferguson,RB,Commanders,2019,1,0.136,0.136,0.0,0.001,2016,Colts,veteran,3,Patriots,new_team_signing,4994
Josh Freeman,QB,Buccaneers,2009,5,13.5,2.7,9.54,0.022000000000000002,2009,Buccaneers,rookie,0,Buccaneers,rookie_deal,4995
Josh Freeman,QB,Vikings,2013,1,2.833334,2.833334,0.0,0.023,2009,Buccaneers,veteran,4,Buccaneers,new_team_signing,4996
Josh Freeman,QB,Giants,2014,1,0.795,0.795,0.055,0.006,2009,Buccaneers,veteran,5,Vikings,new_team_signing,4997
Josh Freeman,QB,Dolphins,2015,1,0.745,0.745,0.0,0.005,2009,Buccaneers,veteran,6,Giants,new_team_signing,4998
Josh Gordon,WR,Browns,2012,4,5.341648,1.335412,3.727638,0.011000000000000001,2012,Browns,rookie,0,Browns,rookie_deal,4999
Josh Gordon,WR,NE/CLE,2018,1,0.790001,0.790001,0.0,0.004,2012,Browns,veteran,6,Browns,new_team_signing,5000
Josh Gordon,WR,NE/SEA,2019,1,2.025,2.025,0.0,0.011000000000000001,2012,Browns,veteran,7,NE/CLE,new_team_signing,5001
Josh Gordon,WR,Seahawks,2020,1,1.0425,1.0425,0.0,0.005,2012,Browns,veteran,8,NE/SEA,new_team_signing,5002
Josh Gordon,WR,Chiefs,2021,1,0.252,0.252,0.0,0.001,2012,Browns,veteran,9,Seahawks,new_team_signing,5003
Josh Gordon,WR,Titans,2022,1,0.2772,0.2772,0.0,0.001,2012,Browns,veteran,10,Chiefs,new_team_signing,5004
Josh Hammond,WR,Jaguars,2020,1,0.1428,0.1428,0.0,0.001,2020,Jaguars,rookie,0,Jaguars,rookie_deal,5005
Josh Hammond,WR,Jaguars,2021,1,0.1656,0.1656,0.0,0.001,2020,Jaguars,veteran,1,Jaguars,extension,5006
Josh Hammond,WR,Jaguars,2022,1,0.705,0.705,0.0,0.003,2020,Jaguars,veteran,2,Jaguars,extension,5007
Josh Hammond,WR,Broncos,2023,1,0.75,0.75,0.0,0.003,2020,Jaguars,veteran,3,Jaguars,new_team_signing,5008
Josh Harper,WR,Raiders,2015,3,1.5825,0.5275,0.0075,0.0,2015,Raiders,rookie,0,Raiders,rookie_deal,5009
Josh Hill,TE,Saints,2013,3,1.49,0.496667,0.005,0.004,2013,Saints,rookie,0,Saints,rookie_deal,5010
Josh Hill,TE,Saints,2016,3,7.1,2.366667,3.25,0.015,2013,Saints,veteran,3,Saints,extension,5011
Josh Hill,TE,Saints,2018,3,8.85,2.95,4.1,0.017,2013,Saints,veteran,5,Saints,extension,5012
Josh Hill,TE,Lions,2021,1,1.2125,1.2125,0.9875,0.006999999999999999,2013,Saints,veteran,8,Saints,new_team_signing,5013
Josh Huff,WR,Eagles,2014,4,2.820944,0.705236,0.555944,0.005,2014,Eagles,rookie,0,Eagles,rookie_deal,5014
Josh Huff,WR,Buccaneers,2016,1,0.527,0.527,0.0,0.003,2014,Eagles,veteran,2,Eagles,new_team_signing,5015
Josh Huff,WR,Saints,2018,1,0.785,0.785,0.0,0.004,2014,Eagles,veteran,4,Buccaneers,new_team_signing,5016
Josh Imatorbhebhe,WR,Jaguars,2021,1,0.1656,0.1656,0.0,0.001,2021,Jaguars,rookie,0,Jaguars,rookie_deal,5017
Josh Jacobs,RB,Raiders,2019,4,11.933398,2.98335,11.933398,0.016,2019,Raiders,rookie,0,Raiders,rookie_deal,5018
Josh Jacobs,RB,Raiders,2023,1,11.791,11.791,10.091,0.052000000000000005,2019,Raiders,veteran,4,Raiders,extension,5019
Josh Jacobs,RB,Packers,2024,4,48.0,12.0,12.5,0.047,2019,Raiders,veteran,5,Raiders,new_team_signing,5020
Josh Johnson,QB,Buccaneers,2008,4,1.8775,0.469375,0.1725,0.004,2008,Buccaneers,rookie,0,Buccaneers,rookie_deal,5021
Josh Johnson,QB,Browns,2012,1,0.7,0.7,0.0,0.006,2008,Buccaneers,veteran,4,Buccaneers,new_team_signing,5022
Josh Johnson,QB,Bengals,2013,2,1.895,0.9475,0.15,0.008,2008,Buccaneers,veteran,5,Browns,new_team_signing,5023
Josh Johnson,QB,Bills,2015,1,0.745,0.745,0.0,0.005,2008,Buccaneers,veteran,7,Bengals,new_team_signing,5024
Josh Johnson,QB,Giants,2016,1,0.885,0.885,0.0,0.006,2008,Buccaneers,veteran,8,Bills,new_team_signing,5025
Josh Johnson,QB,Texans,2017,1,0.9,0.9,0.0,0.005,2008,Buccaneers,veteran,9,Giants,new_team_signing,5026
Josh Johnson,QB,Commanders,2018,1,0.915,0.915,0.0,0.005,2008,Buccaneers,veteran,10,Texans,new_team_signing,5027
Josh Johnson,QB,Lions,2019,1,1.03,1.03,0.0,0.005,2008,Buccaneers,veteran,11,Commanders,new_team_signing,5028
Josh Johnson,QB,49ers,2020,1,0.204,0.204,0.0,0.001,2008,Buccaneers,veteran,12,Lions,new_team_signing,5029
Josh Johnson,RB,Seahawks,2021,1,0.1656,0.1656,0.0,0.001,2021,Seahawks,rookie,0,Seahawks,rookie_deal,5030
Josh Johnson,QB,Broncos,2022,1,0.288,0.288,0.0,0.001,2008,Buccaneers,veteran,14,Seahawks,new_team_signing,5031
Josh Johnson,QB,Ravens,2023,1,1.165,1.165,0.0,0.005,2008,Buccaneers,veteran,15,Broncos,new_team_signing,5032
Josh Johnson,QB,Ravens,2024,1,1.3775,1.3775,1.1525,0.005,2008,Buccaneers,veteran,16,Ravens,extension,5033
Josh Johnson,QB,Commanders,2025,1,1.4225,1.4225,0.04,0.005,2008,Buccaneers,veteran,17,Ravens,new_team_signing,5034
Josh Johnson,QB,Bengals,2026,1,1.5,1.5,0.2,0.005,2008,Buccaneers,veteran,18,Commanders,new_team_signing,5035
Josh Kattus,TE,Bengals,2026,3,3.115,1.038333,0.015,0.003,2026,Bengals,rookie,0,Bengals,rookie_deal,5036
Josh Kelly,WR,Texans,2025,1,0.234,0.234,0.0,0.001,2025,Cowboys,rookie,0,Texans,rookie_deal,5037
Josh Kelly,WR,Texans,2026,1,0.885,0.885,0.0,0.003,2025,Cowboys,veteran,1,Texans,extension,5038
Josh Love,QB,Rams,2020,3,2.295,0.765,0.01,0.004,2020,Rams,rookie,0,Rams,rookie_deal,5039
Josh Love,QB,Panthers,2021,1,0.1656,0.1656,0.0,0.001,2020,Rams,veteran,1,Rams,new_team_signing,5040
Josh Magee,WR,Falcons,2017,3,1.665,0.555,0.0015,0.003,2017,Falcons,rookie,0,Falcons,rookie_deal,5041
Josh Malone,WR,Bengals,2017,4,2.993528,0.748382,0.593528,0.004,2017,Bengals,rookie,0,Bengals,rookie_deal,5042
Josh Malone,WR,Jets,2019,1,0.17,0.17,0.0,0.001,2017,Bengals,veteran,2,Bengals,new_team_signing,5043
Josh Malone,WR,Jets,2020,1,0.1428,0.1428,0.0,0.001,2017,Bengals,veteran,3,Jets,extension,5044
Josh Malone,WR,Packers,2021,1,0.252,0.252,0.0,0.001,2017,Bengals,veteran,4,Jets,new_team_signing,5045
Josh Malone,WR,Steelers,2022,1,0.2772,0.2772,0.0,0.001,2017,Bengals,veteran,5,Packers,new_team_signing,5046
Josh McCown,QB,Cardinals,2002,3,1.388,0.462667,0.483,0.006999999999999999,2002,Cardinals,rookie,0,Cardinals,rookie_deal,5047
Josh McCown,QB,Cardinals,2005,1,1.43,1.43,0.0,0.017,2002,Cardinals,veteran,3,Cardinals,extension,5048
Josh McCown,QB,DET/LV,2006,2,6.0,3.0,2.0,0.028999999999999998,2002,Cardinals,veteran,4,Cardinals,new_team_signing,5049
Josh McCown,QB,CAR/MIA,2008,2,6.25,3.125,2.5,0.027000000000000003,2002,Cardinals,veteran,6,DET/LV,new_team_signing,5050
Josh McCown,QB,CHI/SF,2011,1,0.81,0.81,0.0,0.006999999999999999,2002,Cardinals,veteran,9,CAR/MIA,new_team_signing,5051
Josh McCown,QB,Bears,2012,1,0.825,0.825,0.0,0.006999999999999999,2002,Cardinals,veteran,10,CHI/SF,new_team_signing,5052
Josh McCown,QB,Bears,2013,1,0.865,0.865,0.125,0.006999999999999999,2002,Cardinals,veteran,11,Bears,extension,5053
Josh McCown,QB,Buccaneers,2014,2,10.0,5.0,4.75,0.038,2002,Cardinals,veteran,12,Bears,new_team_signing,5054
Josh McCown,QB,Browns,2015,3,14.0,4.666667,6.25,0.033,2002,Cardinals,veteran,13,Buccaneers,new_team_signing,5055
Josh McCown,QB,Jets,2017,1,6.0,6.0,6.0,0.036000000000000004,2002,Cardinals,veteran,15,Browns,new_team_signing,5056
Josh McCown,QB,Jets,2018,1,10.0,10.0,5.0,0.055999999999999994,2002,Cardinals,veteran,16,Jets,extension,5057
Josh McCown,QB,Eagles,2019,1,2.0,2.0,2.0,0.011000000000000001,2002,Cardinals,veteran,17,Jets,new_team_signing,5058
Josh McCown,QB,Eagles,2020,1,0.204,0.204,0.0,0.001,2002,Cardinals,veteran,18,Eagles,extension,5059
Josh Morgan,WR,49ers,2008,4,1.811,0.45275,0.106,0.004,2008,,rookie,0,49ers,rookie_deal,5060
Josh Morgan,WR,Commanders,2012,2,11.5,5.75,7.3,0.048,2008,,veteran,4,49ers,new_team_signing,5061
Josh Morgan,WR,Bears,2014,1,0.73,0.73,0.0,0.005,2008,,veteran,6,Commanders,new_team_signing,5062
Josh Morgan,WR,Saints,2015,1,0.87,0.87,0.0,0.006,2008,,veteran,7,Bears,new_team_signing,5063
Josh Oliver,TE,JAX/BAL,2019,4,4.250844,1.062711,1.111524,0.006,2019,Jaguars,rookie,0,JAX/BAL,rookie_deal,5064
Josh Oliver,TE,Vikings,2023,3,21.0,7.0,8.2,0.031,2019,Jaguars,veteran,4,JAX/BAL,new_team_signing,5065
Josh Oliver,TE,Vikings,2025,3,23.25,7.75,15.645,0.027999999999999997,2019,Jaguars,veteran,6,Vikings,extension,5066
Josh Palmer,WR,Chargers,2021,4,5.032056,1.258014,1.019676,0.006999999999999999,2021,Chargers,rookie,0,Chargers,rookie_deal,5067
Josh Palmer,WR,Bills,2025,3,30.0,10.0,15.0,0.036000000000000004,2021,Chargers,veteran,4,Chargers,new_team_signing,5068
Josh Pearson,WR,Buccaneers,2020,1,0.1428,0.1428,0.0,0.001,2020,Buccaneers,rookie,0,Buccaneers,rookie_deal,5069
Josh Pearson,WR,Buccaneers,2021,2,1.485,0.7425,0.0,0.004,2020,Buccaneers,veteran,1,Buccaneers,extension,5070
Josh Pederson,TE,Saints,2021,1,0.66,0.66,0.0,0.004,2021,49ers,rookie,0,Saints,rookie_deal,5071
Josh Pederson,TE,Chiefs,2022,1,0.705,0.705,0.0,0.003,2021,49ers,veteran,1,Saints,new_team_signing,5072
Josh Pederson,TE,Jaguars,2023,1,0.216,0.216,0.0,0.001,2021,49ers,veteran,2,Chiefs,new_team_signing,5073
Josh Pederson,TE,Jaguars,2024,1,0.915,0.915,0.0,0.004,2021,49ers,veteran,3,Jaguars,extension,5074
Josh Perkins,TE,Falcons,2016,3,1.6225,0.540833,0.0025,0.003,2016,Falcons,rookie,0,Falcons,rookie_deal,5075
Josh Perkins,TE,Falcons,2017,1,0.1224,0.1224,0.0,0.001,2016,Falcons,veteran,1,Falcons,extension,5076
Josh Perkins,TE,Eagles,2018,2,1.2,0.6,0.0,0.003,2016,Falcons,veteran,2,Falcons,new_team_signing,5077
Josh Perkins,TE,Eagles,2019,1,0.136,0.136,0.0,0.001,2016,Falcons,veteran,3,Eagles,extension,5078
Josh Perkins,TE,Jets,2021,1,0.252,0.252,0.0,0.001,2016,Falcons,veteran,5,Eagles,new_team_signing,5079
Josh Reese,WR,Eagles,2015,1,0.435,0.435,0.0,0.003,2015,Buccaneers,rookie,0,Eagles,rookie_deal,5080
Josh Reynolds,WR,Rams,2017,4,3.048024,0.762006,0.648024,0.005,2017,Rams,rookie,0,Rams,rookie_deal,5081
Josh Reynolds,WR,DET/TEN,2021,1,1.75,1.75,1.75,0.01,2017,Rams,veteran,4,Rams,new_team_signing,5082
Josh Reynolds,WR,Lions,2022,2,6.0,3.0,2.7,0.013999999999999999,2017,Rams,veteran,5,DET/TEN,new_team_signing,5083
Josh Reynolds,WR,DEN/JAX,2024,2,9.0,4.5,4.245,0.018000000000000002,2017,Rams,veteran,7,Lions,new_team_signing,5084
Josh Reynolds,WR,Jets,2025,1,2.75,2.75,2.0,0.01,2017,Rams,veteran,8,DEN/JAX,new_team_signing,5085
Josh Robinson,RB,Colts,2015,4,2.388168,0.597042,0.108168,0.004,2015,Colts,rookie,0,Colts,rookie_deal,5086
Josh Rosen,QB,ARI/MIA,2018,4,17.59776,4.39944,17.59776,0.025,2018,Cardinals,rookie,0,ARI/MIA,rookie_deal,5087
Josh Rosen,QB,Buccaneers,2020,1,0.1428,0.1428,0.0,0.001,2018,Cardinals,veteran,2,ARI/MIA,new_team_signing,5088
Josh Rosen,QB,Falcons,2021,1,0.85,0.85,0.0,0.005,2018,Cardinals,veteran,3,Buccaneers,new_team_signing,5089
Josh Rosen,QB,Browns,2022,1,0.2772,0.2772,0.0,0.001,2018,Cardinals,veteran,4,Falcons,new_team_signing,5090
Josh Rounds,RB,Bears,2017,1,0.1224,0.1224,0.0,0.001,2017,Bears,rookie,0,Bears,rookie_deal,5091
Josh Rounds,RB,Browns,2018,2,1.05,0.525,0.0,0.003,2017,Bears,veteran,1,Bears,new_team_signing,5092
Josh Smith,WR,Saints,2018,3,1.71,0.57,0.0,0.003,2018,Saints,rookie,0,Saints,rookie_deal,5093
Josh Smith,WR,Titans,2019,1,0.136,0.136,0.0,0.001,2018,Saints,veteran,1,Saints,new_team_signing,5094
Josh Smith,WR,Titans,2020,2,1.11,0.555,0.0,0.003,2018,Saints,veteran,2,Titans,extension,5095
Josh Stewart,WR,Titans,2014,3,1.5375,0.5125,0.0075,0.0,2014,Titans,rookie,0,Titans,rookie_deal,5096
Josh Vann,WR,Panthers,2023,3,2.705,0.901667,0.04,0.004,2023,Panthers,rookie,0,Panthers,rookie_deal,5097
Josh Vaughan,RB,Falcons,2009,2,1.2,0.6,0.0,0.0,2009,Buccaneers,rookie,0,Falcons,rookie_deal,5098
Josh Whyle,TE,Titans,2023,4,4.165368,1.041342,0.325368,0.005,2023,Titans,rookie,0,Titans,rookie_deal,5099
Josh Whyle,TE,Packers,2025,1,0.234,0.234,0.0,0.001,2023,Titans,veteran,2,Titans,new_team_signing,5100
Josh Whyle,TE,Packers,2026,1,2.0,2.0,0.37,0.006999999999999999,2023,Titans,veteran,3,Packers,extension,5101
Josh Williams,RB,Buccaneers,2025,1,0.234,0.234,0.0,0.001,2025,Buccaneers,rookie,0,Buccaneers,rookie_deal,5102
Josh Williams,RB,Buccaneers,2026,2,2.125,1.0625,0.0,0.004,2025,Buccaneers,veteran,1,Buccaneers,extension,5103
Josh Woodrum,QB,Ravens,2018,1,0.48,0.48,0.0,0.003,2016,Giants,veteran,2,Ravens,extension,5104
Josh Woodrum,QB,Commanders,2019,1,0.495,0.495,0.0,0.003,2016,Giants,veteran,3,Ravens,new_team_signing,5105
Joshua Dobbs,QB,JAX/PIT,2017,4,2.959124,0.739781,0.559124,0.004,2017,Steelers,rookie,0,JAX/PIT,rookie_deal,5106
Joshua Dobbs,QB,Steelers,2021,1,1.04,1.04,0.05,0.006,2017,Steelers,veteran,4,JAX/PIT,new_team_signing,5107
Joshua Dobbs,QB,Lions,2022,1,0.3582,0.3582,0.0,0.002,2017,Steelers,veteran,5,Steelers,new_team_signing,5108
Joshua Dobbs,QB,MIN/CLE/ARI,2023,1,2.0,2.0,2.0,0.009000000000000001,2017,Steelers,veteran,6,Lions,new_team_signing,5109
Joshua Dobbs,QB,49ers,2024,1,2.25,2.25,2.25,0.009000000000000001,2017,Steelers,veteran,7,MIN/CLE/ARI,new_team_signing,5110
Joshua Dobbs,QB,Patriots,2025,2,8.0,4.0,3.8,0.013999999999999999,2017,Steelers,veteran,8,49ers,new_team_signing,5111
Joshua Johnson,WR,Lions,2022,1,0.207,0.207,0.0,0.001,2022,Lions,rookie,0,Lions,rookie_deal,5112
Joshua Kelley,RB,Chargers,2020,4,4.075344,1.018836,0.780344,0.005,2020,Chargers,rookie,0,Chargers,rookie_deal,5113
Joshua Kelley,RB,Titans,2024,1,0.3024,0.3024,0.0,0.001,2020,Chargers,veteran,4,Chargers,new_team_signing,5114
Joshua Pitsenberger,RB,Texans,2026,3,3.112,1.037333,0.062,0.003,2026,Texans,rookie,0,Texans,rookie_deal,5115
Joshua Simon,TE,Falcons,2025,1,0.234,0.234,0.0,0.001,2025,Falcons,rookie,0,Falcons,rookie_deal,5116
Joshua Simon,TE,Falcons,2026,1,0.885,0.885,0.0,0.003,2025,Falcons,veteran,1,Falcons,extension,5117
Josiah Deguara,TE,Packers,2020,4,4.419685,1.104921,0.867468,0.006,2020,Packers,rookie,0,Packers,rookie_deal,5118
Josiah Deguara,TE,Jaguars,2024,1,0.3024,0.3024,0.0,0.001,2020,Packers,veteran,4,Packers,new_team_signing,5119
Josiah Deguara,TE,Cardinals,2025,1,0.315,0.315,0.0,0.001,2020,Packers,veteran,5,Jaguars,new_team_signing,5120
Josiah Price,TE,Vikings,2017,3,1.665,0.555,0.005,0.003,2017,Vikings,rookie,0,Vikings,rookie_deal,5121
Josiah Price,TE,Vikings,2018,1,0.48,0.48,0.0,0.003,2017,Vikings,veteran,1,Vikings,extension,5122
JuJu Smith-Schuster,WR,Steelers,2017,4,4.195778,1.048945,1.984476,0.006,2017,Steelers,rookie,0,Steelers,rookie_deal,5123
JuJu Smith-Schuster,WR,Steelers,2021,1,8.0,8.0,7.0,0.044000000000000004,2017,Steelers,veteran,4,Steelers,extension,5124
JuJu Smith-Schuster,WR,Chiefs,2022,1,3.76,3.76,2.49,0.018000000000000002,2017,Steelers,veteran,5,Steelers,new_team_signing,5125
JuJu Smith-Schuster,WR,Patriots,2023,3,25.5,8.5,16.0,0.038,2017,Steelers,veteran,6,Chiefs,new_team_signing,5126
JuJu Smith-Schuster,WR,Chiefs,2024,1,1.21,1.21,0.0,0.005,2017,Steelers,veteran,7,Patriots,new_team_signing,5127
JuJu Smith-Schuster,WR,Chiefs,2025,1,1.4225,1.4225,1.1975,0.005,2017,Steelers,veteran,8,Chiefs,extension,5128
JuJu Smith-Schuster,WR,Giants,2026,1,1.3,1.3,0.0,0.004,2017,Steelers,veteran,9,Chiefs,new_team_signing,5129
Julian Allen,TE,Browns,2018,3,1.71,0.57,0.0,0.003,2018,Browns,rookie,0,Browns,rookie_deal,5130
Julian Edelman,WR,Patriots,2009,4,1.7987,0.449675,0.0487,0.004,2009,Patriots,rookie,0,Patriots,rookie_deal,5131
Julian Edelman,WR,Patriots,2013,1,0.765,0.765,0.0,0.006,2009,Patriots,veteran,4,Patriots,extension,5132
Julian Edelman,WR,Patriots,2014,4,17.0,4.25,6.0,0.032,2009,Patriots,veteran,5,Patriots,extension,5133
Julian Edelman,WR,Patriots,2017,2,11.0,5.5,7.0,0.033,2009,Patriots,veteran,8,Patriots,extension,5134
Julian Edelman,WR,Patriots,2019,2,15.5,7.75,12.0,0.040999999999999995,2009,Patriots,veteran,10,Patriots,extension,5135
Julian Hicks,WR,Packers,2024,1,0.225,0.225,0.0,0.001,2024,Packers,rookie,0,Packers,rookie_deal,5136
Julian Hicks,WR,Packers,2025,1,0.234,0.234,0.0,0.001,2024,Packers,veteran,1,Packers,extension,5137
Julian Hill,TE,Dolphins,2023,3,2.7075,0.9025,0.0425,0.004,2023,Dolphins,rookie,0,Dolphins,rookie_deal,5138
Julian Hill,TE,Patriots,2026,3,15.0,5.0,7.5,0.017,2023,Dolphins,veteran,3,Dolphins,new_team_signing,5139
Julian Jones,WR,Falcons,2014,4,1.53,0.51,0.0,0.0,2014,Falcons,rookie,0,Falcons,rookie_deal,5140
Julian Talley,WR,Giants,2012,2,1.11,0.555,0.0,0.0,2012,Giants,rookie,0,Giants,rookie_deal,5141
Julian Williams,WR,Falcons,2018,1,0.1292,0.1292,0.0,0.001,2018,Falcons,rookie,0,Falcons,rookie_deal,5142
Julio Jones,WR,Falcons,2011,4,16.18375,4.045938,16.18375,0.034,2011,Falcons,rookie,0,Falcons,rookie_deal,5143
Julio Jones,WR,Falcons,2015,5,71.25,14.25,35.5,0.099,2011,Falcons,veteran,4,Falcons,extension,5144
Julio Jones,WR,ATL/TEN,2019,3,66.0,22.0,64.0,0.11699999999999999,2011,Falcons,veteran,8,Falcons,new_team_signing,5145
Julio Jones,WR,Buccaneers,2022,1,6.0,6.0,6.0,0.028999999999999998,2011,Falcons,veteran,11,ATL/TEN,new_team_signing,5146
Julio Jones,WR,Eagles,2023,1,0.3708,0.3708,0.0,0.002,2011,Falcons,veteran,12,Buccaneers,new_team_signing,5147
Julius Chestnut,RB,Titans,2022,1,0.207,0.207,0.0,0.001,2022,Titans,rookie,0,Titans,rookie_deal,5148
Julius Chestnut,RB,Titans,2024,1,0.985,0.985,0.0,0.004,2022,Titans,veteran,2,Titans,extension,5149
Julius Chestnut,RB,Titans,2025,1,1.1,1.1,0.0,0.004,2022,Titans,veteran,3,Titans,extension,5150
Julius Chestnut,RB,Titans,2026,1,1.4025,1.4025,0.1025,0.005,2022,Titans,veteran,4,Titans,extension,5151
Julius Thomas,TE,Broncos,2011,4,2.424,0.606,0.384,0.005,2011,Broncos,rookie,0,Broncos,rookie_deal,5152
Julius Thomas,TE,MIA/JAX,2015,5,46.0,9.2,21.0,0.064,2011,Broncos,veteran,4,Broncos,new_team_signing,5153
Julius Thomas,TE,Dolphins,2017,2,12.2,6.1,3.0,0.037000000000000005,2011,Broncos,veteran,6,MIA/JAX,new_team_signing,5154
Junior Bergen,WR,49ers,2025,1,0.234,0.234,0.0,0.001,2025,49ers,rookie,0,49ers,rookie_deal,5155
Junior Bergen,WR,49ers,2026,1,0.885,0.885,0.0,0.003,2025,49ers,veteran,1,49ers,extension,5156
Junior Hemingway,WR,Chiefs,2012,1,0.0969,0.0969,0.0,0.001,2012,Chiefs,rookie,0,Chiefs,rookie_deal,5157
Junior Hemingway,WR,Chiefs,2015,1,0.585,0.585,0.0,0.004,2012,Chiefs,veteran,3,Chiefs,extension,5158
Juron Criner,WR,Raiders,2012,4,2.24456,0.56114,0.14456,0.005,2012,Raiders,rookie,0,Raiders,rookie_deal,5159
Juron Criner,WR,Giants,2014,1,0.1071,0.1071,0.0,0.001,2012,Raiders,veteran,2,Raiders,new_team_signing,5160
Juron Criner,WR,Giants,2015,2,1.26,0.63,0.0,0.004,2012,Raiders,veteran,3,Giants,extension,5161
Justice Cunningham,TE,IND/LAR,2013,1,0.102,0.102,0.0,0.001,2013,Colts,rookie,0,IND/LAR,rookie_deal,5162
Justice Cunningham,TE,Rams,2014,1,0.1071,0.1071,0.0,0.001,2013,Colts,veteran,1,IND/LAR,new_team_signing,5163
Justice Cunningham,TE,Rams,2015,1,0.1122,0.1122,0.0,0.001,2013,Colts,veteran,2,Rams,extension,5164
Justice Cunningham,TE,Rams,2016,2,1.29,0.645,0.0,0.004,2013,Colts,veteran,3,Rams,extension,5165
Justice Hill,RB,Ravens,2019,4,3.261656,0.815414,0.741656,0.004,2019,Ravens,rookie,0,Ravens,rookie_deal,5166
Justice Hill,RB,Ravens,2023,2,4.51,2.255,1.25,0.01,2019,Ravens,veteran,4,Ravens,extension,5167
Justice Hill,RB,Ravens,2024,2,6.0,3.0,4.441176,0.012,2019,Ravens,veteran,5,Ravens,extension,5168
Justice Shelton-Mosley,WR,Chiefs,2020,3,2.2875,0.7625,0.0025,0.004,2020,Chiefs,rookie,0,Chiefs,rookie_deal,5169
Justin Barron,WR,Cowboys,2025,1,0.234,0.234,0.0,0.001,2025,Cowboys,rookie,0,Cowboys,rookie_deal,5170
Justin Berger,WR,Colts,2016,3,1.62,0.54,0.0,0.003,2016,Colts,rookie,0,Colts,rookie_deal,5171
Justin Blackmon,WR,Jaguars,2012,4,18.51201,4.628003,18.51201,0.038,2012,Jaguars,rookie,0,Jaguars,rookie_deal,5172
Justin Brown,WR,Steelers,2013,1,0.102,0.102,0.0,0.001,2013,Steelers,rookie,0,Steelers,rookie_deal,5173
Justin Brown,WR,Steelers,2014,1,0.42,0.42,0.0,0.003,2013,Steelers,veteran,1,Steelers,extension,5174
Justin Brown,WR,Bills,2015,1,0.51,0.51,0.0,0.004,2013,Steelers,veteran,2,Steelers,new_team_signing,5175
Justin Crawford,RB,Falcons,2018,3,1.7125,0.570833,0.0025,0.003,2018,Falcons,rookie,0,Falcons,rookie_deal,5176
Justin Davis,RB,Rams,2017,3,1.68,0.56,0.015,0.003,2017,Rams,rookie,0,Rams,rookie_deal,5177
Justin Davis,RB,Cardinals,2019,1,0.136,0.136,0.0,0.001,2017,Rams,veteran,2,Rams,new_team_signing,5178
Justin Fields,QB,PIT/CHI,2021,4,18.871952,4.717988,18.871952,0.026000000000000002,2021,Bears,rookie,0,PIT/CHI,rookie_deal,5179
Justin Fields,QB,Chiefs,2025,1,11.0,11.0,11.0,0.039,2021,Bears,veteran,4,PIT/CHI,new_team_signing,5180
Justin Forsett,RB,Seahawks,2008,1,0.0884,0.0884,0.0,0.001,2008,Seahawks,rookie,0,Seahawks,rookie_deal,5181
Justin Forsett,RB,Texans,2012,1,0.715,0.715,0.0,0.006,2008,Seahawks,veteran,4,Seahawks,new_team_signing,5182
Justin Forsett,RB,Jaguars,2013,2,2.3,1.15,0.3,0.009000000000000001,2008,Seahawks,veteran,5,Texans,new_team_signing,5183
Justin Forsett,RB,Ravens,2014,1,0.73,0.73,0.0,0.005,2008,Seahawks,veteran,6,Jaguars,new_team_signing,5184
Justin Forsett,RB,Ravens,2015,3,9.0,3.0,3.0,0.021,2008,Seahawks,veteran,7,Ravens,extension,5185
Justin Forsett,RB,DEN/DET,2016,1,0.885,0.885,0.0,0.006,2008,Seahawks,veteran,8,Ravens,new_team_signing,5186
Justin Hall,WR,Raiders,2022,3,2.572,0.857333,0.054,0.004,2022,Raiders,rookie,0,Raiders,rookie_deal,5187
Justin Hall,WR,Vikings,2024,1,0.795,0.795,0.0,0.003,2022,Raiders,veteran,2,Raiders,new_team_signing,5188
Justin Hardee,WR,Saints,2017,1,0.1224,0.1224,0.0,0.001,2017,Texans,rookie,0,Saints,rookie_deal,5189
Justin Hardee,WR,Saints,2019,1,0.645,0.645,0.0,0.003,2017,Texans,veteran,2,Saints,extension,5190
Justin Hardee,WR,Saints,2020,1,1.5,1.5,0.365,0.008,2017,Texans,veteran,3,Saints,extension,5191
Justin Hardee,WR,Titans,2024,1,0.3024,0.3024,0.0,0.001,2017,Texans,veteran,7,Saints,new_team_signing,5192
Justin Hardee,WR,Titans,2025,1,1.255,1.255,0.0,0.004,2017,Texans,veteran,8,Titans,extension,5193
Justin Hardy,WR,Falcons,2015,4,2.82082,0.705205,0.54082,0.005,2015,Falcons,rookie,0,Falcons,rookie_deal,5194
Justin Hardy,WR,Falcons,2019,1,0.895,0.895,0.09,0.005,2015,Falcons,veteran,4,Falcons,extension,5195
Justin Hardy,WR,Bears,2021,1,0.99,0.99,0.0,0.005,2015,Falcons,veteran,6,Falcons,new_team_signing,5196
Justin Herbert,QB,Chargers,2020,4,26.578754,6.644689,26.578754,0.034,2020,Chargers,rookie,0,Chargers,rookie_deal,5197
Justin Herbert,QB,Chargers,2023,5,262.5,52.5,133.738375,0.23399999999999999,2020,Chargers,veteran,3,Chargers,extension,5198
Justin Hunter,WR,MIA/TEN,2013,4,5.424148,1.356037,3.841388,0.011000000000000001,2013,Titans,rookie,0,MIA/TEN,rookie_deal,5199
Justin Hunter,WR,MIA/BUF,2016,1,0.727627,0.727627,0.052627,0.005,2013,Titans,veteran,3,MIA/TEN,new_team_signing,5200
Justin Hunter,WR,Steelers,2017,1,0.855,0.855,0.03,0.005,2013,Titans,veteran,4,MIA/BUF,new_team_signing,5201
Justin Hunter,WR,Steelers,2018,1,0.87,0.87,0.03,0.005,2013,Titans,veteran,5,Steelers,extension,5202
Justin Jackson,RB,Chargers,2018,1,0.1292,0.1292,0.0,0.001,2018,Chargers,rookie,0,Chargers,rookie_deal,5203
Justin Jackson,RB,Lions,2022,1,0.2772,0.2772,0.0,0.001,2018,Chargers,veteran,4,Chargers,new_team_signing,5204
Justin Jackson,RB,Lions,2023,1,1.08,1.08,0.0,0.005,2018,Chargers,veteran,5,Lions,extension,5205
Justin Jefferson,WR,Vikings,2020,4,13.122806,3.280702,13.122806,0.017,2020,Vikings,rookie,0,Vikings,rookie_deal,5206
Justin Jefferson,WR,Vikings,2024,4,140.0,35.0,88.743,0.13699999999999998,2020,Vikings,veteran,4,Vikings,extension,5207
Justin Johnson,TE,Seahawks,2019,3,1.76,0.586667,0.005,0.003,2019,Seahawks,rookie,0,Seahawks,rookie_deal,5208
Justin Johnson,TE,Cardinals,2020,1,0.1428,0.1428,0.0,0.001,2019,Seahawks,veteran,1,Seahawks,new_team_signing,5209
Justin Joly,TE,Broncos,2026,4,4.886104,1.221526,0.506104,0.004,2026,Broncos,rookie,0,Broncos,rookie_deal,5210
Justin Jones,TE,Chiefs,2014,1,0.42,0.42,0.0,0.0,2014,Patriots,rookie,0,Chiefs,rookie_deal,5211
Justin Lockhart,WR,Chiefs,2025,3,2.968,0.989333,0.018,0.004,2025,Chiefs,rookie,0,Chiefs,rookie_deal,5212
Justin Marshall,WR,Seahawks,2023,1,0.75,0.75,0.0,0.003,2023,Falcons,rookie,0,Seahawks,rookie_deal,5213
Justin Rigg,TE,Steelers,2022,1,0.207,0.207,0.0,0.001,2022,Bengals,rookie,0,Steelers,rookie_deal,5214
Justin Rigg,TE,Titans,2023,2,1.655,0.8325,0.0,0.004,2022,Bengals,veteran,1,Steelers,new_team_signing,5215
Justin Shorter,WR,Bills,2023,4,4.163948,1.040987,0.323948,0.005,2023,Bills,rookie,0,Bills,rookie_deal,5216
Justin Shorter,WR,Raiders,2024,1,0.225,0.225,0.0,0.001,2023,Bills,veteran,1,Bills,new_team_signing,5217
Justin Shorter,WR,Raiders,2025,1,0.234,0.234,0.0,0.001,2023,Bills,veteran,2,Raiders,extension,5218
Justin Shorter,WR,Raiders,2026,1,1.075,1.075,0.0,0.004,2023,Bills,veteran,3,Raiders,extension,5219
Justin Sinz,TE,Colts,2015,3,1.577,0.525667,0.002,0.004,2015,Colts,rookie,0,Colts,rookie_deal,5220
Justin Stockton,RB,Lions,2018,1,0.1292,0.1292,0.0,0.001,2018,Seahawks,rookie,0,Lions,rookie_deal,5221
Justin Stockton,RB,Lions,2019,1,0.495,0.495,0.0,0.003,2018,Seahawks,veteran,1,Lions,extension,5222
Justin Sumpter,WR,Rams,2019,3,1.755,0.585,0.0,0.003,2019,Rams,rookie,0,Rams,rookie_deal,5223
Justin Thomas,WR,Steelers,2017,1,0.1224,0.1224,0.0,0.001,2017,Saints,rookie,0,Steelers,rookie_deal,5224
Justin Thomas,WR,Steelers,2018,1,0.48,0.48,0.0,0.003,2017,Saints,veteran,1,Steelers,extension,5225
Justin Tukes,TE,Eagles,2015,3,1.581,0.527,0.006,0.0,2015,Eagles,rookie,0,Eagles,rookie_deal,5226
Justin Veltung,WR,Rams,2013,1,0.495,0.495,0.0,0.0,2013,Seahawks,rookie,0,Rams,rookie_deal,5227
Justin Watson,WR,Buccaneers,2018,4,2.761736,0.690434,0.301736,0.004,2018,Buccaneers,rookie,0,Buccaneers,rookie_deal,5228
Justin Watson,WR,Buccaneers,2021,1,0.252,0.252,0.0,0.001,2018,Buccaneers,veteran,3,Buccaneers,extension,5229
Justin Watson,WR,Chiefs,2022,1,1.035,1.035,0.0,0.005,2018,Buccaneers,veteran,4,Buccaneers,new_team_signing,5230
Justin Watson,WR,Chiefs,2023,2,3.4,1.7,1.3,0.008,2018,Buccaneers,veteran,5,Chiefs,extension,5231
Justin Watson,WR,Texans,2025,2,5.0,2.5,3.0,0.009000000000000001,2018,Buccaneers,veteran,7,Chiefs,new_team_signing,5232
Justyn Ross,WR,Chiefs,2022,3,2.56,0.853333,0.0,0.004,2022,Chiefs,rookie,0,Chiefs,rookie_deal,5233
Justyn Ross,WR,Chiefs,2024,1,0.225,0.225,0.0,0.001,2022,Chiefs,veteran,2,Chiefs,extension,5234
Justyn Ross,WR,Chiefs,2025,1,0.96,0.96,0.0,0.003,2022,Chiefs,veteran,3,Chiefs,extension,5235
Juwan Green,WR,Falcons,2020,1,0.1428,0.1428,0.0,0.001,2020,Falcons,rookie,0,Falcons,rookie_deal,5236
Juwan Green,WR,Lions,2021,1,0.1656,0.1656,0.0,0.001,2020,Falcons,veteran,1,Falcons,new_team_signing,5237
Juwan Green,WR,Titans,2022,2,1.575,0.7875,0.0,0.004,2020,Falcons,veteran,2,Lions,new_team_signing,5238
Juwan Green,WR,Chiefs,2023,1,0.75,0.75,0.0,0.003,2020,Falcons,veteran,3,Titans,new_team_signing,5239
Juwan Johnson,TE,Saints,2020,1,0.252728,0.252728,0.0,0.001,2020,Saints,rookie,0,Saints,rookie_deal,5240
Juwan Johnson,TE,Saints,2022,1,0.895,0.895,0.0,0.004,2020,Saints,veteran,2,Saints,extension,5241
Juwan Johnson,TE,Saints,2023,2,12.01,6.005,8.51,0.027000000000000003,2020,Saints,veteran,3,Saints,extension,5242
Juwan Johnson,TE,Saints,2025,3,30.75,10.25,21.25,0.037000000000000005,2020,Saints,veteran,5,Saints,extension,5243
Juwann Winfree,WR,Broncos,2019,4,2.691104,0.672776,0.171104,0.004,2019,Broncos,rookie,0,Broncos,rookie_deal,5244
Juwann Winfree,WR,Packers,2020,1,0.148906,0.148906,0.0,0.001,2019,Broncos,veteran,1,Broncos,new_team_signing,5245
Juwann Winfree,WR,Packers,2021,1,0.1656,0.1656,0.0,0.001,2019,Broncos,veteran,2,Packers,extension,5246
Juwann Winfree,WR,Packers,2022,1,0.207,0.207,0.0,0.001,2019,Broncos,veteran,3,Packers,extension,5247
Juwann Winfree,WR,Colts,2023,1,0.216,0.216,0.0,0.001,2019,Broncos,veteran,4,Packers,new_team_signing,5248
Juwann Winfree,WR,Texans,2025,1,1.17,1.17,0.0,0.004,2019,Broncos,veteran,6,Colts,new_team_signing,5249
K.J. Brent,WR,Colts,2018,1,0.1292,0.1292,0.0,0.001,2016,Raiders,veteran,2,Colts,extension,5250
K.J. Brent,WR,Buccaneers,2019,2,1.23,0.615,0.0,0.003,2016,Raiders,veteran,3,Colts,new_team_signing,5251
K.J. Costello,QB,Chargers,2021,3,2.425,0.808333,0.0,0.004,2021,Chargers,rookie,0,Chargers,rookie_deal,5252
K.J. Costello,QB,Saints,2022,1,0.705,0.705,0.0,0.003,2021,Chargers,veteran,1,Chargers,new_team_signing,5253
K.J. Hamler,WR,Broncos,2020,4,7.137134,1.784284,4.295059,0.009000000000000001,2020,Broncos,rookie,0,Broncos,rookie_deal,5254
K.J. Hamler,WR,Colts,2023,1,0.216,0.216,0.0,0.001,2020,Broncos,veteran,3,Broncos,new_team_signing,5255
K.J. Hamler,WR,Bills,2024,1,0.3024,0.3024,0.0,0.001,2020,Broncos,veteran,4,Colts,new_team_signing,5256
K.J. Hamler,WR,Bills,2025,1,1.108,1.108,0.008,0.004,2020,Broncos,veteran,5,Bills,extension,5257
K.J. Hill,WR,Chargers,2020,4,3.399824,0.849956,0.104824,0.004,2020,Chargers,rookie,0,Chargers,rookie_deal,5258
K.J. Hill,WR,Chargers,2021,1,0.1656,0.1656,0.0,0.001,2020,Chargers,veteran,1,Chargers,extension,5259
K.J. Osborn,WR,Vikings,2020,4,3.562772,0.890693,0.267772,0.004,2020,Vikings,rookie,0,Vikings,rookie_deal,5260
K.J. Osborn,WR,Commanders,2024,1,4.0,4.0,3.18,0.016,2020,Vikings,veteran,4,Vikings,new_team_signing,5261
K.J. Osborn,WR,Falcons,2025,1,0.315,0.315,0.0,0.001,2020,Vikings,veteran,5,Commanders,new_team_signing,5262
K.J. Osborn,WR,Titans,2026,1,1.215,1.215,0.0,0.004,2020,Vikings,veteran,6,Falcons,new_team_signing,5263
KC Concepcion,WR,Browns,2026,4,19.748428,4.937107,19.748428,0.016,2026,Browns,rookie,0,Browns,rookie_deal,5264
KD Cannon,WR,Cowboys,2017,1,0.1224,0.1224,0.0,0.001,2017,,rookie,0,Cowboys,rookie_deal,5265
KD Cannon,WR,Cowboys,2018,2,1.05,0.525,0.0,0.003,2017,,veteran,1,Cowboys,extension,5266
Ka'Deem Carey,RB,Bears,2014,4,2.66338,0.665845,0.44338,0.005,2014,Bears,rookie,0,Bears,rookie_deal,5267
Ka'Raun White,WR,CIN/SEA,2018,3,1.724,0.574667,0.014,0.003,2018,Seahawks,rookie,0,CIN/SEA,rookie_deal,5268
Ka'Raun White,WR,Steelers,2019,1,0.495,0.495,0.0,0.003,2018,Seahawks,veteran,1,CIN/SEA,new_team_signing,5269
Kabion Ento,WR,Packers,2019,1,0.136,0.136,0.0,0.001,2019,Packers,rookie,0,Packers,rookie_deal,5270
Kabion Ento,WR,Packers,2020,1,0.51,0.51,0.0,0.003,2019,Packers,veteran,1,Packers,extension,5271
Kabion Ento,WR,Packers,2021,1,0.1656,0.1656,0.0,0.001,2019,Packers,veteran,2,Packers,extension,5272
Kabion Ento,WR,Packers,2022,1,0.705,0.705,0.0,0.003,2019,Packers,veteran,3,Packers,extension,5273
Kadarius Calloway,RB,Buccaneers,2026,3,3.101,1.033667,0.001,0.003,2026,Buccaneers,rookie,0,Buccaneers,rookie_deal,5274
Kadarius Toney,WR,NYG/KC,2021,4,13.719508,3.429877,13.719508,0.019,2021,Giants,rookie,0,NYG/KC,rookie_deal,5275
Kadarius Toney,WR,Browns,2024,1,0.3024,0.3024,0.0,0.001,2021,Giants,veteran,3,NYG/KC,new_team_signing,5276
Kade Warner,WR,Buccaneers,2023,3,2.7,0.9,0.005,0.004,2023,Buccaneers,rookie,0,Buccaneers,rookie_deal,5277
Kadeem Jones,RB,Rams,2014,4,1.53,0.51,0.0,0.0,2014,Rams,rookie,0,Rams,rookie_deal,5278
Kaden Davis,WR,Broncos,2022,1,0.207,0.207,0.0,0.001,2022,Broncos,rookie,0,Broncos,rookie_deal,5279
Kaden Davis,WR,Cardinals,2023,1,0.216,0.216,0.0,0.001,2022,Broncos,veteran,1,Broncos,new_team_signing,5280
Kaden Davis,WR,Broncos,2024,1,0.225,0.225,0.0,0.001,2022,Broncos,veteran,2,Cardinals,new_team_signing,5281
Kaden Davis,WR,Browns,2025,1,0.234,0.234,0.0,0.001,2022,Broncos,veteran,3,Broncos,new_team_signing,5282
Kaden Prather,WR,Bills,2025,4,4.310368,1.077592,0.110368,0.004,2025,Bills,rookie,0,Bills,rookie_deal,5283
Kaden Smith,TE,NYG/SF,2019,4,2.720008,0.680002,0.200008,0.004,2019,49ers,rookie,0,NYG/SF,rookie_deal,5284
Kaden Smith,TE,Commanders,2023,1,1.01,1.01,0.0,0.004,2019,49ers,veteran,4,NYG/SF,new_team_signing,5285
Kaden Wetjen,WR,Steelers,2026,4,5.506916,1.376729,1.126916,0.005,2026,Steelers,rookie,0,Steelers,rookie_deal,5286
Kaelin Clay,WR,Buccaneers,2015,1,0.1122,0.1122,0.0,0.001,2015,Buccaneers,rookie,0,Buccaneers,rookie_deal,5287
Kaelin Clay,WR,Ravens,2016,1,0.525,0.525,0.0,0.003,2015,Buccaneers,veteran,1,Buccaneers,new_team_signing,5288
Kaelin Clay,WR,Panthers,2017,1,0.54,0.54,0.0,0.003,2015,Buccaneers,veteran,2,Ravens,new_team_signing,5289
Kaelin Clay,WR,NYG/BUF,2018,1,0.72,0.72,0.09,0.004,2015,Buccaneers,veteran,3,Panthers,new_team_signing,5290
Kaelon Black,RB,49ers,2026,4,6.829276,1.707319,1.426744,0.006,2026,49ers,rookie,0,49ers,rookie_deal,5291
Kahale Warring,TE,HOU/NE/IND,2019,4,3.640454,0.910114,0.892204,0.005,2019,Texans,rookie,0,HOU/NE/IND,rookie_deal,5292
Kahale Warring,TE,Bills,2021,1,0.1656,0.1656,0.0,0.001,2019,Texans,veteran,2,HOU/NE/IND,new_team_signing,5293
Kahale Warring,TE,Saints,2022,1,0.895,0.895,0.0,0.004,2019,Texans,veteran,3,Bills,new_team_signing,5294
Kahlil Bell,RB,Packers,2009,1,0.715,0.715,0.0,0.0,2009,Vikings,rookie,0,Packers,rookie_deal,5295
Kahlil Lewis,WR,Seahawks,2019,1,0.495,0.495,0.0,0.003,2019,Falcons,rookie,0,Seahawks,rookie_deal,5296
Kai De la Cruz,WR,Dolphins,2015,3,1.575,0.525,0.0,0.0,2015,Dolphins,rookie,0,Dolphins,rookie_deal,5297
Kai Locksley,WR,Dolphins,2021,3,2.425,0.808333,0.0,0.004,2021,Dolphins,rookie,0,Dolphins,rookie_deal,5298
Kairee Robinson,RB,Seahawks,2024,3,2.83,0.943333,0.0,0.004,2024,Seahawks,rookie,0,Seahawks,rookie_deal,5299
Kaleb Johnson,RB,Steelers,2025,4,6.372062,1.593016,1.274228,0.006,2025,Steelers,rookie,0,Steelers,rookie_deal,5300
Kalel Mullings,RB,Titans,2025,4,4.438508,1.109627,0.238508,0.004,2025,Titans,rookie,0,Titans,rookie_deal,5301
Kalen Ballage,RB,Dolphins,2018,4,3.04918,0.762295,0.58918,0.004,2018,Dolphins,rookie,0,Dolphins,rookie_deal,5302
Kalen Ballage,RB,Chargers,2020,1,0.1428,0.1428,0.0,0.001,2018,Dolphins,veteran,2,Dolphins,new_team_signing,5303
Kalen Ballage,RB,Steelers,2021,1,0.92,0.92,0.0,0.005,2018,Dolphins,veteran,3,Chargers,new_team_signing,5304
Kalif Jackson,TE,Dolphins,2021,3,2.425,0.808333,0.0,0.004,2021,Dolphins,rookie,0,Dolphins,rookie_deal,5305
Kalif Phillips,RB,Packers,2017,3,1.665,0.555,0.0,0.003,2017,Packers,rookie,0,Packers,rookie_deal,5306
Kalif Raymond,WR,Jets,2016,3,1.62,0.54,0.0,0.003,2016,Broncos,rookie,0,Jets,rookie_deal,5307
Kalif Raymond,WR,Giants,2017,1,0.1224,0.1224,0.0,0.001,2016,Broncos,veteran,1,Jets,new_team_signing,5308
Kalif Raymond,WR,Titans,2018,1,0.1292,0.1292,0.0,0.001,2016,Broncos,veteran,2,Giants,new_team_signing,5309
Kalif Raymond,WR,Titans,2019,1,0.136,0.136,0.0,0.001,2016,Broncos,veteran,3,Titans,extension,5310
Kalif Raymond,WR,Lions,2021,1,1.1275,1.1275,0.25,0.006,2016,Broncos,veteran,5,Titans,new_team_signing,5311
Kalif Raymond,WR,Lions,2022,2,5.0,2.5,2.85,0.012,2016,Broncos,veteran,6,Lions,extension,5312
Kalif Raymond,WR,Lions,2023,2,10.5,5.25,8.15,0.023,2016,Broncos,veteran,7,Lions,extension,5313
Kalif Raymond,WR,Lions,2025,1,4.0,4.0,3.33,0.013999999999999999,2016,Broncos,veteran,9,Lions,extension,5314
Kalif Raymond,WR,Bears,2026,1,3.5,3.5,3.0,0.012,2016,Broncos,veteran,10,Lions,new_team_signing,5315
Kalija Lipscomb,WR,Chiefs,2020,1,0.1428,0.1428,0.0,0.001,2020,Chiefs,rookie,0,Chiefs,rookie_deal,5316
Kalija Lipscomb,WR,Titans,2021,2,1.485,0.7425,0.0,0.004,2020,Chiefs,veteran,1,Chiefs,new_team_signing,5317
Kalil Pimpleton,WR,Giants,2022,1,0.207,0.207,0.0,0.001,2022,Lions,rookie,0,Giants,rookie_deal,5318
Kalil Pimpleton,WR,Giants,2023,1,0.75,0.75,0.0,0.003,2022,Lions,veteran,1,Giants,extension,5319
Kamar Aiken,WR,Bills,2011,1,0.0969,0.0969,0.0,0.001,2011,Bills,rookie,0,Bills,rookie_deal,5320
Kamar Aiken,WR,CHI/NE,2012,1,0.0969,0.0969,0.0,0.001,2011,Bills,veteran,1,Bills,new_team_signing,5321
Kamar Aiken,WR,Ravens,2013,1,0.102,0.102,0.0,0.001,2011,Bills,veteran,2,CHI/NE,new_team_signing,5322
Kamar Aiken,WR,Ravens,2014,1,0.495,0.495,0.0,0.004,2011,Bills,veteran,3,Ravens,extension,5323
Kamar Aiken,WR,Ravens,2015,1,0.585,0.585,0.0,0.004,2011,Bills,veteran,4,Ravens,extension,5324
Kamar Aiken,WR,Ravens,2016,1,2.553,2.553,0.0,0.016,2011,Bills,veteran,5,Ravens,extension,5325
Kamar Aiken,WR,Colts,2017,1,2.6,2.6,1.5,0.016,2011,Bills,veteran,6,Ravens,new_team_signing,5326
Kamar Aiken,WR,Eagles,2018,1,0.79,0.79,0.0,0.004,2011,Bills,veteran,7,Colts,new_team_signing,5327
Kamar Jorden,WR,Vikings,2012,2,0.93,0.465,0.0,0.0,2012,Vikings,rookie,0,Vikings,rookie_deal,5328
Kameron Brown,WR,Buccaneers,2022,3,2.561,0.853667,0.001,0.004,2022,Buccaneers,rookie,0,Buccaneers,rookie_deal,5329
Kameron Johnson,WR,Buccaneers,2024,3,2.84,0.946667,0.01,0.004,2024,Buccaneers,rookie,0,Buccaneers,rookie_deal,5330
Kano Dillon,TE,Commanders,2019,3,1.765,0.588333,0.01,0.003,2019,Commanders,rookie,0,Commanders,rookie_deal,5331
Kapri Bibbs,RB,Commanders,2018,1,0.21675,0.21675,0.0,0.001,2014,Broncos,veteran,4,Commanders,extension,5332
Karan Higdon,RB,Texans,2019,1,0.136,0.136,0.0,0.001,2019,Texans,rookie,0,Texans,rookie_deal,5333
Karan Higdon,RB,Texans,2020,2,1.11,0.555,0.0,0.003,2019,Texans,veteran,1,Texans,extension,5334
Kareem Hunt,RB,Chiefs,2017,4,3.285722,0.821431,0.775952,0.005,2017,Chiefs,rookie,0,Chiefs,rookie_deal,5335
Kareem Hunt,RB,Browns,2019,1,1.1,1.1,0.0,0.006,2017,Chiefs,veteran,2,Chiefs,new_team_signing,5336
Kareem Hunt,RB,Browns,2020,1,3.259,3.259,0.0,0.016,2017,Chiefs,veteran,3,Browns,extension,5337
Kareem Hunt,RB,Browns,2023,1,1.35,1.35,0.5,0.006,2017,Chiefs,veteran,6,Browns,extension,5338
Kareem Hunt,RB,Chiefs,2024,1,0.3834,0.3834,0.0,0.002,2017,Chiefs,veteran,7,Browns,new_team_signing,5339
Kareem Hunt,RB,Chiefs,2025,1,1.5,1.5,0.85,0.005,2017,Chiefs,veteran,8,Chiefs,extension,5340
Karel Hamilton,WR,Cowboys,2017,2,1.02,0.51,0.0,0.003,2017,Bengals,rookie,0,Cowboys,rookie_deal,5341
Karl Williams,RB,Raiders,2014,4,1.53,0.51,0.0,0.0,2014,Raiders,rookie,0,Raiders,rookie_deal,5342
Karlos Williams,RB,Bills,2015,4,2.495352,0.623838,0.215352,0.004,2015,Bills,rookie,0,Bills,rookie_deal,5343
Karlos Williams,RB,Steelers,2016,1,0.1173,0.1173,0.0,0.001,2015,Bills,veteran,1,Bills,new_team_signing,5344
Karlos Williams,RB,Steelers,2017,1,0.54,0.54,0.0,0.003,2015,Bills,veteran,2,Steelers,extension,5345
Kasen Williams,WR,Browns,2017,1,0.464984,0.464984,0.0,0.003,2015,Seahawks,veteran,2,SEA/CLE,new_team_signing,5346
Kasen Williams,WR,Browns,2018,1,0.555,0.555,0.0,0.003,2015,Seahawks,veteran,3,Browns,extension,5347
Kasey Closs,WR,Jaguars,2015,3,1.575,0.525,0.0,0.0,2015,Jaguars,rookie,0,Jaguars,rookie_deal,5348
Kassim Osgood,WR,49ers,2003,1,0.955,0.955,0.0,0.0,2003,Chargers,rookie,0,49ers,rookie_deal,5349
Kavontae Turpin,WR,Cowboys,2022,3,2.56,0.853333,0.0,0.004,2022,Cowboys,rookie,0,Cowboys,rookie_deal,5350
Kavontae Turpin,WR,Cowboys,2025,3,13.5,4.5,5.0,0.016,2022,Cowboys,veteran,3,Cowboys,extension,5351
Kawaan Baker,WR,Saints,2021,1,0.1656,0.1656,0.0,0.001,2021,Saints,rookie,0,Saints,rookie_deal,5352
Kawaan Baker,WR,Saints,2022,1,0.207,0.207,0.0,0.001,2021,Saints,veteran,1,Saints,extension,5353
Kawaan Baker,WR,Saints,2023,1,0.75,0.75,0.0,0.003,2021,Saints,veteran,2,Saints,extension,5354
Kawaan Baker,WR,Patriots,2024,1,0.795,0.795,0.0,0.003,2021,Saints,veteran,3,Saints,new_team_signing,5355
Kawaan Baker,WR,Raiders,2025,1,0.84,0.84,0.0,0.003,2021,Saints,veteran,4,Patriots,new_team_signing,5356
Kay'ron Lynch-Adams,RB,Panthers,2025,3,2.975,0.991667,0.01,0.004,2025,Panthers,rookie,0,Panthers,rookie_deal,5357
Kayaune Ross,WR,Seahawks,2018,1,0.48,0.48,0.0,0.003,2018,Colts,rookie,0,Seahawks,rookie_deal,5358
Kaylon Geiger,WR,Buccaneers,2022,1,0.207,0.207,0.0,0.001,2022,Buccaneers,rookie,0,Buccaneers,rookie_deal,5359
Kaylon Geiger,WR,Buccaneers,2023,2,1.855,0.9275,0.0,0.004,2022,Buccaneers,veteran,1,Buccaneers,extension,5360
Kayshon Boutte,WR,Patriots,2023,4,4.027264,1.006816,0.187264,0.004,2023,Patriots,rookie,0,Patriots,rookie_deal,5361
Kaytron Allen,RB,Commanders,2026,4,4.683952,1.170988,0.303952,0.004,2026,Commanders,rookie,0,Commanders,rookie_deal,5362
Kazmeir Allen,WR,Commanders,2023,1,0.216,0.216,0.0,0.001,2023,Commanders,rookie,0,Commanders,rookie_deal,5363
Kazmeir Allen,WR,Commanders,2024,1,0.225,0.225,0.0,0.001,2023,Commanders,veteran,1,Commanders,extension,5364
Kazmeir Allen,WR,Commanders,2025,1,0.84,0.84,0.0,0.003,2023,Commanders,veteran,2,Commanders,extension,5365
Ke'Shawn Vaughn,RB,Buccaneers,2020,4,4.70844,1.17711,1.018908,0.006,2020,Buccaneers,rookie,0,Buccaneers,rookie_deal,5366
Ke'Shawn Vaughn,RB,Patriots,2023,1,0.2898,0.2898,0.0,0.001,2020,Buccaneers,veteran,3,Buccaneers,new_team_signing,5367
Ke'Shawn Vaughn,RB,49ers,2024,1,0.3024,0.3024,0.0,0.001,2020,Buccaneers,veteran,4,Patriots,new_team_signing,5368
Ke'Shawn Vaughn,RB,49ers,2025,1,1.17,1.17,0.0,0.004,2020,Buccaneers,veteran,5,49ers,extension,5369
Ke'Shawn Williams,WR,Steelers,2025,1,0.234,0.234,0.0,0.001,2025,Steelers,rookie,0,Steelers,rookie_deal,5370
KeAndre Lambert-Smith,WR,Chargers,2025,4,4.608004,1.152001,0.408004,0.004,2025,Chargers,rookie,0,Chargers,rookie_deal,5371
KeVonn Mabon,WR,Colts,2017,1,0.1224,0.1224,0.0,0.001,2017,Titans,rookie,0,Colts,rookie_deal,5372
Kealoha Pilares,WR,Panthers,2011,4,2.255512,0.563878,0.215512,0.005,2011,Panthers,rookie,0,Panthers,rookie_deal,5373
Keaontay Ingram,RB,Cardinals,2022,4,3.830588,0.957647,0.170588,0.005,2022,Cardinals,rookie,0,Cardinals,rookie_deal,5374
Keaontay Ingram,RB,Chiefs,2023,1,0.216,0.216,0.0,0.001,2022,Cardinals,veteran,1,Cardinals,new_team_signing,5375
Keaontay Ingram,RB,Chiefs,2024,1,0.225,0.225,0.0,0.001,2022,Cardinals,veteran,2,Chiefs,extension,5376
Keaontay Ingram,RB,Chiefs,2025,1,1.03,1.03,0.0,0.004,2022,Cardinals,veteran,3,Chiefs,extension,5377
Kearis Jackson,WR,Titans,2023,3,2.695,0.898333,0.0,0.004,2023,Titans,rookie,0,Titans,rookie_deal,5378
Kearis Jackson,WR,Giants,2024,1,0.225,0.225,0.0,0.001,2023,Titans,veteran,1,Titans,new_team_signing,5379
Kearis Jackson,WR,Texans,2025,1,0.84,0.84,0.0,0.003,2023,Titans,veteran,2,Giants,new_team_signing,5380
Keaton Mitchell,RB,Ravens,2023,3,2.713,0.904333,0.073,0.004,2023,Ravens,rookie,0,Ravens,rookie_deal,5381
Keaton Mitchell,RB,Chargers,2026,2,9.25,4.625,5.0,0.015,2023,Ravens,veteran,3,Ravens,new_team_signing,5382
Kedon Slovis,QB,Texans,2024,1,0.225,0.225,0.0,0.001,2024,Colts,rookie,0,Texans,rookie_deal,5383
Kedon Slovis,QB,Cardinals,2025,1,0.234,0.234,0.0,0.001,2024,Colts,veteran,1,Texans,new_team_signing,5384
KeeSean Johnson,WR,Cardinals,2019,4,2.729312,0.682328,0.209312,0.004,2019,Cardinals,rookie,0,Cardinals,rookie_deal,5385
KeeSean Johnson,WR,Eagles,2021,1,0.1656,0.1656,0.0,0.001,2019,Cardinals,veteran,2,Cardinals,new_team_signing,5386
KeeSean Johnson,WR,Bills,2022,1,0.207,0.207,0.0,0.001,2019,Cardinals,veteran,3,Eagles,new_team_signing,5387
KeeSean Johnson,WR,Bills,2023,1,0.9465,0.9465,0.0065,0.004,2019,Cardinals,veteran,4,Bills,extension,5388
Keelan Cole,WR,Jaguars,2017,3,1.665,0.555,0.0,0.003,2017,Jaguars,rookie,0,Jaguars,rookie_deal,5389
Keelan Cole,WR,Jaguars,2020,1,3.259,3.259,0.0,0.016,2017,Jaguars,veteran,3,Jaguars,extension,5390
Keelan Cole,WR,Jets,2021,1,5.5,5.5,5.0,0.03,2017,Jaguars,veteran,4,Jaguars,new_team_signing,5391
Keelan Cole,WR,Raiders,2022,1,0.2772,0.2772,0.0,0.001,2017,Jaguars,veteran,5,Jets,new_team_signing,5392
Keelan Cole,WR,Raiders,2023,1,0.3708,0.3708,0.0,0.002,2017,Jaguars,veteran,6,Raiders,extension,5393
Keelan Doss,WR,Jaguars,2019,1,0.255,0.255,0.0,0.001,2019,Raiders,rookie,0,Jaguars,rookie_deal,5394
Keelan Doss,WR,Raiders,2020,1,0.1428,0.1428,0.0,0.001,2019,Raiders,veteran,1,Jaguars,new_team_signing,5395
Keelan Doss,WR,Jets,2021,1,0.1656,0.1656,0.0,0.001,2019,Raiders,veteran,2,Raiders,new_team_signing,5396
Keelan Doss,WR,Chargers,2022,1,0.207,0.207,0.0,0.001,2019,Raiders,veteran,3,Jets,new_team_signing,5397
Keelan Doss,WR,Chargers,2023,1,0.216,0.216,0.0,0.001,2019,Raiders,veteran,4,Chargers,extension,5398
Keelan Doss,WR,Raiders,2024,1,1.055,1.055,0.0,0.004,2019,Raiders,veteran,5,Chargers,new_team_signing,5399
Keelan Marion,WR,Falcons,2026,3,3.105,1.035,0.005,0.003,2026,Falcons,rookie,0,Falcons,rookie_deal,5400
Keenan Allen,WR,Chargers,2013,4,2.8138,0.70345,0.6138,0.006,2013,Chargers,rookie,0,Chargers,rookie_deal,5401
Keenan Allen,WR,Chargers,2016,4,45.0,11.25,20.656,0.07200000000000001,2013,Chargers,veteran,3,Chargers,extension,5402
Keenan Allen,WR,LAC/CHI,2020,4,80.1,20.025,32.0,0.10099999999999999,2013,Chargers,veteran,7,Chargers,new_team_signing,5403
Keenan Allen,WR,Chargers,2025,1,3.02,3.02,2.255,0.011000000000000001,2013,Chargers,veteran,12,LAC/CHI,new_team_signing,5404
Keenan Brown,TE,Texans,2019,1,0.096,0.096,0.0,0.001,2019,Rams,rookie,0,Texans,rookie_deal,5405
Keenan Reynolds,WR,Seahawks,2018,1,0.1292,0.1292,0.0,0.001,2016,Ravens,veteran,2,Commanders,new_team_signing,5406
Keenan Reynolds,WR,Seahawks,2019,1,0.57,0.57,0.0,0.003,2016,Ravens,veteran,3,Seahawks,extension,5407
Keeon Johnson,WR,Giants,2017,3,1.665,0.555,0.0,0.003,2017,Giants,rookie,0,Giants,rookie_deal,5408
Keevan Lucas,WR,Eagles,2017,3,1.665,0.555,0.0,0.003,2017,Eagles,rookie,0,Eagles,rookie_deal,5409
Kehinde Oginni,TE,Chiefs,2022,3,2.56,0.853333,0.207,0.004,2022,Chiefs,rookie,0,Chiefs,rookie_deal,5410
Kehinde Oginni,TE,Falcons,2024,1,0.225,0.225,0.0,0.001,2022,Chiefs,veteran,2,Chiefs,new_team_signing,5411
Keilahn Harris,WR,Falcons,2023,1,0.216,0.216,0.0,0.001,2023,Falcons,rookie,0,Falcons,rookie_deal,5412
Keilahn Harris,WR,Steelers,2024,1,0.795,0.795,0.0,0.003,2023,Falcons,veteran,1,Falcons,new_team_signing,5413
Keilan Robinson,RB,PHI/JAX,2024,4,4.301956,1.075489,0.281956,0.004,2024,Jaguars,rookie,0,PHI/JAX,rookie_deal,5414
Keilan Robinson,RB,Jets,2025,1,0.234,0.234,0.0,0.001,2024,Jaguars,veteran,1,PHI/JAX,new_team_signing,5415
Keith Ford,RB,Bills,2018,1,0.1292,0.1292,0.0,0.001,2018,Bills,rookie,0,Bills,rookie_deal,5416
Keith Ford,RB,IND/GB,2019,1,0.57,0.57,0.0,0.003,2018,Bills,veteran,1,Bills,new_team_signing,5417
Keith Kirkwood,WR,Saints,2018,1,0.479995,0.479995,0.0,0.003,2018,Saints,rookie,0,Saints,rookie_deal,5418
Keith Kirkwood,WR,Panthers,2020,1,0.8,0.8,0.05,0.004,2018,Saints,veteran,2,Saints,new_team_signing,5419
Keith Kirkwood,WR,Panthers,2021,1,0.1656,0.1656,0.0,0.001,2018,Saints,veteran,3,Panthers,extension,5420
Keith Kirkwood,WR,Saints,2022,1,0.207,0.207,0.0,0.001,2018,Saints,veteran,4,Panthers,new_team_signing,5421
Keith Kirkwood,WR,Saints,2023,1,1.01,1.01,0.0,0.004,2018,Saints,veteran,5,Saints,extension,5422
Keith Kirkwood,WR,Ravens,2024,1,0.3834,0.3834,0.0,0.002,2018,Saints,veteran,6,Saints,new_team_signing,5423
Keith Kirkwood,WR,Ravens,2025,1,0.396,0.396,0.0,0.001,2018,Saints,veteran,7,Ravens,extension,5424
Keith Marshall,RB,Commanders,2016,4,2.405552,0.601388,0.065552,0.004,2016,Commanders,rookie,0,Commanders,rookie_deal,5425
Keith Mumphery,WR,Texans,2015,4,2.446252,0.611563,0.166252,0.004,2015,Texans,rookie,0,Texans,rookie_deal,5426
Keith Price,QB,Seahawks,2014,3,1.537,0.512333,0.007,0.0,2014,Seahawks,rookie,0,Seahawks,rookie_deal,5427
Keith Towbridge,TE,Bills,2017,3,1.6725,0.5575,0.0075,0.003,2017,Bills,rookie,0,Bills,rookie_deal,5428
Keith Towbridge,TE,Bills,2018,1,0.1292,0.1292,0.0,0.001,2017,Bills,veteran,1,Bills,extension,5429
Keith Towbridge,TE,Commanders,2019,1,0.136,0.136,0.0,0.001,2017,Bills,veteran,2,Bills,new_team_signing,5430
Keith Wenning,QB,Ravens,2014,1,0.1071,0.1071,0.0,0.001,2014,Ravens,rookie,0,Ravens,rookie_deal,5431
Keith Wenning,QB,Bengals,2015,1,0.1122,0.1122,0.0,0.001,2014,Ravens,veteran,1,Ravens,new_team_signing,5432
Keith Wenning,QB,Giants,2016,1,0.1173,0.1173,0.0,0.001,2014,Ravens,veteran,2,Bengals,new_team_signing,5433
Keith Wenning,QB,Bills,2017,1,0.54,0.54,0.0,0.003,2014,Ravens,veteran,3,Giants,new_team_signing,5434
Kejon Owens,RB,Vikings,2026,3,3.1,1.033333,0.0,0.003,2026,Vikings,rookie,0,Vikings,rookie_deal,5435
Keke Coutee,WR,Texans,2018,4,3.189028,0.797257,0.729028,0.004,2018,Texans,rookie,0,Texans,rookie_deal,5436
Keke Coutee,WR,Colts,2021,1,0.1656,0.1656,0.0,0.001,2018,Texans,veteran,3,Texans,new_team_signing,5437
Keke Coutee,WR,Colts,2022,1,0.2772,0.2772,0.0,0.001,2018,Texans,veteran,4,Colts,extension,5438
Keke Coutee,WR,Saints,2023,1,1.08,1.08,0.0,0.005,2018,Texans,veteran,5,Colts,new_team_signing,5439
Kekoa Crawford,WR,Colts,2022,3,2.561,0.853667,0.001,0.004,2022,Colts,rookie,0,Colts,rookie_deal,5440
Kekoa Crawford,WR,Chiefs,2023,1,0.75,0.75,0.0,0.003,2022,Colts,veteran,1,Colts,new_team_signing,5441
Keleki Latu,TE,Bills,2025,1,0.234,0.234,0.0,0.001,2025,Bills,rookie,0,Bills,rookie_deal,5442
Kellen Mond,QB,MIN/CLE,2021,4,5.223412,1.305853,1.158844,0.006999999999999999,2021,Vikings,rookie,0,MIN/CLE,rookie_deal,5443
Kellen Mond,QB,Colts,2023,1,0.216,0.216,0.0,0.001,2021,Vikings,veteran,2,MIN/CLE,new_team_signing,5444
Kellen Mond,QB,Saints,2024,1,0.985,0.985,0.0,0.004,2021,Vikings,veteran,3,Colts,new_team_signing,5445
Kellen Winslow,TE,Browns,2004,6,15.263,2.543833,11.1325,0.032,2004,Browns,rookie,0,Browns,rookie_deal,5446
Kellen Winslow,TE,Browns,2005,6,23.962212,3.933712,4.4125,0.046,2004,Browns,veteran,1,Browns,extension,5447
Kellen Winslow,TE,TB/SEA,2009,4,26.55,6.6375,11.891,0.054000000000000006,2004,Browns,veteran,5,Browns,new_team_signing,5448
Kellen Winslow,TE,Patriots,2012,1,0.825,0.825,0.0,0.006999999999999999,2004,Browns,veteran,8,TB/SEA,new_team_signing,5449
Kellen Winslow,TE,Jets,2013,1,0.84,0.84,0.0,0.006999999999999999,2004,Browns,veteran,9,Patriots,new_team_signing,5450
Kelly Akharaiyi,WR,Bills,2025,1,0.84,0.84,0.0,0.003,2025,Bills,rookie,0,Bills,rookie_deal,5451
Kelsey Young,RB,Commanders,2016,3,1.62,0.54,0.0,0.003,2016,Commanders,rookie,0,Commanders,rookie_deal,5452
Kelvin Benjamin,WR,Panthers,2014,4,7.66425,1.916063,6.199125,0.013999999999999999,2014,Panthers,rookie,0,Panthers,rookie_deal,5453
Kelvin Benjamin,WR,Chiefs,2018,1,0.79,0.79,0.0,0.004,2014,Panthers,veteran,4,Panthers,new_team_signing,5454
Kelvin Benjamin,TE,Giants,2021,1,0.99,0.99,0.0,0.005,2014,Panthers,veteran,7,Chiefs,new_team_signing,5455
Kelvin Harmon,WR,Commanders,2019,4,2.64784,0.66196,0.12784,0.004,2019,Commanders,rookie,0,Commanders,rookie_deal,5456
Kelvin Harmon,WR,Commanders,2021,1,0.1656,0.1656,0.0,0.001,2019,Commanders,veteran,2,Commanders,extension,5457
Kelvin Harmon,WR,Commanders,2022,1,0.825,0.825,0.0,0.004,2019,Commanders,veteran,3,Commanders,extension,5458
Kelvin Harmon,WR,Cowboys,2024,1,0.225,0.225,0.0,0.001,2019,Commanders,veteran,5,Commanders,new_team_signing,5459
Kelvin Harmon,WR,Cowboys,2025,2,2.035,1.0175,0.0,0.004,2019,Commanders,veteran,6,Cowboys,extension,5460
Kelvin McKnight,WR,Broncos,2019,1,0.136,0.136,0.0,0.001,2019,Broncos,rookie,0,Broncos,rookie_deal,5461
Kelvin McKnight,WR,Broncos,2020,2,1.11,0.555,0.0,0.003,2019,Broncos,veteran,1,Broncos,extension,5462
Kelvin Taylor,RB,Chiefs,2016,1,0.465,0.465,0.0,0.003,2016,,rookie,0,Chiefs,rookie_deal,5463
Kelvin Taylor,RB,Falcons,2017,2,1.02,0.51,0.0,0.003,2016,,veteran,1,Chiefs,new_team_signing,5464
Kelvin Taylor,RB,Browns,2018,2,1.05,0.525,0.0,0.003,2016,,veteran,2,Falcons,new_team_signing,5465
Kenbrell Thompkins,WR,Jets,2017,1,0.69,0.69,0.0,0.004,2013,Patriots,veteran,4,Jets,extension,5466
Kendal Thompson,WR,Rams,2018,1,0.48,0.48,0.0,0.003,2016,Commanders,veteran,2,Commanders,new_team_signing,5467
Kendall Blanton,TE,Rams,2019,1,0.136,0.136,0.0,0.001,2019,Rams,rookie,0,Rams,rookie_deal,5468
Kendall Blanton,TE,Rams,2020,1,0.1428,0.1428,0.0,0.001,2019,Rams,veteran,1,Rams,extension,5469
Kendall Blanton,TE,Rams,2021,1,0.1656,0.1656,0.0,0.001,2019,Rams,veteran,2,Rams,extension,5470
Kendall Blanton,TE,Chiefs,2022,1,0.207,0.207,0.0,0.001,2019,Rams,veteran,3,Rams,new_team_signing,5471
Kendall Blanton,TE,Chiefs,2023,1,1.01,1.01,0.0,0.004,2019,Rams,veteran,4,Chiefs,extension,5472
Kendall Hinton,WR,Broncos,2020,1,0.1428,0.1428,0.0,0.001,2020,Broncos,rookie,0,Broncos,rookie_deal,5473
Kendall Hinton,WR,Broncos,2021,1,0.1656,0.1656,0.0,0.001,2020,Broncos,veteran,1,Broncos,extension,5474
Kendall Hinton,WR,Broncos,2022,1,0.207,0.207,0.0,0.001,2020,Broncos,veteran,2,Broncos,extension,5475
Kendall Hunter,RB,49ers,2011,4,2.47922,0.619805,0.48802,0.005,2011,,rookie,0,49ers,rookie_deal,5476
Kendall Hunter,RB,49ers,2014,1,0.87,0.87,0.1,0.006999999999999999,2011,,veteran,3,49ers,extension,5477
Kendall Hunter,RB,Saints,2015,1,0.66,0.66,0.0,0.005,2011,,veteran,4,49ers,new_team_signing,5478
Kendall Milton,RB,Bengals,2024,1,0.225,0.225,0.0,0.001,2024,Eagles,rookie,0,Bengals,rookie_deal,5479
Kendall Milton,RB,Bengals,2025,1,0.234,0.234,0.0,0.001,2024,Eagles,veteran,1,Bengals,extension,5480
Kendall Milton,RB,Bengals,2026,1,1.005,1.005,0.0,0.003,2024,Eagles,veteran,2,Bengals,extension,5481
Kendall Wright,WR,Titans,2012,5,15.538452,3.10769,7.591754,0.026000000000000002,2012,Titans,rookie,0,Titans,rookie_deal,5482
Kendall Wright,WR,Bears,2017,1,2.0,2.0,1.0,0.012,2012,Titans,veteran,5,Titans,new_team_signing,5483
Kendall Wright,WR,Cardinals,2018,1,0.79,0.79,0.0,0.004,2012,Titans,veteran,6,Bears,new_team_signing,5484
Kendre Miller,RB,Saints,2023,4,5.654312,1.413578,1.112228,0.006,2023,Saints,rookie,0,Saints,rookie_deal,5485
Kendric Pryor,WR,JAX/CIN,2022,3,2.563,0.854333,0.003,0.004,2022,Bengals,rookie,0,JAX/CIN,rookie_deal,5486
Kendric Pryor,WR,Bengals,2023,1,0.216,0.216,0.0,0.001,2022,Bengals,veteran,1,JAX/CIN,new_team_signing,5487
Kendric Pryor,WR,Bengals,2024,1,0.225,0.225,0.0,0.001,2022,Bengals,veteran,2,Bengals,extension,5488
Kendric Pryor,WR,Bengals,2025,1,0.234,0.234,0.0,0.001,2022,Bengals,veteran,3,Bengals,extension,5489
Kendric Pryor,WR,Bengals,2026,1,1.075,1.075,0.0,0.004,2022,Bengals,veteran,4,Bengals,extension,5490
Kendrick Bourne,WR,49ers,2017,3,1.67,0.556667,0.025,0.003,2017,49ers,rookie,0,49ers,rookie_deal,5491
Kendrick Bourne,WR,49ers,2020,1,3.259,3.259,0.0,0.016,2017,49ers,veteran,3,49ers,extension,5492
Kendrick Bourne,WR,Patriots,2021,3,15.0,5.0,5.25,0.027000000000000003,2017,49ers,veteran,4,49ers,new_team_signing,5493
Kendrick Bourne,WR,Patriots,2024,3,19.5,6.5,5.5,0.025,2017,49ers,veteran,7,Patriots,extension,5494
Kendrick Bourne,WR,49ers,2025,1,1.765,1.765,1.255,0.006,2017,49ers,veteran,8,Patriots,new_team_signing,5495
Kendrick Bourne,WR,Cardinals,2026,2,10.0,5.0,6.5,0.017,2017,49ers,veteran,9,49ers,new_team_signing,5496
Kendrick Law,WR,Lions,2026,4,4.830132,1.207533,0.450132,0.004,2026,Lions,rookie,0,Lions,rookie_deal,5497
Kendrick Rogers,WR,Cowboys,2020,3,2.29,0.763333,0.005,0.004,2020,Cowboys,rookie,0,Cowboys,rookie_deal,5498
Kene Nwangwu,RB,MIN/NO,2021,4,4.232796,1.058199,0.752796,0.006,2021,Vikings,rookie,0,MIN/NO,rookie_deal,5499
Kene Nwangwu,RB,Jets,2024,1,0.3834,0.3834,0.0,0.002,2021,Vikings,veteran,3,MIN/NO,new_team_signing,5500
Kene Nwangwu,RB,Jets,2025,1,1.5,1.5,0.55,0.005,2021,Vikings,veteran,4,Jets,extension,5501
Kene Nwangwu,RB,Jets,2026,1,2.0,2.0,1.0,0.006999999999999999,2021,Vikings,veteran,5,Jets,extension,5502
Kenji Bahar,QB,Ravens,2021,1,0.1656,0.1656,0.0,0.001,2021,Ravens,rookie,0,Ravens,rookie_deal,5503
Kenjon Barner,RB,CAR/PHI,2013,4,2.2658,0.56645,0.1058,0.005,2013,Panthers,rookie,0,CAR/PHI,rookie_deal,5504
Kenjon Barner,RB,Eagles,2014,1,0.1071,0.1071,0.0,0.001,2013,Panthers,veteran,1,CAR/PHI,new_team_signing,5505
Kenjon Barner,RB,Eagles,2015,2,1.11,0.555,0.0,0.004,2013,Panthers,veteran,2,Eagles,extension,5506
Kenjon Barner,RB,Eagles,2017,1,0.69,0.69,0.0,0.004,2013,Panthers,veteran,4,Eagles,extension,5507
Kenjon Barner,RB,Panthers,2018,1,0.79,0.79,0.0,0.004,2013,Panthers,veteran,5,Eagles,new_team_signing,5508
Kenjon Barner,RB,Falcons,2019,1,0.895,0.895,0.04,0.005,2013,Panthers,veteran,6,Panthers,new_team_signing,5509
Kenjon Barner,RB,Buccaneers,2020,1,0.204,0.204,0.0,0.001,2013,Panthers,veteran,7,Falcons,new_team_signing,5510
Kenjon Barner,RB,Buccaneers,2021,1,0.252,0.252,0.0,0.001,2013,Panthers,veteran,8,Buccaneers,extension,5511
Kenjon Barner,RB,Buccaneers,2022,1,1.12,1.12,0.0,0.005,2013,Panthers,veteran,9,Buccaneers,extension,5512
Kennedy Brooks,RB,Eagles,2022,1,0.207,0.207,0.0,0.001,2022,Eagles,rookie,0,Eagles,rookie_deal,5513
Kennedy Brooks,RB,Eagles,2023,1,0.75,0.75,0.0,0.003,2022,Eagles,veteran,1,Eagles,extension,5514
Kenneth Dixon,RB,Ravens,2016,4,2.723392,0.680848,0.383392,0.004,2016,Ravens,rookie,0,Ravens,rookie_deal,5515
Kenneth Dixon,RB,Jets,2019,2,1.305,0.6525,0.0,0.003,2016,Ravens,veteran,3,Ravens,new_team_signing,5516
Kenneth Farrow,RB,Chargers,2016,3,1.625,0.541667,0.005,0.003,2016,Chargers,rookie,0,Chargers,rookie_deal,5517
Kenneth Farrow,RB,Patriots,2018,1,0.1292,0.1292,0.0,0.001,2016,Chargers,veteran,2,Chargers,new_team_signing,5518
Kenneth Farrow,RB,Dolphins,2019,2,1.23,0.615,0.0,0.003,2016,Chargers,veteran,3,Patriots,new_team_signing,5519
Kenneth Gainwell,RB,Eagles,2021,4,3.815524,0.953881,0.335524,0.005,2021,Eagles,rookie,0,Eagles,rookie_deal,5520
Kenneth Gainwell,RB,Steelers,2025,1,1.79,1.79,0.62,0.006,2021,Eagles,veteran,4,Eagles,new_team_signing,5521
Kenneth Gainwell,RB,Buccaneers,2026,2,14.0,7.0,9.83,0.023,2021,Eagles,veteran,5,Steelers,new_team_signing,5522
Kenneth Harper,RB,Giants,2015,3,1.575,0.525,0.0,0.0,2015,Giants,rookie,0,Giants,rookie_deal,5523
Kenneth Walker,WR,Jaguars,2017,3,1.67,0.556667,0.01,0.003,2017,Jaguars,rookie,0,Jaguars,rookie_deal,5524
Kenneth Walker III,RB,Seahawks,2022,4,8.44158,2.110395,6.14404,0.01,2022,Seahawks,rookie,0,Seahawks,rookie_deal,5525
Kenneth Walker III,RB,Chiefs,2026,3,43.05,14.35,28.7,0.048,2022,Seahawks,veteran,4,Seahawks,new_team_signing,5526
Kenny Bell,WR,Buccaneers,2015,4,2.484836,0.621209,0.204836,0.004,2015,Buccaneers,rookie,0,Buccaneers,rookie_deal,5527
Kenny Bell,WR,Ravens,2016,1,0.1173,0.1173,0.0,0.001,2015,Buccaneers,veteran,1,Buccaneers,new_team_signing,5528
Kenny Bell,WR,Ravens,2017,1,0.1224,0.1224,0.0,0.001,2015,Buccaneers,veteran,2,Ravens,extension,5529
Kenny Bell,WR,Broncos,2018,1,0.48,0.48,0.0,0.003,2015,Buccaneers,veteran,3,Ravens,new_team_signing,5530
Kenny Britt,WR,Titans,2009,5,9.15001,1.830002,6.52751,0.015,2009,Titans,rookie,0,Titans,rookie_deal,5531
Kenny Britt,WR,Rams,2014,1,1.4,1.4,0.55,0.011000000000000001,2009,Titans,veteran,5,Titans,new_team_signing,5532
Kenny Britt,WR,Rams,2015,2,9.15,4.575,3.55,0.032,2009,Titans,veteran,6,Rams,extension,5533
Kenny Britt,WR,Patriots,2017,2,2.4,1.2,0.0,0.006999999999999999,2009,Titans,veteran,8,Rams,new_team_signing,5534
Kenny Fletcher Jr.,TE,Buccaneers,2026,3,3.103,1.034333,0.003,0.003,2026,Buccaneers,rookie,0,Buccaneers,rookie_deal,5535
Kenny Golladay,WR,Lions,2017,4,3.196324,0.799081,0.718824,0.005,2017,Lions,rookie,0,Lions,rookie_deal,5536
Kenny Golladay,WR,Giants,2021,4,72.0,18.0,28.0,0.099,2017,Lions,veteran,4,Lions,new_team_signing,5537
Kenny Hilliard,RB,Commanders,2018,2,1.05,0.525,0.0,0.003,2015,Texans,veteran,3,Commanders,extension,5538
Kenny McIntosh,RB,Seahawks,2023,4,3.930852,0.982646,0.090852,0.004,2023,Seahawks,rookie,0,Seahawks,rookie_deal,5539
Kenny Pickett,QB,PIT/LV/CLE/PHI,2022,4,14.067904,3.516976,14.067904,0.017,2022,Steelers,rookie,0,PIT/LV/CLE/PHI,rookie_deal,5540
Kenny Pickett,QB,Panthers,2026,1,4.0,4.0,4.0,0.013000000000000001,2022,Steelers,veteran,4,PIT/LV/CLE/PHI,new_team_signing,5541
Kenny Shaw,WR,Raiders,2014,3,1.53,0.51,0.0,0.0,2014,Browns,rookie,0,Raiders,rookie_deal,5542
Kenny Stills,WR,NO/MIA,2013,4,2.353452,0.588316,0.194452,0.005,2013,Saints,rookie,0,NO/MIA,rookie_deal,5543
Kenny Stills,WR,MIA/HOU,2017,4,32.0,8.0,16.95,0.048,2013,Saints,veteran,4,NO/MIA,new_team_signing,5544
Kenny Stills,WR,Bills,2020,1,0.204,0.204,0.0,0.001,2013,Saints,veteran,7,MIA/HOU,new_team_signing,5545
Kenny Stills,WR,Saints,2021,1,0.252,0.252,0.0,0.001,2013,Saints,veteran,8,Bills,new_team_signing,5546
Kenny Yeboah,TE,Jets,2021,1,0.1656,0.1656,0.0,0.001,2021,Jets,rookie,0,Jets,rookie_deal,5547
Kenny Yeboah,TE,Jets,2022,1,0.207,0.207,0.0,0.001,2021,Jets,veteran,1,Jets,extension,5548
Kenny Yeboah,TE,Jets,2024,1,1.425,1.425,0.225,0.006,2021,Jets,veteran,3,Jets,extension,5549
Kenny Yeboah,TE,Lions,2025,1,1.3375,1.3375,0.4825,0.005,2021,Jets,veteran,4,Jets,new_team_signing,5550
Kenny Yeboah,TE,Cardinals,2026,1,1.215,1.215,0.0,0.004,2021,Jets,veteran,5,Lions,new_team_signing,5551
Kent Shelby,WR,Chargers,2018,3,1.71,0.57,0.0,0.003,2018,Chargers,rookie,0,Chargers,rookie_deal,5552
Kent Taylor,TE,Panthers,2017,1,0.1224,0.1224,0.0,0.001,2017,Panthers,rookie,0,Panthers,rookie_deal,5553
Kent Taylor,TE,Panthers,2018,3,1.71,0.57,0.0,0.003,2017,Panthers,veteran,1,Panthers,extension,5554
Kentrel Bullock,RB,Bengals,2026,3,3.115,1.038333,0.015,0.003,2026,Bengals,rookie,0,Bengals,rookie_deal,5555
Kenyan Drake,RB,ARI/MIA,2016,4,3.38126,0.845315,0.82126,0.005,2016,Dolphins,rookie,0,ARI/MIA,rookie_deal,5556
Kenyan Drake,RB,Cardinals,2020,1,8.483,8.483,8.483,0.043,2016,Dolphins,veteran,4,ARI/MIA,new_team_signing,5557
Kenyan Drake,RB,Raiders,2021,2,11.0,5.5,8.5,0.03,2016,Dolphins,veteran,5,Cardinals,new_team_signing,5558
Kenyan Drake,RB,Ravens,2022,1,1.035,1.035,0.0,0.005,2016,Dolphins,veteran,6,Raiders,new_team_signing,5559
Kenyan Drake,RB,Packers,2023,1,0.2898,0.2898,0.0,0.001,2016,Dolphins,veteran,7,Ravens,new_team_signing,5560
Kenyon Sadiq,TE,Jets,2026,4,22.344304,5.586076,22.344304,0.019,2026,Jets,rookie,0,Jets,rookie_deal,5561
Kenzel Doe,WR,Steelers,2015,3,1.575,0.525,0.0,0.004,2015,Steelers,rookie,0,Steelers,rookie_deal,5562
Keon Coleman,WR,Bills,2024,4,10.074258,2.518565,9.640495,0.01,2024,Bills,rookie,0,Bills,rookie_deal,5563
Keon Hatcher,WR,Raiders,2017,1,0.1224,0.1224,0.0,0.001,2017,Raiders,rookie,0,Raiders,rookie_deal,5564
Keon Hatcher,WR,Packers,2018,1,0.1292,0.1292,0.0,0.001,2017,Raiders,veteran,1,Raiders,new_team_signing,5565
Keon Hatcher,WR,Packers,2019,1,0.136,0.136,0.0,0.001,2017,Raiders,veteran,2,Packers,extension,5566
Keon Hatcher,WR,Jets,2020,2,1.26,0.63,0.0,0.003,2017,Raiders,veteran,3,Packers,new_team_signing,5567
Keric Wheatfall,WR,Eagles,2022,3,2.56,0.853333,0.0,0.004,2022,Eagles,rookie,0,Eagles,rookie_deal,5568
Kerrith Whyte,RB,Steelers,2019,2,1.08,0.54,0.0,0.003,2019,Bears,rookie,0,Steelers,rookie_deal,5569
Kerrith Whyte,RB,Lions,2020,1,0.1428,0.1428,0.0,0.001,2019,Bears,veteran,1,Steelers,new_team_signing,5570
Kerrith Whyte,RB,Jaguars,2021,1,0.1656,0.1656,0.0,0.001,2019,Bears,veteran,2,Lions,new_team_signing,5571
Kerry Taylor,WR,Broncos,2011,1,0.51,0.51,0.0,0.0,2011,Packers,rookie,0,Broncos,rookie_deal,5572
Kerryon Johnson,RB,PHI/DET,2018,4,6.503698,1.625925,4.065583,0.009000000000000001,2018,Lions,rookie,0,PHI/DET,rookie_deal,5573
Kerryon Johnson,RB,Eagles,2021,1,0.252,0.252,0.0,0.001,2018,Lions,veteran,3,PHI/DET,new_team_signing,5574
Kerwynn Williams,RB,Colts,2013,1,0.102,0.102,0.0,0.001,2013,Colts,rookie,0,Colts,rookie_deal,5575
Kerwynn Williams,RB,Cardinals,2014,1,0.1071,0.1071,0.0,0.001,2013,Colts,veteran,1,Colts,new_team_signing,5576
Kerwynn Williams,RB,Cardinals,2015,1,0.1122,0.1122,0.0,0.001,2013,Colts,veteran,2,Cardinals,extension,5577
Kerwynn Williams,RB,Cardinals,2016,2,1.29,0.645,0.0,0.004,2013,Colts,veteran,3,Cardinals,extension,5578
Kerwynn Williams,RB,Chiefs,2018,1,0.79,0.79,0.0,0.004,2013,Colts,veteran,5,Cardinals,new_team_signing,5579
Kerwynn Williams,RB,Saints,2019,1,0.805,0.805,0.0,0.004,2013,Colts,veteran,6,Chiefs,new_team_signing,5580
Keshawn Hill,RB,Chiefs,2015,3,1.575,0.525,0.0,0.0,2015,Chiefs,rookie,0,Chiefs,rookie_deal,5581
Keshawn Martin,WR,Texans,2012,4,2.51256,0.62814,0.41256,0.005,2012,Texans,rookie,0,Texans,rookie_deal,5582
Keshawn Martin,WR,Patriots,2015,4,2.51256,0.62814,0.41256,0.004,2012,Texans,veteran,3,Texans,new_team_signing,5583
Keshawn Martin,WR,49ers,2016,2,2.45,1.225,0.55,0.008,2012,Texans,veteran,4,Patriots,new_team_signing,5584
Keshawn Martin,WR,Lions,2017,1,0.855,0.855,0.0,0.005,2012,Texans,veteran,5,49ers,new_team_signing,5585
Keshunn Abram,WR,Jets,2022,3,2.575,0.858333,0.085,0.004,2022,Jets,rookie,0,Jets,rookie_deal,5586
Ketron Jackson,WR,Raiders,2025,3,2.965,0.988333,0.0,0.004,2025,Raiders,rookie,0,Raiders,rookie_deal,5587
Kevin Austin Jr.,WR,Jaguars,2022,1,0.207,0.207,0.0,0.001,2022,Jaguars,rookie,0,Jaguars,rookie_deal,5588
Kevin Austin Jr.,WR,Jaguars,2023,1,0.75,0.75,0.0,0.003,2022,Jaguars,veteran,1,Jaguars,extension,5589
Kevin Austin Jr.,WR,Saints,2024,1,0.225,0.225,0.0,0.001,2022,Jaguars,veteran,2,Jaguars,new_team_signing,5590
Kevin Austin Jr.,WR,Saints,2025,1,0.234,0.234,0.0,0.001,2022,Jaguars,veteran,3,Saints,extension,5591
Kevin Coleman Jr.,WR,Dolphins,2026,4,4.759476,1.189869,0.379476,0.004,2026,Dolphins,rookie,0,Dolphins,rookie_deal,5592
Kevin Davidson,QB,Browns,2020,3,2.2925,0.764167,0.0175,0.004,2020,Browns,rookie,0,Browns,rookie_deal,5593
Kevin Dorsey,WR,Packers,2013,4,2.216848,0.554212,0.056848,0.005,2013,Packers,rookie,0,Packers,rookie_deal,5594
Kevin Dorsey,WR,Packers,2014,1,0.1071,0.1071,0.0,0.001,2013,Packers,veteran,1,Packers,extension,5595
Kevin Dorsey,WR,Patriots,2015,1,0.51,0.51,0.0,0.004,2013,Packers,veteran,2,Packers,new_team_signing,5596
Kevin Foelsch,TE,Eagles,2024,1,0.225,0.225,0.0,0.001,2024,Panthers,rookie,0,Eagles,rookie_deal,5597
Kevin Foelsch,TE,Steelers,2025,1,0.84,0.84,0.0,0.003,2024,Panthers,veteran,1,Eagles,new_team_signing,5598
Kevin Haplea,TE,Browns,2015,3,1.575,0.525,0.0,0.0,2015,Browns,rookie,0,Browns,rookie_deal,5599
Kevin Harris,RB,Patriots,2022,1,0.207,0.207,0.0,0.001,2022,Patriots,rookie,0,Patriots,rookie_deal,5600
Kevin Harris,RB,Patriots,2023,1,0.216,0.216,0.0,0.001,2022,Patriots,veteran,1,Patriots,extension,5601
Kevin Harris,RB,Patriots,2024,1,0.225,0.225,0.0,0.001,2022,Patriots,veteran,2,Patriots,extension,5602
Kevin Harris,RB,Jaguars,2025,1,1.03,1.03,0.0,0.004,2022,Patriots,veteran,3,Patriots,new_team_signing,5603
Kevin Hogan,QB,Browns,2016,2,0.99,0.495,0.0,0.003,2016,Chiefs,rookie,0,Browns,rookie_deal,5604
Kevin Hogan,QB,WAS/DEN,2018,1,0.63,0.63,0.0,0.004,2016,Chiefs,veteran,2,Browns,new_team_signing,5605
Kevin Hogan,QB,Broncos,2019,1,1.36,1.36,0.3,0.006999999999999999,2016,Chiefs,veteran,3,WAS/DEN,new_team_signing,5606
Kevin Hogan,QB,Bengals,2020,1,0.204,0.204,0.0,0.001,2016,Chiefs,veteran,4,Broncos,new_team_signing,5607
Kevin Hogan,QB,Titans,2021,1,0.252,0.252,0.0,0.001,2016,Chiefs,veteran,5,Bengals,new_team_signing,5608
Kevin Hogan,QB,Titans,2022,1,0.2772,0.2772,0.0,0.001,2016,Chiefs,veteran,6,Titans,extension,5609
Kevin Kassis,WR,Seahawks,2022,1,0.207,0.207,0.0,0.001,2022,Seahawks,rookie,0,Seahawks,rookie_deal,5610
Kevin Marks Jr.,RB,Chargers,2022,3,2.564,0.854667,0.004,0.004,2022,Cowboys,rookie,0,Chargers,rookie_deal,5611
Kevin Norwood,WR,SEA/CAR,2014,4,2.640108,0.660027,0.420108,0.005,2014,Seahawks,rookie,0,SEA/CAR,rookie_deal,5612
Kevin Norwood,WR,Giants,2016,1,0.1173,0.1173,0.0,0.001,2014,Seahawks,veteran,2,SEA/CAR,new_team_signing,5613
Kevin Norwood,WR,Giants,2017,1,0.615,0.615,0.0,0.004,2014,Seahawks,veteran,3,Giants,extension,5614
Kevin Perry,TE,Commanders,2014,4,1.53,0.51,0.0,0.0,2014,Commanders,rookie,0,Commanders,rookie_deal,5615
Kevin Rader,TE,Packers,2018,3,1.715,0.571667,0.005,0.003,2018,Packers,rookie,0,Packers,rookie_deal,5616
Kevin Rader,TE,Steelers,2019,1,0.136,0.136,0.0,0.001,2018,Packers,veteran,1,Packers,new_team_signing,5617
Kevin Rader,TE,Steelers,2020,1,0.1428,0.1428,0.0,0.001,2018,Packers,veteran,2,Steelers,extension,5618
Kevin Rader,TE,Steelers,2021,1,0.1656,0.1656,0.0,0.001,2018,Packers,veteran,3,Steelers,extension,5619
Kevin Rader,TE,Titans,2022,1,0.207,0.207,0.0,0.001,2018,Packers,veteran,4,Steelers,new_team_signing,5620
Kevin Rader,TE,Titans,2023,1,0.2898,0.2898,0.0,0.001,2018,Packers,veteran,5,Titans,extension,5621
Kevin Rader,TE,Saints,2024,1,1.125,1.125,0.0,0.004,2018,Packers,veteran,6,Titans,new_team_signing,5622
Kevin Shaa,WR,Bears,2022,3,2.574,0.858,0.014,0.004,2022,Bears,rookie,0,Bears,rookie_deal,5623
Kevin Snead,WR,Giants,2017,3,1.665,0.555,0.0,0.003,2017,Giants,rookie,0,Giants,rookie_deal,5624
Kevin White,WR,Bears,2015,4,16.563048,4.140762,16.563048,0.028999999999999998,2015,Bears,rookie,0,Bears,rookie_deal,5625
Kevin White,WR,Cardinals,2019,1,1.5,1.5,0.4,0.008,2015,Bears,veteran,4,Bears,new_team_signing,5626
Kevin White,WR,49ers,2020,1,0.204,0.204,0.0,0.001,2015,Bears,veteran,5,Cardinals,new_team_signing,5627
Kevin White,WR,Saints,2021,1,0.252,0.252,0.0,0.001,2015,Bears,veteran,6,49ers,new_team_signing,5628
Kevin White,WR,Saints,2022,1,0.306,0.306,0.0,0.001,2015,Bears,veteran,7,Saints,extension,5629
Key'Shawn Smith,WR,Chiefs,2025,1,0.84,0.84,0.0,0.003,2025,Raiders,rookie,0,Chiefs,rookie_deal,5630
Keytaon Thompson,WR,Lions,2023,3,2.7,0.9,0.005,0.004,2023,Lions,rookie,0,Lions,rookie_deal,5631
KhaDarel Hodge,WR,Rams,2018,1,0.1292,0.1292,0.0,0.001,2018,Rams,rookie,0,Rams,rookie_deal,5632
KhaDarel Hodge,WR,Browns,2019,1,0.57,0.57,0.0,0.003,2018,Rams,veteran,1,Rams,new_team_signing,5633
KhaDarel Hodge,WR,Browns,2020,1,0.75,0.75,0.0,0.004,2018,Rams,veteran,2,Browns,extension,5634
KhaDarel Hodge,WR,Lions,2021,1,1.0,1.0,0.08,0.005,2018,Rams,veteran,3,Browns,new_team_signing,5635
KhaDarel Hodge,WR,Falcons,2022,1,1.07,1.07,0.035,0.005,2018,Rams,veteran,4,Lions,new_team_signing,5636
KhaDarel Hodge,WR,Falcons,2023,1,1.2,1.2,0.0,0.005,2018,Rams,veteran,5,Falcons,extension,5637
KhaDarel Hodge,WR,Falcons,2024,1,1.2925,1.2925,0.1675,0.005,2018,Rams,veteran,6,Falcons,extension,5638
KhaDarel Hodge,WR,Falcons,2025,2,5.5,2.75,2.505,0.01,2018,Rams,veteran,7,Falcons,extension,5639
Khalan Laborn,RB,49ers,2023,3,2.705,0.901667,0.04,0.004,2023,49ers,rookie,0,49ers,rookie_deal,5640
Khalfani Muhammad,RB,Titans,2017,1,0.17,0.17,0.0,0.001,2017,Titans,rookie,0,Titans,rookie_deal,5641
Khalfani Muhammad,RB,Broncos,2018,1,0.1292,0.1292,0.0,0.001,2017,Titans,veteran,1,Titans,new_team_signing,5642
Khalfani Muhammad,RB,Broncos,2019,1,0.17,0.17,0.0,0.001,2017,Titans,veteran,2,Broncos,extension,5643
Khalfani Muhammad,RB,Vikings,2020,1,0.1428,0.1428,0.0,0.001,2017,Titans,veteran,3,Broncos,new_team_signing,5644
Khalfani Muhammad,RB,Cardinals,2021,1,0.66,0.66,0.0,0.004,2017,Titans,veteran,4,Vikings,new_team_signing,5645
Khalid Abdullah,RB,Giants,2017,3,1.665,0.555,0.0,0.003,2017,Giants,rookie,0,Giants,rookie_deal,5646
Khalil Dinkins,TE,49ers,2026,3,3.1275,1.0425,0.275,0.003,2026,49ers,rookie,0,49ers,rookie_deal,5647
Khalil Herbert,RB,CIN/CHI,2021,4,3.610704,0.902676,0.130704,0.005,2021,Bears,rookie,0,CIN/CHI,rookie_deal,5648
Khalil Herbert,RB,Colts,2025,1,0.315,0.315,0.0,0.001,2021,Bears,veteran,4,CIN/CHI,new_team_signing,5649
Khalil McClain,WR,Dolphins,2021,1,0.66,0.66,0.0,0.004,2021,Bears,rookie,0,Dolphins,rookie_deal,5650
Khalil Shakir,WR,Bills,2022,4,4.007152,1.001788,0.347152,0.005,2022,Bills,rookie,0,Bills,rookie_deal,5651
Khalil Shakir,WR,Bills,2025,4,53.0,13.25,18.1,0.047,2022,Bills,veteran,3,Bills,extension,5652
Khalil Tate,WR,Eagles,2020,3,2.285,0.761667,0.01,0.004,2020,Eagles,rookie,0,Eagles,rookie_deal,5653
Khalil Tate,WR,Eagles,2021,1,1.485,0.7425,0.0,0.004,2020,Eagles,veteran,1,Eagles,extension,5654
Khari Lee,TE,Lions,2020,1,0.204,0.204,0.0,0.001,2015,Texans,veteran,5,Lions,extension,5655
Kieren Duncan,WR,Bears,2016,3,1.62,0.54,0.0,0.003,2016,Bears,rookie,0,Bears,rookie_deal,5656
Kimani Vidal,RB,Chargers,2024,4,4.227436,1.056859,0.207436,0.004,2024,Chargers,rookie,0,Chargers,rookie_deal,5657
Kimani Vidal,RB,Chargers,2025,1,0.234,0.234,0.0,0.001,2024,Chargers,veteran,1,Chargers,extension,5658
Kimani Vidal,RB,Chargers,2026,1,1.075,1.075,0.0,0.004,2024,Chargers,veteran,2,Chargers,extension,5659
Kirk Cousins,QB,Commanders,2012,4,2.572688,0.643172,0.472688,0.005,2012,Commanders,rookie,0,Commanders,rookie_deal,5660
Kirk Cousins,QB,Commanders,2016,1,19.953,19.953,19.953,0.129,2012,Commanders,veteran,4,Commanders,extension,5661
Kirk Cousins,QB,Commanders,2017,1,23.9436,23.9436,23.9436,0.14300000000000002,2012,Commanders,veteran,5,Commanders,extension,5662
Kirk Cousins,QB,Vikings,2018,3,84.0,28.0,84.0,0.158,2012,Commanders,veteran,6,Commanders,new_team_signing,5663
Kirk Cousins,QB,Vikings,2020,2,66.0,33.0,61.0,0.166,2012,Commanders,veteran,8,Vikings,extension,5664
Kirk Cousins,QB,Vikings,2022,1,35.0,35.0,70.0,0.168,2012,Commanders,veteran,10,Vikings,extension,5665
Kirk Cousins,QB,Falcons,2024,4,180.0,45.0,90.0,0.17600000000000002,2012,Commanders,veteran,12,Vikings,new_team_signing,5666
Kirk Cousins,QB,Raiders,2026,1,11.3,11.3,11.3,0.038,2012,Commanders,veteran,14,Falcons,new_team_signing,5667
Kirk Merritt,WR,Dolphins,2020,1,0.197764,0.197764,0.0,0.001,2020,Dolphins,rookie,0,Dolphins,rookie_deal,5668
Kirk Merritt,WR,Dolphins,2021,1,0.1656,0.1656,0.0,0.001,2020,Dolphins,veteran,1,Dolphins,extension,5669
Kirk Merritt,WR,Saints,2022,1,0.207,0.207,0.0,0.001,2020,Dolphins,veteran,2,Dolphins,new_team_signing,5670
Kirk Merritt,WR,Saints,2023,1,0.216,0.216,0.0,0.001,2020,Dolphins,veteran,3,Saints,extension,5671
Kisean Johnson,WR,Packers,2025,1,0.234,0.234,0.0,0.001,2025,Browns,rookie,0,Packers,rookie_deal,5672
Kj Maye,WR,Patriots,2018,1,0.48,0.48,0.0,0.003,2016,Giants,veteran,2,Patriots,extension,5673
Knile Davis,RB,NYJ/KC/GB,2013,4,2.741016,0.685254,0.506016,0.006,2013,Chiefs,rookie,0,NYJ/KC/GB,rookie_deal,5674
Knile Davis,RB,Chiefs,2016,1,0.675,0.675,0.0,0.004,2013,Chiefs,veteran,3,NYJ/KC/GB,new_team_signing,5675
Knile Davis,RB,Steelers,2017,1,0.775,0.775,0.0,0.005,2013,Chiefs,veteran,4,Chiefs,new_team_signing,5676
Knile Davis,RB,Bears,2018,1,0.79,0.79,0.0,0.004,2013,Chiefs,veteran,5,Steelers,new_team_signing,5677
Knowshon Moreno,RB,Broncos,2009,5,17.075,3.415,13.125,0.027999999999999997,2009,Broncos,rookie,0,Broncos,rookie_deal,5678
Knowshon Moreno,RB,Dolphins,2014,1,3.0,3.0,1.25,0.023,2009,Broncos,veteran,5,Broncos,new_team_signing,5679
Ko Kieft,TE,Buccaneers,2022,4,3.792012,0.948003,0.132012,0.005,2022,Buccaneers,rookie,0,Buccaneers,rookie_deal,5680
Ko Kieft,TE,Buccaneers,2026,1,1.65,1.65,0.6,0.005,2022,Buccaneers,veteran,4,Buccaneers,extension,5681
Kobe Hudson,WR,Panthers,2025,3,2.985,0.995,0.254,0.004,2025,Panthers,rookie,0,Panthers,rookie_deal,5682
Kobe Lewis,RB,Seahawks,2024,3,2.835,0.945,0.005,0.004,2024,Seahawks,rookie,0,Seahawks,rookie_deal,5683
Kobe Prentice,WR,Panthers,2026,3,3.115,1.038333,0.015,0.003,2026,Panthers,rookie,0,Panthers,rookie_deal,5684
Kody Case,WR,Colts,2023,3,2.695,0.898333,0.0,0.004,2023,Colts,rookie,0,Colts,rookie_deal,5685
Kolbe Katsis,WR,Broncos,2026,3,3.105,1.035,0.03,0.003,2026,Broncos,rookie,0,Broncos,rookie_deal,5686
Kolby Listenbee,WR,Bills,2016,4,2.472932,0.618233,0.132932,0.004,2016,Bills,rookie,0,Bills,rookie_deal,5687
Kolby Listenbee,WR,Colts,2017,1,0.1224,0.1224,0.0,0.001,2016,Bills,veteran,1,Bills,new_team_signing,5688
Kolby Listenbee,WR,Colts,2018,2,1.05,0.525,0.0,0.003,2016,Bills,veteran,2,Colts,extension,5689
Kole Taylor,TE,Bengals,2025,3,2.975,0.991667,0.01,0.004,2025,Bengals,rookie,0,Bengals,rookie_deal,5690
Kole Wilson,WR,Browns,2026,3,3.105,1.035,0.055,0.003,2026,Browns,rookie,0,Browns,rookie_deal,5691
Konata Mumpfield,WR,Rams,2025,4,4.308536,1.077134,0.108536,0.004,2025,Rams,rookie,0,Rams,rookie_deal,5692
Korey Robertson,WR,Vikings,2018,3,1.725,0.575,0.05,0.003,2018,Vikings,rookie,0,Vikings,rookie_deal,5693
Kory Sheets,RB,Raiders,2009,1,0.525,0.525,0.03,0.0,2009,,rookie,0,Raiders,rookie_deal,5694
Kory Sperry,TE,Vikings,2009,1,0.73,0.73,0.0,0.0,2009,Chargers,rookie,0,Vikings,rookie_deal,5695
Kris Durham,WR,Seahawks,2011,4,2.50426,0.626065,0.46426,0.005,2011,Seahawks,rookie,0,Seahawks,rookie_deal,5696
Kris Durham,WR,Lions,2012,1,0.0969,0.0969,0.0,0.001,2011,Seahawks,veteran,1,Seahawks,new_team_signing,5697
Kris Durham,WR,Lions,2013,1,0.555,0.555,0.0,0.005,2011,Seahawks,veteran,2,Lions,extension,5698
Kris Durham,WR,Titans,2014,1,0.645,0.645,0.0,0.005,2011,Seahawks,veteran,3,Lions,new_team_signing,5699
Kris Durham,WR,Raiders,2015,1,0.745,0.745,0.0,0.005,2011,Seahawks,veteran,4,Titans,new_team_signing,5700
Kris Leach,TE,Broncos,2023,3,2.702,0.900667,0.007,0.004,2023,Broncos,rookie,0,Broncos,rookie_deal,5701
Krishawn Hogan,WR,Colts,2017,1,0.1224,0.1224,0.0,0.001,2017,Cardinals,rookie,0,Colts,rookie_deal,5702
Krishawn Hogan,WR,Colts,2018,1,0.1292,0.1292,0.0,0.001,2017,Cardinals,veteran,1,Colts,extension,5703
Krishawn Hogan,WR,Saints,2019,1,0.136,0.136,0.0,0.001,2017,Cardinals,veteran,2,Colts,new_team_signing,5704
Krishawn Hogan,WR,Colts,2020,1,0.1428,0.1428,0.0,0.001,2017,Cardinals,veteran,3,Saints,new_team_signing,5705
Krishawn Hogan,WR,Cardinals,2021,1,0.78,0.78,0.0,0.004,2017,Cardinals,veteran,4,Colts,new_team_signing,5706
Kristian Wilkerson,WR,Patriots,2020,1,0.1428,0.1428,0.0,0.001,2020,Titans,rookie,0,Patriots,rookie_deal,5707
Kristian Wilkerson,WR,Patriots,2021,1,0.1656,0.1656,0.0,0.001,2020,Titans,veteran,1,Patriots,extension,5708
Kristian Wilkerson,WR,IND/NE,2022,1,0.835,0.835,0.0,0.004,2020,Titans,veteran,2,Patriots,new_team_signing,5709
Kristian Wilkerson,WR,Raiders,2023,1,0.216,0.216,0.0,0.001,2020,Titans,veteran,3,IND/NE,new_team_signing,5710
Kristian Wilkerson,WR,Raiders,2024,1,0.225,0.225,0.0,0.001,2020,Titans,veteran,4,Raiders,extension,5711
Kristian Wilkerson,WR,Bills,2025,1,0.234,0.234,0.0,0.001,2020,Titans,veteran,5,Raiders,new_team_signing,5712
Kurt Benkert,QB,Falcons,2018,1,0.1292,0.1292,0.0,0.001,2018,Falcons,rookie,0,Falcons,rookie_deal,5713
Kurt Benkert,QB,Falcons,2019,2,1.08,0.54,0.0,0.003,2018,Falcons,veteran,1,Falcons,extension,5714
Kurt Benkert,QB,Falcons,2020,1,0.170282,0.170282,0.0,0.001,2018,Falcons,veteran,2,Falcons,extension,5715
Kurt Benkert,QB,Packers,2021,1,0.1656,0.1656,0.0,0.001,2018,Falcons,veteran,3,Falcons,new_team_signing,5716
Kurt Benkert,QB,49ers,2022,1,0.207,0.207,0.0,0.001,2018,Falcons,veteran,4,Packers,new_team_signing,5717
Kurtis Rourke,QB,49ers,2025,4,4.334236,1.083559,0.134236,0.004,2025,49ers,rookie,0,49ers,rookie_deal,5718
Kwamie Lassiter II,WR,Bengals,2022,1,0.207,0.207,0.0,0.001,2022,Bengals,rookie,0,Bengals,rookie_deal,5719
Kwamie Lassiter II,WR,Bengals,2023,1,0.216,0.216,0.0,0.001,2022,Bengals,veteran,1,Bengals,extension,5720
Kwamie Lassiter II,WR,Bengals,2024,1,0.795,0.795,0.0,0.003,2022,Bengals,veteran,2,Bengals,extension,5721
Kye Robichaux,RB,Lions,2025,3,2.97,0.99,0.05,0.004,2025,Lions,rookie,0,Lions,rookie_deal,5722
Kyle Adams,TE,Buccaneers,2011,1,0.555,0.555,0.0,0.0,2011,Bears,rookie,0,Buccaneers,rookie_deal,5723
Kyle Allen,QB,Panthers,2018,1,0.1292,0.1292,0.0,0.001,2018,Panthers,rookie,0,Panthers,rookie_deal,5724
Kyle Allen,QB,WAS/CAR,2020,1,0.585,0.585,0.0,0.003,2018,Panthers,veteran,2,Panthers,new_team_signing,5725
Kyle Allen,QB,Commanders,2021,1,0.85,0.85,0.0,0.005,2018,Panthers,veteran,3,WAS/CAR,new_team_signing,5726
Kyle Allen,QB,Texans,2022,1,2.5,2.5,2.25,0.012,2018,Panthers,veteran,4,Commanders,new_team_signing,5727
Kyle Allen,QB,Bills,2023,1,1.2325,1.2325,0.35,0.005,2018,Panthers,veteran,5,Texans,new_team_signing,5728
Kyle Allen,QB,Steelers,2024,1,1.2925,1.2925,0.1675,0.005,2018,Panthers,veteran,6,Bills,new_team_signing,5729
Kyle Allen,QB,Lions,2025,1,1.27,1.27,0.1,0.005,2018,Panthers,veteran,7,Steelers,new_team_signing,5730
Kyle Allen,QB,Bills,2026,2,4.1,2.05,1.8,0.006999999999999999,2018,Panthers,veteran,8,Lions,new_team_signing,5731
Kyle Carter,TE,Bills,2018,1,0.1292,0.1292,0.0,0.001,2016,Vikings,veteran,2,Vikings,new_team_signing,5732
Kyle Carter,TE,Bills,2019,1,0.57,0.57,0.0,0.003,2016,Vikings,veteran,3,Bills,extension,5733
Kyle Dixon,WR,Patriots,2026,3,3.1175,1.039167,0.2525,0.003,2026,Patriots,rookie,0,Patriots,rookie_deal,5734
Kyle Lauletta,QB,Giants,2018,4,3.1677,0.791925,0.7077,0.004,2018,Giants,rookie,0,Giants,rookie_deal,5735
Kyle Lauletta,QB,Eagles,2019,1,0.34,0.34,0.0,0.002,2018,Giants,veteran,1,Giants,new_team_signing,5736
Kyle Lauletta,QB,Falcons,2020,1,0.1428,0.1428,0.0,0.001,2018,Giants,veteran,2,Eagles,new_team_signing,5737
Kyle Lauletta,QB,Jaguars,2021,1,0.1656,0.1656,0.0,0.001,2018,Giants,veteran,3,Falcons,new_team_signing,5738
Kyle Lewis,WR,Packers,2018,1,0.48,0.48,0.0,0.003,2018,Lions,rookie,0,Packers,rookie_deal,5739
Kyle Markway,TE,Browns,2020,1,0.1428,0.1428,0.0,0.001,2020,Giants,rookie,0,Browns,rookie_deal,5740
Kyle Markway,TE,Rams,2021,1,0.1656,0.1656,0.0,0.001,2020,Giants,veteran,1,Browns,new_team_signing,5741
Kyle Markway,TE,Rams,2022,2,1.575,0.7875,0.0,0.004,2020,Giants,veteran,2,Rams,extension,5742
Kyle McCord,QB,Eagles,2025,1,0.234,0.234,0.0,0.001,2025,Eagles,rookie,0,Eagles,rookie_deal,5743
Kyle McCord,QB,Packers,2026,1,0.885,0.885,0.0,0.003,2025,Eagles,veteran,1,Eagles,new_team_signing,5744
Kyle Monangai,RB,Bears,2025,4,4.32814,1.082035,0.12814,0.004,2025,Bears,rookie,0,Bears,rookie_deal,5745
Kyle Orton,QB,Bears,2005,4,1.843,0.46075,0.458,0.005,2005,Bears,rookie,0,Bears,rookie_deal,5746
Kyle Orton,QB,DEN/CHI,2008,2,3.0,3.0,1.4,0.026000000000000002,2005,Bears,veteran,3,Bears,new_team_signing,5747
Kyle Orton,QB,Broncos,2010,1,2.621,2.621,0.0,0.02,2005,Bears,veteran,5,DEN/CHI,new_team_signing,5748
Kyle Orton,QB,Cowboys,2012,3,10.5,3.5,5.0,0.028999999999999998,2005,Bears,veteran,7,Broncos,new_team_signing,5749
Kyle Orton,QB,Bills,2014,2,11.0,5.5,3.0,0.040999999999999995,2005,Bears,veteran,9,Cowboys,new_team_signing,5750
Kyle Philips,WR,Titans,2022,4,3.973328,0.993332,0.313328,0.005,2022,Titans,rookie,0,Titans,rookie_deal,5751
Kyle Philips,WR,Eagles,2024,1,0.225,0.225,0.0,0.001,2022,Titans,veteran,2,Titans,new_team_signing,5752
Kyle Philips,WR,Raiders,2025,1,1.03,1.03,0.0,0.004,2022,Titans,veteran,3,Eagles,new_team_signing,5753
Kyle Pitts,TE,Falcons,2021,4,32.910496,8.227624,32.910496,0.045,2021,Falcons,rookie,0,Falcons,rookie_deal,5754
Kyle Pitts,TE,Falcons,2026,1,15.045,15.045,15.045,0.05,2021,Falcons,veteran,5,Falcons,extension,5755
Kyle Rudolph,TE,Vikings,2011,4,4.629851,1.157463,0.0,0.01,2011,Vikings,rookie,0,Vikings,rookie_deal,5756
Kyle Rudolph,TE,Vikings,2014,5,36.5,7.3,12.64,0.055,2011,Vikings,veteran,3,Vikings,extension,5757
Kyle Rudolph,TE,Vikings,2019,4,36.1,9.025,9.0,0.048,2011,Vikings,veteran,8,Vikings,extension,5758
Kyle Rudolph,TE,Giants,2021,2,12.0,6.0,4.5,0.033,2011,Vikings,veteran,10,Vikings,new_team_signing,5759
Kyle Rudolph,TE,Buccaneers,2022,1,2.0,2.0,1.5,0.01,2011,Vikings,veteran,11,Giants,new_team_signing,5760
Kyle Sheets,WR,Chiefs,2024,1,0.795,0.795,0.0,0.003,2024,Saints,rookie,0,Chiefs,rookie_deal,5761
Kyle Shurmur,QB,Chiefs,2019,1,0.136,0.136,0.0,0.001,2019,Chiefs,rookie,0,Chiefs,rookie_deal,5762
Kyle Shurmur,QB,Bengals,2020,1,0.1428,0.1428,0.0,0.001,2019,Chiefs,veteran,1,Chiefs,new_team_signing,5763
Kyle Shurmur,QB,Commanders,2021,1,0.1656,0.1656,0.0,0.001,2019,Chiefs,veteran,2,Bengals,new_team_signing,5764
Kyle Sloter,QB,Vikings,2017,1,0.34,0.34,0.0,0.002,2017,Broncos,rookie,0,Vikings,rookie_deal,5765
Kyle Sloter,QB,Cardinals,2019,1,0.136,0.136,0.0,0.001,2017,Broncos,veteran,2,Vikings,new_team_signing,5766
Kyle Sloter,QB,Bears,2020,1,0.1428,0.1428,0.0,0.001,2017,Broncos,veteran,3,Cardinals,new_team_signing,5767
Kyle Sloter,QB,Raiders,2021,1,0.1656,0.1656,0.0,0.001,2017,Broncos,veteran,4,Bears,new_team_signing,5768
Kyle Sloter,QB,Jaguars,2022,1,0.965,0.965,0.0,0.005,2017,Broncos,veteran,5,Raiders,new_team_signing,5769
Kyle Trask,QB,Buccaneers,2021,4,5.535336,1.383834,2.957306,0.008,2021,Buccaneers,rookie,0,Buccaneers,rookie_deal,5770
Kyle Trask,QB,Falcons,2025,1,0.315,0.315,0.0,0.001,2021,Buccaneers,veteran,4,Buccaneers,new_team_signing,5771
Kyle Williams,WR,49ers,2010,4,1.86935,0.467338,0.07935,0.004,2010,,rookie,0,49ers,rookie_deal,5772
Kyle Williams,WR,Chiefs,2013,1,0.63,0.63,0.0,0.005,2010,,veteran,3,49ers,new_team_signing,5773
Kyle Williams,WR,Chiefs,2014,1,0.74,0.74,0.0,0.006,2010,,veteran,4,Chiefs,extension,5774
Kyle Williams,WR,Broncos,2015,1,0.745,0.745,0.0,0.005,2010,,veteran,5,Chiefs,new_team_signing,5775
Kyle Williams,WR,Jets,2016,1,0.76,0.76,0.0,0.005,2010,,veteran,6,Broncos,new_team_signing,5776
Kyle Williams,WR,Titans,2020,3,2.2905,0.7635,0.018,0.004,2020,Titans,rookie,0,Titans,rookie_deal,5777
Kyle Williams,WR,Patriots,2025,4,6.703572,1.675893,1.515324,0.006,2025,Patriots,rookie,0,Patriots,rookie_deal,5778
Kylen Granson,TE,Colts,2021,4,4.186364,1.046591,0.706364,0.006,2021,Colts,rookie,0,Colts,rookie_deal,5779
Kylen Granson,TE,Eagles,2025,1,1.75,1.75,1.0,0.006,2021,Colts,veteran,4,Colts,new_team_signing,5780
Kylen Granson,TE,Titans,2026,1,1.4025,1.4025,0.625,0.005,2021,Colts,veteran,5,Eagles,new_team_signing,5781
Kyler Murray,QB,Cardinals,2019,4,35.158644,8.789661,35.158644,0.047,2019,Cardinals,rookie,0,Cardinals,rookie_deal,5782
Kyler Murray,QB,Cardinals,2022,5,230.5,46.1,103.3,0.221,2019,Cardinals,veteran,3,Cardinals,extension,5783
Kyler Murray,QB,Vikings,2026,1,1.3,1.3,0.0,0.004,2019,Cardinals,veteran,7,Cardinals,new_team_signing,5784
Kylin Hill,RB,Packers,2021,4,3.559064,0.889766,0.079064,0.005,2021,Packers,rookie,0,Packers,rookie_deal,5785
Kyre Duplessis,WR,Lions,2026,3,3.1,1.033333,0.0,0.003,2026,Lions,rookie,0,Lions,rookie_deal,5786
Kyren Williams,RB,Rams,2022,4,3.970408,0.992602,0.310408,0.005,2022,Rams,rookie,0,Rams,rookie_deal,5787
Kyren Williams,RB,Rams,2025,3,33.0,11.0,15.145,0.039,2022,Rams,veteran,3,Rams,extension,5788
Kyrese Rowan,WR,Broncos,2025,1,0.234,0.234,0.0,0.001,2025,Broncos,rookie,0,Broncos,rookie_deal,5789
Kyric McGowan,WR,Commanders,2022,1,0.207,0.207,0.0,0.001,2022,Commanders,rookie,0,Commanders,rookie_deal,5790
Kyric McGowan,WR,Commanders,2023,1,0.75,0.75,0.0,0.003,2022,Commanders,veteran,1,Commanders,extension,5791
Kyric McGowan,WR,Jaguars,2024,1,0.795,0.795,0.0,0.003,2022,Commanders,veteran,2,Commanders,new_team_signing,5792
Kyron Drones,QB,Packers,2026,3,3.105,1.035,0.005,0.003,2026,Packers,rookie,0,Packers,rookie_deal,5793
Kyron Hudson,WR,Bears,2026,3,3.1,1.033333,0.0,0.003,2026,Bears,rookie,0,Bears,rookie_deal,5794
La'Mical Perine,RB,Jets,2020,4,4.040344,1.010086,0.745344,0.005,2020,Jets,rookie,0,Jets,rookie_deal,5795
La'Mical Perine,RB,Dolphins,2022,1,0.207,0.207,0.0,0.001,2020,Jets,veteran,2,Jets,new_team_signing,5796
La'Mical Perine,RB,Chiefs,2023,1,0.216,0.216,0.0,0.001,2020,Jets,veteran,3,Dolphins,new_team_signing,5797
La'Mical Perine,RB,Steelers,2024,1,0.3024,0.3024,0.0,0.001,2020,Jets,veteran,4,Chiefs,new_team_signing,5798
La'Michael Pettway,TE,Patriots,2023,1,0.216,0.216,0.0,0.001,2023,Colts,rookie,0,Patriots,rookie_deal,5799
LaDainian Tomlinson,RB,Chargers,2001,6,15.75,2.625,11.5,0.039,2001,Chargers,rookie,0,Chargers,rookie_deal,5800
LaDainian Tomlinson,RB,Chargers,2004,6,48.0,8.0,16.54,0.099,2001,Chargers,veteran,3,Chargers,extension,5801
LaDainian Tomlinson,RB,Chargers,2009,3,17.875,5.958333,7.725,0.048,2001,Chargers,veteran,8,Chargers,extension,5802
LaDainian Tomlinson,RB,Jets,2010,2,5.15,2.575,2.5,0.02,2001,Chargers,veteran,9,Chargers,new_team_signing,5803
LaDainian Tomlinson,RB,Jets,2011,1,1.325,1.325,1.125,0.011000000000000001,2001,Chargers,veteran,10,Jets,extension,5804
LaDarius Perkins,RB,Steelers,2014,4,1.53,0.51,0.0,0.0,2014,Packers,rookie,0,Steelers,rookie_deal,5805
LaJohntay Wester,WR,Ravens,2025,4,4.414868,1.103717,0.214868,0.004,2025,Ravens,rookie,0,Ravens,rookie_deal,5806
LaMichael James,RB,49ers,2012,4,3.318898,0.829725,1.04674,0.006999999999999999,2012,,rookie,0,49ers,rookie_deal,5807
LaMichael James,RB,Dolphins,2014,1,0.1071,0.1071,0.0,0.001,2012,,veteran,2,49ers,new_team_signing,5808
LaMichael James,RB,Dolphins,2015,1,0.68,0.68,0.0,0.005,2012,,veteran,3,Dolphins,extension,5809
LaQuan Williams,WR,Ravens,2011,1,0.57,0.57,0.0,0.005,2011,Ravens,rookie,0,Ravens,rookie_deal,5810
LaQuvionte Gonzalez,WR,Rams,2018,3,1.711,0.570333,0.001,0.003,2018,Rams,rookie,0,Rams,rookie_deal,5811
LaRod Stephens-Howling,RB,Steelers,2009,1,0.78,0.78,0.065,0.0,2009,Cardinals,rookie,0,Steelers,rookie_deal,5812
LaVance Taylor,RB,Chiefs,2015,3,1.575,0.525,0.0,0.0,2015,Chiefs,rookie,0,Chiefs,rookie_deal,5813
LaVon Brazill,WR,Colts,2012,4,2.17868,0.54467,0.07868,0.005,2012,Colts,rookie,0,Colts,rookie_deal,5814
Lache Seastrunk,RB,Panthers,2014,1,0.1071,0.1071,0.0,0.001,2014,Commanders,rookie,0,Panthers,rookie_deal,5815
Lache Seastrunk,RB,Cowboys,2015,2,0.96,0.48,0.0,0.003,2014,Commanders,veteran,1,Panthers,new_team_signing,5816
Lache Seastrunk,RB,Jets,2016,1,0.45,0.45,0.0,0.003,2014,Commanders,veteran,2,Cowboys,new_team_signing,5817
Lachlan Pitts,TE,Bears,2023,3,2.695,0.898333,0.0,0.004,2023,Bears,rookie,0,Bears,rookie_deal,5818
Ladarius Green,TE,Chargers,2012,4,2.5509,0.637725,0.4509,0.005,2012,Chargers,rookie,0,Chargers,rookie_deal,5819
Ladarius Green,TE,Steelers,2016,4,20.0,5.0,4.75,0.032,2012,Chargers,veteran,4,Chargers,new_team_signing,5820
Ladd McConkey,WR,Chargers,2024,4,9.995186,2.498797,9.185943,0.01,2024,Chargers,rookie,0,Chargers,rookie_deal,5821
Lake McRee,TE,Steelers,2026,3,3.125,1.041667,0.025,0.003,2026,Steelers,rookie,0,Steelers,rookie_deal,5822
Lamaar Thomas,WR,Jaguars,2013,2,0.9,0.45,0.0,0.0,2013,Broncos,rookie,0,Jaguars,rookie_deal,5823
Lamar Jackson,QB,Ravens,2018,4,9.471652,2.367913,8.055062,0.013000000000000001,2018,Ravens,rookie,0,Ravens,rookie_deal,5824
Lamar Jackson,QB,Ravens,2023,1,32.416,32.416,0.0,0.14400000000000002,2018,Ravens,veteran,5,Ravens,extension,5825
Lamar Jordan,WR,Falcons,2018,3,1.7105,0.570167,0.0005,0.003,2018,Falcons,rookie,0,Falcons,rookie_deal,5826
Lamar Miller,RB,Dolphins,2012,4,2.586,0.6465,0.486,0.005,2012,Dolphins,rookie,0,Dolphins,rookie_deal,5827
Lamar Miller,RB,Texans,2016,4,26.0,6.5,14.0,0.042,2012,Dolphins,veteran,4,Dolphins,new_team_signing,5828
Lamar Miller,RB,Bears,2020,1,0.204,0.204,0.0,0.001,2012,Dolphins,veteran,8,Texans,new_team_signing,5829
Lamar Miller,RB,Saints,2021,1,0.252,0.252,0.0,0.001,2012,Dolphins,veteran,9,Bears,new_team_signing,5830
Lamont Bryant,WR,Titans,2012,2,0.93,0.465,0.0,0.0,2012,Panthers,rookie,0,Titans,rookie_deal,5831
Lan Larison,RB,Patriots,2025,3,2.99,0.996667,0.175,0.004,2025,Patriots,rookie,0,Patriots,rookie_deal,5832
Lanard Bonner,TE,Falcons,2019,3,1.7575,0.585667,0.002,0.003,2019,Falcons,rookie,0,Falcons,rookie_deal,5833
Lance Kendricks,TE,Rams,2011,4,4.226105,1.056526,0.0,0.009000000000000001,2011,Rams,rookie,0,Rams,rookie_deal,5834
Lance Kendricks,TE,Rams,2015,4,18.6,4.65,5.5,0.032,2011,Rams,veteran,4,Rams,extension,5835
Lance Kendricks,TE,Packers,2017,2,4.0,2.0,1.2,0.012,2011,Rams,veteran,6,Rams,new_team_signing,5836
Lance Kendricks,TE,Chargers,2019,1,0.93,0.93,0.0,0.005,2011,Rams,veteran,8,Packers,new_team_signing,5837
Lance Lenoir,TE,Cowboys,2017,1,0.1224,0.1224,0.0,0.001,2017,Cowboys,rookie,0,Cowboys,rookie_deal,5838
Lance Lenoir,TE,Cowboys,2018,1,0.1292,0.1292,0.0,0.001,2017,Cowboys,veteran,1,Cowboys,extension,5839
Lance Lenoir,TE,Cowboys,2019,3,1.71,0.57,0.0,0.003,2017,Cowboys,veteran,2,Cowboys,extension,5840
Lance Lenoir,WR,Seahawks,2020,1,0.1428,0.1428,0.0,0.001,2017,Cowboys,veteran,3,Cowboys,new_team_signing,5841
Lance Lenoir,TE,Bills,2021,1,0.78,0.78,0.0,0.004,2017,Cowboys,veteran,4,Seahawks,new_team_signing,5842
Lance Lenoir,TE,Rams,2022,1,0.207,0.207,0.0,0.001,2017,Cowboys,veteran,5,Bills,new_team_signing,5843
Lance Lewis,WR,Saints,2012,1,0.51,0.51,0.0,0.0,2012,Commanders,rookie,0,Saints,rookie_deal,5844
Lance Mason,TE,Seahawks,2026,3,3.12,1.04,0.02,0.003,2026,Seahawks,rookie,0,Seahawks,rookie_deal,5845
Lance McCutcheon,WR,Rams,2022,3,2.56,0.853333,0.0,0.004,2022,Rams,rookie,0,Rams,rookie_deal,5846
Lance McCutcheon,WR,Jets,2023,1,0.216,0.216,0.0,0.001,2022,Rams,veteran,1,Rams,new_team_signing,5847
Lance McCutcheon,WR,Jets,2024,1,0.225,0.225,0.0,0.001,2022,Rams,veteran,2,Jets,extension,5848
Lance McCutcheon,WR,Titans,2025,1,0.234,0.234,0.0,0.001,2022,Rams,veteran,3,Jets,new_team_signing,5849
Lance McCutcheon,WR,Titans,2026,2,2.125,1.0625,0.0,0.004,2022,Rams,veteran,4,Titans,extension,5850
Lance Moore,WR,Saints,2005,1,0.0799,0.0799,0.0,0.001,2005,Browns,rookie,0,Saints,rookie_deal,5851
Lance Moore,WR,Saints,2006,1,0.119,0.119,0.0,0.001,2005,Browns,veteran,1,Saints,extension,5852
Lance Moore,WR,Saints,2007,2,0.955,0.4775,0.0,0.004,2005,Browns,veteran,2,Saints,extension,5853
Lance Moore,WR,Saints,2009,1,1.545,1.545,0.0,0.013000000000000001,2005,Browns,veteran,4,Saints,extension,5854
Lance Moore,WR,Saints,2010,1,1.759,1.759,0.0,0.013999999999999999,2005,Browns,veteran,5,Saints,extension,5855
Lance Moore,WR,Saints,2011,5,20.0,4.0,7.0,0.033,2005,Browns,veteran,6,Saints,extension,5856
Lance Moore,WR,Steelers,2014,2,3.0,1.5,0.645,0.011000000000000001,2005,Browns,veteran,9,Saints,new_team_signing,5857
Lance Moore,WR,Lions,2015,1,1.05,1.05,0.04,0.006999999999999999,2005,Browns,veteran,10,Steelers,new_team_signing,5858
Lance Moore,WR,Falcons,2016,1,0.985,0.985,0.0,0.006,2005,Browns,veteran,11,Lions,new_team_signing,5859
Landen Akers,WR,Rams,2021,1,0.1656,0.1656,0.0,0.001,2021,Rams,rookie,0,Rams,rookie_deal,5860
Landen Akers,WR,Rams,2022,2,1.575,0.7875,0.0,0.004,2021,Rams,veteran,1,Rams,extension,5861
Landon Lenoir,WR,Bears,2022,3,2.562,0.854,0.002,0.004,2022,Bears,rookie,0,Bears,rookie_deal,5862
Landon Parker,WR,Colts,2025,3,2.97,0.99,0.005,0.004,2025,Colts,rookie,0,Colts,rookie_deal,5863
Landry Jones,QB,Steelers,2013,4,2.59922,0.649805,0.43922,0.005,2013,Steelers,rookie,0,Steelers,rookie_deal,5864
Landry Jones,QB,Steelers,2017,2,4.4,2.2,0.6,0.013000000000000001,2013,Steelers,veteran,4,Steelers,extension,5865
Landry Jones,QB,Jaguars,2018,1,0.79,0.79,0.0,0.004,2013,Steelers,veteran,5,Steelers,new_team_signing,5866
Landry Jones,QB,Raiders,2019,1,0.805,0.805,0.0,0.004,2013,Steelers,veteran,6,Jaguars,new_team_signing,5867
Lanear Sampson,WR,Steelers,2013,1,0.42,0.42,0.0,0.0,2013,Colts,rookie,0,Steelers,rookie_deal,5868
Laquon Treadwell,WR,Vikings,2016,4,9.93498,2.483745,9.28021,0.016,2016,Vikings,rookie,0,Vikings,rookie_deal,5869
Laquon Treadwell,WR,Vikings,2019,1,0.72,0.72,0.0,0.004,2016,Vikings,veteran,3,Vikings,extension,5870
Laquon Treadwell,WR,Falcons,2020,1,0.204,0.204,0.0,0.001,2016,Vikings,veteran,4,Vikings,new_team_signing,5871
Laquon Treadwell,WR,Jaguars,2021,1,0.252,0.252,0.0,0.001,2016,Vikings,veteran,5,Falcons,new_team_signing,5872
Laquon Treadwell,WR,Patriots,2022,1,0.2772,0.2772,0.0,0.001,2016,Vikings,veteran,6,Jaguars,new_team_signing,5873
Laquon Treadwell,WR,Ravens,2023,1,0.2898,0.2898,0.0,0.001,2016,Vikings,veteran,7,Patriots,new_team_signing,5874
Laquon Treadwell,WR,Colts,2024,1,0.3834,0.3834,0.0,0.002,2016,Vikings,veteran,8,Ravens,new_team_signing,5875
Laquon Treadwell,WR,Colts,2025,1,0.396,0.396,0.0,0.001,2016,Vikings,veteran,9,Colts,extension,5876
Laquon Treadwell,WR,Colts,2026,1,1.4875,1.4875,0.4375,0.005,2016,Vikings,veteran,10,Colts,extension,5877
Larry Donnell,TE,Ravens,2017,1,0.775,0.775,0.0,0.005,2012,Giants,veteran,5,Giants,new_team_signing,5878
Larry Fitzgerald,WR,Cardinals,2004,6,55.4375,9.239583,12.5375,0.115,2004,Cardinals,rookie,0,Cardinals,rookie_deal,5879
Larry Fitzgerald,WR,Cardinals,2008,4,40.0,10.0,15.0,0.086,2004,Cardinals,veteran,4,Cardinals,extension,5880
Larry Fitzgerald,WR,Cardinals,2011,7,113.0,16.142857,20.0,0.134,2004,Cardinals,veteran,7,Cardinals,extension,5881
Larry Fitzgerald,WR,Cardinals,2015,2,22.0,11.0,22.0,0.077,2004,Cardinals,veteran,11,Cardinals,extension,5882
Larry Fitzgerald,WR,Cardinals,2016,1,11.0,11.0,0.0,0.071,2004,Cardinals,veteran,12,Cardinals,extension,5883
Larry Fitzgerald,WR,Cardinals,2017,1,11.0,11.0,0.0,0.066,2004,Cardinals,veteran,13,Cardinals,extension,5884
Larry Fitzgerald,WR,Cardinals,2019,1,11.0,11.0,11.0,0.057999999999999996,2004,Cardinals,veteran,15,Cardinals,extension,5885
Larry Fitzgerald,WR,Cardinals,2020,1,11.5,11.5,11.0,0.057999999999999996,2004,Cardinals,veteran,16,Cardinals,extension,5886
Larry Rose,RB,Rams,2018,1,0.48,0.48,0.0,0.003,2018,Titans,rookie,0,Rams,rookie_deal,5887
Larry Rountree III,RB,Chargers,2021,4,3.655764,0.913941,0.175764,0.005,2021,Chargers,rookie,0,Chargers,rookie_deal,5888
Larry Rountree III,RB,Chargers,2022,1,0.207,0.207,0.0,0.001,2021,Chargers,veteran,1,Chargers,extension,5889
Larry Rountree III,RB,Texans,2023,1,0.216,0.216,0.0,0.001,2021,Chargers,veteran,2,Chargers,new_team_signing,5890
Latavius Murray,RB,Raiders,2013,4,2.1912,0.5478,0.1062,0.004,2013,Raiders,rookie,0,Raiders,rookie_deal,5891
Latavius Murray,RB,Vikings,2017,3,15.0,5.0,3.4,0.03,2013,Raiders,veteran,4,Raiders,new_team_signing,5892
Latavius Murray,RB,Vikings,2018,1,4.0,4.0,3.65,0.023,2013,Raiders,veteran,5,Vikings,extension,5893
Latavius Murray,RB,Saints,2019,4,14.4,3.6,7.2,0.019,2013,Raiders,veteran,6,Vikings,new_team_signing,5894
Latavius Murray,RB,Ravens,2021,1,1.075,1.075,0.0,0.006,2013,Raiders,veteran,8,Saints,new_team_signing,5895
Latavius Murray,RB,Saints,2022,1,0.306,0.306,0.0,0.001,2013,Raiders,veteran,9,Ravens,new_team_signing,5896
Latavius Murray,RB,Bills,2023,1,1.3175,1.3175,0.8025,0.006,2013,Raiders,veteran,10,Saints,new_team_signing,5897
Latreal Jones,WR,Buccaneers,2024,3,2.835,0.945,0.005,0.004,2024,Buccaneers,rookie,0,Buccaneers,rookie_deal,5898
Laviska Shenault,WR,CAR/JAX,2020,4,7.696066,1.924017,4.726961,0.01,2020,Jaguars,rookie,0,CAR/JAX,rookie_deal,5899
Laviska Shenault,WR,Chargers,2024,1,0.3834,0.3834,0.0,0.002,2020,Jaguars,veteran,4,CAR/JAX,new_team_signing,5900
Laviska Shenault,WR,Bills,2025,1,1.21,1.21,0.015,0.004,2020,Jaguars,veteran,5,Chargers,new_team_signing,5901
Lavon Coleman,RB,Seahawks,2018,1,0.1292,0.1292,0.0,0.001,2018,Texans,rookie,0,Seahawks,rookie_deal,5902
Lawrance Toafili,RB,Jets,2025,1,0.234,0.234,0.0,0.001,2025,Jets,rookie,0,Jets,rookie_deal,5903
Lawrence Cager,WR,Jets,2020,1,0.1428,0.1428,0.0,0.001,2020,Jets,rookie,0,Jets,rookie_deal,5904
Lawrence Cager,WR,Browns,2021,1,0.1656,0.1656,0.0,0.001,2020,Jets,veteran,1,Jets,new_team_signing,5905
Lawrence Cager,WR,Giants,2022,1,0.207,0.207,0.0,0.001,2020,Jets,veteran,2,Browns,new_team_signing,5906
Lawrence Cager,WR,Giants,2023,1,0.216,0.216,0.0,0.001,2020,Jets,veteran,3,Giants,extension,5907
Lawrence Cager,WR,Giants,2024,1,0.3024,0.3024,0.0,0.001,2020,Jets,veteran,4,Giants,extension,5908
Lawrence Cager,WR,Commanders,2025,1,0.396,0.396,0.0,0.001,2020,Jets,veteran,5,Giants,new_team_signing,5909
Lawrence Cager,WR,Commanders,2026,1,1.145,1.145,0.0,0.004,2020,Jets,veteran,6,Commanders,extension,5910
Lawrence Keys,WR,Bills,2024,3,2.84,0.946667,0.01,0.004,2024,Bills,rookie,0,Bills,rookie_deal,5911
Layne Pryor,TE,Texans,2025,1,0.234,0.234,0.0,0.001,2025,Texans,rookie,0,Texans,rookie_deal,5912
Layne Pryor,TE,Texans,2026,3,3.1,1.033333,0.0,0.003,2025,Texans,veteran,1,Texans,extension,5913
Le'Meke Brockington,WR,Falcons,2026,3,3.115,1.038333,0.115,0.003,2026,Falcons,rookie,0,Falcons,rookie_deal,5914
Le'Veon Bell,RB,Steelers,2013,4,4.1206,1.03015,1.3768,0.008,2013,Steelers,rookie,0,Steelers,rookie_deal,5915
Le'Veon Bell,RB,Steelers,2017,1,12.12,12.12,12.12,0.073,2013,Steelers,veteran,4,Steelers,extension,5916
Le'Veon Bell,RB,Steelers,2018,1,14.544,14.544,0.0,0.08199999999999999,2013,Steelers,veteran,5,Steelers,extension,5917
Le'Veon Bell,RB,Jets,2019,4,52.5,13.125,27.0,0.07,2013,Steelers,veteran,6,Steelers,new_team_signing,5918
Le'Veon Bell,RB,Chiefs,2020,1,1.0,1.0,0.0,0.005,2013,Steelers,veteran,7,Jets,new_team_signing,5919
Le'Veon Bell,RB,Ravens,2021,1,0.252,0.252,0.0,0.001,2013,Steelers,veteran,8,Chiefs,new_team_signing,5920
Le'Veon Moss,RB,Dolphins,2026,3,3.1105,1.036833,0.258,0.003,2026,Dolphins,rookie,0,Dolphins,rookie_deal,5921
LeGarrette Blount,RB,Titans,2010,2,0.735,0.3675,0.01,0.003,2010,Titans,rookie,0,Titans,rookie_deal,5922
LeGarrette Blount,RB,Buccaneers,2012,1,0.54,0.54,0.0,0.004,2010,Titans,veteran,2,Titans,new_team_signing,5923
LeGarrette Blount,RB,Patriots,2013,1,0.68,0.68,0.0,0.006,2010,Titans,veteran,3,Buccaneers,new_team_signing,5924
LeGarrette Blount,RB,Patriots,2014,2,1.73,0.865,0.0,0.006999999999999999,2010,Titans,veteran,4,Patriots,extension,5925
LeGarrette Blount,RB,Patriots,2016,1,1.0,1.0,0.1,0.006,2010,Titans,veteran,6,Patriots,extension,5926
LeGarrette Blount,RB,Eagles,2017,1,1.25,1.25,0.4,0.006999999999999999,2010,Titans,veteran,7,Patriots,new_team_signing,5927
LeGarrette Blount,RB,Lions,2018,1,2.0,2.0,2.0,0.011000000000000001,2010,Titans,veteran,8,Eagles,new_team_signing,5928
LeQuint Allen,RB,Jaguars,2025,4,4.318756,1.079689,0.118756,0.004,2025,Jaguars,rookie,0,Jaguars,rookie_deal,5929
LeSean McCoy,RB,Eagles,2009,4,3.477123,0.869281,1.727123,0.006999999999999999,2009,Eagles,rookie,0,Eagles,rookie_deal,5930
LeSean McCoy,RB,Eagles,2012,5,45.0,9.0,20.765,0.075,2009,Eagles,veteran,3,Eagles,extension,5931
LeSean McCoy,RB,Bills,2015,5,40.05,8.01,18.25,0.055999999999999994,2009,Eagles,veteran,6,Eagles,new_team_signing,5932
LeSean McCoy,RB,Chiefs,2019,1,3.0,3.0,3.0,0.016,2009,Eagles,veteran,10,Bills,new_team_signing,5933
LeSean McCoy,RB,Buccaneers,2020,1,1.05,1.05,0.0,0.005,2009,Eagles,veteran,11,Chiefs,new_team_signing,5934
LeShun Daniels,RB,Commanders,2017,1,0.1224,0.1224,0.0,0.001,2017,Patriots,rookie,0,Commanders,rookie_deal,5935
LeShun Daniels,RB,Packers,2018,1,0.555,0.555,0.0,0.003,2017,Patriots,veteran,1,Commanders,new_team_signing,5936
LeVante Bellamy,RB,Broncos,2020,1,0.1428,0.1428,0.0,0.001,2020,Broncos,rookie,0,Broncos,rookie_deal,5937
Leddie Brown,RB,Chargers,2022,3,2.5675,0.855833,0.0075,0.004,2022,Chargers,rookie,0,Chargers,rookie_deal,5938
Lee Doss,WR,Browns,2014,4,1.53,0.51,0.0,0.0,2014,Commanders,rookie,0,Browns,rookie_deal,5939
Lee Smith,TE,BUF/NE,2011,4,2.298282,0.574571,0.17148,0.005,2011,Patriots,rookie,0,BUF/NE,rookie_deal,5940
Lee Smith,TE,Raiders,2015,3,9.1,3.033333,3.1,0.021,2011,Patriots,veteran,4,BUF/NE,new_team_signing,5941
Lee Smith,TE,Raiders,2017,1,2.0,2.0,1.0,0.012,2011,Patriots,veteran,6,Raiders,extension,5942
Lee Smith,TE,Raiders,2018,3,9.0,3.0,4.1,0.017,2011,Patriots,veteran,7,Raiders,extension,5943
Lee Smith,TE,Bills,2019,3,9.0,3.0,4.9,0.016,2011,Patriots,veteran,8,Raiders,new_team_signing,5944
Lee Smith,TE,Falcons,2021,1,1.8,1.8,1.8,0.01,2011,Patriots,veteran,10,Bills,new_team_signing,5945
Lee Ward,RB,Panthers,2015,3,1.576,0.525333,0.001,0.0,2015,Panthers,rookie,0,Panthers,rookie_deal,5946
Lenard Tillery,RB,Rams,2017,3,1.6675,0.555833,0.0025,0.003,2017,Rams,rookie,0,Rams,rookie_deal,5947
Lenard Tillery,RB,Titans,2018,2,1.05,0.525,0.0,0.003,2017,Rams,veteran,1,Rams,new_team_signing,5948
Leon Brown,WR,Ravens,2015,3,1.575,0.525,0.0,0.0,2015,Ravens,rookie,0,Ravens,rookie_deal,5949
Leon Brown,WR,Ravens,2016,1,0.45,0.45,0.0,0.003,2015,Ravens,veteran,1,Ravens,extension,5950
Leon Johnson,WR,Chargers,2024,3,28.845,0.948333,0.04,0.004,2024,Chargers,rookie,0,Chargers,rookie_deal,5951
Leon Washington,RB,Titans,2006,1,0.92,0.92,0.635,0.0,2006,Jets,rookie,0,Titans,rookie_deal,5952
Leonard Fournette,RB,Jaguars,2017,4,27.150882,6.786894,27.150882,0.040999999999999995,2017,Jaguars,rookie,0,Jaguars,rookie_deal,5953
Leonard Fournette,RB,Buccaneers,2020,1,2.0,2.0,0.0,0.01,2017,Jaguars,veteran,3,Jaguars,new_team_signing,5954
Leonard Fournette,RB,Buccaneers,2021,1,3.25,3.25,2.0,0.018000000000000002,2017,Jaguars,veteran,4,Buccaneers,extension,5955
Leonard Fournette,RB,Buccaneers,2022,3,21.0,7.0,9.0,0.034,2017,Jaguars,veteran,5,Buccaneers,extension,5956
Leonard Fournette,RB,Bills,2023,1,0.2898,0.2898,0.0,0.001,2017,Jaguars,veteran,6,Buccaneers,new_team_signing,5957
Leonard Hankerson,WR,Commanders,2011,4,2.712001,0.678,0.606376,0.006,2011,Commanders,rookie,0,Commanders,rookie_deal,5958
Leonard Hankerson,WR,ATL/NE/BUF,2015,1,1.0,1.0,0.255,0.006999999999999999,2011,Commanders,veteran,4,Commanders,new_team_signing,5959
Leonard Hankerson,WR,Bills,2016,1,0.84,0.84,0.0,0.005,2011,Commanders,veteran,5,ATL/NE/BUF,new_team_signing,5960
Leonard Taylor,TE,Jaguars,2023,3,2.7,0.9,0.08,0.004,2023,Jaguars,rookie,0,Jaguars,rookie_deal,5961
Leonte Carroo,WR,Dolphins,2016,4,3.100388,0.775097,0.700388,0.005,2016,Dolphins,rookie,0,Dolphins,rookie_deal,5962
Leonte Carroo,WR,Dolphins,2018,1,0.1292,0.1292,0.0,0.001,2016,Dolphins,veteran,2,Dolphins,extension,5963
Lestar Jean,WR,Vikings,2011,1,0.635,0.635,0.01,0.0,2011,Texans,rookie,0,Vikings,rookie_deal,5964
Levern Jacobs,WR,Commanders,2017,3,1.665,0.555,0.006,0.003,2017,Commanders,rookie,0,Commanders,rookie_deal,5965
Levi Lewis,QB,Seahawks,2022,3,2.575,0.858333,0.015,0.004,2022,Seahawks,rookie,0,Seahawks,rookie_deal,5966
Levi Wentz,WR,Steelers,2026,1,0.885,0.885,0.0,0.003,2026,Seahawks,rookie,0,Steelers,rookie_deal,5967
Levine Toilolo,TE,Falcons,2013,4,2.460584,0.615146,0.300584,0.005,2013,Falcons,rookie,0,Falcons,rookie_deal,5968
Levine Toilolo,TE,Falcons,2017,3,12.0,4.0,4.5,0.024,2013,Falcons,veteran,4,Falcons,extension,5969
Levine Toilolo,TE,Lions,2018,1,1.5,1.5,0.4,0.008,2013,Falcons,veteran,5,Falcons,new_team_signing,5970
Levine Toilolo,TE,49ers,2019,1,0.895,0.895,0.0,0.005,2013,Falcons,veteran,6,Lions,new_team_signing,5971
Levine Toilolo,TE,Giants,2020,2,6.2,3.1,3.225,0.016,2013,Falcons,veteran,7,49ers,new_team_signing,5972
Levine Toilolo,TE,Giants,2021,1,1.6,1.6,0.65,0.009000000000000001,2013,Falcons,veteran,8,Giants,extension,5973
Levonte Whitfield,WR,Bengals,2017,1,0.1224,0.1224,0.0,0.001,2017,Bears,rookie,0,Bengals,rookie_deal,5974
Levonte Whitfield,WR,Bengals,2018,1,0.1292,0.1292,0.0,0.001,2017,Bears,veteran,1,Bengals,extension,5975
Levonte Whitfield,WR,Bengals,2019,2,1.08,0.54,0.0,0.003,2017,Bears,veteran,2,Bengals,extension,5976
Lew Nichols III,RB,Eagles,2023,1,0.216,0.216,0.0,0.001,2023,Packers,rookie,0,Eagles,rookie_deal,5977
Lew Nichols III,RB,Eagles,2024,1,0.225,0.225,0.0,0.001,2023,Packers,veteran,1,Eagles,extension,5978
Lew Nichols III,RB,Steelers,2025,1,0.234,0.234,0.0,0.001,2023,Packers,veteran,2,Eagles,new_team_signing,5979
Lew Nichols III,RB,Steelers,2026,1,0.885,0.885,0.0,0.003,2023,Packers,veteran,3,Steelers,extension,5980
Lewis Bond,WR,Texans,2026,4,4.64688,1.16172,0.26688,0.004,2026,Texans,rookie,0,Texans,rookie_deal,5981
Lex Hilliard,RB,Jets,2008,1,0.715,0.715,0.0,0.0,2008,Dolphins,rookie,0,Jets,rookie_deal,5982
Lil'Jordan Humphrey,WR,Saints,2019,1,0.136,0.136,0.0,0.001,2019,Saints,rookie,0,Saints,rookie_deal,5983
Lil'Jordan Humphrey,WR,Saints,2020,1,0.1428,0.1428,0.0,0.001,2019,Saints,veteran,1,Saints,extension,5984
Lil'Jordan Humphrey,WR,Saints,2021,1,0.85,0.85,0.0,0.005,2019,Saints,veteran,2,Saints,extension,5985
Lil'Jordan Humphrey,WR,Patriots,2022,1,0.2772,0.2772,0.0,0.001,2019,Saints,veteran,3,Saints,new_team_signing,5986
Lil'Jordan Humphrey,WR,Broncos,2023,1,0.2898,0.2898,0.0,0.001,2019,Saints,veteran,4,Patriots,new_team_signing,5987
Lil'Jordan Humphrey,WR,Broncos,2024,1,0.342,0.342,0.0,0.001,2019,Saints,veteran,5,Broncos,extension,5988
Lil'Jordan Humphrey,WR,Giants,2025,1,0.396,0.396,0.0,0.001,2019,Saints,veteran,6,Broncos,new_team_signing,5989
Lil'Jordan Humphrey,WR,Broncos,2026,1,1.4875,1.4875,0.0875,0.005,2019,Saints,veteran,7,Giants,new_team_signing,5990
Lincoln Pare,WR,Colts,2026,3,3.11,1.036667,0.01,0.003,2026,Colts,rookie,0,Colts,rookie_deal,5991
Lincoln Sefcik,TE,Jets,2024,3,2.835,0.945,0.0125,0.004,2024,Jets,rookie,0,Jets,rookie_deal,5992
Lincoln Victor,WR,Broncos,2024,3,2.835,0.945,0.025,0.004,2024,Broncos,rookie,0,Broncos,rookie_deal,5993
Logan Kilgore,QB,Saints,2014,4,1.53,0.51,0.0,0.0,2014,Saints,rookie,0,Saints,rookie_deal,5994
Logan Paulsen,TE,Falcons,2018,1,1.005,1.005,0.2,0.006,2010,Commanders,veteran,8,49ers,new_team_signing,5995
Logan Paulsen,TE,Texans,2019,1,0.93,0.93,0.0,0.005,2010,Commanders,veteran,9,Falcons,new_team_signing,5996
Logan Stokes,TE,Chargers,2015,1,0.435,0.435,0.0,0.003,2015,Patriots,rookie,0,Chargers,rookie_deal,5997
Logan Thomas,QB,ARI/MIA,2014,4,2.652092,0.663023,0.432092,0.005,2014,Cardinals,rookie,0,ARI/MIA,rookie_deal,5998
Logan Thomas,QB,Dolphins,2015,1,0.17,0.17,0.0,0.001,2014,Cardinals,veteran,1,ARI/MIA,new_team_signing,5999
Logan Thomas,TE,Lions,2016,1,0.1173,0.1173,0.0,0.001,2014,Cardinals,veteran,2,Dolphins,new_team_signing,6000
Logan Thomas,TE,Bills,2018,1,0.79,0.79,0.0,0.004,2014,Cardinals,veteran,4,Lions,new_team_signing,6001
Logan Thomas,TE,Lions,2019,1,0.835,0.835,0.0,0.004,2014,Cardinals,veteran,5,Bills,new_team_signing,6002
Logan Thomas,TE,Commanders,2020,2,6.145,3.0725,2.25,0.016,2014,Cardinals,veteran,6,Lions,new_team_signing,6003
Logan Thomas,TE,Commanders,2021,3,24.065,8.021667,8.1,0.044000000000000004,2014,Cardinals,veteran,7,Commanders,extension,6004
Logan Thomas,TE,49ers,2024,1,1.21,1.21,0.0,0.005,2014,Cardinals,veteran,10,Commanders,new_team_signing,6005
Logan Woodside,QB,Titans,2018,1,0.1292,0.1292,0.0,0.001,2018,Bengals,rookie,0,Titans,rookie_deal,6006
Logan Woodside,QB,Titans,2019,1,0.136,0.136,0.0,0.001,2018,Bengals,veteran,1,Titans,extension,6007
Logan Woodside,QB,Titans,2020,2,1.11,0.555,0.0,0.003,2018,Bengals,veteran,2,Titans,extension,6008
Logan Woodside,QB,Titans,2022,1,0.207,0.207,0.0,0.001,2018,Bengals,veteran,4,Titans,extension,6009
Logan Woodside,QB,Bengals,2024,1,0.3024,0.3024,0.0,0.001,2018,Bengals,veteran,6,Titans,new_team_signing,6010
Logan Woodside,QB,Steelers,2025,1,0.315,0.315,0.0,0.001,2018,Bengals,veteran,7,Bengals,new_team_signing,6011
Lonnie Pryor,RB,Buccaneers,2013,3,1.485,0.495,0.0,0.0,2013,Jaguars,rookie,0,Buccaneers,rookie_deal,6012
Lorenzo Lingard,RB,Giants,2024,1,0.795,0.795,0.0,0.003,2024,Jaguars,rookie,0,Giants,rookie_deal,6013
Lorenzo Taliaferro,RB,Ravens,2014,4,2.520584,0.630146,0.300584,0.005,2014,Ravens,rookie,0,Ravens,rookie_deal,6014
Louie Hansen,TE,Texans,2026,3,3.1,1.033333,0.0,0.003,2026,Texans,rookie,0,Texans,rookie_deal,6015
Louis Murphy,WR,49ers,2017,1,0.9,0.9,0.0,0.005,2009,Raiders,veteran,8,Buccaneers,new_team_signing,6016
Louis Rees-Zammit,RB,Jaguars,2024,1,0.225,0.225,0.0,0.001,2024,Chiefs,rookie,0,Jaguars,rookie_deal,6017
Louis Rees-Zammit,WR,Jaguars,2025,1,0.84,0.84,0.0,0.003,2024,Chiefs,veteran,1,Jaguars,extension,6018
Lucas Krull,TE,Saints,2022,1,0.207,0.207,0.0,0.001,2022,Saints,rookie,0,Saints,rookie_deal,6019
Lucas Krull,TE,Broncos,2023,1,0.216,0.216,0.0,0.001,2022,Saints,veteran,1,Saints,new_team_signing,6020
Lucas Krull,TE,Broncos,2025,1,1.03,1.03,0.0,0.004,2022,Saints,veteran,3,Broncos,extension,6021
Lucas Krull,TE,Broncos,2026,1,1.43,1.43,0.1,0.005,2022,Saints,veteran,4,Broncos,extension,6022
Lucky Jackson,WR,Vikings,2023,1,0.216,0.216,0.0,0.001,2023,Vikings,rookie,0,Vikings,rookie_deal,6023
Lucky Jackson,WR,Vikings,2024,1,0.225,0.225,0.0,0.001,2023,Vikings,veteran,1,Vikings,extension,6024
Lucky Jackson,WR,Vikings,2025,1,0.234,0.234,0.0,0.001,2023,Vikings,veteran,2,Vikings,extension,6025
Lucky Whitehead,WR,NYJ/DAL,2015,3,1.585,0.528333,0.01,0.004,2015,Cowboys,rookie,0,NYJ/DAL,rookie_deal,6026
Lucky Whitehead,WR,Jets,2017,1,0.255,0.255,0.0,0.002,2015,Cowboys,veteran,2,NYJ/DAL,new_team_signing,6027
Luis Perez,QB,Rams,2018,1,0.1292,0.1292,0.0,0.001,2018,Rams,rookie,0,Rams,rookie_deal,6028
Luis Perez,QB,Eagles,2019,1,0.495,0.495,0.0,0.003,2018,Rams,veteran,1,Rams,new_team_signing,6029
Luis Perez,QB,Rams,2022,1,0.705,0.705,0.0,0.003,2018,Rams,veteran,4,Eagles,new_team_signing,6030
Luis Perez,QB,Chargers,2024,1,0.795,0.795,0.0,0.003,2018,Rams,veteran,6,Rams,new_team_signing,6031
Lujuan Winningham,WR,Jaguars,2022,3,2.562,0.854,0.002,0.004,2022,Jaguars,rookie,0,Jaguars,rookie_deal,6032
Luke Altmyer,QB,Lions,2026,3,3.11,1.036667,0.2575,0.003,2026,Lions,rookie,0,Lions,rookie_deal,6033
Luke Benson,TE,Chargers,2024,1,0.225,0.225,0.0,0.001,2024,Chargers,rookie,0,Chargers,rookie_deal,6034
Luke Deal,TE,Lions,2025,3,2.965,0.988333,0.0,0.004,2025,Lions,rookie,0,Lions,rookie_deal,6035
Luke Falk,QB,TEN/MIA/NYJ,2018,4,2.608832,0.652208,0.148832,0.004,2018,Titans,rookie,0,TEN/MIA/NYJ,rookie_deal,6036
Luke Falk,QB,Jets,2019,1,0.204,0.204,0.0,0.001,2018,Titans,veteran,1,TEN/MIA/NYJ,new_team_signing,6037
Luke Farrell,TE,Jaguars,2021,4,3.83802,0.959505,0.35802,0.005,2021,Jaguars,rookie,0,Jaguars,rookie_deal,6038
Luke Farrell,TE,49ers,2025,3,15.75,5.25,6.0,0.019,2021,Jaguars,veteran,4,Jaguars,new_team_signing,6039
Luke Farrell,TE,49ers,2026,2,8.0,4.0,3.59,0.013000000000000001,2021,Jaguars,veteran,5,49ers,extension,6040
Luke Floriea,WR,Browns,2025,1,0.234,0.234,0.0,0.001,2025,Browns,rookie,0,Browns,rookie_deal,6041
Luke Floriea,WR,Browns,2026,1,0.885,0.885,0.0,0.003,2025,Browns,veteran,1,Browns,extension,6042
Luke Grimm,WR,Chargers,2025,1,0.234,0.234,0.0,0.001,2025,Chargers,rookie,0,Chargers,rookie_deal,6043
Luke Grimm,WR,Chargers,2026,1,0.885,0.885,0.0,0.003,2025,Chargers,veteran,1,Chargers,extension,6044
Luke Lachey,TE,Texans,2025,1,0.234,0.234,0.0,0.001,2025,Texans,rookie,0,Texans,rookie_deal,6045
Luke Lachey,TE,Texans,2026,1,0.885,0.885,0.0,0.003,2025,Texans,veteran,1,Texans,extension,6046
Luke Lundy,RB,Browns,2015,3,1.575,0.525,0.0,0.004,2015,Browns,rookie,0,Browns,rookie_deal,6047
Luke McCaffrey,WR,Commanders,2024,4,5.596312,1.399078,0.890044,0.005,2024,Commanders,rookie,0,Commanders,rookie_deal,6048
Luke McCown,QB,TB/CLE,2004,5,2.475,0.495,0.55,0.006,2004,Browns,rookie,0,TB/CLE,rookie_deal,6049
Luke McCown,QB,JAX/TB,2009,2,7.5,3.75,2.5,0.03,2004,Browns,veteran,5,TB/CLE,new_team_signing,6050
Luke McCown,QB,Jaguars,2011,1,1.8,1.8,0.25,0.015,2004,Browns,veteran,7,JAX/TB,new_team_signing,6051
Luke McCown,QB,Falcons,2012,1,0.825,0.825,0.0,0.006999999999999999,2004,Browns,veteran,8,Jaguars,new_team_signing,6052
Luke McCown,QB,Saints,2013,1,0.825,0.825,0.0,0.006999999999999999,2004,Browns,veteran,9,Falcons,new_team_signing,6053
Luke McCown,QB,Saints,2014,1,0.92,0.92,0.2,0.006999999999999999,2004,Browns,veteran,10,Saints,extension,6054
Luke McCown,QB,Saints,2015,1,1.05,1.05,0.35,0.006999999999999999,2004,Browns,veteran,11,Saints,extension,6055
Luke McCown,QB,Saints,2016,2,3.0,1.5,0.5,0.01,2004,Browns,veteran,12,Saints,extension,6056
Luke McCown,QB,Cowboys,2017,1,1.08,1.08,0.25,0.006,2004,Browns,veteran,13,Saints,new_team_signing,6057
Luke Musgrave,TE,Packers,2023,4,8.475742,2.118936,6.348437,0.009000000000000001,2023,Packers,rookie,0,Packers,rookie_deal,6058
Luke Schoonmaker,TE,Cowboys,2023,4,6.266678,1.56667,3.342433,0.006999999999999999,2023,Cowboys,rookie,0,Cowboys,rookie_deal,6059
Luke Stocker,TE,Buccaneers,2011,4,2.512688,0.628172,0.472688,0.005,2011,Buccaneers,rookie,0,Buccaneers,rookie_deal,6060
Luke Stocker,TE,Buccaneers,2015,3,4.8,1.6,0.5,0.011000000000000001,2011,Buccaneers,veteran,4,Buccaneers,extension,6061
Luke Stocker,TE,Titans,2017,2,1.975,0.9875,0.0,0.006,2011,Buccaneers,veteran,6,Buccaneers,new_team_signing,6062
Luke Stocker,TE,Falcons,2019,2,5.5,2.75,1.5,0.015,2011,Buccaneers,veteran,8,Titans,new_team_signing,6063
Luke Stocker,TE,Falcons,2020,1,1.05,1.05,0.0,0.005,2011,Buccaneers,veteran,9,Falcons,extension,6064
Luke Stocker,TE,Vikings,2021,1,0.252,0.252,0.0,0.001,2011,Buccaneers,veteran,10,Falcons,new_team_signing,6065
Luke Willson,TE,Seahawks,2013,4,2.338532,0.584633,0.178532,0.005,2013,Seahawks,rookie,0,Seahawks,rookie_deal,6066
Luke Willson,TE,Seahawks,2017,1,1.8,1.8,1.8,0.011000000000000001,2013,Seahawks,veteran,4,Seahawks,extension,6067
Luke Willson,TE,Lions,2018,1,2.5,2.5,1.4,0.013999999999999999,2013,Seahawks,veteran,5,Seahawks,new_team_signing,6068
Luke Willson,TE,Seahawks,2019,1,0.805,0.805,0.0,0.004,2013,Seahawks,veteran,6,Lions,new_team_signing,6069
Luke Willson,TE,SEA/BAL,2020,1,0.204,0.204,0.0,0.001,2013,Seahawks,veteran,7,Seahawks,new_team_signing,6070
Luke Willson,TE,Seahawks,2021,1,0.0,0.0,0.0,0.0,2013,Seahawks,veteran,8,SEA/BAL,new_team_signing,6071
Luke Wysong,WR,Vikings,2026,3,3.11,1.036667,0.06,0.003,2026,Vikings,rookie,0,Vikings,rookie_deal,6072
Luther Burden,WR,Bears,2025,4,10.964034,2.741009,10.964034,0.01,2025,Bears,rookie,0,Bears,rookie_deal,6073
Lynn Bowden,RB,LV/MIA,2020,4,4.64622,1.161555,0.985028,0.006,2020,Raiders,rookie,0,LV/MIA,rookie_deal,6074
Lynn Bowden,RB,Patriots,2022,1,0.207,0.207,0.0,0.001,2020,Raiders,veteran,2,LV/MIA,new_team_signing,6075
Lynn Bowden,WR,Saints,2023,1,0.216,0.216,0.0,0.001,2020,Raiders,veteran,3,Patriots,new_team_signing,6076
Mac Dalena,WR,Seahawks,2025,1,0.234,0.234,0.0,0.001,2025,Chiefs,rookie,0,Seahawks,rookie_deal,6077
Mac Dalena,WR,Bills,2026,1,0.885,0.885,0.0,0.003,2025,Chiefs,veteran,1,Seahawks,new_team_signing,6078
Mac Hippenhammer,WR,Bengals,2023,3,2.695,0.898333,0.0,0.004,2023,Bengals,rookie,0,Bengals,rookie_deal,6079
Mac Jones,QB,NE/JAX,2021,4,15.58634,3.896585,15.58634,0.021,2021,Patriots,rookie,0,NE/JAX,rookie_deal,6080
Mac Jones,QB,49ers,2025,2,7.0,3.5,4.75,0.013000000000000001,2021,Patriots,veteran,4,NE/JAX,new_team_signing,6081
Mack Brown,RB,Commanders,2018,1,0.1292,0.1292,0.0,0.001,2015,Texans,veteran,3,Vikings,new_team_signing,6082
Mack Brown,RB,Raiders,2019,1,0.645,0.645,0.0,0.003,2015,Texans,veteran,4,Commanders,new_team_signing,6083
Mack Hollins,WR,MIA/PHI,2017,4,3.035668,0.758917,0.635668,0.005,2017,Eagles,rookie,0,MIA/PHI,rookie_deal,6084
Mack Hollins,WR,Dolphins,2021,1,1.1275,1.1275,0.3375,0.006,2017,Eagles,veteran,4,MIA/PHI,new_team_signing,6085
Mack Hollins,WR,Raiders,2022,1,2.0,2.0,0.7,0.01,2017,Eagles,veteran,5,Dolphins,new_team_signing,6086
Mack Hollins,WR,Falcons,2023,1,2.5,2.5,0.91,0.011000000000000001,2017,Eagles,veteran,6,Raiders,new_team_signing,6087
Mack Hollins,WR,Bills,2024,1,2.6,2.6,1.1,0.01,2017,Eagles,veteran,7,Falcons,new_team_signing,6088
Mack Hollins,WR,Patriots,2025,2,8.4,4.2,3.5,0.015,2017,Eagles,veteran,8,Bills,new_team_signing,6089
Makai Lemon,WR,Eagles,2026,4,20.810386,5.202597,20.810386,0.017,2026,Eagles,rookie,0,Eagles,rookie_deal,6090
Makai Polk,WR,Giants,2022,1,0.207,0.207,0.0,0.001,2022,Ravens,rookie,0,Giants,rookie_deal,6091
Makai Polk,WR,Giants,2023,1,0.75,0.75,0.0,0.003,2022,Ravens,veteran,1,Giants,extension,6092
Makai Polk,WR,Falcons,2025,2,1.87,0.935,0.05,0.003,2022,Ravens,veteran,3,Giants,new_team_signing,6093
Malachi Carter,WR,Bengals,2023,3,2.695,0.898333,0.0,0.004,2023,Bengals,rookie,0,Bengals,rookie_deal,6094
Malachi Corley,WR,Jets,2024,4,6.073456,1.518364,1.23706,0.006,2024,Jets,rookie,0,Jets,rookie_deal,6095
Malachi Corley,WR,Browns,2025,1,0.234,0.234,0.0,0.001,2024,Jets,veteran,1,Jets,new_team_signing,6096
Malachi Corley,WR,Browns,2026,1,1.075,1.075,0.0,0.004,2024,Jets,veteran,2,Browns,extension,6097
Malachi Dupre,WR,Bills,2017,1,0.1224,0.1224,0.0,0.001,2017,Packers,rookie,0,Bills,rookie_deal,6098
Malachi Dupre,WR,Texans,2018,1,0.1292,0.1292,0.0,0.001,2017,Packers,veteran,1,Bills,new_team_signing,6099
Malachi Dupre,WR,Chargers,2019,1,0.495,0.495,0.0,0.003,2017,Packers,veteran,2,Texans,new_team_signing,6100
Malachi Fields,WR,Giants,2026,4,7.19151,1.797878,1.690188,0.006,2026,Giants,rookie,0,Giants,rookie_deal,6101
Malachi Jones,WR,Falcons,2016,3,1.62,0.54,0.0,0.003,2016,Falcons,rookie,0,Falcons,rookie_deal,6102
Malachi Jones,WR,Bears,2018,1,0.48,0.48,0.0,0.003,2016,Falcons,veteran,2,Falcons,new_team_signing,6103
Malcolm Brown,RB,Rams,2015,3,1.425,0.475,0.0,0.003,2015,Rams,rookie,0,Rams,rookie_deal,6104
Malcolm Brown,RB,Rams,2018,1,0.63,0.63,0.0,0.004,2015,Rams,veteran,3,Rams,extension,6105
Malcolm Brown,RB,Rams,2019,1,3.3,1.65,2.1,0.009000000000000001,2015,Rams,veteran,4,Rams,extension,6106
Malcolm Brown,RB,Dolphins,2021,1,1.75,1.75,1.75,0.01,2015,Rams,veteran,6,Rams,new_team_signing,6107
Malcolm Brown,RB,Rams,2022,1,0.2772,0.2772,0.0,0.001,2015,Rams,veteran,7,Dolphins,new_team_signing,6108
Malcolm Johnson,TE,Browns,2015,4,2.399452,0.599863,0.119452,0.004,2015,Browns,rookie,0,Browns,rookie_deal,6109
Malcolm Johnson,TE,Seahawks,2016,1,0.1173,0.1173,0.0,0.001,2015,Browns,veteran,1,Browns,new_team_signing,6110
Malcolm Johnson,TE,Seahawks,2017,1,0.615,0.615,0.0,0.004,2015,Browns,veteran,2,Seahawks,extension,6111
Malcolm Johnson,TE,Packers,2018,1,0.1292,0.1292,0.0,0.001,2015,Browns,veteran,3,Seahawks,new_team_signing,6112
Malcolm Johnson,TE,Packers,2019,1,0.645,0.645,0.0,0.003,2015,Browns,veteran,4,Packers,extension,6113
Malcolm Lewis,WR,Dolphins,2017,1,0.1224,0.1224,0.0,0.001,2017,Dolphins,rookie,0,Dolphins,rookie_deal,6114
Malcolm Lewis,WR,Dolphins,2018,1,0.1292,0.1292,0.0,0.001,2017,Dolphins,veteran,1,Dolphins,extension,6115
Malcolm Mitchell,WR,Patriots,2016,4,2.917992,0.729498,0.577992,0.005,2016,Patriots,rookie,0,Patriots,rookie_deal,6116
Malcolm Perry,WR,MIA/NE,2020,4,3.370492,0.842623,0.075492,0.004,2020,Dolphins,rookie,0,MIA/NE,rookie_deal,6117
Malcolm Perry,WR,Saints,2021,1,0.1656,0.1656,0.0,0.001,2020,Dolphins,veteran,1,MIA/NE,new_team_signing,6118
Malcolm Perry,WR,Patriots,2022,1,0.88,0.88,0.055,0.004,2020,Dolphins,veteran,2,Saints,new_team_signing,6119
Malcom Floyd,WR,Chargers,2004,1,0.07395,0.07395,0.0,0.001,2004,Chargers,rookie,0,Chargers,rookie_deal,6120
Malcom Floyd,WR,Chargers,2005,1,0.0799,0.0799,0.0,0.001,2004,Chargers,veteran,1,Chargers,extension,6121
Malcom Floyd,WR,Chargers,2007,1,0.51,0.51,0.0,0.005,2004,Chargers,veteran,3,Chargers,extension,6122
Malcom Floyd,WR,Chargers,2008,1,0.605,0.605,0.0,0.005,2004,Chargers,veteran,4,Chargers,extension,6123
Malcom Floyd,WR,Chargers,2009,1,1.545,1.545,0.0,0.013000000000000001,2004,Chargers,veteran,5,Chargers,extension,6124
Malcom Floyd,WR,Chargers,2010,1,3.168,3.168,0.0,0.025,2004,Chargers,veteran,6,Chargers,extension,6125
Malcom Floyd,WR,Chargers,2011,2,5.0,2.5,1.19,0.021,2004,Chargers,veteran,7,Chargers,extension,6126
Malcom Floyd,WR,Chargers,2012,4,11.55,3.85,5.25,0.032,2004,Chargers,veteran,8,Chargers,extension,6127
Malcome Kennedy,WR,Saints,2015,3,1.575,0.525,0.0,0.0,2015,Saints,rookie,0,Saints,rookie_deal,6128
Malick Meiga,WR,Panthers,2026,3,3.115,1.038333,0.015,0.003,2026,Panthers,rookie,0,Panthers,rookie_deal,6129
Malik Benson,WR,Raiders,2026,4,4.657732,1.164433,0.277732,0.004,2026,Raiders,rookie,0,Raiders,rookie_deal,6130
Malik Cunningham,QB,Patriots,2023,1,0.216,0.216,0.0,0.001,2023,Patriots,rookie,0,Patriots,rookie_deal,6131
Malik Cunningham,QB,Ravens,2024,1,0.225,0.225,0.0,0.001,2023,Patriots,veteran,1,Patriots,new_team_signing,6132
Malik Cunningham,WR,Lions,2025,1,0.234,0.234,0.0,0.001,2023,Patriots,veteran,2,Ravens,new_team_signing,6133
Malik Cunningham,QB,Lions,2026,1,1.005,1.005,0.0,0.003,2023,Patriots,veteran,3,Lions,extension,6134
Malik Davis,RB,Cowboys,2022,1,0.207,0.207,0.0,0.001,2022,Cowboys,rookie,0,Cowboys,rookie_deal,6135
Malik Davis,RB,Cowboys,2023,1,0.216,0.216,0.0,0.001,2022,Cowboys,veteran,1,Cowboys,extension,6136
Malik Davis,RB,Cowboys,2024,1,0.225,0.225,0.0,0.001,2022,Cowboys,veteran,2,Cowboys,extension,6137
Malik Davis,RB,Cowboys,2025,1,0.234,0.234,0.0,0.001,2022,Cowboys,veteran,3,Cowboys,extension,6138
Malik Earl,WR,Cowboys,2018,3,1.7115,0.5705,0.0015,0.003,2018,Cowboys,rookie,0,Cowboys,rookie_deal,6139
Malik Flowers,WR,Raiders,2023,1,0.216,0.216,0.0,0.001,2023,Saints,rookie,0,Raiders,rookie_deal,6140
Malik Heath,WR,ATL/GB,2023,3,2.704,0.901333,0.009,0.004,2023,Packers,rookie,0,ATL/GB,rookie_deal,6141
Malik Henry,WR,49ers,2019,1,0.136,0.136,0.0,0.001,2019,,rookie,0,49ers,rookie_deal,6142
Malik Henry,WR,Saints,2020,1,0.1428,0.1428,0.0,0.001,2019,,veteran,1,49ers,new_team_signing,6143
Malik Knowles,WR,Vikings,2023,3,2.71,0.903333,0.075,0.004,2023,Vikings,rookie,0,Vikings,rookie_deal,6144
Malik Knowles,WR,Packers,2024,1,0.225,0.225,0.0,0.001,2023,Vikings,veteran,1,Vikings,new_team_signing,6145
Malik Knowles,WR,49ers,2025,1,0.84,0.84,0.0,0.003,2023,Vikings,veteran,2,Packers,new_team_signing,6146
Malik McClain,WR,Jets,2026,3,3.105,1.035,0.01875,0.003,2026,Jets,rookie,0,Jets,rookie_deal,6147
Malik Nabers,WR,Giants,2024,4,29.20775,7.301938,29.20775,0.028999999999999998,2024,Giants,rookie,0,Giants,rookie_deal,6148
Malik Taylor,WR,Packers,2019,1,0.136,0.136,0.0,0.001,2019,Buccaneers,rookie,0,Packers,rookie_deal,6149
Malik Taylor,WR,Packers,2020,1,0.51,0.51,0.0,0.003,2019,Buccaneers,veteran,1,Packers,extension,6150
Malik Taylor,WR,Packers,2021,1,0.78,0.78,0.0,0.004,2019,Buccaneers,veteran,2,Packers,extension,6151
Malik Taylor,WR,Jets,2022,1,0.207,0.207,0.0,0.001,2019,Buccaneers,veteran,3,Packers,new_team_signing,6152
Malik Taylor,WR,Jets,2023,1,0.2898,0.2898,0.0,0.001,2019,Buccaneers,veteran,4,Jets,extension,6153
Malik Taylor,WR,Jets,2024,1,1.055,1.055,0.0,0.004,2019,Buccaneers,veteran,5,Jets,extension,6154
Malik Taylor,WR,Lions,2025,1,1.1,1.1,0.0,0.004,2019,Buccaneers,veteran,6,Jets,new_team_signing,6155
Malik Turner,WR,Seahawks,2018,1,0.1292,0.1292,0.0,0.001,2018,Seahawks,rookie,0,Seahawks,rookie_deal,6156
Malik Turner,WR,Seahawks,2020,1,0.75,0.75,0.0,0.004,2018,Seahawks,veteran,2,Seahawks,extension,6157
Malik Turner,WR,Cowboys,2021,1,0.92,0.92,0.0,0.005,2018,Seahawks,veteran,3,Seahawks,new_team_signing,6158
Malik Turner,WR,HOU/SF,2022,1,0.3582,0.3582,0.0,0.002,2018,Seahawks,veteran,4,Cowboys,new_team_signing,6159
Malik Turner,WR,Colts,2023,1,1.08,1.08,0.0,0.005,2018,Seahawks,veteran,5,HOU/SF,new_team_signing,6160
Malik Turner,WR,49ers,2024,1,0.3024,0.3024,0.0,0.001,2018,Seahawks,veteran,6,Colts,new_team_signing,6161
Malik Turner,WR,49ers,2025,1,0.315,0.315,0.0,0.001,2018,Seahawks,veteran,7,49ers,extension,6162
Malik Turner,WR,49ers,2026,1,1.215,1.215,0.0,0.004,2018,Seahawks,veteran,8,49ers,extension,6163
Malik Washington,WR,Dolphins,2024,4,4.21956,1.05489,0.19956,0.004,2024,Dolphins,rookie,0,Dolphins,rookie_deal,6164
Malik Williams,RB,Falcons,2018,3,1.714,0.571333,0.004,0.003,2018,Falcons,rookie,0,Falcons,rookie_deal,6165
Malik Williams,RB,Steelers,2019,1,0.495,0.495,0.0,0.003,2018,Falcons,veteran,1,Falcons,new_team_signing,6166
Malik Williams,WR,Bills,2022,3,2.57,0.856667,0.01,0.004,2022,Bills,rookie,0,Bills,rookie_deal,6167
Malik Willis,QB,GB/TEN,2022,4,5.1601,1.290025,0.9328,0.006,2022,Titans,rookie,0,GB/TEN,rookie_deal,6168
Malik Willis,QB,Dolphins,2026,3,67.5,22.5,45.0,0.075,2022,Titans,veteran,4,GB/TEN,new_team_signing,6169
Manasseh Bailey,WR,Chargers,2020,1,0.1428,0.1428,0.0,0.001,2020,Eagles,rookie,0,Chargers,rookie_deal,6170
Manasseh Bailey,WR,Jets,2021,2,1.485,0.7425,0.0,0.004,2020,Eagles,veteran,1,Chargers,new_team_signing,6171
Manasseh Garner,TE,Chiefs,2019,1,0.495,0.495,0.0,0.003,2015,Chiefs,veteran,4,Commanders,new_team_signing,6172
Mandel Dixon,TE,Steelers,2016,3,1.62,0.54,0.0,0.003,2016,Steelers,rookie,0,Steelers,rookie_deal,6173
Manny Wilkins,QB,Packers,2019,1,0.136,0.136,0.0,0.001,2019,Packers,rookie,0,Packers,rookie_deal,6174
Manny Wilkins,QB,Packers,2020,1,0.51,0.51,0.0,0.003,2019,Packers,veteran,1,Packers,extension,6175
Mante Morrow,WR,Chargers,2026,3,3.1,1.033333,0.0,0.003,2026,Chargers,rookie,0,Chargers,rookie_deal,6176
MarQueis Gray,TE,Browns,2013,1,0.405,0.405,0.0,0.003,2013,,rookie,0,Browns,rookie_deal,6177
MarQueis Gray,TE,Bills,2014,2,1.08,0.54,0.0,0.004,2013,,veteran,1,Browns,new_team_signing,6178
MarQueis Gray,TE,Dolphins,2016,2,2.1,1.05,0.3,0.006999999999999999,2013,,veteran,3,Bills,new_team_signing,6179
MarQueis Gray,TE,49ers,2020,1,0.91,0.91,0.0,0.005,2013,,veteran,7,Dolphins,new_team_signing,6180
MarShawn Lloyd,RB,Packers,2024,4,5.688518,1.42213,0.957104,0.006,2024,Packers,rookie,0,Packers,rookie_deal,6181
Marcedes Lewis,TE,Jaguars,2006,5,7.43,1.486,4.1475,0.015,2006,Jaguars,rookie,0,Jaguars,rookie_deal,6182
Marcedes Lewis,TE,Jaguars,2011,5,34.0,6.8,11.65,0.055999999999999994,2006,Jaguars,veteran,5,Jaguars,extension,6183
Marcedes Lewis,TE,Jaguars,2015,1,2.65,2.65,0.75,0.018000000000000002,2006,Jaguars,veteran,9,Jaguars,extension,6184
Marcedes Lewis,TE,Jaguars,2016,3,12.0,4.0,5.0,0.026000000000000002,2006,Jaguars,veteran,10,Jaguars,extension,6185
Marcedes Lewis,TE,Packers,2018,1,2.1,2.1,0.5,0.012,2006,Jaguars,veteran,12,Jaguars,new_team_signing,6186
Marcedes Lewis,TE,Packers,2019,1,2.1,2.1,0.5,0.011000000000000001,2006,Jaguars,veteran,13,Packers,extension,6187
Marcedes Lewis,TE,Packers,2020,1,2.3,2.3,1.05,0.012,2006,Jaguars,veteran,14,Packers,extension,6188
Marcedes Lewis,TE,Packers,2021,2,8.0,4.0,2.1,0.022000000000000002,2006,Jaguars,veteran,15,Packers,extension,6189
Marcedes Lewis,TE,Bears,2023,1,2.0,2.0,1.0,0.009000000000000001,2006,Jaguars,veteran,17,Packers,new_team_signing,6190
Marcedes Lewis,TE,Bears,2024,1,2.0,2.0,1.0,0.008,2006,Jaguars,veteran,18,Bears,extension,6191
Marcedes Lewis,TE,Broncos,2025,1,0.315,0.315,0.0,0.001,2006,Jaguars,veteran,19,Bears,new_team_signing,6192
Marcelias Sutton,RB,Seahawks,2019,3,1.755,0.585,0.0,0.003,2019,Seahawks,rookie,0,Seahawks,rookie_deal,6193
Marcell Ateman,WR,Raiders,2018,1,0.1292,0.1292,0.0,0.001,2018,Raiders,rookie,0,Raiders,rookie_deal,6194
Marcell Ateman,WR,Raiders,2019,1,0.136,0.136,0.0,0.001,2018,Raiders,veteran,1,Raiders,extension,6195
Marcell Ateman,WR,Raiders,2020,1,0.1428,0.1428,0.0,0.001,2018,Raiders,veteran,2,Raiders,extension,6196
Marcell Ateman,WR,Raiders,2021,1,0.1656,0.1656,0.0,0.001,2018,Raiders,veteran,3,Raiders,extension,6197
Marcell Ateman,WR,Cardinals,2022,1,0.895,0.895,0.0,0.004,2018,Raiders,veteran,4,Raiders,new_team_signing,6198
Marcell Ateman,WR,Bills,2023,1,0.216,0.216,0.0,0.001,2018,Raiders,veteran,5,Cardinals,new_team_signing,6199
Marchie Murdock,WR,Cowboys,2018,3,1.7115,0.5705,0.0015,0.003,2018,Cowboys,rookie,0,Cowboys,rookie_deal,6200
Marcus Baugh,TE,Raiders,2018,3,1.7275,0.575833,0.0175,0.003,2018,Raiders,rookie,0,Raiders,rookie_deal,6201
Marcus Baugh,TE,Panthers,2019,1,0.5,0.5,0.005,0.003,2018,Raiders,veteran,1,Raiders,new_team_signing,6202
Marcus Baugh,TE,Commanders,2020,1,0.1428,0.1428,0.0,0.001,2018,Raiders,veteran,2,Panthers,new_team_signing,6203
Marcus Baugh,TE,Steelers,2021,1,0.78,0.78,0.0,0.004,2018,Raiders,veteran,3,Commanders,new_team_signing,6204
Marcus Green,WR,Eagles,2019,1,0.136,0.136,0.0,0.001,2019,Falcons,rookie,0,Eagles,rookie_deal,6205
Marcus Green,WR,Eagles,2020,1,0.1428,0.1428,0.0,0.001,2019,Falcons,veteran,1,Eagles,extension,6206
Marcus Johnson,WR,Colts,2019,1,0.153,0.153,0.0,0.001,2016,Eagles,veteran,3,Eagles,new_team_signing,6207
Marcus Johnson,WR,Titans,2020,1,0.1428,0.1428,0.0,0.001,2016,Eagles,veteran,4,Colts,new_team_signing,6208
Marcus Johnson,WR,Titans,2021,1,1.1275,1.1275,0.2875,0.006,2016,Eagles,veteran,5,Titans,extension,6209
Marcus Johnson,WR,Giants,2022,1,0.3582,0.3582,0.0,0.002,2016,Eagles,veteran,6,Titans,new_team_signing,6210
Marcus Kemp,WR,Chiefs,2017,1,0.1224,0.1224,0.0,0.001,2017,Chiefs,rookie,0,Chiefs,rookie_deal,6211
Marcus Kemp,WR,Chiefs,2019,1,0.57,0.57,0.0,0.003,2017,Chiefs,veteran,2,Chiefs,extension,6212
Marcus Kemp,WR,Chiefs,2020,1,0.140506,0.140506,0.0,0.001,2017,Chiefs,veteran,3,Chiefs,extension,6213
Marcus Kemp,WR,Chiefs,2021,1,0.85,0.85,0.0,0.005,2017,Chiefs,veteran,4,Chiefs,extension,6214
Marcus Kemp,WR,Chiefs,2022,1,0.2772,0.2772,0.0,0.001,2017,Chiefs,veteran,5,Chiefs,extension,6215
Marcus Kemp,WR,Commanders,2023,1,1.155,1.155,0.05,0.005,2017,Chiefs,veteran,6,Chiefs,new_team_signing,6216
Marcus Lattimore,RB,49ers,2013,4,2.460584,0.615146,0.300584,0.005,2013,,rookie,0,49ers,rookie_deal,6217
Marcus Lucas,WR,49ers,2018,1,0.1292,0.1292,0.0,0.001,2014,Panthers,veteran,4,Raiders,new_team_signing,6218
Marcus Lucas,WR,Cowboys,2019,2,1.08,0.54,0.0,0.003,2014,Panthers,veteran,5,49ers,new_team_signing,6219
Marcus Major,RB,Ravens,2025,3,2.965,0.988333,0.0,0.004,2025,Ravens,rookie,0,Ravens,rookie_deal,6220
Marcus Mariota,QB,Titans,2015,4,24.213974,6.053494,24.213974,0.042,2015,Titans,rookie,0,Titans,rookie_deal,6221
Marcus Mariota,QB,Raiders,2020,2,17.6,8.8,7.5,0.044000000000000004,2015,Titans,veteran,5,Titans,new_team_signing,6222
Marcus Mariota,QB,Raiders,2021,1,3.5,3.5,3.5,0.019,2015,Titans,veteran,6,Raiders,extension,6223
Marcus Mariota,QB,Falcons,2022,2,18.75,9.375,6.75,0.045,2015,Titans,veteran,7,Raiders,new_team_signing,6224
Marcus Mariota,QB,Eagles,2023,1,5.0,5.0,5.0,0.022000000000000002,2015,Titans,veteran,8,Falcons,new_team_signing,6225
Marcus Mariota,QB,Commanders,2024,1,6.0,6.0,5.39,0.023,2015,Titans,veteran,9,Eagles,new_team_signing,6226
Marcus Mariota,QB,Commanders,2025,1,8.0,8.0,7.39,0.028999999999999998,2015,Titans,veteran,10,Commanders,extension,6227
Marcus Mariota,QB,Commanders,2026,1,7.0,7.0,6.39,0.023,2015,Titans,veteran,11,Commanders,extension,6228
Marcus Marshall,RB,Chiefs,2019,1,0.136,0.136,0.0,0.001,2019,Chiefs,rookie,0,Chiefs,rookie_deal,6229
Marcus Marshall,RB,Chiefs,2020,1,0.51,0.51,0.0,0.003,2019,Chiefs,veteran,1,Chiefs,extension,6230
Marcus Murphy,RB,NYJ/NO,2015,4,2.349288,0.587322,0.069288,0.004,2015,Saints,rookie,0,NYJ/NO,rookie_deal,6231
Marcus Murphy,RB,Colts,2017,1,0.1224,0.1224,0.0,0.001,2015,Saints,veteran,2,NYJ/NO,new_team_signing,6232
Marcus Murphy,RB,Panthers,2020,1,0.7415,0.7415,0.0065,0.004,2015,Saints,veteran,5,Colts,new_team_signing,6233
Marcus Peterson,WR,Chargers,2018,3,1.71,0.57,0.0,0.003,2018,Chargers,rookie,0,Chargers,rookie_deal,6234
Marcus Riley,WR,Jets,2024,3,2.835,0.945,0.015,0.004,2024,Jets,rookie,0,Jets,rookie_deal,6235
Marcus Rosemy-Jacksaint,WR,Eagles,2024,1,0.225,0.225,0.0,0.001,2024,Commanders,rookie,0,Eagles,rookie_deal,6236
Marcus Sanders Jr.,WR,Vikings,2026,3,3.1,1.033333,0.025,0.003,2026,Vikings,rookie,0,Vikings,rookie_deal,6237
Marcus Santos-Silva,TE,Browns,2022,3,2.56,0.853333,0.0,0.004,2022,Browns,rookie,0,Browns,rookie_deal,6238
Marcus Simms,WR,Jaguars,2019,3,1.775,0.591667,0.02,0.003,2019,Jaguars,rookie,0,Jaguars,rookie_deal,6239
Marcus Simms,WR,Seahawks,2024,1,0.795,0.795,0.0,0.003,2019,Jaguars,veteran,5,Jaguars,new_team_signing,6240
Marcus Tucker,WR,Steelers,2018,1,0.48,0.48,0.0,0.003,2016,Steelers,veteran,2,Steelers,extension,6241
Marcus Yarns,RB,Saints,2025,3,2.985,0.995,0.12,0.004,2025,Saints,rookie,0,Saints,rookie_deal,6242
Mario Alford,WR,Bears,2017,1,0.1224,0.1224,0.0,0.001,2015,Bengals,veteran,2,Browns,new_team_signing,6243
Mario Hull,WR,49ers,2015,3,1.575,0.525,0.0,0.0,2015,,rookie,0,49ers,rookie_deal,6244
Mario Manningham,WR,Giants,2008,1,0.795,0.795,0.025,0.0,2008,Giants,rookie,0,Giants,rookie_deal,6245
Mario Williams,WR,Rams,2025,3,2.973,0.991,0.008,0.004,2025,Rams,rookie,0,Rams,rookie_deal,6246
Mario Williams,WR,Rams,2026,2,1.935,0.9675,0.0,0.003,2025,Rams,veteran,1,Rams,extension,6247
Marion Grice,RB,Chargers,2014,1,0.1071,0.1071,0.0,0.001,2014,Chargers,rookie,0,Chargers,rookie_deal,6248
Marion Grice,RB,Lions,2015,1,0.1122,0.1122,0.0,0.001,2014,Chargers,veteran,1,Chargers,new_team_signing,6249
Marion Grice,RB,Cardinals,2016,1,0.525,0.525,0.0,0.003,2014,Chargers,veteran,2,Lions,new_team_signing,6250
Mark Andrews,TE,Ravens,2018,4,3.45316,0.86329,0.83666,0.005,2018,Ravens,rookie,0,Ravens,rookie_deal,6251
Mark Andrews,TE,Ravens,2021,4,56.0,14.0,30.083059,0.077,2018,Ravens,veteran,3,Ravens,extension,6252
Mark Andrews,TE,Ravens,2025,3,39.267,13.089,20.944444,0.047,2018,Ravens,veteran,7,Ravens,extension,6253
Mark Chapman,WR,Broncos,2018,3,1.71,0.57,0.0,0.003,2018,Broncos,rookie,0,Broncos,rookie_deal,6254
Mark Gronowski,QB,Dolphins,2026,3,3.105,1.035,0.015,0.003,2026,Dolphins,rookie,0,Dolphins,rookie_deal,6255
Mark Harrison,WR,Chiefs,2013,1,0.42,0.42,0.0,0.0,2013,Bears,rookie,0,Chiefs,rookie_deal,6256
Mark Ingram,RB,Saints,2011,4,7.41675,1.854188,6.030375,0.015,2011,Saints,rookie,0,Saints,rookie_deal,6257
Mark Ingram,RB,Saints,2015,4,16.0,4.0,6.1,0.027999999999999997,2011,Saints,veteran,4,Saints,extension,6258
Mark Ingram,RB,Ravens,2019,3,15.0,5.0,6.5,0.027000000000000003,2011,Saints,veteran,8,Saints,new_team_signing,6259
Mark Ingram,RB,Saints,2021,2,3.625,1.8125,0.25,0.01,2011,Saints,veteran,10,Ravens,new_team_signing,6260
Mark Redman,TE,Rams,2025,1,0.234,0.234,0.0,0.001,2025,Rams,rookie,0,Rams,rookie_deal,6261
Mark Redman,TE,Rams,2026,2,1.935,0.9675,0.0,0.003,2025,Rams,veteran,1,Rams,extension,6262
Mark Sanchez,QB,Jets,2009,5,47.5,9.5,13.9975,0.077,2009,Jets,rookie,0,Jets,rookie_deal,6263
Mark Sanchez,QB,Jets,2012,3,40.475,13.491667,11.25,0.11199999999999999,2009,Jets,veteran,3,Jets,extension,6264
Mark Sanchez,QB,Eagles,2014,1,2.25,2.25,1.5,0.017,2009,Jets,veteran,5,Jets,new_team_signing,6265
Mark Sanchez,QB,PHI/DEN,2015,2,9.0,4.5,5.5,0.031,2009,Jets,veteran,6,Eagles,new_team_signing,6266
Mark Sanchez,QB,Cowboys,2016,1,2.0,2.0,0.0,0.013000000000000001,2009,Jets,veteran,7,PHI/DEN,new_team_signing,6267
Mark Sanchez,QB,Bears,2017,1,2.0,2.0,1.0,0.012,2009,Jets,veteran,8,Cowboys,new_team_signing,6268
Mark Sanchez,QB,Commanders,2018,1,0.915,0.915,0.0,0.005,2009,Jets,veteran,9,Bears,new_team_signing,6269
Mark Thompson,RB,Jets,2018,1,0.1292,0.1292,0.0,0.001,2018,Ravens,rookie,0,Jets,rookie_deal,6270
Mark Thompson,RB,Lions,2019,1,0.136,0.136,0.0,0.001,2018,Ravens,veteran,1,Jets,new_team_signing,6271
Mark Thompson,RB,Raiders,2020,1,0.51,0.51,0.0,0.003,2018,Ravens,veteran,2,Lions,new_team_signing,6272
Mark Vital,TE,Seahawks,2021,1,0.1656,0.1656,0.0,0.001,2021,Seahawks,rookie,0,Seahawks,rookie_deal,6273
Mark Vital,TE,Chiefs,2022,3,2.56,0.853333,0.0,0.004,2021,Seahawks,veteran,1,Seahawks,new_team_signing,6274
Mark Walton,RB,Bengals,2018,4,3.145348,0.786337,0.685348,0.004,2018,Bengals,rookie,0,Bengals,rookie_deal,6275
Mark Walton,RB,Dolphins,2019,1,0.57,0.57,0.0,0.003,2018,Bengals,veteran,1,Bengals,new_team_signing,6276
Mark Weisman,RB,Bengals,2015,3,1.5785,0.526167,0.0035,0.004,2015,Bengals,rookie,0,Bengals,rookie_deal,6277
Marken Michel,WR,Vikings,2016,3,1.62,0.54,0.0,0.003,2016,Vikings,rookie,0,Vikings,rookie_deal,6278
Marken Michel,WR,Eagles,2019,1,0.136,0.136,0.0,0.001,2016,Vikings,veteran,3,Vikings,new_team_signing,6279
Marken Michel,WR,Panthers,2020,1,0.197764,0.197764,0.0,0.001,2016,Vikings,veteran,4,Eagles,new_team_signing,6280
Marken Michel,WR,Commanders,2021,1,0.1656,0.1656,0.0,0.001,2016,Vikings,veteran,5,Panthers,new_team_signing,6281
Marken Michel,WR,Commanders,2022,1,0.207,0.207,0.0,0.001,2016,Vikings,veteran,6,Commanders,extension,6282
Markese Stepp,RB,Jets,2024,3,2.83,0.943333,0.0,0.004,2024,Jets,rookie,0,Jets,rookie_deal,6283
Markus Wheaton,WR,Steelers,2013,4,2.811376,0.702844,0.591376,0.006,2013,Steelers,rookie,0,Steelers,rookie_deal,6284
Markus Wheaton,WR,Bears,2017,2,11.0,5.5,6.0,0.033,2013,Steelers,veteran,4,Steelers,new_team_signing,6285
Markus Wheaton,WR,Eagles,2018,1,0.79,0.79,0.0,0.004,2013,Steelers,veteran,5,Bears,new_team_signing,6286
Marlin Klein,TE,Texans,2026,4,8.184982,2.046246,6.243882,0.006999999999999999,2026,Texans,rookie,0,Texans,rookie_deal,6287
Marlon Brown,WR,Bears,2018,1,0.705,0.705,0.0,0.004,2013,Ravens,veteran,5,Broncos,new_team_signing,6288
Marlon Mack,RB,Colts,2017,4,2.534348,0.633587,0.0,0.004,2017,Colts,rookie,0,Colts,rookie_deal,6289
Marlon Mack,RB,Colts,2021,1,2.0,2.0,2.0,0.011000000000000001,2017,Colts,veteran,4,Colts,extension,6290
Marlon Mack,WR,49ers,2022,1,1.035,1.035,0.0,0.005,2017,Colts,veteran,5,Colts,new_team_signing,6291
Marlon Mack,RB,Cardinals,2023,1,1.08,1.08,0.0,0.005,2017,Colts,veteran,6,49ers,new_team_signing,6292
Marqise Lee,WR,Jaguars,2014,4,5.174022,1.293506,3.158107,0.01,2014,Jaguars,rookie,0,Jaguars,rookie_deal,6293
Marqise Lee,WR,Jaguars,2018,4,34.0,8.5,16.5,0.048,2014,Jaguars,veteran,4,Jaguars,extension,6294
Marqise Lee,WR,Patriots,2020,1,1.0475,1.0475,0.3,0.005,2014,Jaguars,veteran,6,Jaguars,new_team_signing,6295
Marqise Lee,WR,49ers,2021,1,0.99,0.99,0.0,0.005,2014,Jaguars,veteran,7,Patriots,new_team_signing,6296
Marques Colston,WR,Saints,2006,3,1.1046,0.3682,0.0246,0.004,2006,Saints,rookie,0,Saints,rookie_deal,6297
Marques Colston,WR,Saints,2008,3,14.555,4.851667,10.775,0.042,2006,Saints,veteran,2,Saints,extension,6298
Marques Colston,WR,Saints,2012,5,36.3,7.26,11.2,0.06,2006,Saints,veteran,6,Saints,extension,6299
Marques Colston,WR,Saints,2015,2,7.0,3.5,2.305,0.024,2006,Saints,veteran,9,Saints,extension,6300
Marquess Wilson,WR,Bears,2013,4,2.207148,0.551787,0.047148,0.004,2013,Bears,rookie,0,Bears,rookie_deal,6301
Marquess Wilson,WR,Jets,2017,1,0.855001,0.855001,0.08,0.005,2013,Bears,veteran,4,Bears,new_team_signing,6302
Marquess Wilson,WR,Eagles,2018,1,0.79,0.79,0.0,0.004,2013,Bears,veteran,5,Jets,new_team_signing,6303
Marquez Callaway,WR,Saints,2020,3,2.295,0.765,0.095,0.004,2020,Saints,rookie,0,Saints,rookie_deal,6304
Marquez Callaway,WR,Raiders,2023,1,0.2898,0.2898,0.0,0.001,2020,Saints,veteran,3,Saints,new_team_signing,6305
Marquez Callaway,WR,Buccaneers,2024,1,0.3024,0.3024,0.0,0.001,2020,Saints,veteran,4,Raiders,new_team_signing,6306
Marquez Callaway,WR,Raiders,2025,1,1.17,1.17,0.0,0.004,2020,Saints,veteran,5,Buccaneers,new_team_signing,6307
Marquez Clark,WR,Falcons,2015,3,1.5785,0.526167,0.0035,0.0,2015,Falcons,rookie,0,Falcons,rookie_deal,6308
Marquez North,WR,Rams,2016,3,1.62,0.54,0.0,0.003,2016,Rams,rookie,0,Rams,rookie_deal,6309
Marquez Stevenson,WR,Bills,2021,4,3.65254,0.913135,0.17254,0.005,2021,Bills,rookie,0,Bills,rookie_deal,6310
Marquez Stevenson,WR,Bills,2022,1,0.207,0.207,0.0,0.001,2021,Bills,veteran,1,Bills,extension,6311
Marquez Stevenson,WR,Panthers,2023,1,0.87,0.87,0.0,0.004,2021,Bills,veteran,2,Bills,new_team_signing,6312
Marquez Valdes-Scantling,WR,Packers,2018,4,2.677556,0.669389,0.217556,0.004,2018,Packers,rookie,0,Packers,rookie_deal,6313
Marquez Valdes-Scantling,WR,Chiefs,2022,3,30.0,10.0,8.56,0.048,2018,Packers,veteran,4,Packers,new_team_signing,6314
Marquez Valdes-Scantling,WR,Saints,2024,1,1.125,1.125,0.0,0.004,2018,Packers,veteran,6,Chiefs,new_team_signing,6315
Marquez Valdes-Scantling,WR,49ers,2025,1,0.315,0.315,0.0,0.001,2018,Packers,veteran,7,Saints,new_team_signing,6316
Marquez Valdes-Scantling,WR,Cowboys,2026,1,1.4875,1.4875,0.1875,0.005,2018,Packers,veteran,8,49ers,new_team_signing,6317
Marquis Bundy,WR,Cardinals,2016,2,0.99,0.495,0.0,0.003,2016,Cardinals,rookie,0,Cardinals,rookie_deal,6318
Marquis Bundy,WR,Giants,2017,1,0.1224,0.1224,0.0,0.001,2016,Cardinals,veteran,1,Cardinals,new_team_signing,6319
Marquis Young,RB,Colts,2019,3,1.755,0.585,0.0,0.003,2019,Colts,rookie,0,Colts,rookie_deal,6320
Marquise Brown,WR,BAL/ARI,2019,4,11.78734,2.946835,11.589976,0.016,2019,Ravens,rookie,0,BAL/ARI,rookie_deal,6321
Marquise Brown,WR,Chiefs,2024,1,7.0,7.0,6.5,0.027000000000000003,2019,Ravens,veteran,5,BAL/ARI,new_team_signing,6322
Marquise Brown,WR,Chiefs,2025,1,7.0,7.0,6.5,0.025,2019,Ravens,veteran,6,Chiefs,extension,6323
Marquise Brown,WR,Eagles,2026,1,5.0,5.0,5.0,0.017,2019,Ravens,veteran,7,Chiefs,new_team_signing,6324
Marquise Goodwin,WR,Bills,2013,4,2.853876,0.713469,0.598876,0.006,2013,Bills,rookie,0,Bills,rookie_deal,6325
Marquise Goodwin,WR,49ers,2017,2,6.0,3.0,4.45,0.018000000000000002,2013,Bills,veteran,4,Bills,new_team_signing,6326
Marquise Goodwin,WR,49ers,2018,3,18.85,6.283333,6.45,0.035,2013,Bills,veteran,5,49ers,extension,6327
Marquise Goodwin,WR,Bears,2021,1,1.2125,1.2125,0.35,0.006999999999999999,2013,Bills,veteran,8,49ers,new_team_signing,6328
Marquise Goodwin,WR,Seahawks,2022,1,1.2725,1.2725,0.1525,0.006,2013,Bills,veteran,9,Bears,new_team_signing,6329
Marquise Goodwin,WR,Browns,2023,1,1.7,1.7,0.4,0.008,2013,Bills,veteran,10,Seahawks,new_team_signing,6330
Marquise Williams,QB,Packers,2016,3,1.62,0.54,0.0,0.003,2016,Packers,rookie,0,Packers,rookie_deal,6331
Marshall Lang,TE,Patriots,2025,1,0.234,0.234,0.0,0.001,2025,Seahawks,rookie,0,Patriots,rookie_deal,6332
Marshall Lang,TE,Patriots,2026,1,0.885,0.885,0.0,0.003,2025,Seahawks,veteran,1,Patriots,extension,6333
Marshaun Coprich,RB,Giants,2016,3,1.62,0.54,0.0,0.003,2016,Giants,rookie,0,Giants,rookie_deal,6334
Marshawn Lynch,RB,SEA/BUF,2007,5,13.315,2.663,10.285,0.024,2007,Bills,rookie,0,SEA/BUF,rookie_deal,6335
Marshawn Lynch,RB,Seahawks,2012,4,30.0,7.5,17.0,0.062,2007,Bills,veteran,5,SEA/BUF,new_team_signing,6336
Marshawn Lynch,RB,Seahawks,2015,2,24.0,12.0,12.0,0.084,2007,Bills,veteran,8,Seahawks,extension,6337
Marshawn Lynch,RB,Raiders,2017,2,9.0,4.5,2.35,0.027000000000000003,2007,Bills,veteran,10,Seahawks,new_team_signing,6338
Marshawn Lynch,RB,Raiders,2018,1,4.5,4.5,3.5,0.025,2007,Bills,veteran,11,Raiders,extension,6339
Marshawn Lynch,RB,Seahawks,2019,1,1.03,1.03,0.0,0.005,2007,Bills,veteran,12,Raiders,new_team_signing,6340
Martavis Bryant,WR,LV/PIT,2014,4,2.65922,0.664805,0.43922,0.005,2014,Steelers,rookie,0,LV/PIT,rookie_deal,6341
Martavis Bryant,WR,Raiders,2018,1,1.907,1.907,0.0,0.011000000000000001,2014,Steelers,veteran,4,LV/PIT,new_team_signing,6342
Martavis Bryant,WR,Cowboys,2023,1,0.3708,0.3708,0.0,0.002,2014,Steelers,veteran,9,Raiders,new_team_signing,6343
Martavis Bryant,WR,Commanders,2024,1,1.125,1.125,0.0,0.004,2014,Steelers,veteran,10,Cowboys,new_team_signing,6344
Martell Webb,TE,Browns,2011,1,0.42,0.42,0.0,0.0,2011,Eagles,rookie,0,Browns,rookie_deal,6345
Martellus Bennett,TE,Cowboys,2008,4,2.965,0.74125,1.26,0.006,2008,Cowboys,rookie,0,Cowboys,rookie_deal,6346
Martellus Bennett,TE,Giants,2012,1,1.8,1.8,0.675,0.015,2008,Cowboys,veteran,4,Cowboys,new_team_signing,6347
Martellus Bennett,TE,CHI/NE,2013,4,20.4,5.1,5.215,0.040999999999999995,2008,Cowboys,veteran,5,Giants,new_team_signing,6348
Martellus Bennett,TE,Packers,2017,3,21.0,7.0,6.3,0.042,2008,Cowboys,veteran,9,CHI/NE,new_team_signing,6349
Martez Carter,RB,Saints,2018,1,0.1292,0.1292,0.0,0.001,2018,Commanders,rookie,0,Saints,rookie_deal,6350
Martez Carter,RB,Saints,2019,1,0.495,0.495,0.0,0.003,2018,Commanders,veteran,1,Saints,extension,6351
Marvelle Ross,WR,Jaguars,2020,3,2.2875,0.7625,0.0075,0.004,2020,Jaguars,rookie,0,Jaguars,rookie_deal,6352
Marvin Bracy,WR,Colts,2017,3,1.665,0.555,0.0,0.003,2017,Colts,rookie,0,Colts,rookie_deal,6353
Marvin Bracy,WR,Seahawks,2018,1,0.48,0.48,0.0,0.003,2017,Colts,veteran,1,Colts,new_team_signing,6354
Marvin Hall,WR,Lions,2019,1,0.136,0.136,0.0,0.001,2016,Raiders,veteran,3,Falcons,new_team_signing,6355
Marvin Hall,WR,Falcons,2021,1,0.252,0.252,0.0,0.001,2016,Raiders,veteran,5,Lions,new_team_signing,6356
Marvin Hall,WR,Jaguars,2022,1,1.035,1.035,0.0,0.005,2016,Raiders,veteran,6,Falcons,new_team_signing,6357
Marvin Harrison Jr.,WR,Cardinals,2024,4,35.374742,8.843686,35.374742,0.035,2024,Cardinals,rookie,0,Cardinals,rookie_deal,6358
Marvin Jones,WR,Bengals,2012,4,2.2628,0.5657,0.1628,0.005,2012,Bengals,rookie,0,Bengals,rookie_deal,6359
Marvin Jones,WR,Lions,2016,5,40.0,8.0,13.0,0.052000000000000005,2012,Bengals,veteran,4,Bengals,new_team_signing,6360
Marvin Jones,WR,Jaguars,2021,2,12.5,6.25,9.0,0.034,2012,Bengals,veteran,9,Lions,new_team_signing,6361
Marvin Jones,WR,Lions,2023,1,3.0,3.0,3.0,0.013000000000000001,2012,Bengals,veteran,11,Jaguars,new_team_signing,6362
Marvin McNutt,WR,Eagles,2012,1,0.0969,0.0969,0.0,0.001,2012,Eagles,rookie,0,Eagles,rookie_deal,6363
Marvin McNutt,WR,Dolphins,2013,1,0.102,0.102,0.0,0.001,2012,Eagles,veteran,1,Eagles,new_team_signing,6364
Marvin McNutt,WR,Commanders,2014,1,0.1071,0.1071,0.0,0.001,2012,Eagles,veteran,2,Dolphins,new_team_signing,6365
Marvin Mims,WR,Broncos,2023,4,6.068634,1.517159,3.189399,0.006999999999999999,2023,Broncos,rookie,0,Broncos,rookie_deal,6366
Mason Fairchild,TE,Saints,2024,1,0.225,0.225,0.0,0.001,2024,Saints,rookie,0,Saints,rookie_deal,6367
Mason Kinsey,WR,Patriots,2020,1,0.1428,0.1428,0.0,0.001,2020,Titans,rookie,0,Patriots,rookie_deal,6368
Mason Kinsey,WR,Titans,2021,1,0.1656,0.1656,0.0,0.001,2020,Titans,veteran,1,Patriots,new_team_signing,6369
Mason Kinsey,WR,Titans,2022,1,0.207,0.207,0.0,0.001,2020,Titans,veteran,2,Titans,extension,6370
Mason Kinsey,WR,Titans,2023,1,0.216,0.216,0.0,0.001,2020,Titans,veteran,3,Titans,extension,6371
Mason Kinsey,WR,Titans,2024,1,0.225,0.225,0.0,0.001,2020,Titans,veteran,4,Titans,extension,6372
Mason Kinsey,WR,Titans,2025,1,0.234,0.234,0.0,0.001,2020,Titans,veteran,5,Titans,extension,6373
Mason Pline,TE,49ers,2024,1,0.225,0.225,0.0,0.001,2024,49ers,rookie,0,49ers,rookie_deal,6374
Mason Pline,TE,Saints,2025,1,0.84,0.84,0.0,0.003,2024,49ers,veteran,1,49ers,new_team_signing,6375
Mason Rudolph,QB,Steelers,2018,4,3.921866,0.980467,0.932264,0.006,2018,Steelers,rookie,0,Steelers,rookie_deal,6376
Mason Rudolph,QB,Steelers,2021,1,4.985199,4.985199,2.08,0.027000000000000003,2018,Steelers,veteran,3,Steelers,extension,6377
Mason Rudolph,QB,Steelers,2023,1,1.08,1.08,0.0,0.005,2018,Steelers,veteran,5,Steelers,extension,6378
Mason Rudolph,QB,Titans,2024,1,2.87,2.87,2.7,0.011000000000000001,2018,Steelers,veteran,6,Steelers,new_team_signing,6379
Mason Rudolph,QB,Steelers,2025,2,7.5,3.75,3.0,0.013000000000000001,2018,Steelers,veteran,7,Titans,new_team_signing,6380
Mason Schreck,TE,Bengals,2017,4,2.464284,0.616071,0.064284,0.004,2017,Bengals,rookie,0,Bengals,rookie_deal,6381
Mason Schreck,TE,Bengals,2019,1,0.136,0.136,0.0,0.001,2017,Bengals,veteran,2,Bengals,extension,6382
Mason Schreck,TE,Bengals,2020,1,0.1428,0.1428,0.0,0.001,2017,Bengals,veteran,3,Bengals,extension,6383
Mason Schreck,TE,Bengals,2021,1,0.252,0.252,0.0,0.001,2017,Bengals,veteran,4,Bengals,extension,6384
Mason Schreck,TE,Texans,2022,1,0.3582,0.3582,0.0,0.002,2017,Bengals,veteran,5,Bengals,new_team_signing,6385
Mason Schreck,TE,Texans,2023,1,1.08,1.08,0.0,0.005,2017,Bengals,veteran,6,Texans,extension,6386
Mason Taylor,TE,Jets,2025,4,10.466192,2.616548,9.559309,0.009000000000000001,2025,Jets,rookie,0,Jets,rookie_deal,6387
Mason Tipton,WR,Saints,2024,3,2.84,0.946667,0.11,0.004,2024,Saints,rookie,0,Saints,rookie_deal,6388
Master Teague,RB,Steelers,2022,1,0.207,0.207,0.0,0.001,2022,Bears,rookie,0,Steelers,rookie_deal,6389
Master Teague,RB,Steelers,2023,1,0.75,0.75,0.0,0.003,2022,Bears,veteran,1,Steelers,extension,6390
Mataeo Durant,RB,Steelers,2022,3,2.575,0.858333,0.015,0.004,2022,Steelers,rookie,0,Steelers,rookie_deal,6391
Mathew Sexton,WR,Steelers,2021,3,2.425,0.808333,0.0,0.004,2021,Steelers,rookie,0,Steelers,rookie_deal,6392
Mathew Sexton,WR,Chiefs,2022,1,0.705,0.705,0.0,0.003,2021,Steelers,veteran,1,Steelers,new_team_signing,6393
Mathew Sexton,WR,Falcons,2023,1,0.216,0.216,0.0,0.001,2021,Steelers,veteran,2,Chiefs,new_team_signing,6394
Mathew Sexton,WR,Dolphins,2024,2,1.755,0.8775,0.0,0.003,2021,Steelers,veteran,3,Falcons,new_team_signing,6395
Matt Asiata,RB,Lions,2017,1,0.775,0.775,0.0,0.005,2011,Vikings,veteran,6,Vikings,new_team_signing,6396
Matt Barkley,QB,PHI/ARI,2013,4,2.739528,0.684882,0.497028,0.006,2013,Eagles,rookie,0,PHI/ARI,rookie_deal,6397
Matt Barkley,QB,Bears,2016,1,0.2448,0.2448,0.0,0.002,2013,Eagles,veteran,3,PHI/ARI,new_team_signing,6398
Matt Barkley,QB,Cardinals,2017,1,0.775,0.775,0.0,0.005,2013,Eagles,veteran,4,Bears,new_team_signing,6399
Matt Barkley,QB,Bills,2018,1,0.79,0.79,0.0,0.004,2013,Eagles,veteran,5,Cardinals,new_team_signing,6400
Matt Barkley,QB,Titans,2021,1,1.1,0.11,0.0,0.001,2013,Eagles,veteran,8,Bills,new_team_signing,6401
Matt Barkley,QB,Bills,2022,1,0.3582,0.3582,0.0,0.002,2013,Eagles,veteran,9,Titans,new_team_signing,6402
Matt Barkley,QB,Giants,2023,1,0.2898,0.2898,0.0,0.001,2013,Eagles,veteran,10,Bills,new_team_signing,6403
Matt Breida,RB,49ers,2017,3,1.67,0.556667,0.03,0.003,2017,49ers,rookie,0,49ers,rookie_deal,6404
Matt Breida,RB,MIA/SF,2020,1,3.259,3.259,0.0,0.016,2017,49ers,veteran,3,49ers,new_team_signing,6405
Matt Breida,RB,Bills,2021,1,1.055,1.055,0.14,0.006,2017,49ers,veteran,4,MIA/SF,new_team_signing,6406
Matt Breida,RB,Giants,2022,1,1.1875,1.1875,0.2775,0.006,2017,49ers,veteran,5,Bills,new_team_signing,6407
Matt Breida,RB,Giants,2023,1,1.4,1.4,0.5,0.006,2017,49ers,veteran,6,Giants,extension,6408
Matt Breida,RB,49ers,2024,1,1.21,1.21,0.0,0.005,2017,49ers,veteran,7,Giants,new_team_signing,6409
Matt Bushman,TE,Raiders,2021,1,0.1656,0.1656,0.0,0.001,2021,Raiders,rookie,0,Raiders,rookie_deal,6410
Matt Bushman,TE,Chiefs,2022,1,0.207,0.207,0.0,0.001,2021,Raiders,veteran,1,Raiders,new_team_signing,6411
Matt Bushman,TE,Chiefs,2023,1,0.216,0.216,0.0,0.001,2021,Raiders,veteran,2,Chiefs,extension,6412
Matt Cassel,QB,Patriots,2005,4,1.439,0.35975,0.054,0.004,2005,Patriots,rookie,0,Patriots,rookie_deal,6413
Matt Cassel,QB,Chiefs,2009,6,63.0,10.5,27.75,0.085,2005,Patriots,veteran,4,Patriots,new_team_signing,6414
Matt Cassel,QB,Vikings,2013,1,3.7,3.7,2.0,0.03,2005,Patriots,veteran,8,Chiefs,new_team_signing,6415
Matt Cassel,QB,BUF/MIN,2014,2,10.5,5.25,5.65,0.039,2005,Patriots,veteran,9,Vikings,new_team_signing,6416
Matt Cassel,QB,Cowboys,2015,1,2.0,2.0,0.0,0.013999999999999999,2005,Patriots,veteran,10,BUF/MIN,new_team_signing,6417
Matt Cassel,QB,Titans,2016,1,2.0,2.0,0.75,0.013000000000000001,2005,Patriots,veteran,11,Cowboys,new_team_signing,6418
Matt Cassel,QB,Titans,2017,2,5.25,2.625,0.5,0.016,2005,Patriots,veteran,12,Titans,extension,6419
Matt Cassel,QB,Lions,2018,1,1.105,1.105,0.0,0.006,2005,Patriots,veteran,13,Titans,new_team_signing,6420
Matt Cole,WR,Dolphins,2020,1,0.1428,0.1428,0.0,0.001,2020,Dolphins,rookie,0,Dolphins,rookie_deal,6421
Matt Cole,WR,Seahawks,2021,1,0.1656,0.1656,0.0,0.001,2020,Dolphins,veteran,1,Dolphins,new_team_signing,6422
Matt Cole,WR,Commanders,2022,1,0.705,0.705,0.0,0.003,2020,Dolphins,veteran,2,Seahawks,new_team_signing,6423
Matt Corral,QB,CAR/NE,2022,4,2.094246,1.273562,0.884904,0.006,2022,Panthers,rookie,0,CAR/NE,rookie_deal,6424
Matt Corral,QB,Vikings,2024,1,0.795,0.795,0.0,0.003,2022,Panthers,veteran,2,CAR/NE,new_team_signing,6425
Matt Dayes,RB,Browns,2017,4,2.464284,0.616071,0.064284,0.004,2017,Browns,rookie,0,Browns,rookie_deal,6426
Matt Dayes,RB,49ers,2018,1,0.1292,0.1292,0.0,0.001,2017,Browns,veteran,1,Browns,new_team_signing,6427
Matt Dayes,RB,Saints,2019,1,0.645,0.645,0.0,0.003,2017,Browns,veteran,2,49ers,new_team_signing,6428
Matt Flanagan,TE,Commanders,2018,1,0.1292,0.1292,0.0,0.001,2018,Commanders,rookie,0,Commanders,rookie_deal,6429
Matt Flanagan,TE,Jaguars,2020,1,0.1428,0.1428,0.0,0.001,2018,Commanders,veteran,2,Commanders,new_team_signing,6430
Matt Fleming,WR,Bears,2018,3,1.71,0.57,0.0,0.003,2018,Bears,rookie,0,Bears,rookie_deal,6431
Matt Flynn,QB,Packers,2008,4,1.769175,0.442294,0.064175,0.004,2008,Packers,rookie,0,Packers,rookie_deal,6432
Matt Flynn,QB,Seahawks,2012,3,19.5,6.5,10.0,0.054000000000000006,2008,Packers,veteran,4,Packers,new_team_signing,6433
Matt Flynn,QB,Packers,2013,2,1.79375,0.896875,0.0,0.006999999999999999,2008,Packers,veteran,5,Seahawks,new_team_signing,6434
Matt Flynn,QB,Saints,2015,1,0.87,0.87,0.0,0.006,2008,Packers,veteran,7,Packers,new_team_signing,6435
Matt Forte,RB,Bears,2008,4,3.7665,0.941625,1.533333,0.008,2008,Bears,rookie,0,Bears,rookie_deal,6436
Matt Forte,RB,Bears,2012,4,30.4,7.6,13.8,0.063,2008,Bears,veteran,4,Bears,extension,6437
Matt Forte,RB,Jets,2016,3,12.0,4.0,9.0,0.026000000000000002,2008,Bears,veteran,8,Bears,new_team_signing,6438
Matt Furstenburg,TE,Ravens,2013,1,0.42,0.42,0.0,0.0,2013,Ravens,rookie,0,Ravens,rookie_deal,6439
Matt Hazel,WR,Dolphins,2014,1,0.102,0.102,0.0,0.001,2014,Dolphins,rookie,0,Dolphins,rookie_deal,6440
Matt Hazel,WR,Commanders,2016,1,0.1173,0.1173,0.0,0.001,2014,Dolphins,veteran,2,Dolphins,new_team_signing,6441
Matt Hazel,WR,Colts,2017,1,0.1224,0.1224,0.0,0.001,2014,Dolphins,veteran,3,Commanders,new_team_signing,6442
Matt Hazel,WR,CLE/IND,2018,1,0.63,0.63,0.0,0.004,2014,Dolphins,veteran,4,Colts,new_team_signing,6443
Matt Johnson,QB,Bengals,2016,3,1.62,0.54,0.0,0.003,2016,Bengals,rookie,0,Bengals,rookie_deal,6444
Matt Jones,RB,IND/WAS,2015,4,2.921416,0.730354,0.599416,0.005,2015,Commanders,rookie,0,IND/WAS,rookie_deal,6445
Matt Jones,RB,Colts,2017,1,0.2975,0.2975,0.0,0.002,2015,Commanders,veteran,2,IND/WAS,new_team_signing,6446
Matt Jones,RB,Eagles,2018,2,1.51,0.755,0.0,0.004,2015,Commanders,veteran,3,Colts,new_team_signing,6447
Matt LaCosse,TE,Patriots,2019,1,2.8,1.4,0.5,0.006999999999999999,2015,Giants,veteran,4,Giants,new_team_signing,6448
Matt LaCosse,TE,Patriots,2021,1,0.252,0.252,0.0,0.001,2015,Giants,veteran,6,Patriots,extension,6449
Matt Landers,WR,Seahawks,2023,1,0.216,0.216,0.0,0.001,2023,Seahawks,rookie,0,Seahawks,rookie_deal,6450
Matt Landers,WR,Patriots,2024,1,0.225,0.225,0.0,0.001,2023,Seahawks,veteran,1,Seahawks,new_team_signing,6451
Matt Landers,WR,Titans,2025,2,1.845,0.9225,0.0,0.003,2023,Seahawks,veteran,2,Patriots,new_team_signing,6452
Matt Lauter,TE,Raiders,2026,3,3.1,1.033333,0.0,0.003,2026,Raiders,rookie,0,Raiders,rookie_deal,6453
Matt Lengel,TE,Texans,2018,1,0.1292,0.1292,0.0,0.001,2015,Bengals,veteran,3,Browns,new_team_signing,6454
Matt Lengel,TE,Colts,2019,1,0.72,0.72,0.0,0.004,2015,Bengals,veteran,4,Texans,new_team_signing,6455
Matt McGloin,QB,Raiders,2013,3,1.485,0.495,0.0,0.004,2013,Raiders,rookie,0,Raiders,rookie_deal,6456
Matt McGloin,QB,Raiders,2016,1,2.553,2.553,0.0,0.016,2013,Raiders,veteran,3,Raiders,extension,6457
Matt McGloin,QB,Texans,2017,1,0.775,0.775,0.0,0.005,2013,Raiders,veteran,4,Raiders,new_team_signing,6458
Matt McGloin,QB,Chiefs,2018,1,0.79,0.79,0.0,0.004,2013,Raiders,veteran,5,Texans,new_team_signing,6459
Matt Miller,WR,Broncos,2015,3,1.5775,0.525833,0.0025,0.0,2015,Broncos,rookie,0,Broncos,rookie_deal,6460
Matt Moore,QB,CAR/DAL,2007,3,1.13,0.376667,0.015,0.003,2007,Cowboys,rookie,0,CAR/DAL,rookie_deal,6461
Matt Moore,QB,Panthers,2010,1,3.043,3.043,0.0,0.024,2007,Cowboys,veteran,3,CAR/DAL,new_team_signing,6462
Matt Moore,QB,Dolphins,2011,2,5.025,2.5125,1.5,0.021,2007,Cowboys,veteran,4,Panthers,new_team_signing,6463
Matt Moore,QB,Dolphins,2013,2,8.0,4.0,4.0,0.033,2007,Cowboys,veteran,6,Dolphins,extension,6464
Matt Moore,QB,Dolphins,2015,1,2.6,2.6,1.6,0.018000000000000002,2007,Cowboys,veteran,8,Dolphins,extension,6465
Matt Moore,QB,Dolphins,2016,2,3.55,1.775,2.25,0.011000000000000001,2007,Cowboys,veteran,9,Dolphins,extension,6466
Matt Moore,QB,Chiefs,2019,1,1.03,1.03,0.0,0.005,2007,Cowboys,veteran,12,Dolphins,new_team_signing,6467
Matt Moore,QB,Chiefs,2020,1,0.204,0.204,0.0,0.001,2007,Cowboys,veteran,13,Chiefs,extension,6468
Matt Ryan,QB,Falcons,2008,6,67.5,11.25,34.75,0.09699999999999999,2008,Falcons,rookie,0,Falcons,rookie_deal,6469
Matt Ryan,QB,Falcons,2013,5,103.75,20.75,42.0,0.16899999999999998,2008,Falcons,veteran,5,Falcons,extension,6470
Matt Ryan,QB,ATL/IND,2018,5,150.0,30.0,94.5,0.16899999999999998,2008,Falcons,veteran,10,Falcons,new_team_signing,6471
Matt Schaub,QB,Falcons,2004,3,1.365,0.455,0.445,0.006,2004,Falcons,rookie,0,Falcons,rookie_deal,6472
Matt Schaub,QB,Texans,2007,6,48.0,8.0,7.0,0.073,2004,Falcons,veteran,3,Falcons,new_team_signing,6473
Matt Schaub,QB,Texans,2012,4,62.0,15.5,24.25,0.129,2004,Falcons,veteran,8,Texans,extension,6474
Matt Schaub,QB,Raiders,2014,2,13.5,6.75,8.0,0.051,2004,Falcons,veteran,10,Texans,new_team_signing,6475
Matt Schaub,QB,Ravens,2015,1,2.0,2.0,2.0,0.013999999999999999,2004,Falcons,veteran,11,Raiders,new_team_signing,6476
Matt Schaub,QB,Falcons,2016,1,1.75,1.75,0.5,0.011000000000000001,2004,Falcons,veteran,12,Ravens,new_team_signing,6477
Matt Schaub,QB,Falcons,2017,1,8.0,4.0,2.5,0.024,2004,Falcons,veteran,13,Falcons,extension,6478
Matt Schaub,QB,Falcons,2019,2,3.78,1.89,0.75,0.01,2004,Falcons,veteran,15,Falcons,extension,6479
Matt Scott,QB,Bengals,2013,2,0.93,0.465,0.0,0.0,2013,Jaguars,rookie,0,Bengals,rookie_deal,6480
Matt Seybert,TE,Chargers,2021,1,0.66,0.66,0.0,0.004,2021,Chargers,rookie,0,Chargers,rookie_deal,6481
Matt Simms,QB,Falcons,2019,1,0.645,0.645,0.0,0.003,2012,Jets,veteran,7,Falcons,extension,6482
Matt Slater,WR,Patriots,2008,4,1.88,0.47,0.175,0.004,2008,Patriots,rookie,0,Patriots,rookie_deal,6483
Matt Slater,WR,Patriots,2012,3,5.4,1.8,2.7,0.015,2008,Patriots,veteran,4,Patriots,extension,6484
Matt Slater,WR,Patriots,2014,2,4.0,2.0,3.0,0.015,2008,Patriots,veteran,6,Patriots,extension,6485
Matt Slater,WR,Patriots,2016,1,1.8,1.8,0.6,0.012,2008,Patriots,veteran,8,Patriots,extension,6486
Matt Slater,WR,Patriots,2018,2,5.0,2.5,1.0,0.013999999999999999,2008,Patriots,veteran,10,Patriots,extension,6487
Matt Slater,WR,Patriots,2020,2,5.3,2.65,2.375,0.013000000000000001,2008,Patriots,veteran,12,Patriots,extension,6488
Matt Slater,WR,Patriots,2022,1,2.6225,2.6225,2.6225,0.013000000000000001,2008,Patriots,veteran,14,Patriots,extension,6489
Matt Slater,WR,Patriots,2023,1,2.6675,2.6675,2.6675,0.012,2008,Patriots,veteran,15,Patriots,extension,6490
Matt Sokol,TE,Chargers,2019,1,0.136,0.136,0.0,0.001,2019,Chargers,rookie,0,Chargers,rookie_deal,6491
Matt Sokol,TE,Chargers,2020,1,0.1428,0.1428,0.0,0.001,2019,Chargers,veteran,1,Chargers,extension,6492
Matt Sokol,TE,Jaguars,2021,1,0.1656,0.1656,0.0,0.001,2019,Chargers,veteran,2,Chargers,new_team_signing,6493
Matt Sokol,TE,Patriots,2022,1,0.207,0.207,0.0,0.001,2019,Chargers,veteran,3,Jaguars,new_team_signing,6494
Matt Sokol,TE,Patriots,2023,1,0.216,0.216,0.0,0.001,2019,Chargers,veteran,4,Patriots,extension,6495
Matt Sokol,TE,Steelers,2024,1,0.225,0.225,0.0,0.001,2019,Chargers,veteran,5,Patriots,new_team_signing,6496
Matt Sokol,TE,Steelers,2025,1,0.234,0.234,0.0,0.001,2019,Chargers,veteran,6,Steelers,extension,6497
Matt Stafford,QB,Lions,2009,6,72.0,12.0,17.05,0.098,2009,Lions,rookie,0,Lions,rookie_deal,6498
Matt Stafford,QB,Lions,2013,3,53.0,17.666667,33.5,0.14400000000000002,2009,Lions,veteran,4,Lions,extension,6499
Matt Stafford,QB,LAR/DET,2017,5,135.0,27.0,60.5,0.162,2009,Lions,veteran,8,Lions,new_team_signing,6500
Matt Stafford,QB,Rams,2022,4,160.0,40.0,63.0,0.192,2009,Lions,veteran,13,LAR/DET,new_team_signing,6501
Matt Stafford,QB,Rams,2025,2,80.0,40.0,40.0,0.14300000000000002,2009,Lions,veteran,16,Rams,extension,6502
Matt Stafford,QB,Rams,2026,1,55.0,55.0,90.0,0.183,2009,Lions,veteran,17,Rams,extension,6503
Matt Veldman,TE,Commanders,2012,1,0.42,0.42,0.0,0.0,2012,Jaguars,rookie,0,Commanders,rookie_deal,6504
Matt Weiser,TE,Buccaneers,2018,1,0.48,0.48,0.0,0.003,2016,Chargers,veteran,2,Chargers,new_team_signing,6505
Matthew Caldwell,QB,Rams,2026,3,3.106,1.035333,0.006,0.003,2026,Rams,rookie,0,Rams,rookie_deal,6506
Matthew Colburn,RB,Rams,2019,3,1.758,0.586,0.003,0.003,2019,Rams,rookie,0,Rams,rookie_deal,6507
Matthew Colburn,RB,Jaguars,2022,1,0.705,0.705,0.0,0.003,2019,Rams,veteran,3,Rams,new_team_signing,6508
Matthew Eaton,WR,Buccaneers,2019,1,0.495,0.495,0.0,0.003,2019,Packers,rookie,0,Buccaneers,rookie_deal,6509
Matthew Golden,WR,Packers,2025,4,17.575338,4.393835,17.575338,0.016,2025,Packers,rookie,0,Packers,rookie_deal,6510
Matthew Hibner,TE,Ravens,2026,4,5.169036,1.292259,0.789036,0.004,2026,Ravens,rookie,0,Ravens,rookie_deal,6511
Maurice Alexander,WR,Lions,2022,1,0.207,0.207,0.0,0.001,2022,Lions,rookie,0,Lions,rookie_deal,6512
Maurice Alexander,WR,Lions,2023,1,0.216,0.216,0.0,0.001,2022,Lions,veteran,1,Lions,extension,6513
Maurice Alexander,WR,Lions,2024,1,0.225,0.225,0.0,0.001,2022,Lions,veteran,2,Lions,extension,6514
Maurice Alexander,WR,Bears,2025,1,0.234,0.234,0.0,0.001,2022,Lions,veteran,3,Lions,new_team_signing,6515
Maurice Alexander,WR,Bears,2026,1,1.075,1.075,0.0,0.004,2022,Lions,veteran,4,Bears,extension,6516
Maurice Ffrench,WR,Chiefs,2020,1,0.1428,0.1428,0.0,0.001,2020,Chiefs,rookie,0,Chiefs,rookie_deal,6517
Maurice Ffrench,WR,Chiefs,2021,1,0.1656,0.1656,0.0,0.001,2020,Chiefs,veteran,1,Chiefs,extension,6518
Maurice Ffrench,WR,Chargers,2022,1,0.825,0.825,0.0,0.004,2020,Chiefs,veteran,2,Chiefs,new_team_signing,6519
Maurice Hagens,RB,Falcons,2014,4,1.53,0.51,0.0,0.0,2014,Falcons,rookie,0,Falcons,rookie_deal,6520
Maurice Harris,WR,Commanders,2016,3,1.62,0.54,0.0,0.003,2016,Commanders,rookie,0,Commanders,rookie_deal,6521
Maurice Harris,WR,Commanders,2017,1,0.1224,0.1224,0.0,0.001,2016,Commanders,veteran,1,Commanders,extension,6522
Maurice Harris,WR,Patriots,2019,1,1.0,1.0,0.09,0.005,2016,Commanders,veteran,3,Commanders,new_team_signing,6523
Maurice Harris,WR,Saints,2020,1,0.735,0.735,0.0,0.004,2016,Commanders,veteran,4,Patriots,new_team_signing,6524
Maurice Jones-Drew,RB,Jaguars,2006,4,2.79,0.6975,1.175,0.006999999999999999,2006,Jaguars,rookie,0,Jaguars,rookie_deal,6525
Maurice Jones-Drew,RB,Jaguars,2009,4,30.515,7.62875,9.0,0.062,2006,Jaguars,veteran,3,Jaguars,extension,6526
Maurice Jones-Drew,RB,Raiders,2014,3,7.5,2.5,1.2,0.019,2006,Jaguars,veteran,8,Jaguars,new_team_signing,6527
Max Borghi,RB,Broncos,2022,1,0.705,0.705,0.0,0.003,2022,Colts,rookie,0,Broncos,rookie_deal,6528
Max Brosmer,QB,Vikings,2025,3,2.975,0.991667,0.244,0.004,2025,Vikings,rookie,0,Vikings,rookie_deal,6529
Max Duggan,QB,Chargers,2023,1,0.216,0.216,0.0,0.001,2023,Chargers,rookie,0,Chargers,rookie_deal,6530
Max Duggan,QB,Chargers,2024,1,0.795,0.795,0.0,0.003,2023,Chargers,veteran,1,Chargers,extension,6531
Max Klare,TE,Rams,2026,4,8.019796,2.004949,5.976625,0.006999999999999999,2026,Rams,rookie,0,Rams,rookie_deal,6532
Max McCaffrey,WR,49ers,2018,1,0.1292,0.1292,0.0,0.001,2016,Raiders,veteran,2,Saints,new_team_signing,6533
Max Tomczak,WR,Bills,2026,1,0.885,0.885,0.0,0.003,2026,Bills,rookie,0,Bills,rookie_deal,6534
Max Wittek,QB,Jaguars,2016,3,1.62,0.54,0.0,0.003,2016,Jaguars,rookie,0,Jaguars,rookie_deal,6535
Maximilian Mang,TE,Giants,2025,1,0.234,0.234,0.0,0.001,2025,Colts,rookie,0,Giants,rookie_deal,6536
Maxx Williams,TE,Ravens,2015,4,4.052734,1.013184,1.826659,0.006999999999999999,2015,Ravens,rookie,0,Ravens,rookie_deal,6537
Maxx Williams,TE,Cardinals,2019,1,0.805,0.805,0.25,0.004,2015,Ravens,veteran,4,Ravens,new_team_signing,6538
Maxx Williams,TE,Cardinals,2022,1,0.2772,0.2772,0.0,0.001,2015,Ravens,veteran,7,Cardinals,extension,6539
McCallan Castles,TE,Chargers,2024,1,0.225,0.225,0.0,0.001,2024,Eagles,rookie,0,Chargers,rookie_deal,6540
McCallan Castles,TE,Packers,2025,1,0.234,0.234,0.0,0.001,2024,Eagles,veteran,1,Chargers,new_team_signing,6541
McCallan Castles,TE,Packers,2026,1,0.885,0.885,0.0,0.003,2024,Eagles,veteran,2,Packers,extension,6542
Mecole Hardman,WR,Chiefs,2019,4,4.995052,1.248763,2.869812,0.006999999999999999,2019,Chiefs,rookie,0,Chiefs,rookie_deal,6543
Mecole Hardman,WR,NYJ/KC,2023,1,4.0,4.0,3.58,0.018000000000000002,2019,Chiefs,veteran,4,Chiefs,new_team_signing,6544
Mecole Hardman,WR,Chiefs,2024,1,1.125,1.125,0.0,0.004,2019,Chiefs,veteran,5,NYJ/KC,new_team_signing,6545
Mecole Hardman,WR,Bills,2025,1,0.315,0.315,0.0,0.001,2019,Chiefs,veteran,6,Chiefs,new_team_signing,6546
Mecole Hardman,WR,Bills,2026,1,1.375,1.375,0.0,0.005,2019,Chiefs,veteran,7,Bills,extension,6547
Mekale McKay,WR,Bears,2018,1,0.48,0.48,0.0,0.003,2016,Colts,veteran,2,Bears,extension,6548
Mekhi Sargent,RB,Rams,2021,1,0.1656,0.1656,0.0,0.001,2021,Titans,rookie,0,Rams,rookie_deal,6549
Mekhi Sargent,RB,Jaguars,2022,1,0.207,0.207,0.0,0.001,2021,Titans,veteran,1,Rams,new_team_signing,6550
Mekhi Sargent,RB,Jaguars,2023,1,0.87,0.87,0.0,0.004,2021,Titans,veteran,2,Jaguars,extension,6551
Melvin Gordon,RB,Chargers,2015,4,10.669762,2.667441,10.669762,0.019,2015,Chargers,rookie,0,Chargers,rookie_deal,6552
Melvin Gordon,RB,Broncos,2020,2,16.0,8.0,13.5,0.04,2015,Chargers,veteran,5,Chargers,new_team_signing,6553
Melvin Gordon,RB,Chiefs,2022,1,0.3582,0.3582,0.0,0.002,2015,Chargers,veteran,7,Broncos,new_team_signing,6554
Melvin Gordon,RB,Ravens,2023,1,0.3708,0.3708,0.0,0.002,2015,Chargers,veteran,8,Chiefs,new_team_signing,6555
Messiah Swinson,TE,Packers,2024,1,0.225,0.225,0.0,0.001,2024,Packers,rookie,0,Packers,rookie_deal,6556
Messiah Swinson,TE,Packers,2025,1,0.234,0.234,0.0,0.001,2024,Packers,veteran,1,Packers,extension,6557
Messiah Swinson,TE,Packers,2026,1,1.005,1.005,0.0,0.003,2024,Packers,veteran,2,Packers,extension,6558
Micah Bernard,RB,Patriots,2025,1,0.84,0.84,0.0,0.003,2025,Titans,rookie,0,Patriots,rookie_deal,6559
Micah Hatfield,WR,Chargers,2014,4,1.53,0.51,0.0,0.0,2014,Chargers,rookie,0,Chargers,rookie_deal,6560
Micah Simon,WR,Panthers,2021,3,2.425,0.808333,0.0,0.004,2021,Panthers,rookie,0,Panthers,rookie_deal,6561
Micah Wright,WR,Saints,2019,3,1.755,0.585,0.0,0.003,2019,Saints,rookie,0,Saints,rookie_deal,6562
Michael Bandy,WR,Chargers,2021,1,0.1656,0.1656,0.0,0.001,2021,Chargers,rookie,0,Chargers,rookie_deal,6563
Michael Bandy,WR,Chargers,2022,1,0.207,0.207,0.0,0.001,2021,Chargers,veteran,1,Chargers,extension,6564
Michael Bandy,WR,Broncos,2023,1,0.216,0.216,0.0,0.001,2021,Chargers,veteran,2,Chargers,new_team_signing,6565
Michael Bandy,WR,Broncos,2024,1,0.225,0.225,0.0,0.001,2021,Chargers,veteran,3,Broncos,extension,6566
Michael Bandy,WR,Broncos,2025,1,0.234,0.234,0.0,0.001,2021,Chargers,veteran,4,Broncos,extension,6567
Michael Bandy,WR,Broncos,2026,1,1.085,1.085,0.01,0.004,2021,Chargers,veteran,5,Broncos,extension,6568
Michael Briscoe,WR,Vikings,2026,1,0.885,0.885,0.0,0.003,2026,Seahawks,rookie,0,Vikings,rookie_deal,6569
Michael Bush,RB,Raiders,2007,4,2.1649,0.541225,0.4999,0.005,2007,Raiders,rookie,0,Raiders,rookie_deal,6570
Michael Bush,RB,Raiders,2011,1,2.611,2.611,0.0,0.022000000000000002,2007,Raiders,veteran,4,Raiders,extension,6571
Michael Bush,RB,Bears,2012,4,14.0,3.5,5.9,0.028999999999999998,2007,Raiders,veteran,5,Raiders,new_team_signing,6572
Michael Bush,RB,Cardinals,2014,1,0.73,0.73,0.0,0.005,2007,Raiders,veteran,7,Bears,new_team_signing,6573
Michael Campanaro,WR,Ravens,2014,4,2.2875,0.571875,0.0675,0.004,2014,Ravens,rookie,0,Ravens,rookie_deal,6574
Michael Campanaro,WR,Ravens,2016,1,0.1173,0.1173,0.0,0.001,2014,Ravens,veteran,2,Ravens,extension,6575
Michael Campanaro,WR,Ravens,2017,1,1.2,1.2,0.25,0.006999999999999999,2014,Ravens,veteran,3,Ravens,extension,6576
Michael Campanaro,WR,Titans,2018,1,0.88,0.88,0.045,0.005,2014,Ravens,veteran,4,Ravens,new_team_signing,6577
Michael Campbell,WR,Jets,2011,1,0.495,0.495,0.0,0.0,2011,Jets,rookie,0,Jets,rookie_deal,6578
Michael Carter,RB,ARI/NYJ,2021,4,4.28736,1.07184,0.80736,0.006,2021,Jets,rookie,0,ARI/NYJ,rookie_deal,6579
Michael Carter,RB,Cardinals,2024,1,0.3834,0.3834,0.0,0.002,2021,Jets,veteran,3,ARI/NYJ,new_team_signing,6580
Michael Carter,RB,Cardinals,2025,1,0.396,0.396,0.0,0.001,2021,Jets,veteran,4,Cardinals,extension,6581
Michael Carter,RB,Titans,2026,1,1.215,1.215,0.0,0.004,2021,Jets,veteran,5,Cardinals,new_team_signing,6582
Michael Clark,WR,Packers,2017,1,0.1224,0.1224,0.0,0.001,2017,Packers,rookie,0,Packers,rookie_deal,6583
Michael Clark,WR,Packers,2018,1,0.555,0.555,0.0,0.003,2017,Packers,veteran,1,Packers,extension,6584
Michael Colubiale,TE,Jaguars,2019,3,1.755,0.585,0.0,0.003,2019,Jaguars,rookie,0,Jaguars,rookie_deal,6585
Michael Cooper,TE,Steelers,2016,1,0.45,0.45,0.0,0.003,2016,Commanders,rookie,0,Steelers,rookie_deal,6586
Michael Cox,RB,Giants,2013,4,2.205896,0.551474,0.045896,0.004,2013,Giants,rookie,0,Giants,rookie_deal,6587
Michael Cox,RB,Giants,2014,3,1.755,0.585,0.0,0.004,2013,Giants,veteran,1,Giants,extension,6588
Michael Crabtree,WR,49ers,2009,6,32.0,5.333333,10.065,0.043,2009,,rookie,0,49ers,rookie_deal,6589
Michael Crabtree,WR,Raiders,2015,1,3.2,3.2,1.3,0.022000000000000002,2009,,veteran,6,49ers,new_team_signing,6590
Michael Crabtree,WR,Ravens,2018,3,21.0,7.0,8.0,0.04,2009,,veteran,9,Raiders,new_team_signing,6591
Michael Crabtree,WR,Cardinals,2019,1,3.25,3.25,0.5,0.017,2009,,veteran,10,Ravens,new_team_signing,6592
Michael Dereus,WR,Ravens,2020,3,2.286,0.762,0.001,0.004,2020,Ravens,rookie,0,Ravens,rookie_deal,6593
Michael Dereus,WR,Ravens,2021,1,0.66,0.66,0.0,0.004,2020,Ravens,veteran,1,Ravens,extension,6594
Michael Dyer,RB,Raiders,2015,3,1.5765,0.5255,0.0015,0.0,2015,Raiders,rookie,0,Raiders,rookie_deal,6595
Michael Egnew,TE,MIA/DET,2012,4,2.776456,0.694114,0.588956,0.006,2012,Dolphins,rookie,0,MIA/DET,rookie_deal,6596
Michael Egnew,TE,Jaguars,2014,1,0.1071,0.1071,0.0,0.001,2012,Dolphins,veteran,2,MIA/DET,new_team_signing,6597
Michael Egnew,TE,Steelers,2015,1,0.585,0.585,0.0,0.004,2012,Dolphins,veteran,3,Jaguars,new_team_signing,6598
Michael Ezeike,TE,Chargers,2023,3,2.708,0.902667,0.013,0.004,2023,Chargers,rookie,0,Chargers,rookie_deal,6599
Michael Ezeike,TE,Seahawks,2024,1,0.795,0.795,0.0,0.003,2023,Chargers,veteran,1,Chargers,new_team_signing,6600
Michael Flacco,TE,Jaguars,2014,4,1.53,0.51,0.0,0.0,2014,Chargers,rookie,0,Jaguars,rookie_deal,6601
Michael Floyd,WR,NE/ARI,2012,5,17.2915,3.4583,9.9715,0.028999999999999998,2012,Cardinals,rookie,0,NE/ARI,rookie_deal,6602
Michael Floyd,WR,Vikings,2017,1,1.41,1.41,0.0,0.008,2012,Cardinals,veteran,5,NE/ARI,new_team_signing,6603
Michael Floyd,WR,Commanders,2018,1,0.79,0.79,0.0,0.004,2012,Cardinals,veteran,6,Vikings,new_team_signing,6604
Michael Floyd,WR,Ravens,2019,1,1.02,1.02,0.0,0.005,2012,Cardinals,veteran,7,Commanders,new_team_signing,6605
Michael Gallup,WR,Cowboys,2018,4,3.52398,0.880995,0.88998,0.005,2018,Cowboys,rookie,0,Cowboys,rookie_deal,6606
Michael Gallup,WR,Cowboys,2022,5,57.5,11.5,23.0,0.055,2018,Cowboys,veteran,4,Cowboys,extension,6607
Michael Gallup,WR,Raiders,2024,1,1.75,1.75,0.8275,0.006999999999999999,2018,Cowboys,veteran,6,Cowboys,new_team_signing,6608
Michael Gallup,WR,Commanders,2025,1,1.25,1.25,0.2,0.004,2018,Cowboys,veteran,7,Raiders,new_team_signing,6609
Michael Hoomanawanui,TE,Saints,2016,3,5.1,1.7,1.85,0.011000000000000001,2010,Rams,veteran,6,Saints,extension,6610
Michael Jacobson,TE,Seahawks,2021,1,0.1656,0.1656,0.0,0.001,2021,Seahawks,rookie,0,Seahawks,rookie_deal,6611
Michael Jacobson,TE,Colts,2022,1,0.705,0.705,0.0,0.003,2021,Seahawks,veteran,1,Seahawks,new_team_signing,6612
Michael Jacobson,TE,Saints,2023,1,0.216,0.216,0.0,0.001,2021,Seahawks,veteran,2,Colts,new_team_signing,6613
Michael Jacobson,TE,Saints,2024,1,0.225,0.225,0.0,0.001,2021,Seahawks,veteran,3,Saints,extension,6614
Michael Jacobson,TE,Saints,2025,2,1.845,0.9225,0.0,0.003,2021,Seahawks,veteran,4,Saints,extension,6615
Michael Mayer,TE,Raiders,2023,4,9.313638,2.32841,7.596697,0.01,2023,Raiders,rookie,0,Raiders,rookie_deal,6616
Michael Palmer,TE,Steelers,2010,1,0.73,0.73,0.0,0.0,2010,Falcons,rookie,0,Steelers,rookie_deal,6617
Michael Penix Jr.,QB,Falcons,2024,4,22.882636,5.720659,22.882636,0.022000000000000002,2024,Falcons,rookie,0,Falcons,rookie_deal,6618
"Michael Pittman, Jr.",WR,Colts,2020,4,8.612842,2.153211,6.625377,0.011000000000000001,2020,Colts,rookie,0,Colts,rookie_deal,6619
"Michael Pittman, Jr.",WR,Colts,2024,1,21.816,21.816,0.0,0.085,2020,Colts,veteran,4,Colts,extension,6620
"Michael Pittman, Jr.",WR,Steelers,2026,2,35.0,17.5,24.0,0.057999999999999996,2020,Colts,veteran,6,Colts,new_team_signing,6621
Michael Pratt,QB,Buccaneers,2024,1,0.225,0.225,0.0,0.001,2024,Packers,rookie,0,Buccaneers,rookie_deal,6622
Michael Pratt,QB,Buccaneers,2025,2,2.285,1.1425,0.25,0.004,2024,Packers,veteran,1,Buccaneers,extension,6623
Michael Preston,WR,Dolphins,2011,1,0.585,0.585,0.0,0.0,2011,Titans,rookie,0,Dolphins,rookie_deal,6624
Michael Rector,WR,Lions,2017,3,1.665,0.555,0.0,0.003,2017,Lions,rookie,0,Lions,rookie_deal,6625
Michael Rios,WR,Dolphins,2013,1,0.42,0.42,0.0,0.0,2013,Cardinals,rookie,0,Dolphins,rookie_deal,6626
Michael Roberts,TE,Lions,2017,4,2.999244,0.749811,0.599244,0.004,2017,Lions,rookie,0,Lions,rookie_deal,6627
Michael Roberts,TE,Dolphins,2020,1,0.76,0.76,0.2,0.004,2017,Lions,veteran,3,Lions,new_team_signing,6628
Michael Smith,RB,Buccaneers,2012,4,2.165148,0.541287,0.065148,0.004,2012,Buccaneers,rookie,0,Buccaneers,rookie_deal,6629
Michael Smith,RB,Jets,2014,1,0.495,0.495,0.0,0.004,2012,Buccaneers,veteran,2,Buccaneers,new_team_signing,6630
Michael Thomas,WR,Saints,2016,4,5.118974,1.279744,3.055569,0.008,2016,Saints,rookie,0,Saints,rookie_deal,6631
Michael Thomas,WR,Saints,2019,5,96.25,19.25,35.648043,0.102,2016,Saints,veteran,3,Saints,extension,6632
Michael Thomas,WR,Saints,2023,1,10.0,10.0,6.26,0.044000000000000004,2016,Saints,veteran,7,Saints,extension,6633
Michael Trigg,TE,Cowboys,2026,3,3.1325,1.044167,0.28,0.003,2026,Cowboys,rookie,0,Cowboys,rookie_deal,6634
Michael Tutsie,WR,Colts,2023,3,2.695,0.898333,0.0,0.004,2023,Colts,rookie,0,Colts,rookie_deal,6635
Michael Tutsie,WR,Colts,2024,1,0.225,0.225,0.0,0.001,2023,Colts,veteran,1,Colts,extension,6636
Michael Vick,QB,Falcons,2001,6,37.3,6.216667,22.5,0.092,2001,Falcons,rookie,0,Falcons,rookie_deal,6637
Michael Vick,QB,Falcons,2004,7,91.0,13.0,30.0,0.161,2001,Falcons,veteran,3,Falcons,extension,6638
Michael Vick,QB,Eagles,2009,2,6.875,3.4375,1.5,0.027999999999999997,2001,Falcons,veteran,8,Falcons,new_team_signing,6639
Michael Vick,QB,Eagles,2011,5,80.0,16.0,32.5,0.133,2001,Falcons,veteran,10,Eagles,extension,6640
Michael Vick,QB,Eagles,2013,1,7.5,7.5,3.5,0.061,2001,Falcons,veteran,12,Eagles,extension,6641
Michael Vick,QB,Jets,2014,1,4.0,4.0,4.0,0.03,2001,Falcons,veteran,13,Eagles,new_team_signing,6642
Michael Vick,QB,Steelers,2015,1,0.97,0.97,0.0,0.006999999999999999,2001,Falcons,veteran,14,Jets,new_team_signing,6643
Michael Walker,WR,Jaguars,2019,1,0.136,0.136,0.0,0.001,2019,Jaguars,rookie,0,Jaguars,rookie_deal,6644
Michael Walker,WR,Eagles,2021,1,0.78,0.78,0.0,0.004,2019,Jaguars,veteran,2,Jaguars,new_team_signing,6645
Michael Warren,RB,Commanders,2020,1,0.1428,0.1428,0.0,0.001,2020,Eagles,rookie,0,Commanders,rookie_deal,6646
Michael Warren,RB,Lions,2021,1,0.66,0.66,0.0,0.004,2020,Eagles,veteran,1,Commanders,new_team_signing,6647
Michael Wiley,RB,Commanders,2024,1,0.225,0.225,0.0,0.001,2024,Commanders,rookie,0,Commanders,rookie_deal,6648
Michael Wiley,RB,Buccaneers,2025,1,0.234,0.234,0.0,0.001,2024,Commanders,veteran,1,Commanders,new_team_signing,6649
Michael Wiley,RB,Buccaneers,2026,2,1.935,0.9675,0.0,0.003,2024,Commanders,veteran,2,Buccaneers,extension,6650
Michael Williams,TE,Lions,2013,4,2.225148,0.556287,0.065148,0.005,2013,Lions,rookie,0,Lions,rookie_deal,6651
Michael Williams,TE,Lions,2014,1,0.162315,0.162315,0.0,0.001,2013,Lions,veteran,1,Lions,extension,6652
Michael Williams,TE,DET/NE,2015,2,0.965,0.4825,0.005,0.003,2013,Lions,veteran,2,Lions,new_team_signing,6653
Michael Williams,TE,Patriots,2017,1,0.54,0.54,0.0,0.003,2013,Lions,veteran,4,DET/NE,new_team_signing,6654
Michael Wilson,WR,Cardinals,2023,4,5.339462,1.334866,0.883244,0.006,2023,Cardinals,rookie,0,Cardinals,rookie_deal,6655
Michael Woods,WR,Browns,2022,4,3.828292,0.957073,0.168292,0.005,2022,Browns,rookie,0,Browns,rookie_deal,6656
Michael Woods,WR,Browns,2024,1,0.225,0.225,0.0,0.001,2022,Browns,veteran,2,Browns,extension,6657
Michael Woods,WR,Packers,2025,1,0.234,0.234,0.0,0.001,2022,Browns,veteran,3,Browns,new_team_signing,6658
Michael Woods,WR,Broncos,2026,1,1.075,1.075,0.0,0.004,2022,Browns,veteran,4,Packers,new_team_signing,6659
Michael Wortham,WR,Jaguars,2026,3,3.11,1.036667,0.12,0.003,2026,Jaguars,rookie,0,Jaguars,rookie_deal,6660
Michael Young Jr.,WR,Texans,2022,1,0.207,0.207,0.0,0.001,2022,Colts,rookie,0,Texans,rookie_deal,6661
Michael Zordich,RB,Saints,2013,3,1.488,0.496,0.003,0.0,2013,Panthers,rookie,0,Saints,rookie_deal,6662
Micheal Spurlock,WR,Bears,2006,1,0.73,0.73,0.0,0.0,2006,Cardinals,rookie,0,Bears,rookie_deal,6663
Micky Crum,TE,Steelers,2019,3,1.755,0.585,0.0,0.003,2019,Steelers,rookie,0,Steelers,rookie_deal,6664
Miguel Maysonet,RB,Steelers,2013,1,0.42,0.42,0.0,0.0,2013,Eagles,rookie,0,Steelers,rookie_deal,6665
Mik'Quan Deane,TE,Bills,2019,1,0.495,0.495,0.0,0.003,2019,Seahawks,rookie,0,Bills,rookie_deal,6666
Mikah Holder,WR,Commanders,2018,3,1.71,0.57,0.0,0.003,2018,Commanders,rookie,0,Commanders,rookie_deal,6667
Mike Boone,RB,Vikings,2018,3,1.7175,0.5725,0.0075,0.003,2018,Vikings,rookie,0,Vikings,rookie_deal,6668
Mike Boone,RB,Broncos,2021,2,3.85,1.925,2.6,0.011000000000000001,2018,Vikings,veteran,3,Vikings,new_team_signing,6669
Mike Boone,RB,Panthers,2023,1,0.2898,0.2898,0.0,0.001,2018,Vikings,veteran,5,Broncos,new_team_signing,6670
Mike Boone,RB,Panthers,2024,1,0.3834,0.3834,0.0,0.002,2018,Vikings,veteran,6,Panthers,extension,6671
Mike Boone,RB,Dolphins,2025,1,1.255,1.255,0.0,0.004,2018,Vikings,veteran,7,Panthers,new_team_signing,6672
Mike Brown,WR,Panthers,2012,1,0.585,0.585,0.0,0.0,2012,Jaguars,rookie,0,Panthers,rookie_deal,6673
Mike Caussin,TE,Commanders,2010,1,0.645,0.645,0.0,0.0,2010,Jaguars,rookie,0,Commanders,rookie_deal,6674
Mike Davis,WR,Raiders,2014,4,1.53,0.51,0.0,0.0,2014,Raiders,rookie,0,Raiders,rookie_deal,6675
Mike Davis,RB,SEA/SF,2015,4,2.74878,0.687195,0.46878,0.005,2015,49ers,rookie,0,SEA/SF,rookie_deal,6676
Mike Davis,RB,Seahawks,2017,1,0.1224,0.1224,0.0,0.001,2015,49ers,veteran,2,SEA/SF,new_team_signing,6677
Mike Davis,RB,Seahawks,2018,1,1.35,1.35,0.35,0.008,2015,49ers,veteran,3,Seahawks,extension,6678
Mike Davis,RB,CHI/CAR,2019,2,6.0,3.0,3.0,0.016,2015,49ers,veteran,4,Seahawks,new_team_signing,6679
Mike Davis,RB,Falcons,2021,2,5.5,2.75,3.0,0.015,2015,49ers,veteran,6,CHI/CAR,new_team_signing,6680
Mike Davis,RB,Ravens,2022,1,1.2725,1.2725,0.1525,0.006,2015,49ers,veteran,7,Falcons,new_team_signing,6681
Mike Estes,TE,Chargers,2017,3,1.665,0.555,0.0,0.003,2017,Chargers,rookie,0,Chargers,rookie_deal,6682
Mike Evans,WR,Buccaneers,2014,4,14.631052,3.657763,14.631052,0.027999999999999997,2014,Buccaneers,rookie,0,Buccaneers,rookie_deal,6683
Mike Evans,WR,Buccaneers,2018,5,82.5,16.5,38.258,0.09300000000000001,2014,Buccaneers,veteran,4,Buccaneers,extension,6684
Mike Evans,WR,Buccaneers,2024,2,41.0,20.5,29.0,0.08,2014,Buccaneers,veteran,10,Buccaneers,extension,6685
Mike Evans,WR,49ers,2026,3,42.5,14.166667,14.3,0.047,2014,Buccaneers,veteran,12,Buccaneers,new_team_signing,6686
Mike Gesicki,TE,Dolphins,2018,4,6.611924,1.652981,4.149214,0.009000000000000001,2018,Dolphins,rookie,0,Dolphins,rookie_deal,6687
Mike Gesicki,TE,Dolphins,2022,1,10.931,10.931,10.931,0.053,2018,Dolphins,veteran,4,Dolphins,extension,6688
Mike Gesicki,TE,Patriots,2023,1,4.5,4.5,3.55,0.02,2018,Dolphins,veteran,5,Dolphins,new_team_signing,6689
Mike Gesicki,TE,Bengals,2024,1,2.5,2.5,0.4,0.01,2018,Dolphins,veteran,6,Patriots,new_team_signing,6690
Mike Gesicki,TE,Bengals,2025,3,25.5,8.5,6.5,0.03,2018,Dolphins,veteran,7,Bengals,extension,6691
Mike Gillislee,RB,Dolphins,2013,4,2.3228,0.5807,0.1628,0.005,2013,Dolphins,rookie,0,Dolphins,rookie_deal,6692
Mike Gillislee,RB,Cardinals,2015,1,0.1122,0.1122,0.0,0.001,2013,Dolphins,veteran,2,Dolphins,new_team_signing,6693
Mike Gillislee,RB,Bills,2016,1,0.6,0.6,0.0,0.004,2013,Dolphins,veteran,3,Cardinals,new_team_signing,6694
Mike Gillislee,RB,Bills,2017,1,1.797,1.797,0.0,0.011000000000000001,2013,Dolphins,veteran,4,Bills,extension,6695
Mike Gillislee,RB,Saints,2018,1,0.85,0.85,0.0,0.005,2013,Dolphins,veteran,5,Bills,new_team_signing,6696
Mike Glennon,QB,Buccaneers,2013,4,3.104063,0.776016,0.6375,0.006,2013,Buccaneers,rookie,0,Buccaneers,rookie_deal,6697
Mike Glennon,QB,Bears,2017,3,45.0,15.0,18.5,0.09,2013,Buccaneers,veteran,4,Buccaneers,new_team_signing,6698
Mike Glennon,QB,Cardinals,2018,2,8.0,4.0,4.0,0.023,2013,Buccaneers,veteran,5,Bears,new_team_signing,6699
Mike Glennon,QB,Raiders,2019,1,1.95,1.95,1.4,0.01,2013,Buccaneers,veteran,6,Cardinals,new_team_signing,6700
Mike Glennon,QB,Jaguars,2020,1,0.204,0.204,0.0,0.001,2013,Buccaneers,veteran,7,Raiders,new_team_signing,6701
Mike Glennon,QB,Giants,2021,1,1.375,1.375,0.45,0.008,2013,Buccaneers,veteran,8,Jaguars,new_team_signing,6702
Mike Glennon,QB,Dolphins,2022,1,0.2772,0.2772,0.0,0.001,2013,Buccaneers,veteran,9,Giants,new_team_signing,6703
Mike Goodson,RB,Jets,2009,3,6.9,2.3,1.0,0.0,2009,Panthers,rookie,0,Jets,rookie_deal,6704
Mike Harley,WR,Browns,2022,1,0.207,0.207,0.0,0.001,2022,Browns,rookie,0,Browns,rookie_deal,6705
Mike Harley,WR,Browns,2023,1,0.75,0.75,0.0,0.003,2022,Browns,veteran,1,Browns,extension,6706
Mike Harley,WR,Dolphins,2024,1,0.795,0.795,0.0,0.003,2022,Browns,veteran,2,Browns,new_team_signing,6707
Mike James,RB,Buccaneers,2013,4,2.263152,0.565788,0.103152,0.005,2013,Buccaneers,rookie,0,Buccaneers,rookie_deal,6708
Mike James,RB,Buccaneers,2015,1,0.1122,0.1122,0.0,0.001,2013,Buccaneers,veteran,2,Buccaneers,extension,6709
Mike James,RB,Lions,2016,1,0.1173,0.1173,0.0,0.001,2013,Buccaneers,veteran,3,Buccaneers,new_team_signing,6710
Mike James,RB,Lions,2017,1,0.775,0.775,0.0,0.005,2013,Buccaneers,veteran,4,Lions,extension,6711
Mike Johnson,WR,Eagles,2015,3,1.575,0.525,0.0,0.004,2015,Eagles,rookie,0,Eagles,rookie_deal,6712
Mike McNeill,TE,Panthers,2011,1,0.66,0.66,0.0,0.0,2011,Colts,rookie,0,Panthers,rookie_deal,6713
Mike Miller,TE,Colts,2016,2,0.99,0.495,0.0,0.003,2016,Colts,rookie,0,Colts,rookie_deal,6714
Mike Rigerman,TE,Ravens,2024,3,2.831,0.943667,0.001,0.004,2024,Ravens,rookie,0,Ravens,rookie_deal,6715
Mike Strachan,WR,Colts,2021,4,3.594832,0.898708,0.114832,0.005,2021,Colts,rookie,0,Colts,rookie_deal,6716
Mike Strachan,WR,Colts,2023,1,0.216,0.216,0.0,0.001,2021,Colts,veteran,2,Colts,extension,6717
Mike Strachan,WR,Commanders,2024,1,0.3024,0.3024,0.0,0.001,2021,Colts,veteran,3,Colts,new_team_signing,6718
Mike Strachan,WR,Commanders,2025,1,1.1,1.1,0.0,0.004,2021,Colts,veteran,4,Commanders,extension,6719
Mike Thomas,WR,Jaguars,2009,4,2.30245,0.575613,0.50745,0.005,2009,Jaguars,rookie,0,Jaguars,rookie_deal,6720
Mike Thomas,WR,JAX/DET,2011,5,16.785,3.357,2.5,0.027999999999999997,2009,Jaguars,veteran,2,Jaguars,new_team_signing,6721
Mike Thomas,WR,Texans,2014,1,0.73,0.73,0.0,0.005,2009,Jaguars,veteran,5,JAX/DET,new_team_signing,6722
Mike Thomas,WR,Rams,2016,4,2.456068,0.614017,0.116068,0.004,2016,Rams,rookie,0,Rams,rookie_deal,6723
Mike Thomas,WR,Bengals,2020,1,0.85,0.85,0.025,0.004,2016,Rams,veteran,4,Rams,new_team_signing,6724
Mike Thomas,WR,Bengals,2021,1,1.015,1.015,0.0,0.006,2016,Rams,veteran,5,Bengals,extension,6725
Mike Thomas,WR,Ravens,2022,1,0.2772,0.2772,0.0,0.001,2016,Rams,veteran,6,Bengals,new_team_signing,6726
Mike Thomas,WR,Ravens,2023,1,1.08,1.08,0.0,0.005,2016,Rams,veteran,7,Ravens,extension,6727
Mike Wallace,WR,Steelers,2009,3,1.7405,0.580167,0.5555,0.005,2009,Steelers,rookie,0,Steelers,rookie_deal,6728
Mike Wallace,WR,Steelers,2012,1,2.742,2.742,0.0,0.023,2009,Steelers,veteran,3,Steelers,extension,6729
Mike Wallace,WR,MIA/MIN,2013,2,60.0,12.0,27.0,0.098,2009,Steelers,veteran,4,Steelers,new_team_signing,6730
Mike Wallace,WR,Ravens,2016,2,11.5,5.75,4.5,0.037000000000000005,2009,Steelers,veteran,7,MIA/MIN,new_team_signing,6731
Mike Wallace,WR,Eagles,2018,1,1.915,1.915,1.915,0.011000000000000001,2009,Steelers,veteran,9,Ravens,new_team_signing,6732
Mike Washington Jr.,RB,Raiders,2026,4,5.496156,1.374039,1.116156,0.005,2026,Raiders,rookie,0,Raiders,rookie_deal,6733
Mike Weber,RB,Cowboys,2019,1,0.136,0.136,0.0,0.001,2019,Cowboys,rookie,0,Cowboys,rookie_deal,6734
Mike Weber,RB,Packers,2020,1,0.1428,0.1428,0.0,0.001,2019,Cowboys,veteran,1,Cowboys,new_team_signing,6735
Mike Weber,RB,Giants,2021,1,0.66,0.66,0.0,0.004,2019,Cowboys,veteran,2,Packers,new_team_signing,6736
Mike White,QB,Cowboys,2018,4,2.677556,0.669389,0.217556,0.004,2018,Cowboys,rookie,0,Cowboys,rookie_deal,6737
Mike White,QB,Jets,2019,1,0.204,0.204,0.0,0.001,2018,Cowboys,veteran,1,Cowboys,new_team_signing,6738
Mike White,QB,Jets,2020,1,0.136682,0.136682,0.0,0.001,2018,Cowboys,veteran,2,Jets,extension,6739
Mike White,QB,Jets,2021,1,0.85,0.85,0.0,0.005,2018,Cowboys,veteran,3,Jets,extension,6740
Mike White,QB,Jets,2022,1,2.54,2.54,0.0,0.012,2018,Cowboys,veteran,4,Jets,extension,6741
Mike White,QB,Dolphins,2023,2,8.0,4.0,4.5,0.018000000000000002,2018,Cowboys,veteran,5,Jets,new_team_signing,6742
Mike White,QB,Bills,2024,1,0.3834,0.3834,0.0,0.002,2018,Cowboys,veteran,6,Dolphins,new_team_signing,6743
Mike White,QB,Bengals,2025,1,0.315,0.315,0.0,0.001,2018,Cowboys,veteran,7,Bills,new_team_signing,6744
Mike Williams,WR,TB/BUF,2013,5,39.62,7.924,9.4,0.064,2010,Buccaneers,veteran,3,Seahawks,new_team_signing,6745
Mike Williams,WR,Chiefs,2016,1,0.76,0.76,0.0,0.005,2010,Buccaneers,veteran,6,TB/BUF,new_team_signing,6746
Mike Williams,WR,Chargers,2017,4,19.750056,4.937514,19.750056,0.03,2017,Chargers,rookie,0,Chargers,rookie_deal,6747
Mike Williams,WR,Chargers,2022,3,60.0,20.0,40.0,0.096,2017,Chargers,veteran,5,Chargers,extension,6748
Mike Williams,WR,NYJ/PIT,2024,1,10.0,10.0,8.3,0.039,2017,Chargers,veteran,7,Chargers,new_team_signing,6749
Mike Williams,WR,Chargers,2025,1,3.0,3.0,3.0,0.011000000000000001,2017,Chargers,veteran,8,NYJ/PIT,new_team_signing,6750
Mikel Leshoure,RB,Lions,2011,4,3.434178,0.858545,1.595584,0.006999999999999999,2011,Lions,rookie,0,Lions,rookie_deal,6751
Mikey Daniel,RB,Falcons,2020,3,2.2875,0.7625,0.0025,0.004,2020,Falcons,rookie,0,Falcons,rookie_deal,6752
Mikey Daniel,RB,Panthers,2021,1,0.66,0.66,0.0,0.004,2020,Falcons,veteran,1,Falcons,new_team_signing,6753
Miles Austin,WR,Cowboys,2006,3,1.0964,0.365467,0.0164,0.004,2006,Cowboys,rookie,0,Cowboys,rookie_deal,6754
Miles Austin,WR,Cowboys,2009,1,1.545,1.545,0.0,0.013000000000000001,2006,Cowboys,veteran,3,Cowboys,extension,6755
Miles Austin,WR,Cowboys,2010,1,3.168,3.168,0.0,0.025,2006,Cowboys,veteran,4,Cowboys,extension,6756
Miles Austin,WR,Browns,2014,1,2.0,2.0,0.3,0.015,2006,Cowboys,veteran,8,Cowboys,new_team_signing,6757
Miles Austin,WR,Eagles,2015,1,2.3,2.3,1.0,0.016,2006,Cowboys,veteran,9,Browns,new_team_signing,6758
Miles Boykin,WR,PIT/BAL,2019,4,3.574928,0.893732,0.856928,0.005,2019,Ravens,rookie,0,PIT/BAL,rookie_deal,6759
Miles Boykin,WR,Steelers,2023,1,1.08,1.08,0.0,0.005,2019,Ravens,veteran,4,PIT/BAL,new_team_signing,6760
Miles Boykin,WR,Giants,2024,1,0.3024,0.3024,0.0,0.001,2019,Ravens,veteran,5,Steelers,new_team_signing,6761
Miles Boykin,WR,Bears,2025,1,0.396,0.396,0.0,0.001,2019,Ravens,veteran,6,Giants,new_team_signing,6762
Miles Davis,RB,Panthers,2026,3,3.1,1.033333,0.0,0.003,2026,Panthers,rookie,0,Panthers,rookie_deal,6763
Miles Kitselman,TE,Lions,2026,3,3.11,1.036667,0.115,0.003,2026,Lions,rookie,0,Lions,rookie_deal,6764
Miles Sanders,RB,Eagles,2019,4,5.36023,1.340058,3.151995,0.006999999999999999,2019,Eagles,rookie,0,Eagles,rookie_deal,6765
Miles Sanders,RB,Panthers,2023,4,25.4,6.35,13.0,0.027999999999999997,2019,Eagles,veteran,4,Eagles,new_team_signing,6766
Miles Sanders,RB,Cowboys,2025,1,1.3375,1.3375,1.1975,0.005,2019,Eagles,veteran,6,Panthers,new_team_signing,6767
Miles Shuler,WR,Panthers,2016,3,1.62,0.54,0.0,0.003,2016,,rookie,0,Panthers,rookie_deal,6768
Miller Forristall,TE,Titans,2021,1,0.1656,0.1656,0.0,0.001,2021,Titans,rookie,0,Titans,rookie_deal,6769
Miller Forristall,TE,Browns,2022,1,0.207,0.207,0.0,0.001,2021,Titans,veteran,1,Titans,new_team_signing,6770
Miller Forristall,TE,Rams,2023,1,0.216,0.216,0.0,0.001,2021,Titans,veteran,2,Browns,new_team_signing,6771
Miller Forristall,TE,Rams,2024,1,0.225,0.225,0.0,0.001,2021,Titans,veteran,3,Rams,extension,6772
Miller Moss,QB,Bears,2026,3,3.11,1.036667,0.21,0.003,2026,Bears,rookie,0,Bears,rookie_deal,6773
Milton Williams,WR,Raiders,2015,3,1.575,0.525,0.0,0.0,2015,Raiders,rookie,0,Raiders,rookie_deal,6774
Milton Wright,WR,Chargers,2023,3,2.695,0.898333,0.0,0.004,2023,Chargers,rookie,0,Chargers,rookie_deal,6775
Mitch Leidner,QB,Vikings,2017,3,1.655,0.555,0.0,0.003,2017,Vikings,rookie,0,Vikings,rookie_deal,6776
Mitchell Evans,TE,Panthers,2025,4,4.590968,1.147742,0.390968,0.004,2025,Panthers,rookie,0,Panthers,rookie_deal,6777
Mitchell Paige,WR,Chargers,2017,3,1.665,0.555,0.0,0.003,2017,Chargers,rookie,0,Chargers,rookie_deal,6778
Mitchell Tinsley,WR,Commanders,2023,3,2.71,0.903333,0.135,0.004,2023,Commanders,rookie,0,Commanders,rookie_deal,6779
Mitchell Tinsley,WR,Commanders,2024,1,0.225,0.225,0.0,0.001,2023,Commanders,veteran,1,Commanders,extension,6780
Mitchell Tinsley,WR,Bengals,2025,1,0.96,0.96,0.0,0.003,2023,Commanders,veteran,2,Commanders,new_team_signing,6781
Mitchell Tinsley,WR,Bengals,2026,1,1.075,1.075,0.0,0.004,2023,Commanders,veteran,3,Bengals,extension,6782
Mitchell Trubisky,QB,Bears,2017,4,29.032436,7.258109,29.032436,0.043,2017,Bears,rookie,0,Bears,rookie_deal,6783
Mitchell Trubisky,QB,Bills,2021,1,2.5,2.5,2.0,0.013999999999999999,2017,Bears,veteran,4,Bears,new_team_signing,6784
Mitchell Trubisky,QB,Steelers,2022,2,14.285,7.4125,5.25,0.036000000000000004,2017,Bears,veteran,5,Bills,new_team_signing,6785
Mitchell Trubisky,QB,Steelers,2023,2,11.25,5.625,6.92,0.025,2017,Bears,veteran,6,Steelers,extension,6786
Mitchell Trubisky,QB,Bills,2024,2,5.25,2.625,2.71,0.01,2017,Bears,veteran,7,Steelers,new_team_signing,6787
Mitchell Trubisky,QB,Titans,2026,2,10.5,5.25,6.825,0.017,2017,Bears,veteran,9,Bills,new_team_signing,6788
Mitchell Van Vooren,TE,Browns,2025,1,0.84,0.84,0.0,0.003,2025,Seahawks,rookie,0,Browns,rookie_deal,6789
Mitchell Wilcox,TE,Bengals,2020,1,0.1428,0.1428,0.0,0.001,2020,Bengals,rookie,0,Bengals,rookie_deal,6790
Mitchell Wilcox,TE,Bengals,2022,1,0.825,0.825,0.0,0.004,2020,Bengals,veteran,2,Bengals,extension,6791
Mitchell Wilcox,TE,Bengals,2023,1,1.04,1.04,0.025,0.005,2020,Bengals,veteran,3,Bengals,extension,6792
Mitchell Wilcox,TE,Patriots,2024,1,0.3834,0.3834,0.0,0.002,2020,Bengals,veteran,4,Bengals,new_team_signing,6793
Mo Alie-Cox,TE,Colts,2017,1,0.1224,0.1224,0.0,0.001,2017,Colts,rookie,0,Colts,rookie_deal,6794
Mo Alie-Cox,TE,Colts,2018,1,0.1292,0.1292,0.0,0.001,2017,Colts,veteran,1,Colts,extension,6795
Mo Alie-Cox,TE,Colts,2019,1,0.66,0.66,0.0,0.004,2017,Colts,veteran,2,Colts,extension,6796
Mo Alie-Cox,TE,Colts,2021,1,3.384,3.384,0.0,0.019,2017,Colts,veteran,4,Colts,extension,6797
Mo Alie-Cox,TE,Colts,2022,3,17.55,5.85,8.2,0.027999999999999997,2017,Colts,veteran,5,Colts,extension,6798
Mo Alie-Cox,TE,Colts,2025,1,2.2,2.2,1.1675,0.008,2017,Colts,veteran,8,Colts,extension,6799
Mo Alie-Cox,TE,Colts,2026,1,2.6875,2.6875,2.1875,0.009000000000000001,2017,Colts,veteran,9,Colts,extension,6800
Mohamed Ibrahim,RB,Lions,2023,1,0.216,0.216,0.0,0.001,2023,Lions,rookie,0,Lions,rookie_deal,6801
Mohamed Ibrahim,RB,Vikings,2024,1,0.795,0.795,0.0,0.003,2023,Lions,veteran,1,Lions,new_team_signing,6802
Mohamed Sanu,WR,Bengals,2012,4,2.713252,0.678313,0.563252,0.006,2012,Bengals,rookie,0,Bengals,rookie_deal,6803
Mohamed Sanu,WR,ATL/NE,2016,5,32.5,6.5,14.0,0.042,2012,Bengals,veteran,4,Bengals,new_team_signing,6804
Mohamed Sanu,WR,Lions,2020,1,0.204,0.204,0.0,0.001,2012,Bengals,veteran,8,ATL/NE,new_team_signing,6805
Mohamed Sanu,WR,49ers,2021,1,1.14,1.14,0.025,0.006,2012,Bengals,veteran,9,Lions,new_team_signing,6806
Mohamed Sanu,WR,Dolphins,2022,1,1.12,1.12,0.0,0.005,2012,Bengals,veteran,10,49ers,new_team_signing,6807
Moliki Matavao,TE,Saints,2025,1,0.234,0.234,0.0,0.001,2025,Saints,rookie,0,Saints,rookie_deal,6808
Monaray Baldwin,WR,Dolphins,2025,3,2.97,0.99,0.015,0.004,2025,Dolphins,rookie,0,Dolphins,rookie_deal,6809
Montana Lemonious-Craig,WR,Steelers,2025,3,2.965,0.988333,0.0,0.004,2025,Steelers,rookie,0,Steelers,rookie_deal,6810
Montay Crockett,WR,Jaguars,2017,1,0.1224,0.1224,0.0,0.001,2017,Packers,rookie,0,Jaguars,rookie_deal,6811
Montay Crockett,WR,Cardinals,2018,1,0.1292,0.1292,0.0,0.001,2017,Packers,veteran,1,Jaguars,new_team_signing,6812
Montay Crockett,WR,Raiders,2019,1,0.495,0.495,0.0,0.003,2017,Packers,veteran,2,Cardinals,new_team_signing,6813
Montee Ball,RB,Broncos,2013,4,3.464326,0.866082,1.629512,0.006999999999999999,2013,Broncos,rookie,0,Broncos,rookie_deal,6814
Montee Ball,RB,Patriots,2015,1,0.1122,0.1122,0.0,0.001,2013,Broncos,veteran,2,Broncos,new_team_signing,6815
Montee Ball,RB,Patriots,2016,1,0.6,0.6,0.0,0.004,2013,Broncos,veteran,3,Patriots,extension,6816
Montorie Foster,WR,Seahawks,2025,1,0.234,0.234,0.0,0.001,2025,Seahawks,rookie,0,Seahawks,rookie_deal,6817
Montorie Foster,WR,Seahawks,2026,1,0.885,0.885,0.0,0.003,2025,Seahawks,veteran,1,Seahawks,extension,6818
Montrell Johnson Jr.,RB,PHI/ARI,2025,1,0.234,0.234,0.0,0.001,2025,Eagles,rookie,0,PHI/ARI,rookie_deal,6819
Montrell Johnson Jr.,RB,Panthers,2026,1,0.885,0.885,0.0,0.003,2025,Eagles,veteran,1,PHI/ARI,new_team_signing,6820
Montrell Washington,WR,Broncos,2022,4,3.974188,0.993547,0.314188,0.005,2022,Broncos,rookie,0,Broncos,rookie_deal,6821
Montrell Washington,WR,Chiefs,2023,1,0.216,0.216,0.0,0.001,2022,Broncos,veteran,1,Broncos,new_team_signing,6822
Montrell Washington,WR,Chiefs,2024,1,0.225,0.225,0.0,0.001,2022,Broncos,veteran,2,Chiefs,extension,6823
Montrell Washington,WR,Giants,2025,1,1.03,1.03,0.0,0.004,2022,Broncos,veteran,3,Chiefs,new_team_signing,6824
Monty Madaris,WR,Bengals,2017,3,1.665,0.555,0.0,0.003,2017,Bengals,rookie,0,Bengals,rookie_deal,6825
Moochie Dixon,WR,Saints,2025,3,2.975,0.991667,0.06,0.004,2025,Saints,rookie,0,Saints,rookie_deal,6826
Moose Muhammad III,WR,Panthers,2025,3,2.965,0.988333,0.0,0.004,2025,Panthers,rookie,0,Panthers,rookie_deal,6827
Moral Stephens,TE,Broncos,2019,1,0.495,0.495,0.0,0.003,2019,Bills,rookie,0,Broncos,rookie_deal,6828
Moritz Boehringer,WR,Bengals,2018,1,0.1292,0.1292,0.0,0.001,2016,Vikings,veteran,2,Vikings,new_team_signing,6829
Moritz Boehringer,WR,Bengals,2019,1,0.136,0.136,0.0,0.001,2016,Vikings,veteran,3,Bengals,extension,6830
Moritz Boehringer,WR,Bengals,2020,1,0.51,0.51,0.0,0.003,2016,Vikings,veteran,4,Bengals,extension,6831
Mose Frazier,WR,Panthers,2018,1,0.1292,0.1292,0.0,0.001,2016,Broncos,veteran,2,Panthers,extension,6832
Mossis Madu,RB,Buccaneers,2011,3,0.0,0.0,0.0,0.0,2011,Buccaneers,rookie,0,Buccaneers,rookie_deal,6833
MyCole Pruitt,TE,Bills,2017,1,0.1224,0.1224,0.0,0.001,2015,Vikings,veteran,2,Vikings,new_team_signing,6834
MyCole Pruitt,TE,Texans,2018,1,0.1292,0.1292,0.0,0.001,2015,Vikings,veteran,3,Bills,new_team_signing,6835
MyCole Pruitt,TE,Titans,2020,1,2.5,2.5,2.35,0.013000000000000001,2015,Vikings,veteran,5,Texans,new_team_signing,6836
MyCole Pruitt,TE,Titans,2021,1,0.252,0.252,0.0,0.001,2015,Vikings,veteran,6,Titans,extension,6837
MyCole Pruitt,TE,Falcons,2022,1,0.3582,0.3582,0.0,0.002,2015,Vikings,veteran,7,Titans,new_team_signing,6838
MyCole Pruitt,TE,Falcons,2023,1,1.215,1.215,0.0,0.005,2015,Vikings,veteran,8,Falcons,extension,6839
MyCole Pruitt,TE,Steelers,2024,1,1.26,1.26,0.0,0.005,2015,Vikings,veteran,9,Falcons,new_team_signing,6840
Mychal Rivera,TE,Raiders,2013,4,2.264852,0.566213,0.104852,0.005,2013,Raiders,rookie,0,Raiders,rookie_deal,6841
Mychal Rivera,TE,Jaguars,2017,2,3.75,1.875,0.75,0.011000000000000001,2013,Raiders,veteran,4,Raiders,new_team_signing,6842
Myles Gaskin,RB,Dolphins,2019,4,2.607108,0.651777,0.087108,0.003,2019,Dolphins,rookie,0,Dolphins,rookie_deal,6843
Myles Gaskin,RB,Vikings,2023,1,0.2898,0.2898,0.0,0.001,2019,Dolphins,veteran,4,Dolphins,new_team_signing,6844
Myles Gaskin,RB,Jaguars,2024,1,0.3024,0.3024,0.0,0.001,2019,Dolphins,veteran,5,Vikings,new_team_signing,6845
Myles Gaskin,RB,Seahawks,2025,1,0.315,0.315,0.0,0.001,2019,Dolphins,veteran,6,Jaguars,new_team_signing,6846
Myles Montgomery,RB,Patriots,2026,3,3.125,1.041667,0.2725,0.003,2026,Patriots,rookie,0,Patriots,rookie_deal,6847
Myles Price,WR,Vikings,2025,3,2.965,0.988333,0.0,0.004,2025,Vikings,rookie,0,Vikings,rookie_deal,6848
Myron Mitchell,WR,Vikings,2021,1,0.1656,0.1656,0.0,0.001,2021,Vikings,rookie,0,Vikings,rookie_deal,6849
Myron Mitchell,WR,Vikings,2022,1,0.705,0.705,0.0,0.003,2021,Vikings,veteran,1,Vikings,extension,6850
N'Keal Harry,WR,CHI/NE,2019,4,10.098348,2.524587,8.900237,0.013000000000000001,2019,Patriots,rookie,0,CHI/NE,rookie_deal,6851
N'Keal Harry,WR,Vikings,2023,1,0.2898,0.2898,0.0,0.001,2019,Patriots,veteran,4,CHI/NE,new_team_signing,6852
N'Keal Harry,WR,Seahawks,2024,1,0.3024,0.3024,0.0,0.001,2019,Patriots,veteran,5,Vikings,new_team_signing,6853
Naaman Roosevelt,WR,Bills,2010,1,0.57,0.57,0.0,0.0,2010,Bills,rookie,0,Bills,rookie_deal,6854
Najee Harris,RB,Steelers,2021,4,13.047444,3.261861,13.047444,0.018000000000000002,2021,Steelers,rookie,0,Steelers,rookie_deal,6855
Najee Harris,RB,Chargers,2025,1,5.25,5.25,5.25,0.019,2021,Steelers,veteran,4,Steelers,new_team_signing,6856
Nakia Griffin-Stewart,TE,Giants,2020,1,0.1428,0.1428,0.0,0.001,2020,Vikings,rookie,0,Giants,rookie_deal,6857
Nakia Griffin-Stewart,TE,Chiefs,2021,1,0.1656,0.1656,0.0,0.001,2020,Vikings,veteran,1,Giants,new_team_signing,6858
Nakia Griffin-Stewart,TE,Colts,2022,1,0.207,0.207,0.0,0.001,2020,Vikings,veteran,2,Chiefs,new_team_signing,6859
Napoleon Maxwell,RB,Bears,2020,1,0.61,0.61,0.0,0.003,2020,Bears,rookie,0,Bears,rookie_deal,6860
Nate Adkins,TE,Broncos,2023,3,2.705,0.901667,0.075,0.004,2023,Broncos,rookie,0,Broncos,rookie_deal,6861
Nate Adkins,TE,Broncos,2026,1,1.635,1.635,0.3,0.005,2023,Broncos,veteran,3,Broncos,extension,6862
Nate Becker,TE,Bills,2019,1,0.136,0.136,0.0,0.001,2019,Lions,rookie,0,Bills,rookie_deal,6863
Nate Becker,TE,Bills,2020,1,0.1428,0.1428,0.0,0.001,2019,Lions,veteran,1,Bills,extension,6864
Nate Becker,TE,Bills,2021,2,1.485,0.7425,0.0,0.004,2019,Lions,veteran,2,Bills,extension,6865
Nate Becker,TE,Packers,2022,1,0.705,0.705,0.0,0.003,2019,Lions,veteran,3,Bills,new_team_signing,6866
Nate Boerkircher,TE,Jaguars,2026,4,8.538996,2.134749,6.737771,0.006999999999999999,2026,Jaguars,rookie,0,Jaguars,rookie_deal,6867
Nate Burleson,WR,Vikings,2003,3,1.439,0.479667,0.529,0.006,2003,Vikings,rookie,0,Vikings,rookie_deal,6868
Nate Burleson,WR,Seahawks,2006,4,14.5,3.625,4.0,0.036000000000000004,2003,Vikings,veteran,3,Vikings,new_team_signing,6869
Nate Burleson,WR,Lions,2010,5,25.0,5.0,11.0,0.039,2003,Vikings,veteran,7,Seahawks,new_team_signing,6870
Nate Burleson,WR,Lions,2013,2,7.5,3.75,0.0,0.03,2003,Vikings,veteran,10,Lions,extension,6871
Nate Burleson,WR,Browns,2014,1,1.02,1.02,0.35,0.008,2003,Vikings,veteran,11,Lions,new_team_signing,6872
Nate Carter,RB,Falcons,2025,3,2.98,0.993333,0.171,0.004,2025,Falcons,rookie,0,Falcons,rookie_deal,6873
Nate Iese,TE,Browns,2017,3,1.665,0.555,0.0,0.003,2017,Browns,rookie,0,Browns,rookie_deal,6874
Nate McCollum,WR,Cardinals,2025,1,0.84,0.84,0.0,0.003,2025,Seahawks,rookie,0,Cardinals,rookie_deal,6875
Nate McCrary,RB,Ravens,2021,1,0.1656,0.1656,0.0,0.001,2021,Ravens,rookie,0,Ravens,rookie_deal,6876
Nate McCrary,RB,Panthers,2022,1,0.207,0.207,0.0,0.001,2021,Ravens,veteran,1,Ravens,new_team_signing,6877
Nate McCrary,RB,Browns,2023,1,0.216,0.216,0.0,0.001,2021,Ravens,veteran,2,Panthers,new_team_signing,6878
Nate McCrary,RB,Packers,2024,1,0.225,0.225,0.0,0.001,2021,Ravens,veteran,3,Browns,new_team_signing,6879
Nate Noel,RB,Colts,2025,1,0.84,0.84,0.0,0.003,2025,Dolphins,rookie,0,Colts,rookie_deal,6880
Nate Stanley,QB,Vikings,2020,1,0.1428,0.1428,0.0,0.001,2020,Vikings,rookie,0,Vikings,rookie_deal,6881
Nate Stanley,QB,Vikings,2021,2,1.485,0.7425,0.0,0.004,2020,Vikings,veteran,1,Vikings,extension,6882
Nate Sudfeld,QB,Commanders,2016,4,2.477336,0.619334,0.137336,0.004,2016,Commanders,rookie,0,Commanders,rookie_deal,6883
Nate Sudfeld,QB,Eagles,2017,1,0.540005,0.540005,0.0,0.003,2016,Commanders,veteran,1,Commanders,new_team_signing,6884
Nate Sudfeld,QB,Eagles,2019,1,3.095,3.095,0.0,0.016,2016,Commanders,veteran,3,Eagles,extension,6885
Nate Sudfeld,QB,Eagles,2020,1,1.7,1.7,1.61,0.009000000000000001,2016,Commanders,veteran,4,Eagles,extension,6886
Nate Sudfeld,QB,49ers,2021,1,0.1656,0.1656,0.0,0.001,2016,Commanders,veteran,5,Eagles,new_team_signing,6887
Nate Sudfeld,QB,Lions,2022,1,1.035,1.035,0.0,0.005,2016,Commanders,veteran,6,49ers,new_team_signing,6888
Nate Sudfeld,QB,Lions,2023,1,1.6,1.6,1.0,0.006999999999999999,2016,Commanders,veteran,7,Lions,extension,6889
Nate Sudfeld,QB,Lions,2024,1,1.21,1.21,0.3,0.005,2016,Commanders,veteran,8,Lions,extension,6890
Nate Sudfeld,QB,49ers,2025,1,1.255,1.255,0.0,0.004,2016,Commanders,veteran,9,Lions,new_team_signing,6891
Nate Washington,WR,Steelers,2005,1,0.0799,0.0799,0.0,0.001,2005,Steelers,rookie,0,Steelers,rookie_deal,6892
Nate Washington,WR,Steelers,2007,1,0.435,0.435,0.0,0.004,2005,Steelers,veteran,2,Steelers,extension,6893
Nate Washington,WR,Steelers,2008,1,1.417,1.417,0.0,0.012,2005,Steelers,veteran,3,Steelers,extension,6894
Nate Washington,WR,Titans,2009,6,26.8,4.466667,6.5,0.036000000000000004,2005,Steelers,veteran,4,Steelers,new_team_signing,6895
Nate Washington,WR,Texans,2015,1,1.0,1.0,0.03,0.006999999999999999,2005,Steelers,veteran,10,Titans,new_team_signing,6896
Nate Washington,WR,Patriots,2016,1,1.065,1.065,0.06,0.006999999999999999,2005,Steelers,veteran,11,Texans,new_team_signing,6897
Nate Wieting,TE,Giants,2020,1,0.1428,0.1428,0.0,0.001,2020,Browns,rookie,0,Giants,rookie_deal,6898
Nate Wieting,TE,Giants,2021,2,1.485,0.7425,0.0,0.004,2020,Browns,veteran,1,Giants,extension,6899
Nate Wozniak,TE,Saints,2018,1,0.1292,0.1292,0.0,0.001,2018,Saints,rookie,0,Saints,rookie_deal,6900
Nate Wozniak,TE,Saints,2019,1,0.136,0.136,0.0,0.001,2018,Saints,veteran,1,Saints,extension,6901
Nathan Cottrell,RB,Jaguars,2020,1,0.1428,0.1428,0.0,0.001,2020,Jaguars,rookie,0,Jaguars,rookie_deal,6902
Nathan Cottrell,RB,Jaguars,2021,1,0.1656,0.1656,0.0,0.001,2020,Jaguars,veteran,1,Jaguars,extension,6903
Nathan Cottrell,RB,Jaguars,2022,1,0.895,0.895,0.0,0.004,2020,Jaguars,veteran,2,Jaguars,extension,6904
Nathan Enderle,QB,Bears,2011,4,2.20886,0.552215,0.16886,0.005,2011,Bears,rookie,0,Bears,rookie_deal,6905
Nathan Enderle,QB,Jaguars,2012,1,0.465,0.465,0.0,0.004,2011,Bears,veteran,1,Bears,new_team_signing,6906
Nathan Enderle,QB,Chargers,2013,1,0.48,0.48,0.0,0.004,2011,Bears,veteran,2,Jaguars,new_team_signing,6907
Nathan Overbay,TE,Ravens,2010,1,0.42,0.42,0.0,0.0,2010,Broncos,rookie,0,Ravens,rookie_deal,6908
Nathan Peterman,QB,Bills,2017,4,2.639508,0.659877,0.239508,0.004,2017,Bills,rookie,0,Bills,rookie_deal,6909
Nathan Peterman,QB,Raiders,2018,1,0.1292,0.1292,0.0,0.001,2017,Bills,veteran,1,Bills,new_team_signing,6910
Nathan Peterman,QB,Raiders,2019,1,0.645,0.645,0.0,0.003,2017,Bills,veteran,2,Raiders,extension,6911
Nathan Peterman,QB,Raiders,2020,1,1.0,1.0,1.0,0.005,2017,Bills,veteran,3,Raiders,extension,6912
Nathan Peterman,QB,Raiders,2021,1,0.252,0.252,0.0,0.001,2017,Bills,veteran,4,Raiders,extension,6913
Nathan Peterman,QB,Bears,2022,1,0.3582,0.3582,0.0,0.002,2017,Bills,veteran,5,Raiders,new_team_signing,6914
Nathan Peterman,QB,Bears,2023,1,0.3708,0.3708,0.0,0.002,2017,Bills,veteran,6,Bears,extension,6915
Nathan Peterman,QB,Falcons,2024,1,0.3024,0.3024,0.0,0.001,2017,Bills,veteran,7,Bears,new_team_signing,6916
Nathan Rourke,QB,Jaguars,2023,1,0.216,0.216,0.0,0.001,2023,Jaguars,rookie,0,Jaguars,rookie_deal,6917
Nathan Rourke,QB,NE/NYG,2024,1,0.915,0.915,0.0,0.004,2023,Jaguars,veteran,1,Jaguars,new_team_signing,6918
Nathan Slaughter,WR,Cardinals,2014,2,0.96,0.48,0.0,0.0,2014,Texans,rookie,0,Cardinals,rookie_deal,6919
Nathaniel Peat,RB,Cowboys,2024,3,2.833,0.944333,0.003,0.004,2024,Cowboys,rookie,0,Cowboys,rookie_deal,6920
Nay'Quan Wright,RB,Colts,2025,3,2.965,0.988333,0.0,0.004,2025,Colts,rookie,0,Colts,rookie_deal,6921
Naz Bohannon,TE,Jaguars,2022,3,2.56,0.853333,0.0,0.004,2022,Jaguars,rookie,0,Jaguars,rookie_deal,6922
Neal Johnson,TE,Jets,2024,1,0.225,0.225,0.0,0.001,2024,Rams,rookie,0,Jets,rookie_deal,6923
Neal Johnson,TE,Jets,2025,2,1.845,0.9225,0.0,0.003,2024,Rams,veteran,1,Jets,extension,6924
Neal Sterling,WR,Jaguars,2015,4,2.28,0.57,0.0,0.004,2015,Jaguars,rookie,0,Jaguars,rookie_deal,6925
Neal Sterling,TE,Chiefs,2017,1,0.1224,0.1224,0.0,0.001,2015,Jaguars,veteran,2,Jaguars,new_team_signing,6926
Neal Sterling,TE,Jets,2018,1,1.907,1.907,0.0,0.011000000000000001,2015,Jaguars,veteran,3,Chiefs,new_team_signing,6927
Neal Sterling,TE,Chiefs,2019,1,0.805,0.805,0.0,0.004,2015,Jaguars,veteran,4,Jets,new_team_signing,6928
Neil Pau'u,WR,Bills,2022,3,2.565,0.855,0.005,0.004,2022,Bills,rookie,0,Bills,rookie_deal,6929
Nelson Agholor,WR,Eagles,2015,4,9.377372,2.344343,8.777566,0.016,2015,Eagles,rookie,0,Eagles,rookie_deal,6930
Nelson Agholor,WR,Raiders,2020,1,1.0475,1.0475,0.8875,0.005,2015,Eagles,veteran,5,Eagles,new_team_signing,6931
Nelson Agholor,WR,Patriots,2021,2,22.0,11.0,16.0,0.06,2015,Eagles,veteran,6,Raiders,new_team_signing,6932
Nelson Agholor,WR,Ravens,2023,1,3.25,3.25,3.25,0.013999999999999999,2015,Eagles,veteran,8,Patriots,new_team_signing,6933
Nelson Agholor,WR,Ravens,2024,1,3.75,3.75,3.75,0.015,2015,Eagles,veteran,9,Ravens,extension,6934
Nelson Spruce,WR,Rams,2016,3,1.62,0.54,0.0,0.003,2016,Rams,rookie,0,Rams,rookie_deal,6935
Nelson Spruce,WR,Bears,2017,1,0.1224,0.1224,0.0,0.001,2016,Rams,veteran,1,Rams,new_team_signing,6936
Nelson Spruce,WR,Chargers,2018,1,0.555,0.555,0.0,0.003,2016,Rams,veteran,2,Bears,new_team_signing,6937
Nic Shimonek,QB,Commanders,2018,1,0.1292,0.1292,0.0,0.001,2018,Chargers,rookie,0,Commanders,rookie_deal,6938
Nick Bowers,TE,Raiders,2020,1,0.1428,0.1428,0.0,0.001,2020,Raiders,rookie,0,Raiders,rookie_deal,6939
Nick Bowers,TE,Raiders,2021,1,0.66,0.66,0.0,0.004,2020,Raiders,veteran,1,Raiders,extension,6940
Nick Bowers,TE,Bengals,2022,1,0.207,0.207,0.0,0.001,2020,Raiders,veteran,2,Raiders,new_team_signing,6941
Nick Bowers,TE,Dolphins,2023,1,0.216,0.216,0.0,0.001,2020,Raiders,veteran,3,Bengals,new_team_signing,6942
Nick Boyle,TE,Ravens,2015,4,2.446252,0.611563,0.166252,0.004,2015,Ravens,rookie,0,Ravens,rookie_deal,6943
Nick Boyle,TE,Ravens,2019,3,18.0,6.0,10.0,0.032,2015,Ravens,veteran,4,Ravens,extension,6944
Nick Boyle,TE,Ravens,2021,2,13.0,6.5,10.5,0.036000000000000004,2015,Ravens,veteran,6,Ravens,extension,6945
Nick Boyle,TE,Ravens,2022,1,0.3582,0.3582,0.0,0.002,2015,Ravens,veteran,7,Ravens,extension,6946
Nick Brossette,RB,Lions,2019,1,0.136,0.136,0.0,0.001,2019,Patriots,rookie,0,Lions,rookie_deal,6947
Nick Chubb,RB,Browns,2018,4,7.383094,1.845774,5.297114,0.01,2018,Browns,rookie,0,Browns,rookie_deal,6948
Nick Chubb,RB,Browns,2021,3,36.6,12.2,17.133059,0.067,2018,Browns,veteran,3,Browns,extension,6949
Nick Chubb,RB,Browns,2024,1,2.275,2.275,2.05,0.009000000000000001,2018,Browns,veteran,6,Browns,extension,6950
Nick Chubb,RB,Texans,2025,1,2.5,2.5,1.5,0.009000000000000001,2018,Browns,veteran,7,Browns,new_team_signing,6951
Nick DeGennaro,WR,Patriots,2026,3,3.11,1.036667,0.035,0.003,2026,Patriots,rookie,0,Patriots,rookie_deal,6952
Nick Easley,WR,Bills,2019,1,0.136,0.136,0.0,0.001,2019,Bills,rookie,0,Bills,rookie_deal,6953
Nick Easley,WR,Bills,2020,2,1.1165,0.55825,0.0065,0.003,2019,Bills,veteran,1,Bills,extension,6954
Nick Eubanks,TE,Lions,2021,1,0.1656,0.1656,0.0,0.001,2021,Cowboys,rookie,0,Lions,rookie_deal,6955
Nick Eubanks,TE,Texans,2022,1,0.207,0.207,0.0,0.001,2021,Cowboys,veteran,1,Lions,new_team_signing,6956
Nick Eubanks,TE,Colts,2023,1,0.75,0.75,0.0,0.003,2021,Cowboys,veteran,2,Texans,new_team_signing,6957
Nick Fitzgerald,QB,Buccaneers,2019,1,0.136,0.136,0.0,0.001,2019,Buccaneers,rookie,0,Buccaneers,rookie_deal,6958
Nick Foles,QB,Eagles,2012,4,2.76852,0.69213,0.54352,0.006,2012,Eagles,rookie,0,Eagles,rookie_deal,6959
Nick Foles,QB,Rams,2015,2,25.0,12.25,12.042,0.085,2012,Eagles,veteran,3,Eagles,new_team_signing,6960
Nick Foles,QB,Chiefs,2016,2,8.5,4.25,0.0,0.027000000000000003,2012,Eagles,veteran,4,Rams,new_team_signing,6961
Nick Foles,QB,Eagles,2017,2,11.0,5.5,7.0,0.033,2012,Eagles,veteran,5,Chiefs,new_team_signing,6962
Nick Foles,QB,Eagles,2018,2,29.0,14.5,5.0,0.08199999999999999,2012,Eagles,veteran,6,Eagles,extension,6963
Nick Foles,QB,CHI/JAX,2019,4,88.0,22.0,45.125,0.11699999999999999,2012,Eagles,veteran,7,Eagles,new_team_signing,6964
Nick Foles,QB,Bears,2020,3,24.0,8.0,21.0,0.04,2012,Eagles,veteran,8,CHI/JAX,new_team_signing,6965
Nick Foles,QB,Colts,2022,2,6.2,3.1,4.0,0.015,2012,Eagles,veteran,10,Bears,new_team_signing,6966
Nick Guggemos,TE,Browns,2021,1,0.1656,0.1656,0.0,0.001,2021,Seahawks,rookie,0,Browns,rookie_deal,6967
Nick Guggemos,TE,Packers,2022,1,0.207,0.207,0.0,0.001,2021,Seahawks,veteran,1,Browns,new_team_signing,6968
Nick Guggemos,TE,Bills,2023,1,0.75,0.75,0.0,0.003,2021,Seahawks,veteran,2,Packers,new_team_signing,6969
Nick Holley,RB,Rams,2018,3,1.71,0.57,0.0,0.003,2018,Rams,rookie,0,Rams,rookie_deal,6970
Nick Kallerup,TE,Seahawks,2025,3,2.99,0.996667,0.259,0.004,2025,Seahawks,rookie,0,Seahawks,rookie_deal,6971
Nick Kasa,TE,Raiders,2013,4,2.2806,0.57015,0.1206,0.005,2013,Raiders,rookie,0,Raiders,rookie_deal,6972
Nick Kasa,TE,Broncos,2016,1,0.525,0.525,0.0,0.003,2013,Raiders,veteran,3,Raiders,new_team_signing,6973
Nick Keizer,TE,Ravens,2018,1,0.1292,0.1292,0.0,0.001,2018,Ravens,rookie,0,Ravens,rookie_deal,6974
Nick Keizer,TE,Chiefs,2019,1,0.495,0.495,0.0,0.003,2018,Ravens,veteran,1,Ravens,new_team_signing,6975
Nick Keizer,TE,Chiefs,2020,1,0.51,0.51,0.0,0.003,2018,Ravens,veteran,2,Chiefs,extension,6976
Nick Keizer,TE,Chiefs,2021,1,0.78,0.78,0.0,0.004,2018,Ravens,veteran,3,Chiefs,extension,6977
Nick Mullens,QB,49ers,2017,1,0.1224,0.1224,0.0,0.001,2017,49ers,rookie,0,49ers,rookie_deal,6978
Nick Mullens,QB,49ers,2018,1,0.17,0.17,0.0,0.001,2017,49ers,veteran,1,49ers,extension,6979
Nick Mullens,QB,49ers,2020,1,0.75,0.75,0.0,0.004,2017,49ers,veteran,3,49ers,extension,6980
Nick Mullens,QB,Browns,2021,1,0.252,0.252,0.0,0.001,2017,49ers,veteran,4,49ers,new_team_signing,6981
Nick Mullens,QB,LV/MIN,2022,1,2.0,2.0,1.0,0.01,2017,49ers,veteran,5,Browns,new_team_signing,6982
Nick Mullens,QB,Vikings,2023,2,4.0,2.0,1.9225,0.009000000000000001,2017,49ers,veteran,6,LV/MIN,new_team_signing,6983
Nick Mullens,QB,Vikings,2024,1,1.9,1.9,0.0,0.006999999999999999,2017,49ers,veteran,7,Vikings,extension,6984
Nick Mullens,QB,Jaguars,2025,2,4.5,2.25,3.0,0.008,2017,49ers,veteran,8,Vikings,new_team_signing,6985
Nick Muse,TE,Vikings,2022,1,0.207,0.207,0.0,0.001,2022,Vikings,rookie,0,Vikings,rookie_deal,6986
Nick Muse,TE,Vikings,2023,1,0.87,0.87,0.0,0.004,2022,Vikings,veteran,1,Vikings,extension,6987
Nick Muse,TE,Vikings,2024,1,0.225,0.225,0.0,0.001,2022,Vikings,veteran,2,Vikings,extension,6988
Nick Muse,TE,Rams,2025,1,0.315,0.315,0.0,0.001,2022,Vikings,veteran,3,Vikings,new_team_signing,6989
Nick Nash,WR,Falcons,2025,1,0.234,0.234,0.0,0.001,2025,Falcons,rookie,0,Falcons,rookie_deal,6990
Nick Nash,WR,Commanders,2026,1,0.885,0.885,0.0,0.003,2025,Falcons,veteran,1,Falcons,new_team_signing,6991
Nick O'Leary,TE,Bills,2015,4,0.0,0.0,0.0,0.0,2015,Bills,rookie,0,Bills,rookie_deal,6992
Nick O'Leary,TE,Dolphins,2018,1,0.1292,0.1292,0.0,0.001,2015,Bills,veteran,3,Bills,new_team_signing,6993
Nick O'Leary,TE,Jaguars,2019,1,0.805,0.805,0.0,0.004,2015,Bills,veteran,4,Dolphins,new_team_signing,6994
Nick O'Leary,TE,Raiders,2020,1,1.0475,1.0475,0.1375,0.005,2015,Bills,veteran,5,Jaguars,new_team_signing,6995
Nick Ralston,TE,Cowboys,2021,1,0.1656,0.1656,0.0,0.001,2021,Cowboys,rookie,0,Cowboys,rookie_deal,6996
Nick Ralston,TE,Cowboys,2022,2,1.765,0.8825,0.0,0.004,2021,Cowboys,veteran,1,Cowboys,extension,6997
Nick Schuessler,QB,Steelers,2017,3,1.665,0.555,0.0,0.003,2017,Steelers,rookie,0,Steelers,rookie_deal,6998
Nick Singleton,RB,Titans,2026,4,4.848644,1.212161,0.0,0.004,2026,Titans,rookie,0,Titans,rookie_deal,6999
Nick Stevens,QB,Broncos,2018,3,1.7105,0.570167,0.0005,0.003,2018,Broncos,rookie,0,Broncos,rookie_deal,7000
Nick Tiano,QB,Texans,2020,3,2.285,0.761667,0.0,0.004,2020,Texans,rookie,0,Texans,rookie_deal,7001
Nick Toon,WR,Saints,2012,4,2.507612,0.626903,0.407612,0.005,2012,Saints,rookie,0,Saints,rookie_deal,7002
Nick Toon,WR,Rams,2015,1,0.1122,0.1122,0.0,0.001,2012,Saints,veteran,3,Saints,new_team_signing,7003
Nick Truesdell,TE,Jets,2019,1,0.495,0.495,0.0,0.003,2013,,veteran,6,Vikings,new_team_signing,7004
Nick Vannett,TE,SEA/PIT,2016,4,3.05688,0.76422,0.65688,0.005,2016,Seahawks,rookie,0,SEA/PIT,rookie_deal,7005
Nick Vannett,TE,Broncos,2020,2,5.7,2.85,2.5,0.013999999999999999,2016,Seahawks,veteran,4,SEA/PIT,new_team_signing,7006
Nick Vannett,TE,Saints,2021,3,8.0,2.666667,3.8,0.015,2016,Seahawks,veteran,5,Broncos,new_team_signing,7007
Nick Vannett,TE,Giants,2022,1,0.2772,0.2772,0.0,0.001,2016,Seahawks,veteran,6,Saints,new_team_signing,7008
Nick Vannett,TE,Chargers,2023,1,0.2898,0.2898,0.0,0.001,2016,Seahawks,veteran,7,Giants,new_team_signing,7009
Nick Vannett,TE,Titans,2024,1,1.21,1.21,0.0,0.005,2016,Seahawks,veteran,8,Chargers,new_team_signing,7010
Nick Vannett,TE,Vikings,2025,1,0.396,0.396,0.0,0.001,2016,Seahawks,veteran,9,Titans,new_team_signing,7011
Nick Westbrook-Ikhine,WR,Titans,2020,1,0.1428,0.1428,0.0,0.001,2020,Titans,rookie,0,Titans,rookie_deal,7012
Nick Westbrook-Ikhine,WR,Titans,2022,1,0.895,0.895,0.0,0.004,2020,Titans,veteran,2,Titans,extension,7013
Nick Westbrook-Ikhine,WR,Titans,2023,1,1.26,1.26,0.4,0.006,2020,Titans,veteran,3,Titans,extension,7014
Nick Westbrook-Ikhine,WR,Titans,2024,1,2.0,2.0,0.75,0.008,2020,Titans,veteran,4,Titans,extension,7015
Nick Westbrook-Ikhine,WR,Dolphins,2025,2,5.99,2.995,3.2,0.011000000000000001,2020,Titans,veteran,5,Titans,new_team_signing,7016
Nick Westbrook-Ikhine,WR,Colts,2026,1,1.4025,1.4025,0.4375,0.005,2020,Titans,veteran,6,Dolphins,new_team_signing,7017
Nick Williams,WR,Titans,2018,1,0.79,0.79,0.0,0.004,2013,Commanders,veteran,5,Falcons,new_team_signing,7018
Nick Williams,WR,SF/DEN,2019,1,0.805,0.805,0.0,0.004,2013,Commanders,veteran,6,Titans,new_team_signing,7019
Nick Williams,WR,Broncos,2023,1,0.75,0.75,0.0,0.003,2023,Broncos,rookie,0,Broncos,rookie_deal,7020
Nico Collins,WR,Texans,2021,4,4.871516,1.217879,0.90292,0.006999999999999999,2021,Texans,rookie,0,Texans,rookie_deal,7021
Nico Collins,WR,Texans,2024,3,72.75,24.25,32.116,0.095,2021,Texans,veteran,3,Texans,extension,7022
Nico Collins,WR,Texans,2026,2,60.0,30.0,57.0,0.1,2021,Texans,veteran,5,Texans,extension,7023
Nico Evans,RB,Eagles,2019,3,1.767,0.589,0.012,0.003,2019,Eagles,rookie,0,Eagles,rookie_deal,7024
Nigel King,WR,49ers,2015,1,0.96,0.48,0.0,0.003,2015,Dolphins,rookie,0,49ers,rookie_deal,7025
Nikko Remigio,WR,Chiefs,2023,3,2.71,0.903333,0.05,0.004,2023,Chiefs,rookie,0,Chiefs,rookie_deal,7026
Nikko Remigio,WR,Chiefs,2024,1,0.225,0.225,0.0,0.001,2023,Chiefs,veteran,1,Chiefs,extension,7027
Nikko Remigio,WR,Chiefs,2026,1,1.075,1.075,0.0,0.004,2023,Chiefs,veteran,3,Chiefs,extension,7028
Nikola Kalinic,TE,Colts,2022,1,0.207,0.207,0.0,0.001,2022,Colts,rookie,0,Colts,rookie_deal,7029
Nikola Kalinic,TE,Rams,2023,1,0.216,0.216,0.0,0.001,2022,Colts,veteran,1,Colts,new_team_signing,7030
Nikola Kalinic,TE,Rams,2024,1,0.225,0.225,0.0,0.001,2022,Colts,veteran,2,Rams,extension,7031
Nikola Kalinic,TE,Bears,2025,1,0.234,0.234,0.0,0.001,2022,Colts,veteran,3,Rams,new_team_signing,7032
Nikola Kalinic,TE,Bears,2026,1,1.005,1.005,0.0,0.003,2022,Colts,veteran,4,Bears,extension,7033
Niles Paul,TE,Commanders,2011,4,2.221652,0.555413,0.181652,0.005,2011,Commanders,rookie,0,Commanders,rookie_deal,7034
Niles Paul,TE,Commanders,2015,3,6.0,2.0,2.25,0.013999999999999999,2011,Commanders,veteran,4,Commanders,extension,7035
Niles Paul,TE,Jaguars,2018,2,4.75,2.375,1.5,0.013000000000000001,2011,Commanders,veteran,7,Commanders,new_team_signing,7036
Niles Paul,TE,49ers,2019,1,0.93,0.93,0.0,0.005,2011,Commanders,veteran,8,Jaguars,new_team_signing,7037
Noah Brown,WR,Cowboys,2017,4,2.471952,0.617988,0.071952,0.004,2017,Cowboys,rookie,0,Cowboys,rookie_deal,7038
Noah Brown,WR,Cowboys,2021,1,1.1275,1.1275,0.1375,0.006,2017,Cowboys,veteran,4,Cowboys,extension,7039
Noah Brown,WR,Cowboys,2022,1,1.1875,1.1875,0.3025,0.006,2017,Cowboys,veteran,5,Cowboys,extension,7040
Noah Brown,WR,Texans,2023,1,2.6,2.6,2.25,0.012,2017,Cowboys,veteran,6,Cowboys,new_team_signing,7041
Noah Brown,WR,Commanders,2024,1,1.21,1.21,0.0,0.005,2017,Cowboys,veteran,7,Texans,new_team_signing,7042
Noah Brown,WR,Commanders,2025,1,3.25,3.25,2.47,0.012,2017,Cowboys,veteran,8,Commanders,extension,7043
Noah Cain,RB,Bengals,2024,3,2.8375,0.945833,0.0075,0.004,2024,Bengals,rookie,0,Bengals,rookie_deal,7044
Noah Fant,TE,DEN/SEA,2019,4,12.590724,3.147681,12.590724,0.017,2019,Broncos,rookie,0,DEN/SEA,rookie_deal,7045
Noah Fant,TE,Seahawks,2024,2,21.0,10.5,11.49,0.040999999999999995,2019,Broncos,veteran,5,DEN/SEA,new_team_signing,7046
Noah Fant,TE,Bengals,2025,1,2.75,2.75,1.0,0.01,2019,Broncos,veteran,6,Seahawks,new_team_signing,7047
Noah Fant,TE,Saints,2026,2,8.75,4.375,4.5,0.015,2019,Broncos,veteran,7,Bengals,new_team_signing,7048
Noah Gindorff,TE,Steelers,2023,1,0.216,0.216,0.0,0.001,2023,Seahawks,rookie,0,Steelers,rookie_deal,7049
Noah Gray,TE,Chiefs,2021,4,3.79378,0.948445,0.31378,0.005,2021,Chiefs,rookie,0,Chiefs,rookie_deal,7050
Noah Gray,TE,Chiefs,2024,3,18.0,6.0,10.016,0.023,2021,Chiefs,veteran,3,Chiefs,extension,7051
Noah Short,WR,Buccaneers,2026,3,3.101,1.033667,0.001,0.003,2026,Buccaneers,rookie,0,Buccaneers,rookie_deal,7052
Noah Thomas,WR,Bengals,2026,3,3.11,1.036667,0.01,0.003,2026,Bengals,rookie,0,Bengals,rookie_deal,7053
Noah Togiai,TE,Eagles,2020,3,2.295,0.765,0.1,0.004,2020,Eagles,rookie,0,Eagles,rookie_deal,7054
Noah Togiai,TE,Eagles,2021,1,0.1656,0.1656,0.0,0.001,2020,Eagles,veteran,1,Eagles,extension,7055
Noah Togiai,TE,Eagles,2022,1,0.207,0.207,0.0,0.001,2020,Eagles,veteran,2,Eagles,extension,7056
Noah Togiai,TE,Raiders,2023,1,0.216,0.216,0.0,0.001,2020,Eagles,veteran,3,Eagles,new_team_signing,7057
Noah Togiai,TE,Eagles,2024,1,0.915,0.915,0.0,0.004,2020,Eagles,veteran,4,Raiders,new_team_signing,7058
Noah Whittington,RB,Texans,2026,3,3.12,1.04,0.2675,0.003,2026,Texans,rookie,0,Texans,rookie_deal,7059
Noel Thomas,WR,Lions,2017,1,0.1224,0.1224,0.0,0.001,2017,Lions,rookie,0,Lions,rookie_deal,7060
Nolan Givan,TE,Lions,2022,3,2.57,0.856667,0.01,0.004,2022,Lions,rookie,0,Lions,rookie_deal,7061
Nolan Henderson,QB,Ravens,2023,3,2.701,0.900333,0.006,0.004,2023,Ravens,rookie,0,Ravens,rookie_deal,7062
Nsimba Webster,WR,Rams,2019,1,0.136,0.136,0.0,0.001,2019,Rams,rookie,0,Rams,rookie_deal,7063
Nsimba Webster,WR,Bears,2021,1,0.1656,0.1656,0.0,0.001,2019,Rams,veteran,2,Rams,new_team_signing,7064
Nsimba Webster,WR,Bears,2022,1,0.3582,0.3582,0.0,0.002,2019,Rams,veteran,3,Bears,extension,7065
Nsimba Webster,WR,Bears,2023,1,0.3708,0.3708,0.0,0.002,2019,Rams,veteran,4,Bears,extension,7066
Nsimba Webster,WR,Bears,2024,1,1.055,1.055,0.0,0.004,2019,Rams,veteran,5,Bears,extension,7067
Nyheim Miller-Hines,RB,Colts,2018,4,3.184548,0.796137,0.724548,0.004,2018,Colts,rookie,0,Colts,rookie_deal,7068
Nyheim Miller-Hines,RB,IND/BUF,2021,3,18.6,6.2,10.3,0.034,2018,Colts,veteran,3,Colts,new_team_signing,7069
Nyheim Miller-Hines,RB,Bills,2023,2,9.0,4.5,2.0,0.02,2018,Colts,veteran,5,IND/BUF,new_team_signing,7070
Nyheim Miller-Hines,RB,Browns,2024,1,1.495,1.495,0.85,0.006,2018,Colts,veteran,6,Bills,new_team_signing,7071
Nyheim Miller-Hines,RB,Chargers,2025,1,0.315,0.315,0.0,0.001,2018,Colts,veteran,7,Browns,new_team_signing,7072
O.J. Howard,TE,Buccaneers,2017,4,11.094856,2.773714,11.094856,0.017,2017,Buccaneers,rookie,0,Buccaneers,rookie_deal,7073
O.J. Howard,TE,Texans,2022,1,1.035,1.035,0.0,0.005,2017,Buccaneers,veteran,5,Buccaneers,new_team_signing,7074
O.J. Howard,TE,Raiders,2023,1,1.2325,1.2325,0.45125,0.005,2017,Buccaneers,veteran,6,Texans,new_team_signing,7075
Octavian Smith,WR,Ravens,2026,3,3.1075,1.035833,0.0075,0.003,2026,Ravens,rookie,0,Ravens,rookie_deal,7076
Odell Beckham Jr.,WR,Giants,2014,4,10.406198,2.60155,10.406198,0.02,2014,Giants,rookie,0,Giants,rookie_deal,7077
Odell Beckham Jr.,WR,NYG/CLE,2018,5,90.0,18.0,40.959,0.102,2014,Giants,veteran,4,Giants,new_team_signing,7078
Odell Beckham Jr.,WR,Rams,2021,1,2.0,1.5,0.5,0.008,2014,Giants,veteran,7,NYG/CLE,new_team_signing,7079
Odell Beckham Jr.,WR,Ravens,2023,1,15.0,15.0,15.0,0.067,2014,Giants,veteran,9,Rams,new_team_signing,7080
Odell Beckham Jr.,WR,Dolphins,2024,1,3.0,3.0,3.0,0.012,2014,Giants,veteran,10,Ravens,new_team_signing,7081
Odell Beckham Jr.,WR,Giants,2026,1,1.3,1.3,0.0,0.004,2014,Giants,veteran,12,Dolphins,new_team_signing,7082
Odieu Hiliare,WR,Falcons,2024,3,2.83,0.943333,0.0,0.004,2024,Falcons,rookie,0,Falcons,rookie_deal,7083
Olabisi Johnson,WR,Vikings,2019,4,2.594576,0.648644,0.074576,0.003,2019,Vikings,rookie,0,Vikings,rookie_deal,7084
Olamide Zaccheaus,WR,Falcons,2019,3,1.76,0.586667,0.005,0.003,2019,Falcons,rookie,0,Falcons,rookie_deal,7085
Olamide Zaccheaus,WR,Falcons,2022,1,2.433,2.433,0.0,0.012,2019,Falcons,veteran,3,Falcons,extension,7086
Olamide Zaccheaus,WR,Eagles,2023,1,1.2325,1.2325,0.65,0.005,2019,Falcons,veteran,4,Falcons,new_team_signing,7087
Olamide Zaccheaus,WR,Commanders,2024,1,1.2925,1.2925,0.38,0.005,2019,Falcons,veteran,5,Eagles,new_team_signing,7088
Olamide Zaccheaus,WR,Bears,2025,1,1.5,1.5,0.75,0.005,2019,Falcons,veteran,6,Commanders,new_team_signing,7089
Olamide Zaccheaus,WR,Falcons,2026,2,4.5,2.25,2.3,0.006999999999999999,2019,Falcons,veteran,7,Bears,new_team_signing,7090
Oliver Martin,WR,Jaguars,2023,3,2.696,0.898667,0.002,0.004,2023,Jaguars,rookie,0,Jaguars,rookie_deal,7091
Ollie Gordon II,RB,Dolphins,2025,4,4.472664,1.118166,0.272664,0.004,2025,Dolphins,rookie,0,Dolphins,rookie_deal,7092
Omar Bayless,WR,Panthers,2020,3,2.285,0.761667,0.1,0.004,2020,Panthers,rookie,0,Panthers,rookie_deal,7093
Omar Bayless,WR,Panthers,2021,1,0.1656,0.1656,0.0,0.001,2020,Panthers,veteran,1,Panthers,extension,7094
Omar Bayless,WR,Chiefs,2022,1,0.705,0.705,0.0,0.003,2020,Panthers,veteran,2,Panthers,new_team_signing,7095
Omar Bolden,WR,Broncos,2012,4,2.574428,0.643607,0.474428,0.005,2012,Broncos,rookie,0,Broncos,rookie_deal,7096
Omar Cooper,WR,Jets,2026,4,17.474196,4.368549,17.474196,0.015,2026,Jets,rookie,0,Jets,rookie_deal,7097
Omari Evans,WR,Chiefs,2026,3,3.105,1.035,0.085,0.003,2026,Chiefs,rookie,0,Chiefs,rookie_deal,7098
Omari Kelly,WR,Bears,2026,3,3.11,1.036667,0.135,0.003,2026,Bears,rookie,0,Bears,rookie_deal,7099
Omarion Hampton,RB,Chargers,2025,4,17.774464,4.443616,17.774464,0.016,2025,Chargers,rookie,0,Chargers,rookie_deal,7100
Oronde Gadsden II,TE,Chargers,2025,4,4.574036,1.143509,0.374036,0.004,2025,Chargers,rookie,0,Chargers,rookie_deal,7101
Orson Charles,TE,Bengals,2012,4,2.5293,0.632325,0.4293,0.005,2012,Bengals,rookie,0,Bengals,rookie_deal,7102
Orson Charles,TE,Titans,2014,1,0.1071,0.1071,0.0,0.001,2012,Bengals,veteran,2,Bengals,new_team_signing,7103
Orson Charles,TE,Saints,2015,1,0.585,0.585,0.0,0.004,2012,Bengals,veteran,3,Titans,new_team_signing,7104
Orson Charles,TE,Lions,2016,2,1.29,0.645,0.0,0.004,2012,Bengals,veteran,4,Saints,new_team_signing,7105
Orson Charles,TE,Chiefs,2017,1,0.1224,0.1224,0.0,0.001,2012,Bengals,veteran,5,Lions,new_team_signing,7106
Orson Charles,TE,Browns,2018,1,0.79,0.79,0.0,0.004,2012,Bengals,veteran,6,Chiefs,new_team_signing,7107
Orson Charles,TE,Broncos,2019,1,0.805,0.805,0.0,0.004,2012,Bengals,veteran,7,Browns,new_team_signing,7108
Orwin Smith,RB,Packers,2013,3,1.53,0.51,0.0,0.0,2013,Packers,rookie,0,Packers,rookie_deal,7109
Oscar Cardenas,TE,Cardinals,2025,3,2.975,0.991667,0.06,0.004,2025,Cardinals,rookie,0,Cardinals,rookie_deal,7110
Oscar Delp,TE,Saints,2026,4,7.206404,1.801601,1.70102,0.006,2026,Saints,rookie,0,Saints,rookie_deal,7111
Oscar Johnson,TE,Panthers,2013,1,0.42,0.42,0.0,0.0,2013,Titans,rookie,0,Panthers,rookie_deal,7112
Osirus Mitchell,WR,Cowboys,2021,1,0.1656,0.1656,0.0,0.001,2021,Cowboys,rookie,0,Cowboys,rookie_deal,7113
Osirus Mitchell,WR,Packers,2022,1,0.705,0.705,0.0,0.003,2021,Cowboys,veteran,1,Cowboys,new_team_signing,7114
Otis Anderson,RB,Rams,2021,1,0.1656,0.1656,0.0,0.001,2021,Rams,rookie,0,Rams,rookie_deal,7115
Owen Daniels,TE,Texans,2006,3,1.45,0.483333,0.37,0.005,2006,Texans,rookie,0,Texans,rookie_deal,7116
Owen Daniels,TE,Texans,2009,1,2.792,2.792,0.0,0.023,2006,Texans,veteran,3,Texans,extension,7117
Owen Daniels,TE,Texans,2010,1,3.168,3.168,0.0,0.025,2006,Texans,veteran,4,Texans,extension,7118
Owen Daniels,TE,Texans,2011,4,22.0,5.5,6.0,0.046,2006,Texans,veteran,5,Texans,extension,7119
Owen Daniels,TE,Ravens,2014,1,1.0,1.0,0.0,0.008,2006,Texans,veteran,8,Texans,new_team_signing,7120
Owen Daniels,TE,Broncos,2015,3,12.25,4.083333,3.0,0.027999999999999997,2006,Texans,veteran,9,Ravens,new_team_signing,7121
Owen Marecic,RB,Browns,2011,4,2.448,0.612,0.408,0.005,2011,Browns,rookie,0,Browns,rookie_deal,7122
Owen Marecic,RB,49ers,2013,1,0.555,0.555,0.0,0.005,2011,Browns,veteran,2,Browns,new_team_signing,7123
Owen Wright,RB,Ravens,2023,1,0.216,0.216,0.0,0.001,2023,Ravens,rookie,0,Ravens,rookie_deal,7124
Owen Wright,RB,Ravens,2024,1,0.795,0.795,0.0,0.003,2023,Ravens,veteran,1,Ravens,extension,7125
Owen Wright,RB,Buccaneers,2025,1,0.234,0.234,0.0,0.001,2023,Ravens,veteran,2,Ravens,new_team_signing,7126
Owen Wright,RB,Buccaneers,2026,2,2.125,1.0625,0.0,0.004,2023,Ravens,veteran,3,Buccaneers,extension,7127
Papi White,WR,Titans,2019,1,0.136,0.136,0.0,0.001,2019,Jaguars,rookie,0,Titans,rookie_deal,7128
Parker Hesse,TE,Titans,2019,1,0.136,0.136,0.0,0.001,2019,Titans,rookie,0,Titans,rookie_deal,7129
Parker Hesse,TE,Titans,2020,1,0.1428,0.1428,0.0,0.001,2019,Titans,veteran,1,Titans,extension,7130
Parker Hesse,TE,Falcons,2021,1,0.1656,0.1656,0.0,0.001,2019,Titans,veteran,2,Titans,new_team_signing,7131
Parker Hesse,TE,Falcons,2023,1,0.216,0.216,0.0,0.001,2019,Titans,veteran,4,Falcons,extension,7132
Parker Hesse,TE,Lions,2024,1,1.055,1.055,0.0,0.004,2019,Titans,veteran,5,Falcons,new_team_signing,7133
Parker Houston,TE,Cardinals,2020,3,2.287,0.762333,0.002,0.004,2020,Cardinals,rookie,0,Cardinals,rookie_deal,7134
Parker Washington,WR,Jaguars,2023,4,4.032264,1.008066,0.192264,0.004,2023,Jaguars,rookie,0,Jaguars,rookie_deal,7135
Parris Campbell,WR,Colts,2019,4,4.775936,1.193984,2.700496,0.006,2019,Colts,rookie,0,Colts,rookie_deal,7136
Parris Campbell,WR,Giants,2023,1,4.7,4.7,2.9,0.021,2019,Colts,veteran,4,Colts,new_team_signing,7137
Parris Campbell,WR,Eagles,2024,1,0.3024,0.3024,0.0,0.001,2019,Colts,veteran,5,Giants,new_team_signing,7138
Parris Campbell,WR,Cowboys,2025,1,0.396,0.396,0.0,0.001,2019,Colts,veteran,6,Eagles,new_team_signing,7139
Parris Campbell,WR,Cowboys,2026,1,1.215,1.215,0.0,0.004,2019,Colts,veteran,7,Cowboys,extension,7140
Pat Bryant,WR,Broncos,2025,4,6.58108,1.64527,1.42624,0.006,2025,Broncos,rookie,0,Broncos,rookie_deal,7141
Pat Conroy,TE,Raiders,2025,3,2.975,0.991667,0.04,0.004,2025,Raiders,rookie,0,Raiders,rookie_deal,7142
Pat Freiermuth,TE,Steelers,2021,4,6.02818,1.507045,3.33814,0.008,2021,Steelers,rookie,0,Steelers,rookie_deal,7143
Pat Freiermuth,TE,Steelers,2024,4,48.4,12.1,11.6,0.047,2021,Steelers,veteran,3,Steelers,extension,7144
Patrick Carr,RB,Seahawks,2020,1,0.61,0.61,0.0,0.003,2020,Seahawks,rookie,0,Seahawks,rookie_deal,7145
Patrick Edwards,WR,Lions,2012,2,1.08,0.54,0.0,0.0,2012,Lions,rookie,0,Lions,rookie_deal,7146
Patrick Gurd,TE,Raiders,2026,3,3.1,1.033333,0.0,0.003,2026,Raiders,rookie,0,Raiders,rookie_deal,7147
Patrick Herbert,TE,Jaguars,2025,1,0.234,0.234,0.0,0.001,2025,Jaguars,rookie,0,Jaguars,rookie_deal,7148
Patrick Herbert,TE,Jaguars,2026,1,0.918667,0.918667,0.033667,0.003,2025,Jaguars,veteran,1,Jaguars,extension,7149
Patrick Laird,RB,Dolphins,2019,3,1.764,0.588,0.02,0.003,2019,Dolphins,rookie,0,Dolphins,rookie_deal,7150
Patrick Laird,RB,Dolphins,2021,1,0.1656,0.1656,0.0,0.001,2019,Dolphins,veteran,2,Dolphins,extension,7151
Patrick Laird,RB,Buccaneers,2022,1,0.3582,0.3582,0.0,0.002,2019,Dolphins,veteran,3,Dolphins,new_team_signing,7152
Patrick Laird,RB,Buccaneers,2023,1,0.3708,0.3708,0.0,0.002,2019,Dolphins,veteran,4,Buccaneers,extension,7153
Patrick Laird,RB,Buccaneers,2024,1,1.055,1.055,0.0,0.004,2019,Dolphins,veteran,5,Buccaneers,extension,7154
Patrick Mahomes,QB,Chiefs,2017,4,16.425962,4.106491,16.425962,0.025,2017,Chiefs,rookie,0,Chiefs,rookie_deal,7155
Patrick Mahomes,QB,Chiefs,2020,10,450.0,45.0,63.081905,0.22699999999999998,2017,Chiefs,veteran,3,Chiefs,extension,7156
Patrick Mahomes,QB,Chiefs,2026,7,448.0,64.0,93.5,0.212,2017,Chiefs,veteran,9,Chiefs,extension,7157
Patrick Taylor,RB,Packers,2020,3,2.292,0.764,0.007,0.004,2020,Packers,rookie,0,Packers,rookie_deal,7158
Patrick Taylor,RB,Packers,2021,1,0.1656,0.1656,0.0,0.001,2020,Packers,veteran,1,Packers,extension,7159
Patrick Taylor,RB,Packers,2022,1,0.207,0.207,0.0,0.001,2020,Packers,veteran,2,Packers,extension,7160
Patrick Taylor,RB,Packers,2023,1,0.216,0.216,0.0,0.001,2020,Packers,veteran,3,Packers,extension,7161
Patrick Taylor,RB,49ers,2024,1,0.3834,0.3834,0.0,0.002,2020,Packers,veteran,4,Packers,new_team_signing,7162
Patrick Taylor,RB,49ers,2025,1,1.17,1.17,0.3,0.004,2020,Packers,veteran,5,49ers,extension,7163
Patrick Taylor,RB,49ers,2026,1,1.215,1.215,0.0,0.004,2020,Packers,veteran,6,49ers,extension,7164
Paul Browning,WR,Panthers,2015,1,0.435,0.435,0.0,0.003,2015,Browns,rookie,0,Panthers,rookie_deal,7165
Paul Butler,TE,Raiders,2018,1,0.1292,0.1292,0.0,0.001,2018,Raiders,rookie,0,Raiders,rookie_deal,7166
Paul Butler,TE,Raiders,2019,1,0.136,0.136,0.0,0.001,2018,Raiders,veteran,1,Raiders,extension,7167
Paul Butler,TE,Raiders,2020,1,0.51,0.51,0.0,0.003,2018,Raiders,veteran,2,Raiders,extension,7168
Paul Lang,TE,Steelers,2016,3,1.62,0.54,0.0,0.003,2016,Steelers,rookie,0,Steelers,rookie_deal,7169
Paul Magloire,RB,Buccaneers,2017,3,1.67,0.556666,0.005,0.003,2017,Buccaneers,rookie,0,Buccaneers,rookie_deal,7170
Paul McRoberts,WR,Rams,2016,3,1.62,0.54,0.0,0.003,2016,Rams,rookie,0,Rams,rookie_deal,7171
Paul McRoberts,WR,Rams,2017,1,0.1224,0.1224,0.0,0.001,2016,Rams,veteran,1,Rams,extension,7172
Paul Perkins,RB,DET/NYG,2016,4,2.592548,0.648137,0.252548,0.004,2016,Giants,rookie,0,DET/NYG,rookie_deal,7173
Paul Perkins,RB,Lions,2019,1,0.136,0.136,0.0,0.001,2016,Giants,veteran,3,DET/NYG,new_team_signing,7174
Paul Perkins,RB,Colts,2020,1,0.204,0.204,0.0,0.001,2016,Giants,veteran,4,Lions,new_team_signing,7175
Paul Perkins,RB,Colts,2021,1,0.92,0.92,0.0,0.005,2016,Giants,veteran,5,Colts,extension,7176
Paul Quessenberry,TE,Texans,2021,1,0.1656,0.1656,0.0,0.001,2014,Texans,veteran,7,Patriots,new_team_signing,7177
Paul Quessenberry,TE,Texans,2022,1,0.705,0.705,0.0,0.003,2014,Texans,veteran,8,Texans,extension,7178
Paul Richardson,WR,Seahawks,2014,4,4.712836,1.178209,2.381736,0.009000000000000001,2014,Seahawks,rookie,0,Seahawks,rookie_deal,7179
Paul Richardson,WR,Commanders,2018,5,40.0,8.0,12.5,0.045,2014,Seahawks,veteran,4,Seahawks,new_team_signing,7180
Paul Richardson,WR,Seahawks,2020,1,1.0475,1.0475,0.075,0.005,2014,Seahawks,veteran,6,Commanders,new_team_signing,7181
Paul Turner,WR,Eagles,2016,2,0.99,0.495,0.0,0.003,2016,Eagles,rookie,0,Eagles,rookie_deal,7182
Paul Turner,WR,NO/NE,2018,1,0.555,0.555,0.0,0.003,2016,Eagles,veteran,2,Eagles,new_team_signing,7183
Paxton Lynch,QB,Broncos,2016,4,9.476306,2.369077,8.334083,0.015,2016,Broncos,rookie,0,Broncos,rookie_deal,7184
Paxton Lynch,QB,Steelers,2019,1,0.136,0.136,0.0,0.001,2016,Broncos,veteran,3,Broncos,new_team_signing,7185
Payne Durham,TE,Buccaneers,2023,4,4.08498,1.021245,0.24498,0.005,2023,Buccaneers,rookie,0,Buccaneers,rookie_deal,7186
Payton Thorne,QB,Bengals,2025,3,2.975,0.991667,0.01,0.004,2025,Bengals,rookie,0,Bengals,rookie_deal,7187
Peewee Jarrett,QB,Jets,2024,3,2.833,0.944333,0.015,0.004,2024,Jets,rookie,0,Jets,rookie_deal,7188
Penny Hart,WR,Seahawks,2019,1,0.136,0.136,0.0,0.001,2019,Colts,rookie,0,Seahawks,rookie_deal,7189
Penny Hart,WR,Seahawks,2020,1,0.1428,0.1428,0.0,0.001,2019,Colts,veteran,1,Seahawks,extension,7190
Penny Hart,WR,Seahawks,2021,1,0.1656,0.1656,0.0,0.001,2019,Colts,veteran,2,Seahawks,extension,7191
Penny Hart,WR,Seahawks,2022,1,0.895,0.895,0.0,0.004,2019,Colts,veteran,3,Seahawks,extension,7192
Penny Hart,WR,Falcons,2023,1,1.01,1.01,0.0,0.004,2019,Colts,veteran,4,Seahawks,new_team_signing,7193
Percy Harvin,WR,Vikings,2009,5,11.05,2.21,6.7015,0.018000000000000002,2009,Vikings,rookie,0,Vikings,rookie_deal,7194
Percy Harvin,WR,SEA/NYJ,2013,5,64.2175,12.8435,14.5,0.10400000000000001,2009,Vikings,veteran,4,Vikings,new_team_signing,7195
Percy Harvin,WR,Bills,2015,1,6.0,6.0,5.9,0.042,2009,Vikings,veteran,6,SEA/NYJ,new_team_signing,7196
Percy Harvin,WR,Bills,2016,1,1.7175,1.7175,0.0,0.011000000000000001,2009,Vikings,veteran,7,Bills,extension,7197
Pete Guerriero,RB,Panthers,2020,1,0.1428,0.1428,0.0,0.001,2020,Jets,rookie,0,Panthers,rookie_deal,7198
Pete Guerriero,RB,Steelers,2021,1,0.66,0.66,0.0,0.004,2020,Jets,veteran,1,Panthers,new_team_signing,7199
Peter Leblanc,WR,Bears,2024,1,0.795,0.795,0.0,0.003,2024,Bears,rookie,0,Bears,rookie_deal,7200
Peter Pujals,QB,Vikings,2018,3,1.715,0.571666,0.005,0.003,2018,Vikings,rookie,0,Vikings,rookie_deal,7201
Peyton Barber,RB,Buccaneers,2016,2,0.99,0.495,0.0,0.003,2016,Buccaneers,rookie,0,Buccaneers,rookie_deal,7202
Peyton Barber,RB,Buccaneers,2018,1,0.63,0.63,0.0,0.004,2016,Buccaneers,veteran,2,Buccaneers,extension,7203
Peyton Barber,RB,Buccaneers,2019,1,2.125,2.125,1.0,0.011000000000000001,2016,Buccaneers,veteran,3,Buccaneers,extension,7204
Peyton Barber,RB,Commanders,2020,2,3.0,1.5,0.6,0.008,2016,Buccaneers,veteran,4,Buccaneers,new_team_signing,7205
Peyton Barber,RB,Commanders,2021,1,0.252,0.252,0.0,0.001,2016,Buccaneers,veteran,5,Commanders,extension,7206
Peyton Hendershot,TE,Cowboys,2022,3,2.575,0.858333,0.165,0.004,2022,Cowboys,rookie,0,Cowboys,rookie_deal,7207
Peyton Hendershot,TE,Chiefs,2024,1,0.225,0.225,0.0,0.001,2022,Cowboys,veteran,2,Cowboys,new_team_signing,7208
Peyton Hillis,RB,Giants,2008,2,1.8,0.9,0.1,0.0,2008,Broncos,rookie,0,Giants,rookie_deal,7209
Pharaoh Brown,TE,Raiders,2017,1,0.1224,0.1224,0.0,0.001,2017,Raiders,rookie,0,Raiders,rookie_deal,7210
Pharaoh Brown,TE,Browns,2018,1,0.1292,0.1292,0.0,0.001,2017,Raiders,veteran,1,Raiders,new_team_signing,7211
Pharaoh Brown,TE,Texans,2020,1,0.1428,0.1428,0.0,0.001,2017,Raiders,veteran,3,Browns,new_team_signing,7212
Pharaoh Brown,TE,Texans,2021,1,1.6,1.6,0.2,0.009000000000000001,2017,Raiders,veteran,4,Texans,extension,7213
Pharaoh Brown,TE,Browns,2022,1,1.035,1.035,0.0,0.005,2017,Raiders,veteran,5,Texans,new_team_signing,7214
Pharaoh Brown,TE,Patriots,2023,1,0.2898,0.2898,0.0,0.001,2017,Raiders,veteran,6,Browns,new_team_signing,7215
Pharaoh Brown,TE,Seahawks,2024,1,3.2,3.2,2.69,0.013000000000000001,2017,Raiders,veteran,7,Patriots,new_team_signing,7216
Pharaoh Brown,TE,Cardinals,2025,1,0.315,0.315,0.0,0.001,2017,Raiders,veteran,8,Seahawks,new_team_signing,7217
Pharoah McKever,TE,Jaguars,2018,1,0.1292,0.1292,0.0,0.001,2018,Steelers,rookie,0,Jaguars,rookie_deal,7218
Pharoah McKever,TE,Packers,2019,2,1.08,0.54,0.0,0.003,2018,Steelers,veteran,1,Jaguars,new_team_signing,7219
Pharoh Cooper,WR,CIN/ARI/LAR,2016,4,2.894668,0.723667,0.554668,0.005,2016,Rams,rookie,0,CIN/ARI/LAR,rookie_deal,7220
Pharoh Cooper,WR,Cardinals,2019,1,0.72,0.72,0.0,0.004,2016,Rams,veteran,3,CIN/ARI/LAR,new_team_signing,7221
Pharoh Cooper,WR,Panthers,2020,1,1.21,1.21,0.3,0.006,2016,Rams,veteran,4,Cardinals,new_team_signing,7222
Pharoh Cooper,WR,Giants,2021,1,0.252,0.252,0.0,0.001,2016,Rams,veteran,5,Panthers,new_team_signing,7223
Pharoh Cooper,WR,Cardinals,2022,1,0.2772,0.2772,0.0,0.001,2016,Rams,veteran,6,Giants,new_team_signing,7224
Phazahn Odom,TE,Steelers,2017,3,1.667,0.555666,0.002,0.003,2017,Steelers,rookie,0,Steelers,rookie_deal,7225
Phil Lutz,WR,Patriots,2025,3,2.965,0.988333,0.0,0.004,2025,Patriots,rookie,0,Patriots,rookie_deal,7226
Phil Mafah,RB,Cowboys,2025,4,4.311532,1.077883,0.111532,0.004,2025,Cowboys,rookie,0,Cowboys,rookie_deal,7227
Philip Rivers,QB,Chargers,2004,6,41.25,6.875,15.58,0.085,2004,Giants,rookie,0,Chargers,rookie_deal,7228
Philip Rivers,QB,Chargers,2009,6,91.8,15.3,33.35,0.124,2004,Giants,veteran,5,Chargers,extension,7229
Philip Rivers,QB,Chargers,2015,4,83.25,20.8125,37.5,0.145,2004,Giants,veteran,11,Chargers,extension,7230
Philip Rivers,QB,Colts,2020,1,25.0,25.0,25.0,0.126,2004,Giants,veteran,16,Chargers,new_team_signing,7231
Philip Rivers,QB,Colts,2025,1,0.396,0.396,0.0,0.001,2004,Giants,veteran,21,Colts,extension,7232
Phillip Brooks,WR,Chiefs,2024,3,2.83,0.943333,0.0,0.004,2024,Chiefs,rookie,0,Chiefs,rookie_deal,7233
Phillip Dorsett,WR,IND/NE,2015,4,8.13541,2.033853,6.591037,0.013999999999999999,2015,Colts,rookie,0,IND/NE,rookie_deal,7234
Phillip Dorsett,WR,Patriots,2018,1,1.394373,1.394373,0.15,0.008,2015,Colts,veteran,3,IND/NE,new_team_signing,7235
Phillip Dorsett,WR,Patriots,2019,1,2.6,2.6,0.5,0.013999999999999999,2015,Colts,veteran,4,Patriots,extension,7236
Phillip Dorsett,WR,Seahawks,2020,1,1.0475,1.0475,0.1375,0.005,2015,Colts,veteran,5,Patriots,new_team_signing,7237
Phillip Dorsett,WR,Seahawks,2021,1,0.252,0.252,0.0,0.001,2015,Colts,veteran,6,Seahawks,extension,7238
Phillip Dorsett,WR,Broncos,2023,1,0.2898,0.2898,0.0,0.001,2015,Colts,veteran,8,Seahawks,new_team_signing,7239
Phillip Dorsett,WR,Falcons,2024,1,0.3024,0.3024,0.0,0.001,2015,Colts,veteran,9,Broncos,new_team_signing,7240
Phillip Dorsett,WR,Raiders,2025,1,0.396,0.396,0.0,0.001,2015,Colts,veteran,10,Falcons,new_team_signing,7241
Phillip Dorsett,WR,Raiders,2026,1,1.3,1.3,0.0,0.004,2015,Colts,veteran,11,Raiders,extension,7242
Phillip Lindsay,RB,Broncos,2018,3,1.725,0.575,0.015,0.003,2018,Broncos,rookie,0,Broncos,rookie_deal,7243
Phillip Lindsay,RB,Broncos,2021,1,2.133,2.133,0.0,0.012,2018,Broncos,veteran,3,Broncos,extension,7244
Phillip Lindsay,RB,Colts,2022,1,0.3582,0.3582,0.0,0.002,2018,Broncos,veteran,4,Broncos,new_team_signing,7245
Phillip Tanner,RB,49ers,2011,1,0.645,0.645,0.0,0.0,2011,Cowboys,rookie,0,49ers,rookie_deal,7246
Phillip Walker,QB,Colts,2017,1,0.1224,0.1224,0.0,0.001,2017,Colts,rookie,0,Colts,rookie_deal,7247
Phillip Walker,QB,Colts,2018,1,0.1292,0.1292,0.0,0.001,2017,Colts,veteran,1,Colts,extension,7248
Phillip Walker,QB,Colts,2019,1,0.136,0.136,0.0,0.001,2017,Colts,veteran,2,Colts,extension,7249
Phillip Walker,QB,Panthers,2020,2,1.565,0.7825,0.15,0.004,2017,Colts,veteran,3,Colts,new_team_signing,7250
Phillip Walker,QB,Panthers,2022,1,0.895,0.895,0.0,0.004,2017,Colts,veteran,5,Panthers,extension,7251
Phillip Walker,QB,Browns,2023,1,0.3708,0.3708,0.0,0.002,2017,Colts,veteran,6,Panthers,new_team_signing,7252
Phillip Walker,QB,Seahawks,2024,1,1.145,1.145,0.0,0.004,2017,Colts,veteran,7,Browns,new_team_signing,7253
Pierre Garcon,WR,Colts,2008,4,1.7766,0.44415,0.0716,0.004,2008,Colts,rookie,0,Colts,rookie_deal,7254
Pierre Garcon,WR,Commanders,2012,5,42.5,8.5,13.1,0.07,2008,Colts,veteran,4,Colts,new_team_signing,7255
Pierre Garcon,WR,49ers,2017,5,47.5,9.5,17.0,0.057,2008,Colts,veteran,9,Commanders,new_team_signing,7256
Pierre Strong Jr.,RB,NE/CLE,2022,4,4.373428,1.093357,0.713428,0.005,2022,Patriots,rookie,0,NE/CLE,rookie_deal,7257
Pierre Strong Jr.,RB,Packers,2025,1,0.315,0.315,0.0,0.001,2022,Patriots,veteran,3,NE/CLE,new_team_signing,7258
Pierre Strong Jr.,RB,Packers,2026,1,1.215,1.215,0.0,0.004,2022,Patriots,veteran,4,Packers,extension,7259
Pierre Thomas,RB,Saints,2007,3,1.12,0.373333,0.005,0.003,2007,Saints,rookie,0,Saints,rookie_deal,7260
Pierre Thomas,RB,Saints,2010,1,1.684,1.684,0.0,0.013000000000000001,2007,Saints,veteran,3,Saints,extension,7261
Pierre Thomas,RB,Saints,2011,4,11.545,2.88625,1.5,0.024,2007,Saints,veteran,4,Saints,extension,7262
Pierre Thomas,RB,Saints,2014,3,6.9,2.3,2.4,0.017,2007,Saints,veteran,7,Saints,extension,7263
Pierre Thomas,RB,49ers,2015,1,0.87,0.87,0.0,0.006,2007,Saints,veteran,8,Saints,new_team_signing,7264
Pig Howard,WR,Bears,2017,3,1.665,0.555,0.0,0.003,2017,Bears,rookie,0,Bears,rookie_deal,7265
Pokey Wilson,WR,Chargers,2023,3,2.7,0.9,0.005,0.004,2023,Chargers,rookie,0,Chargers,rookie_deal,7266
Pokey Wilson,WR,Jets,2025,2,1.845,0.9225,0.0,0.003,2023,Chargers,veteran,2,Chargers,new_team_signing,7267
Pooka Williams Jr.,RB,Bengals,2021,1,0.1656,0.1656,0.0,0.001,2021,Bengals,rookie,0,Bengals,rookie_deal,7268
Pooka Williams Jr.,RB,Bengals,2022,1,0.705,0.705,0.0,0.003,2021,Bengals,veteran,1,Bengals,extension,7269
Praise Olatoke,WR,Panthers,2024,1,0.225,0.225,0.0,0.001,2024,Chargers,rookie,0,Panthers,rookie_deal,7270
Preston Parker,WR,Giants,2010,2,1.23,0.615,0.0,0.0,2010,Buccaneers,rookie,0,Giants,rookie_deal,7271
Preston Williams,WR,Dolphins,2019,3,1.765,0.588333,0.02,0.003,2019,Dolphins,rookie,0,Dolphins,rookie_deal,7272
Preston Williams,WR,Panthers,2022,1,0.306,0.306,0.0,0.001,2019,Dolphins,veteran,3,Dolphins,new_team_signing,7273
Princeton Fant,TE,Cowboys,2023,1,0.216,0.216,0.0,0.001,2023,Cowboys,rookie,0,Cowboys,rookie_deal,7274
Princeton Fant,TE,Cowboys,2024,1,0.225,0.225,0.0,0.001,2023,Cowboys,veteran,1,Cowboys,extension,7275
Princeton Fant,TE,Cowboys,2025,1,0.234,0.234,0.0,0.001,2023,Cowboys,veteran,2,Cowboys,extension,7276
Princeton Fant,TE,Cowboys,2026,2,2.125,1.0625,0.0,0.004,2023,Cowboys,veteran,3,Cowboys,extension,7277
Pro Wells,TE,Bengals,2021,3,2.44,0.813333,0.015,0.004,2021,Bengals,rookie,0,Bengals,rookie_deal,7278
Puka Nacua,WR,Rams,2023,4,4.08498,1.021245,0.24498,0.005,2023,Rams,rookie,0,Rams,rookie_deal,7279
Qadir Ismail,WR,Ravens,2024,1,0.225,0.225,0.0,0.001,2024,Ravens,rookie,0,Ravens,rookie_deal,7280
Qadir Ismail,WR,Bears,2025,1,0.234,0.234,0.0,0.001,2024,Ravens,veteran,1,Ravens,new_team_signing,7281
Qadir Ismail,WR,Bears,2026,1,0.885,0.885,0.0,0.003,2024,Ravens,veteran,2,Bears,extension,7282
Qadree Ollison,RB,Falcons,2019,4,2.831564,0.707891,0.311564,0.004,2019,Falcons,rookie,0,Falcons,rookie_deal,7283
Qadree Ollison,RB,Falcons,2021,1,0.1656,0.1656,0.0,0.001,2019,Falcons,veteran,2,Falcons,extension,7284
Qadree Ollison,RB,Cowboys,2022,1,0.207,0.207,0.0,0.001,2019,Falcons,veteran,3,Falcons,new_team_signing,7285
Qadree Ollison,RB,Steelers,2023,1,0.216,0.216,0.0,0.001,2019,Falcons,veteran,4,Cowboys,new_team_signing,7286
Quadree Henderson,WR,Giants,2018,1,0.1292,0.1292,0.0,0.001,2018,Steelers,rookie,0,Giants,rookie_deal,7287
Quadree Henderson,WR,Steelers,2019,1,0.136,0.136,0.0,0.001,2018,Steelers,veteran,1,Giants,new_team_signing,7288
Quadree Henderson,WR,Steelers,2020,1,0.585,0.585,0.0,0.003,2018,Steelers,veteran,2,Steelers,extension,7289
Quali Conley,RB,Bengals,2025,3,2.966,0.988667,0.001,0.004,2025,Bengals,rookie,0,Bengals,rookie_deal,7290
Quan Bray,WR,Texans,2018,1,0.705,0.705,0.0,0.004,2015,Colts,veteran,3,Bills,new_team_signing,7291
Quartney Davis,WR,Vikings,2020,3,2.295,0.765,0.11,0.004,2020,Vikings,rookie,0,Vikings,rookie_deal,7292
Quartney Davis,WR,Colts,2021,1,0.66,0.66,0.0,0.004,2020,Vikings,veteran,1,Vikings,new_team_signing,7293
Quentin Johnston,WR,Chargers,2023,4,14.188786,3.547197,14.188786,0.016,2023,Chargers,rookie,0,Chargers,rookie_deal,7294
Quentin Moore,TE,Commanders,2026,3,3.12,1.04,0.27,0.003,2026,Commanders,rookie,0,Commanders,rookie_deal,7295
Quentin Skinner,WR,Jets,2025,1,0.234,0.234,0.0,0.001,2025,Jets,rookie,0,Jets,rookie_deal,7296
Quenton Bundrage,WR,Texans,2016,2,0.99,0.495,0.0,0.003,2016,Jets,rookie,0,Texans,rookie_deal,7297
Quez Watkins,WR,Eagles,2020,4,3.46466,0.866165,0.16966,0.004,2020,Eagles,rookie,0,Eagles,rookie_deal,7298
Quez Watkins,WR,Steelers,2024,1,0.3834,0.3834,0.0,0.002,2020,Eagles,veteran,4,Eagles,new_team_signing,7299
Quez Watkins,WR,Eagles,2025,1,0.315,0.315,0.0,0.001,2020,Eagles,veteran,5,Steelers,new_team_signing,7300
Quez Watkins,WR,Eagles,2026,1,1.215,1.215,0.0,0.004,2020,Eagles,veteran,6,Eagles,extension,7301
Quincy Adeboyejo,WR,Ravens,2017,1,0.17,0.17,0.0,0.001,2017,Ravens,rookie,0,Ravens,rookie_deal,7302
Quincy Adeboyejo,WR,Ravens,2018,1,0.48,0.48,0.0,0.003,2017,Ravens,veteran,1,Ravens,extension,7303
Quincy Adeboyejo,WR,Patriots,2019,1,0.136,0.136,0.0,0.001,2017,Ravens,veteran,2,Ravens,new_team_signing,7304
Quincy Adeboyejo,WR,Patriots,2020,1,0.585,0.585,0.0,0.003,2017,Ravens,veteran,3,Patriots,extension,7305
Quincy Enunwa,WR,Jets,2014,1,0.1071,0.1071,0.0,0.001,2014,Jets,rookie,0,Jets,rookie_deal,7306
Quincy Enunwa,WR,Jets,2018,1,2.914,2.914,0.0,0.016,2014,Jets,veteran,4,Jets,extension,7307
Quincy Skinner Jr.,WR,Falcons,2025,3,2.971,0.990333,0.181,0.004,2025,Falcons,rookie,0,Falcons,rookie_deal,7308
Quinn Ewers,QB,Dolphins,2025,4,4.331576,1.082894,0.131576,0.004,2025,Dolphins,rookie,0,Dolphins,rookie_deal,7309
Quinn Johnson,RB,Titans,2009,2,1.445,0.7225,0.0,0.0,2009,Packers,rookie,0,Titans,rookie_deal,7310
Quinshad Davis,WR,Lions,2016,3,1.62,0.54,0.0,0.003,2016,Lions,rookie,0,Lions,rookie_deal,7311
Quinshon Judkins,RB,Browns,2025,4,11.402116,2.850529,11.402116,0.01,2025,Browns,rookie,0,Browns,rookie_deal,7312
Quintez Cephus,WR,Lions,2020,4,3.599292,0.899823,0.304292,0.005,2020,Lions,rookie,0,Lions,rookie_deal,7313
Quintez Cephus,WR,Rams,2024,1,0.3024,0.3024,0.0,0.001,2020,Lions,veteran,4,Lions,new_team_signing,7314
Quintez Cephus,WR,Texans,2025,1,0.396,0.396,0.0,0.001,2020,Lions,veteran,5,Rams,new_team_signing,7315
Quintin Morris,TE,Bills,2021,1,0.1656,0.1656,0.0,0.001,2021,Bills,rookie,0,Bills,rookie_deal,7316
Quintin Morris,TE,Bills,2022,2,1.575,0.7875,0.0,0.004,2021,Bills,veteran,1,Bills,extension,7317
Quintin Morris,TE,Bills,2024,1,0.985,0.985,0.0,0.004,2021,Bills,veteran,3,Bills,extension,7318
Quintin Morris,TE,Jaguars,2025,1,0.315,0.315,0.0,0.001,2021,Bills,veteran,4,Bills,new_team_signing,7319
Quintin Morris,TE,Jaguars,2026,1,2.0,2.0,1.7,0.006999999999999999,2021,Bills,veteran,5,Jaguars,extension,7320
Quinton Dunbar,WR,Commanders,2015,3,1.576,0.525333,0.001,0.0,2015,Commanders,rookie,0,Commanders,rookie_deal,7321
Quinton Flowers,RB,Bengals,2018,1,0.1292,0.1292,0.0,0.001,2018,Bengals,rookie,0,Bengals,rookie_deal,7322
Quinton Flowers,RB,Colts,2019,1,0.136,0.136,0.0,0.001,2018,Bengals,veteran,1,Bengals,new_team_signing,7323
Quinton Patton,WR,49ers,2013,4,2.5515,0.637875,0.3915,0.005,2013,,rookie,0,49ers,rookie_deal,7324
Quinton Patton,WR,Jets,2017,1,0.8,0.8,0.025,0.005,2013,,veteran,4,49ers,new_team_signing,7325
Quron Pratt,WR,Eagles,2014,3,1.575,0.525,0.0,0.0,2014,Eagles,rookie,0,Eagles,rookie_deal,7326
R.J. Harvey,RB,Broncos,2025,4,7.359674,1.839919,4.727294,0.006999999999999999,2025,Broncos,rookie,0,Broncos,rookie_deal,7327
R.J. Maryland,TE,Packers,2026,3,3.115,1.038333,0.015,0.003,2026,Packers,rookie,0,Packers,rookie_deal,7328
R.J. Shelton,WR,Vikings,2017,3,1.67,0.556667,0.005,0.003,2017,Vikings,rookie,0,Vikings,rookie_deal,7329
R.J. Webb,WR,Panthers,2013,3,1.485,0.495,0.0,0.0,2013,Panthers,rookie,0,Panthers,rookie_deal,7330
Ra'Shaun Henry,WR,Falcons,2022,1,0.207,0.207,0.0,0.001,2022,Panthers,rookie,0,Falcons,rookie_deal,7331
Ra'Shaun Henry,WR,Falcons,2023,1,0.75,0.75,0.0,0.003,2022,Panthers,veteran,1,Falcons,extension,7332
Racey McMath,WR,Titans,2021,4,3.651356,0.912839,0.171356,0.005,2021,Titans,rookie,0,Titans,rookie_deal,7333
Racey McMath,WR,Cowboys,2023,1,0.216,0.216,0.0,0.001,2021,Titans,veteran,2,Titans,new_team_signing,7334
Racey McMath,WR,Cowboys,2024,2,2.085,1.0425,0.0,0.004,2021,Titans,veteran,3,Cowboys,extension,7335
Rachaad White,RB,Buccaneers,2022,4,5.13,1.2825,0.910908,0.006,2022,Buccaneers,rookie,0,Buccaneers,rookie_deal,7336
Rachaad White,RB,Commanders,2026,1,2.0,2.0,1.715,0.006999999999999999,2022,Buccaneers,veteran,4,Buccaneers,new_team_signing,7337
Raheem Blackshear,RB,Bills,2022,1,0.207,0.207,0.0,0.001,2022,Bills,rookie,0,Bills,rookie_deal,7338
Raheem Blackshear,RB,Panthers,2024,1,0.985,0.985,0.0,0.004,2022,Bills,veteran,2,Bills,new_team_signing,7339
Raheem Blackshear,RB,Steelers,2025,1,0.315,0.315,0.0,0.001,2022,Bills,veteran,3,Panthers,new_team_signing,7340
Raheem Mostert,RB,Eagles,2015,1,0.1122,0.1122,0.0,0.001,2015,Eagles,rookie,0,Eagles,rookie_deal,7341
Raheem Mostert,RB,SF/CHI,2016,1,0.1173,0.1173,0.0,0.001,2015,Eagles,veteran,1,Eagles,new_team_signing,7342
Raheem Mostert,RB,49ers,2018,1,0.705,0.705,0.0,0.004,2015,Eagles,veteran,3,SF/CHI,new_team_signing,7343
Raheem Mostert,RB,49ers,2019,3,8.7,2.9,2.4,0.015,2015,Eagles,veteran,4,49ers,extension,7344
Raheem Mostert,RB,Dolphins,2022,1,2.125,2.125,1.0,0.01,2015,Eagles,veteran,7,49ers,new_team_signing,7345
Raheem Mostert,RB,Dolphins,2023,2,5.6,2.8,2.2,0.012,2015,Eagles,veteran,8,Dolphins,extension,7346
Raheem Mostert,RB,Dolphins,2024,1,4.13,4.13,3.71,0.016,2015,Eagles,veteran,9,Dolphins,extension,7347
Raheem Mostert,RB,Raiders,2025,1,1.6,1.6,0.175,0.006,2015,Eagles,veteran,10,Dolphins,new_team_signing,7348
Raheim Sanders,RB,Browns,2025,3,2.97,0.99,0.06,0.004,2025,Chargers,rookie,0,Browns,rookie_deal,7349
Rakeem Boyd,RB,Lions,2021,3,2.43,0.81,0.005,0.004,2021,Lions,rookie,0,Lions,rookie_deal,7350
Rakim Jarrett,WR,Buccaneers,2023,3,2.72,0.906667,0.225,0.004,2023,Buccaneers,rookie,0,Buccaneers,rookie_deal,7351
Rakim Jarrett,WR,Steelers,2025,1,0.234,0.234,0.0,0.001,2023,Buccaneers,veteran,2,Buccaneers,new_team_signing,7352
Raleigh Webb,WR,Ravens,2022,1,0.207,0.207,0.0,0.001,2022,Ravens,rookie,0,Ravens,rookie_deal,7353
Raleigh Webb,WR,Dolphins,2023,1,0.216,0.216,0.0,0.001,2022,Ravens,veteran,1,Ravens,new_team_signing,7354
Raleigh Webb,WR,Buccaneers,2024,2,1.945,0.9725,0.0,0.004,2022,Ravens,veteran,2,Dolphins,new_team_signing,7355
Ralph Webb,RB,Patriots,2018,1,0.1292,0.1292,0.0,0.001,2018,Patriots,rookie,0,Patriots,rookie_deal,7356
Ralph Webb,RB,Steelers,2019,1,0.136,0.136,0.0,0.001,2018,Patriots,veteran,1,Patriots,new_team_signing,7357
Ralph Webb,RB,Steelers,2020,1,0.51,0.51,0.0,0.003,2018,Patriots,veteran,2,Steelers,extension,7358
Ramel Keyton,WR,Raiders,2024,1,0.225,0.225,0.0,0.001,2024,Raiders,rookie,0,Raiders,rookie_deal,7359
Ramel Keyton,WR,Titans,2025,2,2.035,1.0175,0.0,0.004,2024,Raiders,veteran,1,Raiders,new_team_signing,7360
Ramon Jefferson,RB,Buccaneers,2024,3,2.831,0.943667,0.001,0.004,2024,Buccaneers,rookie,0,Buccaneers,rookie_deal,7361
Ramses Barden,WR,Jaguars,2009,1,0.73,0.73,0.0,0.0,2009,Giants,rookie,0,Jaguars,rookie_deal,7362
Randall Cobb,WR,Packers,2011,4,3.209421,0.802355,1.0005,0.006999999999999999,2011,Packers,rookie,0,Packers,rookie_deal,7363
Randall Cobb,WR,Packers,2015,4,40.0,10.0,13.0,0.07,2011,Packers,veteran,4,Packers,extension,7364
Randall Cobb,WR,Cowboys,2019,1,5.0,5.0,4.0,0.027000000000000003,2011,Packers,veteran,8,Packers,new_team_signing,7365
Randall Cobb,WR,Texans,2020,3,27.0,9.0,18.0,0.045,2011,Packers,veteran,9,Cowboys,new_team_signing,7366
Randall Cobb,WR,Packers,2022,1,3.0,3.0,0.0,0.013999999999999999,2011,Packers,veteran,11,Texans,new_team_signing,7367
Randall Cobb,WR,Jets,2023,1,3.0,3.0,0.25,0.013000000000000001,2011,Packers,veteran,12,Packers,new_team_signing,7368
Randall Telfer,TE,CLE/IND/KC,2015,4,2.397536,0.599384,0.117536,0.004,2015,Browns,rookie,0,CLE/IND/KC,rookie_deal,7369
Rantavious Wooten,WR,Dolphins,2014,4,1.53,0.51,0.0,0.0,2014,Dolphins,rookie,0,Dolphins,rookie_deal,7370
Raphael Leonard,WR,Jaguars,2019,3,1.7575,0.585333,0.0025,0.003,2019,Jaguars,rookie,0,Jaguars,rookie_deal,7371
Rashaad Penny,RB,Seahawks,2018,4,10.765436,2.691359,9.397422,0.015,2018,Seahawks,rookie,0,Seahawks,rookie_deal,7372
Rashaad Penny,RB,Seahawks,2022,1,5.75,5.75,5.07,0.027999999999999997,2018,Seahawks,veteran,4,Seahawks,extension,7373
Rashaad Penny,RB,Eagles,2023,1,1.35,1.35,0.6,0.006,2018,Seahawks,veteran,5,Seahawks,new_team_signing,7374
Rashaad Penny,RB,Panthers,2024,1,1.2925,1.2925,0.0,0.005,2018,Seahawks,veteran,6,Eagles,new_team_signing,7375
Rashad Greene,WR,Jaguars,2015,4,2.523816,0.630954,0.243816,0.004,2015,Jaguars,rookie,0,Jaguars,rookie_deal,7376
Rashad Greene,WR,Jaguars,2018,1,0.705,0.705,0.0,0.004,2015,Jaguars,veteran,3,Jaguars,extension,7377
Rashad Jennings,RB,Jaguars,2009,4,1.78845,0.447113,0.03845,0.004,2009,Jaguars,rookie,0,Jaguars,rookie_deal,7378
Rashad Jennings,RB,Raiders,2013,1,0.63,0.63,0.0,0.005,2009,Jaguars,veteran,4,Jaguars,new_team_signing,7379
Rashad Jennings,RB,Giants,2014,4,10.0,2.5,2.98,0.019,2009,Jaguars,veteran,5,Raiders,new_team_signing,7380
Rashad Medaris,WR,Cardinals,2020,3,2.287,0.762333,0.002,0.004,2020,Cardinals,rookie,0,Cardinals,rookie_deal,7381
Rashad Rochelle,WR,Seahawks,2026,3,3.1,1.033333,0.0,0.003,2026,Seahawks,rookie,0,Seahawks,rookie_deal,7382
Rashad Ross,WR,Cardinals,2018,1,0.63,0.63,0.0,0.004,2013,Titans,veteran,5,Cardinals,extension,7383
Rashad Ross,WR,Panthers,2019,1,0.655,0.655,0.01,0.003,2013,Titans,veteran,6,Cardinals,new_team_signing,7384
Rashard Davis,WR,Eagles,2017,1,0.1224,0.1224,0.0,0.001,2017,Eagles,rookie,0,Eagles,rookie_deal,7385
Rashard Davis,WR,Eagles,2018,1,0.1292,0.1292,0.0,0.001,2017,Eagles,veteran,1,Eagles,extension,7386
Rashard Davis,WR,Titans,2019,1,0.136,0.136,0.0,0.001,2017,Eagles,veteran,2,Eagles,new_team_signing,7387
Rashard Davis,WR,Titans,2020,1,0.1428,0.1428,0.0,0.001,2017,Eagles,veteran,3,Titans,extension,7388
Rashard Davis,WR,Titans,2021,2,1.485,0.7425,0.0,0.004,2017,Eagles,veteran,4,Titans,extension,7389
Rashard Davis,WR,Jets,2022,1,0.705,0.705,0.0,0.003,2017,Eagles,veteran,5,Titans,new_team_signing,7390
Rashard Higgins,WR,Browns,2016,4,2.254384,0.563596,0.184384,0.004,2016,Browns,rookie,0,Browns,rookie_deal,7391
Rashard Higgins,WR,Browns,2017,1,0.539998,0.539998,0.0,0.003,2016,Browns,veteran,1,Browns,extension,7392
Rashard Higgins,WR,Browns,2019,1,2.025,2.025,0.0,0.011000000000000001,2016,Browns,veteran,3,Browns,extension,7393
Rashard Higgins,WR,Browns,2020,1,0.91,0.91,0.0,0.005,2016,Browns,veteran,4,Browns,extension,7394
Rashard Higgins,WR,Browns,2021,1,2.3775,2.3775,2.3775,0.013000000000000001,2016,Browns,veteran,5,Browns,extension,7395
Rashard Higgins,WR,Panthers,2022,1,1.1875,1.1875,0.1525,0.006,2016,Browns,veteran,6,Browns,new_team_signing,7396
Rashard Higgins,WR,Browns,2024,1,1.21,1.21,0.0,0.005,2016,Browns,veteran,8,Panthers,new_team_signing,7397
Rashard Mendenhall,RB,Steelers,2008,5,9.855,1.971,7.125,0.017,2008,Steelers,rookie,0,Steelers,rookie_deal,7398
Rashard Mendenhall,RB,Cardinals,2013,1,2.5,2.5,2.5,0.02,2008,Steelers,veteran,5,Steelers,new_team_signing,7399
Rashaun Simonise,WR,Bengals,2016,3,1.62,0.54,0.0,0.003,2016,Bengals,rookie,0,Bengals,rookie_deal,7400
Rashawn Scott,WR,Dolphins,2016,2,0.99,0.495,0.0,0.003,2016,Dolphins,rookie,0,Dolphins,rookie_deal,7401
Rashawn Scott,WR,Dolphins,2017,1,0.1224,0.1224,0.0,0.001,2016,Dolphins,veteran,1,Dolphins,extension,7402
Rashee Rice,WR,Chiefs,2023,4,6.495218,1.623805,3.519033,0.006999999999999999,2023,Chiefs,rookie,0,Chiefs,rookie_deal,7403
Rasheed Bailey,WR,Panthers,2018,1,0.48,0.48,0.0,0.003,2015,Eagles,veteran,3,Panthers,extension,7404
Rasheed Williams,RB,Lions,2015,3,1.575,0.525,0.0,0.0,2015,Lions,rookie,0,Lions,rookie_deal,7405
Rasheen Ali,RB,Ravens,2024,4,4.309868,1.077467,0.289868,0.004,2024,Ravens,rookie,0,Ravens,rookie_deal,7406
Rashid Shaheed,WR,Saints,2022,1,0.207,0.207,0.0,0.001,2022,Saints,rookie,0,Saints,rookie_deal,7407
Rashid Shaheed,WR,SEA/NO,2024,2,6.185,3.0925,1.0,0.012,2022,Saints,veteran,2,Saints,new_team_signing,7408
Rashid Shaheed,WR,Seahawks,2026,3,51.0,17.0,23.0,0.055999999999999994,2022,Saints,veteran,4,SEA/NO,new_team_signing,7409
Rashod Bateman,WR,Ravens,2021,4,12.599414,3.149854,12.599414,0.017,2021,Ravens,rookie,0,Ravens,rookie_deal,7410
Rashod Bateman,WR,Ravens,2024,2,12.871897,6.435949,4.5,0.025,2021,Ravens,veteran,3,Ravens,extension,7411
Rashod Bateman,WR,Ravens,2025,3,36.75,12.25,16.5,0.044000000000000004,2021,Ravens,veteran,4,Ravens,extension,7412
Rashod Berry,TE,Patriots,2020,1,0.170282,0.170282,0.0,0.001,2020,Patriots,rookie,0,Patriots,rookie_deal,7413
Rashod Berry,TE,Lions,2021,1,0.1656,0.1656,0.0,0.001,2020,Patriots,veteran,1,Patriots,new_team_signing,7414
Rashod Berry,TE,Jaguars,2022,1,0.207,0.207,0.0,0.001,2020,Patriots,veteran,2,Lions,new_team_signing,7415
Rashod Owens,WR,Bengals,2025,3,2.98,0.993333,0.015,0.004,2025,Bengals,rookie,0,Bengals,rookie_deal,7416
Rashon Ceaser,WR,Titans,2016,3,1.62,0.54,0.0,0.003,2016,Titans,rookie,0,Titans,rookie_deal,7417
Ray Agnew,RB,Cowboys,2014,2,1.11,0.555,0.0,0.0,2014,Browns,rookie,0,Cowboys,rookie_deal,7418
Ray Davis,RB,Bills,2024,4,4.733188,1.183297,0.713188,0.005,2024,Bills,rookie,0,Bills,rookie_deal,7419
Ray Graham,RB,Texans,2013,3,1.485,0.495,0.0,0.0,2013,Texans,rookie,0,Texans,rookie_deal,7420
Ray Hamilton,TE,Steelers,2015,3,1.5775,0.525833,0.0025,0.004,2015,Cowboys,rookie,0,Steelers,rookie_deal,7421
Ray Lawry,RB,Chiefs,2018,1,0.48,0.48,0.0,0.003,2018,Bengals,rookie,0,Chiefs,rookie_deal,7422
Ray Rice,RB,Ravens,2008,4,3.159,0.78975,1.454,0.006999999999999999,2008,Ravens,rookie,0,Ravens,rookie_deal,7423
Ray Rice,RB,Ravens,2012,5,35.0,7.0,16.0,0.057999999999999996,2008,Ravens,veteran,4,Ravens,extension,7424
Ray-Ray McCloud,WR,BUF/CAR,2018,4,2.619824,0.654956,0.159824,0.004,2018,Bills,rookie,0,BUF/CAR,rookie_deal,7425
Ray-Ray McCloud,WR,Bills,2019,1,0.136,0.136,0.0,0.001,2018,Bills,veteran,1,BUF/CAR,new_team_signing,7426
Ray-Ray McCloud,WR,Bills,2020,2,1.4155,0.70775,0.0055,0.004,2018,Bills,veteran,2,Bills,extension,7427
Ray-Ray McCloud,WR,Steelers,2021,1,1.0,1.0,0.0,0.005,2018,Bills,veteran,3,Bills,new_team_signing,7428
Ray-Ray McCloud,WR,49ers,2022,2,4.0,2.0,2.785,0.01,2018,Bills,veteran,4,Steelers,new_team_signing,7429
Ray-Ray McCloud,WR,Falcons,2024,2,5.0,2.5,2.125,0.01,2018,Bills,veteran,6,49ers,new_team_signing,7430
Ray-Ray McCloud,WR,Giants,2025,1,0.315,0.315,0.0,0.001,2018,Bills,veteran,7,Falcons,new_team_signing,7431
Raylen Sharpe,WR,Colts,2026,3,3.11,1.036667,0.01,0.003,2026,Colts,rookie,0,Colts,rookie_deal,7432
Raymond Calais,RB,Buccaneers,2020,1,0.1428,0.1428,0.0,0.001,2020,Buccaneers,rookie,0,Buccaneers,rookie_deal,7433
Raymond Webber,TE,Dolphins,2011,1,0.42,0.42,0.0,0.0,2011,Buccaneers,rookie,0,Dolphins,rookie_deal,7434
Reece Horn,WR,Titans,2016,3,1.62,0.54,0.0,0.003,2016,Titans,rookie,0,Titans,rookie_deal,7435
Reece Horn,WR,Dolphins,2019,2,1.08,0.54,0.0,0.003,2016,Titans,veteran,3,Titans,new_team_signing,7436
Reece Horn,WR,Bengals,2021,1,0.66,0.66,0.0,0.004,2016,Titans,veteran,5,Dolphins,new_team_signing,7437
Reggie Begelton,WR,Packers,2020,1,0.1428,0.1428,0.0,0.001,2020,Packers,rookie,0,Packers,rookie_deal,7438
Reggie Begelton,WR,Packers,2021,1,0.66,0.66,0.0,0.004,2020,Packers,veteran,1,Packers,extension,7439
Reggie Bonnafon,RB,Panthers,2018,1,0.1292,0.1292,0.0,0.001,2018,Panthers,rookie,0,Panthers,rookie_deal,7440
Reggie Bonnafon,RB,Panthers,2019,1,0.495,0.495,0.0,0.003,2018,Panthers,veteran,1,Panthers,extension,7441
Reggie Bonnafon,RB,Panthers,2020,1,0.1428,0.1428,0.0,0.001,2018,Panthers,veteran,2,Panthers,extension,7442
Reggie Bonnafon,RB,Panthers,2021,1,0.1656,0.1656,0.0,0.001,2018,Panthers,veteran,3,Panthers,extension,7443
Reggie Bonnafon,RB,Commanders,2022,1,0.3582,0.3582,0.0,0.002,2018,Panthers,veteran,4,Panthers,new_team_signing,7444
Reggie Brown,WR,Chiefs,2024,3,2.83,0.943333,0.005,0.004,2024,Chiefs,rookie,0,Chiefs,rookie_deal,7445
Reggie Bush,RB,Saints,2006,6,52.5,8.75,20.25,0.086,2006,Saints,rookie,0,Saints,rookie_deal,7446
Reggie Bush,RB,Dolphins,2011,2,9.75,4.875,2.5,0.04,2006,Saints,veteran,5,Saints,new_team_signing,7447
Reggie Bush,RB,Lions,2013,4,16.0,4.0,4.0,0.033,2006,Saints,veteran,7,Dolphins,new_team_signing,7448
Reggie Bush,RB,49ers,2015,1,2.5,2.5,1.0,0.017,2006,Saints,veteran,9,Lions,new_team_signing,7449
Reggie Bush,RB,Bills,2016,1,1.5,1.5,0.375,0.01,2006,Saints,veteran,10,49ers,new_team_signing,7450
Reggie Davis,WR,Falcons,2017,1,0.1224,0.1224,0.0,0.001,2017,Falcons,rookie,0,Falcons,rookie_deal,7451
Reggie Davis,WR,Cowboys,2018,1,0.1292,0.1292,0.0,0.001,2017,Falcons,veteran,1,Falcons,new_team_signing,7452
Reggie Davis,WR,Bears,2019,1,0.136,0.136,0.0,0.001,2017,Falcons,veteran,2,Cowboys,new_team_signing,7453
Reggie Davis,WR,Bears,2020,1,0.1428,0.1428,0.0,0.001,2017,Falcons,veteran,3,Bears,extension,7454
Reggie Davis,WR,Bears,2021,1,0.66,0.66,0.0,0.004,2017,Falcons,veteran,4,Bears,extension,7455
Reggie Diggs,WR,Commanders,2016,3,1.62,0.54,0.0,0.003,2016,Commanders,rookie,0,Commanders,rookie_deal,7456
Reggie Dunn,WR,Cowboys,2013,2,0.96,0.48,0.0,0.0,2013,Steelers,rookie,0,Cowboys,rookie_deal,7457
Reggie Jordan,TE,Jaguars,2014,3,1.5325,0.510833,0.0075,0.0,2014,Jaguars,rookie,0,Jaguars,rookie_deal,7458
Reggie Roberson Jr.,WR,Titans,2022,1,0.207,0.207,0.0,0.001,2022,Titans,rookie,0,Titans,rookie_deal,7459
Reggie Roberson Jr.,WR,Titans,2023,2,1.655,0.8325,0.0,0.004,2022,Titans,veteran,1,Titans,extension,7460
Reggie Virgil,WR,Cardinals,2026,4,4.9365,1.234125,0.5565,0.004,2026,Cardinals,rookie,0,Cardinals,rookie_deal,7461
Reggie Wayne,WR,Colts,2001,5,6.14,1.228,2.4,0.018000000000000002,2001,Colts,rookie,0,Colts,rookie_deal,7462
Reggie Wayne,WR,Colts,2006,6,39.0,6.5,12.5,0.064,2001,Colts,veteran,5,Colts,extension,7463
Reggie Wayne,WR,Colts,2012,3,17.5,5.833333,7.5,0.048,2001,Colts,veteran,11,Colts,extension,7464
Reggie Wayne,WR,Patriots,2015,1,2.3,2.3,0.45,0.016,2001,Colts,veteran,14,Colts,new_team_signing,7465
Reggie White,WR,Giants,2019,1,0.136,0.136,0.0,0.001,2019,Giants,rookie,0,Giants,rookie_deal,7466
Reggie White,WR,Giants,2020,2,1.1175,0.55875,0.0075,0.003,2019,Giants,veteran,1,Giants,extension,7467
Reginald Davis III,WR,Falcons,2017,2,1.02,0.51,0.0,0.003,2017,Falcons,rookie,0,Falcons,rookie_deal,7468
Reid Sinnett,QB,Buccaneers,2020,1,0.1428,0.1428,0.0,0.001,2020,Buccaneers,rookie,0,Buccaneers,rookie_deal,7469
Reid Sinnett,QB,Dolphins,2021,1,0.1656,0.1656,0.0,0.001,2020,Buccaneers,veteran,1,Buccaneers,new_team_signing,7470
Reid Sinnett,QB,Dolphins,2022,1,0.207,0.207,0.0,0.001,2020,Buccaneers,veteran,2,Dolphins,extension,7471
Reid Sinnett,QB,Bengals,2023,1,0.216,0.216,0.0,0.001,2020,Buccaneers,veteran,3,Dolphins,new_team_signing,7472
Rex Burkhead,RB,Bengals,2013,4,2.2622,0.56555,0.1022,0.005,2013,Bengals,rookie,0,Bengals,rookie_deal,7473
Rex Burkhead,RB,Patriots,2017,1,3.15,3.15,1.1,0.019,2013,Bengals,veteran,4,Bengals,new_team_signing,7474
Rex Burkhead,RB,Patriots,2018,3,9.75,3.25,5.5,0.018000000000000002,2013,Bengals,veteran,5,Patriots,extension,7475
Rex Burkhead,RB,Patriots,2020,1,2.0,2.0,0.55,0.01,2013,Bengals,veteran,7,Patriots,extension,7476
Rex Burkhead,RB,Texans,2021,1,1.5,1.5,0.125,0.008,2013,Bengals,veteran,8,Patriots,new_team_signing,7477
Rhamondre Stevenson,RB,Patriots,2021,4,4.22906,1.057265,0.74906,0.006,2021,Patriots,rookie,0,Patriots,rookie_deal,7478
Rhamondre Stevenson,RB,Patriots,2024,4,36.0,9.0,17.116,0.035,2021,Patriots,veteran,3,Patriots,extension,7479
Rhett Ellison,TE,Vikings,2012,4,3.282584,0.820646,0.300584,0.006999999999999999,2012,Vikings,rookie,0,Vikings,rookie_deal,7480
Rhett Ellison,TE,Giants,2017,4,18.0,4.5,8.0,0.027000000000000003,2012,Vikings,veteran,5,Vikings,new_team_signing,7481
Ricardo Louis,WR,Browns,2016,4,2.907848,0.726962,0.567848,0.005,2016,Browns,rookie,0,Browns,rookie_deal,7482
Ricardo Louis,WR,Dolphins,2019,1,0.645,0.645,0.0,0.003,2016,Browns,veteran,3,Browns,new_team_signing,7483
Ricardo Louis,WR,Dolphins,2020,1,0.66,0.66,0.0,0.003,2016,Browns,veteran,4,Dolphins,extension,7484
Richard Gordon,TE,Raiders,2011,4,2.144852,0.536213,0.104852,0.004,2011,Raiders,rookie,0,Raiders,rookie_deal,7485
Richard Gordon,TE,PIT/KC,2013,1,0.555,0.555,0.0,0.005,2011,Raiders,veteran,2,Raiders,new_team_signing,7486
Richard Gordon,TE,Titans,2014,1,0.0,0.0,0.0,0.0,2011,Raiders,veteran,3,PIT/KC,new_team_signing,7487
Richard Gordon,TE,Broncos,2015,1,0.745,0.745,0.0,0.005,2011,Raiders,veteran,4,Titans,new_team_signing,7488
Richard Gordon,TE,Broncos,2016,1,0.76,0.76,0.0,0.005,2011,Raiders,veteran,5,Broncos,extension,7489
Richard Mullaney,WR,Cowboys,2016,2,0.99,0.495,0.0,0.003,2016,Texans,rookie,0,Cowboys,rookie_deal,7490
Richard Rodgers,TE,Packers,2014,4,2.761016,0.690254,0.506016,0.005,2014,Packers,rookie,0,Packers,rookie_deal,7491
Richard Rodgers,TE,Eagles,2018,1,0.88,0.88,0.245,0.005,2014,Packers,veteran,4,Packers,new_team_signing,7492
Richard Rodgers,TE,Eagles,2019,1,0.805,0.805,0.0,0.004,2014,Packers,veteran,5,Eagles,extension,7493
Richard Rodgers,TE,Eagles,2020,1,0.91,0.91,0.0,0.005,2014,Packers,veteran,6,Eagles,extension,7494
Richard Rodgers,TE,PHI/ARI,2021,1,0.252,0.252,0.0,0.001,2014,Packers,veteran,7,Eagles,new_team_signing,7495
Richard Rodgers,TE,Raiders,2022,1,0.3582,0.3582,0.0,0.002,2014,Packers,veteran,8,PHI/ARI,new_team_signing,7496
Richie James,WR,49ers,2018,4,2.536572,0.634143,0.076572,0.004,2018,49ers,rookie,0,49ers,rookie_deal,7497
Richie James,WR,Giants,2022,1,1.065,1.065,0.1,0.005,2018,49ers,veteran,4,49ers,new_team_signing,7498
Richie James,WR,Chiefs,2023,1,1.2325,1.2325,0.5525,0.005,2018,49ers,veteran,5,Giants,new_team_signing,7499
Ricky Collins,WR,Packers,2015,3,1.58,0.526667,0.005,0.0,2015,Packers,rookie,0,Packers,rookie_deal,7500
Ricky Jeune,WR,Cowboys,2018,2,1.05,0.525,0.0,0.003,2018,Rams,rookie,0,Cowboys,rookie_deal,7501
Ricky Pearsall,WR,49ers,2024,4,12.538398,3.1346,12.538398,0.012,2024,49ers,rookie,0,49ers,rookie_deal,7502
Ricky Person Jr.,RB,Ravens,2022,3,2.565,0.855,0.005,0.004,2022,Ravens,rookie,0,Ravens,rookie_deal,7503
Ricky Person Jr.,RB,Seahawks,2024,1,0.795,0.795,0.0,0.003,2022,Ravens,veteran,2,Ravens,new_team_signing,7504
Ricky Seale,RB,Bills,2015,3,1.575,0.525,0.0,0.004,2015,Bills,rookie,0,Bills,rookie_deal,7505
Ricky Seals-Jones,TE,Cardinals,2017,1,0.1224,0.1224,0.0,0.001,2017,Cardinals,rookie,0,Cardinals,rookie_deal,7506
Ricky Seals-Jones,TE,Cardinals,2019,1,0.645,0.645,0.0,0.003,2017,Cardinals,veteran,2,Cardinals,extension,7507
Ricky Seals-Jones,TE,Chiefs,2020,1,0.204,0.204,0.0,0.001,2017,Cardinals,veteran,3,Cardinals,new_team_signing,7508
Ricky Seals-Jones,TE,Commanders,2021,1,0.99,0.99,0.0,0.005,2017,Cardinals,veteran,4,Chiefs,new_team_signing,7509
Ricky Seals-Jones,TE,Giants,2022,1,1.1875,1.1875,0.3525,0.006,2017,Cardinals,veteran,5,Commanders,new_team_signing,7510
Ricky Seals-Jones,TE,Colts,2023,1,1.08,1.08,0.0,0.005,2017,Cardinals,veteran,6,Giants,new_team_signing,7511
Ricky Stanzi,QB,Chiefs,2011,4,2.251052,0.562763,0.211052,0.005,2011,Chiefs,rookie,0,Chiefs,rookie_deal,7512
Ricky Stanzi,QB,Jaguars,2013,2,1.2,0.6,0.0,0.005,2011,Chiefs,veteran,2,Chiefs,new_team_signing,7513
Ricky Stanzi,QB,Texans,2014,1,0.1071,0.1071,0.0,0.001,2011,Chiefs,veteran,3,Jaguars,new_team_signing,7514
Ricky Stanzi,QB,Lions,2015,1,0.1122,0.1122,0.0,0.001,2011,Chiefs,veteran,4,Texans,new_team_signing,7515
Ricky White,WR,Seahawks,2025,1,0.234,0.234,0.0,0.001,2025,Seahawks,rookie,0,Seahawks,rookie_deal,7516
Ricky White,WR,Seahawks,2026,1,0.885,0.885,0.0,0.003,2025,Seahawks,veteran,1,Seahawks,extension,7517
Rico Bussey Jr.,WR,Steelers,2021,1,0.1656,0.1656,0.0,0.001,2021,Steelers,rookie,0,Steelers,rookie_deal,7518
Rico Bussey Jr.,WR,Steelers,2022,1,0.705,0.705,0.0,0.003,2021,Steelers,veteran,1,Steelers,extension,7519
Rico Dowdle,RB,Cowboys,2020,3,2.295,0.765,0.11,0.004,2020,Cowboys,rookie,0,Cowboys,rookie_deal,7520
Rico Dowdle,RB,Cowboys,2023,1,1.04,1.04,0.1,0.005,2020,Cowboys,veteran,3,Cowboys,extension,7521
Rico Dowdle,RB,Cowboys,2024,1,1.255,1.255,0.2,0.005,2020,Cowboys,veteran,4,Cowboys,extension,7522
Rico Dowdle,RB,Panthers,2025,1,2.75,2.75,2.75,0.01,2020,Cowboys,veteran,5,Cowboys,new_team_signing,7523
Rico Dowdle,RB,Steelers,2026,2,12.25,6.125,5.0,0.02,2020,Cowboys,veteran,6,Panthers,new_team_signing,7524
Rico Gathers,TE,Browns,2019,1,0.57,0.57,0.0,0.003,2016,Cowboys,veteran,3,Cowboys,new_team_signing,7525
Riley Cooper,WR,Eagles,2010,4,2.006478,0.50162,0.171478,0.004,2010,Eagles,rookie,0,Eagles,rookie_deal,7526
Riley Cooper,WR,Eagles,2014,5,22.5,4.5,8.0,0.034,2010,Eagles,veteran,4,Eagles,extension,7527
Riley Lees,WR,Bengals,2021,3,2.4265,0.808833,0.0015,0.004,2021,Bengals,rookie,0,Bengals,rookie_deal,7528
Riley Leonard,QB,Colts,2025,4,4.435244,1.108811,0.235244,0.004,2025,Colts,rookie,0,Colts,rookie_deal,7529
Riley McCarron,WR,Texans,2017,1,0.1224,0.1224,0.0,0.001,2017,Texans,rookie,0,Texans,rookie_deal,7530
Riley McCarron,WR,Patriots,2018,1,0.1292,0.1292,0.0,0.001,2017,Texans,veteran,1,Texans,new_team_signing,7531
Riley Neal,QB,Broncos,2020,3,2.293,0.764333,0.008,0.004,2020,Broncos,rookie,0,Broncos,rookie_deal,7532
Riley Nowakowski,TE,Steelers,2026,4,4.823256,1.205814,0.443256,0.004,2026,Steelers,rookie,0,Steelers,rookie_deal,7533
Riley Ridley,WR,Bears,2019,4,3.202596,0.800649,0.682596,0.004,2019,Bears,rookie,0,Bears,rookie_deal,7534
Riley Sharp,TE,Ravens,2024,3,2.8325,0.944167,0.0025,0.004,2024,Ravens,rookie,0,Ravens,rookie_deal,7535
Rishard Matthews,WR,Dolphins,2012,4,2.153612,0.538403,0.053612,0.004,2012,Dolphins,rookie,0,Dolphins,rookie_deal,7536
Rishard Matthews,WR,Titans,2016,3,15.0,5.0,2.5,0.032,2012,Dolphins,veteran,4,Dolphins,new_team_signing,7537
Rishard Matthews,WR,Jets,2018,1,0.79,0.79,0.0,0.004,2012,Dolphins,veteran,6,Titans,new_team_signing,7538
Rishard Matthews,WR,Saints,2019,1,0.93,0.93,0.0,0.005,2012,Dolphins,veteran,7,Jets,new_team_signing,7539
Rivaldo Fairweather,TE,Cowboys,2025,1,0.234,0.234,0.0,0.001,2025,Cowboys,rookie,0,Cowboys,rookie_deal,7540
River Cracraft,WR,Broncos,2017,1,0.1224,0.1224,0.0,0.001,2017,Broncos,rookie,0,Broncos,rookie_deal,7541
River Cracraft,WR,Broncos,2018,1,0.1292,0.1292,0.0,0.001,2017,Broncos,veteran,1,Broncos,extension,7542
River Cracraft,WR,Broncos,2019,2,1.23,0.615,0.0,0.003,2017,Broncos,veteran,2,Broncos,extension,7543
River Cracraft,WR,49ers,2020,1,0.1428,0.1428,0.0,0.001,2017,Broncos,veteran,3,Broncos,new_team_signing,7544
River Cracraft,WR,49ers,2021,1,0.1656,0.1656,0.0,0.001,2017,Broncos,veteran,4,49ers,extension,7545
River Cracraft,WR,Dolphins,2022,1,0.3582,0.3582,0.0,0.002,2017,Broncos,veteran,5,49ers,new_team_signing,7546
River Cracraft,WR,Dolphins,2023,1,1.08,1.08,0.0,0.005,2017,Broncos,veteran,6,Dolphins,extension,7547
River Cracraft,WR,Dolphins,2024,1,1.2925,1.2925,0.0,0.005,2017,Broncos,veteran,7,Dolphins,extension,7548
River Cracraft,WR,Commanders,2025,1,0.315,0.315,0.0,0.001,2017,Broncos,veteran,8,Dolphins,new_team_signing,7549
Rob Blanchflower,TE,Steelers,2014,1,0.1071,0.1071,0.0,0.001,2014,Steelers,rookie,0,Steelers,rookie_deal,7550
Rob Blanchflower,TE,Steelers,2015,1,0.435,0.435,0.0,0.003,2014,Steelers,veteran,1,Steelers,extension,7551
Rob Gronkowski,TE,Patriots,2010,4,4.44,1.11,2.59,0.009000000000000001,2010,Patriots,rookie,0,Patriots,rookie_deal,7552
Rob Gronkowski,TE,NE/TB,2012,6,54.0,9.0,13.17,0.075,2010,Patriots,veteran,2,Patriots,new_team_signing,7553
Rob Gronkowski,TE,Buccaneers,2021,1,8.0,8.0,8.0,0.044000000000000004,2010,Patriots,veteran,11,NE/TB,new_team_signing,7554
Rob Housler,TE,Cardinals,2011,4,3.645092,0.911273,0.684092,0.008,2011,Cardinals,rookie,0,Cardinals,rookie_deal,7555
Rob Housler,TE,Bears,2015,1,0.745,0.745,0.0,0.005,2011,Cardinals,veteran,4,Cardinals,new_team_signing,7556
Rob Housler,TE,Bears,2016,1,0.76,0.76,0.0,0.005,2011,Cardinals,veteran,5,Bears,extension,7557
Rob Housler,TE,Patriots,2017,1,0.775,0.775,0.0,0.005,2011,Cardinals,veteran,6,Bears,new_team_signing,7558
Rob Kelley,RB,Commanders,2016,3,1.623,0.541,0.003,0.003,2016,Commanders,rookie,0,Commanders,rookie_deal,7559
Rob Kelley,RB,Saints,2019,1,0.72,0.72,0.0,0.004,2016,Commanders,veteran,3,Commanders,new_team_signing,7560
Rob Wheelwright,WR,Chiefs,2017,1,0.465,0.465,0.0,0.003,2017,Giants,rookie,0,Chiefs,rookie_deal,7561
Robbie Chosen,WR,Jets,2016,3,1.63,0.543333,0.01,0.003,2016,Jets,rookie,0,Jets,rookie_deal,7562
Robbie Chosen,WR,Jets,2019,1,3.095,3.095,0.0,0.016,2016,Jets,veteran,3,Jets,extension,7563
Robbie Chosen,WR,Panthers,2020,2,20.0,10.0,10.0,0.05,2016,Jets,veteran,4,Jets,new_team_signing,7564
Robbie Chosen,WR,CAR/ARI,2021,2,29.5,14.75,20.5,0.081,2016,Jets,veteran,5,Panthers,new_team_signing,7565
Robbie Chosen,WR,Dolphins,2023,1,0.3708,0.3708,0.0,0.002,2016,Jets,veteran,7,CAR/ARI,new_team_signing,7566
Robbie Chosen,WR,Dolphins,2024,1,0.3834,0.3834,0.0,0.002,2016,Jets,veteran,8,Dolphins,extension,7567
Robbie Chosen,WR,49ers,2025,1,0.315,0.315,0.0,0.001,2016,Jets,veteran,9,Dolphins,new_team_signing,7568
Robbie Ouzts,TE,Seahawks,2025,4,4.520216,1.130054,0.320216,0.004,2025,Seahawks,rookie,0,Seahawks,rookie_deal,7569
Robert Davis,WR,Commanders,2017,1,0.1224,0.1224,0.0,0.001,2017,Commanders,rookie,0,Commanders,rookie_deal,7570
Robert Davis,WR,Eagles,2019,1,0.136,0.136,0.0,0.001,2017,Commanders,veteran,2,Commanders,new_team_signing,7571
Robert Davis,WR,Raiders,2020,1,0.1428,0.1428,0.0,0.001,2017,Commanders,veteran,3,Eagles,new_team_signing,7572
Robert Foster,WR,Bills,2018,1,0.1292,0.1292,0.0,0.001,2018,Bills,rookie,0,Bills,rookie_deal,7573
Robert Foster,WR,Packers,2020,1,0.1428,0.1428,0.0,0.001,2018,Bills,veteran,2,Bills,new_team_signing,7574
Robert Foster,WR,Cowboys,2021,1,0.252,0.252,0.0,0.001,2018,Bills,veteran,3,Packers,new_team_signing,7575
Robert Foster,WR,Colts,2022,1,0.2772,0.2772,0.0,0.001,2018,Bills,veteran,4,Cowboys,new_team_signing,7576
Robert Griffin III,QB,Commanders,2012,5,21.119098,5.279775,21.119098,0.044000000000000004,2012,Commanders,rookie,0,Commanders,rookie_deal,7577
Robert Griffin III,QB,Browns,2016,2,15.0,7.5,6.75,0.048,2012,Commanders,veteran,4,Commanders,new_team_signing,7578
Robert Griffin III,QB,Ravens,2018,1,1.1,1.1,0.1,0.006,2012,Commanders,veteran,6,Browns,new_team_signing,7579
Robert Griffin III,QB,Ravens,2019,2,4.0,2.0,2.0,0.011000000000000001,2012,Commanders,veteran,7,Ravens,extension,7580
Robert Henry Jr.,RB,Commanders,2026,3,3.12,1.04,0.22,0.003,2026,Commanders,rookie,0,Commanders,rookie_deal,7581
Robert Herron,WR,Buccaneers,2014,4,2.332,0.583,0.112,0.004,2014,Buccaneers,rookie,0,Buccaneers,rookie_deal,7582
Robert Herron,WR,Dolphins,2015,1,0.1122,0.1122,0.0,0.001,2014,Buccaneers,veteran,1,Buccaneers,new_team_signing,7583
Robert Herron,WR,Raiders,2016,1,0.525,0.525,0.0,0.003,2014,Buccaneers,veteran,2,Dolphins,new_team_signing,7584
Robert Lewis,WR,Vikings,2025,3,2.965,0.988333,0.02,0.004,2025,Vikings,rookie,0,Vikings,rookie_deal,7585
Robert Martin,RB,Giants,2018,1,0.1292,0.1292,0.0,0.001,2018,Giants,rookie,0,Giants,rookie_deal,7586
Robert Martin,RB,Patriots,2019,1,0.495,0.495,0.0,0.003,2018,Giants,veteran,1,Giants,new_team_signing,7587
Robert Meachem,WR,Saints,2007,1,0.855,0.855,0.0,0.0,2007,Saints,rookie,0,Saints,rookie_deal,7588
Robert Tonyan,TE,Packers,2017,1,0.1224,0.1224,0.0,0.001,2017,Lions,rookie,0,Packers,rookie_deal,7589
Robert Tonyan,TE,Packers,2018,1,0.48,0.48,0.0,0.003,2017,Lions,veteran,1,Packers,extension,7590
Robert Tonyan,TE,Packers,2019,1,0.57,0.57,0.0,0.003,2017,Lions,veteran,2,Packers,extension,7591
Robert Tonyan,TE,Packers,2020,1,0.75,0.75,0.0,0.004,2017,Lions,veteran,3,Packers,extension,7592
Robert Tonyan,TE,Packers,2021,1,3.384,3.384,2.349,0.019,2017,Lions,veteran,4,Packers,extension,7593
Robert Tonyan,TE,Packers,2022,1,3.75,3.75,1.0,0.018000000000000002,2017,Lions,veteran,5,Packers,extension,7594
Robert Tonyan,TE,Bears,2023,1,2.65,2.65,1.25,0.012,2017,Lions,veteran,6,Packers,new_team_signing,7595
Robert Tonyan,TE,Vikings,2024,1,0.3024,0.3024,0.0,0.001,2017,Lions,veteran,7,Bears,new_team_signing,7596
Robert Tonyan,TE,Chiefs,2025,1,0.315,0.315,0.0,0.001,2017,Lions,veteran,8,Vikings,new_team_signing,7597
Robert Tonyan,TE,Steelers,2026,1,1.3,1.3,0.0,0.004,2017,Lions,veteran,9,Chiefs,new_team_signing,7598
Robert Turbin,RB,CLE/SEA,2012,4,2.556456,0.639114,0.456456,0.005,2012,Seahawks,rookie,0,CLE/SEA,rookie_deal,7599
Robert Turbin,RB,Cowboys,2015,1,0.66,0.66,0.0,0.005,2012,Seahawks,veteran,3,CLE/SEA,new_team_signing,7600
Robert Turbin,RB,Colts,2016,1,0.76,0.76,0.0,0.005,2012,Seahawks,veteran,4,Cowboys,new_team_signing,7601
Robert Turbin,RB,Colts,2017,2,2.7,1.35,0.5,0.008,2012,Seahawks,veteran,5,Colts,extension,7602
Robert Turbin,RB,Seahawks,2019,1,0.805,0.805,0.0,0.004,2012,Seahawks,veteran,7,Colts,new_team_signing,7603
Robert Woods,WR,Bills,2013,4,4.866769,1.216692,2.900685,0.01,2013,Bills,rookie,0,Bills,rookie_deal,7604
Robert Woods,WR,Rams,2017,5,34.0,6.8,10.0,0.040999999999999995,2013,Bills,veteran,4,Bills,new_team_signing,7605
Robert Woods,WR,LAR/TEN,2020,4,65.0,16.25,18.205882,0.08199999999999999,2013,Bills,veteran,7,Rams,new_team_signing,7606
Robert Woods,WR,Texans,2023,2,15.25,7.625,10.0,0.034,2013,Bills,veteran,10,LAR/TEN,new_team_signing,7607
Robert Woods,WR,Steelers,2025,1,0.315,0.315,0.0,0.001,2013,Bills,veteran,12,Texans,new_team_signing,7608
Roc Taylor,WR,Steelers,2025,3,2.995,0.998333,0.03,0.004,2025,Steelers,rookie,0,Steelers,rookie_deal,7609
Roc Thomas,RB,Vikings,2018,1,0.1292,0.1292,0.0,0.001,2018,Vikings,rookie,0,Vikings,rookie_deal,7610
Roc Thomas,RB,Jaguars,2019,2,1.23,0.615,0.0,0.003,2018,Vikings,veteran,1,Vikings,new_team_signing,7611
Rocky Lombardi,QB,Bengals,2024,3,2.84,0.946667,0.01,0.004,2024,Bengals,rookie,0,Bengals,rookie_deal,7612
Rod Smith,RB,Cowboys,2015,2,0.96,0.48,0.0,0.003,2015,Seahawks,rookie,0,Cowboys,rookie_deal,7613
Rod Smith,RB,Cowboys,2017,2,1.32,0.66,0.0,0.004,2015,Seahawks,veteran,2,Cowboys,extension,7614
Rod Smith,RB,Raiders,2019,1,0.805,0.805,0.0,0.004,2015,Seahawks,veteran,4,Cowboys,new_team_signing,7615
Rod Smith,RB,Giants,2020,1,0.204,0.204,0.0,0.001,2015,Seahawks,veteran,5,Raiders,new_team_signing,7616
Rod Smith,RB,Panthers,2021,1,0.99,0.99,0.0,0.005,2015,Seahawks,veteran,6,Giants,new_team_signing,7617
Rod Streater,WR,Raiders,2012,3,1.45,0.483333,0.01,0.004,2012,Raiders,rookie,0,Raiders,rookie_deal,7618
Rod Streater,WR,Raiders,2015,1,2.356,2.356,0.0,0.016,2012,Raiders,veteran,3,Raiders,extension,7619
Rod Streater,WR,SF/KC,2016,1,0.81,0.81,0.11,0.005,2012,Raiders,veteran,4,Raiders,new_team_signing,7620
Rod Streater,WR,Bills,2017,1,0.775,0.775,0.0,0.005,2012,Raiders,veteran,5,SF/KC,new_team_signing,7621
Rod Streater,WR,Browns,2018,1,0.79,0.79,0.0,0.004,2012,Raiders,veteran,6,Bills,new_team_signing,7622
Roddy White,WR,Falcons,2005,5,7.35,1.47,4.47,0.017,2005,Falcons,rookie,0,Falcons,rookie_deal,7623
Roddy White,WR,Falcons,2009,5,42.72,8.544,18.6,0.069,2005,Falcons,veteran,4,Falcons,extension,7624
Roddy White,WR,Falcons,2014,3,18.0,6.0,7.55,0.045,2005,Falcons,veteran,9,Falcons,extension,7625
Roderick Daniels,WR,Saints,2025,3,2.965,0.988333,0.0,0.004,2025,Saints,rookie,0,Saints,rookie_deal,7626
Rodney Adams,WR,Vikings,2017,1,0.465,0.465,0.0,0.003,2017,Vikings,rookie,0,Vikings,rookie_deal,7627
Rodney Adams,WR,Colts,2018,2,1.2,0.6,0.0,0.003,2017,Vikings,veteran,1,Vikings,new_team_signing,7628
Rodney Adams,WR,Bears,2020,1,0.1428,0.1428,0.0,0.001,2017,Vikings,veteran,3,Colts,new_team_signing,7629
Rodney Adams,WR,Bears,2021,1,0.1656,0.1656,0.0,0.001,2017,Vikings,veteran,4,Bears,extension,7630
Rodney Adams,WR,Jets,2022,2,1.765,0.8825,0.0,0.004,2017,Vikings,veteran,5,Bears,new_team_signing,7631
Rodney Anderson,RB,Bengals,2019,4,2.64784,0.66196,0.12784,0.004,2019,Bengals,rookie,0,Bengals,rookie_deal,7632
Rodney Smith,RB,Panthers,2020,1,0.1428,0.1428,0.0,0.001,2020,Panthers,rookie,0,Panthers,rookie_deal,7633
Rodney Smith,RB,Lions,2021,1,0.1656,0.1656,0.0,0.001,2020,Panthers,veteran,1,Panthers,new_team_signing,7634
Rodney Williams II,TE,Steelers,2022,1,0.207,0.207,0.0,0.001,2022,Broncos,rookie,0,Steelers,rookie_deal,7635
Rodney Williams II,TE,Steelers,2023,1,0.216,0.216,0.0,0.001,2022,Broncos,veteran,1,Steelers,extension,7636
Rodney Williams II,TE,Steelers,2024,1,0.225,0.225,0.0,0.001,2022,Broncos,veteran,2,Steelers,extension,7637
Roger Carter,TE,Rams,2022,1,0.207,0.207,0.0,0.001,2022,Rams,rookie,0,Rams,rookie_deal,7638
Roger Carter,TE,Rams,2023,2,1.665,0.8325,0.0,0.004,2022,Rams,veteran,1,Rams,extension,7639
Roger Lewis,WR,Giants,2016,3,1.6385,0.546167,0.04,0.004,2016,Giants,rookie,0,Giants,rookie_deal,7640
Roger Lewis,WR,Titans,2018,1,0.1292,0.1292,0.0,0.001,2016,Giants,veteran,2,Giants,new_team_signing,7641
Roger Lewis,WR,Colts,2019,1,0.645,0.645,0.0,0.003,2016,Giants,veteran,3,Titans,new_team_signing,7642
Rogers Gaines,TE,Giants,2013,2,0.93,0.465,0.0,0.0,2013,Ravens,rookie,0,Giants,rookie_deal,7643
Rohan Jones,TE,Rams,2026,3,3.11,1.036667,0.01,0.003,2026,Rams,rookie,0,Rams,rookie_deal,7644
Roman Hemby,RB,Raiders,2026,3,3.12,1.04,0.22,0.003,2026,Raiders,rookie,0,Raiders,rookie_deal,7645
Roman Wilson,WR,Steelers,2024,4,5.745168,1.436292,0.998304,0.006,2024,Steelers,rookie,0,Steelers,rookie_deal,7646
Romar Morris,RB,Jets,2016,3,1.62,0.54,0.0,0.003,2016,Jets,rookie,0,Jets,rookie_deal,7647
Rome Odunze,WR,Bears,2024,4,22.7245,5.681125,22.7245,0.022000000000000002,2024,Bears,rookie,0,Bears,rookie_deal,7648
Romell Guerrier,WR,Broncos,2019,3,1.758,0.586,0.003,0.003,2019,Broncos,rookie,0,Broncos,rookie_deal,7649
Romello Brinson,WR,Cowboys,2026,3,3.1,1.033333,0.0,0.003,2026,Cowboys,rookie,0,Cowboys,rookie_deal,7650
Romello Brooker,TE,Rams,2019,3,1.758,0.586,0.003,0.003,2019,Rams,rookie,0,Rams,rookie_deal,7651
Romeo Doubs,WR,Packers,2022,4,4.343916,1.085979,0.683916,0.005,2022,Packers,rookie,0,Packers,rookie_deal,7652
Romeo Doubs,WR,Patriots,2026,4,68.0,17.0,35.0,0.055999999999999994,2022,Packers,veteran,4,Packers,new_team_signing,7653
Ronald Awatt,RB,49ers,2023,3,2.697,0.899,0.007,0.004,2023,49ers,rookie,0,49ers,rookie_deal,7654
Ronald Johnson,WR,Eagles,2011,1,0.0969,0.0969,0.0,0.001,2011,,rookie,0,Eagles,rookie_deal,7655
Ronald Johnson,WR,Seahawks,2014,1,0.42,0.42,0.0,0.003,2011,,veteran,3,Eagles,new_team_signing,7656
Ronald Jones II,RB,Buccaneers,2018,4,7.071926,1.767982,3.22322,0.01,2018,Buccaneers,rookie,0,Buccaneers,rookie_deal,7657
Ronald Jones II,RB,Chiefs,2022,1,1.5,1.5,0.75,0.006999999999999999,2018,Buccaneers,veteran,4,Buccaneers,new_team_signing,7658
Ronald Jones II,RB,Cowboys,2023,1,1.2325,1.2325,0.3025,0.005,2018,Buccaneers,veteran,5,Chiefs,new_team_signing,7659
Rondale Moore,WR,ARI/ATL,2021,4,6.924254,1.731064,4.030559,0.009000000000000001,2021,Cardinals,rookie,0,ARI/ATL,rookie_deal,7660
Rondale Moore,WR,Vikings,2025,1,2.0,2.0,0.25,0.006999999999999999,2021,Cardinals,veteran,4,ARI/ATL,new_team_signing,7661
Ronnie Bell,WR,49ers,2023,4,3.917784,0.979446,0.077784,0.004,2023,49ers,rookie,0,49ers,rookie_deal,7662
Ronnie Bell,WR,49ers,2024,1,0.225,0.225,0.0,0.001,2023,49ers,veteran,1,49ers,extension,7663
Ronnie Bell,WR,Saints,2025,1,0.234,0.234,0.0,0.001,2023,49ers,veteran,2,49ers,new_team_signing,7664
Ronnie Brown,RB,Chargers,2005,1,0.855,0.855,0.0,0.0,2005,Dolphins,rookie,0,Chargers,rookie_deal,7665
Ronnie Brown,RB,Buccaneers,2023,3,2.696,0.898667,0.001,0.004,2023,Buccaneers,rookie,0,Buccaneers,rookie_deal,7666
Ronnie Hillman,RB,Broncos,2012,4,3.000832,0.750208,0.690832,0.006,2012,Broncos,rookie,0,Broncos,rookie_deal,7667
Ronnie Hillman,RB,LAC/MIN,2016,1,0.76,0.76,0.0,0.005,2012,Broncos,veteran,4,Broncos,new_team_signing,7668
Ronnie Hillman,RB,Cowboys,2017,1,0.775,0.775,0.0,0.005,2012,Broncos,veteran,5,LAC/MIN,new_team_signing,7669
Ronnie Rivers,RB,Rams,2022,1,0.207,0.207,0.0,0.001,2022,Cardinals,rookie,0,Rams,rookie_deal,7670
Ronnie Rivers,RB,Rams,2024,1,0.985,0.985,0.0,0.004,2022,Cardinals,veteran,2,Rams,extension,7671
Ronnie Rivers,RB,Rams,2025,1,0.315,0.315,0.0,0.001,2022,Cardinals,veteran,3,Rams,extension,7672
Ronnie Rivers,RB,Rams,2026,1,1.251,1.251,0.3303,0.004,2022,Cardinals,veteran,4,Rams,extension,7673
Ronnie Wingo,RB,Falcons,2013,2,0.111,0.555,0.0,0.0,2013,Falcons,rookie,0,Falcons,rookie_deal,7674
Rory Anderson,TE,49ers,2015,4,2.332784,0.583196,0.052784,0.004,2015,,rookie,0,49ers,rookie_deal,7675
Rory Anderson,TE,Bills,2017,1,0.465,0.465,0.0,0.003,2015,,veteran,2,49ers,new_team_signing,7676
Rory Starkey,WR,Packers,2024,3,2.83,0.943333,0.0,0.004,2024,Packers,rookie,0,Packers,rookie_deal,7677
Roschon Johnson,RB,Bears,2023,4,4.608688,1.152172,0.768688,0.005,2023,Bears,rookie,0,Bears,rookie_deal,7678
Ross Dwelley,TE,49ers,2018,1,0.1292,0.1292,0.0,0.001,2018,49ers,rookie,0,49ers,rookie_deal,7679
Ross Dwelley,TE,49ers,2020,1,0.75,0.75,0.0,0.004,2018,49ers,veteran,2,49ers,extension,7680
Ross Dwelley,TE,49ers,2021,1,1.6,1.6,1.4,0.009000000000000001,2018,49ers,veteran,3,49ers,extension,7681
Ross Dwelley,TE,49ers,2022,1,1.035,1.035,0.25,0.005,2018,49ers,veteran,4,49ers,extension,7682
Ross Dwelley,TE,49ers,2023,1,1.7,1.7,0.7,0.008,2018,49ers,veteran,5,49ers,extension,7683
Ross Dwelley,TE,Falcons,2024,1,1.2925,1.2925,0.0955,0.005,2018,49ers,veteran,6,49ers,new_team_signing,7684
Ross Dwelley,TE,DET/CAR,2025,1,0.315,0.315,0.0,0.001,2018,49ers,veteran,7,Falcons,new_team_signing,7685
Ross Travis,TE,Colts,2019,1,0.645,0.645,0.0,0.003,2015,Chiefs,veteran,4,Chiefs,new_team_signing,7686
Ross Travis,TE,Jets,2020,1,0.204,0.204,0.0,0.001,2015,Chiefs,veteran,5,Colts,new_team_signing,7687
Ross Travis,TE,Lions,2021,1,0.252,0.252,0.0,0.001,2015,Chiefs,veteran,6,Jets,new_team_signing,7688
Roy Finch,RB,Patriots,2014,3,1.535,0.511667,0.01,0.0,2014,Patriots,rookie,0,Patriots,rookie_deal,7689
Roy Helu,RB,Commanders,2011,4,2.510252,0.627563,0.470252,0.005,2011,Commanders,rookie,0,Commanders,rookie_deal,7690
Roy Helu,RB,Raiders,2015,2,4.1,2.05,1.0,0.013999999999999999,2011,Commanders,veteran,4,Commanders,new_team_signing,7691
Royce Adams,WR,Browns,2012,1,0.42,0.42,0.0,0.0,2012,Jets,rookie,0,Browns,rookie_deal,7692
Royce Freeman,RB,DEN/CAR/HOU,2018,4,3.94002,0.985005,0.99702,0.006,2018,Broncos,rookie,0,DEN/CAR/HOU,rookie_deal,7693
Royce Freeman,RB,Texans,2022,1,0.3582,0.3582,0.0,0.002,2018,Broncos,veteran,4,DEN/CAR/HOU,new_team_signing,7694
Royce Freeman,RB,Rams,2023,1,0.2898,0.2898,0.0,0.001,2018,Broncos,veteran,5,Texans,new_team_signing,7695
Royce Freeman,RB,Browns,2024,1,0.3024,0.3024,0.0,0.001,2018,Broncos,veteran,6,Rams,new_team_signing,7696
Royce Freeman,RB,Chargers,2025,1,0.315,0.315,0.0,0.001,2018,Broncos,veteran,7,Browns,new_team_signing,7697
Rueben Randle,WR,Giants,2012,4,3.29193,0.822983,1.007132,0.006999999999999999,2012,Giants,rookie,0,Giants,rookie_deal,7698
Rueben Randle,WR,Eagles,2016,1,1.025,1.025,0.5,0.006999999999999999,2012,Giants,veteran,4,Giants,new_team_signing,7699
Rueben Randle,WR,Bears,2017,1,0.775,0.775,0.0,0.005,2012,Giants,veteran,5,Eagles,new_team_signing,7700
Rushawn Baker,RB,Patriots,2025,1,0.234,0.234,0.0,0.001,2025,Giants,rookie,0,Patriots,rookie_deal,7701
Rushel Shell,RB,Steelers,2017,3,1.665,0.555,0.0,0.003,2017,Steelers,rookie,0,Steelers,rookie_deal,7702
Russ Hansbrough,RB,Buccaneers,2016,3,1.47,0.49,0.0,0.003,2016,Buccaneers,rookie,0,Buccaneers,rookie_deal,7703
Russ Hansbrough,RB,Buccaneers,2017,1,0.1224,0.1224,0.0,0.001,2016,Buccaneers,veteran,1,Buccaneers,extension,7704
Russ Hansbrough,RB,Commanders,2018,1,0.1292,0.1292,0.0,0.001,2016,Buccaneers,veteran,2,Buccaneers,new_team_signing,7705
Russ Hansbrough,RB,Commanders,2019,2,1.23,0.615,0.0,0.003,2016,Buccaneers,veteran,3,Commanders,extension,7706
Russell Gage,WR,Falcons,2018,4,2.616192,0.654048,0.156192,0.004,2018,Falcons,rookie,0,Falcons,rookie_deal,7707
Russell Gage,WR,Buccaneers,2022,3,30.0,10.0,15.0,0.048,2018,Falcons,veteran,4,Falcons,new_team_signing,7708
Russell Gage,WR,Buccaneers,2023,2,17.0,8.5,7.0,0.038,2018,Falcons,veteran,5,Buccaneers,extension,7709
Russell Gage,WR,49ers,2024,1,0.3024,0.3024,0.0,0.001,2018,Falcons,veteran,6,Buccaneers,new_team_signing,7710
Russell Gage,WR,49ers,2025,1,0.396,0.396,0.0,0.001,2018,Falcons,veteran,7,49ers,extension,7711
Russell Shepard,WR,TB/PHI,2013,3,1.4925,0.4975,0.0125,0.004,2013,Eagles,rookie,0,TB/PHI,rookie_deal,7712
Russell Shepard,WR,Buccaneers,2016,1,1.671,1.671,0.0,0.011000000000000001,2013,Eagles,veteran,3,TB/PHI,new_team_signing,7713
Russell Shepard,WR,Panthers,2017,3,10.0,3.333333,2.1,0.02,2013,Eagles,veteran,4,Buccaneers,new_team_signing,7714
Russell Shepard,WR,Giants,2018,1,1.25,1.25,0.25,0.006999999999999999,2013,Eagles,veteran,5,Panthers,new_team_signing,7715
Russell Shepard,WR,Giants,2019,1,1.5,1.5,0.7,0.008,2013,Eagles,veteran,6,Giants,extension,7716
Russell Wilson,QB,Seahawks,2012,4,2.996774,0.749194,0.619472,0.006,2012,Seahawks,rookie,0,Seahawks,rookie_deal,7717
Russell Wilson,QB,Seahawks,2015,4,87.6,21.9,31.7,0.153,2012,Seahawks,veteran,3,Seahawks,extension,7718
Russell Wilson,QB,SEA/DEN,2019,4,140.0,35.0,70.0,0.18600000000000003,2012,Seahawks,veteran,7,Seahawks,new_team_signing,7719
Russell Wilson,QB,Broncos,2022,5,245.0,49.0,124.0,0.235,2012,Seahawks,veteran,10,SEA/DEN,new_team_signing,7720
Russell Wilson,QB,Steelers,2024,1,1.21,1.21,1.21,0.005,2012,Seahawks,veteran,12,Broncos,new_team_signing,7721
Russell Wilson,QB,Giants,2025,1,10.5,10.5,10.0,0.038,2012,Seahawks,veteran,13,Steelers,new_team_signing,7722
Rusty Smith,QB,Giants,2010,1,0.73,0.73,0.0,0.0,2010,Titans,rookie,0,Giants,rookie_deal,7723
Ryan Becker,TE,Cardinals,2020,3,2.293,0.764333,0.008,0.004,2020,Cardinals,rookie,0,Cardinals,rookie_deal,7724
Ryan Becker,TE,Falcons,2021,1,0.66,0.66,0.0,0.004,2020,Cardinals,veteran,1,Cardinals,new_team_signing,7725
Ryan Becker,TE,Falcons,2022,1,0.705,0.705,0.0,0.003,2020,Cardinals,veteran,2,Falcons,extension,7726
Ryan Broyles,WR,Lions,2012,4,3.6785,0.919625,1.422477,0.008,2012,Lions,rookie,0,Lions,rookie_deal,7727
Ryan Davis,WR,Patriots,2019,3,1.765,0.588333,0.07,0.003,2019,Patriots,rookie,0,Patriots,rookie_deal,7728
Ryan Finley,QB,HOU/CIN,2019,4,3.309656,0.827414,0.789656,0.004,2019,Bengals,rookie,0,HOU/CIN,rookie_deal,7729
Ryan Fitzpatrick,QB,CIN/LAR,2005,3,0.95325,0.31775,0.02825,0.004,2005,Rams,rookie,0,CIN/LAR,rookie_deal,7730
Ryan Fitzpatrick,QB,Bengals,2008,1,0.927,0.927,0.0,0.008,2005,Rams,veteran,3,CIN/LAR,new_team_signing,7731
Ryan Fitzpatrick,QB,Bills,2009,3,8.25,2.75,1.17,0.022000000000000002,2005,Rams,veteran,4,Bengals,new_team_signing,7732
Ryan Fitzpatrick,QB,Bills,2011,6,59.0,9.833333,10.0,0.08199999999999999,2005,Rams,veteran,6,Bills,extension,7733
Ryan Fitzpatrick,QB,Titans,2013,2,6.5,3.25,3.25,0.026000000000000002,2005,Rams,veteran,8,Bills,new_team_signing,7734
Ryan Fitzpatrick,QB,NYJ/HOU,2014,2,7.25,3.625,4.0,0.027000000000000003,2005,Rams,veteran,9,Titans,new_team_signing,7735
Ryan Fitzpatrick,QB,Jets,2016,1,12.0,12.0,12.0,0.077,2005,Rams,veteran,11,NYJ/HOU,new_team_signing,7736
Ryan Fitzpatrick,QB,Buccaneers,2017,1,3.0,3.0,1.25,0.018000000000000002,2005,Rams,veteran,12,Jets,new_team_signing,7737
Ryan Fitzpatrick,QB,Buccaneers,2018,1,3.3,3.3,1.3,0.019,2005,Rams,veteran,13,Buccaneers,extension,7738
Ryan Fitzpatrick,QB,Dolphins,2019,2,11.0,5.5,7.0,0.028999999999999998,2005,Rams,veteran,14,Buccaneers,new_team_signing,7739
Ryan Fitzpatrick,QB,Commanders,2021,1,10.0,10.0,6.0,0.055,2005,Rams,veteran,16,Dolphins,new_team_signing,7740
Ryan Flournoy,WR,Cowboys,2024,4,4.158388,1.039597,0.138388,0.004,2024,Cowboys,rookie,0,Cowboys,rookie_deal,7741
Ryan Flournoy,WR,Cowboys,2025,1,0.234,0.234,0.0,0.001,2024,Cowboys,veteran,1,Cowboys,extension,7742
Ryan Grant,WR,Commanders,2014,4,2.433612,0.608403,0.213612,0.005,2014,Commanders,rookie,0,Commanders,rookie_deal,7743
Ryan Grant,WR,Colts,2018,1,5.0,5.0,5.0,0.027999999999999997,2014,Commanders,veteran,4,Commanders,new_team_signing,7744
Ryan Grant,WR,Packers,2019,1,0.805,0.805,0.0,0.004,2014,Commanders,veteran,5,Colts,new_team_signing,7745
Ryan Griffin,TE,Texans,2013,4,2.23868,0.55967,0.07868,0.005,2013,Texans,rookie,0,Texans,rookie_deal,7746
Ryan Griffin,TE,Texans,2017,3,9.0,3.0,3.225,0.018000000000000002,2013,Texans,veteran,4,Texans,extension,7747
Ryan Griffin,TE,Jets,2019,1,1.125,1.125,0.0,0.006,2013,Texans,veteran,6,Texans,new_team_signing,7748
Ryan Griffin,TE,Buccaneers,2021,1,0.252,0.252,0.0,0.001,2013,Saints,veteran,8,Jets,new_team_signing,7749
Ryan Griffin,TE,Bears,2022,1,2.25,2.25,0.75,0.011000000000000001,2013,Texans,veteran,9,Buccaneers,new_team_signing,7750
Ryan Hewitt,TE,Bengals,2014,3,1.54,0.513333,0.01,0.004,2014,Bengals,rookie,0,Bengals,rookie_deal,7751
Ryan Hewitt,TE,Bengals,2016,3,7.5,2.5,1.5,0.016,2014,Bengals,veteran,2,Bengals,extension,7752
Ryan Hewitt,TE,Titans,2019,1,0.805,0.805,0.0,0.004,2014,Bengals,veteran,5,Bengals,new_team_signing,7753
Ryan Izzo,TE,HOU/NE,2018,4,2.529072,0.632268,0.069072,0.004,2018,Patriots,rookie,0,HOU/NE,rookie_deal,7754
Ryan Izzo,TE,NYG/SEA,2021,1,0.252,0.252,0.0,0.001,2018,Patriots,veteran,3,HOU/NE,new_team_signing,7755
Ryan Izzo,TE,Panthers,2022,1,0.895,0.895,0.0,0.004,2018,Patriots,veteran,4,NYG/SEA,new_team_signing,7756
Ryan Jones,TE,Giants,2023,1,0.216,0.216,0.0,0.001,2023,Giants,rookie,0,Giants,rookie_deal,7757
Ryan Lankford,WR,Colts,2014,2,0.96,0.48,0.0,0.0,2014,Dolphins,rookie,0,Colts,rookie_deal,7758
Ryan Lindley,QB,Cardinals,2012,4,2.205308,0.551327,0.105308,0.005,2012,Cardinals,rookie,0,Cardinals,rookie_deal,7759
Ryan Lindley,QB,Chargers,2014,1,0.1071,0.1071,0.0,0.001,2012,Cardinals,veteran,2,Cardinals,new_team_signing,7760
Ryan Lindley,QB,Patriots,2015,1,0.66,0.66,0.0,0.005,2012,Cardinals,veteran,3,Chargers,new_team_signing,7761
Ryan Malleck,TE,Steelers,2018,1,0.48,0.48,0.0,0.003,2016,Giants,veteran,2,Texans,new_team_signing,7762
Ryan Mallett,QB,NE/HOU,2011,4,2.947828,0.736957,1.018876,0.006,2011,Patriots,rookie,0,NE/HOU,rookie_deal,7763
Ryan Mallett,QB,Ravens,2015,2,2.245,1.1225,0.0,0.008,2011,Patriots,veteran,4,NE/HOU,new_team_signing,7764
Ryan Mallett,QB,Ravens,2017,1,2.0,2.0,1.0,0.012,2011,Patriots,veteran,6,Ravens,extension,7765
Ryan Mathews,RB,Chargers,2010,5,17.78625,3.55725,12.038,0.027999999999999997,2010,Chargers,rookie,0,Chargers,rookie_deal,7766
Ryan Mathews,RB,Eagles,2015,3,11.0,3.666667,5.0,0.026000000000000002,2010,Chargers,veteran,5,Chargers,new_team_signing,7767
Ryan McDaniel,WR,Jaguars,2022,3,2.56,0.853333,0.0,0.004,2022,Jaguars,rookie,0,Jaguars,rookie_deal,7768
Ryan Miller,WR,Buccaneers,2023,1,0.216,0.216,0.0,0.001,2023,Buccaneers,rookie,0,Buccaneers,rookie_deal,7769
Ryan Miller,WR,Buccaneers,2024,1,0.225,0.225,0.0,0.001,2023,Buccaneers,veteran,1,Buccaneers,extension,7770
Ryan Miller,WR,Giants,2026,1,1.075,1.075,0.0,0.004,2023,Buccaneers,veteran,3,Buccaneers,new_team_signing,7771
Ryan Nall,RB,Bears,2018,1,0.1292,0.1292,0.0,0.001,2018,Bears,rookie,0,Bears,rookie_deal,7772
Ryan Nall,RB,Bears,2019,1,0.136,0.136,0.0,0.001,2018,Bears,veteran,1,Bears,extension,7773
Ryan Nall,RB,Bears,2021,1,0.1656,0.1656,0.0,0.001,2018,Bears,veteran,3,Bears,extension,7774
Ryan Nall,RB,Cowboys,2022,1,0.965,0.965,0.0,0.005,2018,Bears,veteran,4,Bears,new_team_signing,7775
Ryan Nassib,QB,Giants,2013,4,2.6136,0.6534,0.4536,0.005,2013,Giants,rookie,0,Giants,rookie_deal,7776
Ryan Nassib,QB,Jaguars,2017,1,0.775,0.775,0.0,0.005,2013,Giants,veteran,4,Giants,new_team_signing,7777
Ryan O'Malley,TE,Giants,2018,1,0.555,0.555,0.0,0.003,2016,Raiders,veteran,2,Giants,extension,7778
Ryan Otten,TE,Vikings,2013,2,0.96,0.48,0.0,0.0,2013,Jaguars,rookie,0,Vikings,rookie_deal,7779
Ryan Smith,TE,Packers,2018,3,1.71,0.57,0.0,0.003,2018,Packers,rookie,0,Packers,rookie_deal,7780
Ryan Switzer,WR,PIT/LV/DAL,2017,4,2.968984,0.742246,0.568984,0.004,2017,Cowboys,rookie,0,PIT/LV/DAL,rookie_deal,7781
Ryan Switzer,WR,Browns,2020,1,0.204,0.204,0.0,0.001,2017,Cowboys,veteran,3,PIT/LV/DAL,new_team_signing,7782
Ryan Switzer,WR,Browns,2021,1,0.92,0.92,0.0,0.005,2017,Cowboys,veteran,4,Browns,extension,7783
Ryan Swope,WR,Cardinals,2013,4,2.275788,0.568947,0.115788,0.005,2013,Cardinals,rookie,0,Cardinals,rookie_deal,7784
Ryan Tannehill,QB,Dolphins,2012,4,12.668512,3.167128,12.668512,0.026000000000000002,2012,Dolphins,rookie,0,Dolphins,rookie_deal,7785
Ryan Tannehill,QB,Dolphins,2015,4,77.0,19.25,21.5,0.134,2012,Dolphins,veteran,3,Dolphins,extension,7786
Ryan Tannehill,QB,MIA/TEN,2019,1,7.0,7.0,6.75,0.037000000000000005,2012,Dolphins,veteran,7,Dolphins,new_team_signing,7787
Ryan Tannehill,QB,Titans,2020,4,118.0,29.5,62.0,0.149,2012,Dolphins,veteran,8,MIA/TEN,new_team_signing,7788
Ryan Taylor,TE,GB/CLE/BAL,2011,4,2.099176,0.524794,0.059176,0.004,2011,Packers,rookie,0,GB/CLE/BAL,rookie_deal,7789
Ryan Taylor,TE,Chiefs,2015,1,0.745,0.745,0.0,0.005,2011,Packers,veteran,4,GB/CLE/BAL,new_team_signing,7790
Ryan Whalen,WR,Bengals,2011,4,2.165114,0.541279,0.125114,0.004,2011,Bengals,rookie,0,Bengals,rookie_deal,7791
Ryan Whalen,WR,Vikings,2015,1,0.66,0.66,0.0,0.005,2011,Bengals,veteran,4,Bengals,new_team_signing,7792
Ryan Whalen,WR,49ers,2016,1,0.675,0.675,0.0,0.004,2011,Bengals,veteran,5,Vikings,new_team_signing,7793
Ryan Williams,RB,Cardinals,2011,4,5.007432,1.251858,0.0,0.01,2011,Cardinals,rookie,0,Cardinals,rookie_deal,7794
Ryan Williams,RB,Cowboys,2014,1,0.1071,0.1071,0.0,0.001,2011,Cardinals,veteran,3,Cardinals,new_team_signing,7795
Ryan Williams,RB,Cowboys,2015,2,1.5,0.75,0.24,0.005,2011,Cardinals,veteran,4,Cowboys,extension,7796
Ryan Williams,QB,Packers,2016,3,1.62,0.54,0.0,0.003,2015,Packers,veteran,1,Cowboys,new_team_signing,7797
Ryan Willis,QB,Bears,2021,1,0.1656,0.1656,0.0,0.001,2021,Bears,rookie,0,Bears,rookie_deal,7798
Ryan Willis,QB,Bears,2022,3,2.56,0.853333,0.0,0.004,2021,Bears,veteran,1,Bears,extension,7799
Ryquell Armstead,RB,JAX/NYG,2019,4,2.872736,0.718184,0.347076,0.004,2019,Jaguars,rookie,0,JAX/NYG,rookie_deal,7800
Ryquell Armstead,RB,Packers,2021,1,0.1656,0.1656,0.0,0.001,2019,Jaguars,veteran,2,JAX/NYG,new_team_signing,7801
Rysen John,TE,Giants,2020,1,0.1428,0.1428,0.0,0.001,2020,Giants,rookie,0,Giants,rookie_deal,7802
Rysen John,TE,NYG/CHI,2021,2,1.49,0.745,0.005,0.004,2020,Giants,veteran,1,Giants,new_team_signing,7803
SaRodorick Thompson,RB,Cowboys,2023,1,0.216,0.216,0.0,0.001,2023,Saints,rookie,0,Cowboys,rookie_deal,7804
SaRodorick Thompson,RB,Rams,2024,1,0.795,0.795,0.0,0.003,2023,Saints,veteran,1,Cowboys,new_team_signing,7805
Saeed Blacknall,WR,Raiders,2018,1,0.1292,0.1292,0.0,0.001,2018,Raiders,rookie,0,Raiders,rookie_deal,7806
Saeed Blacknall,WR,Cardinals,2019,1,0.136,0.136,0.0,0.001,2018,Raiders,veteran,1,Raiders,new_team_signing,7807
Saeed Blacknall,WR,Steelers,2020,1,0.61,0.61,0.0,0.003,2018,Raiders,veteran,2,Cardinals,new_team_signing,7808
Sage Surratt,WR,Lions,2021,1,0.1656,0.1656,0.0,0.001,2021,Lions,rookie,0,Lions,rookie_deal,7809
Sage Surratt,WR,Chargers,2022,1,0.705,0.705,0.0,0.003,2021,Lions,veteran,1,Lions,new_team_signing,7810
Sage Surratt,TE,Cardinals,2024,1,0.795,0.795,0.0,0.003,2021,Lions,veteran,3,Chargers,new_team_signing,7811
Sahmir Hagans,WR,Colts,2026,3,3.115,1.038333,0.015,0.003,2026,Colts,rookie,0,Colts,rookie_deal,7812
Sal Cannella,TE,Dolphins,2021,3,2.425,0.808333,0.0,0.004,2021,Dolphins,rookie,0,Dolphins,rookie_deal,7813
Sal Cannella,TE,Packers,2022,1,0.705,0.705,0.0,0.003,2021,Dolphins,veteran,1,Dolphins,new_team_signing,7814
Sal Cannella,TE,Seahawks,2023,1,0.75,0.75,0.0,0.003,2021,Dolphins,veteran,2,Packers,new_team_signing,7815
Sal Cannella,TE,Buccaneers,2024,1,0.795,0.795,0.0,0.003,2021,Dolphins,veteran,3,Seahawks,new_team_signing,7816
Sal Cannella,TE,Browns,2025,1,0.234,0.234,0.0,0.001,2021,Dolphins,veteran,4,Buccaneers,new_team_signing,7817
Sal Cannella,TE,Browns,2026,1,0.885,0.885,0.0,0.003,2021,Dolphins,veteran,5,Browns,extension,7818
Salvon Ahmed,RB,Dolphins,2020,1,0.1428,0.1428,0.0,0.001,2020,49ers,rookie,0,Dolphins,rookie_deal,7819
Salvon Ahmed,RB,Dolphins,2022,1,0.895,0.895,0.0,0.004,2020,49ers,veteran,2,Dolphins,extension,7820
Salvon Ahmed,RB,Dolphins,2023,1,1.45,1.45,0.3,0.006,2020,49ers,veteran,3,Dolphins,extension,7821
Salvon Ahmed,RB,Broncos,2024,1,0.3024,0.3024,0.0,0.001,2020,49ers,veteran,4,Dolphins,new_team_signing,7822
Salvon Ahmed,RB,Colts,2025,1,1.17,1.17,0.0,0.004,2020,49ers,veteran,5,Broncos,new_team_signing,7823
Salvon Ahmed,RB,Bears,2026,1,1.215,1.215,0.0,0.004,2020,49ers,veteran,6,Colts,new_team_signing,7824
Sam Bergen,RB,Titans,2016,3,1.62,0.54,0.0,0.003,2016,Titans,rookie,0,Titans,rookie_deal,7825
Sam Bradford,QB,Eagles,2010,1,78.0,12.0,50.0,0.09300000000000001,2010,Rams,rookie,0,Eagles,rookie_deal,7826
Sam Bradford,QB,MIN/PHI,2016,2,35.0,17.5,22.0,0.113,2010,Rams,veteran,6,Eagles,new_team_signing,7827
Sam Bradford,QB,Cardinals,2018,2,40.0,20.0,15.0,0.113,2010,Rams,veteran,8,MIN/PHI,new_team_signing,7828
Sam Brown,WR,Packers,2025,3,2.965,0.988333,0.0,0.004,2025,Packers,rookie,0,Packers,rookie_deal,7829
Sam Cotton,TE,Patriots,2017,3,1.665,0.555,0.0,0.003,2017,Patriots,rookie,0,Patriots,rookie_deal,7830
Sam Darnold,QB,NYJ/CAR,2018,4,30.247694,7.561924,30.247694,0.043,2018,Jets,rookie,0,NYJ/CAR,rookie_deal,7831
Sam Darnold,QB,49ers,2023,1,4.5,4.5,3.5,0.02,2018,Jets,veteran,5,NYJ/CAR,new_team_signing,7832
Sam Darnold,QB,Vikings,2024,1,10.0,10.0,8.75,0.039,2018,Jets,veteran,6,49ers,new_team_signing,7833
Sam Darnold,QB,Seahawks,2025,3,100.5,33.5,37.5,0.12,2018,Jets,veteran,7,Vikings,new_team_signing,7834
Sam Ehlinger,QB,Colts,2021,4,3.610704,0.902676,0.130704,0.005,2021,Colts,rookie,0,Colts,rookie_deal,7835
Sam Ehlinger,QB,Broncos,2025,1,0.315,0.315,0.0,0.001,2021,Colts,veteran,4,Colts,new_team_signing,7836
Sam Ehlinger,QB,Broncos,2026,1,2.0,2.0,1.0,0.006999999999999999,2021,Colts,veteran,5,Broncos,extension,7837
Sam Hartman,QB,Commanders,2024,1,0.225,0.225,0.0,0.001,2024,Commanders,rookie,0,Commanders,rookie_deal,7838
Sam Hartman,QB,Commanders,2025,1,0.234,0.234,0.0,0.001,2024,Commanders,veteran,1,Commanders,extension,7839
Sam Howell,QB,WAS/SEA/PHI/MIN,2022,4,4.0216,1.0054,0.3616,0.005,2022,Commanders,rookie,0,WAS/SEA/PHI/MIN,rookie_deal,7840
Sam Howell,QB,Cowboys,2026,1,2.5,2.5,2.5,0.008,2022,Commanders,veteran,4,WAS/SEA/PHI/MIN,new_team_signing,7841
Sam James,WR,Rams,2023,3,2.695,0.898333,0.0,0.004,2023,Rams,rookie,0,Rams,rookie_deal,7842
Sam LaPorta,TE,Lions,2023,4,9.465998,2.3665,7.825179,0.011000000000000001,2023,Lions,rookie,0,Lions,rookie_deal,7843
Sam Pinckney,WR,Panthers,2024,1,0.225,0.225,0.0,0.001,2024,Panthers,rookie,0,Panthers,rookie_deal,7844
Sam Pitz,TE,Ravens,2025,3,2.966,0.988667,0.001,0.004,2025,Ravens,rookie,0,Ravens,rookie_deal,7845
Sam Roush,TE,Bears,2026,4,7.336666,1.834167,0.0,0.006,2026,Bears,rookie,0,Bears,rookie_deal,7846
Sam Schnee,WR,Titans,2024,3,2.83,0.943333,0.0,0.004,2024,Titans,rookie,0,Titans,rookie_deal,7847
Sam Scott,RB,Jets,2026,3,3.105,1.035,0.005,0.003,2026,Jets,rookie,0,Jets,rookie_deal,7848
Sam Wiglusz,WR,Rams,2024,1,0.225,0.225,0.0,0.001,2024,Rams,rookie,0,Rams,rookie_deal,7849
Samaje Perine,RB,WAS/CIN,2017,4,3.059788,0.764947,0.659788,0.005,2017,Commanders,rookie,0,WAS/CIN,rookie_deal,7850
Samaje Perine,RB,Bengals,2019,1,0.136,0.136,0.0,0.001,2017,Commanders,veteran,2,WAS/CIN,new_team_signing,7851
Samaje Perine,RB,Bengals,2021,2,3.3,1.65,0.7,0.009000000000000001,2017,Commanders,veteran,4,Bengals,extension,7852
Samaje Perine,RB,Broncos,2023,2,7.5,3.75,3.0,0.017,2017,Commanders,veteran,6,Bengals,new_team_signing,7853
Samaje Perine,RB,Chiefs,2024,1,1.5,1.5,0.29,0.006,2017,Commanders,veteran,7,Broncos,new_team_signing,7854
Samaje Perine,RB,Bengals,2025,2,3.6,1.8,0.4,0.006,2017,Commanders,veteran,8,Chiefs,new_team_signing,7855
Sammie Coates,WR,PIT/HOU/CLE,2015,4,2.985016,0.746254,0.631516,0.005,2015,Steelers,rookie,0,PIT/HOU/CLE,rookie_deal,7856
Sammie Coates,WR,Chiefs,2019,1,0.805,0.805,0.0,0.004,2015,Steelers,veteran,4,PIT/HOU/CLE,new_team_signing,7857
Sammis Reyes,TE,Commanders,2021,3,2.445,0.815,0.3926,0.004,2021,Commanders,rookie,0,Commanders,rookie_deal,7858
Sammis Reyes,TE,Bears,2022,1,0.207,0.207,0.0,0.001,2021,Commanders,veteran,1,Commanders,new_team_signing,7859
Sammis Reyes,TE,Jaguars,2023,1,0.87,0.87,0.0,0.004,2021,Commanders,veteran,2,Bears,new_team_signing,7860
Sammis Reyes,TE,Vikings,2024,1,0.225,0.225,0.0,0.001,2021,Commanders,veteran,3,Jaguars,new_team_signing,7861
Sammy Watkins,WR,LAR/BUF,2014,4,19.935603,4.983901,19.935603,0.037000000000000005,2014,Bills,rookie,0,LAR/BUF,rookie_deal,7862
Sammy Watkins,WR,Chiefs,2018,3,48.0,16.0,30.0,0.09,2014,Bills,veteran,4,LAR/BUF,new_team_signing,7863
Sammy Watkins,WR,Chiefs,2020,1,9.0,9.0,9.0,0.045,2014,Bills,veteran,6,Chiefs,extension,7864
Sammy Watkins,WR,Ravens,2021,1,5.0,5.0,5.0,0.027000000000000003,2014,Bills,veteran,7,Chiefs,new_team_signing,7865
Sammy Watkins,WR,BAL/GB,2022,1,1.85,1.85,0.35,0.009000000000000001,2014,Bills,veteran,8,Ravens,new_team_signing,7866
Samori Toure,WR,Packers,2022,4,3.737012,0.934253,0.077012,0.004,2022,Packers,rookie,0,Packers,rookie_deal,7867
Samori Toure,WR,Bears,2024,1,0.225,0.225,0.0,0.001,2022,Packers,veteran,2,Packers,new_team_signing,7868
Samori Toure,WR,Saints,2025,1,0.234,0.234,0.0,0.001,2022,Packers,veteran,3,Bears,new_team_signing,7869
Samori Toure,WR,Eagles,2026,1,1.075,1.075,0.0,0.004,2022,Packers,veteran,4,Saints,new_team_signing,7870
Samson Nacua,WR,Colts,2022,3,2.567,0.855667,0.007,0.004,2022,Colts,rookie,0,Colts,rookie_deal,7871
Samson Nacua,WR,Saints,2024,1,0.795,0.795,0.0,0.003,2022,Colts,veteran,2,Colts,new_team_signing,7872
Sandro Platzgummer,RB,Giants,2020,1,0.1428,0.1428,0.0,0.001,2020,Giants,rookie,0,Giants,rookie_deal,7873
Sandro Platzgummer,RB,Giants,2021,1,0.1656,0.1656,0.0,0.001,2020,Giants,veteran,1,Giants,extension,7874
Sandro Platzgummer,RB,Giants,2022,1,0.207,0.207,0.0,0.001,2020,Giants,veteran,2,Giants,extension,7875
Santana Moss,WR,Jets,2001,5,7.31552,1.463104,5.188,0.022000000000000002,2001,Jets,rookie,0,Jets,rookie_deal,7876
Santana Moss,WR,Commanders,2005,5,26.01,5.202,3.0,0.061,2001,Jets,veteran,4,Jets,new_team_signing,7877
Santana Moss,WR,Commanders,2011,3,15.0,5.0,6.0,0.042,2001,Jets,veteran,10,Commanders,extension,7878
Santana Moss,WR,Commanders,2013,1,2.5,2.5,0.0,0.02,2001,Jets,veteran,12,Commanders,extension,7879
Santana Moss,WR,Commanders,2014,1,1.02,1.02,0.065,0.008,2001,Jets,veteran,13,Commanders,extension,7880
Santonio Holmes,WR,Steelers,2006,5,8.86,1.772,4.285,0.017,2006,Steelers,rookie,0,Steelers,rookie_deal,7881
Santonio Holmes,WR,Jets,2010,1,1.4,1.4,0.5,0.011000000000000001,2006,Steelers,veteran,4,Steelers,new_team_signing,7882
Santonio Holmes,WR,Jets,2011,5,45.0,9.0,16.0,0.075,2006,Steelers,veteran,5,Jets,extension,7883
Santonio Holmes,WR,Jets,2013,3,25.25,8.416667,7.75,0.068,2006,Steelers,veteran,7,Jets,extension,7884
Santonio Holmes,WR,Bears,2014,1,0.855,0.855,0.0,0.006,2006,Steelers,veteran,8,Jets,new_team_signing,7885
Saquon Barkley,RB,Giants,2018,4,31.19475,7.798688,31.19475,0.044000000000000004,2018,Giants,rookie,0,Giants,rookie_deal,7886
Saquon Barkley,RB,Giants,2023,1,10.091,10.091,10.091,0.045,2018,Giants,veteran,5,Giants,extension,7887
Saquon Barkley,RB,Eagles,2024,3,37.75,12.583333,26.0,0.049,2018,Giants,veteran,6,Giants,new_team_signing,7888
Saquon Barkley,RB,Eagles,2025,2,41.2,20.6,36.0,0.07400000000000001,2018,Giants,veteran,7,Eagles,extension,7889
Savion Williams,WR,Packers,2025,4,6.292454,1.573114,1.216328,0.006,2025,Packers,rookie,0,Packers,rookie_deal,7890
Savon Scarver,WR,Bears,2022,3,2.565,0.855,0.005,0.004,2022,Bears,rookie,0,Bears,rookie_deal,7891
Scooter Harrington,TE,Bears,2021,3,2.426,0.808667,0.001,0.004,2021,Bears,rookie,0,Bears,rookie_deal,7892
Scott Chandler,TE,Chargers,2007,4,2.0635,0.515875,0.3985,0.005,2007,Chargers,rookie,0,Chargers,rookie_deal,7893
Scott Chandler,TE,Cowboys,2009,1,0.0884,0.0884,0.0,0.001,2007,Chargers,veteran,2,Chargers,new_team_signing,7894
Scott Chandler,TE,Cowboys,2010,1,0.0884,0.0884,0.0,0.001,2007,Chargers,veteran,3,Cowboys,extension,7895
Scott Chandler,TE,Bills,2011,1,1.2,1.2,0.0,0.01,2007,Chargers,veteran,4,Cowboys,new_team_signing,7896
Scott Chandler,TE,Bills,2012,2,5.45,2.725,1.25,0.023,2007,Chargers,veteran,5,Bills,extension,7897
Scott Chandler,TE,Bills,2014,2,4.75,2.375,1.2,0.018000000000000002,2007,Chargers,veteran,7,Bills,extension,7898
Scott Chandler,TE,Patriots,2015,2,5.3,2.65,2.0,0.018000000000000002,2007,Chargers,veteran,8,Bills,new_team_signing,7899
Scott Miller,WR,Buccaneers,2019,4,2.64784,0.66196,0.12784,0.004,2019,Buccaneers,rookie,0,Buccaneers,rookie_deal,7900
Scott Miller,WR,Falcons,2023,1,1.2325,1.2325,0.1525,0.005,2019,Buccaneers,veteran,4,Buccaneers,new_team_signing,7901
Scott Miller,WR,Steelers,2024,1,1.2925,1.2925,0.0,0.005,2019,Buccaneers,veteran,5,Falcons,new_team_signing,7902
Scott Miller,WR,Steelers,2025,1,1.3375,1.3375,0.0,0.005,2019,Buccaneers,veteran,6,Steelers,extension,7903
Scott Miller,WR,Bears,2026,1,1.3,1.3,0.0,0.004,2019,Buccaneers,veteran,7,Steelers,new_team_signing,7904
Scott Orndoff,TE,Bengals,2017,1,0.1224,0.1224,0.0,0.001,2017,Steelers,rookie,0,Bengals,rookie_deal,7905
Scott Orndoff,TE,Jaguars,2018,1,0.48,0.48,0.0,0.003,2017,Steelers,veteran,1,Bengals,new_team_signing,7906
Scott Orndoff,TE,Eagles,2019,1,0.136,0.136,0.0,0.001,2017,Steelers,veteran,2,Jaguars,new_team_signing,7907
Scott Simonson,TE,Giants,2018,1,0.705,0.705,0.0,0.004,2014,Raiders,veteran,4,Panthers,new_team_signing,7908
Scott Simonson,TE,Giants,2019,1,0.805,0.805,0.0,0.004,2014,Raiders,veteran,5,Giants,extension,7909
Scott Tolzien,QB,Packers,2015,1,1.35,1.35,0.0,0.009000000000000001,2011,Chargers,veteran,4,Packers,extension,7910
Scott Tolzien,QB,Colts,2016,2,3.5,1.75,0.5,0.011000000000000001,2011,Chargers,veteran,5,Packers,new_team_signing,7911
Scottie Phillips,RB,Texans,2020,1,0.1428,0.1428,0.0,0.001,2020,Texans,rookie,0,Texans,rookie_deal,7912
Scotty McKnight,WR,Jets,2011,1,0.0969,0.0969,0.0,0.001,2011,Jets,rookie,0,Jets,rookie_deal,7913
Scotty McKnight,WR,Jets,2012,1,0.39,0.39,0.0,0.003,2011,Jets,veteran,1,Jets,extension,7914
Scotty Washington,WR,Bengals,2020,1,0.1428,0.1428,0.0,0.001,2020,Bengals,rookie,0,Bengals,rookie_deal,7915
Scotty Washington,WR,Bengals,2021,1,0.1656,0.1656,0.0,0.001,2020,Bengals,veteran,1,Bengals,extension,7916
Scotty Washington,TE,Patriots,2022,1,0.207,0.207,0.0,0.001,2020,Bengals,veteran,2,Bengals,new_team_signing,7917
Scotty Washington,TE,Ravens,2023,1,0.216,0.216,0.0,0.001,2020,Bengals,veteran,3,Patriots,new_team_signing,7918
Scotty Washington,TE,Ravens,2024,1,0.225,0.225,0.0,0.001,2020,Bengals,veteran,4,Ravens,extension,7919
Scotty Washington,TE,Ravens,2025,1,0.234,0.234,0.0,0.001,2020,Bengals,veteran,5,Ravens,extension,7920
Sean Clifford,QB,Packers,2023,4,4.16418,1.041045,0.32418,0.005,2023,Packers,rookie,0,Packers,rookie_deal,7921
Sean Clifford,QB,Packers,2024,1,0.225,0.225,0.0,0.001,2023,Packers,veteran,1,Packers,extension,7922
Sean Clifford,QB,Bengals,2025,1,0.234,0.234,0.0,0.001,2023,Packers,veteran,2,Packers,new_team_signing,7923
Sean Clifford,QB,Bengals,2026,1,1.075,1.075,0.0,0.004,2023,Packers,veteran,3,Bengals,extension,7924
Sean Culkin,TE,Chargers,2017,3,1.677,0.559,0.012,0.003,2017,Chargers,rookie,0,Chargers,rookie_deal,7925
Sean Culkin,TE,Ravens,2020,1,0.216529,0.216529,0.0,0.001,2017,Chargers,veteran,3,Chargers,new_team_signing,7926
Sean Culkin,TE,Chiefs,2021,1,0.92,0.92,0.0,0.005,2017,Chargers,veteran,4,Ravens,new_team_signing,7927
Sean Mannion,QB,Rams,2015,4,3.250896,0.812724,0.625796,0.006,2015,Rams,rookie,0,Rams,rookie_deal,7928
Sean Mannion,QB,Vikings,2019,1,0.895,0.895,0.09,0.005,2015,Rams,veteran,4,Rams,new_team_signing,7929
Sean Mannion,QB,Vikings,2020,1,1.0475,1.0475,0.1375,0.005,2015,Rams,veteran,5,Vikings,extension,7930
Sean Mannion,QB,Vikings,2021,1,0.252,0.252,0.0,0.001,2015,Rams,veteran,6,Vikings,extension,7931
Sean Mannion,QB,Seahawks,2022,1,0.3582,0.3582,0.0,0.002,2015,Rams,veteran,7,Vikings,new_team_signing,7932
Sean Mannion,QB,Vikings,2023,1,0.2898,0.2898,0.0,0.001,2015,Rams,veteran,8,Seahawks,new_team_signing,7933
Sean McGrath,TE,Lions,2018,1,0.705,0.705,0.0,0.004,2012,Seahawks,veteran,6,Chargers,new_team_signing,7934
Sean McKeon,TE,Cowboys,2020,3,2.297,0.765667,0.112,0.004,2020,Cowboys,rookie,0,Cowboys,rookie_deal,7935
Sean McKeon,TE,Cowboys,2022,1,0.207,0.207,0.0,0.001,2020,Cowboys,veteran,2,Cowboys,extension,7936
Sean McKeon,TE,Cowboys,2023,1,0.3708,0.3708,0.0,0.002,2020,Cowboys,veteran,3,Cowboys,extension,7937
Sean McKeon,TE,Colts,2024,1,0.3834,0.3834,0.0,0.002,2020,Cowboys,veteran,4,Cowboys,new_team_signing,7938
Sean McKeon,TE,Colts,2025,1,0.396,0.396,0.0,0.001,2020,Cowboys,veteran,5,Colts,extension,7939
Sean McKeon,TE,Colts,2026,1,1.215,1.215,0.0,0.004,2020,Cowboys,veteran,6,Colts,extension,7940
Sean Modster,WR,Ravens,2019,1,0.136,0.136,0.0,0.001,2019,Ravens,rookie,0,Ravens,rookie_deal,7941
Sean Modster,WR,Ravens,2020,1,0.51,0.51,0.0,0.003,2019,Ravens,veteran,1,Ravens,extension,7942
Sean Renfree,QB,Falcons,2013,4,2.205896,0.551474,0.045896,0.004,2013,Falcons,rookie,0,Falcons,rookie_deal,7943
Sean Renfree,QB,Buccaneers,2017,1,0.635,0.635,0.02,0.004,2013,Falcons,veteran,4,Falcons,new_team_signing,7944
Sean Riley,WR,Patriots,2020,3,2.29,0.763333,0.015,0.004,2020,Patriots,rookie,0,Patriots,rookie_deal,7945
Sean Ryan,WR,Ravens,2023,1,0.216,0.216,0.0,0.001,2023,Ravens,rookie,0,Ravens,rookie_deal,7946
Sean Ryan,WR,Ravens,2024,1,0.795,0.795,0.0,0.003,2023,Ravens,veteran,1,Ravens,extension,7947
Sean Tucker,RB,Buccaneers,2023,3,2.7,0.9,0.155,0.004,2023,Buccaneers,rookie,0,Buccaneers,rookie_deal,7948
Sean Tucker,RB,Buccaneers,2026,1,3.52,3.52,0.0,0.012,2023,Buccaneers,veteran,3,Buccaneers,extension,7949
Seantavius Jones,WR,Colts,2018,2,1.35,0.675,0.0,0.004,2014,Saints,veteran,4,Chiefs,new_team_signing,7950
Sederrik Cunningham,WR,Packers,2013,3,1.485,0.495,0.0,0.0,2013,Packers,rookie,0,Packers,rookie_deal,7951
Sefo Liufau,QB,Buccaneers,2017,3,1.665,0.555,0.01,0.003,2017,Buccaneers,rookie,0,Buccaneers,rookie_deal,7952
Seneca Wallace,QB,Packers,2003,1,0.84,0.84,0.0,0.0,2003,Seahawks,rookie,0,Packers,rookie_deal,7953
Senorise Perry,RB,Bills,2019,1,0.72,0.72,0.0,0.004,2014,Bears,veteran,5,Dolphins,new_team_signing,7954
Senorise Perry,RB,Titans,2020,1,0.91,0.91,0.0,0.005,2014,Bears,veteran,6,Bills,new_team_signing,7955
Sergio Bailey,WR,Buccaneers,2018,3,1.711,0.570333,0.001,0.003,2018,Buccaneers,rookie,0,Buccaneers,rookie_deal,7956
Seth Dawkins,WR,Seahawks,2020,1,0.61,0.61,0.0,0.003,2020,Seahawks,rookie,0,Seahawks,rookie_deal,7957
Seth DeValve,TE,JAX/CLE,2016,4,2.453392,0.613348,0.383392,0.004,2016,Browns,rookie,0,JAX/CLE,rookie_deal,7958
Seth DeValve,TE,Panthers,2020,1,0.204,0.204,0.0,0.001,2016,Browns,veteran,4,JAX/CLE,new_team_signing,7959
Seth Green,TE,Cowboys,2022,1,0.207,0.207,0.0,0.001,2022,Texans,rookie,0,Cowboys,rookie_deal,7960
Seth Green,TE,Cowboys,2023,2,1.665,0.9325,0.0,0.004,2022,Texans,veteran,1,Cowboys,extension,7961
Seth Green,TE,Saints,2025,1,0.84,0.84,0.0,0.003,2022,Texans,veteran,3,Cowboys,new_team_signing,7962
Seth Henigan,QB,Colts,2025,1,0.234,0.234,0.0,0.001,2025,Jaguars,rookie,0,Colts,rookie_deal,7963
Seth Henigan,QB,Colts,2026,1,0.885,0.885,0.0,0.003,2025,Jaguars,veteran,1,Colts,extension,7964
Seth McGowan,RB,Colts,2026,4,4.514908,1.128727,0.134908,0.004,2026,Colts,rookie,0,Colts,rookie_deal,7965
Seth Roberts,WR,Raiders,2014,1,0.1071,0.1071,0.0,0.001,2014,Raiders,rookie,0,Raiders,rookie_deal,7966
Seth Roberts,WR,Raiders,2015,1,0.435,0.435,0.0,0.003,2014,Raiders,veteran,1,Raiders,extension,7967
Seth Roberts,WR,Raiders,2016,1,0.525,0.525,0.0,0.003,2014,Raiders,veteran,2,Raiders,extension,7968
Seth Roberts,WR,Raiders,2017,1,0.615,0.615,0.0,0.004,2014,Raiders,veteran,3,Raiders,extension,7969
Seth Roberts,WR,Ravens,2019,1,2.0,2.0,1.0,0.011000000000000001,2014,Raiders,veteran,5,Raiders,new_team_signing,7970
Seth Roberts,WR,Packers,2020,1,0.204,0.204,0.0,0.001,2014,Raiders,veteran,6,Ravens,new_team_signing,7971
Seth Williams,WR,Broncos,2021,1,0.1656,0.1656,0.0,0.001,2021,Broncos,rookie,0,Broncos,rookie_deal,7972
Seth Williams,WR,Jaguars,2022,1,0.207,0.207,0.0,0.001,2021,Broncos,veteran,1,Broncos,new_team_signing,7973
Seth Williams,WR,Jaguars,2023,1,0.216,0.216,0.0,0.001,2021,Broncos,veteran,2,Jaguars,extension,7974
Seth Williams,WR,Cowboys,2024,1,0.225,0.225,0.0,0.001,2021,Broncos,veteran,3,Jaguars,new_team_signing,7975
Seth Williams,WR,Raiders,2025,1,0.84,0.84,0.0,0.003,2021,Broncos,veteran,4,Cowboys,new_team_signing,7976
Seydou Traore,TE,Dolphins,2026,4,4.759476,1.189869,0.379476,0.004,2026,Dolphins,rookie,0,Dolphins,rookie_deal,7977
Shae Wyatt,WR,49ers,2023,3,2.703,0.901,0.043,0.004,2023,49ers,rookie,0,49ers,rookie_deal,7978
Shakeir Ryan,WR,Commanders,2017,1,0.1224,0.1224,0.0,0.001,2017,Rams,rookie,0,Commanders,rookie_deal,7979
Shaleak Knotts,WR,Vikings,2026,3,3.1,1.033333,0.025,0.003,2026,Vikings,rookie,0,Vikings,rookie_deal,7980
Shane Bannon,RB,Chiefs,2011,1,0.0969,0.0969,0.0,0.001,2011,Chiefs,rookie,0,Chiefs,rookie_deal,7981
Shane Bannon,RB,Chiefs,2012,2,0.87,0.435,0.0,0.004,2011,Chiefs,veteran,1,Chiefs,extension,7982
Shane Buechele,QB,Chiefs,2021,1,0.1656,0.1656,0.0,0.001,2021,Chiefs,rookie,0,Chiefs,rookie_deal,7983
Shane Buechele,QB,Bills,2023,1,0.216,0.216,0.0,0.001,2021,Chiefs,veteran,2,Chiefs,new_team_signing,7984
Shane Buechele,QB,Bills,2024,1,1.025,1.025,0.04,0.004,2021,Chiefs,veteran,3,Bills,extension,7985
Shane Buechele,QB,Bills,2025,1,0.234,0.234,0.0,0.001,2021,Chiefs,veteran,4,Bills,extension,7986
Shane Buechele,QB,Bills,2026,1,1.15,1.15,0.05,0.004,2021,Chiefs,veteran,5,Bills,extension,7987
Shane Carden,QB,Bears,2015,3,1.585,0.528333,0.01,0.004,2015,Bears,rookie,0,Bears,rookie_deal,7988
Shane Leatherbury,WR,Cardinals,2020,3,2.287,0.762333,0.002,0.004,2020,Cardinals,rookie,0,Cardinals,rookie_deal,7989
Shane Smith,RB,Giants,2017,1,0.1224,0.1224,0.0,0.001,2017,Giants,rookie,0,Giants,rookie_deal,7990
Shane Smith,RB,Saints,2019,1,0.57,0.57,0.0,0.003,2017,Giants,veteran,2,Giants,new_team_signing,7991
Shane Vereen,RB,Patriots,2011,4,3.46115,0.865288,1.762238,0.006999999999999999,2011,Patriots,rookie,0,Patriots,rookie_deal,7992
Shane Vereen,RB,Giants,2015,3,12.35,4.116667,4.75,0.028999999999999998,2011,Patriots,veteran,4,Patriots,new_team_signing,7993
Shane Vereen,RB,Giants,2017,1,3.25,3.25,0.0,0.019,2011,Patriots,veteran,6,Giants,extension,7994
Shane Vereen,RB,Saints,2018,1,1.0,1.0,0.0,0.006,2011,Patriots,veteran,7,Giants,new_team_signing,7995
Shane Watts,RB,Patriots,2025,3,2.965,0.988333,0.0,0.004,2025,Patriots,rookie,0,Patriots,rookie_deal,7996
Shane Wimann,TE,Patriots,2018,3,1.7125,0.570833,0.005,0.003,2018,Patriots,rookie,0,Patriots,rookie_deal,7997
Shane Wynn,WR,Saints,2018,1,0.1292,0.1292,0.0,0.001,2015,Falcons,veteran,3,Jaguars,new_team_signing,7998
Shane Zylstra,TE,Lions,2021,1,0.1656,0.1656,0.0,0.001,2021,Vikings,rookie,0,Lions,rookie_deal,7999
Shane Zylstra,TE,Lions,2022,1,0.207,0.207,0.0,0.001,2021,Vikings,veteran,1,Lions,extension,8000
Shane Zylstra,TE,Lions,2023,1,0.94,0.94,0.0,0.004,2021,Vikings,veteran,2,Lions,extension,8001
Shane Zylstra,TE,Lions,2024,1,0.225,0.225,0.0,0.001,2021,Vikings,veteran,3,Lions,extension,8002
Shane Zylstra,TE,Lions,2025,1,1.1,1.1,0.0,0.004,2021,Vikings,veteran,4,Lions,extension,8003
Shane Zylstra,TE,Bills,2026,1,1.215,1.215,0.0,0.004,2021,Vikings,veteran,5,Lions,new_team_signing,8004
Shaq Davis,WR,Saints,2023,1,0.216,0.216,0.0,0.001,2023,Saints,rookie,0,Saints,rookie_deal,8005
Shaq Davis,WR,Steelers,2024,1,0.225,0.225,0.0,0.001,2023,Saints,veteran,1,Saints,new_team_signing,8006
Shaq Evans,WR,Jets,2014,4,2.6709,0.667725,0.4509,0.005,2014,Jets,rookie,0,Jets,rookie_deal,8007
Shaq Evans,WR,Jaguars,2015,1,0.1122,0.1122,0.0,0.001,2014,Jets,veteran,1,Jets,new_team_signing,8008
Shaq Evans,WR,Patriots,2016,1,0.1173,0.1173,0.0,0.001,2014,Jets,veteran,2,Jaguars,new_team_signing,8009
Shaq Evans,WR,Cowboys,2017,2,1.02,0.51,0.0,0.003,2014,Jets,veteran,3,Patriots,new_team_signing,8010
Shaq Hill,WR,Buccaneers,2017,2,1.02,0.51,0.0,0.003,2017,Texans,rookie,0,Buccaneers,rookie_deal,8011
Shaq Roland,WR,Bears,2018,3,1.715,0.571667,0.005,0.003,2018,Bears,rookie,0,Bears,rookie_deal,8012
Shaun Beyer,TE,Broncos,2021,1,0.1656,0.1656,0.0,0.001,2021,Broncos,rookie,0,Broncos,rookie_deal,8013
Shaun Beyer,TE,Packers,2022,1,0.207,0.207,0.0,0.001,2021,Broncos,veteran,1,Broncos,new_team_signing,8014
Shaun Chapas,RB,Cowboys,2011,1,0.0969,0.0969,0.0,0.001,2011,Cowboys,rookie,0,Cowboys,rookie_deal,8015
Shaun Chapas,RB,Lions,2012,1,0.0969,0.0969,0.0,0.001,2011,Cowboys,veteran,1,Cowboys,new_team_signing,8016
Shaun Chapas,RB,Lions,2013,1,0.102,0.102,0.0,0.001,2011,Cowboys,veteran,2,Lions,extension,8017
Shaun Chapas,RB,Ravens,2014,1,0.57,0.57,0.0,0.004,2011,Cowboys,veteran,3,Lions,new_team_signing,8018
Shaun Hill,QB,Vikings,2002,3,0.92,0.306667,0.015,0.004,2002,Vikings,rookie,0,Vikings,rookie_deal,8019
Shaun Hill,QB,Vikings,2005,1,0.656,0.656,0.0,0.008,2002,Vikings,veteran,3,Vikings,extension,8020
Shaun Hill,QB,49ers,2006,2,1.18,0.59,0.0,0.006,2002,Vikings,veteran,4,Vikings,new_team_signing,8021
Shaun Hill,QB,49ers,2008,3,6.0,2.0,1.95,0.017,2002,Vikings,veteran,6,49ers,extension,8022
Shaun Hill,QB,Lions,2010,3,10.76,3.586667,1.09175,0.027999999999999997,2002,Vikings,veteran,8,49ers,new_team_signing,8023
Shaun Hill,QB,Lions,2012,2,5.5,2.75,1.0,0.023,2002,Vikings,veteran,10,Lions,extension,8024
Shaun Hill,QB,Rams,2014,1,1.75,1.75,0.5,0.013000000000000001,2002,Vikings,veteran,12,Lions,new_team_signing,8025
Shaun Hill,QB,Vikings,2015,2,6.5,3.25,3.2,0.023,2002,Vikings,veteran,13,Rams,new_team_signing,8026
Shaun Wilson,RB,Buccaneers,2018,3,1.72,0.573333,0.02,0.003,2018,Buccaneers,rookie,0,Buccaneers,rookie_deal,8027
Shaun Wilson,RB,Titans,2019,1,0.136,0.136,0.0,0.001,2018,Buccaneers,veteran,1,Buccaneers,new_team_signing,8028
Shaun Wilson,RB,Titans,2020,2,1.26,0.63,0.0,0.003,2018,Buccaneers,veteran,2,Titans,extension,8029
Shawn Bane,WR,Falcons,2019,3,1.7565,0.5855,0.0015,0.003,2019,Falcons,rookie,0,Falcons,rookie_deal,8030
Shawn Bowman,TE,Jaguars,2024,1,0.225,0.225,0.0,0.001,2024,Jaguars,rookie,0,Jaguars,rookie_deal,8031
Shawn Bowman,TE,Jaguars,2025,1,0.84,0.84,0.0,0.003,2024,Jaguars,veteran,1,Jaguars,extension,8032
Shawn Poindexter,WR,49ers,2019,3,1.76,0.586667,0.025,0.003,2019,,rookie,0,49ers,rookie_deal,8033
Shawn Poindexter,WR,49ers,2020,1,0.1428,0.1428,0.0,0.001,2019,,veteran,1,49ers,extension,8034
Shay Fields,WR,Broncos,2018,1,0.1292,0.1292,0.0,0.001,2018,Commanders,rookie,0,Broncos,rookie_deal,8035
Shea Patterson,QB,Chiefs,2020,3,2.285,0.761667,0.0,0.004,2020,Chiefs,rookie,0,Chiefs,rookie_deal,8036
Shedeur Sanders,QB,Browns,2025,4,4.64738,1.161845,0.44738,0.004,2025,Browns,rookie,0,Browns,rookie_deal,8037
Shedrick Jackson,WR,Bengals,2023,1,0.216,0.216,0.0,0.001,2023,Bengals,rookie,0,Bengals,rookie_deal,8038
Shedrick Jackson,WR,Raiders,2024,1,0.225,0.225,0.0,0.001,2023,Bengals,veteran,1,Bengals,new_team_signing,8039
Shedrick Jackson,WR,Raiders,2025,1,0.234,0.234,0.0,0.001,2023,Bengals,veteran,2,Raiders,extension,8040
Shelton Gibson,WR,Eagles,2017,4,2.657248,0.664312,0.257248,0.004,2017,Eagles,rookie,0,Eagles,rookie_deal,8041
Shelton Gibson,WR,Browns,2019,1,0.136,0.136,0.0,0.001,2017,Eagles,veteran,2,Eagles,new_team_signing,8042
Shelton Gibson,WR,Commanders,2020,1,0.1428,0.1428,0.0,0.001,2017,Eagles,veteran,3,Browns,new_team_signing,8043
Shemar Bridges,WR,Ravens,2022,1,0.207,0.207,0.0,0.001,2022,Ravens,rookie,0,Ravens,rookie_deal,8044
Shemar Bridges,WR,Ravens,2023,1,0.75,0.75,0.0,0.003,2022,Ravens,veteran,1,Ravens,extension,8045
Sherman Badie,RB,Cardinals,2018,3,1.71,0.57,0.0,0.003,2018,Cardinals,rookie,0,Cardinals,rookie_deal,8046
Shermari Jones,RB,Bengals,2022,3,2.5625,0.854167,0.0025,0.004,2022,Bengals,rookie,0,Bengals,rookie_deal,8047
Shi Smith,WR,Panthers,2021,4,3.652416,0.913104,0.172416,0.005,2021,Panthers,rookie,0,Panthers,rookie_deal,8048
Shi Smith,WR,Titans,2023,1,0.216,0.216,0.0,0.001,2021,Panthers,veteran,2,Panthers,new_team_signing,8049
Shi Smith,WR,Chiefs,2024,1,0.985,0.985,0.0,0.004,2021,Panthers,veteran,3,Titans,new_team_signing,8050
Shonn Greene,RB,Jets,2009,4,2.655,0.66375,0.905,0.005,2009,Jets,rookie,0,Jets,rookie_deal,8051
Shonn Greene,RB,Titans,2013,3,10.0,3.333333,4.15,0.027000000000000003,2009,Jets,veteran,4,Jets,new_team_signing,8052
ShunDerrick Powell,RB,Eagles,2025,3,2.9785,0.992833,0.0765,0.004,2025,Eagles,rookie,0,Eagles,rookie_deal,8053
ShunDerrick Powell,RB,Chiefs,2026,1,0.885,0.885,0.0,0.003,2025,Eagles,veteran,1,Eagles,new_team_signing,8054
Siaosi Mariner,WR,Raiders,2020,3,2.286,0.762,0.001,0.004,2020,Raiders,rookie,0,Raiders,rookie_deal,8055
Siaosi Mariner,WR,Ravens,2021,1,0.66,0.66,0.0,0.004,2020,Raiders,veteran,1,Raiders,new_team_signing,8056
Sidney Rice,WR,Vikings,2007,4,3.7075,0.926875,2.0425,0.009000000000000001,2007,Vikings,rookie,0,Vikings,rookie_deal,8057
Sidney Rice,WR,Seahawks,2011,5,41.0,8.2,15.0,0.068,2007,Vikings,veteran,4,Vikings,new_team_signing,8058
Sidney Rice,WR,Seahawks,2014,1,1.4,1.4,0.15,0.011000000000000001,2007,Vikings,veteran,7,Seahawks,extension,8059
Silas Bolden,WR,Texans,2025,1,0.234,0.234,0.0,0.001,2025,Vikings,rookie,0,Texans,rookie_deal,8060
Simi Fehoko,WR,Cowboys,2021,4,3.720152,0.930038,0.240152,0.005,2021,Cowboys,rookie,0,Cowboys,rookie_deal,8061
Simi Fehoko,WR,Steelers,2023,1,0.216,0.216,0.0,0.001,2021,Cowboys,veteran,2,Cowboys,new_team_signing,8062
Simi Fehoko,WR,Chargers,2024,1,1.055,1.055,0.0,0.004,2021,Cowboys,veteran,3,Steelers,new_team_signing,8063
Simi Fehoko,WR,Cardinals,2025,1,0.234,0.234,0.0,0.001,2021,Cowboys,veteran,4,Chargers,new_team_signing,8064
Simi Fehoko,WR,Cardinals,2026,1,1.4025,1.4025,1.2625,0.005,2021,Cowboys,veteran,5,Cardinals,extension,8065
Simmie Cobbs Jr.,WR,Commanders,2018,1,0.1292,0.1292,0.0,0.001,2018,Commanders,rookie,0,Commanders,rookie_deal,8066
Sincere Brown,WR,Chargers,2026,3,3.11,1.036667,0.03,0.003,2026,Chargers,rookie,0,Chargers,rookie_deal,8067
Sincere McCormick,RB,Raiders,2022,3,2.56,0.853333,0.0,0.004,2022,Raiders,rookie,0,Raiders,rookie_deal,8068
Sincere McCormick,RB,Raiders,2023,1,0.216,0.216,0.0,0.001,2022,Raiders,veteran,1,Raiders,extension,8069
Sincere McCormick,RB,Raiders,2024,1,0.225,0.225,0.0,0.001,2022,Raiders,veteran,2,Raiders,extension,8070
Sincere McCormick,RB,49ers,2025,1,0.234,0.234,0.0,0.001,2022,Raiders,veteran,3,Raiders,new_team_signing,8071
Sincere McCormick,RB,49ers,2026,1,1.005,1.005,0.0,0.003,2022,Raiders,veteran,4,49ers,extension,8072
Sione Houma,RB,Saints,2016,3,1.62,0.54,0.0,0.003,2016,Saints,rookie,0,Saints,rookie_deal,8073
Sione Vaki,RB,Lions,2024,4,4.548708,1.137177,0.528708,0.004,2024,Lions,rookie,0,Lions,rookie_deal,8074
Skye Dawson,WR,Lions,2013,2,1.11,0.555,0.0,0.0,2013,Commanders,rookie,0,Lions,rookie_deal,8075
Skylar Thompson,QB,Dolphins,2022,4,3.742208,0.935552,0.082208,0.004,2022,Dolphins,rookie,0,Dolphins,rookie_deal,8076
Skylar Thompson,QB,Dolphins,2024,1,0.225,0.225,0.0,0.001,2022,Dolphins,veteran,2,Dolphins,extension,8077
Skylar Thompson,QB,Steelers,2025,1,1.1,1.1,0.0,0.004,2022,Dolphins,veteran,3,Dolphins,new_team_signing,8078
Skylar Thompson,QB,Ravens,2026,1,1.145,1.145,0.0,0.004,2022,Dolphins,veteran,4,Steelers,new_team_signing,8079
Skyler Bell,WR,Bills,2026,4,5.471764,1.367941,1.091764,0.005,2026,Bills,rookie,0,Bills,rookie_deal,8080
Skyler Howard,QB,Seahawks,2017,3,1.665,0.555,0.0,0.003,2017,Seahawks,rookie,0,Seahawks,rookie_deal,8081
Skyy Moore,WR,SF/KC,2022,4,6.450506,1.612627,3.574481,0.008,2022,Chiefs,rookie,0,SF/KC,rookie_deal,8082
Skyy Moore,WR,Packers,2026,1,2.5,2.5,1.0,0.008,2022,Chiefs,veteran,4,SF/KC,new_team_signing,8083
Slade Bolden,WR,Ravens,2022,3,2.567,0.855667,0.007,0.004,2022,Ravens,rookie,0,Ravens,rookie_deal,8084
Slade Bolden,WR,Falcons,2023,1,0.75,0.75,0.0,0.003,2022,Ravens,veteran,1,Ravens,new_team_signing,8085
Snoop Conner,RB,Jaguars,2022,4,3.986268,0.996567,0.326268,0.005,2022,Jaguars,rookie,0,Jaguars,rookie_deal,8086
Snoop Conner,RB,Jaguars,2023,1,0.216,0.216,0.0,0.001,2022,Jaguars,veteran,1,Jaguars,extension,8087
Snoop Conner,RB,Cowboys,2024,2,1.945,0.9725,0.0,0.004,2022,Jaguars,veteran,2,Jaguars,new_team_signing,8088
Solomon Patton,WR,Broncos,2014,2,0.93,0.465,0.0,0.0,2014,Buccaneers,rookie,0,Broncos,rookie_deal,8089
Sone Ntoh,RB,Ravens,2025,3,2.966,0.988667,0.001,0.004,2025,Ravens,rookie,0,Ravens,rookie_deal,8090
Sony Michel,RB,NE/LAR,2018,4,9.626694,2.406674,8.38971,0.013999999999999999,2018,Patriots,rookie,0,NE/LAR,rookie_deal,8091
Sony Michel,RB,Chargers,2022,1,1.035,1.035,0.0,0.005,2018,Patriots,veteran,4,NE/LAR,new_team_signing,8092
Sony Michel,RB,Rams,2023,1,1.08,1.08,0.0,0.005,2018,Patriots,veteran,5,Chargers,new_team_signing,8093
Spencer Brown,RB,Panthers,2021,1,0.1656,0.1656,0.0,0.001,2021,Panthers,rookie,0,Panthers,rookie_deal,8094
Spencer Brown,RB,Panthers,2022,1,0.207,0.207,0.0,0.001,2021,Panthers,veteran,1,Panthers,extension,8095
Spencer Brown,RB,Panthers,2023,1,0.216,0.216,0.0,0.001,2021,Panthers,veteran,2,Panthers,extension,8096
Spencer Brown,RB,Falcons,2024,1,0.795,0.795,0.0,0.003,2021,Panthers,veteran,3,Panthers,new_team_signing,8097
Spencer Larsen,RB,Buccaneers,2008,1,0.715,0.715,0.0,0.0,2008,Broncos,rookie,0,Buccaneers,rookie_deal,8098
Spencer Rattler,QB,Saints,2024,4,4.35648,1.08912,0.33648,0.004,2024,Saints,rookie,0,Saints,rookie_deal,8099
Spencer Schnell,WR,Buccaneers,2019,1,0.136,0.136,0.0,0.001,2019,Buccaneers,rookie,0,Buccaneers,rookie_deal,8100
Spencer Schnell,WR,Buccaneers,2020,1,0.61,0.61,0.0,0.003,2019,Buccaneers,veteran,1,Buccaneers,extension,8101
Spencer Ware,RB,Seahawks,2013,4,2.257432,0.564358,0.097432,0.005,2013,Seahawks,rookie,0,Seahawks,rookie_deal,8102
Spencer Ware,RB,Chiefs,2015,1,0.1122,0.1122,0.0,0.001,2013,Seahawks,veteran,2,Seahawks,new_team_signing,8103
Spencer Ware,RB,Chiefs,2016,3,4.2,1.4,1.6,0.009000000000000001,2013,Seahawks,veteran,3,Chiefs,extension,8104
Spencer Ware,RB,Chiefs,2019,1,0.805,0.805,0.0,0.004,2013,Seahawks,veteran,6,Chiefs,extension,8105
Spencer Ware,RB,Bears,2020,1,0.204,0.204,0.0,0.001,2013,Seahawks,veteran,7,Chiefs,new_team_signing,8106
Squirrel White,WR,Bears,2026,3,3.115,1.038333,0.115,0.003,2026,Bears,rookie,0,Bears,rookie_deal,8107
Stacy Coley,WR,MIN/NYG,2017,4,2.496692,0.624173,0.096692,0.004,2017,Vikings,rookie,0,MIN/NYG,rookie_deal,8108
Stacy Coley,WR,Jets,2019,2,1.38,0.69,0.0,0.004,2017,Vikings,veteran,2,MIN/NYG,new_team_signing,8109
Stanley Berryhill,WR,Lions,2022,1,0.207,0.207,0.0,0.001,2022,Falcons,rookie,0,Lions,rookie_deal,8110
Stanley Berryhill,WR,Lions,2023,1,0.87,0.87,0.0,0.004,2022,Falcons,veteran,1,Lions,extension,8111
Stanley Havili,RB,Seahawks,2014,1,0.1071,0.1071,0.0,0.001,2011,Eagles,veteran,3,Colts,new_team_signing,8112
Stanley Morgan,WR,Bengals,2019,1,0.136,0.136,0.0,0.001,2019,Bengals,rookie,0,Bengals,rookie_deal,8113
Stanley Morgan,WR,Bengals,2020,1,0.1428,0.1428,0.0,0.001,2019,Bengals,veteran,1,Bengals,extension,8114
Stanley Morgan,WR,Bengals,2022,2,2.245,1.1225,0.1,0.005,2019,Bengals,veteran,3,Bengals,extension,8115
Stanley Morgan,WR,Bengals,2023,1,0.306,0.306,0.0,0.001,2019,Bengals,veteran,4,Bengals,extension,8116
Stanley Morgan,WR,Titans,2024,1,0.3024,0.3024,0.0,0.001,2019,Bengals,veteran,5,Bengals,new_team_signing,8117
Stanley Morgan,WR,Titans,2025,1,1.17,1.17,0.0,0.004,2019,Bengals,veteran,6,Titans,extension,8118
Stanley Williams,RB,Bengals,2017,3,1.6675,0.555833,0.0025,0.003,2017,Bengals,rookie,0,Bengals,rookie_deal,8119
Stedman Bailey,WR,Rams,2013,4,2.736102,0.684026,0.5274,0.006,2013,Rams,rookie,0,Rams,rookie_deal,8120
Stefon Diggs,WR,Vikings,2015,4,2.507712,0.626928,0.227712,0.004,2015,Vikings,rookie,0,Vikings,rookie_deal,8121
Stefon Diggs,WR,BUF/MIN,2018,5,72.0,14.4,16.907,0.081,2015,Vikings,veteran,3,Vikings,new_team_signing,8122
Stefon Diggs,WR,BUF/HOU,2022,4,96.0,24.0,47.985,0.115,2015,Vikings,veteran,7,BUF/MIN,new_team_signing,8123
Stefon Diggs,WR,Texans,2024,1,22.52,22.52,22.015,0.08800000000000001,2015,Vikings,veteran,9,BUF/HOU,new_team_signing,8124
Stefon Diggs,WR,Patriots,2025,3,63.5,21.166667,16.6,0.076,2015,Vikings,veteran,10,Texans,new_team_signing,8125
Stepfan Taylor,RB,Cardinals,2013,4,2.3605,0.590125,0.2005,0.005,2013,Cardinals,rookie,0,Cardinals,rookie_deal,8126
Stephen Anderson,TE,Texans,2016,3,1.625,0.541667,0.005,0.003,2016,Texans,rookie,0,Texans,rookie_deal,8127
Stephen Anderson,TE,Patriots,2018,1,0.255,0.255,0.0,0.001,2016,Texans,veteran,2,Texans,new_team_signing,8128
Stephen Anderson,TE,Chargers,2019,1,0.136,0.136,0.0,0.001,2016,Texans,veteran,3,Patriots,new_team_signing,8129
Stephen Anderson,TE,Chargers,2020,1,0.66,0.66,0.0,0.003,2016,Texans,veteran,4,Chargers,extension,8130
Stephen Anderson,TE,Chargers,2021,1,0.92,0.92,0.0,0.005,2016,Texans,veteran,5,Chargers,extension,8131
Stephen Anderson,TE,Cardinals,2022,1,1.167005,1.167005,0.0,0.006,2016,Texans,veteran,6,Chargers,new_team_signing,8132
Stephen Anderson,TE,Chargers,2023,1,0.2898,0.2898,0.0,0.001,2016,Texans,veteran,7,Cardinals,new_team_signing,8133
Stephen Baggett,TE,Browns,2018,2,1.05,0.525,0.0,0.003,2018,Giants,rookie,0,Browns,rookie_deal,8134
Stephen Burton,WR,Vikings,2011,1,0.0969,0.0969,0.0,0.001,2011,Vikings,rookie,0,Vikings,rookie_deal,8135
Stephen Campbell,RB,Commanders,2013,3,1.53,0.51,0.0,0.0,2013,Colts,rookie,0,Commanders,rookie_deal,8136
Stephen Carlson,TE,Browns,2019,1,0.17,0.17,0.0,0.001,2019,Browns,rookie,0,Browns,rookie_deal,8137
Stephen Carlson,TE,Browns,2021,1,0.85,0.85,0.0,0.005,2019,Browns,veteran,2,Browns,extension,8138
Stephen Carlson,TE,Bears,2023,1,0.3708,0.3708,0.0,0.002,2019,Browns,veteran,4,Browns,new_team_signing,8139
Stephen Carlson,TE,Bears,2024,1,0.3834,0.3834,0.0,0.002,2019,Browns,veteran,5,Bears,extension,8140
Stephen Carlson,TE,Bears,2025,1,0.396,0.396,0.0,0.001,2019,Browns,veteran,6,Bears,extension,8141
Stephen Carlson,TE,Bears,2026,1,1.145,1.145,0.0,0.004,2019,Browns,veteran,7,Bears,extension,8142
Stephen Gosnell,WR,Bills,2025,1,0.234,0.234,0.0,0.001,2025,Bills,rookie,0,Bills,rookie_deal,8143
Stephen Gosnell,WR,Bills,2026,2,1.9435,0.97175,0.0085,0.003,2025,Bills,veteran,1,Bills,extension,8144
Stephen Guidry,WR,Cowboys,2020,3,2.295,0.765,0.11,0.004,2020,Cowboys,rookie,0,Cowboys,rookie_deal,8145
Stephen Hill,WR,Jets,2012,4,4.712348,1.178086,2.811361,0.01,2012,Jets,rookie,0,Jets,rookie_deal,8146
Stephen Hill,WR,Panthers,2014,1,0.1071,0.1071,0.0,0.001,2012,Jets,veteran,2,Jets,new_team_signing,8147
Stephen Hill,WR,Panthers,2015,1,0.5945,0.5945,0.0095,0.004,2012,Jets,veteran,3,Panthers,extension,8148
Stephen Hill,WR,Panthers,2016,1,0.6,0.6,0.0,0.004,2012,Jets,veteran,4,Panthers,extension,8149
Stephen Louis,WR,Texans,2019,3,1.755,0.585,0.0,0.003,2019,Texans,rookie,0,Texans,rookie_deal,8150
Stephen Morris,QB,SEA/HOU,2018,1,0.555,0.555,0.0,0.003,2014,Jaguars,veteran,4,Colts,new_team_signing,8151
Stephen Sullivan,TE,Seahawks,2020,1,0.1428,0.1428,0.0,0.001,2020,Seahawks,rookie,0,Seahawks,rookie_deal,8152
Stephen Sullivan,TE,Panthers,2021,1,0.1656,0.1656,0.0,0.001,2020,Seahawks,veteran,1,Seahawks,new_team_signing,8153
Stephen Sullivan,TE,Panthers,2023,1,0.94,0.94,0.0,0.004,2020,Seahawks,veteran,3,Panthers,extension,8154
Stephen Sullivan,TE,Panthers,2024,1,0.3024,0.3024,0.0,0.001,2020,Seahawks,veteran,4,Panthers,extension,8155
Stephen Williams,WR,Dolphins,2010,1,0.645,0.645,0.0,0.0,2010,Cardinals,rookie,0,Dolphins,rookie_deal,8156
Stephon Robinson,WR,Cardinals,2022,3,2.57,0.856667,0.01,0.004,2022,Cardinals,rookie,0,Cardinals,rookie_deal,8157
Sterling Shepard,WR,Giants,2016,4,5.944572,1.486143,0.0,0.01,2016,Giants,rookie,0,Giants,rookie_deal,8158
Sterling Shepard,WR,Giants,2019,4,41.0,10.25,16.210624,0.054000000000000006,2016,Giants,veteran,3,Giants,extension,8159
Sterling Shepard,WR,Giants,2022,2,3.0,3.0,2.0,0.013999999999999999,2016,Giants,veteran,6,Giants,extension,8160
Sterling Shepard,WR,Giants,2023,1,1.3175,1.3175,0.0,0.006,2016,Giants,veteran,7,Giants,extension,8161
Sterling Shepard,WR,Buccaneers,2024,1,0.3834,0.3834,0.0,0.002,2016,Giants,veteran,8,Giants,new_team_signing,8162
Sterling Shepard,WR,Buccaneers,2025,1,1.5,1.5,0.5,0.005,2016,Giants,veteran,9,Buccaneers,extension,8163
Stetson Bennett,QB,Rams,2023,4,4.539132,1.134783,0.699132,0.005,2023,Rams,rookie,0,Rams,rookie_deal,8164
Stevan Ridley,RB,Patriots,2011,4,2.9535,0.738375,0.0,0.006,2011,Patriots,rookie,0,Patriots,rookie_deal,8165
Stevan Ridley,RB,Jets,2015,1,1.25,1.25,0.0,0.009000000000000001,2011,Patriots,veteran,4,Patriots,new_team_signing,8166
Stevan Ridley,RB,Falcons,2016,1,0.76,0.76,0.0,0.005,2011,Patriots,veteran,5,Jets,new_team_signing,8167
Stevan Ridley,RB,Steelers,2017,1,0.775,0.775,0.0,0.005,2011,Patriots,veteran,6,Falcons,new_team_signing,8168
Stevan Ridley,RB,Steelers,2018,1,0.79,0.79,0.0,0.004,2011,Patriots,veteran,7,Steelers,extension,8169
Steve Donatell,TE,Seahawks,2017,1,0.1224,0.1224,0.0,0.001,2017,Seahawks,rookie,0,Seahawks,rookie_deal,8170
Steve Ishmael,WR,Colts,2018,1,0.1292,0.1292,0.0,0.001,2018,Colts,rookie,0,Colts,rookie_deal,8171
Steve Ishmael,WR,Colts,2019,2,1.08,0.54,0.0,0.003,2018,Colts,veteran,1,Colts,extension,8172
Steve Johnson,WR,Bills,2008,4,1.75903,0.439758,0.05403,0.004,2008,Bills,rookie,0,Bills,rookie_deal,8173
Steve Johnson,WR,BUF/SF,2012,5,36.25,7.25,11.0,0.06,2008,Bills,veteran,4,Bills,new_team_signing,8174
Steve Johnson,WR,Chargers,2015,3,10.5,3.5,3.87,0.024,2008,Bills,veteran,7,BUF/SF,new_team_signing,8175
Steven Dunbar,WR,49ers,2018,1,0.1292,0.1292,0.0,0.001,2018,,rookie,0,49ers,rookie_deal,8176
Steven Dunbar,WR,Broncos,2019,1,0.495,0.495,0.0,0.003,2018,,veteran,1,49ers,new_team_signing,8177
Steven Jackson,RB,Rams,2004,5,7.0,1.4,4.0,0.017,2004,Rams,rookie,0,Rams,rookie_deal,8178
Steven Jackson,RB,Rams,2008,5,43.0975,8.6195,20.5,0.07400000000000001,2004,Rams,veteran,4,Rams,extension,8179
Steven Jackson,RB,Falcons,2013,3,12.0,4.0,4.0,0.033,2004,Rams,veteran,9,Rams,new_team_signing,8180
Steven Jackson,RB,Patriots,2015,1,0.97,0.97,0.0,0.006999999999999999,2004,Rams,veteran,11,Falcons,new_team_signing,8181
Steven Mitchell,WR,Rams,2018,1,0.1292,0.1292,0.0,0.001,2018,Rams,rookie,0,Rams,rookie_deal,8182
Steven Mitchell,WR,Texans,2019,1,0.17,0.17,0.0,0.001,2018,Rams,veteran,1,Rams,new_team_signing,8183
Steven Mitchell,WR,Texans,2020,1,0.1428,0.1428,0.0,0.001,2018,Rams,veteran,2,Texans,extension,8184
Steven Montez,QB,Commanders,2020,1,0.1428,0.1428,0.0,0.001,2020,Commanders,rookie,0,Commanders,rookie_deal,8185
Steven Montez,QB,Lions,2021,1,0.1656,0.1656,0.0,0.001,2020,Commanders,veteran,1,Commanders,new_team_signing,8186
Steven Montez,QB,Lions,2022,1,0.207,0.207,0.0,0.001,2020,Commanders,veteran,2,Lions,extension,8187
Steven Sims,WR,Commanders,2019,3,1.77,0.59,0.015,0.003,2019,Commanders,rookie,0,Commanders,rookie_deal,8188
Steven Sims,WR,Steelers,2021,1,0.1656,0.1656,0.0,0.001,2019,Commanders,veteran,2,Commanders,new_team_signing,8189
Steven Sims,WR,Steelers,2022,1,0.895,0.895,0.0,0.004,2019,Commanders,veteran,3,Steelers,extension,8190
Steven Sims,WR,Texans,2023,1,0.3708,0.3708,0.0,0.002,2019,Commanders,veteran,4,Steelers,new_team_signing,8191
Steven Sims,WR,HOU/BAL,2024,1,1.325,1.325,0.075,0.005,2019,Commanders,veteran,5,Texans,new_team_signing,8192
Steven Sims,WR,Cardinals,2025,1,0.315,0.315,0.0,0.001,2019,Commanders,veteran,6,HOU/BAL,new_team_signing,8193
Steven Stilianos,TE,Titans,2024,3,2.835,0.945,0.0125,0.004,2024,Titans,rookie,0,Titans,rookie_deal,8194
Steven Stilianos,TE,Lions,2025,1,0.84,0.84,0.0,0.003,2024,Titans,veteran,1,Titans,new_team_signing,8195
Steven Wroblewski,TE,Colts,2017,2,1.02,0.51,0.0,0.003,2017,Cardinals,rookie,0,Colts,rookie_deal,8196
Stevie Scott III,RB,Broncos,2021,1,0.66,0.66,0.0,0.004,2021,Saints,rookie,0,Broncos,rookie_deal,8197
Stevie Scott III,RB,Broncos,2022,1,0.705,0.705,0.0,0.003,2021,Saints,veteran,1,Broncos,extension,8198
Stevie Scott III,RB,Cardinals,2023,1,0.75,0.75,0.0,0.003,2021,Saints,veteran,2,Broncos,new_team_signing,8199
Stevo Klotz,TE,Chargers,2025,3,2.97,0.99,0.005,0.004,2025,Chargers,rookie,0,Chargers,rookie_deal,8200
Stone Smartt,TE,Chargers,2022,3,2.565,0.855,0.005,0.004,2022,Chargers,rookie,0,Chargers,rookie_deal,8201
Stone Smartt,TE,Jets,2025,1,1.35,1.35,0.25,0.005,2022,Chargers,veteran,3,Chargers,new_team_signing,8202
Stone Smartt,TE,Eagles,2026,1,1.29,1.29,0.225,0.004,2022,Chargers,veteran,4,Jets,new_team_signing,8203
Storm Johnson,RB,Jaguars,2014,4,2.282728,0.570682,0.062728,0.004,2014,Jaguars,rookie,0,Jaguars,rookie_deal,8204
Storm Johnson,RB,Dolphins,2016,1,0.1173,0.1173,0.0,0.001,2014,Jaguars,veteran,2,Jaguars,new_team_signing,8205
Storm Johnson,RB,Dolphins,2017,2,1.17,0.585,0.0,0.004,2014,Jaguars,veteran,3,Dolphins,extension,8206
Sy Barnett,WR,Saints,2023,3,2.6975,0.899167,0.0025,0.004,2023,Saints,rookie,0,Saints,rookie_deal,8207
Synjyn Days,RB,Cowboys,2015,3,1.5775,0.525833,0.0025,0.0,2015,Cowboys,rookie,0,Cowboys,rookie_deal,8208
T.J. Graham,WR,BUF/TEN,2012,4,2.901252,0.725313,0.671252,0.006,2012,Bills,rookie,0,BUF/TEN,rookie_deal,8209
T.J. Graham,WR,Jets,2014,2,1.23,0.615,0.0,0.005,2012,Bills,veteran,2,BUF/TEN,new_team_signing,8210
T.J. Graham,WR,Saints,2015,1,0.66,0.66,0.0,0.005,2012,Bills,veteran,3,Jets,new_team_signing,8211
T.J. Graham,WR,Eagles,2016,1,0.76,0.76,0.0,0.005,2012,Bills,veteran,4,Saints,new_team_signing,8212
T.J. Graham,WR,Panthers,2017,1,0.775,0.775,0.0,0.005,2012,Bills,veteran,5,Eagles,new_team_signing,8213
T.J. Harden,RB,Browns,2026,3,3.1,1.033333,0.025,0.003,2026,Browns,rookie,0,Browns,rookie_deal,8214
T.J. Hockenson,TE,DET/MIN,2019,4,19.821226,4.955307,19.821226,0.026000000000000002,2019,Lions,rookie,0,DET/MIN,rookie_deal,8215
T.J. Hockenson,TE,Vikings,2023,4,66.0,16.5,29.292,0.073,2019,Lions,veteran,4,DET/MIN,new_team_signing,8216
T.J. Hockenson,TE,Vikings,2026,1,10.25,10.25,10.15,0.034,2019,Lions,veteran,7,Vikings,extension,8217
T.J. Jones,WR,Lions,2014,4,2.3262,0.58155,0.1062,0.004,2014,Lions,rookie,0,Lions,rookie_deal,8218
T.J. Jones,WR,Lions,2016,1,0.1173,0.1173,0.0,0.001,2014,Lions,veteran,2,Lions,extension,8219
T.J. Jones,WR,Lions,2017,1,0.69,0.69,0.0,0.004,2014,Lions,veteran,3,Lions,extension,8220
T.J. Jones,WR,Lions,2018,1,1.907,1.907,0.0,0.011000000000000001,2014,Lions,veteran,4,Lions,extension,8221
T.J. Jones,WR,Giants,2019,1,0.805,0.805,0.0,0.004,2014,Lions,veteran,5,Lions,new_team_signing,8222
T.J. Linta,QB,Chiefs,2019,3,1.755,0.585,0.0,0.003,2019,Chiefs,rookie,0,Chiefs,rookie_deal,8223
T.J. Logan,RB,TB/ARI,2017,4,2.601948,0.650487,0.201948,0.004,2017,Cardinals,rookie,0,TB/ARI,rookie_deal,8224
T.J. Luther,WR,Patriots,2023,1,0.216,0.216,0.0,0.001,2023,Jets,rookie,0,Patriots,rookie_deal,8225
T.J. Luther,WR,Panthers,2024,1,0.225,0.225,0.0,0.001,2023,Jets,veteran,1,Patriots,new_team_signing,8226
T.J. Luther,WR,Panthers,2025,1,0.84,0.84,0.0,0.003,2023,Jets,veteran,2,Panthers,extension,8227
T.J. Moe,WR,Rams,2013,1,0.42,0.42,0.0,0.0,2013,Patriots,rookie,0,Rams,rookie_deal,8228
T.J. Simmons,WR,Buccaneers,2021,3,2.426,0.808667,0.001,0.004,2021,Buccaneers,rookie,0,Buccaneers,rookie_deal,8229
T.J. Thorpe,WR,Commanders,2016,3,1.62,0.54,0.0,0.003,2016,Commanders,rookie,0,Commanders,rookie_deal,8230
T.J. Vasher,WR,Cowboys,2021,3,2.43,0.81,0.055,0.004,2021,Cowboys,rookie,0,Cowboys,rookie_deal,8231
T.J. Yates,QB,ATL/HOU,2011,4,2.225,0.55625,0.185,0.005,2011,Texans,rookie,0,ATL/HOU,rookie_deal,8232
T.J. Yates,QB,Dolphins,2016,1,0.76,0.76,0.0,0.005,2011,Texans,veteran,5,ATL/HOU,new_team_signing,8233
T.J. Yates,QB,Texans,2017,1,0.775,0.775,0.0,0.005,2011,Texans,veteran,6,Dolphins,new_team_signing,8234
T.J. Yeldon,RB,Jaguars,2015,4,5.913776,1.478444,3.699736,0.01,2015,Jaguars,rookie,0,Jaguars,rookie_deal,8235
T.J. Yeldon,RB,Bills,2019,2,3.2,1.6,0.5,0.009000000000000001,2015,Jaguars,veteran,4,Jaguars,new_team_signing,8236
T.Y. Hilton,WR,Colts,2012,4,2.6424,0.6606,0.5274,0.005,2012,Colts,rookie,0,Colts,rookie_deal,8237
T.Y. Hilton,WR,Colts,2015,5,65.0,13.0,11.0,0.091,2012,Colts,veteran,3,Colts,extension,8238
T.Y. Hilton,WR,Colts,2021,1,8.0,8.0,8.0,0.044000000000000004,2012,Colts,veteran,9,Colts,extension,8239
T.Y. Hilton,WR,Cowboys,2022,1,2.9,2.9,0.6,0.013999999999999999,2012,Colts,veteran,10,Colts,new_team_signing,8240
TJ Maguranyanga,TE,Commanders,2025,1,0.234,0.234,0.0,0.001,2025,Commanders,rookie,0,Commanders,rookie_deal,8241
TJ Maguranyanga,TE,Commanders,2026,1,0.885,0.885,0.0,0.003,2025,Commanders,veteran,1,Commanders,extension,8242
TJ Pledger,RB,Cardinals,2022,3,2.56,0.853333,0.0,0.004,2022,Cardinals,rookie,0,Cardinals,rookie_deal,8243
TJ Rahming,WR,Dolphins,2019,1,0.136,0.136,0.0,0.001,2019,Commanders,rookie,0,Dolphins,rookie_deal,8244
TJ Rahming,WR,Dolphins,2020,2,1.11,0.555,0.0,0.003,2019,Commanders,veteran,1,Dolphins,extension,8245
TJ Sheffield,WR,Titans,2025,3,2.965,0.988333,0.0,0.004,2025,Titans,rookie,0,Titans,rookie_deal,8246
TaMerik Williams,RB,Seahawks,2024,3,2.8355,0.945167,0.0055,0.004,2024,Seahawks,rookie,0,Seahawks,rookie_deal,8247
Tahj Brooks,RB,Bengals,2025,4,4.430856,1.107714,0.230856,0.004,2025,Bengals,rookie,0,Bengals,rookie_deal,8248
Tahj Washington,WR,Dolphins,2024,4,4.110396,1.027599,0.090396,0.004,2024,Dolphins,rookie,0,Dolphins,rookie_deal,8249
Tai Felton,WR,Vikings,2025,4,6.161184,1.540296,1.12086,0.006,2025,Vikings,rookie,0,Vikings,rookie_deal,8250
Taiwan Jones,RB,Raiders,2011,3,2.445,0.61125,0.405,0.005,2011,Raiders,rookie,0,Raiders,rookie_deal,8251
Taiwan Jones,RB,Raiders,2014,3,4.355,1.451667,0.855,0.011000000000000001,2011,Raiders,veteran,3,Raiders,extension,8252
Taiwan Jones,RB,Bills,2017,1,0.775,0.775,0.0,0.005,2011,Raiders,veteran,6,Raiders,new_team_signing,8253
Taiwan Jones,RB,Bills,2018,1,0.88,0.88,0.045,0.005,2011,Raiders,veteran,7,Bills,extension,8254
Taiwan Jones,RB,Texans,2019,1,1.02,1.02,0.045,0.005,2011,Raiders,veteran,8,Bills,new_team_signing,8255
Taiwan Jones,RB,Bills,2020,1,1.75,1.75,0.7,0.009000000000000001,2011,Raiders,veteran,9,Texans,new_team_signing,8256
Taiwan Jones,RB,Bills,2021,1,1.75,1.75,0.7,0.01,2011,Raiders,veteran,10,Bills,extension,8257
Taiwan Jones,RB,Bills,2022,1,1.2725,1.2725,0.6525,0.006,2011,Raiders,veteran,11,Bills,extension,8258
Taiwan Jones,RB,Giants,2023,1,0.2898,0.2898,0.0,0.001,2011,Raiders,veteran,12,Bills,new_team_signing,8259
Taj McGowan,RB,Jaguars,2019,3,1.755,0.585,0.0,0.003,2019,Jaguars,rookie,0,Jaguars,rookie_deal,8260
Taj Williams,WR,Falcons,2018,2,1.05,0.525,0.0,0.003,2018,Seahawks,rookie,0,Falcons,rookie_deal,8261
Tajae Sharpe,WR,Titans,2016,4,2.614884,0.653721,0.274884,0.004,2016,Titans,rookie,0,Titans,rookie_deal,8262
Tajae Sharpe,WR,Chiefs,2020,1,0.204,0.204,0.0,0.001,2016,Titans,veteran,4,Titans,new_team_signing,8263
Tajae Sharpe,WR,Chiefs,2021,1,0.99,0.99,0.0,0.005,2016,Titans,veteran,5,Chiefs,extension,8264
Tajae Sharpe,WR,49ers,2022,1,0.2772,0.2772,0.0,0.001,2016,Titans,veteran,6,Chiefs,new_team_signing,8265
Tajh Boyd,QB,Jets,2014,4,2.29868,0.57467,0.07868,0.004,2014,Jets,rookie,0,Jets,rookie_deal,8266
Tajh Boyd,QB,Steelers,2015,1,0.435,0.435,0.0,0.003,2014,Jets,veteran,1,Jets,new_team_signing,8267
Talolo Limu-Jones,WR,Panthers,2022,3,2.562,0.854,0.002,0.004,2022,Panthers,rookie,0,Panthers,rookie_deal,8268
Tamorrion Terry,WR,Seahawks,2021,3,2.43,0.81,0.005,0.004,2021,Seahawks,rookie,0,Seahawks,rookie_deal,8269
Tandon Doss,WR,Ravens,2011,4,2.45256,0.61314,0.412562,0.005,2011,Ravens,rookie,0,Ravens,rookie_deal,8270
Tandon Doss,WR,Ravens,2013,1,0.555,0.555,0.0,0.005,2011,Ravens,veteran,2,Ravens,extension,8271
Tandon Doss,WR,Jaguars,2014,2,1.505,0.7525,0.065,0.006,2011,Ravens,veteran,3,Ravens,new_team_signing,8272
Tank Bigsby,RB,PHI/JAX,2023,4,5.392918,1.34823,0.92212,0.006,2023,Jaguars,rookie,0,PHI/JAX,rookie_deal,8273
Tank Dell,WR,Texans,2023,4,5.689104,1.422276,1.137528,0.006,2023,Texans,rookie,0,Texans,rookie_deal,8274
Tanner Arkin,TE,Patriots,2026,3,3.1175,1.039167,0.1625,0.003,2026,Patriots,rookie,0,Patriots,rookie_deal,8275
Tanner Conner,WR,Dolphins,2022,3,2.565,0.855,0.07,0.004,2022,Dolphins,rookie,0,Dolphins,rookie_deal,8276
Tanner Conner,WR,Dolphins,2023,1,0.216,0.216,0.0,0.001,2022,Dolphins,veteran,1,Dolphins,extension,8277
Tanner Conner,WR,Dolphins,2024,2,2.085,1.0425,0.0,0.004,2022,Dolphins,veteran,2,Dolphins,extension,8278
Tanner Conner,WR,Giants,2025,1,0.234,0.234,0.0,0.001,2022,Dolphins,veteran,3,Dolphins,new_team_signing,8279
Tanner Conner,WR,Giants,2026,1,1.215,1.215,0.0,0.004,2022,Dolphins,veteran,4,Giants,extension,8280
Tanner Gentry,WR,Bears,2017,1,0.1224,0.1224,0.0,0.001,2017,Bears,rookie,0,Bears,rookie_deal,8281
Tanner Gentry,WR,Bears,2018,1,0.1292,0.1292,0.0,0.001,2017,Bears,veteran,1,Bears,extension,8282
Tanner Gentry,WR,Bears,2019,2,1.23,0.615,0.0,0.003,2017,Bears,veteran,2,Bears,extension,8283
Tanner Gentry,WR,Bills,2020,1,0.1428,0.1428,0.0,0.001,2017,Bears,veteran,3,Bears,new_team_signing,8284
Tanner Gentry,WR,Bills,2021,1,0.1656,0.1656,0.0,0.001,2017,Bears,veteran,4,Bills,extension,8285
Tanner Gentry,WR,Bills,2022,1,0.207,0.207,0.0,0.001,2017,Bears,veteran,5,Bills,extension,8286
Tanner Hudson,TE,Buccaneers,2018,1,0.1292,0.1292,0.0,0.001,2018,Buccaneers,rookie,0,Buccaneers,rookie_deal,8287
Tanner Hudson,TE,Buccaneers,2020,1,0.1428,0.1428,0.0,0.001,2018,Buccaneers,veteran,2,Buccaneers,extension,8288
Tanner Hudson,TE,49ers,2021,1,0.1656,0.1656,0.0,0.001,2018,Buccaneers,veteran,3,Buccaneers,new_team_signing,8289
Tanner Hudson,TE,Bengals,2022,1,0.207,0.207,0.0,0.001,2018,Buccaneers,veteran,4,49ers,new_team_signing,8290
Tanner Hudson,TE,Bengals,2023,1,0.306,0.306,0.0,0.001,2018,Buccaneers,veteran,5,Bengals,extension,8291
Tanner Hudson,TE,Bengals,2024,1,1.2925,1.2925,0.1675,0.005,2018,Buccaneers,veteran,6,Bengals,extension,8292
Tanner Hudson,TE,Bengals,2025,1,1.255,1.255,0.0,0.004,2018,Buccaneers,veteran,7,Bengals,extension,8293
Tanner Hudson,TE,Bengals,2026,1,1.35,1.35,0.05,0.004,2018,Buccaneers,veteran,8,Bengals,extension,8294
Tanner Knue,WR,Buccaneers,2024,1,0.225,0.225,0.0,0.001,2024,Buccaneers,rookie,0,Buccaneers,rookie_deal,8295
Tanner Knue,WR,Buccaneers,2025,2,1.845,0.9225,0.0,0.003,2024,Buccaneers,veteran,1,Buccaneers,extension,8296
Tanner Koziol,TE,Jaguars,2026,4,4.85684,1.21421,0.47684,0.004,2026,Jaguars,rookie,0,Jaguars,rookie_deal,8297
Tanner Lee,QB,Jaguars,2018,1,0.1292,0.1292,0.0,0.001,2018,Jaguars,rookie,0,Jaguars,rookie_deal,8298
Tanner McEvoy,WR,Seahawks,2016,3,1.62,0.54,0.0,0.003,2016,Seahawks,rookie,0,Seahawks,rookie_deal,8299
Tanner McEvoy,WR,Saints,2018,1,0.1292,0.1292,0.0,0.001,2016,Seahawks,veteran,2,Seahawks,new_team_signing,8300
Tanner McEvoy,WR,Titans,2019,2,1.54,0.77,0.0,0.004,2016,Seahawks,veteran,3,Saints,new_team_signing,8301
Tanner McKee,QB,Eagles,2023,4,4.02652,1.00663,0.18652,0.004,2023,Eagles,rookie,0,Eagles,rookie_deal,8302
Tanner McLachlan,TE,Bengals,2024,4,4.203056,1.050764,0.183056,0.004,2024,Bengals,rookie,0,Bengals,rookie_deal,8303
Tanner McLachlan,TE,Chargers,2025,1,0.234,0.234,0.0,0.001,2024,Bengals,veteran,1,Bengals,new_team_signing,8304
Tanner McLachlan,TE,Chargers,2026,1,1.005,1.005,0.0,0.003,2024,Bengals,veteran,2,Chargers,extension,8305
Tanner Mordecai,QB,49ers,2024,1,0.225,0.225,0.0,0.001,2024,49ers,rookie,0,49ers,rookie_deal,8306
Tanner Mordecai,QB,49ers,2025,1,0.84,0.84,0.0,0.003,2024,49ers,veteran,1,49ers,extension,8307
Tanner Morgan,QB,Vikings,2023,1,0.216,0.216,0.0,0.001,2023,Steelers,rookie,0,Vikings,rookie_deal,8308
Tanner Taula,TE,Buccaneers,2023,1,0.216,0.216,0.0,0.001,2023,Buccaneers,rookie,0,Buccaneers,rookie_deal,8309
Tanner Taula,TE,Buccaneers,2024,1,0.225,0.225,0.0,0.001,2023,Buccaneers,veteran,1,Buccaneers,extension,8310
Tanner Taula,TE,Buccaneers,2025,1,0.234,0.234,0.0,0.001,2023,Buccaneers,veteran,2,Buccaneers,extension,8311
Taquan Mizzell,RB,CHI/BAL,2017,3,1.673,0.557667,0.008,0.003,2017,Ravens,rookie,0,CHI/BAL,rookie_deal,8312
Taquan Mizzell,RB,Bears,2018,1,0.1292,0.1292,0.0,0.001,2017,Ravens,veteran,1,CHI/BAL,new_team_signing,8313
Taquan Mizzell,RB,Saints,2019,1,0.136,0.136,0.0,0.001,2017,Ravens,veteran,2,Bears,new_team_signing,8314
Taquan Mizzell,RB,Giants,2020,1,0.1428,0.1428,0.0,0.001,2017,Ravens,veteran,3,Saints,new_team_signing,8315
Taquan Mizzell,RB,Giants,2021,1,0.8535,0.8535,0.0035,0.005,2017,Ravens,veteran,4,Giants,extension,8316
Tarik Black,WR,Colts,2021,1,0.1656,0.1656,0.0,0.001,2021,Colts,rookie,0,Colts,rookie_deal,8317
Tarik Black,WR,Jets,2022,1,0.207,0.207,0.0,0.001,2021,Colts,veteran,1,Colts,new_team_signing,8318
Tarik Black,WR,Ravens,2023,1,0.216,0.216,0.0,0.001,2021,Colts,veteran,2,Jets,new_team_signing,8319
Tarik Black,WR,Dolphins,2024,1,0.225,0.225,0.0,0.001,2021,Colts,veteran,3,Ravens,new_team_signing,8320
Tarik Black,WR,Dolphins,2025,2,1.845,0.9225,0.0,0.003,2021,Colts,veteran,4,Dolphins,extension,8321
Tarik Cohen,RB,Bears,2017,4,3.033156,0.758289,0.633156,0.005,2017,Bears,rookie,0,Bears,rookie_deal,8322
Tarik Cohen,RB,Bears,2020,3,17.25,5.75,9.533,0.028999999999999998,2017,Bears,veteran,3,Bears,extension,8323
Tarik Cohen,RB,Panthers,2023,1,0.2898,0.2898,0.0,0.001,2017,Bears,veteran,6,Bears,new_team_signing,8324
Tarik Cohen,RB,Jets,2024,1,1.125,1.125,0.0,0.004,2017,Bears,veteran,7,Panthers,new_team_signing,8325
Taryn Christion,QB,Steelers,2019,1,0.136,0.136,0.0,0.001,2019,Seahawks,rookie,0,Steelers,rookie_deal,8326
Tauren Poole,RB,Panthers,2012,1,0.42,0.42,0.0,0.0,2012,Panthers,rookie,0,Panthers,rookie_deal,8327
Tavarres King,WR,Broncos,2013,1,0.102,0.102,0.0,0.001,2013,Broncos,rookie,0,Broncos,rookie_deal,8328
Tavarres King,WR,TB/CAR,2014,1,0.1071,0.1071,0.0,0.001,2013,Broncos,veteran,1,Broncos,new_team_signing,8329
Tavarres King,WR,Giants,2015,1,0.1122,0.1122,0.0,0.001,2013,Broncos,veteran,2,TB/CAR,new_team_signing,8330
Tavarres King,WR,Giants,2016,2,1.29,0.645,0.0,0.004,2013,Broncos,veteran,3,Giants,extension,8331
Tavarres King,WR,Giants,2017,1,0.69,0.69,0.0,0.004,2013,Broncos,veteran,4,Giants,extension,8332
Tavarres King,WR,Vikings,2018,1,0.88,0.88,0.09,0.005,2013,Broncos,veteran,5,Giants,new_team_signing,8333
Tavien Feaster,RB,Lions,2020,1,0.1428,0.1428,0.0,0.001,2020,Jaguars,rookie,0,Lions,rookie_deal,8334
Tavien Feaster,RB,Cardinals,2021,1,0.1656,0.1656,0.0,0.001,2020,Jaguars,veteran,1,Lions,new_team_signing,8335
Tavon Austin,WR,Rams,2013,4,12.751002,3.187751,12.751002,0.026000000000000002,2013,Rams,rookie,0,Rams,rookie_deal,8336
Tavon Austin,WR,Rams,2016,4,42.222004,10.555501,17.0,0.068,2013,Rams,veteran,3,Rams,extension,8337
Tavon Austin,WR,LAR/DAL,2018,1,7.0,7.0,5.0,0.04,2013,Rams,veteran,5,Rams,new_team_signing,8338
Tavon Austin,WR,Cowboys,2019,1,1.75,1.75,0.5,0.009000000000000001,2013,Rams,veteran,6,LAR/DAL,new_team_signing,8339
Tavon Austin,WR,SF/GB,2020,1,1.05,1.05,0.0,0.005,2013,Rams,veteran,7,Cowboys,new_team_signing,8340
Tavon Austin,WR,Jaguars,2021,1,1.075,1.075,0.0,0.006,2013,Rams,veteran,8,SF/GB,new_team_signing,8341
Tavon Austin,WR,Bills,2022,1,0.288,0.288,0.0,0.001,2013,Rams,veteran,9,Jaguars,new_team_signing,8342
Tavonn Salter,WR,Falcons,2019,1,0.136,0.136,0.0,0.001,2019,Falcons,rookie,0,Falcons,rookie_deal,8343
Tay Martin,WR,49ers,2022,1,0.207,0.207,0.0,0.001,2022,49ers,rookie,0,49ers,rookie_deal,8344
Tay Martin,WR,49ers,2023,1,0.216,0.216,0.0,0.001,2022,49ers,veteran,1,49ers,extension,8345
Tay Martin,WR,49ers,2024,1,0.225,0.225,0.0,0.001,2022,49ers,veteran,2,49ers,extension,8346
Tay Martin,WR,Commanders,2025,1,0.234,0.234,0.0,0.001,2022,49ers,veteran,3,49ers,new_team_signing,8347
Taye Barber,WR,Buccaneers,2023,3,2.697,0.899,0.002,0.004,2023,Buccaneers,rookie,0,Buccaneers,rookie_deal,8348
Taylen Green,QB,Browns,2026,4,4.718164,1.179541,0.338164,0.004,2026,Browns,rookie,0,Browns,rookie_deal,8349
Taylor Elgersma,QB,Packers,2025,3,2.968,0.989333,0.003,0.004,2025,Packers,rookie,0,Packers,rookie_deal,8350
Taylor Gabriel,WR,ATL/CLE,2014,3,1.53,0.51,0.0,0.004,2014,Browns,rookie,0,ATL/CLE,rookie_deal,8351
Taylor Gabriel,WR,Falcons,2017,1,2.746,2.746,0.0,0.016,2014,Browns,veteran,3,ATL/CLE,new_team_signing,8352
Taylor Gabriel,WR,Bears,2018,4,26.0,6.5,14.0,0.037000000000000005,2014,Browns,veteran,4,Falcons,new_team_signing,8353
Taylor Grimes,WR,Broncos,2023,3,2.697,0.899,0.002,0.004,2023,Broncos,rookie,0,Broncos,rookie_deal,8354
Taylor Heinicke,QB,Vikings,2015,3,1.585,0.528333,0.01,0.004,2015,Vikings,rookie,0,Vikings,rookie_deal,8355
Taylor Heinicke,QB,Texans,2017,1,0.1224,0.1224,0.0,0.001,2015,Vikings,veteran,2,Vikings,new_team_signing,8356
Taylor Heinicke,QB,Panthers,2019,1,0.805,0.805,0.0,0.004,2015,Vikings,veteran,4,Texans,new_team_signing,8357
Taylor Heinicke,QB,Commanders,2020,1,0.204,0.204,0.0,0.001,2015,Vikings,veteran,5,Panthers,new_team_signing,8358
Taylor Heinicke,QB,Commanders,2021,2,4.75,2.375,1.5,0.013000000000000001,2015,Vikings,veteran,6,Commanders,extension,8359
Taylor Heinicke,QB,Falcons,2023,2,14.0,7.0,6.32,0.031,2015,Vikings,veteran,8,Commanders,new_team_signing,8360
Taylor Heinicke,QB,ATL/LAC,2024,1,2.53,2.53,1.32,0.01,2015,Vikings,veteran,9,Falcons,new_team_signing,8361
Taylor Heinicke,QB,Chargers,2025,1,2.5,2.5,2.0,0.009000000000000001,2015,Vikings,veteran,10,ATL/LAC,new_team_signing,8362
Taylor Martinez,QB,Eagles,2014,4,1.53,0.51,0.0,0.0,2014,Eagles,rookie,0,Eagles,rookie_deal,8363
Taylor McNamara,TE,Browns,2017,3,1.665,0.555,0.0,0.003,2017,Browns,rookie,0,Browns,rookie_deal,8364
Taylor Morin,WR,Eagles,2025,3,2.97,0.99,0.0125,0.004,2025,Eagles,rookie,0,Eagles,rookie_deal,8365
Taylor Price,WR,Seahawks,2010,1,0.57,0.57,0.0,0.0,2010,Patriots,rookie,0,Seahawks,rookie_deal,8366
Taylor Thompson,TE,Titans,2012,4,2.298,0.5745,0.198,0.005,2012,Titans,rookie,0,Titans,rookie_deal,8367
Tayon Fleet-Davis,RB,Chiefs,2022,3,2.5635,0.8545,0.0035,0.004,2022,Chiefs,rookie,0,Chiefs,rookie_deal,8368
Taysir Mack,WR,49ers,2022,3,2.56,0.853333,0.0,0.004,2022,49ers,rookie,0,49ers,rookie_deal,8369
Taysom Hill,QB,Saints,2017,3,1.67,0.556667,0.005,0.003,2017,Packers,rookie,0,Saints,rookie_deal,8370
Taysom Hill,QB,Saints,2020,2,21.0,10.5,17.439,0.053,2017,Packers,veteran,3,Saints,extension,8371
Taysom Hill,TE,Saints,2021,4,40.0,10.0,10.1,0.055,2017,Packers,veteran,4,Saints,extension,8372
Tayvion Robinson,WR,Panthers,2024,1,0.795,0.795,0.0,0.003,2024,Ravens,rookie,0,Panthers,rookie_deal,8373
Taywan Taylor,WR,TEN/CLE,2017,4,3.681012,0.920253,0.916012,0.006,2017,Titans,rookie,0,TEN/CLE,rookie_deal,8374
Taywan Taylor,WR,Browns,2020,1,0.204,0.204,0.0,0.001,2017,Titans,veteran,3,TEN/CLE,new_team_signing,8375
Taywan Taylor,WR,Texans,2021,1,0.99,0.99,0.0,0.005,2017,Titans,veteran,4,Browns,new_team_signing,8376
Teagan Quitoriano,TE,Texans,2022,4,3.956148,0.989037,0.296148,0.005,2022,Texans,rookie,0,Texans,rookie_deal,8377
Teagan Quitoriano,TE,Bears,2024,1,0.225,0.225,0.0,0.001,2022,Texans,veteran,2,Texans,new_team_signing,8378
Teagan Quitoriano,TE,Falcons,2025,1,1.1,1.1,0.0,0.004,2022,Texans,veteran,3,Bears,new_team_signing,8379
Teagan Quitoriano,TE,Cardinals,2026,1,1.24,1.24,0.0,0.004,2022,Texans,veteran,4,Falcons,new_team_signing,8380
Tebucky Jones,WR,Titans,2015,3,1.575,0.525,0.0,0.004,2015,Titans,rookie,0,Titans,rookie_deal,8381
Ted Bolser,TE,Commanders,2014,1,0.1071,0.1071,0.0,0.001,2014,Commanders,rookie,0,Commanders,rookie_deal,8382
Ted Bolser,TE,Cardinals,2015,2,0.96,0.48,0.0,0.003,2014,Commanders,veteran,1,Commanders,new_team_signing,8383
Ted Ginn,WR,SF/MIA,2007,5,17.027086,3.405417,9.067919,0.031,2007,Dolphins,rookie,0,SF/MIA,rookie_deal,8384
Ted Ginn,WR,49ers,2011,1,1.0,1.0,0.0,0.008,2007,Dolphins,veteran,4,SF/MIA,new_team_signing,8385
Ted Ginn,WR,49ers,2012,1,1.4,1.4,0.5,0.012,2007,Dolphins,veteran,5,49ers,extension,8386
Ted Ginn,WR,Panthers,2013,1,1.1,1.1,0.3,0.009000000000000001,2007,Dolphins,veteran,6,49ers,new_team_signing,8387
Ted Ginn,WR,Cardinals,2014,3,9.75,3.75,3.25,0.027999999999999997,2007,Dolphins,veteran,7,Panthers,new_team_signing,8388
Ted Ginn,WR,Panthers,2015,2,4.2,2.1,1.7,0.015,2007,Dolphins,veteran,8,Cardinals,new_team_signing,8389
Ted Ginn,WR,Saints,2017,3,11.0,3.666667,3.0,0.022000000000000002,2007,Dolphins,veteran,10,Panthers,new_team_signing,8390
Ted Ginn,WR,Bears,2020,1,1.1875,1.1875,0.8875,0.006,2007,Dolphins,veteran,13,Saints,new_team_signing,8391
Ted Hurst,WR,Buccaneers,2026,4,6.916056,1.729014,1.48986,0.006,2026,Buccaneers,rookie,0,Buccaneers,rookie_deal,8392
Teddy Bridgewater,QB,Vikings,2014,4,6.849502,1.712376,5.495479,0.013000000000000001,2014,Vikings,rookie,0,Vikings,rookie_deal,8393
Teddy Bridgewater,QB,NYJ/NO,2018,1,6.0,6.0,0.5,0.034,2014,Vikings,veteran,4,Vikings,new_team_signing,8394
Teddy Bridgewater,QB,Saints,2019,1,7.25,7.25,7.25,0.039,2014,Vikings,veteran,5,NYJ/NO,new_team_signing,8395
Teddy Bridgewater,QB,Panthers,2020,3,63.0,21.0,33.0,0.106,2014,Vikings,veteran,6,Saints,new_team_signing,8396
Teddy Bridgewater,QB,DEN/CAR,2021,1,11.5,11.5,10.0625,0.063,2014,Vikings,veteran,7,Panthers,new_team_signing,8397
Teddy Bridgewater,QB,Dolphins,2022,1,6.5,6.5,6.5,0.031,2014,Vikings,veteran,8,DEN/CAR,new_team_signing,8398
Teddy Bridgewater,QB,Lions,2023,1,3.0,3.0,2.55,0.013000000000000001,2014,Vikings,veteran,9,Dolphins,new_team_signing,8399
Teddy Bridgewater,QB,Lions,2024,1,1.21,1.21,0.0,0.005,2014,Vikings,veteran,10,Lions,extension,8400
Teddy Bridgewater,QB,Buccaneers,2025,1,1.255,1.255,0.0,0.004,2014,Vikings,veteran,11,Lions,new_team_signing,8401
Teddy Bridgewater,QB,Lions,2026,1,1.8,1.8,1.5875,0.006,2014,Vikings,veteran,12,Buccaneers,new_team_signing,8402
Tee Higgins,WR,Bengals,2020,4,8.686788,2.171697,6.752255,0.011000000000000001,2020,Bengals,rookie,0,Bengals,rookie_deal,8403
Tee Higgins,WR,Bengals,2024,1,21.816,21.816,21.816,0.085,2020,Bengals,veteran,4,Bengals,extension,8404
Tee Higgins,WR,Bengals,2025,1,26.1792,26.1792,0.0,0.094,2020,Bengals,veteran,5,Bengals,extension,8405
Tejhaun Palmer,WR,Cardinals,2024,1,0.225,0.225,0.0,0.001,2024,Cardinals,rookie,0,Cardinals,rookie_deal,8406
Tejhaun Palmer,WR,Cardinals,2025,1,0.234,0.234,0.0,0.001,2024,Cardinals,veteran,1,Cardinals,extension,8407
Temarrick Hemingway,TE,Rams,2016,4,2.499584,0.624896,0.159584,0.004,2016,Rams,rookie,0,Rams,rookie_deal,8408
Temarrick Hemingway,TE,Broncos,2018,1,0.1292,0.1292,0.0,0.001,2016,Rams,veteran,2,Rams,new_team_signing,8409
Temarrick Hemingway,TE,Panthers,2019,1,0.136,0.136,0.0,0.001,2016,Rams,veteran,3,Broncos,new_team_signing,8410
Temarrick Hemingway,TE,Commanders,2020,1,0.1428,0.1428,0.0,0.001,2016,Rams,veteran,4,Panthers,new_team_signing,8411
Temarrick Hemingway,TE,Commanders,2021,1,0.252,0.252,0.0,0.001,2016,Rams,veteran,5,Commanders,extension,8412
Teo Redding,WR,Commanders,2018,1,0.1292,0.1292,0.0,0.001,2018,Lions,rookie,0,Commanders,rookie_deal,8413
Teo Redding,WR,Packers,2019,1,0.495,0.495,0.0,0.003,2018,Lions,veteran,1,Commanders,new_team_signing,8414
Terique Owens,WR,49ers,2024,1,0.225,0.225,0.0,0.001,2024,49ers,rookie,0,49ers,rookie_deal,8415
Terique Owens,WR,49ers,2025,1,0.84,0.84,0.0,0.003,2024,49ers,veteran,1,49ers,extension,8416
Terrace Marshall Jr.,WR,Panthers,2021,4,5.729482,1.432371,3.107327,0.008,2021,Panthers,rookie,0,Panthers,rookie_deal,8417
Terrace Marshall Jr.,WR,49ers,2024,1,0.3024,0.3024,0.0,0.001,2021,Panthers,veteran,3,Panthers,new_team_signing,8418
Terrace Marshall Jr.,WR,Eagles,2025,1,0.315,0.315,0.0,0.001,2021,Panthers,veteran,4,49ers,new_team_signing,8419
Terrace Marshall Jr.,WR,Dolphins,2026,1,1.215,1.215,0.0,0.004,2021,Panthers,veteran,5,Eagles,new_team_signing,8420
Terrance Cobb,RB,Raiders,2014,1,0.435,0.435,0.0,0.0,2014,Jaguars,rookie,0,Raiders,rookie_deal,8421
Terrance Ferguson,TE,Rams,2025,4,9.713466,2.428367,8.046753,0.009000000000000001,2025,Rams,rookie,0,Rams,rookie_deal,8422
Terrance Ganaway,RB,NYJ/LAR,2012,4,2.17868,0.54467,0.07868,0.005,2012,Jets,rookie,0,NYJ/LAR,rookie_deal,8423
Terrance West,RB,CLE/TEN,2014,4,2.7834,0.69585,0.5274,0.005,2014,Browns,rookie,0,CLE/TEN,rookie_deal,8424
Terrance West,RB,Ravens,2015,1,0.1122,0.1122,0.0,0.001,2014,Browns,veteran,1,CLE/TEN,new_team_signing,8425
Terrance West,RB,Ravens,2016,1,0.6,0.6,0.0,0.004,2014,Browns,veteran,2,Ravens,extension,8426
Terrance West,RB,Ravens,2017,1,1.797,1.797,0.0,0.011000000000000001,2014,Browns,veteran,3,Ravens,extension,8427
Terrance West,RB,Saints,2018,1,0.79,0.79,0.0,0.004,2014,Browns,veteran,4,Ravens,new_team_signing,8428
Terrance Williams,WR,Cowboys,2013,4,2.896972,0.724243,0.619472,0.006,2013,Cowboys,rookie,0,Cowboys,rookie_deal,8429
Terrance Williams,WR,Cowboys,2017,4,17.0,4.25,9.5,0.025,2013,Cowboys,veteran,4,Cowboys,extension,8430
Terrell Bynum,WR,Chargers,2023,1,0.216,0.216,0.0,0.001,2023,Chargers,rookie,0,Chargers,rookie_deal,8431
Terrell Bynum,WR,Colts,2024,1,0.795,0.795,0.0,0.003,2023,Chargers,veteran,1,Chargers,new_team_signing,8432
Terrell Jennings,RB,Patriots,2024,1,0.225,0.225,0.0,0.001,2024,Patriots,rookie,0,Patriots,rookie_deal,8433
Terrell Jennings,RB,Patriots,2025,1,0.234,0.234,0.0,0.001,2024,Patriots,veteran,1,Patriots,extension,8434
Terrell Newby,RB,Vikings,2017,3,1.665,0.555,0.0025,0.003,2017,Vikings,rookie,0,Vikings,rookie_deal,8435
Terrell Sinkfield,WR,Raiders,2018,1,0.1292,0.1292,0.0,0.001,2013,Dolphins,veteran,5,Jets,new_team_signing,8436
Terrell Sinkfield,WR,Giants,2019,1,0.495,0.495,0.0,0.003,2013,Dolphins,veteran,6,Raiders,new_team_signing,8437
Terrell Watson,RB,LAC/NYG,2018,1,0.555,0.555,0.0,0.003,2015,Bengals,veteran,3,Steelers,new_team_signing,8438
Terrelle Pryor,WR,Commanders,2017,1,6.0,6.0,6.0,0.036000000000000004,2011,Raiders,veteran,6,Browns,new_team_signing,8439
Terrelle Pryor,WR,Bills,2018,1,1.0,1.0,0.0,0.006,2011,Raiders,veteran,7,Commanders,new_team_signing,8440
Terrelle Pryor,WR,Jaguars,2019,1,0.93,0.93,0.0,0.005,2011,Raiders,veteran,8,Bills,new_team_signing,8441
Terrence Franks,RB,Rams,2015,3,1.5775,0.525833,0.0025,0.0,2015,Rams,rookie,0,Rams,rookie_deal,8442
Terrence Magee,RB,Ravens,2015,1,0.1122,0.1122,0.0,0.001,2015,Ravens,rookie,0,Ravens,rookie_deal,8443
Terrence Magee,RB,Browns,2016,1,0.1173,0.1173,0.0,0.001,2015,Ravens,veteran,1,Ravens,new_team_signing,8444
Terrence Magee,RB,Browns,2017,1,0.1224,0.1224,0.0,0.001,2015,Ravens,veteran,2,Browns,extension,8445
Terrence Magee,RB,Falcons,2018,2,1.51,0.755,0.0,0.004,2015,Ravens,veteran,3,Browns,new_team_signing,8446
Terrence Toliver,WR,Bears,2011,2,0.93,0.465,0.0,0.0,2011,Texans,rookie,0,Bears,rookie_deal,8447
Terrill Davis,WR,Vikings,2026,3,3.1,1.033333,0.0,0.003,2026,Vikings,rookie,0,Vikings,rookie_deal,8448
Terry Godwin,WR,Jaguars,2019,1,0.136,0.136,0.0,0.001,2019,Panthers,rookie,0,Jaguars,rookie_deal,8449
Terry Godwin,WR,Jaguars,2020,1,0.1428,0.1428,0.0,0.001,2019,Panthers,veteran,1,Jaguars,extension,8450
Terry Godwin,WR,Jaguars,2022,1,0.825,0.825,0.0,0.004,2019,Panthers,veteran,3,Jaguars,extension,8451
Terry McLaurin,WR,Commanders,2019,4,3.847671,0.961918,1.00322,0.005,2019,Commanders,rookie,0,Commanders,rookie_deal,8452
Terry McLaurin,WR,Commanders,2022,3,69.6,23.2,34.654118,0.111,2019,Commanders,veteran,3,Commanders,extension,8453
Terry McLaurin,WR,Commanders,2025,3,87.0,29.0,44.65,0.10400000000000001,2019,Commanders,veteran,6,Commanders,extension,8454
Terry Swanson,RB,Texans,2018,3,1.716,0.572,0.021,0.003,2018,Texans,rookie,0,Texans,rookie_deal,8455
Terry Williams,RB,Jets,2016,1,0.45,0.45,0.0,0.003,2016,Jets,rookie,0,Jets,rookie_deal,8456
Terry Wright,WR,Dolphins,2019,1,0.136,0.136,0.0,0.001,2019,Seahawks,rookie,0,Dolphins,rookie_deal,8457
Terry Wright,WR,Dolphins,2020,2,1.11,0.555,0.0,0.003,2019,Seahawks,veteran,1,Dolphins,extension,8458
Tetairoa McMillan,WR,Panthers,2025,4,27.93039,6.982598,27.93039,0.025,2025,Panthers,rookie,0,Panthers,rookie_deal,8459
Tevaun Smith,WR,Jaguars,2018,2,1.2,0.6,0.0,0.003,2016,Colts,veteran,2,Jaguars,extension,8460
Tevin Coleman,RB,Falcons,2015,4,3.219372,0.804843,0.745244,0.006,2015,Falcons,rookie,0,Falcons,rookie_deal,8461
Tevin Coleman,RB,49ers,2019,2,8.5,4.25,3.25,0.023,2015,Falcons,veteran,4,Falcons,new_team_signing,8462
Tevin Coleman,RB,Jets,2021,1,1.1,1.1,0.4,0.006,2015,Falcons,veteran,6,49ers,new_team_signing,8463
Tevin Coleman,RB,49ers,2022,1,0.2772,0.2772,0.0,0.001,2015,Falcons,veteran,7,Jets,new_team_signing,8464
Tevin Jones,WR,Steelers,2018,1,0.1292,0.1292,0.0,0.001,2016,Texans,veteran,2,Texans,new_team_signing,8465
Tevin Jones,WR,Cowboys,2019,1,0.136,0.136,0.0,0.001,2016,Texans,veteran,3,Steelers,new_team_signing,8466
Tevin Jones,WR,Cowboys,2020,2,1.265,0.6325,0.005,0.003,2016,Texans,veteran,4,Cowboys,extension,8467
Tevin Jones,WR,Jaguars,2021,1,0.78,0.78,0.0,0.004,2016,Texans,veteran,5,Cowboys,new_team_signing,8468
Tevin Reese,WR,Bengals,2014,1,0.1071,0.0,0.0,0.0,2014,Chargers,rookie,0,Bengals,rookie_deal,8469
Tevin Reese,WR,Bengals,2015,2,0.96,0.48,0.0,0.003,2014,Chargers,veteran,1,Bengals,extension,8470
Tez Johnson,WR,Buccaneers,2025,4,4.32394,1.080985,0.12394,0.004,2025,Buccaneers,rookie,0,Buccaneers,rookie_deal,8471
Thaddeus Lewis,QB,Ravens,2017,1,0.775,0.775,0.0,0.005,2010,Rams,veteran,7,49ers,new_team_signing,8472
Thaddeus Moss,TE,WAS/CIN,2020,3,2.305,0.768333,0.02,0.004,2020,Commanders,rookie,0,WAS/CIN,rookie_deal,8473
Thaddeus Moss,TE,Bengals,2021,1,0.1656,0.1656,0.0,0.001,2020,Commanders,veteran,1,WAS/CIN,new_team_signing,8474
Thaddeus Moss,TE,Bengals,2022,1,0.207,0.207,0.0,0.001,2020,Commanders,veteran,2,Bengals,extension,8475
Thayer Thomas,WR,Vikings,2023,1,0.216,0.216,0.0,0.001,2023,Vikings,rookie,0,Vikings,rookie_deal,8476
Thayer Thomas,WR,Vikings,2024,1,0.225,0.225,0.0,0.001,2023,Vikings,veteran,1,Vikings,extension,8477
Thayer Thomas,WR,Broncos,2025,1,0.234,0.234,0.0,0.001,2023,Vikings,veteran,2,Vikings,new_team_signing,8478
Theo Johnson,TE,Giants,2024,4,4.851436,1.212859,0.831436,0.005,2024,Giants,rookie,0,Giants,rookie_deal,8479
Theo Riddick,RB,Lions,2013,4,2.251,0.56275,0.091,0.005,2013,Lions,rookie,0,Lions,rookie_deal,8480
Theo Riddick,RB,Lions,2016,3,11.55,3.85,3.85,0.025,2013,Lions,veteran,3,Lions,extension,8481
Theo Riddick,RB,Broncos,2019,1,2.5,2.5,1.0,0.013000000000000001,2013,Lions,veteran,6,Lions,new_team_signing,8482
Theo Riddick,RB,Raiders,2020,1,0.204,0.204,0.0,0.001,2013,Lions,veteran,7,Broncos,new_team_signing,8483
Theo Riddick,RB,Raiders,2021,1,1.175,1.175,0.05,0.006,2013,Lions,veteran,8,Raiders,extension,8484
Theo Wease Jr.,WR,Dolphins,2025,1,0.234,0.234,0.0,0.001,2025,Dolphins,rookie,0,Dolphins,rookie_deal,8485
Thomas Duarte,TE,Chargers,2018,1,0.1292,0.1292,0.0,0.001,2016,Dolphins,veteran,2,Dolphins,new_team_signing,8486
Thomas Duarte,TE,Falcons,2019,1,0.57,0.57,0.0,0.003,2016,Dolphins,veteran,3,Chargers,new_team_signing,8487
Thomas Fidone II,TE,Giants,2025,4,4.349516,1.087379,0.149516,0.004,2025,Giants,rookie,0,Giants,rookie_deal,8488
Thomas Gordon,TE,Bears,2025,1,0.234,0.234,0.0,0.001,2025,Bears,rookie,0,Bears,rookie_deal,8489
Thomas Gordon,TE,Lions,2026,1,0.885,0.885,0.0,0.003,2025,Bears,veteran,1,Bears,new_team_signing,8490
Thomas Greaney,TE,Browns,2023,3,2.705,0.901667,0.01,0.004,2023,Browns,rookie,0,Browns,rookie_deal,8491
Thomas Hennigan,WR,Vikings,2022,3,2.5625,0.854167,0.0025,0.004,2022,Vikings,rookie,0,Vikings,rookie_deal,8492
Thomas Ives,WR,Bears,2019,1,0.136,0.136,0.0,0.001,2019,Bears,rookie,0,Bears,rookie_deal,8493
Thomas Ives,WR,Bears,2020,1,0.1428,0.1428,0.0,0.001,2019,Bears,veteran,1,Bears,extension,8494
Thomas Ives,WR,Bears,2021,1,0.66,0.66,0.0,0.004,2019,Bears,veteran,2,Bears,extension,8495
Thomas Odukoya,TE,Titans,2022,1,0.207,0.207,0.0,0.001,2022,Titans,rookie,0,Titans,rookie_deal,8496
Thomas Odukoya,TE,Titans,2023,1,0.216,0.216,0.0,0.001,2022,Titans,veteran,1,Titans,extension,8497
Thomas Odukoya,TE,Titans,2024,1,0.225,0.225,0.0,0.001,2022,Titans,veteran,2,Titans,extension,8498
Thomas Odukoya,TE,Titans,2025,1,0.234,0.234,0.0,0.001,2022,Titans,veteran,3,Titans,extension,8499
Thomas Rawls,RB,Seahawks,2015,3,1.575,0.525,0.0,0.0,2015,Seahawks,rookie,0,Seahawks,rookie_deal,8500
Thomas Rawls,RB,NYJ/CIN,2018,1,0.705,0.705,0.0,0.004,2015,Seahawks,veteran,3,Seahawks,new_team_signing,8501
Thomas Rawls,RB,Jaguars,2019,1,0.805,0.805,0.0,0.004,2015,Seahawks,veteran,4,NYJ/CIN,new_team_signing,8502
Thomas Sperbeck,WR,Buccaneers,2017,3,1.67,0.556667,0.005,0.003,2017,Buccaneers,rookie,0,Buccaneers,rookie_deal,8503
Thomas Sperbeck,WR,Buccaneers,2018,1,0.48,0.48,0.0,0.003,2017,Buccaneers,veteran,1,Buccaneers,extension,8504
Thomas Yassmin,TE,Broncos,2024,1,0.225,0.225,0.0,0.001,2024,Broncos,rookie,0,Broncos,rookie_deal,8505
Thomas Yassmin,TE,Chargers,2025,1,0.234,0.234,0.0,0.001,2024,Broncos,veteran,1,Broncos,new_team_signing,8506
Thomas Yassmin,TE,Chargers,2026,1,0.885,0.885,0.0,0.003,2024,Broncos,veteran,2,Chargers,extension,8507
Thyrick Pitts,WR,Patriots,2023,1,0.216,0.216,0.0,0.001,2023,Bears,rookie,0,Patriots,rookie_deal,8508
Thyrick Pitts,WR,Packers,2024,1,0.795,0.795,0.0,0.003,2023,Bears,veteran,1,Patriots,new_team_signing,8509
Tim Benford,WR,Cowboys,2012,2,0.93,0.465,0.0,0.0,2012,Cowboys,rookie,0,Cowboys,rookie_deal,8510
Tim Boyle,QB,Packers,2018,3,1.716,0.572,0.006,0.003,2018,Packers,rookie,0,Packers,rookie_deal,8511
Tim Boyle,QB,Lions,2021,1,2.4,2.4,1.5,0.013000000000000001,2018,Packers,veteran,3,Packers,new_team_signing,8512
Tim Boyle,QB,Lions,2022,1,0.2772,0.2772,0.0,0.001,2018,Packers,veteran,4,Lions,extension,8513
Tim Boyle,QB,Texans,2023,1,0.3708,0.3708,0.0,0.002,2018,Packers,veteran,5,Lions,new_team_signing,8514
Tim Boyle,QB,Giants,2024,1,0.3024,0.3024,0.0,0.001,2018,Packers,veteran,6,Texans,new_team_signing,8515
Tim Boyle,QB,Titans,2025,1,1.255,1.255,0.0,0.004,2018,Packers,veteran,7,Giants,new_team_signing,8516
Tim Brown,TE,Buccaneers,2016,3,1.62,0.54,0.0,0.003,2016,Buccaneers,rookie,0,Buccaneers,rookie_deal,8517
Tim Cook,RB,Jaguars,2017,1,0.1224,0.1224,0.0,0.001,2017,Jaguars,rookie,0,Jaguars,rookie_deal,8518
Tim Cook,RB,Jaguars,2018,2,1.05,0.525,0.0,0.003,2017,Jaguars,veteran,1,Jaguars,extension,8519
Tim DeMorat,QB,Commanders,2023,3,2.6975,0.899167,0.0025,0.004,2023,Commanders,rookie,0,Commanders,rookie_deal,8520
Tim Jones,WR,Jaguars,2021,1,0.1656,0.1656,0.0,0.001,2021,Jaguars,rookie,0,Jaguars,rookie_deal,8521
Tim Jones,WR,Jaguars,2022,1,0.705,0.705,0.0,0.003,2021,Jaguars,veteran,1,Jaguars,extension,8522
Tim Jones,WR,Jaguars,2023,1,0.87,0.87,0.0,0.004,2021,Jaguars,veteran,2,Jaguars,extension,8523
Tim Jones,WR,Jaguars,2024,1,0.985,0.985,0.0,0.004,2021,Jaguars,veteran,3,Jaguars,extension,8524
Tim Jones,WR,Jaguars,2025,1,0.315,0.315,0.0,0.001,2021,Jaguars,veteran,4,Jaguars,extension,8525
Tim Jones,WR,Jaguars,2026,1,1.215,1.215,0.0,0.004,2021,Jaguars,veteran,5,Jaguars,extension,8526
Tim Patrick,WR,Broncos,2017,1,0.1224,0.1224,0.0,0.001,2017,Ravens,rookie,0,Broncos,rookie_deal,8527
Tim Patrick,WR,Broncos,2018,1,0.48,0.48,0.0,0.003,2017,Ravens,veteran,1,Broncos,extension,8528
Tim Patrick,WR,Broncos,2019,1,0.57,0.57,0.0,0.003,2017,Ravens,veteran,2,Broncos,extension,8529
Tim Patrick,WR,Broncos,2020,1,0.75,0.75,0.0,0.004,2017,Ravens,veteran,3,Broncos,extension,8530
Tim Patrick,WR,Broncos,2021,1,3.384,3.384,0.0,0.019,2017,Ravens,veteran,4,Broncos,extension,8531
Tim Patrick,WR,Lions,2024,1,0.3024,0.3024,0.0,0.001,2017,Ravens,veteran,7,Broncos,new_team_signing,8532
Tim Patrick,WR,Lions,2025,1,2.5,2.5,2.5,0.009000000000000001,2017,Ravens,veteran,8,Lions,extension,8533
Tim Patrick,WR,Jets,2026,1,2.0,2.0,1.0,0.006999999999999999,2017,Ravens,veteran,9,Lions,new_team_signing,8534
Tim Semisch,TE,Titans,2017,1,0.1152,0.1152,0.0,0.001,2015,Dolphins,veteran,2,Chargers,new_team_signing,8535
Tim Semisch,TE,Broncos,2018,1,0.1292,0.1292,0.0,0.001,2015,Dolphins,veteran,3,Titans,new_team_signing,8536
Tim Tebow,QB,Broncos,2010,5,11.25,2.25,7.69,0.017,2010,Broncos,rookie,0,Broncos,rookie_deal,8537
Tim Tebow,QB,Jets,2012,3,6.054375,2.018125,2.531875,0.017,2010,Broncos,veteran,2,Broncos,new_team_signing,8538
Tim Tebow,QB,Patriots,2013,2,1.385,0.6925,0.0,0.006,2010,Broncos,veteran,3,Jets,new_team_signing,8539
Tim Tebow,QB,Eagles,2015,1,0.66,0.66,0.0,0.005,2010,Broncos,veteran,5,Patriots,new_team_signing,8540
Tim Tebow,TE,Jaguars,2021,1,0.92,0.92,0.0,0.005,2010,Broncos,veteran,11,Eagles,new_team_signing,8541
Tim WIlson,WR,Eagles,2018,3,1.71,0.57,0.0,0.003,2018,Eagles,rookie,0,Eagles,rookie_deal,8542
Tim White,WR,Ravens,2017,3,1.671,0.557,0.006,0.003,2017,Ravens,rookie,0,Ravens,rookie_deal,8543
Tim White,WR,Ravens,2018,1,0.187,0.187,0.0,0.001,2017,Ravens,veteran,1,Ravens,extension,8544
Tim White,WR,Jets,2019,2,1.24,0.62,0.04,0.003,2017,Ravens,veteran,2,Ravens,new_team_signing,8545
Tim White,WR,Saints,2020,1,0.585,0.585,0.0,0.003,2017,Ravens,veteran,3,Jets,new_team_signing,8546
Tim Wright,TE,Lions,2017,1,0.69,0.69,0.0,0.004,2013,Buccaneers,veteran,4,Lions,extension,8547
Tim Wright,TE,Chiefs,2018,1,0.705,0.705,0.0,0.004,2013,Buccaneers,veteran,5,Lions,new_team_signing,8548
Tion Green,RB,Lions,2017,3,1.67,0.556667,0.01,0.003,2017,Lions,rookie,0,Lions,rookie_deal,8549
Tion Green,RB,Colts,2018,2,1.2,0.6,0.0,0.003,2017,Lions,veteran,1,Lions,new_team_signing,8550
Tip Reiman,TE,Cardinals,2024,4,5.789912,1.447478,1.030844,0.006,2024,Cardinals,rookie,0,Cardinals,rookie_deal,8551
Tiquan Underwood,WR,Panthers,2009,2,2.1,1.05,0.3,0.0,2009,Jaguars,rookie,0,Panthers,rookie_deal,8552
Titus Swen,RB,Colts,2023,3,2.698,0.899333,0.003,0.004,2023,Colts,rookie,0,Colts,rookie_deal,8553
Titus Young,WR,Lions,2011,4,4.561321,1.14033,2.500324,0.009000000000000001,2011,Lions,rookie,0,Lions,rookie_deal,8554
Tiyon Evans,RB,Rams,2023,3,2.705,0.901667,0.01,0.004,2023,Rams,rookie,0,Rams,rookie_deal,8555
Toa Taua,RB,Browns,2025,3,2.965,0.988333,0.0,0.004,2025,Browns,rookie,0,Browns,rookie_deal,8556
Toby Gerhart,RB,Vikings,2010,4,3.7665,0.941625,1.939,0.006999999999999999,2010,Vikings,rookie,0,Vikings,rookie_deal,8557
Toby Gerhart,RB,Jaguars,2014,3,10.5,3.5,4.5,0.026000000000000002,2010,Vikings,veteran,4,Vikings,new_team_signing,8558
Todd Gurley,RB,Rams,2015,4,13.82318,3.455795,13.82318,0.024,2015,Rams,rookie,0,Rams,rookie_deal,8559
Todd Gurley,RB,Rams,2018,4,57.5,14.375,21.95,0.081,2015,Rams,veteran,3,Rams,extension,8560
Todd Gurley,RB,Falcons,2020,1,5.5,5.5,5.5,0.027999999999999997,2015,Rams,veteran,5,Rams,new_team_signing,8561
Tom Kennedy,WR,Lions,2019,1,0.136,0.136,0.0,0.001,2019,Lions,rookie,0,Lions,rookie_deal,8562
Tom Kennedy,WR,Lions,2020,1,0.1428,0.1428,0.0,0.001,2019,Lions,veteran,1,Lions,extension,8563
Tom Kennedy,WR,Lions,2021,1,0.1656,0.1656,0.0,0.001,2019,Lions,veteran,2,Lions,extension,8564
Tom Kennedy,WR,Lions,2022,1,0.207,0.207,0.0,0.001,2019,Lions,veteran,3,Lions,extension,8565
Tom Kennedy,WR,Lions,2023,1,0.216,0.216,0.0,0.001,2019,Lions,veteran,4,Lions,extension,8566
Tom Kennedy,WR,Lions,2024,1,0.225,0.225,0.0,0.001,2019,Lions,veteran,5,Lions,extension,8567
Tom Kennedy,WR,Lions,2025,1,0.234,0.234,0.0,0.001,2019,Lions,veteran,6,Lions,extension,8568
Tom Kennedy,WR,Lions,2026,1,1.235,1.235,0.02,0.004,2019,Lions,veteran,7,Lions,extension,8569
Tom Savage,QB,Texans,2014,4,2.520584,0.630146,0.300584,0.005,2014,Texans,rookie,0,Texans,rookie_deal,8570
Tom Savage,QB,SF/CIN,2018,1,0.705,0.705,0.0,0.004,2014,Texans,veteran,4,Texans,new_team_signing,8571
Tom Savage,QB,Lions,2019,1,0.895,0.895,0.09,0.005,2014,Texans,veteran,5,SF/CIN,new_team_signing,8572
Tommy DeVito,QB,Giants,2023,1,0.216,0.216,0.0,0.001,2023,Giants,rookie,0,Giants,rookie_deal,8573
Tommy DeVito,QB,Giants,2025,1,1.03,1.03,0.0,0.004,2023,Giants,veteran,2,Giants,extension,8574
Tommy DeVito,QB,Patriots,2026,2,4.4,2.2,2.0,0.006999999999999999,2023,Giants,veteran,3,Giants,new_team_signing,8575
Tommy Hudson,TE,Titans,2020,1,0.1428,0.1428,0.0,0.001,2020,Titans,rookie,0,Titans,rookie_deal,8576
Tommy Hudson,TE,Titans,2021,1,0.1656,0.1656,0.0,0.001,2020,Titans,veteran,1,Titans,extension,8577
Tommy Hudson,TE,Saints,2023,1,0.216,0.216,0.0,0.001,2020,Titans,veteran,3,Titans,new_team_signing,8578
Tommy Hudson,TE,Saints,2024,1,0.915,0.915,0.0,0.004,2020,Titans,veteran,4,Saints,extension,8579
Tommy Mellott,QB,Saints,2025,1,0.234,0.234,0.0,0.001,2025,Raiders,rookie,0,Saints,rookie_deal,8580
Tommy Rees,QB,Commanders,2014,4,1.53,0.51,0.0,0.0,2014,Commanders,rookie,0,Commanders,rookie_deal,8581
Tommy Stevens,QB,Panthers,2020,1,0.1428,0.1428,0.0,0.001,2020,Saints,rookie,0,Panthers,rookie_deal,8582
Tommy Stevens,QB,Giants,2021,1,0.66,0.66,0.0,0.004,2020,Saints,veteran,1,Panthers,new_team_signing,8583
Tommy Streeter,WR,Ravens,2012,4,2.194052,0.548513,0.094052,0.005,2012,Ravens,rookie,0,Ravens,rookie_deal,8584
Tommy Streeter,WR,Buccaneers,2013,1,0.102,0.102,0.0,0.001,2012,Ravens,veteran,1,Ravens,new_team_signing,8585
Tommy Streeter,WR,JAX/MIA,2014,1,0.1071,0.1071,0.0,0.001,2012,Ravens,veteran,2,Buccaneers,new_team_signing,8586
Tommy Streeter,WR,Dolphins,2015,1,0.51,0.51,0.0,0.004,2012,Ravens,veteran,3,JAX/MIA,new_team_signing,8587
Tommy Sweeney,TE,Bills,2019,4,2.616552,0.654138,0.096552,0.003,2019,Bills,rookie,0,Bills,rookie_deal,8588
Tommy Sweeney,TE,Giants,2023,1,1.08,1.08,0.0,0.005,2019,Bills,veteran,4,Bills,new_team_signing,8589
Tommy Sweeney,TE,Bears,2024,1,0.3024,0.3024,0.0,0.001,2019,Bills,veteran,5,Giants,new_team_signing,8590
Tommy Tremble,TE,Panthers,2021,4,4.926434,1.231609,0.94286,0.006999999999999999,2021,Panthers,rookie,0,Panthers,rookie_deal,8591
Tommy Tremble,TE,Panthers,2025,2,10.5,5.25,6.0,0.019,2021,Panthers,veteran,4,Panthers,extension,8592
Tommylee Lewis,WR,Saints,2016,3,1.625,0.541667,0.005,0.003,2016,Saints,rookie,0,Saints,rookie_deal,8593
Tommylee Lewis,WR,Lions,2019,1,0.92,0.92,0.05,0.005,2016,Saints,veteran,3,Saints,new_team_signing,8594
Tommylee Lewis,WR,Saints,2020,1,0.204,0.204,0.0,0.001,2016,Saints,veteran,4,Lions,new_team_signing,8595
Tommylee Lewis,WR,Dolphins,2021,1,0.252,0.252,0.0,0.001,2016,Saints,veteran,5,Saints,new_team_signing,8596
Toney Clemons,WR,Steelers,2012,1,0.0969,0.0969,0.0,0.001,2012,Steelers,rookie,0,Steelers,rookie_deal,8597
Toney Clemons,WR,LAC/CAR,2013,1,0.102,0.102,0.0,0.001,2012,Steelers,veteran,1,Steelers,new_team_signing,8598
Toney Clemons,WR,Panthers,2014,1,0.495,0.495,0.0,0.004,2012,Steelers,veteran,2,LAC/CAR,new_team_signing,8599
Tony Brooks-James,RB,TB/PIT,2019,1,0.136,0.136,0.0,0.001,2019,Falcons,rookie,0,TB/PIT,rookie_deal,8600
Tony Brooks-James,RB,Falcons,2020,1,0.1428,0.1428,0.0,0.001,2019,Falcons,veteran,1,TB/PIT,new_team_signing,8601
Tony Brooks-James,RB,Steelers,2021,1,0.78,0.78,0.0,0.004,2019,Falcons,veteran,2,Falcons,new_team_signing,8602
Tony Brown,WR,Commanders,2020,1,0.1428,0.1428,0.0,0.001,2020,Browns,rookie,0,Commanders,rookie_deal,8603
Tony Brown,WR,Raiders,2021,1,0.252,0.252,0.0,0.001,2020,Browns,veteran,1,Commanders,new_team_signing,8604
Tony Brown,WR,Browns,2024,1,0.3024,0.3024,0.0,0.001,2018,Chargers,veteran,6,Raiders,new_team_signing,8605
Tony Brown,WR,Browns,2025,1,1.3375,1.3375,0.0,0.005,2018,Chargers,veteran,7,Browns,extension,8606
Tony Creecy,RB,Patriots,2015,3,1.575,0.525,0.0,0.004,2015,Patriots,rookie,0,Patriots,rookie_deal,8607
Tony Fiammetta,RB,Bears,2009,2,1.625,0.8125,0.15,0.0,2009,Panthers,rookie,0,Bears,rookie_deal,8608
Tony Jones,WR,Commanders,2015,3,1.5775,0.525833,0.0025,0.0,2015,Commanders,rookie,0,Commanders,rookie_deal,8609
Tony Jones,RB,Saints,2020,1,0.170282,0.170282,0.0,0.001,2020,Saints,rookie,0,Saints,rookie_deal,8610
Tony Jones,RB,Saints,2021,2,1.485,0.7425,0.0,0.004,2020,Saints,veteran,1,Saints,extension,8611
Tony Jones,RB,Seahawks,2022,1,0.207,0.207,0.0,0.001,2020,Saints,veteran,2,Saints,new_team_signing,8612
Tony Jones,RB,Cardinals,2023,1,0.2898,0.2898,0.0,0.001,2020,Saints,veteran,3,Seahawks,new_team_signing,8613
Tony Jones,RB,Cardinals,2024,1,0.3024,0.3024,0.0,0.001,2020,Saints,veteran,4,Cardinals,extension,8614
Tony Moeaki,TE,Bears,2016,1,0.76,0.76,0.0,0.005,2010,Chiefs,veteran,6,Falcons,new_team_signing,8615
Tony Poljan,TE,Ravens,2021,1,0.1656,0.1656,0.0,0.001,2021,Ravens,rookie,0,Ravens,rookie_deal,8616
Tony Poljan,TE,Ravens,2022,1,0.705,0.705,0.0,0.003,2021,Ravens,veteran,1,Ravens,extension,8617
Tony Pollard,RB,Cowboys,2019,4,3.190328,0.797582,0.670328,0.004,2019,Cowboys,rookie,0,Cowboys,rookie_deal,8618
Tony Pollard,RB,Cowboys,2023,1,10.091,10.091,10.091,0.045,2019,Cowboys,veteran,4,Cowboys,extension,8619
Tony Pollard,RB,Titans,2024,3,21.75,7.25,10.49,0.027999999999999997,2019,Cowboys,veteran,5,Cowboys,new_team_signing,8620
Tony Romo,QB,Cowboys,2003,2,0.54,0.27,0.01,0.004,2003,Cowboys,rookie,0,Cowboys,rookie_deal,8621
Tony Romo,QB,Cowboys,2005,2,1.88,0.94,0.32,0.011000000000000001,2003,Cowboys,veteran,2,Cowboys,extension,8622
Tony Romo,QB,Cowboys,2006,1,3.0,3.0,2.0,0.028999999999999998,2003,Cowboys,veteran,3,Cowboys,extension,8623
Tony Romo,QB,Cowboys,2007,6,67.5,11.25,11.5,0.10300000000000001,2003,Cowboys,veteran,4,Cowboys,extension,8624
Tony Romo,QB,Cowboys,2013,6,108.0,18.0,40.0,0.146,2003,Cowboys,veteran,10,Cowboys,extension,8625
Tony Stevens,WR,Chiefs,2017,3,1.665,0.555,0.0,0.003,2017,Chiefs,rookie,0,Chiefs,rookie_deal,8626
Tony Washington,WR,Patriots,2017,1,0.54,0.54,0.0,0.003,2014,Colts,veteran,3,Jaguars,new_team_signing,8627
Tori Gurley,WR,Bills,2011,1,0.495,0.495,0.0,0.0,2011,Packers,rookie,0,Bills,rookie_deal,8628
Torrey Smith,WR,Ravens,2011,4,3.389232,0.847308,0.964896,0.006999999999999999,2011,Ravens,rookie,0,Ravens,rookie_deal,8629
Torrey Smith,WR,49ers,2015,5,40.0,8.0,8.75,0.055999999999999994,2011,Ravens,veteran,4,Ravens,new_team_signing,8630
Torrey Smith,WR,Eagles,2017,3,15.0,5.0,0.5,0.03,2011,Ravens,veteran,6,49ers,new_team_signing,8631
Torrey Smith,WR,Panthers,2019,1,3.0,3.0,1.2,0.016,2011,Ravens,veteran,8,Eagles,new_team_signing,8632
Tory Horton,WR,Seahawks,2025,4,4.56504,1.14126,0.36504,0.004,2025,Seahawks,rookie,0,Seahawks,rookie_deal,8633
Tra Carson,RB,Bengals,2016,3,1.47,0.49,0.0,0.003,2016,Bengals,rookie,0,Bengals,rookie_deal,8634
Tra Carson,RB,Packers,2018,1,0.1292,0.1292,0.0,0.001,2016,Bengals,veteran,2,Bengals,new_team_signing,8635
Tra Carson,RB,Packers,2019,1,0.136,0.136,0.0,0.001,2016,Bengals,veteran,3,Packers,extension,8636
Tra Carson,RB,Lions,2020,1,0.685,0.685,0.01,0.003,2016,Bengals,veteran,4,Packers,new_team_signing,8637
Trace McSorley,QB,Ravens,2019,4,2.680688,0.670172,0.160688,0.004,2019,Ravens,rookie,0,Ravens,rookie_deal,8638
Trace McSorley,QB,Ravens,2021,1,0.1656,0.1656,0.0,0.001,2019,Ravens,veteran,2,Ravens,extension,8639
Trace McSorley,QB,Cardinals,2022,1,0.207,0.207,0.0,0.001,2019,Ravens,veteran,3,Ravens,new_team_signing,8640
Trace McSorley,QB,Steelers,2023,1,0.2898,0.2898,0.0,0.001,2019,Ravens,veteran,4,Cardinals,new_team_signing,8641
Trace McSorley,QB,Commanders,2024,1,1.125,1.125,0.0,0.004,2019,Ravens,veteran,5,Steelers,new_team_signing,8642
Traeshon Holden,WR,Cowboys,2025,1,0.234,0.234,0.0,0.001,2025,Cowboys,rookie,0,Cowboys,rookie_deal,8643
Traeshon Holden,WR,Cowboys,2026,2,1.935,0.9675,0.0,0.003,2025,Cowboys,veteran,1,Cowboys,extension,8644
Tramaine Thompson,WR,Falcons,2014,4,1.53,0.51,0.0,0.0,2014,Falcons,rookie,0,Falcons,rookie_deal,8645
Travaris Cadet,RB,Panthers,2018,1,0.79,0.79,0.0,0.004,2012,Saints,veteran,6,Bills,new_team_signing,8646
Travell Harris,WR,Browns,2022,3,2.57,0.856667,0.01,0.004,2022,Browns,rookie,0,Browns,rookie_deal,8647
Travin Dural,WR,Saints,2017,1,0.1224,0.1224,0.0,0.001,2017,Saints,rookie,0,Saints,rookie_deal,8648
Travin Dural,WR,Saints,2018,2,1.05,0.525,0.0,0.003,2017,Saints,veteran,1,Saints,extension,8649
Travin Dural,WR,Saints,2019,1,0.495,0.495,0.0,0.003,2018,Saints,veteran,1,Saints,extension,8650
Travis Beckum,TE,Saints,2009,1,0.73,0.73,0.0,0.0,2009,Giants,rookie,0,Saints,rookie_deal,8651
Travis Benjamin,WR,Browns,2012,4,2.577,0.64425,0.477,0.005,2012,Browns,rookie,0,Browns,rookie_deal,8652
Travis Benjamin,WR,Chargers,2016,4,24.0,6.0,13.0,0.039,2012,Browns,veteran,4,Browns,new_team_signing,8653
Travis Benjamin,WR,Chargers,2019,1,4.0,4.0,3.0,0.021,2012,Browns,veteran,7,Chargers,extension,8654
Travis Benjamin,WR,49ers,2020,1,1.05,1.05,0.0,0.005,2012,Browns,veteran,8,Chargers,new_team_signing,8655
Travis Benjamin,WR,49ers,2021,1,0.252,0.252,0.0,0.001,2012,Browns,veteran,9,49ers,extension,8656
Travis Dye,RB,Jets,2023,3,2.7025,0.900833,0.0625,0.004,2023,Jets,rookie,0,Jets,rookie_deal,8657
Travis Etienne,RB,Jaguars,2021,4,12.898112,3.224528,12.898112,0.018000000000000002,2021,Jaguars,rookie,0,Jaguars,rookie_deal,8658
Travis Etienne,RB,Saints,2026,4,48.0,12.0,24.0,0.04,2021,Jaguars,veteran,5,Jaguars,new_team_signing,8659
Travis Fulgham,WR,Lions,2019,1,0.255,0.255,0.0,0.001,2019,Lions,rookie,0,Lions,rookie_deal,8660
Travis Fulgham,WR,Eagles,2020,1,0.1428,0.1428,0.0,0.001,2019,Lions,veteran,1,Lions,new_team_signing,8661
Travis Fulgham,WR,Broncos,2021,1,0.1656,0.1656,0.0,0.001,2019,Lions,veteran,2,Eagles,new_team_signing,8662
Travis Fulgham,WR,Packers,2022,1,0.207,0.207,0.0,0.001,2019,Lions,veteran,3,Broncos,new_team_signing,8663
Travis Homer,RB,Seahawks,2019,4,2.66336,0.66584,0.14336,0.004,2019,Seahawks,rookie,0,Seahawks,rookie_deal,8664
Travis Homer,RB,Bears,2023,2,4.0,2.0,1.75,0.009000000000000001,2019,Seahawks,veteran,4,Seahawks,new_team_signing,8665
Travis Homer,RB,Bears,2025,1,1.75,1.75,1.0,0.006,2019,Seahawks,veteran,6,Bears,extension,8666
Travis Homer,RB,Steelers,2026,1,1.3,1.3,0.0,0.004,2019,Seahawks,veteran,7,Bears,new_team_signing,8667
Travis Hunter,WR,Jaguars,2025,4,46.649112,11.662278,46.649112,0.042,2025,Jaguars,rookie,0,Jaguars,rookie_deal,8668
Travis Jonsen,WR,Buccaneers,2020,1,0.1428,0.1428,0.0,0.001,2020,Buccaneers,rookie,0,Buccaneers,rookie_deal,8669
Travis Jonsen,WR,Lions,2021,1,0.1656,0.1656,0.0,0.001,2020,Buccaneers,veteran,1,Buccaneers,new_team_signing,8670
Travis Jonsen,WR,Buccaneers,2022,2,1.575,0.7875,0.0,0.004,2020,Buccaneers,veteran,2,Lions,new_team_signing,8671
Travis Kelce,TE,Chiefs,2013,4,3.126304,0.781576,0.703304,0.006,2013,Chiefs,rookie,0,Chiefs,rookie_deal,8672
Travis Kelce,TE,Chiefs,2016,5,46.842,9.3684,10.517,0.06,2013,Chiefs,veteran,3,Chiefs,extension,8673
Travis Kelce,TE,Chiefs,2020,4,57.25,14.3125,21.0,0.07200000000000001,2013,Chiefs,veteran,7,Chiefs,extension,8674
Travis Kelce,TE,Chiefs,2024,2,34.25,17.125,17.0,0.067,2013,Chiefs,veteran,11,Chiefs,extension,8675
Travis Kelce,TE,Chiefs,2026,1,12.0,12.0,12.0,0.04,2013,Chiefs,veteran,13,Chiefs,extension,8676
Travis Koontz,TE,Raiders,2022,3,2.56,0.853333,0.0,0.004,2022,Raiders,rookie,0,Raiders,rookie_deal,8677
Travis Partridge,QB,Vikings,2014,4,1.53,0.51,0.0,0.0,2014,Vikings,rookie,0,Vikings,rookie_deal,8678
Travis Rudolph,WR,Giants,2017,1,0.17,0.17,0.0,0.001,2017,Giants,rookie,0,Giants,rookie_deal,8679
Travis Rudolph,WR,Dolphins,2018,1,0.1292,0.1292,0.0,0.001,2017,Giants,veteran,1,Giants,new_team_signing,8680
Travis Toivonen,WR,Giants,2021,1,0.1656,0.1656,0.0,0.001,2021,Seahawks,rookie,0,Giants,rookie_deal,8681
Travis Toivonen,WR,Vikings,2022,1,0.207,0.207,0.0,0.001,2021,Seahawks,veteran,1,Giants,new_team_signing,8682
Travis Vokolek,TE,Ravens,2023,1,0.216,0.216,0.0,0.001,2023,Ravens,rookie,0,Ravens,rookie_deal,8683
Travis Vokolek,TE,Cardinals,2025,1,1.03,1.03,0.0,0.004,2023,Ravens,veteran,2,Ravens,new_team_signing,8684
Travon McMillian,RB,Steelers,2019,3,1.76,0.586667,0.005,0.003,2019,Steelers,rookie,0,Steelers,rookie_deal,8685
Trayone Gray,RB,Browns,2019,3,1.755,0.585,0.0,0.003,2019,Browns,rookie,0,Browns,rookie_deal,8686
Trayveon Williams,RB,Bengals,2019,4,2.701984,0.675496,0.181984,0.004,2019,Bengals,rookie,0,Bengals,rookie_deal,8687
Trayveon Williams,RB,Bengals,2021,1,0.1656,0.1656,0.0,0.001,2019,Bengals,veteran,2,Bengals,extension,8688
Trayveon Williams,RB,Bengals,2022,1,0.965,0.965,0.0,0.005,2019,Bengals,veteran,3,Bengals,extension,8689
Trayveon Williams,RB,Bengals,2023,1,1.2325,1.2325,0.0525,0.005,2019,Bengals,veteran,4,Bengals,extension,8690
Trayveon Williams,RB,Bengals,2024,1,1.125,1.125,0.0,0.004,2019,Bengals,veteran,5,Bengals,extension,8691
Trayveon Williams,RB,Chargers,2025,1,0.315,0.315,0.0,0.001,2019,Bengals,veteran,6,Bengals,new_team_signing,8692
Trayvon Rudolph,WR,Vikings,2026,1,0.885,0.885,0.0,0.003,2026,Seahawks,rookie,0,Vikings,rookie_deal,8693
Tre Harbison III,RB,Browns,2021,3,2.425,0.808333,0.0,0.004,2021,Browns,rookie,0,Browns,rookie_deal,8694
Tre Harris,WR,Chargers,2025,4,7.817692,1.954423,5.578241,0.006999999999999999,2025,Chargers,rookie,0,Chargers,rookie_deal,8695
Tre Mason,RB,Rams,2014,4,2.980938,0.745235,0.6375,0.006,2014,Rams,rookie,0,Rams,rookie_deal,8696
Tre McBride,WR,NYJ/CHI,2017,1,0.17,0.17,0.0,0.001,2015,Titans,veteran,2,TEN/CHI,new_team_signing,8697
Tre McBride,WR,Jets,2018,1,0.705,0.705,0.0,0.004,2015,Titans,veteran,3,NYJ/CHI,new_team_signing,8698
Tre McBride,WR,Jaguars,2019,1,0.72,0.72,0.0,0.004,2015,Titans,veteran,4,Jets,new_team_signing,8699
Tre Mosley,WR,Bengals,2024,3,2.833,0.944333,0.003,0.004,2024,Bengals,rookie,0,Bengals,rookie_deal,8700
Tre Nixon,WR,Patriots,2021,1,0.1656,0.1656,0.0,0.001,2021,Patriots,rookie,0,Patriots,rookie_deal,8701
Tre Nixon,WR,Patriots,2022,1,0.207,0.207,0.0,0.001,2021,Patriots,veteran,1,Patriots,extension,8702
Tre Nixon,WR,Patriots,2023,1,0.75,0.75,0.0,0.003,2021,Patriots,veteran,2,Patriots,extension,8703
Tre Stewart,RB,Vikings,2025,3,2.975,0.991667,0.16,0.004,2025,Vikings,rookie,0,Vikings,rookie_deal,8704
Tre Tucker,WR,Raiders,2023,4,5.304082,1.326021,0.857512,0.006,2023,Raiders,rookie,0,Raiders,rookie_deal,8705
Tre Turner,WR,Raiders,2022,3,2.565,0.855,0.04,0.004,2022,Raiders,rookie,0,Raiders,rookie_deal,8706
Tre Walker,WR,Bills,2021,3,2.43,0.81,0.005,0.004,2021,Bills,rookie,0,Bills,rookie_deal,8707
Tre Watson,TE,Chiefs,2025,1,0.234,0.234,0.0,0.001,2025,Chiefs,rookie,0,Chiefs,rookie_deal,8708
Tre Watson,TE,Chiefs,2026,1,0.885,0.885,0.0,0.003,2025,Chiefs,veteran,1,Chiefs,extension,8709
Tre' McKitty,TE,Chargers,2021,4,4.723233,1.180808,0.840616,0.006,2021,Chargers,rookie,0,Chargers,rookie_deal,8710
Tre' McKitty,TE,Bills,2023,1,0.216,0.216,0.0,0.001,2021,Chargers,veteran,2,Chargers,new_team_signing,8711
Tre' McKitty,TE,Browns,2024,1,0.3024,0.3024,0.0,0.001,2021,Chargers,veteran,3,Bills,new_team_signing,8712
Tre' McKitty,TE,Browns,2025,1,1.1,1.1,0.0,0.004,2021,Chargers,veteran,4,Browns,extension,8713
Tre'Quan Smith,WR,Saints,2018,4,3.420524,0.855131,0.817024,0.005,2018,Saints,rookie,0,Saints,rookie_deal,8714
Tre'Quan Smith,WR,Saints,2022,2,6.0,3.0,2.0,0.013999999999999999,2018,Saints,veteran,4,Saints,extension,8715
Tre'Quan Smith,WR,Broncos,2023,1,0.2898,0.2898,0.0,0.001,2018,Saints,veteran,5,Saints,new_team_signing,8716
Tre'Quan Smith,WR,Lions,2024,1,1.125,1.125,0.0,0.004,2018,Saints,veteran,6,Broncos,new_team_signing,8717
Tre'Shaun Harrison,WR,Titans,2023,1,0.216,0.216,0.0,0.001,2023,Titans,rookie,0,Titans,rookie_deal,8718
Tre'Shaun Harrison,WR,Titans,2024,2,1.755,0.8775,0.0,0.003,2023,Titans,veteran,1,Titans,extension,8719
TreVeyon Henderson,RB,Patriots,2025,4,11.14326,2.785815,11.14326,0.01,2025,Patriots,rookie,0,Patriots,rookie_deal,8720
TreVontae Hights,WR,Panthers,2020,3,2.293,0.764333,0.018,0.004,2020,Panthers,rookie,0,Panthers,rookie_deal,8721
Trebor Pena,WR,Jaguars,2026,3,3.12,1.04,0.12,0.003,2026,Jaguars,rookie,0,Jaguars,rookie_deal,8722
Trent Edwards,QB,Raiders,2007,1,0.73,0.73,0.0,0.0,2007,Bills,rookie,0,Raiders,rookie_deal,8723
Trent Pennix,TE,Colts,2024,1,0.225,0.225,0.0,0.001,2024,Colts,rookie,0,Colts,rookie_deal,8724
Trent Richardson,RB,IND/CLE,2012,4,20.489796,5.122449,20.489796,0.042,2012,Browns,rookie,0,IND/CLE,rookie_deal,8725
Trent Richardson,RB,Raiders,2015,2,3.85,1.925,0.6,0.013000000000000001,2012,Browns,veteran,3,IND/CLE,new_team_signing,8726
Trent Richardson,RB,Ravens,2016,1,0.675,0.675,0.0,0.004,2012,Browns,veteran,4,Raiders,new_team_signing,8727
Trent Sherfield,WR,Cardinals,2018,3,1.72,0.573333,0.01,0.003,2018,Cardinals,rookie,0,Cardinals,rookie_deal,8728
Trent Sherfield,WR,49ers,2021,1,0.92,0.92,0.2,0.005,2018,Cardinals,veteran,3,Cardinals,new_team_signing,8729
Trent Sherfield,WR,Dolphins,2022,1,1.1875,1.1875,0.5025,0.006,2018,Cardinals,veteran,4,49ers,new_team_signing,8730
Trent Sherfield,WR,Bills,2023,1,1.77,1.77,0.75,0.008,2018,Cardinals,veteran,5,Dolphins,new_team_signing,8731
Trent Sherfield,WR,Vikings,2024,1,1.79,1.79,1.0,0.006999999999999999,2018,Cardinals,veteran,6,Bills,new_team_signing,8732
Trent Sherfield,WR,Patriots,2025,1,0.315,0.315,0.0,0.001,2018,Cardinals,veteran,7,Vikings,new_team_signing,8733
Trent Sherfield,WR,Bills,2026,1,1.3,1.3,0.0,0.004,2018,Cardinals,veteran,8,Patriots,new_team_signing,8734
Trent Steelman,WR,Ravens,2015,3,1.575,0.525,0.0,0.004,2015,Ravens,rookie,0,Ravens,rookie_deal,8735
Trent Taylor,WR,49ers,2017,4,2.601948,0.650487,0.201948,0.004,2017,49ers,rookie,0,49ers,rookie_deal,8736
Trent Taylor,WR,Bengals,2021,1,0.252,0.252,0.0,0.001,2017,49ers,veteran,4,49ers,new_team_signing,8737
Trent Taylor,WR,Bengals,2022,1,1.135,1.135,0.025,0.005,2017,49ers,veteran,5,Bengals,extension,8738
Trent Taylor,WR,Bears,2023,1,1.08,1.08,0.0,0.005,2017,49ers,veteran,6,Bengals,new_team_signing,8739
Trent Taylor,WR,49ers,2024,1,0.3024,0.3024,0.0,0.001,2017,49ers,veteran,7,Bears,new_team_signing,8740
Trent Taylor,WR,49ers,2025,1,1.17,1.17,0.0,0.004,2017,49ers,veteran,8,49ers,extension,8741
Trenton Cannon,RB,NYJ/CAR,2018,4,2.599228,0.649807,0.139228,0.004,2018,Jets,rookie,0,NYJ/CAR,rookie_deal,8742
Trenton Cannon,RB,49ers,2021,1,0.92,0.92,0.0,0.005,2018,Jets,veteran,3,NYJ/CAR,new_team_signing,8743
Trenton Cannon,RB,Titans,2022,1,0.3193,0.0,0.0,0.0,2018,Jets,veteran,4,49ers,new_team_signing,8744
Trenton Irwin,WR,Bengals,2019,1,0.136,0.136,0.0,0.001,2019,Dolphins,rookie,0,Bengals,rookie_deal,8745
Trenton Irwin,WR,Bengals,2020,1,0.1428,0.1428,0.0,0.001,2019,Dolphins,veteran,1,Bengals,extension,8746
Trenton Irwin,WR,Bengals,2021,1,0.1656,0.1656,0.0,0.001,2019,Dolphins,veteran,2,Bengals,extension,8747
Trenton Irwin,WR,Bengals,2022,1,0.207,0.207,0.0,0.001,2019,Dolphins,veteran,3,Bengals,extension,8748
Trenton Irwin,WR,Panthers,2024,1,0.3024,0.3024,0.0,0.001,2019,Dolphins,veteran,5,Bengals,new_team_signing,8749
Trenton Irwin,WR,Jets,2025,1,0.315,0.315,0.0,0.001,2019,Dolphins,veteran,6,Panthers,new_team_signing,8750
Trestan Ebner,RB,Bears,2022,4,3.825936,0.956484,0.165936,0.005,2022,Bears,rookie,0,Bears,rookie_deal,8751
Trevion Thompson,WR,Titans,2019,1,0.136,0.136,0.0,0.001,2019,Chargers,rookie,0,Titans,rookie_deal,8752
Trevion Thompson,WR,Titans,2020,2,1.11,0.555,0.0,0.003,2019,Chargers,veteran,1,Titans,extension,8753
Trevon Bradford,WR,Chargers,2022,3,2.575,0.858333,0.015,0.004,2022,Chargers,rookie,0,Chargers,rookie_deal,8754
Trevon Clark,WR,Ravens,2022,3,2.5625,0.854167,0.0025,0.004,2022,Ravens,rookie,0,Ravens,rookie_deal,8755
Trevon Grimes,WR,Eagles,2021,3,2.4325,0.810833,0.0825,0.004,2021,Eagles,rookie,0,Eagles,rookie_deal,8756
Trevon Wesco,TE,CHI/NYJ,2019,4,3.226572,0.806643,0.706572,0.004,2019,Jets,rookie,0,CHI/NYJ,rookie_deal,8757
Trevon Wesco,TE,Titans,2023,1,1.2325,1.2325,0.3525,0.005,2019,Jets,veteran,4,CHI/NYJ,new_team_signing,8758
Trevon Wesco,TE,Raiders,2024,1,0.3024,0.3024,0.0,0.001,2019,Jets,veteran,5,Titans,new_team_signing,8759
Trevone Boykin,QB,Seahawks,2016,3,1.635,0.545,0.015,0.004,2016,Seahawks,rookie,0,Seahawks,rookie_deal,8760
Trevone Boykin,QB,Seahawks,2017,1,0.1224,0.1224,0.0,0.001,2016,Seahawks,veteran,1,Seahawks,extension,8761
Trevone Boykin,QB,Seahawks,2018,1,0.555,0.555,0.0,0.003,2016,Seahawks,veteran,2,Seahawks,extension,8762
Trevor Davis,WR,LV/GB/MIA,2016,4,2.567176,0.641794,0.227176,0.004,2016,Packers,rookie,0,LV/GB/MIA,rookie_deal,8763
Trevor Davis,WR,Commanders,2020,1,0.204,0.204,0.0,0.001,2016,Packers,veteran,4,LV/GB/MIA,new_team_signing,8764
Trevor Davis,WR,Commanders,2021,1,0.99,0.99,0.0,0.005,2016,Packers,veteran,5,Commanders,extension,8765
Trevor Etienne,RB,Panthers,2025,4,5.208744,1.302186,1.008744,0.005,2025,Panthers,rookie,0,Panthers,rookie_deal,8766
Trevor Harman,WR,Cardinals,2015,3,1.575,0.525,0.0,0.004,2015,Cardinals,rookie,0,Cardinals,rookie_deal,8767
Trevor Knight,QB,Falcons,2017,1,0.1224,0.1224,0.0,0.001,2017,Cardinals,rookie,0,Falcons,rookie_deal,8768
Trevor Lawrence,QB,Jaguars,2021,4,36.793486,9.198372,36.793486,0.05,2021,Jaguars,rookie,0,Jaguars,rookie_deal,8769
Trevor Lawrence,QB,Jaguars,2024,5,275.0,55.0,142.0,0.215,2021,Jaguars,veteran,3,Jaguars,extension,8770
Trevor Siemian,QB,DEN/MIN,2015,4,2.332784,0.583196,0.052784,0.004,2015,Broncos,rookie,0,DEN/MIN,rookie_deal,8771
Trevor Siemian,QB,Jets,2019,1,2.0,2.0,1.0,0.011000000000000001,2015,Broncos,veteran,4,DEN/MIN,new_team_signing,8772
Trevor Siemian,QB,Titans,2020,1,0.204,0.204,0.0,0.001,2015,Broncos,veteran,5,Jets,new_team_signing,8773
Trevor Siemian,QB,Saints,2021,1,0.99,0.99,0.0,0.005,2015,Broncos,veteran,6,Titans,new_team_signing,8774
Trevor Siemian,QB,Bears,2022,2,4.0,2.0,2.035,0.01,2015,Broncos,veteran,7,Saints,new_team_signing,8775
Trevor Siemian,QB,Jets,2023,1,0.3708,0.3708,0.0,0.002,2015,Broncos,veteran,8,Bears,new_team_signing,8776
Trevor Siemian,QB,Titans,2024,1,0.3024,0.3024,0.0,0.001,2015,Broncos,veteran,9,Jets,new_team_signing,8777
Trevor Siemian,QB,Titans,2025,1,0.315,0.315,0.0,0.001,2015,Broncos,veteran,10,Titans,extension,8778
Trevor Siemian,QB,Falcons,2026,1,1.3,1.3,0.0,0.004,2015,Broncos,veteran,11,Titans,new_team_signing,8779
Trevor Wood,TE,Steelers,2019,3,1.762,0.587333,0.007,0.003,2019,Steelers,rookie,0,Steelers,rookie_deal,8780
Trey Benson,RB,Cardinals,2024,4,6.059606,1.514902,1.226984,0.006,2024,Cardinals,rookie,0,Cardinals,rookie_deal,8781
Trey Burton,TE,Eagles,2014,3,1.5375,0.5125,0.02,0.004,2014,Eagles,rookie,0,Eagles,rookie_deal,8782
Trey Burton,TE,Eagles,2017,1,2.746,2.746,0.0,0.016,2014,Eagles,veteran,3,Eagles,extension,8783
Trey Burton,TE,Bears,2018,4,32.0,8.0,18.0,0.045,2014,Eagles,veteran,4,Eagles,new_team_signing,8784
Trey Burton,TE,Colts,2020,1,0.91,0.91,0.1,0.005,2014,Eagles,veteran,6,Bears,new_team_signing,8785
Trey Edmunds,TE,Saints,2017,3,1.665,0.555,0.0,0.003,2017,Saints,rookie,0,Saints,rookie_deal,8786
Trey Edmunds,TE,Steelers,2018,1,0.1292,0.1292,0.0,0.001,2017,Saints,veteran,1,Saints,new_team_signing,8787
Trey Edmunds,TE,Steelers,2019,1,0.136,0.136,0.0,0.001,2017,Saints,veteran,2,Steelers,extension,8788
Trey Edmunds,TE,Steelers,2020,1,0.1428,0.1428,0.0,0.001,2017,Saints,veteran,3,Steelers,extension,8789
Trey Edmunds,RB,Steelers,2021,1,0.252,0.252,0.0,0.001,2017,Saints,veteran,4,Steelers,extension,8790
Trey Edmunds,TE,Steelers,2022,1,1.035,1.035,0.0,0.005,2017,Saints,veteran,5,Steelers,extension,8791
Trey Griffey,WR,Dolphins,2017,1,0.465,0.465,0.0,0.003,2017,Colts,rookie,0,Dolphins,rookie_deal,8792
Trey Griffey,WR,Steelers,2018,1,0.1292,0.1292,0.0,0.001,2017,Colts,veteran,1,Dolphins,new_team_signing,8793
Trey Griffey,WR,Steelers,2019,1,0.495,0.495,0.0,0.003,2017,Colts,veteran,2,Steelers,extension,8794
Trey Knox,TE,Vikings,2024,3,2.84,0.946667,0.13,0.004,2024,Vikings,rookie,0,Vikings,rookie_deal,8795
Trey Lance,QB,SF/DAL,2021,4,34.105258,8.526315,34.105258,0.047,2021,49ers,rookie,0,SF/DAL,rookie_deal,8796
Trey Lance,QB,Chargers,2025,1,2.0,2.0,1.5,0.006999999999999999,2021,49ers,veteran,4,SF/DAL,new_team_signing,8797
Trey Lance,QB,Chargers,2026,1,2.5,2.5,2.0,0.008,2021,49ers,veteran,5,Chargers,extension,8798
Trey McBride,TE,Cardinals,2022,4,6.29966,1.574915,3.4579,0.008,2022,Cardinals,rookie,0,Cardinals,rookie_deal,8799
Trey McBride,TE,Cardinals,2025,4,76.0,19.0,32.5,0.068,2022,Cardinals,veteran,3,Cardinals,extension,8800
Trey Palmer,WR,TB/NO,2023,4,4.019296,1.004824,0.179296,0.004,2023,Buccaneers,rookie,0,TB/NO,rookie_deal,8801
Trey Quinn,WR,Commanders,2018,4,2.529072,0.632268,0.069072,0.004,2018,Commanders,rookie,0,Commanders,rookie_deal,8802
Trey Quinn,WR,Jaguars,2020,1,0.1428,0.1428,0.0,0.001,2018,Commanders,veteran,2,Commanders,new_team_signing,8803
Trey Quinn,WR,Raiders,2021,1,0.85,0.85,0.05,0.005,2018,Commanders,veteran,3,Jaguars,new_team_signing,8804
Trey Quinn,WR,Broncos,2022,1,0.895,0.895,0.0,0.004,2018,Commanders,veteran,4,Raiders,new_team_signing,8805
Trey Quinn,WR,Lions,2023,1,0.2898,0.2898,0.0,0.001,2018,Commanders,veteran,5,Broncos,new_team_signing,8806
Trey Ragas,RB,Raiders,2021,1,0.1656,0.1656,0.0,0.001,2021,Raiders,rookie,0,Raiders,rookie_deal,8807
Trey Ragas,RB,Rams,2022,1,0.207,0.207,0.0,0.001,2021,Raiders,veteran,1,Raiders,new_team_signing,8808
Trey Sermon,RB,SF/PHI,2021,4,4.872934,1.218234,0.903952,0.006999999999999999,2021,49ers,rookie,0,SF/PHI,rookie_deal,8809
Trey Sermon,RB,Colts,2023,1,0.216,0.216,0.0,0.001,2021,49ers,veteran,2,SF/PHI,new_team_signing,8810
Trey Sermon,RB,Colts,2024,1,1.055,1.055,0.0,0.004,2021,49ers,veteran,3,Colts,extension,8811
Trey Sermon,RB,Steelers,2025,1,0.396,0.396,0.0,0.001,2021,49ers,veteran,4,Colts,new_team_signing,8812
Trey Williams,RB,Cowboys,2018,2,1.35,0.675,0.0,0.004,2015,Commanders,veteran,3,Cowboys,extension,8813
Treylon Burks,WR,Titans,2022,4,14.36959,3.592398,14.36959,0.017,2022,Titans,rookie,0,Titans,rookie_deal,8814
Treylon Burks,WR,Commanders,2025,1,0.315,0.315,0.0,0.001,2022,Titans,veteran,3,Titans,new_team_signing,8815
Treylon Burks,WR,Commanders,2026,1,2.35,2.35,0.4,0.008,2022,Titans,veteran,4,Commanders,extension,8816
Treyton Welch,TE,Saints,2024,1,0.225,0.225,0.0,0.001,2024,Browns,rookie,0,Saints,rookie_deal,8817
Treyton Welch,TE,Saints,2025,1,0.234,0.234,0.0,0.001,2024,Browns,veteran,1,Saints,extension,8818
Treyvhon Saunders,WR,Texans,2026,3,3.105,1.035,0.01,0.003,2026,Texans,rookie,0,Texans,rookie_deal,8819
Trindon Holliday,WR,Texans,2010,4,1.8866,0.47165,0.0966,0.004,2010,Texans,rookie,0,Texans,rookie_deal,8820
Trindon Holliday,WR,Texans,2011,1,0.0969,0.0969,0.0,0.001,2010,Texans,veteran,1,Texans,extension,8821
Trindon Holliday,WR,Broncos,2012,2,0.87,0.435,0.0,0.004,2010,Texans,veteran,2,Texans,new_team_signing,8822
Trindon Holliday,WR,49ers,2014,1,0.57,0.57,0.0,0.004,2010,Texans,veteran,4,Broncos,new_team_signing,8823
Trindon Holliday,WR,Raiders,2015,1,0.66,0.66,0.0,0.005,2010,Texans,veteran,5,49ers,new_team_signing,8824
Trinity Benson,WR,Broncos,2019,1,0.136,0.136,0.0,0.001,2019,Broncos,rookie,0,Broncos,rookie_deal,8825
Trinity Benson,WR,Broncos,2020,1,0.1428,0.1428,0.0,0.001,2019,Broncos,veteran,1,Broncos,extension,8826
Trinity Benson,WR,Broncos,2021,2,1.485,0.7425,0.0,0.004,2019,Broncos,veteran,2,Broncos,extension,8827
Trinity Benson,WR,Broncos,2022,1,0.207,0.207,0.0,0.001,2019,Broncos,veteran,3,Broncos,extension,8828
Trinity Benson,WR,Browns,2023,1,0.216,0.216,0.0,0.001,2019,Broncos,veteran,4,Broncos,new_team_signing,8829
Trishton Jackson,WR,Rams,2020,3,2.298,0.766,0.013,0.004,2020,Rams,rookie,0,Rams,rookie_deal,8830
Trishton Jackson,WR,Vikings,2021,1,0.1656,0.1656,0.0,0.001,2020,Rams,veteran,1,Rams,new_team_signing,8831
Trishton Jackson,WR,Vikings,2022,1,0.207,0.207,0.0,0.001,2020,Rams,veteran,2,Vikings,extension,8832
Trishton Jackson,WR,Vikings,2023,1,0.216,0.216,0.0,0.001,2020,Rams,veteran,3,Vikings,extension,8833
Trishton Jackson,WR,Vikings,2024,1,0.225,0.225,0.0,0.001,2020,Rams,veteran,4,Vikings,extension,8834
Trishton Jackson,WR,Cardinals,2025,1,1.1,1.1,0.0,0.004,2020,Rams,veteran,5,Vikings,new_team_signing,8835
Troy Franklin,WR,Broncos,2024,4,4.889836,1.222459,0.854836,0.005,2024,Broncos,rookie,0,Broncos,rookie_deal,8836
Troy Fumagalli,TE,Broncos,2018,4,2.741804,0.685451,0.281804,0.004,2018,Broncos,rookie,0,Broncos,rookie_deal,8837
Troy Fumagalli,TE,Broncos,2020,1,0.1428,0.1428,0.0,0.001,2018,Broncos,veteran,2,Broncos,extension,8838
Troy Fumagalli,TE,Patriots,2021,1,0.85,0.85,0.0,0.005,2018,Broncos,veteran,3,Broncos,new_team_signing,8839
Troy Fumagalli,TE,49ers,2022,1,0.2772,0.2772,0.0,0.001,2018,Broncos,veteran,4,Patriots,new_team_signing,8840
Troy Fumagalli,TE,Vikings,2023,1,0.2898,0.2898,0.0,0.001,2018,Broncos,veteran,5,49ers,new_team_signing,8841
Troy Mangen,TE,Falcons,2018,3,1.711,0.570333,0.001,0.003,2018,Falcons,rookie,0,Falcons,rookie_deal,8842
Troy Niklas,TE,Cardinals,2014,4,4.023298,1.005825,1.848913,0.008,2014,Cardinals,rookie,0,Cardinals,rookie_deal,8843
Troy Niklas,TE,Patriots,2018,1,0.94,0.94,0.175,0.005,2014,Cardinals,veteran,4,Cardinals,new_team_signing,8844
Troy Niklas,TE,Buccaneers,2019,1,0.805,0.805,0.0,0.004,2014,Cardinals,veteran,5,Patriots,new_team_signing,8845
Troymaine Pope,RB,Chargers,2018,1,0.1292,0.1292,0.0,0.001,2016,Seahawks,veteran,2,Colts,new_team_signing,8846
Troymaine Pope,RB,Chargers,2019,1,0.645,0.645,0.0,0.003,2016,Seahawks,veteran,3,Chargers,extension,8847
Troymaine Pope,RB,Chargers,2020,1,0.1428,0.1428,0.0,0.001,2016,Seahawks,veteran,4,Chargers,extension,8848
Troymaine Pope,RB,Buccaneers,2021,1,0.99,0.99,0.0,0.005,2016,Seahawks,veteran,5,Chargers,new_team_signing,8849
Tru Edwards,WR,Rams,2025,1,0.234,0.234,0.0,0.001,2025,Rams,rookie,0,Rams,rookie_deal,8850
Tru Edwards,WR,Rams,2026,2,1.935,0.9675,0.0,0.003,2025,Rams,veteran,1,Rams,extension,8851
Tua Tagovailoa,QB,Dolphins,2020,4,30.275436,7.568859,30.275436,0.038,2020,Dolphins,rookie,0,Dolphins,rookie_deal,8852
Tua Tagovailoa,QB,Dolphins,2024,4,212.4,53.1,93.171,0.20800000000000002,2020,Dolphins,veteran,4,Dolphins,extension,8853
Tua Tagovailoa,QB,Falcons,2026,1,1.215,1.215,0.0,0.004,2020,Dolphins,veteran,6,Dolphins,new_team_signing,8854
Tucker Fisk,TE,Falcons,2022,1,0.207,0.207,0.0,0.001,2022,Falcons,rookie,0,Falcons,rookie_deal,8855
Tucker Fisk,TE,Falcons,2023,1,0.216,0.216,0.0,0.001,2022,Falcons,veteran,1,Falcons,extension,8856
Tucker Fisk,TE,Chargers,2024,1,0.225,0.225,0.0,0.001,2022,Falcons,veteran,2,Falcons,new_team_signing,8857
Tucker Fisk,TE,Chargers,2025,1,1.03,1.03,0.0,0.004,2022,Falcons,veteran,3,Chargers,extension,8858
Tucker Kraft,TE,Packers,2023,4,5.537932,1.384483,1.027588,0.006,2023,Packers,rookie,0,Packers,rookie_deal,8859
Tulu Griffin,WR,Browns,2024,1,0.225,0.225,0.0,0.001,2024,Raiders,rookie,0,Browns,rookie_deal,8860
Tulu Griffin,WR,Packers,2025,1,0.84,0.84,0.0,0.003,2024,Raiders,veteran,1,Browns,new_team_signing,8861
Tutu Atwell,WR,Rams,2021,4,5.908698,1.477175,3.245813,0.008,2021,Rams,rookie,0,Rams,rookie_deal,8862
Tutu Atwell,WR,Rams,2025,1,10.0,10.0,10.0,0.036000000000000004,2021,Rams,veteran,4,Rams,extension,8863
Tutu Atwell,WR,Dolphins,2026,1,1.4025,1.4025,1.075,0.005,2021,Rams,veteran,5,Rams,new_team_signing,8864
Ty Chandler,RB,Vikings,2022,4,3.958844,0.989711,0.298844,0.005,2022,Vikings,rookie,0,Vikings,rookie_deal,8865
Ty Chandler,RB,Saints,2026,1,1.215,1.215,0.0,0.004,2022,Vikings,veteran,4,Vikings,new_team_signing,8866
Ty Fryfogle,WR,Cowboys,2022,3,2.565,0.855,0.08,0.004,2022,Cowboys,rookie,0,Cowboys,rookie_deal,8867
Ty Fryfogle,WR,Chiefs,2023,1,0.75,0.75,0.0,0.003,2022,Cowboys,veteran,1,Cowboys,new_team_signing,8868
Ty James,WR,Vikings,2024,3,2.83,0.943333,0.005,0.004,2024,Vikings,rookie,0,Vikings,rookie_deal,8869
Ty Johnson,RB,NYJ/DET,2019,4,2.692556,0.673139,0.172556,0.004,2019,Lions,rookie,0,NYJ/DET,rookie_deal,8870
Ty Johnson,RB,Bills,2023,1,0.2898,0.2898,0.0,0.001,2019,Lions,veteran,4,NYJ/DET,new_team_signing,8871
Ty Johnson,RB,Bills,2024,1,1.2925,1.2925,0.6675,0.005,2019,Lions,veteran,5,Bills,extension,8872
Ty Johnson,RB,Bills,2025,2,5.0,2.5,2.49,0.009000000000000001,2019,Lions,veteran,6,Bills,extension,8873
Ty Montgomery,RB,BAL/GB,2015,4,2.948794,0.737199,0.606544,0.005,2015,Packers,rookie,0,BAL/GB,rookie_deal,8874
Ty Montgomery,RB,Jets,2019,1,0.895,0.895,0.09,0.005,2015,Packers,veteran,4,BAL/GB,new_team_signing,8875
Ty Montgomery,RB,Saints,2020,1,1.0475,1.0475,0.1375,0.005,2015,Packers,veteran,5,Jets,new_team_signing,8876
Ty Montgomery,RB,Saints,2021,1,1.1275,1.1275,0.1375,0.006,2015,Packers,veteran,6,Saints,extension,8877
Ty Montgomery,RB,Patriots,2022,2,3.6,1.8,0.3,0.009000000000000001,2015,Packers,veteran,7,Saints,new_team_signing,8878
Ty Montgomery,RB,Patriots,2023,1,0.3708,0.3708,0.0,0.002,2015,Packers,veteran,8,Patriots,extension,8879
Ty Scott,WR,Chiefs,2023,1,0.75,0.75,0.0,0.003,2023,Chiefs,rookie,0,Chiefs,rookie_deal,8880
Ty Scott,WR,Seahawks,2024,1,0.225,0.225,0.0,0.001,2023,Chiefs,veteran,1,Chiefs,new_team_signing,8881
Ty Simpson,QB,Rams,2026,4,25.412156,6.353039,0.0,0.021,2026,Rams,rookie,0,Rams,rookie_deal,8882
Ty Williams,RB,Ravens,2020,1,0.170282,0.170282,0.0,0.001,2020,Ravens,rookie,0,Ravens,rookie_deal,8883
Ty Williams,RB,Ravens,2021,1,0.66,0.66,0.0,0.004,2020,Ravens,veteran,1,Ravens,extension,8884
Ty Williams,RB,Cardinals,2022,1,0.207,0.207,0.0,0.001,2020,Ravens,veteran,2,Ravens,new_team_signing,8885
Tyjae Spears,RB,Titans,2023,4,5.490602,1.372651,0.993164,0.006,2023,Titans,rookie,0,Titans,rookie_deal,8886
Tyjon Lindsey,WR,Seahawks,2023,1,0.216,0.216,0.0,0.001,2023,Seahawks,rookie,0,Seahawks,rookie_deal,8887
Tylan Wallace,WR,Ravens,2021,4,4.165356,1.041339,0.685356,0.006,2021,Ravens,rookie,0,Ravens,rookie_deal,8888
Tylan Wallace,WR,Ravens,2025,1,2.1,2.1,1.35,0.008,2021,Ravens,veteran,4,Ravens,extension,8889
Tylan Wallace,WR,Browns,2026,1,1.4025,1.4025,0.125,0.005,2021,Ravens,veteran,5,Ravens,new_team_signing,8890
Tyler Adams,WR,Colts,2023,1,0.75,0.75,0.0,0.003,2023,Colts,rookie,0,Colts,rookie_deal,8891
Tyler Allgeier,RB,Falcons,2022,4,3.993888,0.998472,0.333888,0.005,2022,Falcons,rookie,0,Falcons,rookie_deal,8892
Tyler Allgeier,RB,Cardinals,2026,2,12.25,6.125,8.0,0.02,2022,Falcons,veteran,4,Falcons,new_team_signing,8893
Tyler Badie,RB,Ravens,2022,1,0.207,0.207,0.0,0.001,2022,Ravens,rookie,0,Ravens,rookie_deal,8894
Tyler Badie,RB,Broncos,2023,1,0.216,0.216,0.0,0.001,2022,Ravens,veteran,1,Ravens,new_team_signing,8895
Tyler Badie,RB,Broncos,2024,1,0.225,0.225,0.0,0.001,2022,Ravens,veteran,2,Broncos,extension,8896
Tyler Badie,RB,Broncos,2026,1,1.075,1.075,0.0,0.004,2022,Ravens,veteran,4,Broncos,extension,8897
Tyler Boyd,WR,Bengals,2016,4,4.258972,1.064743,0.0,0.006999999999999999,2016,Bengals,rookie,0,Bengals,rookie_deal,8898
Tyler Boyd,WR,Bengals,2019,4,43.0,10.75,9.0,0.057,2016,Bengals,veteran,3,Bengals,extension,8899
Tyler Boyd,WR,Titans,2024,1,2.4,2.4,1.2,0.009000000000000001,2016,Bengals,veteran,8,Bengals,new_team_signing,8900
Tyler Bray,QB,Bears,2018,1,0.2125,0.2125,0.0,0.001,2013,Chiefs,veteran,5,Chiefs,new_team_signing,8901
Tyler Bray,QB,Bears,2019,1,0.2125,0.2125,0.0,0.001,2013,Chiefs,veteran,6,Bears,extension,8902
Tyler Bray,QB,Bears,2020,1,0.1428,0.1428,0.0,0.001,2013,Chiefs,veteran,7,Bears,extension,8903
Tyler Bray,QB,49ers,2021,1,0.1656,0.1656,0.0,0.001,2013,Chiefs,veteran,8,Bears,new_team_signing,8904
Tyler Conklin,TE,Vikings,2018,4,2.741032,0.685258,0.281032,0.004,2018,Vikings,rookie,0,Vikings,rookie_deal,8905
Tyler Conklin,TE,Jets,2022,3,20.25,6.75,10.0,0.032,2018,Vikings,veteran,4,Vikings,new_team_signing,8906
Tyler Conklin,TE,Chargers,2025,1,3.0,3.0,2.83,0.011000000000000001,2018,Vikings,veteran,7,Jets,new_team_signing,8907
Tyler Conklin,TE,Lions,2026,1,1.3,1.3,0.0,0.004,2018,Vikings,veteran,8,Chargers,new_team_signing,8908
Tyler Davis,TE,Jaguars,2020,4,3.454548,0.863637,0.159548,0.004,2020,Jaguars,rookie,0,Jaguars,rookie_deal,8909
Tyler Davis,TE,Colts,2021,1,0.1656,0.1656,0.0,0.001,2020,Jaguars,veteran,1,Jaguars,new_team_signing,8910
Tyler Davis,TE,Packers,2023,1,1.04,1.04,0.0,0.005,2020,Jaguars,veteran,3,Colts,new_team_signing,8911
Tyler Davis,TE,Packers,2024,1,1.075,1.075,0.0,0.004,2020,Jaguars,veteran,4,Packers,extension,8912
Tyler Davis,TE,Patriots,2025,1,1.1,1.1,0.0,0.004,2020,Jaguars,veteran,5,Packers,new_team_signing,8913
Tyler Eifert,TE,Bengals,2013,5,13.038001,2.6076,12.272592,0.021,2013,Bengals,rookie,0,Bengals,rookie_deal,8914
Tyler Eifert,TE,Bengals,2018,1,5.5,5.5,3.0,0.031,2013,Bengals,veteran,5,Bengals,extension,8915
Tyler Eifert,TE,Bengals,2019,1,4.0,4.0,1.2,0.021,2013,Bengals,veteran,6,Bengals,extension,8916
Tyler Eifert,TE,Jaguars,2020,2,9.5,4.75,3.25,0.024,2013,Bengals,veteran,7,Bengals,new_team_signing,8917
Tyler Ervin,RB,Texans,2016,4,2.887568,0.721892,0.547568,0.005,2016,Texans,rookie,0,Texans,rookie_deal,8918
Tyler Ervin,RB,Ravens,2018,1,0.255,0.255,0.0,0.001,2016,Texans,veteran,2,Texans,new_team_signing,8919
Tyler Ervin,RB,BAL/GB,2019,1,0.72,0.72,0.0,0.004,2016,Texans,veteran,3,Ravens,new_team_signing,8920
Tyler Ervin,RB,Packers,2020,1,1.0475,1.0475,0.1375,0.005,2016,Texans,veteran,4,BAL/GB,new_team_signing,8921
Tyler Ferguson,QB,Titans,2017,1,0.1224,0.1224,0.0,0.001,2017,Titans,rookie,0,Titans,rookie_deal,8922
Tyler Ferguson,QB,Titans,2018,2,1.05,0.525,0.0,0.003,2017,Titans,veteran,1,Titans,extension,8923
Tyler Gaffney,RB,CAR/NE,2014,4,2.3166,0.57915,0.0966,0.004,2014,Panthers,rookie,0,CAR/NE,rookie_deal,8924
Tyler Gaffney,RB,Patriots,2016,1,0.17,0.17,0.0,0.001,2014,Panthers,veteran,2,CAR/NE,new_team_signing,8925
Tyler Gaffney,WR,Jaguars,2017,1,0.465,0.465,0.0,0.003,2014,Panthers,veteran,3,Patriots,new_team_signing,8926
Tyler Gaffney,WR,49ers,2020,1,0.1428,0.1428,0.0,0.001,2014,Panthers,veteran,6,Jaguars,new_team_signing,8927
Tyler Gaffney,RB,Patriots,2021,1,0.66,0.66,0.0,0.004,2014,Panthers,veteran,7,49ers,new_team_signing,8928
Tyler Goodson,RB,Packers,2022,1,0.207,0.207,0.0,0.001,2022,Packers,rookie,0,Packers,rookie_deal,8929
Tyler Goodson,RB,Colts,2023,1,0.216,0.216,0.0,0.001,2022,Packers,veteran,1,Packers,new_team_signing,8930
Tyler Goodson,RB,Colts,2025,1,1.03,1.03,0.0,0.004,2022,Packers,veteran,3,Colts,extension,8931
Tyler Goodson,RB,Falcons,2026,1,1.145,1.145,0.0,0.004,2022,Packers,veteran,4,Colts,new_team_signing,8932
Tyler Harrell,WR,Jets,2024,3,2.835,0.945,0.025,0.004,2024,Jets,rookie,0,Jets,rookie_deal,8933
Tyler Higbee,TE,Rams,2016,4,2.92086,0.730215,0.58086,0.005,2016,Rams,rookie,0,Rams,rookie_deal,8934
Tyler Higbee,TE,Rams,2019,4,29.0,7.25,10.025,0.039,2016,Rams,veteran,3,Rams,extension,8935
Tyler Higbee,TE,Rams,2023,2,17.0,8.5,11.07598,0.038,2016,Rams,veteran,7,Rams,extension,8936
Tyler Higbee,TE,Rams,2026,2,6.0,3.0,4.0,0.01,2016,Rams,veteran,10,Rams,extension,8937
Tyler Hoosman,RB,Chargers,2023,3,2.698,0.899333,0.003,0.004,2023,Chargers,rookie,0,Chargers,rookie_deal,8938
Tyler Hoppes,TE,Vikings,2018,3,1.716,0.572,0.006,0.003,2018,Vikings,rookie,0,Vikings,rookie_deal,8939
Tyler Hudson,WR,Rams,2023,1,2.695,0.898333,0.0,0.004,2023,Rams,rookie,0,Rams,rookie_deal,8940
Tyler Huntley,QB,Ravens,2020,1,0.197764,0.197764,0.0,0.001,2020,Ravens,rookie,0,Ravens,rookie_deal,8941
Tyler Huntley,QB,Ravens,2021,1,0.78,0.78,0.0,0.004,2020,Ravens,veteran,1,Ravens,extension,8942
Tyler Huntley,QB,Ravens,2022,1,0.895,0.895,0.0,0.004,2020,Ravens,veteran,2,Ravens,extension,8943
Tyler Huntley,QB,Ravens,2023,1,2.627,2.627,0.0,0.012,2020,Ravens,veteran,3,Ravens,extension,8944
Tyler Huntley,QB,Ravens,2024,1,0.3834,0.3834,0.0,0.002,2020,Ravens,veteran,4,Ravens,extension,8945
Tyler Huntley,QB,Ravens,2025,1,0.396,0.396,0.0,0.001,2020,Ravens,veteran,5,Ravens,extension,8946
Tyler Huntley,QB,Ravens,2026,2,5.0,2.5,3.5,0.008,2020,Ravens,veteran,6,Ravens,extension,8947
Tyler Johnson,WR,HOU/TB,2020,4,3.60942,0.902355,0.31442,0.005,2020,Buccaneers,rookie,0,HOU/TB,rookie_deal,8948
Tyler Johnson,WR,Buccaneers,2022,1,0.207,0.207,0.0,0.001,2020,Buccaneers,veteran,2,HOU/TB,new_team_signing,8949
Tyler Johnson,WR,Rams,2023,1,0.2898,0.2898,0.0,0.001,2020,Buccaneers,veteran,3,Buccaneers,new_team_signing,8950
Tyler Johnson,WR,Rams,2024,1,1.13,1.13,0.075,0.004,2020,Buccaneers,veteran,4,Rams,extension,8951
Tyler Johnson,WR,Jets,2025,1,0.396,0.396,0.0,0.001,2020,Buccaneers,veteran,5,Rams,new_team_signing,8952
Tyler Johnson,WR,Cowboys,2026,1,1.215,1.215,0.0,0.004,2020,Buccaneers,veteran,6,Jets,new_team_signing,8953
Tyler Kahmann,WR,Colts,2025,1,0.234,0.234,0.0,0.001,2025,Colts,rookie,0,Colts,rookie_deal,8954
Tyler Kroft,TE,Bengals,2015,4,3.001276,0.750319,0.647776,0.005,2015,Bengals,rookie,0,Bengals,rookie_deal,8955
Tyler Kroft,TE,Bills,2019,3,18.75,6.25,6.3,0.033,2015,Bengals,veteran,4,Bengals,new_team_signing,8956
Tyler Kroft,TE,Bills,2020,1,4.0,4.0,3.4,0.02,2015,Bengals,veteran,5,Bills,extension,8957
Tyler Kroft,TE,Jets,2021,1,2.0,2.0,1.5,0.011000000000000001,2015,Bengals,veteran,6,Bills,new_team_signing,8958
Tyler Kroft,TE,49ers,2022,1,1.195,1.195,0.0,0.006,2015,Bengals,veteran,7,Jets,new_team_signing,8959
Tyler Kroft,TE,Dolphins,2023,1,1.265,1.265,0.1,0.006,2015,Bengals,veteran,8,49ers,new_team_signing,8960
Tyler Lockett,WR,Seahawks,2015,4,3.318752,0.829688,0.786752,0.006,2015,Seahawks,rookie,0,Seahawks,rookie_deal,8961
Tyler Lockett,WR,Seahawks,2018,3,31.8,10.6,11.0,0.06,2015,Seahawks,veteran,3,Seahawks,extension,8962
Tyler Lockett,WR,Seahawks,2021,4,69.2,17.3,21.0,0.095,2015,Seahawks,veteran,6,Seahawks,extension,8963
Tyler Lockett,WR,Seahawks,2024,2,30.0,15.0,12.66,0.059000000000000004,2015,Seahawks,veteran,9,Seahawks,extension,8964
Tyler Lockett,WR,Raiders,2025,1,1.255,1.255,0.0,0.004,2015,Seahawks,veteran,10,Seahawks,new_team_signing,8965
Tyler Mabry,TE,Seahawks,2020,1,0.1428,0.1428,0.0,0.001,2020,Seahawks,rookie,0,Seahawks,rookie_deal,8966
Tyler Mabry,TE,Seahawks,2021,1,0.1656,0.1656,0.0,0.001,2020,Seahawks,veteran,1,Seahawks,extension,8967
Tyler Mabry,TE,Seahawks,2022,1,0.207,0.207,0.0,0.001,2020,Seahawks,veteran,2,Seahawks,extension,8968
Tyler Mabry,TE,Seahawks,2023,1,0.216,0.216,0.0,0.001,2020,Seahawks,veteran,3,Seahawks,extension,8969
Tyler Mabry,TE,Seahawks,2024,1,0.225,0.225,0.0,0.001,2020,Seahawks,veteran,4,Seahawks,extension,8970
Tyler Mabry,TE,Panthers,2025,1,1.03,1.03,0.0,0.004,2020,Seahawks,veteran,5,Seahawks,new_team_signing,8971
Tyler Neville,TE,Cowboys,2025,3,2.975,0.991667,0.1,0.004,2025,Cowboys,rookie,0,Cowboys,rookie_deal,8972
Tyler Pezza,TE,Ravens,2026,3,3.1075,1.035833,0.0075,0.003,2026,Ravens,rookie,0,Ravens,rookie_deal,8973
Tyler Rutenbeck,WR,Colts,2015,2,0.96,0.48,0.0,0.0,2015,Commanders,rookie,0,Colts,rookie_deal,8974
Tyler Scott,WR,Bears,2023,4,4.503448,1.125862,0.663448,0.005,2023,Bears,rookie,0,Bears,rookie_deal,8975
Tyler Scott,WR,Colts,2025,1,0.234,0.234,0.0,0.001,2023,Bears,veteran,2,Bears,new_team_signing,8976
Tyler Scott,WR,Rams,2026,2,2.265,1.1325,0.0,0.004,2023,Bears,veteran,3,Colts,new_team_signing,8977
Tyler Shough,QB,Saints,2025,4,10.804728,2.701182,10.804728,0.01,2025,Saints,rookie,0,Saints,rookie_deal,8978
Tyler Simmons,WR,Texans,2020,1,0.1428,0.1428,0.0,0.001,2020,Texans,rookie,0,Texans,rookie_deal,8979
Tyler Simmons,WR,Steelers,2021,1,0.66,0.66,0.0,0.004,2020,Texans,veteran,1,Texans,new_team_signing,8980
Tyler Snead,WR,Steelers,2022,3,2.56,0.853333,0.0,0.004,2022,Steelers,rookie,0,Steelers,rookie_deal,8981
Tyler Thigpen,QB,Browns,2007,1,0.73,0.73,0.0,0.0,2007,Vikings,rookie,0,Browns,rookie_deal,8982
Tyler Varga,RB,Colts,2015,3,1.581,0.527,0.006,0.004,2015,Colts,rookie,0,Colts,rookie_deal,8983
Tyler Vaughns,WR,Steelers,2021,1,0.1656,0.1656,0.0,0.001,2021,Colts,rookie,0,Steelers,rookie_deal,8984
Tyler Vaughns,WR,Steelers,2022,1,0.705,0.705,0.0,0.003,2021,Colts,veteran,1,Steelers,extension,8985
Tyler Warren,TE,Colts,2025,4,20.96065,5.240163,20.96065,0.019,2025,Colts,rookie,0,Colts,rookie_deal,8986
Tyler Wilson,QB,Raiders,2013,1,0.102,0.102,0.0,0.001,2013,Raiders,rookie,0,Raiders,rookie_deal,8987
Tyler Wilson,QB,Bengals,2014,1,0.495,0.495,0.0,0.004,2013,Raiders,veteran,1,Raiders,new_team_signing,8988
Tyquan Thornton,WR,Patriots,2022,4,7.05386,1.763465,4.04071,0.008,2022,Patriots,rookie,0,Patriots,rookie_deal,8989
Tyquan Thornton,WR,Chiefs,2024,1,0.225,0.225,0.0,0.001,2022,Patriots,veteran,2,Patriots,new_team_signing,8990
Tyquan Thornton,WR,Chiefs,2025,1,1.1,1.1,0.0,0.004,2022,Patriots,veteran,3,Chiefs,extension,8991
Tyquan Thornton,WR,Chiefs,2026,2,11.0,5.5,7.4,0.018000000000000002,2022,Patriots,veteran,4,Chiefs,extension,8992
Tyre Brady,WR,Jaguars,2019,3,1.76,0.586667,0.02,0.003,2019,Jaguars,rookie,0,Jaguars,rookie_deal,8993
Tyree Jackson,QB,Bills,2019,3,1.77,0.59,0.075,0.003,2019,Bills,rookie,0,Bills,rookie_deal,8994
Tyree Jackson,TE,Eagles,2021,2,1.5102,0.7551,0.0252,0.004,2019,Bills,veteran,2,Bills,new_team_signing,8995
Tyree Jackson,TE,Giants,2023,1,0.216,0.216,0.0,0.001,2019,Bills,veteran,4,Eagles,new_team_signing,8996
Tyree Jackson,TE,Commanders,2024,1,0.225,0.225,0.0,0.001,2019,Bills,veteran,5,Giants,new_team_signing,8997
Tyree Jackson,TE,Commanders,2025,1,1.1,1.1,0.0,0.004,2019,Bills,veteran,6,Commanders,extension,8998
Tyree Mayfield,TE,49ers,2019,3,1.765,0.588333,0.035,0.003,2019,,rookie,0,49ers,rookie_deal,8999
Tyreek Hill,WR,Chiefs,2016,4,2.58622,0.646555,0.21872,0.004,2016,Chiefs,rookie,0,Chiefs,rookie_deal,9000
Tyreek Hill,WR,Chiefs,2019,3,54.0,18.0,18.34,0.096,2016,Chiefs,veteran,3,Chiefs,extension,9001
Tyreek Hill,WR,Dolphins,2022,4,120.0,30.0,52.535,0.14400000000000002,2016,Chiefs,veteran,6,Chiefs,new_team_signing,9002
Tyreek Hill,WR,Dolphins,2024,3,90.0,30.0,54.0,0.11699999999999999,2016,Chiefs,veteran,8,Dolphins,extension,9003
Tyreik McAllister,WR,Broncos,2022,1,0.207,0.207,0.0,0.001,2022,Broncos,rookie,0,Broncos,rookie_deal,9004
Tyreik McAllister,WR,Broncos,2023,1,0.75,0.75,0.0,0.003,2022,Broncos,veteran,1,Broncos,extension,9005
Tyreik McAllister,WR,Raiders,2024,1,0.225,0.225,0.0,0.001,2022,Broncos,veteran,2,Broncos,new_team_signing,9006
Tyreik McAllister,WR,Raiders,2025,1,0.96,0.96,0.0,0.003,2022,Broncos,veteran,3,Raiders,extension,9007
Tyrell Shavers,WR,Bills,2023,1,0.216,0.216,0.0,0.001,2023,Bills,rookie,0,Bills,rookie_deal,9008
Tyrell Shavers,WR,Bills,2024,1,0.225,0.225,0.0,0.001,2023,Bills,veteran,1,Bills,extension,9009
Tyrell Shavers,WR,Bills,2025,2,2.042,1.021,0.007,0.004,2023,Bills,veteran,2,Bills,extension,9010
Tyrell Williams,WR,Chargers,2015,1,0.1071,0.1071,0.0,0.001,2015,Chargers,rookie,0,Chargers,rookie_deal,9011
Tyrell Williams,WR,Chargers,2018,1,2.914,2.914,0.0,0.016,2015,Chargers,veteran,3,Chargers,extension,9012
Tyrell Williams,WR,Raiders,2019,4,44.4,11.1,10.0,0.059000000000000004,2015,Chargers,veteran,4,Chargers,new_team_signing,9013
Tyrell Williams,WR,Lions,2021,1,4.0,4.0,4.0,0.022000000000000002,2015,Chargers,veteran,6,Raiders,new_team_signing,9014
Tyren Montgomery,WR,Titans,2026,3,3.115,1.038333,0.175,0.003,2026,Titans,rookie,0,Titans,rookie_deal,9015
Tyrie Cleveland,WR,Broncos,2020,4,3.370492,0.842623,0.075492,0.004,2020,Broncos,rookie,0,Broncos,rookie_deal,9016
Tyrie Cleveland,WR,Broncos,2021,1,0.1656,0.1656,0.0,0.001,2020,Broncos,veteran,1,Broncos,extension,9017
Tyrie Cleveland,WR,Eagles,2022,1,0.207,0.207,0.0,0.001,2020,Broncos,veteran,2,Broncos,new_team_signing,9018
Tyrie Cleveland,WR,Colts,2023,1,0.2898,0.2898,0.0,0.001,2020,Broncos,veteran,3,Eagles,new_team_signing,9019
Tyrie Cleveland,WR,Colts,2024,1,1.055,1.055,0.0,0.004,2020,Broncos,veteran,4,Colts,extension,9020
Tyrion Davis-Price,RB,49ers,2022,4,5.108546,1.277137,0.895304,0.006,2022,49ers,rookie,0,49ers,rookie_deal,9021
Tyrion Davis-Price,RB,49ers,2023,1,0.216,0.216,0.0,0.001,2022,49ers,veteran,1,49ers,extension,9022
Tyrion Davis-Price,RB,Eagles,2024,1,0.225,0.225,0.0,0.001,2022,49ers,veteran,2,49ers,new_team_signing,9023
Tyrion Davis-Price,RB,Packers,2025,1,1.03,1.03,0.0,0.004,2022,49ers,veteran,3,Eagles,new_team_signing,9024
Tyrod Taylor,QB,Ravens,2011,4,2.145308,0.536327,0.105308,0.004,2011,Ravens,rookie,0,Ravens,rookie_deal,9025
Tyrod Taylor,QB,Bills,2015,3,3.35,1.116667,1.15,0.008,2011,Ravens,veteran,4,Ravens,new_team_signing,9026
Tyrod Taylor,QB,Bills,2016,5,90.0,18.0,9.5,0.11599999999999999,2011,Ravens,veteran,5,Bills,extension,9027
Tyrod Taylor,QB,CLE/BUF,2017,2,30.5,15.25,15.5,0.091,2011,Ravens,veteran,6,Bills,new_team_signing,9028
Tyrod Taylor,QB,Chargers,2019,2,11.0,5.5,6.0,0.028999999999999998,2011,Ravens,veteran,8,CLE/BUF,new_team_signing,9029
Tyrod Taylor,QB,Texans,2021,1,5.5,5.5,2.5,0.03,2011,Ravens,veteran,10,Chargers,new_team_signing,9030
Tyrod Taylor,QB,Giants,2022,2,11.0,5.5,8.2,0.026000000000000002,2011,Ravens,veteran,11,Texans,new_team_signing,9031
Tyrod Taylor,QB,Jets,2024,2,12.0,6.0,8.5,0.023,2011,Ravens,veteran,13,Giants,new_team_signing,9032
Tyrod Taylor,QB,Packers,2026,1,2.5,2.5,0.7,0.008,2011,Ravens,veteran,15,Jets,new_team_signing,9033
Tyron Johnson,WR,Texans,2019,1,0.136,0.136,0.0,0.001,2019,Texans,rookie,0,Texans,rookie_deal,9034
Tyron Johnson,WR,Chargers,2020,1,0.1428,0.1428,0.0,0.001,2019,Texans,veteran,1,Texans,new_team_signing,9035
Tyron Johnson,WR,Raiders,2021,1,0.1656,0.1656,0.0,0.001,2019,Texans,veteran,2,Chargers,new_team_signing,9036
Tyron Johnson,WR,Raiders,2022,1,0.207,0.207,0.0,0.001,2019,Texans,veteran,3,Raiders,extension,9037
Tyron Johnson,WR,Cowboys,2023,1,0.3708,0.3708,0.0,0.002,2019,Texans,veteran,4,Raiders,new_team_signing,9038
Tyron Johnson,WR,Cowboys,2024,1,1.055,1.055,0.0,0.004,2019,Texans,veteran,5,Cowboys,extension,9039
Tyrone Broden,WR,Seahawks,2025,1,0.234,0.234,0.0,0.001,2025,Seahawks,rookie,0,Seahawks,rookie_deal,9040
Tyrone Broden,WR,Seahawks,2026,1,0.885,0.885,0.0,0.003,2025,Seahawks,veteran,1,Seahawks,extension,9041
Tyrone Swoopes,TE,Seahawks,2017,1,0.1224,0.1224,0.0,0.001,2017,Seahawks,rookie,0,Seahawks,rookie_deal,9042
Tyrone Swoopes,TE,Seahawks,2018,1,0.1292,0.1292,0.0,0.001,2017,Seahawks,veteran,1,Seahawks,extension,9043
Tyrone Swoopes,TE,Seahawks,2019,1,0.136,0.136,0.0,0.001,2017,Seahawks,veteran,2,Seahawks,extension,9044
Tyrone Swoopes,TE,Commanders,2020,1,0.1428,0.1428,0.0,0.001,2017,Seahawks,veteran,3,Seahawks,new_team_signing,9045
Tyrone Swoopes,TE,Commanders,2021,1,0.78,0.78,0.0,0.004,2017,Seahawks,veteran,4,Commanders,extension,9046
Tyrone Tracy Jr.,RB,Giants,2024,4,4.306352,1.076588,0.286352,0.004,2024,Giants,rookie,0,Giants,rookie_deal,9047
Tyshaun James,WR,Falcons,2022,3,2.565,0.855,0.035,0.004,2022,Falcons,rookie,0,Falcons,rookie_deal,9048
Tyson Bagent,QB,Bears,2023,3,2.72,0.906667,0.025,0.004,2023,Bears,rookie,0,Bears,rookie_deal,9049
Tyson Bagent,QB,Bears,2025,2,10.0,5.0,2.53,0.018000000000000002,2023,Bears,veteran,2,Bears,extension,9050
Ulysses Bentley IV,RB,Colts,2025,1,0.234,0.234,0.0,0.001,2025,Colts,rookie,0,Colts,rookie_deal,9051
Ulysses Bentley IV,RB,Colts,2026,1,0.885,0.885,0.0,0.003,2025,Colts,veteran,1,Colts,extension,9052
Valdez Showers,WR,Commanders,2016,3,1.62,0.54,0.0,0.003,2016,Commanders,rookie,0,Commanders,rookie_deal,9053
Valdez Showers,WR,Colts,2017,2,1.02,0.51,0.0,0.003,2016,Commanders,veteran,1,Commanders,new_team_signing,9054
Valentine Holmes,RB,Jets,2019,1,0.136,0.136,0.0,0.001,2019,Jets,rookie,0,Jets,rookie_deal,9055
Van Jefferson,WR,ATL/LAR,2020,4,5.61114,1.402785,3.11588,0.006999999999999999,2020,Rams,rookie,0,ATL/LAR,rookie_deal,9056
Van Jefferson,WR,Steelers,2024,1,1.2925,1.2925,0.1675,0.005,2020,Rams,veteran,4,ATL/LAR,new_team_signing,9057
Van Jefferson,WR,Titans,2025,1,1.67,1.67,1.17,0.006,2020,Rams,veteran,5,Steelers,new_team_signing,9058
Van Jefferson,WR,Commanders,2026,1,1.4025,1.4025,0.5275,0.005,2020,Rams,veteran,6,Titans,new_team_signing,9059
Vance McDonald,TE,49ers,2013,4,3.599178,0.899795,1.921183,0.006999999999999999,2013,,rookie,0,49ers,rookie_deal,9060
Vance McDonald,TE,PIT/SF,2016,5,32.5,6.5,9.1,0.042,2013,,veteran,3,49ers,new_team_signing,9061
Vance McDonald,TE,Steelers,2020,2,10.3,5.15,4.0,0.026000000000000002,2013,,veteran,7,PIT/SF,new_team_signing,9062
Velus Jones Jr.,WR,Bears,2022,4,5.405924,1.351481,1.11158,0.006,2022,Bears,rookie,0,Bears,rookie_deal,9063
Velus Jones Jr.,WR,Jaguars,2024,1,0.225,0.225,0.0,0.001,2022,Bears,veteran,2,Bears,new_team_signing,9064
Velus Jones Jr.,WR,Saints,2025,1,0.342,0.342,0.0,0.001,2022,Bears,veteran,3,Jaguars,new_team_signing,9065
Velus Jones Jr.,RB,Seahawks,2026,1,1.215,1.215,0.0,0.004,2022,Bears,veteran,4,Saints,new_team_signing,9066
Ventell Bryant,WR,Cowboys,2019,1,0.136,0.136,0.0,0.001,2019,Bengals,rookie,0,Cowboys,rookie_deal,9067
Ventell Bryant,WR,Panthers,2020,1,0.1428,0.1428,0.0,0.001,2019,Bengals,veteran,1,Cowboys,new_team_signing,9068
Ventell Bryant,WR,Panthers,2021,1,0.78,0.78,0.0,0.004,2019,Bengals,veteran,2,Panthers,extension,9069
Vernon Davis,TE,49ers,2006,5,20.275,4.055,11.88,0.04,2006,,rookie,0,49ers,rookie_deal,9070
Vernon Davis,TE,DEN/SF,2010,5,36.75,7.35,10.0,0.057,2006,,veteran,4,49ers,new_team_signing,9071
Vernon Davis,TE,Commanders,2016,1,2.4,2.4,1.1,0.015,2006,,veteran,10,DEN/SF,new_team_signing,9072
Vernon Davis,TE,Commanders,2017,3,15.0,5.0,7.5,0.03,2006,,veteran,11,Commanders,extension,9073
Vernon Johnson,WR,Lions,2015,3,1.585,0.528333,0.01,0.0,2015,Lions,rookie,0,Lions,rookie_deal,9074
Vick Ballard,RB,Colts,2012,4,2.24456,0.56114,0.14456,0.005,2012,Colts,rookie,0,Colts,rookie_deal,9075
Vick Ballard,RB,Saints,2016,1,0.525,0.525,0.0,0.003,2012,Colts,veteran,4,Colts,new_team_signing,9076
Victor Bolden,WR,49ers,2017,3,1.673,0.557667,0.043,0.003,2017,49ers,rookie,0,49ers,rookie_deal,9077
Victor Bolden,WR,49ers,2018,1,0.255,0.255,0.0,0.001,2017,49ers,veteran,1,49ers,extension,9078
Victor Bolden,WR,Lions,2019,1,0.136,0.136,0.0,0.001,2017,49ers,veteran,2,49ers,new_team_signing,9079
Victor Bolden,WR,Lions,2020,1,0.1428,0.1428,0.0,0.001,2017,49ers,veteran,3,Lions,extension,9080
Victor Bolden,WR,Lions,2021,1,0.85,0.85,0.0,0.005,2017,49ers,veteran,4,Lions,extension,9081
Victor Bolden,WR,Broncos,2022,1,0.207,0.207,0.0,0.001,2017,49ers,veteran,5,Lions,new_team_signing,9082
Victor Bolden,WR,Broncos,2023,1,0.94,0.94,0.0,0.004,2017,49ers,veteran,6,Broncos,extension,9083
Victor Cruz,WR,Giants,2010,3,1.215,0.405,0.0,0.003,2010,Giants,rookie,0,Giants,rookie_deal,9084
Victor Cruz,WR,Giants,2013,1,2.879,2.879,0.0,0.023,2010,Giants,veteran,3,Giants,extension,9085
Victor Cruz,WR,Giants,2016,3,21.5,7.166667,2.4,0.046,2010,Giants,veteran,6,Giants,extension,9086
Victor Cruz,WR,Bears,2017,1,2.0,2.0,0.5,0.012,2010,Giants,veteran,7,Giants,new_team_signing,9087
Vidal Hazelton,WR,Jets,2011,1,0.405,0.405,0.0,0.0,2011,Chargers,rookie,0,Jets,rookie_deal,9088
Vince Mayle,TE,Cowboys,2015,1,0.1122,0.1122,0.0,0.001,2015,Browns,rookie,0,Cowboys,rookie_deal,9089
Vince Mayle,TE,Cowboys,2016,1,0.1173,0.1173,0.0,0.001,2015,Browns,veteran,1,Cowboys,extension,9090
Vince Mayle,TE,Chargers,2018,1,0.1292,0.1292,0.0,0.001,2015,Browns,veteran,3,Cowboys,new_team_signing,9091
Vince Mayle,TE,Chargers,2019,1,0.645,0.645,0.0,0.003,2015,Browns,veteran,4,Chargers,extension,9092
Vincent Brown,WR,Chargers,2011,4,2.626068,0.656517,0.586068,0.005,2011,Chargers,rookie,0,Chargers,rookie_deal,9093
Vincent Brown,WR,Raiders,2014,1,0.988339,0.988339,0.025,0.006999999999999999,2011,Chargers,veteran,3,Chargers,new_team_signing,9094
Vincent Brown,WR,Colts,2015,1,0.66,0.66,0.0,0.005,2011,Chargers,veteran,4,Raiders,new_team_signing,9095
Vincent Brown,WR,Saints,2016,1,0.76,0.76,0.0,0.005,2011,Chargers,veteran,5,Colts,new_team_signing,9096
Vincent Jackson,WR,Chargers,2005,5,3.305,0.661,1.375,0.008,2005,Chargers,rookie,0,Chargers,rookie_deal,9097
Vincent Jackson,WR,Chargers,2010,1,0.682,0.682,0.0,0.005,2005,Chargers,veteran,5,Chargers,extension,9098
Vincent Jackson,WR,Chargers,2011,1,11.424,11.424,11.424,0.095,2005,Chargers,veteran,6,Chargers,extension,9099
Vincent Jackson,WR,Buccaneers,2012,5,55.555555,11.111111,26.0,0.092,2005,Chargers,veteran,7,Chargers,new_team_signing,9100
Vincent Testaverde,QB,Buccaneers,2019,1,0.495,0.495,0.0,0.003,2019,Buccaneers,rookie,0,Buccaneers,rookie_deal,9101
Vinny Anthony II,WR,Falcons,2026,3,3.115,1.038333,0.2625,0.003,2026,Falcons,rookie,0,Falcons,rookie_deal,9102
Virgil Green,TE,Broncos,2011,4,2.109,0.52725,0.069,0.004,2011,Broncos,rookie,0,Broncos,rookie_deal,9103
Virgil Green,TE,Broncos,2015,3,8.4,2.8,2.5,0.02,2011,Broncos,veteran,4,Broncos,extension,9104
Virgil Green,TE,Chargers,2018,3,8.6,2.866667,5.9,0.016,2011,Broncos,veteran,7,Broncos,new_team_signing,9105
Vonta Leach,RB,Ravens,2004,2,3.75,1.875,1.16,0.0,2004,Packers,rookie,0,Ravens,rookie_deal,9106
Vyncint Smith,WR,Texans,2018,3,1.72,0.573333,0.035,0.003,2018,Texans,rookie,0,Texans,rookie_deal,9107
Vyncint Smith,WR,Texans,2019,1,0.17,0.17,0.0,0.001,2018,Texans,veteran,1,Texans,extension,9108
Vyncint Smith,WR,Jets,2021,1,0.252,0.252,0.0,0.001,2018,Texans,veteran,3,Texans,new_team_signing,9109
Vyncint Smith,WR,Broncos,2022,1,0.2772,0.2772,0.0,0.001,2018,Texans,veteran,4,Jets,new_team_signing,9110
Vyncint Smith,WR,Colts,2023,1,1.01,1.01,0.0,0.004,2018,Texans,veteran,5,Broncos,new_team_signing,9111
Walt Powell,WR,NYJ/ARI,2014,4,2.323788,0.580947,0.103788,0.004,2014,Cardinals,rookie,0,NYJ/ARI,rookie_deal,9112
Walt Powell,WR,Jets,2015,1,0.1122,0.1122,0.0,0.001,2014,Cardinals,veteran,1,NYJ/ARI,new_team_signing,9113
Walt Powell,WR,Jaguars,2018,1,0.1224,0.1224,0.0,0.001,2014,Cardinals,veteran,4,Jets,new_team_signing,9114
Wan'Dale Robinson,WR,Giants,2022,4,8.185166,2.046292,5.791409,0.01,2022,Giants,rookie,0,Giants,rookie_deal,9115
Wan'Dale Robinson,WR,Titans,2026,4,70.0,17.5,38.0,0.057999999999999996,2022,Giants,veteran,4,Giants,new_team_signing,9116
Warren Jackson,WR,Rams,2021,1,0.1656,0.1656,0.0,0.001,2021,Broncos,rookie,0,Rams,rookie_deal,9117
Warren Jackson,WR,Rams,2022,2,1.575,0.7875,0.0,0.004,2021,Broncos,veteran,1,Rams,extension,9118
Wayne Gallman,RB,Giants,2017,4,2.819648,0.704912,0.419648,0.004,2017,Giants,rookie,0,Giants,rookie_deal,9119
Wayne Gallman,RB,ATL/MIN,2021,1,0.99,0.99,0.0,0.005,2017,Giants,veteran,4,Giants,new_team_signing,9120
Wayne Gallman,RB,Seahawks,2022,1,0.2772,0.2772,0.0,0.001,2017,Giants,veteran,5,ATL/MIN,new_team_signing,9121
Wayne Ruby,WR,Jaguars,2024,3,2.831,0.943667,0.001,0.004,2024,Jaguars,rookie,0,Jaguars,rookie_deal,9122
Wayne Taulapapa,RB,Seahawks,2023,1,0.75,0.75,0.0,0.003,2023,Seahawks,rookie,0,Seahawks,rookie_deal,9123
Wendall Williams,WR,Texans,2016,3,1.62,0.54,0.0,0.003,2016,Texans,rookie,0,Texans,rookie_deal,9124
Wendell Smallwood,RB,PHI/WAS,2016,4,2.58458,0.646145,0.24458,0.004,2016,Eagles,rookie,0,PHI/WAS,rookie_deal,9125
Wendell Smallwood,RB,Steelers,2020,1,0.245529,0.245529,0.0,0.001,2016,Eagles,veteran,4,PHI/WAS,new_team_signing,9126
Wendell Smallwood,RB,Commanders,2021,1,0.252,0.252,0.0,0.001,2016,Eagles,veteran,5,Steelers,new_team_signing,9127
Wes Hills,RB,Lions,2019,1,0.136,0.136,0.0,0.001,2019,Cardinals,rookie,0,Lions,rookie_deal,9128
Wes Hills,RB,Lions,2020,1,0.675,0.675,0.0,0.003,2019,Cardinals,veteran,1,Lions,extension,9129
Wes Lunt,QB,Vikings,2017,3,1.665,0.555,0.0,0.003,2017,Vikings,rookie,0,Vikings,rookie_deal,9130
Wes Saxton,TE,Lions,2018,1,0.48,0.48,0.0,0.003,2015,Jets,veteran,3,Commanders,new_team_signing,9131
Wes Saxton,TE,Seahawks,2019,1,0.136,0.136,0.0,0.001,2015,Jets,veteran,4,Lions,new_team_signing,9132
Wes Welker,WR,Chargers,2004,2,0.545,0.2725,0.01,0.003,2004,Chargers,rookie,0,Chargers,rookie_deal,9133
Wes Welker,WR,Dolphins,2007,1,1.3,1.3,0.0,0.012,2004,Chargers,veteran,3,Chargers,new_team_signing,9134
Wes Welker,WR,Patriots,2012,1,9.515,9.515,9.515,0.079,2004,Chargers,veteran,8,Dolphins,new_team_signing,9135
Wes Welker,WR,Broncos,2013,2,12.0,6.0,6.0,0.049,2004,Chargers,veteran,9,Patriots,new_team_signing,9136
Wes Welker,WR,Rams,2015,1,1.17,1.17,0.0,0.008,2004,Chargers,veteran,11,Broncos,new_team_signing,9137
Wesley Grimes,WR,49ers,2026,3,3.11,1.036667,0.2,0.003,2026,49ers,rookie,0,49ers,rookie_deal,9138
Weslye Saunders,TE,Colts,2011,1,0.645,0.645,0.0,0.0,2011,Steelers,rookie,0,Colts,rookie_deal,9139
Whop Philyor,WR,Vikings,2021,1,0.1656,0.1656,0.0,0.001,2021,Vikings,rookie,0,Vikings,rookie_deal,9140
Will Dissly,TE,Seahawks,2018,4,3.110268,0.777567,0.650268,0.004,2018,Seahawks,rookie,0,Seahawks,rookie_deal,9141
Will Dissly,TE,Seahawks,2022,3,24.0,8.0,10.34,0.038,2018,Seahawks,veteran,4,Seahawks,extension,9142
Will Dissly,TE,Chargers,2024,3,14.0,4.666666,1.0,0.018000000000000002,2018,Seahawks,veteran,6,Seahawks,new_team_signing,9143
Will Fuller,WR,Texans,2016,4,10.164312,2.541078,9.85927,0.016,2016,Texans,rookie,0,Texans,rookie_deal,9144
Will Fuller,WR,Dolphins,2021,1,10.625011,10.625011,10.625011,0.057999999999999996,2016,Texans,veteran,5,Texans,new_team_signing,9145
Will Grier,QB,CAR/DAL,2019,4,3.852996,0.963249,0.82218,0.005,2019,Panthers,rookie,0,CAR/DAL,rookie_deal,9146
Will Grier,QB,Cowboys,2022,1,0.3582,0.3582,0.0,0.002,2019,Panthers,veteran,3,CAR/DAL,new_team_signing,9147
Will Grier,QB,Patriots,2023,1,0.2898,0.2898,0.0,0.001,2019,Panthers,veteran,4,Cowboys,new_team_signing,9148
Will Grier,QB,Eagles,2024,1,0.3024,0.3024,0.0,0.001,2019,Panthers,veteran,5,Patriots,new_team_signing,9149
Will Grier,QB,Cowboys,2025,1,0.396,0.396,0.0,0.001,2019,Panthers,veteran,6,Eagles,new_team_signing,9150
Will Grier,QB,CAR/DAL,2026,1,1.215,1.215,0.0,0.004,2019,Panthers,veteran,7,Cowboys,new_team_signing,9151
Will Hastings,WR,Patriots,2020,1,0.61,0.61,0.0,0.003,2020,Patriots,rookie,0,Patriots,rookie_deal,9152
Will Howard,QB,Steelers,2025,4,4.4481,1.112025,0.2481,0.004,2025,Steelers,rookie,0,Steelers,rookie_deal,9153
Will Kacmarek,TE,Dolphins,2026,4,6.849462,1.712366,1.441428,0.006,2026,Dolphins,rookie,0,Dolphins,rookie_deal,9154
Will Levis,QB,Titans,2023,4,9.542162,2.385541,8.730957,0.011000000000000001,2023,Titans,rookie,0,Titans,rookie_deal,9155
Will Mallory,TE,Colts,2023,4,4.130592,1.032648,0.290592,0.005,2023,Colts,rookie,0,Colts,rookie_deal,9156
Will Murphy,WR,Eagles,2013,3,1.575,0.525,0.0,0.0,2013,Eagles,rookie,0,Eagles,rookie_deal,9157
Will Pauling,WR,49ers,2026,3,3.13,1.043333,0.2775,0.003,2026,49ers,rookie,0,49ers,rookie_deal,9158
Will Sheppard,WR,Packers,2025,1,0.234,0.234,0.0,0.001,2025,Packers,rookie,0,Packers,rookie_deal,9159
Will Sheppard,WR,Packers,2026,1,0.885,0.885,0.0,0.003,2025,Packers,veteran,1,Packers,extension,9160
Will Shipley,RB,Eagles,2024,4,4.736964,1.184241,0.716964,0.005,2024,Eagles,rookie,0,Eagles,rookie_deal,9161
Will Ta'ufo'ou,RB,Jaguars,2009,1,0.57,0.57,0.0,0.0,2009,Bears,rookie,0,Jaguars,rookie_deal,9162
Will Tye,TE,Eagles,2018,1,0.1292,0.1292,0.0,0.001,2015,Giants,veteran,3,Patriots,new_team_signing,9163
Will Tye,TE,Eagles,2019,1,0.72,0.72,0.0,0.004,2015,Giants,veteran,4,Eagles,extension,9164
William Powell,RB,Cardinals,2011,2,1.08,0.54,0.0,0.0,2011,Cardinals,rookie,0,Cardinals,rookie_deal,9165
William Stanback,RB,Packers,2017,3,1.665,0.555,0.0,0.003,2017,Packers,rookie,0,Packers,rookie_deal,9166
William Stanback,RB,Raiders,2020,2,1.26,0.63,0.1,0.003,2017,Packers,veteran,3,Packers,new_team_signing,9167
Willie Johnson,WR,Jaguars,2022,3,2.56,0.833333,0.0,0.004,2022,Jaguars,rookie,0,Jaguars,rookie_deal,9168
Willie Snead,WR,Saints,2014,1,0.1071,0.1071,0.0,0.001,2014,Browns,rookie,0,Saints,rookie_deal,9169
Willie Snead,WR,Saints,2015,2,0.96,0.48,0.0,0.003,2014,Browns,veteran,1,Saints,extension,9170
Willie Snead,WR,Saints,2017,1,0.615,0.615,0.0,0.004,2014,Browns,veteran,3,Saints,extension,9171
Willie Snead,WR,Saints,2018,1,1.907,1.907,0.0,0.011000000000000001,2014,Browns,veteran,4,Saints,extension,9172
Willie Snead,WR,Ravens,2019,1,6.0,6.0,6.0,0.032,2014,Browns,veteran,5,Saints,new_team_signing,9173
Willie Snead,WR,Panthers,2021,1,0.252,0.252,0.0,0.001,2014,Browns,veteran,7,Ravens,new_team_signing,9174
Willie Snead,WR,49ers,2022,1,0.3582,0.3582,0.0,0.002,2014,Browns,veteran,8,Panthers,new_team_signing,9175
Willie Snead,WR,49ers,2023,1,0.3708,0.3708,0.0,0.002,2014,Browns,veteran,9,49ers,extension,9176
Willie Snead,WR,Dolphins,2024,1,1.21,1.21,0.0,0.005,2014,Browns,veteran,10,49ers,new_team_signing,9177
Willis McGahee,RB,Bills,2003,5,7.053,1.4106,1.0,0.019,2003,Bills,rookie,0,Bills,rookie_deal,9178
Willis McGahee,RB,Ravens,2007,7,40.12,5.731429,7.5,0.053,2003,Bills,veteran,4,Bills,new_team_signing,9179
Willis McGahee,RB,Broncos,2011,4,9.5,2.375,3.0,0.02,2003,Bills,veteran,8,Ravens,new_team_signing,9180
Willis McGahee,RB,Browns,2013,1,0.94,0.94,0.0,0.008,2003,Bills,veteran,10,Broncos,new_team_signing,9181
Wilton Speight,QB,49ers,2019,3,1.76,0.586667,0.02,0.003,2019,,rookie,0,49ers,rookie_deal,9182
Winston Wright,WR,Browns,2025,3,2.965,0.988333,0.0,0.004,2025,Browns,rookie,0,Browns,rookie_deal,9183
Woody Marks,RB,Texans,2025,4,5.203768,1.300942,1.003768,0.005,2025,Texans,rookie,0,Texans,rookie_deal,9184
Wyatt Houston,TE,Panthers,2017,1,0.465,0.465,0.0,0.003,2017,Chiefs,rookie,0,Panthers,rookie_deal,9185
Xavier Gipson,WR,NYG/PHI,2023,3,2.71,0.903333,0.165,0.004,2023,Jets,rookie,0,NYG/PHI,rookie_deal,9186
Xavier Gipson,WR,Giants,2025,1,0.234,0.234,0.0,0.001,2023,Jets,veteran,2,NYG/PHI,new_team_signing,9187
Xavier Grimble,TE,Steelers,2018,1,0.63,0.63,0.0,0.004,2014,Giants,veteran,4,Steelers,extension,9188
Xavier Grimble,TE,Colts,2019,1,0.82,0.82,0.0,0.004,2014,Giants,veteran,5,Steelers,new_team_signing,9189
Xavier Grimble,TE,Colts,2020,1,0.204,0.204,0.0,0.001,2014,Giants,veteran,6,Colts,extension,9190
Xavier Guillory,WR,Ravens,2025,3,2.97,0.99,0.005,0.004,2025,Ravens,rookie,0,Ravens,rookie_deal,9191
Xavier Guillory,WR,Ravens,2026,1,0.885,0.885,0.0,0.003,2025,Ravens,veteran,1,Ravens,extension,9192
Xavier Hutchinson,WR,Texans,2023,4,4.0037,1.000925,0.1637,0.004,2023,Texans,rookie,0,Texans,rookie_deal,9193
Xavier Johnson,WR,Texans,2024,1,0.225,0.225,0.0,0.001,2024,Bills,rookie,0,Texans,rookie_deal,9194
Xavier Johnson,WR,Bengals,2025,1,0.234,0.234,0.0,0.001,2024,Bills,veteran,1,Texans,new_team_signing,9195
Xavier Johnson,WR,Bengals,2026,1,0.885,0.885,0.0,0.003,2024,Bills,veteran,2,Bengals,extension,9196
Xavier Jones,RB,Rams,2020,3,2.294,0.764667,0.009,0.004,2020,Rams,rookie,0,Rams,rookie_deal,9197
Xavier Legette,WR,Panthers,2024,4,12.357176,3.089294,12.357176,0.012,2024,Panthers,rookie,0,Panthers,rookie_deal,9198
Xavier Loyd,WR,Chiefs,2026,3,3.1,1.033333,0.0,0.003,2026,Chiefs,rookie,0,Chiefs,rookie_deal,9199
Xavier Malone,WR,Falcons,2023,1,0.216,0.216,0.0,0.001,2023,Falcons,rookie,0,Falcons,rookie_deal,9200
Xavier Restrepo,WR,Titans,2025,1,0.234,0.234,0.0,0.001,2025,Titans,rookie,0,Titans,rookie_deal,9201
Xavier Restrepo,WR,Titans,2026,2,1.935,0.9675,0.0,0.003,2025,Titans,veteran,1,Titans,extension,9202
Xavier Rush,WR,Saints,2017,1,0.465,0.465,0.0,0.003,2015,,veteran,2,Eagles,new_team_signing,9203
Xavier Smith,WR,Rams,2023,1,0.216,0.216,0.0,0.001,2023,Rams,rookie,0,Rams,rookie_deal,9204
Xavier Smith,WR,Rams,2024,1,0.225,0.225,0.0,0.001,2023,Rams,veteran,1,Rams,extension,9205
Xavier Smith,WR,Rams,2026,1,1.075,1.075,0.0,0.004,2023,Rams,veteran,3,Rams,extension,9206
Xavier Turner,RB,Seahawks,2019,1,0.136,0.136,0.0,0.001,2019,Cardinals,rookie,0,Seahawks,rookie_deal,9207
Xavier Ubosi,WR,Buccaneers,2019,2,1.08,0.54,0.0,0.003,2019,Patriots,rookie,0,Buccaneers,rookie_deal,9208
Xavier Weaver,WR,Cardinals,2024,3,2.86,0.953333,0.255,0.004,2024,Cardinals,rookie,0,Cardinals,rookie_deal,9209
Xavier White,WR,Colts,2024,3,2.8325,0.944167,0.0025,0.004,2024,Colts,rookie,0,Colts,rookie_deal,9210
Xavier Worthy,WR,Chiefs,2024,4,13.790264,3.447566,13.790264,0.013000000000000001,2024,Chiefs,rookie,0,Chiefs,rookie_deal,9211
Xazavian Valladay,RB,Jets,2023,1,0.216,0.216,0.0,0.001,2023,Texans,rookie,0,Jets,rookie_deal,9212
Xazavian Valladay,RB,Saints,2024,1,0.225,0.225,0.0,0.001,2023,Texans,veteran,1,Jets,new_team_signing,9213
Xazavian Valladay,RB,Vikings,2025,1,0.234,0.234,0.0,0.001,2023,Texans,veteran,2,Saints,new_team_signing,9214
ZaQuandre White,RB,Dolphins,2022,1,0.207,0.207,0.0,0.001,2022,Dolphins,rookie,0,Dolphins,rookie_deal,9215
Zac Dysert,QB,Broncos,2013,4,2.2082,0.52205,0.0482,0.004,2013,Broncos,rookie,0,Broncos,rookie_deal,9216
Zac Dysert,QB,Broncos,2014,1,0.17,0.17,0.0,0.001,2013,Broncos,veteran,1,Broncos,extension,9217
Zac Dysert,QB,Texans,2015,1,0.1122,0.1122,0.0,0.001,2013,Broncos,veteran,2,Broncos,new_team_signing,9218
Zac Dysert,QB,Cardinals,2016,1,0.1173,0.1173,0.0,0.001,2013,Broncos,veteran,3,Texans,new_team_signing,9219
Zac Dysert,QB,ARI/DAL,2017,1,0.615,0.615,0.0,0.004,2013,Broncos,veteran,4,Cardinals,new_team_signing,9220
Zac Robinson,QB,Bengals,2010,2,1.05,0.525,0.0,0.0,2010,Patriots,rookie,0,Bengals,rookie_deal,9221
Zac Stacy,RB,LAR/NYJ,2013,4,2.3365,0.584125,0.1765,0.005,2013,Rams,rookie,0,LAR/NYJ,rookie_deal,9222
Zach Bauman,RB,Cardinals,2014,2,0.96,0.48,0.0,0.0,2014,Cardinals,rookie,0,Cardinals,rookie_deal,9223
Zach Charbonnet,RB,Seahawks,2023,4,6.876078,1.71902,3.813333,0.008,2023,Seahawks,rookie,0,Seahawks,rookie_deal,9224
Zach Conque,TE,Texans,2017,1,0.1224,0.1224,0.0,0.001,2017,Texans,rookie,0,Texans,rookie_deal,9225
Zach Conque,TE,Texans,2018,2,1.05,0.525,0.0,0.003,2017,Texans,veteran,1,Texans,extension,9226
Zach Conque,TE,Colts,2019,1,0.495,0.495,0.0,0.003,2017,Texans,veteran,2,Texans,new_team_signing,9227
Zach D'Orazio,WR,Patriots,2015,1,0.435,0.435,0.0,0.0,2015,Patriots,rookie,0,Patriots,rookie_deal,9228
Zach Davidson,TE,Vikings,2021,1,0.1656,0.1656,0.0,0.001,2021,Vikings,rookie,0,Vikings,rookie_deal,9229
Zach Davidson,TE,Bills,2022,1,0.207,0.207,0.0,0.001,2021,Vikings,veteran,1,Vikings,new_team_signing,9230
Zach Davidson,TE,Bills,2023,2,1.674,0.837,0.009,0.004,2021,Vikings,veteran,2,Bills,extension,9231
Zach Davidson,TE,Bills,2024,1,0.225,0.225,0.0,0.001,2021,Vikings,veteran,3,Bills,extension,9232
Zach Davidson,TE,Giants,2025,1,0.234,0.234,0.0,0.001,2021,Vikings,veteran,4,Bills,new_team_signing,9233
Zach Ertz,TE,Eagles,2013,4,5.379198,1.3448,3.657854,0.011000000000000001,2013,Eagles,rookie,0,Eagles,rookie_deal,9234
Zach Ertz,TE,PHI/ARI,2016,5,42.5,8.5,13.318527,0.055,2013,Eagles,veteran,3,Eagles,new_team_signing,9235
Zach Ertz,TE,Cardinals,2022,3,31.65,10.55,14.5,0.051,2013,Eagles,veteran,9,PHI/ARI,new_team_signing,9236
Zach Ertz,TE,Lions,2023,1,0.2898,0.2898,0.0,0.001,2013,Eagles,veteran,10,Cardinals,new_team_signing,9237
Zach Ertz,TE,Commanders,2024,1,3.0,3.0,1.96,0.012,2013,Eagles,veteran,11,Lions,new_team_signing,9238
Zach Ertz,TE,Commanders,2025,1,6.25,6.25,5.59,0.022000000000000002,2013,Eagles,veteran,12,Commanders,extension,9239
Zach Evans,RB,Rams,2023,4,3.973332,0.993333,0.133332,0.004,2023,Rams,rookie,0,Rams,rookie_deal,9240
Zach Evans,RB,Rams,2024,1,0.225,0.225,0.0,0.001,2023,Rams,veteran,1,Rams,extension,9241
Zach Evans,RB,Jets,2025,2,2.035,1.0175,0.0,0.004,2023,Rams,veteran,2,Rams,new_team_signing,9242
Zach Gentry,TE,Steelers,2019,4,2.86446,0.716115,0.34446,0.004,2019,Steelers,rookie,0,Steelers,rookie_deal,9243
Zach Gentry,TE,Bengals,2023,1,0.2898,0.2898,0.0,0.001,2019,Steelers,veteran,4,Steelers,new_team_signing,9244
Zach Heins,TE,Chargers,2024,3,2.835,0.945,0.005,0.004,2024,Chargers,rookie,0,Chargers,rookie_deal,9245
Zach Horton,TE,Lions,2025,1,0.234,0.234,0.0,0.001,2025,Lions,rookie,0,Lions,rookie_deal,9246
Zach Horton,TE,Lions,2026,1,0.885,0.885,0.0,0.003,2025,Lions,veteran,1,Lions,extension,9247
Zach Mettenberger,QB,LAC/PIT/TEN,2014,4,2.345116,0.586279,0.125116,0.004,2014,Titans,rookie,0,LAC/PIT/TEN,rookie_deal,9248
Zach Miller,TE,Raiders,2007,4,5.152,1.288,3.487,0.012,2007,Raiders,rookie,0,Raiders,rookie_deal,9249
Zach Miller,TE,Jaguars,2009,4,1.8805,0.470125,0.1105,0.004,2009,Jaguars,rookie,0,Jaguars,rookie_deal,9250
Zach Miller,TE,Seahawks,2011,5,34.0,6.8,13.0,0.055999999999999994,2007,Raiders,veteran,4,Jaguars,new_team_signing,9251
Zach Miller,TE,Buccaneers,2013,1,0.63,0.63,0.0,0.005,2009,Jaguars,veteran,4,Seahawks,new_team_signing,9252
Zach Miller,TE,Bears,2014,1,0.645,0.645,0.0,0.005,2009,Jaguars,veteran,5,Buccaneers,new_team_signing,9253
Zach Miller,TE,Bears,2015,1,0.66,0.66,0.0,0.005,2009,Jaguars,veteran,6,Bears,extension,9254
Zach Miller,TE,Bears,2016,2,6.0,3.0,3.0,0.019,2009,Jaguars,veteran,7,Bears,extension,9255
Zach Miller,TE,Bears,2018,1,0.79,0.79,0.0,0.004,2009,Jaguars,veteran,9,Bears,extension,9256
Zach Ojile,TE,Vikings,2023,3,2.695,0.898333,0.0,0.004,2023,Vikings,rookie,0,Vikings,rookie_deal,9257
Zach Pascal,WR,Titans,2017,1,0.1224,0.1224,0.0,0.001,2017,Commanders,rookie,0,Titans,rookie_deal,9258
Zach Pascal,WR,Titans,2018,2,1.05,0.525,0.0,0.003,2017,Commanders,veteran,1,Titans,extension,9259
Zach Pascal,WR,Colts,2019,1,0.66,0.66,0.0,0.004,2017,Commanders,veteran,2,Titans,new_team_signing,9260
Zach Pascal,WR,Colts,2021,1,3.384,3.384,0.0,0.019,2017,Commanders,veteran,4,Colts,extension,9261
Zach Pascal,WR,Eagles,2022,1,1.5,1.5,1.5,0.006999999999999999,2017,Commanders,veteran,5,Colts,new_team_signing,9262
Zach Pascal,WR,Cardinals,2023,2,4.5,2.25,1.5,0.01,2017,Commanders,veteran,6,Eagles,new_team_signing,9263
Zach Pascal,WR,Giants,2025,1,1.4225,1.4225,0.09,0.005,2017,Commanders,veteran,8,Cardinals,new_team_signing,9264
Zach Potter,TE,Texans,2009,1,0.645,0.645,0.0,0.0,2009,Jets,rookie,0,Texans,rookie_deal,9265
Zach Terrell,QB,Ravens,2017,3,1.665,0.555,0.0,0.003,2017,Ravens,rookie,0,Ravens,rookie_deal,9266
Zach Wilson,QB,NYJ/DEN,2021,4,35.15068,8.787695,35.15068,0.048,2021,Jets,rookie,0,NYJ/DEN,rookie_deal,9267
Zach Wilson,QB,Dolphins,2025,1,6.0,6.0,6.0,0.021,2021,Jets,veteran,4,NYJ/DEN,new_team_signing,9268
Zach Wilson,QB,Saints,2026,1,1.4025,1.4025,0.5988,0.005,2021,Jets,veteran,5,Dolphins,new_team_signing,9269
Zach Zenner,RB,Lions,2015,3,1.58,0.526667,0.005,0.004,2015,Lions,rookie,0,Lions,rookie_deal,9270
Zach Zenner,RB,Lions,2018,1,0.705,0.705,0.0,0.004,2015,Lions,veteran,3,Lions,extension,9271
Zach Zenner,RB,Saints,2019,1,0.805,0.805,0.0,0.004,2015,Lions,veteran,4,Lions,new_team_signing,9272
Zachariah Branch,WR,Falcons,2026,4,7.056144,1.764036,1.59174,0.006,2026,Falcons,rookie,0,Falcons,rookie_deal,9273
Zack Annexstad,QB,Buccaneers,2024,3,2.833,0.944333,0.003,0.004,2024,Buccaneers,rookie,0,Buccaneers,rookie_deal,9274
Zack Kuntz,TE,Jets,2023,1,0.216,0.216,0.0,0.001,2023,Jets,rookie,0,Jets,rookie_deal,9275
Zack Kuntz,TE,Jets,2024,1,0.225,0.225,0.0,0.001,2023,Jets,veteran,1,Jets,extension,9276
Zack Kuntz,TE,Jets,2025,2,1.845,0.9225,0.0,0.003,2023,Jets,veteran,2,Jets,extension,9277
Zack Kuntz,TE,Dolphins,2026,2,1.935,0.9675,0.0,0.003,2023,Jets,veteran,3,Jets,new_team_signing,9278
Zack Moss,RB,BUF/IND,2020,4,4.522081,1.13052,0.91442,0.006,2020,Bills,rookie,0,BUF/IND,rookie_deal,9279
Zack Moss,RB,Bengals,2024,2,8.0,4.0,3.0,0.016,2020,Bills,veteran,4,BUF/IND,new_team_signing,9280
Zack Moss,RB,Bengals,2025,1,1.7,1.7,0.375,0.006,2020,Bills,veteran,5,Bengals,extension,9281
Zaire Mitchell-Paden,TE,Browns,2022,1,0.207,0.207,0.0,0.001,2022,Browns,rookie,0,Browns,rookie_deal,9282
Zaire Mitchell-Paden,TE,Browns,2023,1,0.216,0.216,0.0,0.001,2022,Browns,veteran,1,Browns,extension,9283
Zaire Mitchell-Paden,TE,Ravens,2024,1,0.225,0.225,0.0,0.001,2022,Browns,veteran,2,Browns,new_team_signing,9284
Zaire Mitchell-Paden,TE,Ravens,2025,1,0.234,0.234,0.0,0.001,2022,Browns,veteran,3,Ravens,extension,9285
Zaire Mitchell-Paden,TE,Saints,2026,2,2.125,1.0625,0.0,0.004,2022,Browns,veteran,4,Ravens,new_team_signing,9286
Zakhari Franklin,WR,Raiders,2025,3,2.97,0.99,0.025,0.004,2025,Raiders,rookie,0,Raiders,rookie_deal,9287
Zamir White,RB,Raiders,2022,4,4.403924,1.100981,0.743924,0.005,2022,Raiders,rookie,0,Raiders,rookie_deal,9288
Zander Horvath,RB,Chargers,2022,4,3.737012,0.934253,0.077012,0.004,2022,Chargers,rookie,0,Chargers,rookie_deal,9289
Zander Horvath,RB,Chargers,2023,1,0.216,0.216,0.0,0.001,2022,Chargers,veteran,1,Chargers,extension,9290
Zander Horvath,RB,Dolphins,2024,1,0.915,0.915,0.0,0.004,2022,Chargers,veteran,2,Chargers,new_team_signing,9291
Zavier Scott,WR,Colts,2023,1,0.216,0.216,0.0,0.001,2023,Colts,rookie,0,Colts,rookie_deal,9292
Zavier Scott,WR,Vikings,2024,1,0.225,0.225,0.0,0.001,2023,Colts,veteran,1,Colts,new_team_signing,9293
Zavier Scott,WR,Vikings,2025,1,0.84,0.84,0.0,0.003,2023,Colts,veteran,2,Vikings,extension,9294
Zavier Scott,WR,Vikings,2026,1,1.005,1.005,0.0,0.003,2023,Colts,veteran,3,Vikings,extension,9295
Zavion Thomas,WR,Bears,2026,4,6.83151,1.707878,1.428372,0.006,2026,Bears,rookie,0,Bears,rookie_deal,9296
Zay Flowers,WR,Ravens,2023,4,14.03644,3.50911,14.03644,0.016,2023,Ravens,rookie,0,Ravens,rookie_deal,9297
Zay Jones,WR,LV/BUF,2017,4,6.779798,1.69495,4.308933,0.01,2017,Bills,rookie,0,LV/BUF,rookie_deal,9298
Zay Jones,WR,Raiders,2021,1,2.5,2.5,0.0,0.013999999999999999,2017,Bills,veteran,4,LV/BUF,new_team_signing,9299
Zay Jones,WR,Jaguars,2022,3,24.0,8.0,14.0,0.038,2017,Bills,veteran,5,Raiders,new_team_signing,9300
Zay Jones,WR,Cardinals,2024,1,2.25,2.25,1.15,0.009000000000000001,2017,Bills,veteran,7,Jaguars,new_team_signing,9301
Zay Jones,WR,Cardinals,2025,1,2.4,2.4,1.3,0.009000000000000001,2017,Bills,veteran,8,Cardinals,extension,9302
Zimari Manning,WR,Broncos,2020,3,2.2975,0.765833,0.0125,0.004,2020,Broncos,rookie,0,Broncos,rookie_deal,9303
Zion Bowens,WR,Commanders,2023,3,2.6975,0.899167,0.0025,0.004,2023,Commanders,rookie,0,Commanders,rookie_deal,9304
Zonovan Knight,RB,Jets,2022,1,0.207,0.207,0.0,0.001,2022,Jets,rookie,0,Jets,rookie_deal,9305
Zonovan Knight,RB,Lions,2023,1,0.216,0.216,0.0,0.001,2022,Jets,veteran,1,Jets,new_team_signing,9306
Zonovan Knight,RB,Jets,2024,1,0.225,0.225,0.0,0.001,2022,Jets,veteran,2,Lions,new_team_signing,9307
Zonovan Knight,RB,Cardinals,2025,1,1.03,1.03,0.0,0.004,2022,Jets,veteran,3,Jets,new_team_signing,9308
Zonovan Knight,RB,Cardinals,2026,1,1.195,1.195,0.025,0.004,2022,Jets,veteran,4,Cardinals,extension,9309
