player,position,team,year_signed,years,value,apy,guaranteed,apy_cap_pct,draft_year,draft_team,contract_type,exp
Joe Burrow,QB,Bengals,2023.0,5.0,275.0,55.0,146.51,0.245,2020.0,Bengals,veteran,3.0
Aaron Rodgers,QB,GB/NYJ,2022.0,5.0,150.815,50.271667,101.415,0.24100000000000002,2005.0,Packers,veteran,17.0
Josh Allen,QB,Bills,2021.0,6.0,258.0,43.0,100.0,0.23600000000000002,2018.0,Bills,veteran,3.0
Russell Wilson,QB,Broncos,2022.0,5.0,245.0,49.0,124.0,0.235,2012.0,Seahawks,veteran,10.0
Dak Prescott,QB,Cowboys,2024.0,4.0,240.0,60.0,129.0,0.235,2016.0,Cowboys,veteran,8.0
Justin Herbert,QB,Chargers,2023.0,5.0,262.5,52.5,133.738375,0.23399999999999999,2020.0,Chargers,veteran,3.0
Patrick Mahomes,QB,Chiefs,2020.0,10.0,450.0,45.0,63.081905,0.22699999999999998,2017.0,Chiefs,veteran,3.0
Jalen Hurts,QB,Eagles,2023.0,5.0,255.0,51.0,110.0,0.22699999999999998,2020.0,Eagles,veteran,3.0
Kyler Murray,QB,Cardinals,2022.0,5.0,230.5,46.1,103.3,0.221,2019.0,Cardinals,veteran,3.0
Deshaun Watson,QB,Browns,2022.0,5.0,230.0,46.0,230.0,0.221,2017.0,Texans,veteran,5.0
Dak Prescott,QB,Cowboys,2021.0,4.0,160.0,40.0,95.0,0.21899999999999997,2016.0,Cowboys,veteran,5.0
Jordan Love,QB,Packers,2024.0,4.0,220.0,55.0,100.8,0.215,2020.0,Packers,veteran,4.0
Trevor Lawrence,QB,Jaguars,2024.0,5.0,275.0,55.0,142.0,0.215,2021.0,Jaguars,veteran,3.0
Patrick Mahomes,QB,Chiefs,2026.0,7.0,448.0,64.0,93.5,0.212,2017.0,Chiefs,veteran,9.0
Tua Tagovailoa,QB,Dolphins,2024.0,4.0,212.4,53.1,93.171,0.20800000000000002,2020.0,Dolphins,veteran,4.0
Jared Goff,QB,Lions,2024.0,4.0,212.0,53.0,113.611832,0.20800000000000002,2016.0,Rams,veteran,8.0
Josh Allen,QB,Bills,2025.0,6.0,330.0,55.0,147.0,0.19699999999999998,2018.0,Bills,veteran,7.0
Deshaun Watson,QB,Texans,2020.0,4.0,156.0,39.0,74.894247,0.19699999999999998,2017.0,Texans,veteran,3.0
Derek Carr,QB,Raiders,2022.0,3.0,121.422481,40.47416,24.9,0.19399999999999998,2014.0,Raiders,veteran,8.0
Matt Stafford,QB,Rams,2022.0,4.0,160.0,40.0,63.0,0.192,2009.0,Lions,veteran,13.0
Brett Favre,QB,Packers,1997.0,5.0,39.35,7.87,12.0,0.19,1991.0,Falcons,veteran,6.0
Brock Purdy,QB,49ers,2025.0,5.0,265.0,53.0,100.0,0.19,2022.0,49ers,veteran,3.0
Carson Palmer,QB,Bengals,2005.0,6.0,97.0,16.166667,24.0,0.18899999999999997,2003.0,Bengals,veteran,2.0
Aaron Rodgers,QB,Packers,2018.0,4.0,134.0,33.5,78.7,0.18899999999999997,2005.0,Packers,veteran,13.0
Troy Aikman,QB,Cowboys,1999.0,6.0,64.5,10.75,13.0,0.188,1989.0,Cowboys,veteran,10.0
Russell Wilson,QB,SEA/DEN,2019.0,4.0,140.0,35.0,70.0,0.18600000000000003,2012.0,Seahawks,veteran,7.0
Mark Brunell,QB,Jaguars,1997.0,4.0,30.5,7.625,10.0,0.184,1993.0,Packers,veteran,4.0
Matt Stafford,QB,Rams,2026.0,1.0,55.0,55.0,90.0,0.183,2009.0,Lions,veteran,17.0
Drew Bledsoe,QB,Patriots,1995.0,6.0,40.4625,6.74375,12.9,0.182,1993.0,Patriots,veteran,2.0
Steve Young,QB,49ers,1997.0,6.0,45.0,7.5,0.0,0.18100000000000002,1984.0,Buccaneers,veteran,13.0
Ben Roethlisberger,QB,Steelers,2019.0,2.0,68.0,34.0,37.5,0.18100000000000002,2004.0,Steelers,veteran,15.0
Aaron Rodgers,QB,Packers,2013.0,5.0,110.0,22.0,54.0,0.179,2005.0,Packers,veteran,8.0
Jared Goff,QB,DET/LAR,2019.0,4.0,134.0,33.5,57.042682,0.17800000000000002,2016.0,Rams,veteran,3.0
Daniel Jones,QB,Giants,2023.0,4.0,160.0,40.0,81.0,0.17800000000000002,2019.0,Giants,veteran,4.0
Kirk Cousins,QB,Falcons,2024.0,4.0,180.0,45.0,90.0,0.17600000000000002,2012.0,Commanders,veteran,12.0
Peyton Manning,QB,Colts,2004.0,7.0,98.0,14.0,34.5,0.174,1998.0,Colts,veteran,6.0
Brett Favre,QB,NYJ/GB,2001.0,7.0,80.6,11.514286,11.0,0.171,1991.0,Falcons,veteran,10.0
Carson Wentz,QB,IND/PHI/WAS,2019.0,4.0,128.0,32.0,66.470683,0.17,2016.0,Eagles,veteran,3.0
Matt Ryan,QB,ATL/IND,2018.0,5.0,150.0,30.0,94.5,0.16899999999999998,2008.0,Falcons,veteran,10.0
Matt Ryan,QB,Falcons,2013.0,5.0,103.75,20.75,42.0,0.16899999999999998,2008.0,Falcons,veteran,5.0
Kirk Cousins,QB,Vikings,2022.0,1.0,35.0,35.0,70.0,0.168,2012.0,Commanders,veteran,10.0
Derek Carr,QB,Saints,2023.0,4.0,150.0,37.5,60.0,0.16699999999999998,2014.0,Raiders,veteran,9.0
Aaron Rodgers,QB,Jets,2023.0,3.0,112.5,37.5,75.0,0.16699999999999998,2005.0,Packers,veteran,18.0
Kirk Cousins,QB,Vikings,2020.0,2.0,66.0,33.0,61.0,0.166,2012.0,Commanders,veteran,8.0
Drew Brees,QB,Saints,2012.0,5.0,100.0,20.0,40.0,0.166,2001.0,Chargers,veteran,11.0
Joe Flacco,QB,Ravens,2013.0,6.0,120.6,20.1,51.0,0.163,2008.0,Ravens,veteran,5.0
Matt Stafford,QB,LAR/DET,2017.0,5.0,135.0,27.0,60.5,0.162,2009.0,Lions,veteran,8.0
Michael Vick,QB,Falcons,2004.0,7.0,91.0,13.0,30.0,0.161,2001.0,Falcons,veteran,3.0
Peyton Manning,QB,Broncos,2012.0,5.0,96.0,19.2,18.0,0.159,1998.0,Colts,veteran,14.0
Dak Prescott,QB,Cowboys,2020.0,1.0,31.409,31.409,31.409,0.158,2016.0,Cowboys,veteran,4.0
Andrew Luck,QB,Colts,2016.0,5.0,122.97,24.594,47.0,0.158,2012.0,Colts,veteran,4.0
Kirk Cousins,QB,Vikings,2018.0,3.0,84.0,28.0,84.0,0.158,2012.0,Commanders,veteran,6.0
Dan Marino,QB,Dolphins,1996.0,2.0,12.85,6.425,5.8,0.158,1983.0,Dolphins,veteran,13.0
Drew Bledsoe,QB,BUF/NE,2001.0,9.0,95.4,10.6,8.0,0.157,1993.0,Patriots,veteran,8.0
Steve Young,QB,49ers,1998.0,6.0,49.175,8.195833,7.5,0.156,1984.0,Buccaneers,veteran,14.0
Drew Brees,QB,Saints,2016.0,1.0,24.25,24.25,24.25,0.156,2001.0,Chargers,veteran,15.0
Jimmy Garoppolo,QB,49ers,2018.0,5.0,137.5,27.5,48.7,0.155,2014.0,Patriots,veteran,4.0
Russell Wilson,QB,Seahawks,2015.0,4.0,87.6,21.9,31.7,0.153,2012.0,Seahawks,veteran,3.0
Ben Roethlisberger,QB,Steelers,2015.0,4.0,87.4,21.85,34.25,0.152,2004.0,Steelers,veteran,11.0
Derek Carr,QB,Raiders,2017.0,5.0,125.025,25.005,40.0,0.15,2014.0,Raiders,veteran,3.0
Peyton Manning,QB,Colts,2011.0,5.0,90.0,18.0,20.0,0.15,1998.0,Colts,veteran,13.0
Ryan Tannehill,QB,Titans,2020.0,4.0,118.0,29.5,62.0,0.149,2012.0,Dolphins,veteran,8.0
Jacoby Brissett,QB,Colts,2019.0,1.0,27.975,27.975,20.0,0.149,2016.0,Patriots,veteran,3.0
Peyton Manning,QB,Colts,1998.0,6.0,46.314,7.719,11.6,0.147,1998.0,Colts,rookie,0.0
Eli Manning,QB,Giants,2015.0,4.0,84.0,21.0,36.5,0.147,2004.0,Chargers,veteran,11.0
Tony Romo,QB,Cowboys,2013.0,6.0,108.0,18.0,40.0,0.146,2003.0,Cowboys,veteran,10.0
Philip Rivers,QB,Chargers,2015.0,4.0,83.25,20.8125,37.5,0.145,2004.0,Giants,veteran,11.0
Cam Newton,QB,Panthers,2015.0,5.0,103.8,20.76,41.0,0.145,2011.0,Panthers,veteran,4.0
John Elway,QB,Broncos,1996.0,5.0,29.5,5.9,6.25,0.145,1983.0,Colts,veteran,13.0
Lamar Jackson,QB,Ravens,2023.0,1.0,32.416,32.416,0.0,0.14400000000000002,2018.0,Ravens,veteran,5.0
Matt Stafford,QB,Lions,2013.0,3.0,53.0,17.666667,33.5,0.14400000000000002,2009.0,Lions,veteran,4.0
Kirk Cousins,QB,Commanders,2017.0,1.0,23.9436,23.9436,23.9436,0.14300000000000002,2012.0,Commanders,veteran,5.0
Matt Stafford,QB,Rams,2025.0,2.0,80.0,40.0,40.0,0.14300000000000002,2009.0,Lions,veteran,16.0
Colin Kaepernick,QB,49ers,2014.0,6.0,114.0,19.0,12.973766,0.14300000000000002,2011.0,,veteran,3.0
Joe Flacco,QB,BAL/DEN,2016.0,3.0,66.4,22.133333,44.0,0.14300000000000002,2008.0,Ravens,veteran,8.0
Drew Brees,QB,Saints,2018.0,2.0,50.0,25.0,27.0,0.141,2001.0,Chargers,veteran,17.0
Jake Plummer,QB,Cardinals,1998.0,4.0,29.4912,7.3728,15.0,0.141,1997.0,Cardinals,veteran,1.0
Tom Brady,QB,Patriots,2005.0,4.0,48.0,12.0,26.5,0.14,2000.0,Patriots,veteran,5.0
Tom Brady,QB,Patriots,2010.0,4.0,72.0,18.0,18.3,0.14,2000.0,Patriots,veteran,10.0
Steve Young,QB,49ers,2000.0,5.0,43.025,8.605,0.0,0.138,1984.0,Buccaneers,veteran,16.0
Tom Brady,QB,Buccaneers,2021.0,1.0,25.0,25.0,25.0,0.13699999999999998,2000.0,Patriots,veteran,21.0
Jay Cutler,QB,Bears,2014.0,7.0,126.7,18.1,38.0,0.136,2006.0,Broncos,veteran,8.0
Carson Palmer,QB,Cardinals,2016.0,1.0,21.0,21.0,11.65,0.135,2003.0,Bengals,veteran,13.0
Ryan Tannehill,QB,Dolphins,2015.0,4.0,77.0,19.25,21.5,0.134,2012.0,Dolphins,veteran,3.0
Geno Smith,QB,Raiders,2025.0,2.0,75.0,37.5,58.5,0.134,2013.0,Jets,veteran,12.0
Michael Vick,QB,Eagles,2011.0,5.0,80.0,16.0,32.5,0.133,2001.0,Falcons,veteran,10.0
Alex Smith,QB,Commanders,2018.0,4.0,94.0,23.5,55.0,0.133,2005.0,,veteran,13.0
Eli Manning,QB,Giants,2009.0,6.0,97.5,16.25,20.5,0.132,2004.0,Chargers,veteran,5.0
Tom Brady,QB,Patriots,2016.0,2.0,41.0,20.5,28.0,0.132,2000.0,Patriots,veteran,16.0
Steve McNair,QB,Titans,2004.0,6.0,63.25001,10.541668,6.09,0.131,1995.0,Titans,veteran,9.0
Baker Mayfield,QB,Buccaneers,2024.0,3.0,100.0,33.333333,40.0,0.131,2018.0,Browns,veteran,6.0
Matt Schaub,QB,Texans,2012.0,4.0,62.0,15.5,24.25,0.129,2004.0,Falcons,veteran,8.0
Kirk Cousins,QB,Commanders,2016.0,1.0,19.953,19.953,19.953,0.129,2012.0,Commanders,veteran,4.0
Alex Smith,QB,Chiefs,2014.0,4.0,68.0,17.0,19.0,0.128,2005.0,,veteran,9.0
Dan Marino,QB,Dolphins,1999.0,3.0,21.75,7.25,2.545,0.127,1983.0,Dolphins,veteran,16.0
Ben Roethlisberger,QB,Steelers,2008.0,6.0,87.9865,14.664417,33.2,0.126,2004.0,Steelers,veteran,4.0
Steve McNair,QB,Titans,2001.0,5.0,42.5425,8.5085,10.0,0.126,1995.0,Titans,veteran,6.0
Philip Rivers,QB,Colts,2020.0,1.0,25.0,25.0,25.0,0.126,2004.0,Giants,veteran,16.0
Tom Brady,QB,Buccaneers,2020.0,2.0,50.0,25.0,50.0,0.126,2000.0,Patriots,veteran,20.0
Drew Brees,QB,Saints,2020.0,2.0,50.0,25.0,25.0,0.126,2001.0,Chargers,veteran,19.0
Daniel Jones,QB,Colts,2026.0,1.0,37.833,37.833,0.0,0.126,2019.0,Giants,veteran,7.0
Philip Rivers,QB,Chargers,2009.0,6.0,91.8,15.3,33.35,0.124,2004.0,Giants,veteran,5.0
Carson Palmer,QB,Cardinals,2014.0,3.0,49.5,16.5,14.235294,0.124,2003.0,Bengals,veteran,11.0
Brett Favre,QB,Vikings,2010.0,1.0,16.0,16.0,4.4,0.124,1991.0,Falcons,veteran,19.0
Tom Brady,QB,Patriots,2019.0,1.0,23.0,23.0,22.0,0.122,2000.0,Patriots,veteran,19.0
Andy Dalton,QB,Bengals,2014.0,6.0,96.0,16.0,17.0,0.12,2011.0,Bengals,veteran,3.0
Sam Darnold,QB,Seahawks,2025.0,3.0,100.5,33.5,37.5,0.12,2018.0,Jets,veteran,7.0
Tim Couch,QB,Browns,1999.0,7.0,47.95,6.85,12.25,0.12,1999.0,Browns,rookie,0.0
Peyton Manning,QB,Broncos,2015.0,2.0,34.0,17.0,15.0,0.11900000000000001,1998.0,Colts,veteran,17.0
Rob Johnson,QB,Bills,1998.0,4.0,24.65,6.1625,8.5,0.11800000000000001,1995.0,Jaguars,veteran,3.0
Jay Cutler,QB,Bears,2009.0,2.0,28.912499,14.45625,20.0,0.11800000000000001,2006.0,Broncos,veteran,3.0
Nick Foles,QB,CHI/JAX,2019.0,4.0,88.0,22.0,45.125,0.11699999999999999,2012.0,Eagles,veteran,7.0
Tyrod Taylor,QB,Bills,2016.0,5.0,90.0,18.0,9.5,0.11599999999999999,2011.0,Ravens,veteran,5.0
Brock Osweiler,QB,HOU/CLE,2016.0,4.0,72.0,18.0,37.0,0.11599999999999999,2012.0,Broncos,veteran,4.0
Chad Pennington,QB,Jets,2004.0,7.0,64.198,9.171143,18.0,0.114,2000.0,Jets,veteran,4.0
Sam Bradford,QB,Cardinals,2018.0,2.0,40.0,20.0,15.0,0.113,2010.0,Rams,veteran,8.0
Sam Bradford,QB,MIN/PHI,2016.0,2.0,35.0,17.5,22.0,0.113,2010.0,Rams,veteran,6.0
Mark Sanchez,QB,Jets,2012.0,3.0,40.475,13.491667,11.25,0.11199999999999999,2009.0,Jets,veteran,3.0
Mark Brunell,QB,Jaguars,2001.0,4.0,30.0,7.5,8.0,0.111,1993.0,Packers,veteran,8.0
Geno Smith,QB,SEA/LV,2023.0,3.0,75.0,25.0,27.3,0.111,2013.0,Jets,veteran,10.0
Brett Favre,QB,Packers,1994.0,5.0,19.0,3.8,2.5,0.11,1991.0,Falcons,veteran,3.0
Aaron Rodgers,QB,Packers,2008.0,5.0,63.52,12.704,20.0,0.11,2005.0,Packers,veteran,3.0
Jimmy Garoppolo,QB,Raiders,2023.0,3.0,72.75,24.25,33.75,0.10800000000000001,2014.0,Patriots,veteran,9.0
Kurt Warner,QB,Rams,2000.0,7.0,46.5,6.642857,11.5,0.107,1994.0,Packers,veteran,6.0
Teddy Bridgewater,QB,Panthers,2020.0,3.0,63.0,21.0,33.0,0.106,2014.0,Vikings,veteran,6.0
Steve McNair,QB,Titans,1995.0,7.0,27.44175,3.92025,12.181,0.106,1995.0,Titans,rookie,0.0
Tom Brady,QB,Patriots,2002.0,4.0,29.625,7.40625,9.5,0.10400000000000001,2000.0,Patriots,veteran,2.0
Tony Romo,QB,Cowboys,2007.0,6.0,67.5,11.25,11.5,0.10300000000000001,2003.0,Cowboys,veteran,4.0
Brett Favre,QB,Vikings,2009.0,2.0,25.0,12.5,6.0,0.102,1991.0,Falcons,veteran,18.0
Case Keenum,QB,Broncos,2018.0,2.0,36.0,18.0,25.0,0.102,2012.0,Texans,veteran,6.0
Colin Kaepernick,QB,49ers,2016.0,2.0,31.2,15.6,13.275,0.1,2011.0,,veteran,5.0
Eli Manning,QB,Giants,2004.0,6.0,47.99,7.998333,20.004,0.099,2004.0,Chargers,rookie,0.0
Blake Bortles,QB,Jaguars,2018.0,2.0,34.947,17.4835,26.5,0.099,2014.0,Jaguars,veteran,4.0
Drew Brees,QB,Saints,2006.0,5.0,60.0,10.0,8.0,0.098,2001.0,Chargers,veteran,5.0
David Carr,QB,Texans,2002.0,7.0,48.75,6.964286,14.0,0.098,2002.0,Texans,rookie,0.0
Matt Stafford,QB,Lions,2009.0,6.0,72.0,12.0,17.05,0.098,2009.0,Lions,rookie,0.0
Matt Ryan,QB,Falcons,2008.0,6.0,67.5,11.25,34.75,0.09699999999999999,2008.0,Falcons,rookie,0.0
Drew Brees,QB,Chargers,2005.0,1.0,8.078,8.078,8.078,0.094,2001.0,Chargers,veteran,4.0
Matt Hasselbeck,QB,Seahawks,2005.0,6.0,48.0,8.0,17.0,0.094,1998.0,Packers,veteran,7.0
Kurt Warner,QB,Cardinals,2009.0,2.0,23.0,11.5,19.0,0.09300000000000001,1994.0,Packers,veteran,15.0
JaMarcus Russell,QB,Raiders,2007.0,6.0,61.0,10.166667,29.01912,0.09300000000000001,2007.0,Raiders,rookie,0.0
Sam Bradford,QB,Eagles,2010.0,1.0,78.0,12.0,50.0,0.09300000000000001,2010.0,Rams,rookie,0.0
Tom Brady,QB,Patriots,2013.0,5.0,57.0,11.4,33.0,0.09300000000000001,2000.0,Patriots,veteran,13.0
Michael Vick,QB,Falcons,2001.0,6.0,37.3,6.216667,22.5,0.092,2001.0,Falcons,rookie,0.0
Tyrod Taylor,QB,CLE/BUF,2017.0,2.0,30.5,15.25,15.5,0.091,2011.0,Ravens,veteran,6.0
Mike Glennon,QB,Bears,2017.0,3.0,45.0,15.0,18.5,0.09,2013.0,Buccaneers,veteran,4.0
Carson Palmer,QB,Raiders,2011.0,4.0,43.0,10.75,5.0,0.08900000000000001,2003.0,Bengals,veteran,8.0
Carson Palmer,QB,Bengals,2003.0,6.0,40.0,6.666667,14.01,0.08900000000000001,2003.0,Bengals,rookie,0.0
Jason Campbell,QB,Commanders,2005.0,5.0,7.5,7.5,4.97,0.08800000000000001,2005.0,Commanders,rookie,0.0
Nick Foles,QB,Rams,2015.0,2.0,25.0,12.25,12.042,0.085,2012.0,Eagles,veteran,3.0
Matt Cassel,QB,Chiefs,2009.0,6.0,63.0,10.5,27.75,0.085,2005.0,Patriots,veteran,4.0
Philip Rivers,QB,Chargers,2004.0,6.0,41.25,6.875,15.58,0.085,2004.0,Giants,rookie,0.0
Nick Foles,QB,Eagles,2018.0,2.0,29.0,14.5,5.0,0.08199999999999999,2012.0,Eagles,veteran,6.0
Ryan Fitzpatrick,QB,Bills,2011.0,6.0,59.0,9.833333,10.0,0.08199999999999999,2005.0,Rams,veteran,6.0
Jake Plummer,QB,Broncos,2003.0,7.0,40.834725,5.833532,7.0,0.078,1997.0,Cardinals,veteran,6.0
Ryan Fitzpatrick,QB,Jets,2016.0,1.0,12.0,12.0,12.0,0.077,2005.0,Rams,veteran,11.0
Mark Sanchez,QB,Jets,2009.0,5.0,47.5,9.5,13.9975,0.077,2009.0,Jets,rookie,0.0
Mark Brunell,QB,Commanders,2004.0,7.0,43.36,6.194286,8.6,0.077,1993.0,Packers,veteran,11.0
Ben Roethlisberger,QB,Steelers,2021.0,1.0,14.0,14.0,14.0,0.077,2004.0,Steelers,veteran,17.0
Drew Bledsoe,QB,Bills,2004.0,3.0,18.5,6.166667,6.5,0.077,1993.0,Patriots,veteran,11.0
Malik Willis,QB,Dolphins,2026.0,3.0,67.5,22.5,45.0,0.075,2022.0,Titans,veteran,4.0
Baker Mayfield,QB,LAR/CAR,2022.0,1.0,15.358,15.358,15.358,0.07400000000000001,2018.0,Browns,veteran,4.0
Matt Schaub,QB,Texans,2007.0,6.0,48.0,8.0,7.0,0.073,2004.0,Falcons,veteran,3.0
Carson Palmer,QB,Cardinals,2013.0,2.0,17.0,8.5,10.0,0.069,2003.0,Bengals,veteran,10.0
Derek Anderson,QB,Browns,2008.0,3.0,24.0,8.0,7.0,0.069,2005.0,Ravens,veteran,3.0
Jameis Winston,QB,Saints,2022.0,2.0,28.0,14.0,15.2,0.067,2015.0,Buccaneers,veteran,7.0
Teddy Bridgewater,QB,DEN/CAR,2021.0,1.0,11.5,11.5,10.0625,0.063,2014.0,Vikings,veteran,7.0
Michael Vick,QB,Eagles,2013.0,1.0,7.5,7.5,3.5,0.061,2001.0,Falcons,veteran,12.0
Jordan Love,QB,Packers,2023.0,1.0,13.5,13.5,13.0,0.06,2020.0,Packers,veteran,3.0
Jay Cutler,QB,Dolphins,2017.0,1.0,10.0,10.0,5.0,0.06,2006.0,Broncos,veteran,11.0
Josh McCown,QB,Jets,2018.0,1.0,10.0,10.0,5.0,0.055999999999999994,2002.0,Cardinals,veteran,16.0
Jay Cutler,QB,Broncos,2006.0,6.0,34.1125,5.685417,11.05,0.055999999999999994,2006.0,Broncos,rookie,0.0
Matt Hasselbeck,QB,Titans,2011.0,3.0,20.0,6.666667,6.0,0.055,1998.0,Packers,veteran,13.0
Ryan Fitzpatrick,QB,Commanders,2021.0,1.0,10.0,10.0,6.0,0.055,2005.0,Rams,veteran,16.0
Andy Dalton,QB,Bears,2021.0,1.0,10.0,10.0,7.0,0.055,2011.0,Bengals,veteran,10.0
Steve McNair,QB,Ravens,2006.0,4.0,22.0,5.5,11.0,0.054000000000000006,1995.0,Titans,veteran,11.0
Matt Flynn,QB,Seahawks,2012.0,3.0,19.5,6.5,10.0,0.054000000000000006,2008.0,Packers,veteran,4.0
Taysom Hill,QB,Saints,2020.0,2.0,21.0,10.5,17.439,0.053,2017.0,Packers,veteran,3.0
Drew Bledsoe,QB,Cowboys,2005.0,3.0,13.5,4.5,3.5,0.053,1993.0,Patriots,veteran,12.0
Ben Roethlisberger,QB,Steelers,2004.0,6.0,25.2195,4.20325,9.0095,0.052000000000000005,2004.0,Steelers,rookie,0.0
Aaron Rodgers,QB,Steelers,2026.0,1.0,15.515,15.515,0.0,0.052000000000000005,2005.0,Packers,veteran,21.0
Matt Schaub,QB,Raiders,2014.0,2.0,13.5,6.75,8.0,0.051,2004.0,Falcons,veteran,10.0
Trevor Lawrence,QB,Jaguars,2021.0,4.0,36.793486,9.198372,36.793486,0.05,2021.0,Jaguars,rookie,0.0
Daniel Jones,QB,Colts,2025.0,1.0,14.0,14.0,13.15,0.05,2019.0,Giants,veteran,6.0
Kurt Warner,QB,Cardinals,2006.0,3.0,15.0,5.0,3.0,0.049,1994.0,Packers,veteran,12.0
Gardner Minshew,QB,Raiders,2024.0,2.0,25.0,12.5,15.0,0.049,2019.0,Jaguars,veteran,5.0
Aaron Rodgers,QB,Steelers,2025.0,1.0,13.65,13.65,10.0,0.049,2005.0,Packers,veteran,20.0
Robert Griffin III,QB,Browns,2016.0,2.0,15.0,7.5,6.75,0.048,2012.0,Commanders,veteran,4.0
Zach Wilson,QB,NYJ/DEN,2021.0,4.0,35.15068,8.787695,35.15068,0.048,2021.0,Jets,rookie,0.0
Fernando Mendoza,QB,Raiders,2026.0,4.0,57.270598,14.31765,0.0,0.048,2026.0,Raiders,rookie,0.0
Kurt Warner,QB,Cardinals,2005.0,1.0,4.0,4.0,2.0,0.047,1994.0,Packers,veteran,11.0
Trey Lance,QB,SF/DAL,2021.0,4.0,34.105258,8.526315,34.105258,0.047,2021.0,49ers,rookie,0.0
Kyler Murray,QB,Cardinals,2019.0,4.0,35.158644,8.789661,35.158644,0.047,2019.0,Cardinals,rookie,0.0
Baker Mayfield,QB,Browns,2018.0,4.0,32.68298,8.170745,32.68298,0.046,2018.0,Browns,rookie,0.0
Andrew Luck,QB,Colts,2012.0,4.0,22.107998,5.527,22.107998,0.046,2012.0,Colts,rookie,0.0
Cam Newton,QB,Panthers,2011.0,4.0,22.025498,5.506375,22.025498,0.046,2011.0,Panthers,rookie,0.0
Joe Burrow,QB,Bengals,2020.0,4.0,36.190136,9.047534,36.190136,0.046,2020.0,Bengals,rookie,0.0
Chase Daniel,QB,Eagles,2016.0,3.0,21.0,7.0,12.0,0.045,2009.0,Commanders,veteran,7.0
Marcus Mariota,QB,Falcons,2022.0,2.0,18.75,9.375,6.75,0.045,2015.0,Titans,veteran,7.0
Jared Goff,QB,Rams,2016.0,4.0,27.937672,6.984418,27.937672,0.045,2016.0,Rams,rookie,0.0
Chad Pennington,QB,Dolphins,2010.0,1.0,5.75,5.75,1.0,0.045,2000.0,Jets,veteran,10.0
Marcus Mariota,QB,Raiders,2020.0,2.0,17.6,8.8,7.5,0.044000000000000004,2015.0,Titans,veteran,5.0
Jameis Winston,QB,Buccaneers,2015.0,4.0,25.351277,6.337819,25.351277,0.044000000000000004,2015.0,Buccaneers,rookie,0.0
Robert Griffin III,QB,Commanders,2012.0,5.0,21.119098,5.279775,21.119098,0.044000000000000004,2012.0,Commanders,rookie,0.0
Cam Ward,QB,Titans,2025.0,4.0,48.839604,12.209901,48.839604,0.044000000000000004,2025.0,Titans,rookie,0.0
Mitchell Trubisky,QB,Bears,2017.0,4.0,29.032436,7.258109,29.032436,0.043,2017.0,Bears,rookie,0.0
Carson Wentz,QB,Eagles,2016.0,4.0,26.676338,6.669085,26.676338,0.043,2016.0,Eagles,rookie,0.0
Sam Darnold,QB,NYJ/CAR,2018.0,4.0,30.247694,7.561924,30.247694,0.043,2018.0,Jets,rookie,0.0
Marcus Mariota,QB,Titans,2015.0,4.0,24.213974,6.053494,24.213974,0.042,2015.0,Titans,rookie,0.0
Bryce Young,QB,Panthers,2023.0,4.0,37.955074,9.488769,37.955074,0.042,2023.0,Panthers,rookie,0.0
Kyle Orton,QB,Bills,2014.0,2.0,11.0,5.5,3.0,0.040999999999999995,2005.0,Bears,veteran,9.0
Joe Flacco,QB,Ravens,2008.0,5.0,23.8,4.76,8.36,0.040999999999999995,2008.0,Ravens,rookie,0.0
Nick Foles,QB,Bears,2020.0,3.0,24.0,8.0,21.0,0.04,2012.0,Eagles,veteran,8.0
C.J. Stroud,QB,Texans,2023.0,4.0,36.279244,9.069811,36.279244,0.04,2023.0,Texans,rookie,0.0
Case Keenum,QB,Commanders,2019.0,1.0,7.5,7.5,7.5,0.04,2012.0,Texans,veteran,7.0
Matt Cassel,QB,BUF/MIN,2014.0,2.0,10.5,5.25,5.65,0.039,2005.0,Patriots,veteran,9.0
Justin Fields,QB,Chiefs,2025.0,1.0,11.0,11.0,11.0,0.039,2021.0,Bears,veteran,4.0
Sam Darnold,QB,Vikings,2024.0,1.0,10.0,10.0,8.75,0.039,2018.0,Jets,veteran,6.0
Blake Bortles,QB,Jaguars,2014.0,4.0,20.654802,5.163701,20.654802,0.039,2014.0,Jaguars,rookie,0.0
Caleb Williams,QB,Bears,2024.0,4.0,39.486058,9.871515,39.486058,0.039,2024.0,Bears,rookie,0.0
Teddy Bridgewater,QB,Saints,2019.0,1.0,7.25,7.25,7.25,0.039,2014.0,Vikings,veteran,5.0
Tua Tagovailoa,QB,Dolphins,2020.0,4.0,30.275436,7.568859,30.275436,0.038,2020.0,Dolphins,rookie,0.0
Anthony Richardson,QB,Colts,2023.0,4.0,33.99403,8.498508,33.99403,0.038,2023.0,Colts,rookie,0.0
Russell Wilson,QB,Giants,2025.0,1.0,10.5,10.5,10.0,0.038,2012.0,Seahawks,veteran,13.0
Josh McCown,QB,Buccaneers,2014.0,2.0,10.0,5.0,4.75,0.038,2002.0,Cardinals,veteran,12.0
Kirk Cousins,QB,Raiders,2026.0,1.0,11.3,11.3,11.3,0.038,2012.0,Commanders,veteran,14.0
Kurt Warner,QB,Giants,2004.0,1.0,3.0,3.0,1.5,0.037000000000000005,1994.0,Packers,veteran,10.0
Ryan Tannehill,QB,MIA/TEN,2019.0,1.0,7.0,7.0,6.75,0.037000000000000005,2012.0,Dolphins,veteran,7.0
Jayden Daniels,QB,Commanders,2024.0,4.0,37.74665,9.436663,37.74665,0.037000000000000005,2024.0,Commanders,rookie,0.0
Brian Hoyer,QB,Texans,2015.0,2.0,10.5,5.25,4.75,0.037000000000000005,2009.0,Patriots,veteran,6.0
Josh McCown,QB,Jets,2017.0,1.0,6.0,6.0,6.0,0.036000000000000004,2002.0,Cardinals,veteran,15.0
Drake Maye,QB,Patriots,2024.0,4.0,36.639764,9.159941,36.639764,0.036000000000000004,2024.0,Patriots,rookie,0.0
Mitchell Trubisky,QB,Steelers,2022.0,2.0,14.285,7.4125,5.25,0.036000000000000004,2017.0,Bears,veteran,5.0
Jacoby Brissett,QB,Commanders,2023.0,1.0,8.0,8.0,7.5,0.036000000000000004,2016.0,Patriots,veteran,7.0
Chad Pennington,QB,Dolphins,2008.0,2.0,8.0,4.0,3.5,0.034,2000.0,Jets,veteran,8.0
Daniel Jones,QB,Giants,2019.0,4.0,25.664056,6.416014,25.664056,0.034,2019.0,Giants,rookie,0.0
Teddy Bridgewater,QB,NYJ/NO,2018.0,1.0,6.0,6.0,0.5,0.034,2014.0,Vikings,veteran,4.0
Jimmy Garoppolo,QB,49ers,2022.0,1.0,7.0,7.0,6.5,0.034,2014.0,Patriots,veteran,8.0
Justin Herbert,QB,Chargers,2020.0,4.0,26.578754,6.644689,26.578754,0.034,2020.0,Chargers,rookie,0.0
Nick Foles,QB,Eagles,2017.0,2.0,11.0,5.5,7.0,0.033,2012.0,Eagles,veteran,5.0
Josh McCown,QB,Browns,2015.0,3.0,14.0,4.666667,6.25,0.033,2002.0,Cardinals,veteran,13.0
Matt Moore,QB,Dolphins,2013.0,2.0,8.0,4.0,4.0,0.033,2007.0,Cowboys,veteran,6.0
Mark Sanchez,QB,PHI/DEN,2015.0,2.0,9.0,4.5,5.5,0.031,2009.0,Jets,veteran,6.0
Jacoby Brissett,QB,Patriots,2024.0,1.0,8.0,8.0,6.5,0.031,2016.0,Patriots,veteran,8.0
Teddy Bridgewater,QB,Dolphins,2022.0,1.0,6.5,6.5,6.5,0.031,2014.0,Vikings,veteran,8.0
Taylor Heinicke,QB,Falcons,2023.0,2.0,14.0,7.0,6.32,0.031,2015.0,Vikings,veteran,8.0
Luke McCown,QB,JAX/TB,2009.0,2.0,7.5,3.75,2.5,0.03,2004.0,Browns,veteran,5.0
Case Keenum,QB,CLE/BUF,2020.0,3.0,18.0,6.0,8.0,0.03,2012.0,Texans,veteran,8.0
Jameis Winston,QB,Saints,2021.0,1.0,5.5,5.5,5.5,0.03,2015.0,Buccaneers,veteran,6.0
Tyrod Taylor,QB,Texans,2021.0,1.0,5.5,5.5,2.5,0.03,2011.0,Ravens,veteran,10.0
Matt Cassel,QB,Vikings,2013.0,1.0,3.7,3.7,2.0,0.03,2005.0,Patriots,veteran,8.0
Michael Vick,QB,Jets,2014.0,1.0,4.0,4.0,4.0,0.03,2001.0,Falcons,veteran,13.0
Chad Henne,QB,Jaguars,2014.0,2.0,8.0,4.0,4.5,0.03,2008.0,Dolphins,veteran,6.0
Josh Allen,QB,Bills,2018.0,4.0,21.183034,5.295759,21.183034,0.03,2018.0,Bills,rookie,0.0
Matt Hasselbeck,QB,Colts,2013.0,2.0,7.25,3.625,3.0,0.028999999999999998,1998.0,Packers,veteran,15.0
Tony Romo,QB,Cowboys,2006.0,1.0,3.0,3.0,2.0,0.028999999999999998,2003.0,Cowboys,veteran,3.0
Josh McCown,QB,DET/LV,2006.0,2.0,6.0,3.0,2.0,0.028999999999999998,2002.0,Cardinals,veteran,4.0
Ryan Fitzpatrick,QB,Dolphins,2019.0,2.0,11.0,5.5,7.0,0.028999999999999998,2005.0,Rams,veteran,14.0
Tyrod Taylor,QB,Chargers,2019.0,2.0,11.0,5.5,6.0,0.028999999999999998,2011.0,Ravens,veteran,8.0
Kyle Orton,QB,Cowboys,2012.0,3.0,10.5,3.5,5.0,0.028999999999999998,2005.0,Bears,veteran,7.0
Jason Campbell,QB,Bears,2012.0,1.0,3.5,3.5,2.0,0.028999999999999998,2005.0,Commanders,veteran,7.0
Marcus Mariota,QB,Commanders,2025.0,1.0,8.0,8.0,7.39,0.028999999999999998,2015.0,Titans,veteran,10.0
David Carr,QB,Panthers,2007.0,2.0,6.2,3.1,3.0,0.027999999999999997,2002.0,Texans,veteran,5.0
Chase Daniel,QB,Bears,2018.0,2.0,10.0,5.0,7.0,0.027999999999999997,2009.0,Commanders,veteran,9.0
A.J. McCarron,QB,BUF/LV,2018.0,2.0,10.0,5.0,4.9,0.027999999999999997,2014.0,Bengals,veteran,4.0
Derek Anderson,QB,Cardinals,2010.0,2.0,7.25,3.625,2.5,0.027999999999999997,2005.0,Ravens,veteran,5.0
Chad Henne,QB,Jaguars,2012.0,2.0,6.75,3.375,4.075,0.027999999999999997,2008.0,Dolphins,veteran,4.0
Michael Vick,QB,Eagles,2009.0,2.0,6.875,3.4375,1.5,0.027999999999999997,2001.0,Falcons,veteran,8.0
Cam Newton,QB,Patriots,2021.0,1.0,5.1,5.1,3.5,0.027999999999999997,2011.0,Panthers,veteran,10.0
Shaun Hill,QB,Lions,2010.0,3.0,10.76,3.586667,1.09175,0.027999999999999997,2002.0,Vikings,veteran,8.0
Jacoby Brissett,QB,Dolphins,2021.0,1.0,5.0,5.0,5.0,0.027000000000000003,2016.0,Patriots,veteran,5.0
Nick Foles,QB,Chiefs,2016.0,2.0,8.5,4.25,0.0,0.027000000000000003,2012.0,Eagles,veteran,4.0
Mason Rudolph,QB,Steelers,2021.0,1.0,4.985199,4.985199,2.08,0.027000000000000003,2018.0,Steelers,veteran,3.0
Ryan Fitzpatrick,QB,NYJ/HOU,2014.0,2.0,7.25,3.625,4.0,0.027000000000000003,2005.0,Rams,veteran,9.0
Chase Daniel,QB,Chiefs,2013.0,3.0,10.0,3.333333,4.0,0.027000000000000003,2009.0,Commanders,veteran,4.0
Josh McCown,QB,CAR/MIA,2008.0,2.0,6.25,3.125,2.5,0.027000000000000003,2002.0,Cardinals,veteran,6.0
Ryan Fitzpatrick,QB,Titans,2013.0,2.0,6.5,3.25,3.25,0.026000000000000002,2005.0,Rams,veteran,8.0
Tyrod Taylor,QB,Giants,2022.0,2.0,11.0,5.5,8.2,0.026000000000000002,2011.0,Ravens,veteran,11.0
Ryan Tannehill,QB,Dolphins,2012.0,4.0,12.668512,3.167128,12.668512,0.026000000000000002,2012.0,Dolphins,rookie,0.0
Jake Locker,QB,Titans,2011.0,4.0,12.586002,3.146501,12.586002,0.026000000000000002,2011.0,Titans,rookie,0.0
Mark Brunell,QB,Jaguars,1995.0,3.0,2.9,0.966667,0.0,0.026000000000000002,1993.0,Packers,veteran,2.0
Kyle Orton,QB,DEN/CHI,2008.0,2.0,3.0,3.0,1.4,0.026000000000000002,2005.0,Bears,veteran,3.0
Justin Fields,QB,PIT/CHI,2021.0,4.0,18.871952,4.717988,18.871952,0.026000000000000002,2021.0,Bears,rookie,0.0
Chad Henne,QB,Jaguars,2016.0,2.0,8.0,4.0,4.5,0.026000000000000002,2008.0,Dolphins,veteran,8.0
Davis Mills,QB,Texans,2025.0,1.0,7.0,7.0,10.25,0.025,2021.0,Texans,veteran,4.0
Mitchell Trubisky,QB,Steelers,2023.0,2.0,11.25,5.625,6.92,0.025,2017.0,Bears,veteran,6.0
Blaine Gabbert,QB,JAX/SF,2011.0,4.0,12.001646,3.000412,12.001646,0.025,2011.0,Jaguars,rookie,0.0
Josh Rosen,QB,ARI/MIA,2018.0,4.0,17.59776,4.39944,17.59776,0.025,2018.0,Cardinals,rookie,0.0
Patrick Mahomes,QB,Chiefs,2017.0,4.0,16.425962,4.106491,16.425962,0.025,2017.0,Chiefs,rookie,0.0
Jason Campbell,QB,Commanders,2010.0,1.0,3.14325,3.14325,0.0,0.024,2005.0,Commanders,veteran,5.0
David Carr,QB,49ers,2010.0,2.0,6.25,3.125,3.875,0.024,2002.0,Texans,veteran,8.0
Matt Schaub,QB,Falcons,2017.0,1.0,8.0,4.0,2.5,0.024,2004.0,Falcons,veteran,13.0
Matt Moore,QB,Panthers,2010.0,1.0,3.043,3.043,0.0,0.024,2007.0,Cowboys,veteran,3.0
Tyrod Taylor,QB,Jets,2024.0,2.0,12.0,6.0,8.5,0.023,2011.0,Ravens,veteran,13.0
Marcus Mariota,QB,Commanders,2024.0,1.0,6.0,6.0,5.39,0.023,2015.0,Titans,veteran,9.0
Marcus Mariota,QB,Commanders,2026.0,1.0,7.0,7.0,6.39,0.023,2015.0,Titans,veteran,11.0
Josh Freeman,QB,Vikings,2013.0,1.0,2.833334,2.833334,0.0,0.023,2009.0,Buccaneers,veteran,4.0
Shaun Hill,QB,Lions,2012.0,2.0,5.5,2.75,1.0,0.023,2002.0,Vikings,veteran,10.0
Shaun Hill,QB,Vikings,2015.0,2.0,6.5,3.25,3.2,0.023,2002.0,Vikings,veteran,13.0
Mike Glennon,QB,Cardinals,2018.0,2.0,8.0,4.0,4.0,0.023,2013.0,Buccaneers,veteran,5.0
Michael Penix Jr.,QB,Falcons,2024.0,4.0,22.882636,5.720659,22.882636,0.022000000000000002,2024.0,Falcons,rookie,0.0
Jacoby Brissett,QB,Cardinals,2025.0,2.0,12.5,6.25,6.5,0.022000000000000002,2016.0,Patriots,veteran,9.0
Ryan Fitzpatrick,QB,Bills,2009.0,3.0,8.25,2.75,1.17,0.022000000000000002,2005.0,Rams,veteran,4.0
Jacoby Brissett,QB,Browns,2022.0,1.0,4.65,4.65,4.5,0.022000000000000002,2016.0,Patriots,veteran,6.0
Marcus Mariota,QB,Eagles,2023.0,1.0,5.0,5.0,5.0,0.022000000000000002,2015.0,Titans,veteran,8.0
Jarrett Stidham,QB,Broncos,2023.0,2.0,10.0,5.0,5.0,0.022000000000000002,2019.0,Patriots,veteran,4.0
Andy Dalton,QB,Panthers,2023.0,2.0,10.0,5.0,8.0,0.022000000000000002,2011.0,Bengals,veteran,12.0
Josh Freeman,QB,Buccaneers,2009.0,5.0,13.5,2.7,9.54,0.022000000000000002,2009.0,Buccaneers,rookie,0.0
Chase Daniel,QB,Lions,2020.0,3.0,13.05,4.35,5.0,0.022000000000000002,2009.0,Commanders,veteran,11.0
Zach Wilson,QB,Dolphins,2025.0,1.0,6.0,6.0,6.0,0.021,2021.0,Jets,veteran,4.0
Jarrett Stidham,QB,Broncos,2025.0,2.0,12.0,6.0,6.99,0.021,2019.0,Patriots,veteran,6.0
J.J. McCarthy,QB,Vikings,2024.0,4.0,21.854796,5.463699,21.854796,0.021,2024.0,Vikings,rookie,0.0
Mac Jones,QB,NE/JAX,2021.0,4.0,15.58634,3.896585,15.58634,0.021,2021.0,Patriots,rookie,0.0
Brian Hoyer,QB,Colts,2019.0,3.0,12.0,4.0,7.0,0.021,2009.0,Patriots,veteran,10.0
Christian Ponder,QB,Vikings,2011.0,4.0,10.158698,2.539675,10.158698,0.021,2011.0,Vikings,rookie,0.0
Ty Simpson,QB,Rams,2026.0,4.0,25.412156,6.353039,0.0,0.021,2026.0,Rams,rookie,0.0
Chad Henne,QB,Jaguars,2017.0,1.0,3.5,3.5,0.5,0.021,2008.0,Dolphins,veteran,9.0
Matt Hasselbeck,QB,Colts,2015.0,1.0,3.0,3.0,1.0,0.021,1998.0,Packers,veteran,17.0
Drew Stanton,QB,Cardinals,2016.0,2.0,6.5,3.25,4.5,0.021,2007.0,Lions,veteran,9.0
Matt Moore,QB,Dolphins,2011.0,2.0,5.025,2.5125,1.5,0.021,2007.0,Cowboys,veteran,4.0
Deshaun Watson,QB,Texans,2017.0,4.0,13.854482,3.463621,13.854482,0.021,2017.0,Texans,rookie,0.0
Kyle Orton,QB,Broncos,2010.0,1.0,2.621,2.621,0.0,0.02,2005.0,Bears,veteran,5.0
A.J. McCarron,QB,Texans,2020.0,1.0,4.0,4.0,3.75,0.02,2014.0,Bengals,veteran,6.0
Sam Darnold,QB,49ers,2023.0,1.0,4.5,4.5,3.5,0.02,2018.0,Jets,veteran,5.0
Joe Flacco,QB,Bengals,2026.0,1.0,6.0,6.0,4.0,0.02,2008.0,Ravens,veteran,18.0
Drew Lock,QB,Giants,2024.0,1.0,5.0,5.0,4.95,0.02,2019.0,Broncos,veteran,5.0
Colt McCoy,QB,Commanders,2016.0,3.0,9.0,3.0,1.8,0.019,2010.0,Browns,veteran,6.0
Joe Flacco,QB,NYJ/PHI,2021.0,1.0,3.5,3.5,3.5,0.019,2008.0,Ravens,veteran,13.0
Marcus Mariota,QB,Raiders,2021.0,1.0,3.5,3.5,3.5,0.019,2015.0,Titans,veteran,6.0
Dwayne Haskins,QB,Commanders,2019.0,4.0,14.416614,3.604154,14.416614,0.019,2019.0,Commanders,rookie,0.0
Gardner Minshew,QB,Cardinals,2026.0,1.0,5.75,5.75,5.14,0.019,2019.0,Jaguars,veteran,7.0
Chad Henne,QB,Chiefs,2018.0,2.0,6.7,3.35,5.115,0.019,2008.0,Dolphins,veteran,10.0
Ryan Fitzpatrick,QB,Buccaneers,2018.0,1.0,3.3,3.3,1.3,0.019,2005.0,Rams,veteran,13.0
Chad Pennington,QB,Jets,2000.0,5.0,5.75501,1.151002,4.13101,0.019,2000.0,Jets,rookie,0.0
Mark Brunell,QB,Commanders,2007.0,1.0,2.0,2.0,0.0,0.018000000000000002,1993.0,Packers,veteran,14.0
Colt McCoy,QB,Commanders,2018.0,2.0,6.5,3.25,2.0,0.018000000000000002,2010.0,Browns,veteran,8.0
Drew Stanton,QB,Browns,2018.0,2.0,6.5,3.25,4.15,0.018000000000000002,2007.0,Lions,veteran,11.0
Bo Nix,QB,Broncos,2024.0,4.0,18.613166,4.653292,18.613166,0.018000000000000002,2024.0,Broncos,rookie,0.0
Matt Moore,QB,Dolphins,2015.0,1.0,2.6,2.6,1.6,0.018000000000000002,2007.0,Cowboys,veteran,8.0
E.J. Manuel,QB,Bills,2013.0,4.0,8.8853,2.221325,8.8853,0.018000000000000002,2013.0,Bills,rookie,0.0
Ryan Fitzpatrick,QB,Buccaneers,2017.0,1.0,3.0,3.0,1.25,0.018000000000000002,2005.0,Rams,veteran,12.0
Tyson Bagent,QB,Bears,2025.0,2.0,10.0,5.0,2.53,0.018000000000000002,2023.0,Bears,veteran,2.0
Aaron Rodgers,QB,Packers,2005.0,5.0,7.655,1.531,4.0775,0.018000000000000002,2005.0,Packers,rookie,0.0
Drew Lock,QB,Seahawks,2023.0,1.0,4.0,4.0,1.75,0.018000000000000002,2019.0,Broncos,veteran,4.0
Mike White,QB,Dolphins,2023.0,2.0,8.0,4.0,4.5,0.018000000000000002,2018.0,Cowboys,veteran,5.0
Baker Mayfield,QB,Buccaneers,2023.0,1.0,4.0,4.0,4.0,0.018000000000000002,2018.0,Browns,veteran,5.0
Jameis Winston,QB,Saints,2023.0,1.0,4.0,4.0,4.0,0.018000000000000002,2015.0,Buccaneers,veteran,8.0
Joe Flacco,QB,Colts,2024.0,1.0,4.5,4.5,4.5,0.018000000000000002,2008.0,Ravens,veteran,16.0
Tim Tebow,QB,Broncos,2010.0,5.0,11.25,2.25,7.69,0.017,2010.0,Broncos,rookie,0.0
Mitchell Trubisky,QB,Titans,2026.0,2.0,10.5,5.25,6.825,0.017,2017.0,Bears,veteran,9.0
Shaun Hill,QB,49ers,2008.0,3.0,6.0,2.0,1.95,0.017,2002.0,Vikings,veteran,6.0
David Carr,QB,Giants,2009.0,1.0,2.1,2.1,1.0,0.017,2002.0,Texans,veteran,7.0
Mark Sanchez,QB,Eagles,2014.0,1.0,2.25,2.25,1.5,0.017,2009.0,Jets,veteran,5.0
Kenny Pickett,QB,PIT/LV/CLE/PHI,2022.0,4.0,14.067904,3.516976,14.067904,0.017,2022.0,Steelers,rookie,0.0
Geno Smith,QB,Seahawks,2022.0,1.0,3.5,3.5,0.5,0.017,2013.0,Jets,veteran,9.0
Case Keenum,QB,Bills,2022.0,1.0,3.5,3.5,2.0,0.017,2012.0,Texans,veteran,10.0
Joe Flacco,QB,Jets,2022.0,1.0,3.5,3.5,2.85,0.017,2008.0,Ravens,veteran,14.0
Brandon Weeden,QB,Browns,2012.0,4.0,8.083596,2.020899,7.511288,0.017,2012.0,Browns,rookie,0.0
Tim Tebow,QB,Jets,2012.0,3.0,6.054375,2.018125,2.531875,0.017,2010.0,Broncos,veteran,2.0
Josh McCown,QB,Cardinals,2005.0,1.0,1.43,1.43,0.0,0.017,2002.0,Cardinals,veteran,3.0
Nate Sudfeld,QB,Eagles,2019.0,1.0,3.095,3.095,0.0,0.016,2016.0,Commanders,veteran,3.0
Matt McGloin,QB,Raiders,2016.0,1.0,2.553,2.553,0.0,0.016,2013.0,Raiders,veteran,3.0
A.J. McCarron,QB,Texans,2019.0,1.0,3.0,3.0,2.5,0.016,2014.0,Bengals,veteran,5.0
Davis Mills,QB,Texans,2024.0,2.0,8.116,4.058,6.316,0.016,2021.0,Texans,veteran,3.0
Matt Cassel,QB,Titans,2017.0,2.0,5.25,2.625,0.5,0.016,2005.0,Patriots,veteran,12.0
Derek Anderson,QB,Panthers,2015.0,2.0,4.5,2.25,1.5,0.016,2005.0,Ravens,veteran,10.0
Jameis Winston,QB,Browns,2024.0,1.0,4.0,4.0,4.0,0.016,2015.0,Buccaneers,veteran,9.0
Jordan Love,QB,Packers,2020.0,4.0,12.38347,3.095868,12.38347,0.016,2020.0,Packers,rookie,0.0
Colt McCoy,QB,Cardinals,2022.0,2.0,7.5,3.25,6.0,0.016,2010.0,Browns,veteran,12.0
Gardner Minshew,QB,Colts,2023.0,1.0,3.5,3.5,3.5,0.016,2019.0,Jaguars,veteran,4.0
Mark Brunell,QB,Saints,2008.0,2.0,3.6,1.8,0.5,0.016,1993.0,Packers,veteran,15.0
Tim Couch,QB,Packers,2004.0,1.0,1.25,1.25,0.625,0.016,1999.0,Browns,veteran,5.0
Johnny Manziel,QB,Browns,2014.0,4.0,8.248596,2.062149,7.707913,0.016,2014.0,Browns,rookie,0.0
Paxton Lynch,QB,Broncos,2016.0,4.0,9.476306,2.369077,8.334083,0.015,2016.0,Broncos,rookie,0.0
Jason Campbell,QB,Browns,2013.0,2.0,3.75,1.875,0.5,0.015,2005.0,Commanders,veteran,8.0
Joe Flacco,QB,CLE/CIN,2025.0,1.0,4.25,4.25,3.0,0.015,2008.0,Ravens,veteran,17.0
Jaxson Dart,QB,Giants,2025.0,4.0,16.977942,4.244486,16.977942,0.015,2025.0,Giants,rookie,0.0
Andy Dalton,QB,Cowboys,2020.0,1.0,3.0,3.0,3.0,0.015,2011.0,Bengals,veteran,9.0
Charlie Whitehurst,QB,Titans,2014.0,2.0,4.0,2.0,2.0,0.015,2006.0,Chargers,veteran,8.0
Luke McCown,QB,Jaguars,2011.0,1.0,1.8,1.8,0.25,0.015,2004.0,Browns,veteran,7.0
Nick Foles,QB,Colts,2022.0,2.0,6.2,3.1,4.0,0.015,2012.0,Eagles,veteran,10.0
Andy Dalton,QB,Saints,2022.0,1.0,3.0,3.0,3.0,0.013999999999999999,2011.0,Bengals,veteran,11.0
Jameis Winston,QB,Giants,2025.0,2.0,8.0,4.0,5.25,0.013999999999999999,2015.0,Buccaneers,veteran,10.0
Andy Dalton,QB,Panthers,2025.0,2.0,8.0,4.0,6.0,0.013999999999999999,2011.0,Bengals,veteran,14.0
Joshua Dobbs,QB,Patriots,2025.0,2.0,8.0,4.0,3.8,0.013999999999999999,2017.0,Steelers,veteran,8.0
Blaine Gabbert,QB,49ers,2015.0,2.0,4.0,2.0,0.5,0.013999999999999999,2011.0,Jaguars,veteran,4.0
Matt Schaub,QB,Ravens,2015.0,1.0,2.0,2.0,2.0,0.013999999999999999,2004.0,Falcons,veteran,11.0
Charlie Whitehurst,QB,TEN/IND,2015.0,1.0,2.0,2.0,0.0,0.013999999999999999,2006.0,Chargers,veteran,9.0
Matt Cassel,QB,Cowboys,2015.0,1.0,2.0,2.0,0.0,0.013999999999999999,2005.0,Patriots,veteran,10.0
Case Keenum,QB,Texans,2023.0,2.0,6.25,3.125,4.0,0.013999999999999999,2012.0,Texans,veteran,11.0
C.J. Beathard,QB,Jaguars,2021.0,2.0,5.0,2.5,2.5,0.013999999999999999,2017.0,49ers,veteran,4.0
Mitchell Trubisky,QB,Bills,2021.0,1.0,2.5,2.5,2.0,0.013999999999999999,2017.0,Bears,veteran,4.0
Mason Rudolph,QB,Steelers,2025.0,2.0,7.5,3.75,3.0,0.013000000000000001,2018.0,Steelers,veteran,7.0
Drew Brees,QB,Chargers,2001.0,4.0,3.605,0.90125,1.845,0.013000000000000001,2001.0,Chargers,rookie,0.0
Lamar Jackson,QB,Ravens,2018.0,4.0,9.471652,2.367913,8.055062,0.013000000000000001,2018.0,Ravens,rookie,0.0
Teddy Bridgewater,QB,Lions,2023.0,1.0,3.0,3.0,2.55,0.013000000000000001,2014.0,Vikings,veteran,9.0
Kenny Pickett,QB,Panthers,2026.0,1.0,4.0,4.0,4.0,0.013000000000000001,2022.0,Steelers,veteran,4.0
Landry Jones,QB,Steelers,2017.0,2.0,4.4,2.2,0.6,0.013000000000000001,2013.0,Steelers,veteran,4.0
Shaun Hill,QB,Rams,2014.0,1.0,1.75,1.75,0.5,0.013000000000000001,2002.0,Vikings,veteran,12.0
Tim Boyle,QB,Lions,2021.0,1.0,2.4,2.4,1.5,0.013000000000000001,2018.0,Packers,veteran,3.0
Taylor Heinicke,QB,Commanders,2021.0,2.0,4.75,2.375,1.5,0.013000000000000001,2015.0,Vikings,veteran,6.0
Jake Plummer,QB,Cardinals,1997.0,3.0,1.60625,0.535417,0.7,0.013000000000000001,1997.0,Cardinals,rookie,0.0
Mark Sanchez,QB,Cowboys,2016.0,1.0,2.0,2.0,0.0,0.013000000000000001,2009.0,Jets,veteran,7.0
Brandon Weeden,QB,Texans,2016.0,2.0,4.0,2.0,0.45,0.013000000000000001,2012.0,Browns,veteran,4.0
Matt Cassel,QB,Titans,2016.0,1.0,2.0,2.0,0.75,0.013000000000000001,2005.0,Patriots,veteran,11.0
Brian Hoyer,QB,Bears,2016.0,1.0,2.0,2.0,0.75,0.013000000000000001,2009.0,Patriots,veteran,7.0
Teddy Bridgewater,QB,Vikings,2014.0,4.0,6.849502,1.712376,5.495479,0.013000000000000001,2014.0,Vikings,rookie,0.0
Charlie Whitehurst,QB,Chargers,2012.0,2.0,3.05,1.525,1.0,0.013000000000000001,2006.0,Chargers,veteran,6.0
Jeff Driskel,QB,Broncos,2020.0,2.0,5.0,2.5,2.5,0.013000000000000001,2016.0,49ers,veteran,4.0
Mac Jones,QB,49ers,2025.0,2.0,7.0,3.5,4.75,0.013000000000000001,2021.0,Patriots,veteran,4.0
Jimmy Garoppolo,QB,Rams,2024.0,1.0,3.17875,3.17875,3.17875,0.012,2014.0,Patriots,veteran,10.0
Mike White,QB,Jets,2022.0,1.0,2.54,2.54,0.0,0.012,2018.0,Cowboys,veteran,4.0
Dwayne Haskins,QB,Steelers,2022.0,1.0,2.54,2.54,0.0,0.012,2019.0,Commanders,veteran,3.0
Kyle Allen,QB,Texans,2022.0,1.0,2.5,2.5,2.25,0.012,2018.0,Panthers,veteran,4.0
Case Keenum,QB,Vikings,2017.0,1.0,2.0,2.0,1.0,0.012,2012.0,Texans,veteran,5.0
Ryan Mallett,QB,Ravens,2017.0,1.0,2.0,2.0,1.0,0.012,2011.0,Patriots,veteran,6.0
Mark Sanchez,QB,Bears,2017.0,1.0,2.0,2.0,1.0,0.012,2009.0,Jets,veteran,8.0
Tyler Huntley,QB,Ravens,2023.0,1.0,2.627,2.627,0.0,0.012,2020.0,Ravens,veteran,3.0
Mark Brunell,QB,Jets,2010.0,2.0,3.0,1.5,0.3,0.012,1993.0,Packers,veteran,17.0
Andy Dalton,QB,CAR/PHI,2026.0,1.0,3.5,3.5,3.5,0.012,2011.0,Bengals,veteran,15.0
Matt Moore,QB,Dolphins,2016.0,2.0,3.55,1.775,2.25,0.011000000000000001,2007.0,Cowboys,veteran,9.0
Colt McCoy,QB,Giants,2020.0,1.0,2.25,2.25,1.7,0.011000000000000001,2010.0,Browns,veteran,10.0
Blaine Gabbert,QB,Titans,2018.0,2.0,4.0,2.0,1.0,0.011000000000000001,2011.0,Jaguars,veteran,7.0
Jason Campbell,QB,Bengals,2014.0,1.0,1.5,1.5,0.4,0.011000000000000001,2005.0,Commanders,veteran,9.0
Scott Tolzien,QB,Colts,2016.0,2.0,3.5,1.75,0.5,0.011000000000000001,2011.0,Chargers,veteran,5.0
Matt Schaub,QB,Falcons,2016.0,1.0,1.75,1.75,0.5,0.011000000000000001,2004.0,Falcons,veteran,12.0
Mason Rudolph,QB,Titans,2024.0,1.0,2.87,2.87,2.7,0.011000000000000001,2018.0,Steelers,veteran,6.0
Cooper Rush,QB,Cowboys,2023.0,2.0,5.0,2.5,2.75,0.011000000000000001,2017.0,Cowboys,veteran,6.0
Cooper Rush,QB,Ravens,2025.0,2.0,6.2,3.1,4.0,0.011000000000000001,2017.0,Cowboys,veteran,8.0
Tony Romo,QB,Cowboys,2005.0,2.0,1.88,0.94,0.32,0.011000000000000001,2003.0,Cowboys,veteran,2.0
Blaine Gabbert,QB,Buccaneers,2021.0,1.0,2.0,2.0,1.5,0.011000000000000001,2011.0,Jaguars,veteran,10.0
Geno Smith,QB,Jets,2026.0,1.0,3.3,3.3,3.3,0.011000000000000001,2013.0,Jets,veteran,13.0
Andy Dalton,QB,Bengals,2011.0,4.0,5.214198,1.30355,4.028171,0.011000000000000001,2011.0,Bengals,rookie,0.0
Blaine Gabbert,QB,Buccaneers,2022.0,1.0,2.25,2.25,1.75,0.011000000000000001,2011.0,Jaguars,veteran,11.0
Jimmy Garoppolo,QB,Rams,2025.0,1.0,3.005,3.005,3.005,0.011000000000000001,2014.0,Patriots,veteran,11.0
Colin Kaepernick,QB,49ers,2011.0,4.0,5.124296,1.281074,3.8,0.011000000000000001,2011.0,,rookie,0.0
Robert Griffin III,QB,Ravens,2019.0,2.0,4.0,2.0,2.0,0.011000000000000001,2012.0,Commanders,veteran,7.0
Josh McCown,QB,Eagles,2019.0,1.0,2.0,2.0,2.0,0.011000000000000001,2002.0,Cardinals,veteran,17.0
Trevor Siemian,QB,Jets,2019.0,1.0,2.0,2.0,1.0,0.011000000000000001,2015.0,Broncos,veteran,4.0
Will Levis,QB,Titans,2023.0,4.0,9.542162,2.385541,8.730957,0.011000000000000001,2023.0,Titans,rookie,0.0
Tarvaris Jackson,QB,Seahawks,2015.0,1.0,1.5,1.5,1.5,0.01,2006.0,Vikings,veteran,9.0
Colt McCoy,QB,Commanders,2015.0,1.0,1.5,1.5,0.15,0.01,2010.0,Browns,veteran,5.0
Easton Stick,QB,Chargers,2024.0,1.0,2.6675,2.6675,1.4147,0.01,2019.0,Chargers,veteran,5.0
Drew Stanton,QB,NYJ/IND,2012.0,1.0,1.25,1.25,0.5,0.01,2007.0,Lions,veteran,5.0
Mike Glennon,QB,Raiders,2019.0,1.0,1.95,1.95,1.4,0.01,2013.0,Buccaneers,veteran,6.0
Mitchell Trubisky,QB,Bills,2024.0,2.0,5.25,2.625,2.71,0.01,2017.0,Bears,veteran,7.0
Geno Smith,QB,Jets,2013.0,4.0,5.019603,1.254901,3.068784,0.01,2013.0,Jets,rookie,0.0
Derek Carr,QB,Raiders,2014.0,4.0,5.371802,1.342951,3.310937,0.01,2014.0,Raiders,rookie,0.0
Matt Schaub,QB,Falcons,2019.0,2.0,3.78,1.89,0.75,0.01,2004.0,Falcons,veteran,15.0
Brian Hoyer,QB,Raiders,2023.0,2.0,4.5,2.25,4.205,0.01,2009.0,Patriots,veteran,14.0
C.J. Beathard,QB,Jaguars,2023.0,2.0,4.5,2.25,2.0,0.01,2017.0,49ers,veteran,6.0
Brett Hundley,QB,Cardinals,2019.0,1.0,1.875,1.875,0.75,0.01,2015.0,Packers,veteran,4.0
Carson Wentz,QB,Vikings,2026.0,1.0,3.0,3.0,2.645,0.01,2016.0,Eagles,veteran,10.0
Taylor Heinicke,QB,ATL/LAC,2024.0,1.0,2.53,2.53,1.32,0.01,2015.0,Vikings,veteran,9.0
Carson Wentz,QB,Chiefs,2024.0,1.0,2.5,2.5,2.2,0.01,2016.0,Eagles,veteran,8.0
Tyler Shough,QB,Saints,2025.0,4.0,10.804728,2.701182,10.804728,0.01,2025.0,Saints,rookie,0.0
Luke McCown,QB,Saints,2016.0,2.0,3.0,1.5,0.5,0.01,2004.0,Browns,veteran,12.0
Derek Anderson,QB,Panthers,2014.0,2.0,2.564,1.282,0.4,0.01,2005.0,Ravens,veteran,9.0
Brian Hoyer,QB,Patriots,2017.0,3.0,4.815,1.605,1.51,0.01,2009.0,Patriots,veteran,8.0
Brian Hoyer,QB,Patriots,2022.0,2.0,4.0,2.0,3.0,0.01,2009.0,Patriots,veteran,13.0
Chad Henne,QB,Chiefs,2022.0,1.0,2.0,2.0,2.0,0.01,2008.0,Dolphins,veteran,14.0
Nick Mullens,QB,LV/MIN,2022.0,1.0,2.0,2.0,1.0,0.01,2017.0,49ers,veteran,5.0
Trevor Siemian,QB,Bears,2022.0,2.0,4.0,2.0,2.035,0.01,2015.0,Broncos,veteran,7.0
Chase Daniel,QB,Chargers,2022.0,1.0,2.0,2.0,1.12,0.01,2009.0,Commanders,veteran,13.0
Rob Johnson,QB,Buccaneers,2002.0,1.0,0.675,0.675,0.475,0.009000000000000001,1995.0,Jaguars,veteran,7.0
Scott Tolzien,QB,Packers,2015.0,1.0,1.35,1.35,0.0,0.009000000000000001,2011.0,Chargers,veteran,4.0
Drew Lock,QB,SEA/DEN,2019.0,4.0,7.01082,1.752705,4.42745,0.009000000000000001,2019.0,Broncos,rookie,0.0
Case Keenum,QB,Bears,2026.0,2.0,5.5,2.75,2.9,0.009000000000000001,2012.0,Texans,veteran,14.0
Charlie Whitehurst,QB,Chargers,2010.0,1.0,1.176,1.176,0.0,0.009000000000000001,2006.0,Chargers,veteran,4.0
Drew Lock,QB,Seahawks,2025.0,2.0,5.0,2.5,2.25,0.009000000000000001,2019.0,Broncos,veteran,6.0
Taylor Heinicke,QB,Chargers,2025.0,1.0,2.5,2.5,2.0,0.009000000000000001,2015.0,Vikings,veteran,10.0
Joshua Dobbs,QB,MIN/CLE/ARI,2023.0,1.0,2.0,2.0,2.0,0.009000000000000001,2017.0,Steelers,veteran,6.0
Nick Mullens,QB,Vikings,2023.0,2.0,4.0,2.0,1.9225,0.009000000000000001,2017.0,49ers,veteran,6.0
Cam Newton,QB,Patriots,2020.0,1.0,1.75,1.75,0.55,0.009000000000000001,2011.0,Panthers,veteran,9.0
Joshua Dobbs,QB,49ers,2024.0,1.0,2.25,2.25,2.25,0.009000000000000001,2017.0,Steelers,veteran,7.0
Rob Johnson,QB,Raiders,2003.0,1.0,0.655,0.655,0.0,0.009000000000000001,1995.0,Jaguars,veteran,8.0
David Carr,QB,Giants,2008.0,1.0,1.0,1.0,0.1,0.009000000000000001,2002.0,Texans,veteran,6.0
Nate Sudfeld,QB,Eagles,2020.0,1.0,1.7,1.7,1.61,0.009000000000000001,2016.0,Commanders,veteran,4.0
David Carr,QB,Giants,2013.0,1.0,1.05,1.05,0.165,0.009000000000000001,2002.0,Texans,veteran,11.0
Blaine Gabbert,QB,Buccaneers,2019.0,1.0,1.6,1.6,0.5,0.009000000000000001,2011.0,Jaguars,veteran,8.0
Tyrod Taylor,QB,Packers,2026.0,1.0,2.5,2.5,0.7,0.008,2011.0,Ravens,veteran,15.0
Tyler Huntley,QB,Ravens,2026.0,2.0,5.0,2.5,3.5,0.008,2020.0,Ravens,veteran,6.0
Sam Howell,QB,Cowboys,2026.0,1.0,2.5,2.5,2.5,0.008,2022.0,Commanders,veteran,4.0
Trey Lance,QB,Chargers,2026.0,1.0,2.5,2.5,2.0,0.008,2021.0,49ers,veteran,5.0
Chase Daniel,QB,Saints,2012.0,1.0,1.0,1.0,0.3,0.008,2009.0,Commanders,veteran,3.0
Brandon Allen,QB,Bengals,2021.0,1.0,1.5,1.5,0.3,0.008,2016.0,Jaguars,veteran,5.0
David Carr,QB,Giants,2012.0,1.0,0.99,0.99,0.165,0.008,2002.0,Texans,veteran,10.0
Chad Henne,QB,Chiefs,2020.0,2.0,3.25,1.625,2.0,0.008,2008.0,Dolphins,veteran,12.0
Rob Johnson,QB,Jaguars,1997.0,2.0,0.675,0.3375,0.0,0.008,1995.0,Jaguars,veteran,2.0
Nick Mullens,QB,Jaguars,2025.0,2.0,4.5,2.25,3.0,0.008,2017.0,49ers,veteran,8.0
Case Keenum,QB,Bears,2025.0,1.0,2.25,2.25,2.155,0.008,2012.0,Texans,veteran,13.0
Austin Davis,QB,Broncos,2016.0,1.0,1.25,1.25,0.1,0.008,2012.0,Rams,veteran,4.0
Easton Stick,QB,Chargers,2023.0,1.0,1.8,1.8,1.1525,0.008,2019.0,Chargers,veteran,4.0
Ryan Fitzpatrick,QB,Bengals,2008.0,1.0,0.927,0.927,0.0,0.008,2005.0,Rams,veteran,3.0
Brian Hoyer,QB,Browns,2013.0,2.0,1.965,0.9825,0.25,0.008,2009.0,Patriots,veteran,4.0
Mark Brunell,QB,Jets,2011.0,1.0,0.96,0.96,0.575,0.008,1993.0,Packers,veteran,18.0
Brandon Allen,QB,49ers,2024.0,1.0,2.02,2.02,0.7,0.008,2016.0,Jaguars,veteran,8.0
Jimmy Clausen,QB,Ravens,2015.0,1.0,1.125,1.125,0.2625,0.008,2010.0,Panthers,veteran,5.0
Ryan Mallett,QB,Ravens,2015.0,2.0,2.245,1.1225,0.0,0.008,2011.0,Patriots,veteran,4.0
Drew Stanton,QB,Lions,2007.0,4.0,3.405,0.85125,1.588,0.008,2007.0,Lions,rookie,0.0
Tyrod Taylor,QB,Bills,2015.0,3.0,3.35,1.116667,1.15,0.008,2011.0,Ravens,veteran,4.0
Josh Johnson,QB,Bengals,2013.0,2.0,1.895,0.9475,0.15,0.008,2008.0,Buccaneers,veteran,5.0
Shaun Hill,QB,Vikings,2005.0,1.0,0.656,0.656,0.0,0.008,2002.0,Vikings,veteran,3.0
Jalen Hurts,QB,Eagles,2020.0,4.0,6.025176,1.506294,3.435816,0.008,2020.0,Eagles,rookie,0.0
Kyle Trask,QB,Buccaneers,2021.0,4.0,5.535336,1.383834,2.957306,0.008,2021.0,Buccaneers,rookie,0.0
Joe Flacco,QB,Jets,2020.0,1.0,1.5,1.5,0.55,0.008,2008.0,Ravens,veteran,12.0
Jeff Garcia,QB,Texans,2011.0,1.0,0.91,0.91,0.0,0.008,1999.0,,veteran,12.0
Mike Glennon,QB,Giants,2021.0,1.0,1.375,1.375,0.45,0.008,2013.0,Buccaneers,veteran,8.0
Christian Hackenberg,QB,Raiders,2016.0,4.0,4.660304,1.165076,2.039312,0.008,2016.0,Jets,rookie,0.0
Drew Stanton,QB,Lions,2011.0,1.0,0.9,0.9,0.25,0.006999999999999999,2007.0,Lions,veteran,4.0
Nick Mullens,QB,Vikings,2024.0,1.0,1.9,1.9,0.0,0.006999999999999999,2017.0,49ers,veteran,7.0
DeShone Kizer,QB,LV/CLE/GB,2017.0,4.0,4.948412,1.237103,2.893772,0.006999999999999999,2017.0,Browns,rookie,0.0
Chad Henne,QB,Dolphins,2008.0,4.0,3.4301,0.857525,1.4251,0.006999999999999999,2008.0,Dolphins,rookie,0.0
Derek Anderson,QB,Panthers,2012.0,1.0,0.89,0.89,0.065,0.006999999999999999,2005.0,Ravens,veteran,7.0
Derek Anderson,QB,Panthers,2013.0,1.0,0.905,0.905,0.065,0.006999999999999999,2005.0,Ravens,veteran,8.0
Luke McCown,QB,Saints,2015.0,1.0,1.05,1.05,0.35,0.006999999999999999,2004.0,Browns,veteran,11.0
Tommy DeVito,QB,Patriots,2026.0,2.0,4.4,2.2,2.0,0.006999999999999999,2023.0,Giants,veteran,3.0
Matt Flynn,QB,Packers,2013.0,2.0,1.79375,0.896875,0.0,0.006999999999999999,2008.0,Packers,veteran,5.0
Brock Osweiler,QB,Broncos,2012.0,4.0,3.516678,0.87917,0.997584,0.006999999999999999,2012.0,Broncos,rookie,0.0
Kevin Hogan,QB,Broncos,2019.0,1.0,1.36,1.36,0.3,0.006999999999999999,2016.0,Chiefs,veteran,3.0
Geno Smith,QB,Giants,2017.0,1.0,1.2,1.2,0.3,0.006999999999999999,2013.0,Jets,veteran,4.0
Trey Lance,QB,Chargers,2025.0,1.0,2.0,2.0,1.5,0.006999999999999999,2021.0,49ers,veteran,4.0
Kellen Mond,QB,MIN/CLE,2021.0,4.0,5.223412,1.305853,1.158844,0.006999999999999999,2021.0,Vikings,rookie,0.0
Davis Mills,QB,Texans,2021.0,4.0,5.2221,1.305525,1.157892,0.006999999999999999,2021.0,Texans,rookie,0.0
David Carr,QB,Giants,2011.0,1.0,0.86,0.86,0.05,0.006999999999999999,2002.0,Texans,veteran,9.0
Nate Sudfeld,QB,Lions,2023.0,1.0,1.6,1.6,1.0,0.006999999999999999,2016.0,Commanders,veteran,7.0
Josh McCown,QB,Bears,2013.0,1.0,0.865,0.865,0.125,0.006999999999999999,2002.0,Cardinals,veteran,11.0
Rob Johnson,QB,Giants,2006.0,1.0,0.71,0.71,0.0,0.006999999999999999,1995.0,Jaguars,veteran,11.0
Luke McCown,QB,Saints,2014.0,1.0,0.92,0.92,0.2,0.006999999999999999,2004.0,Browns,veteran,10.0
Dan Orlovsky,QB,Lions,2016.0,1.0,1.065,1.065,0.16,0.006999999999999999,2005.0,Lions,veteran,11.0
Josh McCown,QB,Bears,2012.0,1.0,0.825,0.825,0.0,0.006999999999999999,2002.0,Cardinals,veteran,10.0
Luke McCown,QB,Falcons,2012.0,1.0,0.825,0.825,0.0,0.006999999999999999,2004.0,Browns,veteran,8.0
Kyle Allen,QB,Bills,2026.0,2.0,4.1,2.05,1.8,0.006999999999999999,2018.0,Panthers,veteran,8.0
Michael Vick,QB,Steelers,2015.0,1.0,0.97,0.97,0.0,0.006999999999999999,2001.0,Falcons,veteran,14.0
Rex Grossman,QB,Falcons,2015.0,1.0,0.97,0.97,0.0,0.006999999999999999,2003.0,Bears,veteran,12.0
Josh McCown,QB,CHI/SF,2011.0,1.0,0.81,0.81,0.0,0.006999999999999999,2002.0,Cardinals,veteran,9.0
Tyler Bray,QB,Chiefs,2015.0,2.0,1.925,0.9625,0.0,0.006999999999999999,2013.0,Chiefs,veteran,2.0
Luke McCown,QB,Saints,2013.0,1.0,0.825,0.825,0.0,0.006999999999999999,2004.0,Browns,veteran,9.0
A.J. McCarron,QB,Falcons,2021.0,1.0,1.2125,1.2125,0.1375,0.006999999999999999,2014.0,Bengals,veteran,7.0
Colt McCoy,QB,Cardinals,2021.0,1.0,1.2125,1.2125,0.1375,0.006999999999999999,2010.0,Browns,veteran,11.0
Geno Smith,QB,Seahawks,2021.0,1.0,1.2125,1.2125,0.1375,0.006999999999999999,2013.0,Jets,veteran,8.0
Sam Ehlinger,QB,Broncos,2026.0,1.0,2.0,2.0,1.0,0.006999999999999999,2021.0,Colts,veteran,5.0
Tim Couch,QB,Jaguars,2007.0,2.0,1.445,0.7225,0.0,0.006999999999999999,1999.0,Browns,veteran,8.0
Jimmy Garoppolo,QB,SF/NE,2014.0,4.0,3.483898,0.870975,1.103744,0.006999999999999999,2014.0,Patriots,rookie,0.0
Josh McCown,QB,Cardinals,2002.0,3.0,1.388,0.462667,0.483,0.006999999999999999,2002.0,Cardinals,rookie,0.0
Luke McCown,QB,Cowboys,2017.0,1.0,1.08,1.08,0.25,0.006,2004.0,Browns,veteran,13.0
Dan Orlovsky,QB,Rams,2017.0,1.0,1.08,1.08,0.06,0.006,2005.0,Lions,veteran,12.0
Charlie Whitehurst,QB,Browns,2016.0,1.0,1.0,1.0,0.0,0.006,2006.0,Chargers,veteran,10.0
Desmond Ridder,QB,ARI/ATL,2022.0,4.0,5.362962,1.340741,1.080336,0.006,2022.0,Falcons,rookie,0.0
Hendon Hooker,QB,Lions,2023.0,4.0,5.719028,1.429757,1.159292,0.006,2023.0,Lions,rookie,0.0
Mike Glennon,QB,Buccaneers,2013.0,4.0,3.104063,0.776016,0.6375,0.006,2013.0,Buccaneers,rookie,0.0
Matt Cassel,QB,Lions,2018.0,1.0,1.105,1.105,0.0,0.006,2005.0,Patriots,veteran,13.0
Bruce Gradkowski,QB,Steelers,2016.0,1.0,0.965,0.965,0.08,0.006,2006.0,Buccaneers,veteran,10.0
Russell Wilson,QB,Seahawks,2012.0,4.0,2.996774,0.749194,0.619472,0.006,2012.0,Seahawks,rookie,0.0
Robert Griffin III,QB,Ravens,2018.0,1.0,1.1,1.1,0.1,0.006,2012.0,Commanders,veteran,6.0
Malik Willis,QB,GB/TEN,2022.0,4.0,5.1601,1.290025,0.9328,0.006,2022.0,Titans,rookie,0.0
Carson Beck,QB,Cardinals,2026.0,4.0,7.405992,1.851498,0.0,0.006,2026.0,Cardinals,rookie,0.0
Luke McCown,QB,TB/CLE,2004.0,5.0,2.475,0.495,0.55,0.006,2004.0,Browns,rookie,0.0
Ryan Mallett,QB,NE/HOU,2011.0,4.0,2.947828,0.736957,1.018876,0.006,2011.0,Patriots,rookie,0.0
Matt Corral,QB,CAR/NE,2022.0,4.0,2.094246,1.273562,0.884904,0.006,2022.0,Panthers,rookie,0.0
Derek Anderson,QB,Panthers,2011.0,1.0,0.735,0.735,0.05,0.006,2005.0,Ravens,veteran,6.0
Rob Johnson,QB,Jaguars,1995.0,4.0,0.904,0.226,0.25,0.006,1995.0,Jaguars,rookie,0.0
Matt Flynn,QB,Saints,2015.0,1.0,0.87,0.87,0.0,0.006,2008.0,Packers,veteran,7.0
Derek Anderson,QB,Bills,2018.0,1.0,1.07353,1.07353,0.05853,0.006,2005.0,Ravens,veteran,13.0
Matt Hasselbeck,QB,Packers,2000.0,2.0,0.75,0.375,0.03,0.006,1998.0,Packers,veteran,2.0
Geno Smith,QB,Seahawks,2020.0,1.0,1.1875,1.1875,0.1375,0.006,2013.0,Jets,veteran,7.0
Blaine Gabbert,QB,Buccaneers,2020.0,1.0,1.1875,1.1875,0.8875,0.006,2011.0,Jaguars,veteran,9.0
Joe Webb,QB,Panthers,2016.0,2.0,1.86,0.93,0.2,0.006,2010.0,Vikings,veteran,6.0
Brandon Weeden,QB,Titans,2017.0,1.0,1.0,1.0,0.0,0.006,2012.0,Browns,veteran,5.0
Kellen Clemens,QB,Chargers,2017.0,1.0,1.0,1.0,0.0,0.006,2006.0,Jets,veteran,11.0
Dan Marino,QB,Dolphins,2017.0,1.0,1.0,1.0,0.0,0.006,1983.0,Dolphins,veteran,34.0
Colt McCoy,QB,Commanders,2014.0,1.0,0.795,0.795,0.065,0.006,2010.0,Browns,veteran,4.0
Josh Freeman,QB,Giants,2014.0,1.0,0.795,0.795,0.055,0.006,2009.0,Buccaneers,veteran,5.0
Teddy Bridgewater,QB,Lions,2026.0,1.0,1.8,1.8,1.5875,0.006,2014.0,Vikings,veteran,12.0
Derek Anderson,QB,Bills,2019.0,1.0,1.12,1.12,0.09,0.006,2005.0,Ravens,veteran,14.0
Garrett Grayson,QB,Saints,2015.0,4.0,3.400606,0.850152,0.733168,0.006,2015.0,Saints,rookie,0.0
Drew Allar,QB,Steelers,2026.0,4.0,7.103408,1.775852,0.0,0.006,2026.0,Steelers,rookie,0.0
Joe Webb,QB,Giants,2021.0,1.0,1.0755,1.0755,0.0005,0.006,2010.0,Vikings,veteran,11.0
Chase Daniel,QB,Chargers,2021.0,1.0,1.075,1.075,0.0,0.006,2009.0,Commanders,veteran,12.0
Blaine Gabbert,QB,Chiefs,2023.0,1.0,1.3175,1.3175,1.0925,0.006,2011.0,Jaguars,veteran,12.0
Carson Wentz,QB,Rams,2023.0,1.0,1.315,1.315,0.15,0.006,2016.0,Eagles,veteran,7.0
Josh Johnson,QB,Browns,2012.0,1.0,0.7,0.7,0.0,0.006,2008.0,Buccaneers,veteran,4.0
Shaun Hill,QB,49ers,2006.0,2.0,1.18,0.59,0.0,0.006,2002.0,Vikings,veteran,4.0
Brandon Allen,QB,Bengals,2022.0,1.0,1.2,1.2,0.0,0.006,2016.0,Jaguars,veteran,6.0
Nick Foles,QB,Eagles,2012.0,4.0,2.76852,0.69213,0.54352,0.006,2012.0,Eagles,rookie,0.0
Josh Johnson,QB,Giants,2016.0,1.0,0.885,0.885,0.0,0.006,2008.0,Buccaneers,veteran,8.0
Joshua Dobbs,QB,Steelers,2021.0,1.0,1.04,1.04,0.05,0.006,2017.0,Steelers,veteran,4.0
Ian Book,QB,NO/PHI,2021.0,4.0,4.15358,1.038395,0.67358,0.006,2021.0,Saints,rookie,0.0
Charlie Whitehurst,QB,Chargers,2006.0,4.0,2.318,0.5795,0.708,0.006,2006.0,Chargers,rookie,0.0
Sean Mannion,QB,Rams,2015.0,4.0,3.250896,0.812724,0.625796,0.006,2015.0,Rams,rookie,0.0
Matt Schaub,QB,Falcons,2004.0,3.0,1.365,0.455,0.445,0.006,2004.0,Falcons,rookie,0.0
E.J. Manuel,QB,Raiders,2018.0,1.0,1.0,1.0,0.08,0.006,2013.0,Bills,veteran,5.0
Geno Smith,QB,Chargers,2018.0,1.0,1.0,1.0,0.2,0.006,2013.0,Jets,veteran,5.0
Tim Tebow,QB,Patriots,2013.0,2.0,1.385,0.6925,0.0,0.006,2010.0,Broncos,veteran,3.0
Jalen Milroe,QB,Seahawks,2025.0,4.0,6.264086,1.566022,1.1957,0.006,2025.0,Seahawks,rookie,0.0
Dillon Gabriel,QB,Browns,2025.0,4.0,6.226322,1.556581,1.168232,0.006,2025.0,Browns,rookie,0.0
Matt Barkley,QB,PHI/ARI,2013.0,4.0,2.739528,0.684882,0.497028,0.006,2013.0,Eagles,rookie,0.0
Jameis Winston,QB,Saints,2020.0,1.0,1.1,1.1,1.1,0.006,2015.0,Buccaneers,veteran,5.0
Mason Rudolph,QB,Steelers,2018.0,4.0,3.921866,0.980467,0.932264,0.006,2018.0,Steelers,rookie,0.0
Jacoby Brissett,QB,NE/IND,2016.0,4.0,3.410832,0.852708,0.680604,0.005,2016.0,Patriots,rookie,0.0
Kyle Allen,QB,Bills,2023.0,1.0,1.2325,1.2325,0.35,0.005,2018.0,Panthers,veteran,5.0
Brandon Allen,QB,49ers,2023.0,1.0,1.2325,1.2325,0.2,0.005,2016.0,Jaguars,veteran,7.0
Matt Moore,QB,Chiefs,2019.0,1.0,1.03,1.03,0.0,0.005,2007.0,Cowboys,veteran,12.0
Josh Johnson,QB,Lions,2019.0,1.0,1.03,1.03,0.0,0.005,2008.0,Buccaneers,veteran,11.0
Cody Kessler,QB,CLE/JAX,2016.0,4.0,3.389082,0.847271,0.664788,0.005,2016.0,Browns,rookie,0.0
Trevor Siemian,QB,Saints,2021.0,1.0,0.99,0.99,0.0,0.005,2015.0,Broncos,veteran,6.0
Joe Webb,QB,Texans,2019.0,1.0,1.02,1.02,0.09,0.005,2010.0,Vikings,veteran,9.0
Davis Webb,QB,Giants,2017.0,4.0,3.611326,0.902832,0.76642,0.005,2017.0,Giants,rookie,0.0
Josh Johnson,QB,Ravens,2024.0,1.0,1.3775,1.3775,1.1525,0.005,2008.0,Buccaneers,veteran,16.0
Chase Daniel,QB,Saints,2017.0,1.0,0.9,0.9,0.9,0.005,2009.0,Commanders,veteran,8.0
Josh Johnson,QB,Texans,2017.0,1.0,0.9,0.9,0.0,0.005,2008.0,Buccaneers,veteran,9.0
Kyle Orton,QB,Bears,2005.0,4.0,1.843,0.46075,0.458,0.005,2005.0,Bears,rookie,0.0
Blake Bortles,QB,Saints,2022.0,1.0,1.12,1.12,0.0,0.005,2014.0,Jaguars,veteran,8.0
Cooper Rush,QB,Cowboys,2021.0,2.0,1.955,0.9775,0.0,0.005,2017.0,Cowboys,veteran,4.0
Kirk Cousins,QB,Commanders,2012.0,4.0,2.572688,0.643172,0.472688,0.005,2012.0,Commanders,rookie,0.0
Blake Bortles,QB,Rams,2019.0,1.0,1.0,1.0,1.0,0.005,2014.0,Jaguars,veteran,5.0
Ryan Nassib,QB,Giants,2013.0,4.0,2.6136,0.6534,0.4536,0.005,2013.0,Giants,rookie,0.0
Brian Hoyer,QB,Patriots,2020.0,1.0,1.05,1.05,0.0,0.005,2009.0,Patriots,veteran,11.0
Brett Hundley,QB,Cardinals,2020.0,1.0,1.0475,1.0475,0.8875,0.005,2015.0,Packers,veteran,5.0
Sean Mannion,QB,Vikings,2020.0,1.0,1.0475,1.0475,0.1375,0.005,2015.0,Rams,veteran,5.0
Landry Jones,QB,Steelers,2013.0,4.0,2.59922,0.649805,0.43922,0.005,2013.0,Steelers,rookie,0.0
C.J. Beathard,QB,49ers,2017.0,4.0,3.528646,0.882162,0.706288,0.005,2017.0,49ers,rookie,0.0
Josh Freeman,QB,Dolphins,2015.0,1.0,0.745,0.745,0.0,0.005,2009.0,Buccaneers,veteran,6.0
Christian Ponder,QB,Broncos,2015.0,1.0,0.745,0.745,0.0,0.005,2011.0,Vikings,veteran,4.0
Josh Johnson,QB,Bills,2015.0,1.0,0.745,0.745,0.0,0.005,2008.0,Buccaneers,veteran,7.0
Josh Johnson,QB,Ravens,2023.0,1.0,1.165,1.165,0.0,0.005,2008.0,Buccaneers,veteran,15.0
Bailey Zappe,QB,Patriots,2022.0,4.0,4.307072,1.076768,0.647072,0.005,2022.0,Patriots,rookie,0.0
Joe Webb,QB,Texans,2018.0,1.0,0.915,0.915,0.0,0.005,2010.0,Vikings,veteran,8.0
Mark Sanchez,QB,Commanders,2018.0,1.0,0.915,0.915,0.0,0.005,2009.0,Jets,veteran,9.0
Josh Johnson,QB,Commanders,2018.0,1.0,0.915,0.915,0.0,0.005,2008.0,Buccaneers,veteran,10.0
Christian Ponder,QB,49ers,2016.0,1.0,0.8,0.8,0.0,0.005,2011.0,Vikings,veteran,5.0
Austin Davis,QB,Seahawks,2017.0,1.0,0.855,0.855,0.05,0.005,2012.0,Rams,veteran,5.0
Blaine Gabbert,QB,Cardinals,2017.0,1.0,0.855,0.855,0.08,0.005,2011.0,Jaguars,veteran,6.0
Will Grier,QB,CAR/DAL,2019.0,4.0,3.852996,0.963249,0.82218,0.005,2019.0,Panthers,rookie,0.0
Brian Hoyer,QB,PIT/ARI,2012.0,1.0,0.615,0.615,0.0,0.005,2009.0,Patriots,veteran,3.0
Brandon Allen,QB,Titans,2025.0,1.0,1.4225,1.4225,1.0,0.005,2016.0,Jaguars,veteran,9.0
Josh Johnson,QB,Commanders,2025.0,1.0,1.4225,1.4225,0.04,0.005,2008.0,Buccaneers,veteran,17.0
Carson Wentz,QB,Vikings,2025.0,1.0,1.4225,1.4225,0.1675,0.005,2016.0,Eagles,veteran,9.0
Jacob Eason,QB,SEA/IND,2020.0,4.0,4.027264,1.006816,0.732264,0.005,2020.0,Colts,rookie,0.0
Kyle Allen,QB,Steelers,2024.0,1.0,1.2925,1.2925,0.1675,0.005,2018.0,Panthers,veteran,6.0
James Morgan,QB,Jets,2020.0,4.0,4.010264,1.002566,0.715264,0.005,2020.0,Jets,rookie,0.0
Alex Tanney,QB,Giants,2021.0,1.0,0.9225,0.9225,0.0025,0.005,2012.0,Chiefs,veteran,9.0
Jake Haener,QB,Saints,2023.0,4.0,4.544812,1.136203,0.704812,0.005,2023.0,Saints,rookie,0.0
Stetson Bennett,QB,Rams,2023.0,4.0,4.539132,1.134783,0.699132,0.005,2023.0,Rams,rookie,0.0
Nathan Peterman,QB,Raiders,2020.0,1.0,1.0,1.0,1.0,0.005,2017.0,Bills,veteran,3.0
Logan Thomas,QB,ARI/MIA,2014.0,4.0,2.652092,0.663023,0.432092,0.005,2014.0,Cardinals,rookie,0.0
Josh Johnson,QB,Bengals,2026.0,1.0,1.5,1.5,0.2,0.005,2008.0,Buccaneers,veteran,18.0
Nate Sudfeld,QB,Lions,2022.0,1.0,1.035,1.035,0.0,0.005,2016.0,Commanders,veteran,6.0
David Fales,QB,Dolphins,2018.0,1.0,0.88,0.88,0.09,0.005,2014.0,Bears,veteran,4.0
Brock Osweiler,QB,Dolphins,2018.0,1.0,0.88,0.88,0.63,0.005,2012.0,Broncos,veteran,6.0
Sam Ehlinger,QB,Colts,2021.0,4.0,3.610704,0.902676,0.130704,0.005,2021.0,Colts,rookie,0.0
Bryce Petty,QB,NYJ/MIA,2015.0,4.0,2.833696,0.708424,0.553696,0.005,2015.0,Jets,rookie,0.0
Colt McCoy,QB,Browns,2010.0,4.0,2.541,0.63525,0.751,0.005,2010.0,Browns,rookie,0.0
T.J. Yates,QB,Dolphins,2016.0,1.0,0.76,0.76,0.0,0.005,2011.0,Texans,veteran,5.0
Thaddeus Lewis,QB,49ers,2016.0,1.0,0.76,0.76,0.0,0.005,2010.0,Rams,veteran,6.0
Ricky Stanzi,QB,Jaguars,2013.0,2.0,1.2,0.6,0.0,0.005,2011.0,Chiefs,veteran,2.0
Scott Tolzien,QB,Packers,2013.0,2.0,1.2,0.6,0.0,0.005,2011.0,Chargers,veteran,2.0
Alex Tanney,QB,Giants,2019.0,2.0,1.825,0.9125,0.0,0.005,2012.0,Chiefs,veteran,7.0
Aidan O'Connell,QB,Raiders,2023.0,4.0,4.34938,1.087345,0.50938,0.005,2023.0,Raiders,rookie,0.0
Sam Howell,QB,WAS/SEA/PHI/MIN,2022.0,4.0,4.0216,1.0054,0.3616,0.005,2022.0,Commanders,rookie,0.0
Brandon Allen,QB,Giants,2026.0,1.0,1.45,1.45,0.25,0.005,2016.0,Jaguars,veteran,10.0
Mason Rudolph,QB,Steelers,2023.0,1.0,1.08,1.08,0.0,0.005,2018.0,Steelers,veteran,5.0
E.J. Manuel,QB,Raiders,2017.0,1.0,0.8,0.8,0.0,0.005,2013.0,Bills,veteran,4.0
Connor Cook,QB,Raiders,2016.0,4.0,2.959888,0.739972,0.619888,0.005,2016.0,Raiders,rookie,0.0
Sean Mannion,QB,Vikings,2019.0,1.0,0.895,0.895,0.09,0.005,2015.0,Rams,veteran,4.0
Tom Savage,QB,Lions,2019.0,1.0,0.895,0.895,0.09,0.005,2014.0,Texans,veteran,5.0
Tom Savage,QB,Texans,2014.0,4.0,2.520584,0.630146,0.300584,0.005,2014.0,Texans,rookie,0.0
Russell Wilson,QB,Steelers,2024.0,1.0,1.21,1.21,1.21,0.005,2012.0,Seahawks,veteran,12.0
Teddy Bridgewater,QB,Lions,2024.0,1.0,1.21,1.21,0.0,0.005,2014.0,Vikings,veteran,10.0
Nate Sudfeld,QB,Lions,2024.0,1.0,1.21,1.21,0.3,0.005,2016.0,Commanders,veteran,8.0
Ricky Stanzi,QB,Chiefs,2011.0,4.0,2.251052,0.562763,0.211052,0.005,2011.0,Chiefs,rookie,0.0
Clayton Tune,QB,Cardinals,2023.0,4.0,4.190624,1.047656,0.350624,0.005,2023.0,Cardinals,rookie,0.0
Dwayne Haskins,QB,Steelers,2021.0,1.0,0.85,0.85,0.0,0.005,2019.0,Commanders,veteran,2.0
Kyle Allen,QB,Commanders,2021.0,1.0,0.85,0.85,0.0,0.005,2018.0,Panthers,veteran,3.0
Mike White,QB,Jets,2021.0,1.0,0.85,0.85,0.0,0.005,2018.0,Cowboys,veteran,3.0
Josh Rosen,QB,Falcons,2021.0,1.0,0.85,0.85,0.0,0.005,2018.0,Cardinals,veteran,3.0
Zach Wilson,QB,Saints,2026.0,1.0,1.4025,1.4025,0.5988,0.005,2021.0,Jets,veteran,5.0
Dorian Thompson-Robinson,QB,CLE/PHI,2023.0,4.0,4.182268,1.045567,0.342268,0.005,2023.0,Browns,rookie,0.0
Cade Klubnik,QB,Jets,2026.0,4.0,5.598676,1.399669,1.218676,0.005,2026.0,Jets,rookie,0.0
T.J. Yates,QB,Texans,2017.0,1.0,0.775,0.775,0.0,0.005,2011.0,Texans,veteran,6.0
Thaddeus Lewis,QB,Ravens,2017.0,1.0,0.775,0.775,0.0,0.005,2010.0,Rams,veteran,7.0
Matt McGloin,QB,Texans,2017.0,1.0,0.775,0.775,0.0,0.005,2013.0,Raiders,veteran,4.0
Ryan Nassib,QB,Jaguars,2017.0,1.0,0.775,0.775,0.0,0.005,2013.0,Giants,veteran,4.0
Brock Osweiler,QB,Broncos,2017.0,1.0,0.775,0.775,0.0,0.005,2012.0,Broncos,veteran,5.0
Matt Barkley,QB,Cardinals,2017.0,1.0,0.775,0.775,0.0,0.005,2013.0,Eagles,veteran,4.0
Tom Brady,QB,Patriots,2000.0,3.0,0.8645,0.288167,0.0385,0.005,2000.0,Patriots,rookie,0.0
Kyle Sloter,QB,Jaguars,2022.0,1.0,0.965,0.965,0.0,0.005,2017.0,Broncos,veteran,5.0
Brett Rypien,QB,Broncos,2022.0,1.0,0.965,0.965,0.0,0.005,2019.0,Broncos,veteran,3.0
Sean Clifford,QB,Packers,2023.0,4.0,4.16418,1.041045,0.32418,0.005,2023.0,Packers,rookie,0.0
Brandon Weeden,QB,DAL/HOU,2014.0,2.0,1.23,0.615,0.0,0.005,2012.0,Browns,veteran,2.0
Geno Smith,QB,Seahawks,2019.0,1.0,0.87,0.87,0.0,0.005,2013.0,Jets,veteran,6.0
T.J. Yates,QB,ATL/HOU,2011.0,4.0,2.225,0.55625,0.185,0.005,2011.0,Texans,rookie,0.0
Ryan Lindley,QB,Patriots,2015.0,1.0,0.66,0.66,0.0,0.005,2012.0,Cardinals,veteran,3.0
Austin Davis,QB,Browns,2015.0,1.0,0.66,0.66,0.0,0.005,2012.0,Rams,veteran,3.0
Tim Tebow,QB,Eagles,2015.0,1.0,0.66,0.66,0.0,0.005,2010.0,Broncos,veteran,5.0
Mike Kafka,QB,Vikings,2015.0,1.0,0.66,0.66,0.0,0.005,2010.0,Eagles,veteran,5.0
Devlin Hodges,QB,Rams,2021.0,2.0,1.675,0.8375,0.0,0.005,2019.0,Steelers,veteran,2.0
Nathan Enderle,QB,Bears,2011.0,4.0,2.20886,0.552215,0.16886,0.005,2011.0,Bears,rookie,0.0
Jaren Hall,QB,Vikings,2023.0,4.0,4.119272,1.029818,0.279272,0.005,2023.0,Vikings,rookie,0.0
Ryan Lindley,QB,Cardinals,2012.0,4.0,2.205308,0.551327,0.105308,0.005,2012.0,Cardinals,rookie,0.0
Aaron Murray,QB,Chiefs,2014.0,4.0,2.427424,0.606856,0.182424,0.005,2014.0,Chiefs,rookie,0.0
Kyle Allen,QB,Lions,2025.0,1.0,1.27,1.27,0.1,0.005,2018.0,Panthers,veteran,7.0
Jake Fromm,QB,Bills,2020.0,4.0,3.59796,0.89949,0.30296,0.005,2020.0,Bills,rookie,0.0
A.J. McCarron,QB,Bengals,2014.0,4.0,2.401652,0.600413,0.181652,0.005,2014.0,Bengals,rookie,0.0
Brad Sorensen,QB,Chargers,2013.0,4.0,2.2194,0.55485,0.0594,0.005,2013.0,Chargers,rookie,0.0
Jeff Driskel,QB,Commanders,2024.0,1.0,1.15,1.15,0.15,0.005,2016.0,49ers,veteran,8.0
Nate Sudfeld,QB,49ers,2025.0,1.0,1.255,1.255,0.0,0.004,2016.0,Commanders,veteran,9.0
Tim Boyle,QB,Titans,2025.0,1.0,1.255,1.255,0.0,0.004,2018.0,Packers,veteran,7.0
Teddy Bridgewater,QB,Buccaneers,2025.0,1.0,1.255,1.255,0.0,0.004,2014.0,Vikings,veteran,11.0
Skylar Thompson,QB,Dolphins,2022.0,4.0,3.742208,0.935552,0.082208,0.004,2022.0,Dolphins,rookie,0.0
Chris Streveler,QB,Jets,2023.0,1.0,1.01,1.01,0.0,0.004,2020.0,Cardinals,veteran,3.0
Brock Purdy,QB,49ers,2022.0,4.0,3.737012,0.934253,0.077012,0.004,2022.0,49ers,rookie,0.0
Sean Renfree,QB,Falcons,2013.0,4.0,2.205896,0.551474,0.045896,0.004,2013.0,Falcons,rookie,0.0
Phillip Walker,QB,Seahawks,2024.0,1.0,1.145,1.145,0.0,0.004,2017.0,Colts,veteran,7.0
Tanner McKee,QB,Eagles,2023.0,4.0,4.02652,1.00663,0.18652,0.004,2023.0,Eagles,rookie,0.0
Kyle Lauletta,QB,Giants,2018.0,4.0,3.1677,0.791925,0.7077,0.004,2018.0,Giants,rookie,0.0
Landry Jones,QB,Jaguars,2018.0,1.0,0.79,0.79,0.0,0.004,2013.0,Steelers,veteran,5.0
Brandon Weeden,QB,Texans,2018.0,1.0,0.79,0.79,0.0,0.004,2012.0,Browns,veteran,6.0
Matt McGloin,QB,Chiefs,2018.0,1.0,0.79,0.79,0.0,0.004,2013.0,Raiders,veteran,5.0
Matt Barkley,QB,Bills,2018.0,1.0,0.79,0.79,0.0,0.004,2013.0,Eagles,veteran,5.0
Feleipe Franks,QB,Falcons,2021.0,3.0,2.44,0.813333,0.1,0.004,2021.0,Falcons,rookie,0.0
Tyrod Taylor,QB,Ravens,2011.0,4.0,2.145308,0.536327,0.105308,0.004,2011.0,Ravens,rookie,0.0
Joshua Dobbs,QB,JAX/PIT,2017.0,4.0,2.959124,0.739781,0.559124,0.004,2017.0,Steelers,rookie,0.0
K.J. Costello,QB,Chargers,2021.0,3.0,2.425,0.808333,0.0,0.004,2021.0,Chargers,rookie,0.0
Jamie Newman,QB,Eagles,2021.0,3.0,2.425,0.808333,0.0,0.004,2021.0,Eagles,rookie,0.0
Jake Browning,QB,Buccaneers,2026.0,1.0,1.3325,1.3325,0.4,0.004,2019.0,Vikings,veteran,7.0
Zach Mettenberger,QB,LAC/PIT/TEN,2014.0,4.0,2.345116,0.586279,0.125116,0.004,2014.0,Titans,rookie,0.0
Trace McSorley,QB,Commanders,2024.0,1.0,1.125,1.125,0.0,0.004,2019.0,Ravens,veteran,5.0
Ryan Finley,QB,HOU/CIN,2019.0,4.0,3.309656,0.827414,0.789656,0.004,2019.0,Bengals,rookie,0.0
Jake Luton,QB,Jaguars,2020.0,4.0,3.476756,0.869189,0.181756,0.004,2020.0,Jaguars,rookie,0.0
Dak Prescott,QB,Cowboys,2016.0,4.0,2.723392,0.680848,0.383392,0.004,2016.0,Cowboys,rookie,0.0
Cardale Jones,QB,Bills,2016.0,4.0,2.723392,0.680848,0.383392,0.004,2016.0,Bills,rookie,0.0
Greg McElroy,QB,Jets,2011.0,4.0,2.105152,0.526288,0.065152,0.004,2011.0,Jets,rookie,0.0
Brett Hundley,QB,SEA/GB,2015.0,4.0,2.503632,0.625908,0.223632,0.004,2015.0,Packers,rookie,0.0
Matt Hasselbeck,QB,Packers,1999.0,1.0,0.25,0.25,0.0,0.004,1998.0,Packers,veteran,1.0
Kurt Warner,QB,Rams,1999.0,1.0,0.25,0.25,0.0,0.004,1994.0,Packers,veteran,5.0
Tajh Boyd,QB,Jets,2014.0,4.0,2.29868,0.57467,0.07868,0.004,2014.0,Jets,rookie,0.0
Trevor Siemian,QB,Falcons,2026.0,1.0,1.3,1.3,0.0,0.004,2015.0,Broncos,veteran,11.0
Easton Stick,QB,Colts,2026.0,1.0,1.3,1.3,0.0,0.004,2019.0,Chargers,veteran,7.0
Kyler Murray,QB,Vikings,2026.0,1.0,1.3,1.3,0.0,0.004,2019.0,Cardinals,veteran,7.0
Shaun Hill,QB,Vikings,2002.0,3.0,0.92,0.306667,0.015,0.004,2002.0,Vikings,rookie,0.0
Phillip Walker,QB,Panthers,2022.0,1.0,0.895,0.895,0.0,0.004,2017.0,Colts,veteran,5.0
John Wolford,QB,Rams,2022.0,1.0,0.895,0.895,0.0,0.004,2018.0,Jets,veteran,4.0
Tyler Huntley,QB,Ravens,2022.0,1.0,0.895,0.895,0.0,0.004,2020.0,Ravens,veteran,2.0
Austin Davis,QB,Rams,2014.0,1.0,0.57,0.57,0.0,0.004,2012.0,Rams,veteran,2.0
Cole McDonald,QB,Titans,2020.0,4.0,3.396684,0.849171,0.101684,0.004,2020.0,Titans,rookie,0.0
E.J. Manuel,QB,Chiefs,2019.0,1.0,0.805,0.805,0.0,0.004,2013.0,Bills,veteran,6.0
Taylor Heinicke,QB,Panthers,2019.0,1.0,0.805,0.805,0.0,0.004,2015.0,Vikings,veteran,4.0
Landry Jones,QB,Raiders,2019.0,1.0,0.805,0.805,0.0,0.004,2013.0,Steelers,veteran,6.0
David Fales,QB,Jets,2019.0,1.0,0.805,0.805,0.0,0.004,2014.0,Bears,veteran,5.0
Ben DiNucci,QB,Cowboys,2020.0,4.0,3.390148,0.847537,0.095148,0.004,2020.0,Cowboys,rookie,0.0
Alex McGough,QB,Seahawks,2021.0,1.0,0.78,0.78,0.0,0.004,2018.0,Seahawks,veteran,3.0
Tyler Huntley,QB,Ravens,2021.0,1.0,0.78,0.78,0.0,0.004,2020.0,Ravens,veteran,1.0
Spencer Rattler,QB,Saints,2024.0,4.0,4.35648,1.08912,0.33648,0.004,2024.0,Saints,rookie,0.0
Zac Dysert,QB,Broncos,2013.0,4.0,2.2082,0.52205,0.0482,0.004,2013.0,Broncos,rookie,0.0
Ben DiNucci,QB,Cowboys,2022.0,2.0,1.765,0.8825,0.0,0.004,2020.0,Cowboys,veteran,2.0
Matt Cassel,QB,Patriots,2005.0,4.0,1.439,0.35975,0.054,0.004,2005.0,Patriots,rookie,0.0
Jarrett Stidham,QB,NE/LV,2019.0,4.0,3.156112,0.789028,0.636112,0.004,2019.0,Patriots,rookie,0.0
Gardner Minshew,QB,Chiefs,2025.0,1.0,1.17,1.17,0.0,0.004,2019.0,Jaguars,veteran,6.0
Jordan Travis,QB,Jets,2024.0,4.0,4.274276,1.068569,0.254276,0.004,2024.0,Jets,rookie,0.0
Shedeur Sanders,QB,Browns,2025.0,4.0,4.64738,1.161845,0.44738,0.004,2025.0,Browns,rookie,0.0
David Fales,QB,Dolphins,2017.0,1.0,0.69,0.69,0.0,0.004,2014.0,Bears,veteran,3.0
Levi Lewis,QB,Seahawks,2022.0,3.0,2.575,0.858333,0.015,0.004,2022.0,Seahawks,rookie,0.0
Joe Milton III,QB,NE/DAL,2024.0,4.0,4.203316,1.050829,0.183316,0.004,2024.0,Patriots,rookie,0.0
Brandon Peters,QB,Chargers,2022.0,3.0,2.567,0.855667,0.007,0.004,2022.0,Chargers,rookie,0.0
Cole Kelley,QB,Commanders,2022.0,3.0,2.565,0.855,0.005,0.004,2022.0,Commanders,rookie,0.0
Jack Coan,QB,Colts,2022.0,3.0,2.565,0.855,0.06,0.004,2022.0,Colts,rookie,0.0
Felix Harper,QB,Browns,2022.0,3.0,2.56,0.853333,0.0,0.004,2022.0,Browns,rookie,0.0
Dustin Crum,QB,Chiefs,2022.0,3.0,2.56,0.853333,0.0,0.004,2022.0,Chiefs,rookie,0.0
Drew Plitt,QB,Bengals,2022.0,3.0,2.56,0.853333,0.0,0.004,2022.0,Bengals,rookie,0.0
Ryan Willis,QB,Bears,2022.0,3.0,2.56,0.853333,0.0,0.004,2021.0,Bears,veteran,1.0
Michael Pratt,QB,Buccaneers,2025.0,2.0,2.285,1.1425,0.25,0.004,2024.0,Packers,veteran,1.0
Cody Kessler,QB,Patriots,2019.0,2.0,1.54,0.77,0.0,0.004,2016.0,Browns,veteran,3.0
Pat Devlin,QB,Browns,2015.0,1.0,0.585,0.585,0.0,0.004,2011.0,Dolphins,veteran,4.0
Case Keenum,QB,Rams,2015.0,1.0,0.585,0.585,0.0,0.004,2012.0,Texans,veteran,3.0
Trevor Siemian,QB,DEN/MIN,2015.0,4.0,2.332784,0.583196,0.052784,0.004,2015.0,Broncos,rookie,0.0
Bryce Perkins,QB,Rams,2021.0,2.0,1.485,0.7425,0.0,0.004,2020.0,Rams,veteran,1.0
Nate Stanley,QB,Vikings,2021.0,2.0,1.485,0.7425,0.0,0.004,2020.0,Vikings,veteran,1.0
Josh Johnson,QB,Buccaneers,2008.0,4.0,1.8775,0.469375,0.1725,0.004,2008.0,Buccaneers,rookie,0.0
Will Grier,QB,CAR/DAL,2026.0,1.0,1.215,1.215,0.0,0.004,2019.0,Panthers,veteran,7.0
Tua Tagovailoa,QB,Falcons,2026.0,1.0,1.215,1.215,0.0,0.004,2020.0,Dolphins,veteran,6.0
Bailey Zappe,QB,Jets,2026.0,1.0,1.215,1.215,0.0,0.004,2022.0,Patriots,veteran,4.0
Tyson Bagent,QB,Bears,2023.0,3.0,2.72,0.906667,0.025,0.004,2023.0,Bears,rookie,0.0
Matt McGloin,QB,Raiders,2013.0,3.0,1.485,0.495,0.0,0.004,2013.0,Raiders,rookie,0.0
Shane Buechele,QB,Bills,2024.0,1.0,1.025,1.025,0.04,0.004,2021.0,Chiefs,veteran,3.0
Adrian Martinez,QB,Lions,2023.0,3.0,2.705,0.901667,0.06,0.004,2023.0,Lions,rookie,0.0
Nolan Henderson,QB,Ravens,2023.0,3.0,2.701,0.900333,0.006,0.004,2023.0,Ravens,rookie,0.0
Tim DeMorat,QB,Commanders,2023.0,3.0,2.6975,0.899167,0.0025,0.004,2023.0,Commanders,rookie,0.0
Austin Aune,QB,Falcons,2023.0,3.0,2.695,0.898333,0.0,0.004,2023.0,Falcons,rookie,0.0
Braxton Burmeister,QB,Rams,2023.0,3.0,2.695,0.898333,0.0,0.004,2023.0,Rams,rookie,0.0
Austin Davis,QB,Rams,2012.0,3.0,1.445,0.481667,0.0175,0.004,2012.0,Rams,rookie,0.0
Hendon Hooker,QB,Titans,2026.0,2.0,2.405,1.2025,0.0,0.004,2023.0,Lions,veteran,3.0
Nate Sudfeld,QB,Commanders,2016.0,4.0,2.477336,0.619334,0.137336,0.004,2016.0,Commanders,rookie,0.0
Will Howard,QB,Steelers,2025.0,4.0,4.4481,1.112025,0.2481,0.004,2025.0,Steelers,rookie,0.0
Tom Savage,QB,SF/CIN,2018.0,1.0,0.705,0.705,0.0,0.004,2014.0,Texans,veteran,4.0
Riley Leonard,QB,Colts,2025.0,4.0,4.435244,1.108811,0.235244,0.004,2025.0,Colts,rookie,0.0
Brandon Allen,QB,LAR/JAX,2016.0,4.0,2.464272,0.616068,0.124272,0.004,2016.0,Jaguars,rookie,0.0
Graham Mertz,QB,Texans,2025.0,4.0,4.428484,1.107121,0.228484,0.004,2025.0,Texans,rookie,0.0
Matt Simms,QB,Falcons,2017.0,2.0,1.32,0.66,0.0,0.004,2012.0,Jets,veteran,5.0
Nathan Peterman,QB,Bills,2017.0,4.0,2.639508,0.659877,0.239508,0.004,2017.0,Bills,rookie,0.0
Cole Payton,QB,Eagles,2026.0,4.0,4.759476,1.189869,0.379476,0.004,2026.0,Eagles,rookie,0.0
Jeff Driskel,QB,Bengals,2016.0,4.0,2.45254,0.613135,0.11254,0.004,2016.0,49ers,rookie,0.0
Phillip Walker,QB,Panthers,2020.0,2.0,1.565,0.7825,0.15,0.004,2017.0,Colts,veteran,3.0
Skylar Thompson,QB,Steelers,2025.0,1.0,1.1,1.1,0.0,0.004,2022.0,Dolphins,veteran,3.0
Joe Webb,QB,Vikings,2010.0,4.0,2.032515,0.508129,0.0,0.004,2010.0,Vikings,rookie,0.0
Taylen Green,QB,Browns,2026.0,4.0,4.718164,1.179541,0.338164,0.004,2026.0,Browns,rookie,0.0
Nathan Enderle,QB,Chargers,2013.0,1.0,0.48,0.48,0.0,0.004,2011.0,Bears,veteran,2.0
Kurtis Rourke,QB,49ers,2025.0,4.0,4.334236,1.083559,0.134236,0.004,2025.0,49ers,rookie,0.0
Quinn Ewers,QB,Dolphins,2025.0,4.0,4.331576,1.082894,0.131576,0.004,2025.0,Dolphins,rookie,0.0
Jeff Tuel,QB,Jaguars,2015.0,2.0,1.11,0.555,0.0,0.004,2013.0,Bills,veteran,2.0
McLeod Bethel-Thompson,QB,Eagles,2016.0,1.0,0.6,0.6,0.0,0.004,2011.0,,veteran,5.0
Dan LeFevour,QB,Buccaneers,2016.0,1.0,0.6,0.6,0.0,0.004,2010.0,Bears,veteran,6.0
Anthony Gordon,QB,Seahawks,2020.0,3.0,2.2975,0.765833,0.0125,0.004,2020.0,Seahawks,rookie,0.0
Josh Love,QB,Rams,2020.0,3.0,2.295,0.765,0.01,0.004,2020.0,Rams,rookie,0.0
Case Cookus,QB,Giants,2020.0,3.0,2.295,0.765,0.035,0.004,2020.0,Giants,rookie,0.0
Jacob Eason,QB,Packers,2024.0,1.0,0.985,0.985,0.0,0.004,2020.0,Colts,veteran,4.0
Kellen Mond,QB,Saints,2024.0,1.0,0.985,0.985,0.0,0.004,2021.0,Vikings,veteran,3.0
Riley Neal,QB,Broncos,2020.0,3.0,2.293,0.764333,0.008,0.004,2020.0,Broncos,rookie,0.0
Nathan Enderle,QB,Jaguars,2012.0,1.0,0.465,0.465,0.0,0.004,2011.0,Bears,veteran,1.0
Kevin Davidson,QB,Browns,2020.0,3.0,2.2925,0.764167,0.0175,0.004,2020.0,Browns,rookie,0.0
Jalen Morton,QB,Packers,2020.0,3.0,2.292,0.764,0.007,0.004,2020.0,Packers,rookie,0.0
J'Mar Smith,QB,Patriots,2020.0,3.0,2.29,0.763333,0.03,0.004,2020.0,Patriots,rookie,0.0
Broc Rutter,QB,49ers,2020.0,3.0,2.285279,0.76176,0.000279,0.004,2020.0,49ers,rookie,0.0
Shea Patterson,QB,Chiefs,2020.0,3.0,2.285,0.761667,0.0,0.004,2020.0,Chiefs,rookie,0.0
Nick Tiano,QB,Texans,2020.0,3.0,2.285,0.761667,0.0,0.004,2020.0,Texans,rookie,0.0
Shane Buechele,QB,Bills,2026.0,1.0,1.15,1.15,0.05,0.004,2021.0,Chiefs,veteran,5.0
Matt Flynn,QB,Packers,2008.0,4.0,1.769175,0.442294,0.064175,0.004,2008.0,Packers,rookie,0.0
Jake Browning,QB,Bengals,2024.0,2.0,1.945,0.9725,0.0,0.004,2019.0,Vikings,veteran,5.0
Sean Renfree,QB,Buccaneers,2017.0,1.0,0.635,0.635,0.02,0.004,2013.0,Falcons,veteran,4.0
Skylar Thompson,QB,Ravens,2026.0,1.0,1.145,1.145,0.0,0.004,2022.0,Dolphins,veteran,4.0
Derek Anderson,QB,CLE/BAL,2005.0,3.0,0.9745,0.324833,0.0495,0.004,2005.0,Ravens,rookie,0.0
Nick Mullens,QB,49ers,2020.0,1.0,0.75,0.75,0.0,0.004,2017.0,49ers,veteran,3.0
Mike White,QB,Cowboys,2018.0,4.0,2.677556,0.669389,0.217556,0.004,2018.0,Cowboys,rookie,0.0
Athan Kaliakmanis,QB,Commanders,2026.0,4.0,4.544656,1.136164,0.164656,0.004,2026.0,Commanders,rookie,0.0
Alex Tanney,QB,Titans,2016.0,3.0,1.17,0.585,0.0,0.004,2012.0,Chiefs,veteran,4.0
Behren Morton,QB,Patriots,2026.0,4.0,4.529228,1.132307,0.149228,0.004,2026.0,Patriots,rookie,0.0
Garrett Nussmeier,QB,Chiefs,2026.0,4.0,4.500488,1.125122,0.120488,0.004,2026.0,Chiefs,rookie,0.0
Greg McElroy,QB,Bengals,2014.0,1.0,0.495,0.495,0.0,0.004,2011.0,Jets,veteran,3.0
Tyler Wilson,QB,Bengals,2014.0,1.0,0.495,0.495,0.0,0.004,2013.0,Raiders,veteran,1.0
Easton Stick,QB,Chargers,2019.0,4.0,2.79862,0.699655,0.27862,0.004,2019.0,Chargers,rookie,0.0
Ryan Fitzpatrick,QB,CIN/LAR,2005.0,3.0,0.95325,0.31775,0.02825,0.004,2005.0,Rams,rookie,0.0
Casey Bauman,QB,Chargers,2024.0,3.0,2.84,0.946667,0.01,0.004,2024.0,Chargers,rookie,0.0
Rocky Lombardi,QB,Bengals,2024.0,3.0,2.84,0.946667,0.01,0.004,2024.0,Bengals,rookie,0.0
Chevan Cordeiro,QB,Seahawks,2024.0,3.0,2.8375,0.945833,0.0175,0.004,2024.0,Seahawks,rookie,0.0
Gavin Hardison,QB,Dolphins,2024.0,3.0,2.835,0.945,0.005,0.004,2024.0,Dolphins,rookie,0.0
Peewee Jarrett,QB,Jets,2024.0,3.0,2.833,0.944333,0.015,0.004,2024.0,Jets,rookie,0.0
Zack Annexstad,QB,Buccaneers,2024.0,3.0,2.833,0.944333,0.003,0.004,2024.0,Buccaneers,rookie,0.0
Jacob Sirmon,QB,Browns,2024.0,3.0,2.83,0.943333,0.0,0.004,2024.0,Browns,rookie,0.0
Ben Bryant,QB,Jets,2024.0,3.0,2.83,0.943333,0.0,0.004,2024.0,Jets,rookie,0.0
Andrew Peasley,QB,Jets,2024.0,3.0,2.83,0.943333,0.0,0.004,2024.0,Jets,rookie,0.0
Colby Suits,QB,Jets,2024.0,3.0,2.83,0.943333,0.0,0.004,2024.0,Jets,rookie,0.0
Cody Fajardo,QB,Raiders,2015.0,3.0,1.5875,0.529167,0.0125,0.004,2015.0,Raiders,rookie,0.0
Jake Fromm,QB,Lions,2025.0,1.0,1.03,1.03,0.0,0.004,2020.0,Bills,veteran,5.0
Bryce Perkins,QB,Panthers,2025.0,1.0,1.03,1.03,0.0,0.004,2020.0,Rams,veteran,5.0
Tommy DeVito,QB,Giants,2025.0,1.0,1.03,1.03,0.0,0.004,2023.0,Giants,veteran,2.0
Chad Kelly,QB,Broncos,2017.0,4.0,2.464284,0.616071,0.064284,0.004,2017.0,Broncos,rookie,0.0
Shane Carden,QB,Bears,2015.0,3.0,1.585,0.528333,0.01,0.004,2015.0,Bears,rookie,0.0
Bryan Bennett,QB,Colts,2015.0,3.0,1.585,0.528333,0.01,0.004,2015.0,Colts,rookie,0.0
Taylor Heinicke,QB,Vikings,2015.0,3.0,1.585,0.528333,0.01,0.004,2015.0,Vikings,rookie,0.0
B.J. Daniels,QB,Falcons,2017.0,1.0,0.615,0.615,0.0,0.004,2013.0,,veteran,4.0
Zac Dysert,QB,ARI/DAL,2017.0,1.0,0.615,0.615,0.0,0.004,2013.0,Broncos,veteran,4.0
Aaron Murray,QB,Rams,2017.0,1.0,0.615,0.615,0.0,0.004,2014.0,Chiefs,veteran,3.0
Luke Falk,QB,TEN/MIA/NYJ,2018.0,4.0,2.608832,0.652208,0.148832,0.004,2018.0,Titans,rookie,0.0
Garrett Gilbert,QB,Browns,2019.0,2.0,1.38,0.69,0.075,0.004,2014.0,Rams,veteran,5.0
Case Keenum,QB,LAR/HOU,2013.0,2.0,0.9,0.45,0.0,0.004,2012.0,Texans,veteran,1.0
Connor Cook,QB,Lions,2019.0,1.0,0.685,0.685,0.0,0.004,2016.0,Raiders,veteran,3.0
Tommy Stevens,QB,Giants,2021.0,1.0,0.66,0.66,0.0,0.004,2020.0,Saints,veteran,1.0
Case Cookus,QB,Raiders,2021.0,1.0,0.66,0.66,0.0,0.004,2020.0,Giants,veteran,1.0
Cole McDonald,QB,Cardinals,2021.0,1.0,0.66,0.66,0.0,0.004,2020.0,Titans,veteran,1.0
Jalen Morton,QB,Colts,2021.0,1.0,0.66,0.66,0.0,0.004,2020.0,Packers,veteran,1.0
Eric Dungey,QB,Bengals,2021.0,1.0,0.66,0.66,0.0,0.004,2019.0,Giants,veteran,2.0
Gardner Minshew,QB,JAX/PHI,2019.0,4.0,2.711616,0.677904,0.191616,0.004,2019.0,Jaguars,rookie,0.0
Tony Romo,QB,Cowboys,2003.0,2.0,0.54,0.27,0.01,0.004,2003.0,Cowboys,rookie,0.0
Kurt Warner,QB,Packers,1994.0,2.0,0.248,0.124,0.005,0.004,1994.0,Packers,rookie,0.0
Nathan Rourke,QB,NE/NYG,2024.0,1.0,0.915,0.915,0.0,0.004,2023.0,Jaguars,veteran,1.0
Sean Clifford,QB,Bengals,2026.0,1.0,1.075,1.075,0.0,0.004,2023.0,Packers,veteran,3.0
Jake Haener,QB,Chiefs,2026.0,1.0,1.075,1.075,0.0,0.004,2023.0,Saints,veteran,3.0
Trace McSorley,QB,Ravens,2019.0,4.0,2.680688,0.670172,0.160688,0.004,2019.0,Ravens,rookie,0.0
Chandler Harnish,QB,Cardinals,2015.0,1.0,0.51,0.51,0.0,0.004,2012.0,Colts,veteran,3.0
Joe Callahan,QB,Packers,2018.0,1.0,0.63,0.63,0.0,0.004,2016.0,Packers,veteran,2.0
Kevin Hogan,QB,WAS/DEN,2018.0,1.0,0.63,0.63,0.0,0.004,2016.0,Chiefs,veteran,2.0
Max Brosmer,QB,Vikings,2025.0,3.0,2.975,0.991667,0.244,0.004,2025.0,Vikings,rookie,0.0
Ethan Garbers,QB,Panthers,2025.0,3.0,2.975,0.991667,0.01,0.004,2025.0,Panthers,rookie,0.0
Payton Thorne,QB,Bengals,2025.0,3.0,2.975,0.991667,0.01,0.004,2025.0,Bengals,rookie,0.0
Ben Wooldridge,QB,Patriots,2025.0,3.0,2.971,0.990333,0.015,0.004,2025.0,Patriots,rookie,0.0
Taylor Elgersma,QB,Packers,2025.0,3.0,2.968,0.989333,0.003,0.004,2025.0,Packers,rookie,0.0
Trevone Boykin,QB,Seahawks,2016.0,3.0,1.635,0.545,0.015,0.004,2016.0,Seahawks,rookie,0.0
Stephen Morris,QB,Colts,2017.0,2.0,1.17,0.585,0.0,0.004,2014.0,Jaguars,veteran,3.0
Joe Licata,QB,Bengals,2016.0,3.0,1.62,0.54,0.0,0.003,2016.0,Bengals,rookie,0.0
Dalyn Williams,QB,Bears,2016.0,3.0,1.62,0.54,0.0,0.003,2016.0,Bears,rookie,0.0
Griffin Neal,QB,Saints,2016.0,3.0,1.62,0.54,0.0,0.003,2015.0,,veteran,1.0
Matt Johnson,QB,Bengals,2016.0,3.0,1.62,0.54,0.0,0.003,2016.0,Bengals,rookie,0.0
Max Wittek,QB,Jaguars,2016.0,3.0,1.62,0.54,0.0,0.003,2016.0,Jaguars,rookie,0.0
Jake Coker,QB,Cardinals,2016.0,3.0,1.62,0.54,0.0,0.003,2016.0,Cardinals,rookie,0.0
Ryan Williams,QB,Packers,2016.0,3.0,1.62,0.54,0.0,0.003,2015.0,Packers,veteran,1.0
Marquise Williams,QB,Packers,2016.0,3.0,1.62,0.54,0.0,0.003,2016.0,Packers,rookie,0.0
Jalon Daniels,QB,Buccaneers,2026.0,3.0,3.125,1.041667,0.2725,0.003,2026.0,Buccaneers,rookie,0.0
Matt Moore,QB,CAR/DAL,2007.0,3.0,1.13,0.376667,0.015,0.003,2007.0,Cowboys,rookie,0.0
Jack Strand,QB,Falcons,2026.0,3.0,3.115,1.038333,0.2625,0.003,2026.0,Falcons,rookie,0.0
Jacob Clark,QB,Raiders,2026.0,3.0,3.11,1.036667,0.01,0.003,2026.0,Raiders,rookie,0.0
Luke Altmyer,QB,Lions,2026.0,3.0,3.11,1.036667,0.2575,0.003,2026.0,Lions,rookie,0.0
Haynes King,QB,Panthers,2026.0,3.0,3.11,1.036667,0.21,0.003,2026.0,Panthers,rookie,0.0
Miller Moss,QB,Bears,2026.0,3.0,3.11,1.036667,0.21,0.003,2026.0,Bears,rookie,0.0
Matthew Caldwell,QB,Rams,2026.0,3.0,3.106,1.035333,0.006,0.003,2026.0,Rams,rookie,0.0
Mark Gronowski,QB,Dolphins,2026.0,3.0,3.105,1.035,0.015,0.003,2026.0,Dolphins,rookie,0.0
Kyron Drones,QB,Packers,2026.0,3.0,3.105,1.035,0.005,0.003,2026.0,Packers,rookie,0.0
Dresser Winn,QB,Rams,2024.0,2.0,1.755,0.8775,0.0,0.003,2023.0,Rams,veteran,1.0
Diego Pavia,QB,Ravens,2026.0,3.0,3.1,1.033333,0.0,0.003,2026.0,Ravens,rookie,0.0
Joe Fagnano,QB,Ravens,2026.0,3.0,3.1,1.033333,0.0,0.003,2026.0,Ravens,rookie,0.0
Joey Aguilar,QB,Jaguars,2026.0,3.0,3.1,1.033333,0.2475,0.003,2026.0,Jaguars,rookie,0.0
Matt Simms,QB,Falcons,2019.0,1.0,0.645,0.645,0.0,0.003,2012.0,Jets,veteran,7.0
Jeff Driskel,QB,Lions,2019.0,1.0,0.645,0.645,0.0,0.003,2016.0,49ers,veteran,3.0
Nathan Peterman,QB,Raiders,2019.0,1.0,0.645,0.645,0.0,0.003,2017.0,Bills,veteran,2.0
Brandon Allen,QB,Rams,2019.0,1.0,0.645,0.645,0.0,0.003,2016.0,Jaguars,veteran,3.0
Brian Lewerke,QB,Giants,2022.0,1.0,0.7135,0.7135,0.0085,0.003,2020.0,Patriots,veteran,2.0
Anthony Gordon,QB,Chiefs,2022.0,1.0,0.705,0.705,0.0,0.003,2020.0,Seahawks,veteran,2.0
Luis Perez,QB,Rams,2022.0,1.0,0.705,0.705,0.0,0.003,2018.0,Rams,veteran,4.0
K.J. Costello,QB,Saints,2022.0,1.0,0.705,0.705,0.0,0.003,2021.0,Chargers,veteran,1.0
Dylan Thompson,QB,Rams,2016.0,1.0,0.525,0.525,0.0,0.003,2015.0,,veteran,1.0
Brad Sorensen,QB,Vikings,2016.0,1.0,0.525,0.525,0.0,0.003,2013.0,Chargers,veteran,3.0
Chase Rettig,QB,Chargers,2015.0,2.0,0.96,0.48,0.0,0.003,2014.0,Packers,veteran,1.0
Seth Lobato,QB,Buccaneers,2015.0,2.0,0.96,0.48,0.0,0.003,2014.0,Colts,veteran,1.0
Adrian Martinez,QB,49ers,2026.0,1.0,1.005,1.005,0.0,0.003,2023.0,Lions,veteran,3.0
Malik Cunningham,QB,Lions,2026.0,1.0,1.005,1.005,0.0,0.003,2023.0,Patriots,veteran,3.0
Carter Bradley,QB,Jaguars,2026.0,1.0,1.005,1.005,0.0,0.003,2024.0,Raiders,veteran,2.0
Connor Bazelak,QB,Buccaneers,2026.0,1.0,1.005,1.005,0.0,0.003,2025.0,Buccaneers,veteran,1.0
James Blackman,QB,Dolphins,2023.0,1.0,0.75,0.75,0.0,0.003,2023.0,Dolphins,rookie,0.0
Jordan Ta'amu,QB,Vikings,2023.0,1.0,0.75,0.75,0.0,0.003,2019.0,Texans,veteran,4.0
Chase Garbers,QB,Raiders,2023.0,1.0,0.75,0.75,0.0,0.003,2022.0,Raiders,veteran,1.0
Jake Browning,QB,Bengals,2023.0,1.0,0.75,0.75,0.0,0.003,2019.0,Vikings,veteran,4.0
Danny Etling,QB,Packers,2023.0,1.0,0.75,0.75,0.0,0.003,2018.0,Patriots,veteran,5.0
Cooper Rush,QB,Cowboys,2017.0,3.0,1.67,0.556667,0.005,0.003,2017.0,Cowboys,rookie,0.0
Taysom Hill,QB,Saints,2017.0,3.0,1.67,0.556667,0.005,0.003,2017.0,Packers,rookie,0.0
Eli Jenkins,QB,Chargers,2017.0,3.0,1.67,0.556666,0.005,0.003,2017.0,Chargers,rookie,0.0
Skyler Howard,QB,Seahawks,2017.0,3.0,1.665,0.555,0.0,0.003,2017.0,Seahawks,rookie,0.0
Sefo Liufau,QB,Buccaneers,2017.0,3.0,1.665,0.555,0.01,0.003,2017.0,Buccaneers,rookie,0.0
Dane Evans,QB,Eagles,2017.0,3.0,1.665,0.555,0.0,0.003,2017.0,Eagles,rookie,0.0
Wes Lunt,QB,Vikings,2017.0,3.0,1.665,0.555,0.0,0.003,2017.0,Vikings,rookie,0.0
Austin Appleby,QB,Cowboys,2017.0,3.0,1.665,0.555,0.0,0.003,2017.0,Cowboys,rookie,0.0
Bart Houston,QB,Steelers,2017.0,3.0,1.665,0.555,0.0,0.003,2017.0,Steelers,rookie,0.0
Mitch Leidner,QB,Vikings,2017.0,3.0,1.655,0.555,0.0,0.003,2017.0,Vikings,rookie,0.0
David Olson,QB,Ravens,2017.0,3.0,1.665,0.555,0.0,0.003,2017.0,Ravens,rookie,0.0
Zach Terrell,QB,Ravens,2017.0,3.0,1.665,0.555,0.0,0.003,2017.0,Ravens,rookie,0.0
Nick Schuessler,QB,Steelers,2017.0,3.0,1.665,0.555,0.0,0.003,2017.0,Steelers,rookie,0.0
Dresser Winn,QB,Rams,2025.0,2.0,1.845,0.9225,0.0,0.003,2023.0,Rams,veteran,2.0
B.J. Coleman,QB,Packers,2013.0,1.0,0.405,0.405,0.0,0.003,2012.0,Packers,veteran,1.0
Garrett Greene,QB,Buccaneers,2026.0,2.0,1.97,0.985,0.035,0.003,2025.0,Buccaneers,veteran,1.0
Garrett Grayson,QB,Broncos,2019.0,2.0,1.23,0.615,0.0,0.003,2015.0,Saints,veteran,4.0
Brian Hoyer,QB,Patriots,2009.0,3.0,1.1975,0.399167,0.0125,0.003,2009.0,Patriots,rookie,0.0
Austin Allen,QB,Buccaneers,2018.0,3.0,1.725,0.575,0.05,0.003,2018.0,Buccaneers,rookie,0.0
Nate Sudfeld,QB,Eagles,2017.0,1.0,0.540005,0.540005,0.0,0.003,2016.0,Commanders,veteran,1.0
Keith Wenning,QB,Bills,2017.0,1.0,0.54,0.54,0.0,0.003,2014.0,Ravens,veteran,3.0
Dustin Vaughan,QB,Ravens,2017.0,1.0,0.54,0.54,0.0,0.003,2014.0,Cowboys,veteran,3.0
Tim Boyle,QB,Packers,2018.0,3.0,1.716,0.572,0.006,0.003,2018.0,Packers,rookie,0.0
Peter Pujals,QB,Vikings,2018.0,3.0,1.715,0.571666,0.005,0.003,2018.0,Vikings,rookie,0.0
Dalton Sturm,QB,Cowboys,2018.0,3.0,1.711,0.570333,0.001,0.003,2018.0,Cowboys,rookie,0.0
Brogan Roback,QB,Browns,2018.0,3.0,1.711,0.570333,0.001,0.003,2018.0,Browns,rookie,0.0
Nick Stevens,QB,Broncos,2018.0,3.0,1.7105,0.570167,0.0005,0.003,2018.0,Broncos,rookie,0.0
Jack Heneghan,QB,49ers,2018.0,3.0,1.71,0.57,0.0,0.003,2018.0,,rookie,0.0
Connor Jessop,QB,Commanders,2018.0,3.0,1.71,0.57,0.0,0.003,2018.0,Commanders,rookie,0.0
Kevin Hogan,QB,Browns,2016.0,2.0,0.99,0.495,0.0,0.003,2016.0,Chiefs,rookie,0.0
Joe Callahan,QB,Packers,2016.0,2.0,0.99,0.495,0.0,0.003,2016.0,Packers,rookie,0.0
G.J. Kinne,QB,Giants,2016.0,2.0,0.99,0.495,0.0,0.003,2012.0,Jets,veteran,4.0
Jake Rudock,QB,Lions,2016.0,2.0,0.99,0.495,0.0,0.003,2016.0,Lions,rookie,0.0
John Wolford,QB,Rams,2020.0,2.0,1.26,0.63,0.15,0.003,2018.0,Jets,veteran,2.0
Jordan Rodgers,QB,TB/MIA,2014.0,1.0,0.42,0.42,0.0,0.003,2013.0,Jaguars,veteran,1.0
David Blough,QB,CLE/DET,2019.0,3.0,1.775,0.591667,0.08,0.003,2019.0,Browns,rookie,0.0
Tyree Jackson,QB,Bills,2019.0,3.0,1.77,0.59,0.075,0.003,2019.0,Bills,rookie,0.0
Trevone Boykin,QB,Seahawks,2018.0,1.0,0.555,0.555,0.0,0.003,2016.0,Seahawks,veteran,2.0
Garrett Gilbert,QB,Panthers,2018.0,1.0,0.555,0.555,0.0,0.003,2014.0,Rams,veteran,4.0
Alex Tanney,QB,Giants,2018.0,1.0,0.555,0.555,0.0,0.003,2012.0,Chiefs,veteran,6.0
Stephen Morris,QB,SEA/HOU,2018.0,1.0,0.555,0.555,0.0,0.003,2014.0,Jaguars,veteran,4.0
Davis Webb,QB,Jets,2018.0,1.0,0.554999,0.554999,0.0,0.003,2017.0,Giants,veteran,1.0
Wilton Speight,QB,49ers,2019.0,3.0,1.76,0.586667,0.02,0.003,2019.0,,rookie,0.0
Jacob Dolegala,QB,Bengals,2019.0,3.0,1.76,0.586667,0.005,0.003,2019.0,Bengals,rookie,0.0
Matt Corral,QB,Vikings,2024.0,1.0,0.795,0.795,0.0,0.003,2022.0,Panthers,veteran,2.0
Luis Perez,QB,Chargers,2024.0,1.0,0.795,0.795,0.0,0.003,2018.0,Rams,veteran,6.0
Max Duggan,QB,Chargers,2024.0,1.0,0.795,0.795,0.0,0.003,2023.0,Chargers,veteran,1.0
John Paddock,QB,Falcons,2024.0,1.0,0.795,0.795,0.0,0.003,2024.0,Falcons,rookie,0.0
Brandon Silvers,QB,Jets,2019.0,3.0,1.755,0.585,0.0,0.003,2019.0,Jets,rookie,0.0
T.J. Linta,QB,Chiefs,2019.0,3.0,1.755,0.585,0.0,0.003,2019.0,Chiefs,rookie,0.0
Brian Lewerke,QB,Patriots,2020.0,1.0,0.61,0.61,0.0,0.003,2020.0,Patriots,rookie,0.0
Jake Waters,QB,Seahawks,2015.0,1.0,0.435,0.435,0.0,0.003,2015.0,Jaguars,rookie,0.0
Tajh Boyd,QB,Steelers,2015.0,1.0,0.435,0.435,0.0,0.003,2014.0,Jets,veteran,1.0
Chad Kelly,QB,Colts,2019.0,1.0,0.57,0.57,0.0,0.003,2017.0,Broncos,veteran,2.0
Chris Streveler,QB,Cardinals,2020.0,3.0,1.8,0.6,0.0,0.003,2020.0,Cardinals,rookie,0.0
Matt Hasselbeck,QB,Packers,1998.0,1.0,0.158,0.158,0.0,0.003,1998.0,Packers,rookie,0.0
Emory Jones,QB,Falcons,2025.0,1.0,0.84,0.84,0.0,0.003,2024.0,Ravens,veteran,1.0
Austin Reed,QB,Bears,2025.0,1.0,0.84,0.84,0.0,0.003,2024.0,Bears,veteran,1.0
Devin Leary,QB,Ravens,2025.0,1.0,0.84,0.84,0.0,0.003,2024.0,Ravens,veteran,1.0
Jason Bean,QB,Colts,2025.0,1.0,0.84,0.84,0.0,0.003,2024.0,Colts,veteran,1.0
Brett Gabbert,QB,Dolphins,2025.0,1.0,0.84,0.84,0.0,0.003,2025.0,Dolphins,rookie,0.0
Tanner Mordecai,QB,49ers,2025.0,1.0,0.84,0.84,0.0,0.003,2024.0,49ers,veteran,1.0
Tyler Ferguson,QB,Titans,2018.0,2.0,1.05,0.525,0.0,0.003,2017.0,Titans,veteran,1.0
Brandon Doughty,QB,ARI/MIA,2018.0,2.0,1.05,0.525,0.0,0.003,2016.0,Dolphins,veteran,2.0
Alek Torgersen,QB,Cardinals,2018.0,2.0,1.05,0.525,0.0,0.003,2017.0,Falcons,veteran,1.0
Kyle Allen,QB,WAS/CAR,2020.0,1.0,0.585,0.585,0.0,0.003,2018.0,Panthers,veteran,2.0
DJ Uiagalelei,QB,Chargers,2026.0,1.0,0.885,0.885,0.0,0.003,2025.0,Chargers,veteran,1.0
Seth Henigan,QB,Colts,2026.0,1.0,0.885,0.885,0.0,0.003,2025.0,Jaguars,veteran,1.0
John Rhys Plumlee,QB,Steelers,2026.0,1.0,0.885,0.885,0.0,0.003,2024.0,Steelers,veteran,2.0
Kyle McCord,QB,Packers,2026.0,1.0,0.885,0.885,0.0,0.003,2025.0,Eagles,veteran,1.0
Kurt Warner,QB,Rams,1998.0,1.0,0.15352,0.15352,0.0,0.003,1994.0,Packers,veteran,4.0
Jerrod Johnson,QB,Ravens,2016.0,1.0,0.45,0.45,0.0,0.003,2011.0,Eagles,veteran,5.0
Phillip Sims,QB,Seahawks,2016.0,1.0,0.45,0.45,0.0,0.003,2015.0,Cardinals,veteran,1.0
Jake Heaps,QB,Seahawks,2016.0,1.0,0.45,0.45,0.0,0.003,2015.0,Jets,veteran,1.0
Matt Blanchard,QB,Bears,2016.0,1.0,0.45,0.45,0.0,0.003,2012.0,Bears,veteran,4.0
Garrett Gilbert,QB,Raiders,2016.0,1.0,0.45,0.45,0.0,0.003,2014.0,Rams,veteran,2.0
Bryn Renner,QB,Steelers,2016.0,1.0,0.45,0.45,0.0,0.003,2014.0,Broncos,veteran,2.0
Kurt Benkert,QB,Falcons,2019.0,2.0,1.08,0.54,0.0,0.003,2018.0,Falcons,veteran,1.0
Logan Woodside,QB,Titans,2020.0,2.0,1.11,0.555,0.0,0.003,2018.0,Bengals,veteran,2.0
Connor Shaw,QB,Bears,2017.0,1.0,0.465,0.465,0.0,0.003,2014.0,Browns,veteran,3.0
Josh Woodrum,QB,Ravens,2018.0,1.0,0.48,0.48,0.0,0.003,2016.0,Giants,veteran,2.0
Joel Stave,QB,Browns,2018.0,1.0,0.48,0.48,0.0,0.003,2016.0,Vikings,veteran,2.0
Josh Woodrum,QB,Commanders,2019.0,1.0,0.495,0.495,0.0,0.003,2016.0,Giants,veteran,3.0
Jalan McClendon,QB,Commanders,2019.0,1.0,0.495,0.495,0.0,0.003,2019.0,Ravens,rookie,0.0
Brogan Roback,QB,Steelers,2019.0,1.0,0.495,0.495,0.0,0.003,2018.0,Browns,veteran,1.0
Luis Perez,QB,Eagles,2019.0,1.0,0.495,0.495,0.0,0.003,2018.0,Rams,veteran,1.0
Vincent Testaverde,QB,Buccaneers,2019.0,1.0,0.495,0.495,0.0,0.003,2019.0,Buccaneers,rookie,0.0
J.T. Barrett,QB,Steelers,2020.0,1.0,0.51,0.51,0.0,0.003,2018.0,Saints,veteran,2.0
Manny Wilkins,QB,Packers,2020.0,1.0,0.51,0.51,0.0,0.003,2019.0,Packers,veteran,1.0
Kyle Sloter,QB,Vikings,2017.0,1.0,0.34,0.34,0.0,0.002,2017.0,Broncos,rookie,0.0
Jake Rudock,QB,Lions,2018.0,1.0,0.34,0.34,0.0,0.002,2016.0,Lions,veteran,2.0
Jake Rudock,QB,Dolphins,2019.0,1.0,0.34,0.34,0.0,0.002,2016.0,Lions,veteran,3.0
Alex McGough,QB,Texans,2019.0,1.0,0.34,0.34,0.0,0.002,2018.0,Seahawks,veteran,1.0
Kyle Lauletta,QB,Eagles,2019.0,1.0,0.34,0.34,0.0,0.002,2018.0,Giants,veteran,1.0
Brett Rypien,QB,Broncos,2019.0,1.0,0.34,0.34,0.0,0.002,2019.0,Broncos,rookie,0.0
Matt Barkley,QB,Bills,2022.0,1.0,0.3582,0.3582,0.0,0.002,2013.0,Eagles,veteran,9.0
Nathan Peterman,QB,Bears,2022.0,1.0,0.3582,0.3582,0.0,0.002,2017.0,Bills,veteran,5.0
Jeff Driskel,QB,Texans,2022.0,1.0,0.3582,0.3582,0.0,0.002,2016.0,49ers,veteran,6.0
Sean Mannion,QB,Seahawks,2022.0,1.0,0.3582,0.3582,0.0,0.002,2015.0,Rams,veteran,7.0
Cooper Rush,QB,Cowboys,2022.0,1.0,0.3582,0.3582,0.0,0.002,2017.0,Cowboys,veteran,5.0
David Blough,QB,Vikings,2022.0,1.0,0.3582,0.3582,0.0,0.002,2019.0,Browns,veteran,3.0
Joshua Dobbs,QB,Lions,2022.0,1.0,0.3582,0.3582,0.0,0.002,2017.0,Steelers,veteran,5.0
Will Grier,QB,Cowboys,2022.0,1.0,0.3582,0.3582,0.0,0.002,2019.0,Panthers,veteran,3.0
Nathan Peterman,QB,Bears,2023.0,1.0,0.3708,0.3708,0.0,0.002,2017.0,Bills,veteran,6.0
Phillip Walker,QB,Browns,2023.0,1.0,0.3708,0.3708,0.0,0.002,2017.0,Colts,veteran,6.0
Tim Boyle,QB,Texans,2023.0,1.0,0.3708,0.3708,0.0,0.002,2018.0,Packers,veteran,5.0
Trevor Siemian,QB,Jets,2023.0,1.0,0.3708,0.3708,0.0,0.002,2015.0,Broncos,veteran,8.0
David Blough,QB,Lions,2023.0,1.0,0.3708,0.3708,0.0,0.002,2019.0,Browns,veteran,4.0
Joe Flacco,QB,Browns,2023.0,1.0,0.3708,0.3708,0.0,0.002,2008.0,Ravens,veteran,15.0
Jeff Driskel,QB,Cardinals,2023.0,1.0,0.3708,0.3708,0.0,0.002,2016.0,49ers,veteran,7.0
John Wolford,QB,Buccaneers,2023.0,1.0,0.3708,0.3708,0.0,0.002,2018.0,Jets,veteran,5.0
Brett Rypien,QB,Seahawks,2023.0,1.0,0.3708,0.3708,0.0,0.002,2019.0,Broncos,veteran,4.0
Matt Barkley,QB,Bears,2016.0,1.0,0.2448,0.2448,0.0,0.002,2013.0,Eagles,veteran,3.0
Brandon Doughty,QB,Dolphins,2017.0,1.0,0.2584,0.2584,0.0,0.002,2016.0,Dolphins,veteran,1.0
Brad Kaaya,QB,Lions,2017.0,1.0,0.255,0.255,0.0,0.002,2017.0,Lions,rookie,0.0
Daniel Jones,QB,Vikings,2024.0,1.0,0.3834,0.3834,0.0,0.002,2019.0,Giants,veteran,5.0
Tyler Huntley,QB,Ravens,2024.0,1.0,0.3834,0.3834,0.0,0.002,2020.0,Ravens,veteran,4.0
Feleipe Franks,QB,Panthers,2024.0,1.0,0.3834,0.3834,0.0,0.002,2021.0,Falcons,veteran,3.0
Mike White,QB,Bills,2024.0,1.0,0.3834,0.3834,0.0,0.002,2018.0,Cowboys,veteran,6.0
Will Grier,QB,Cowboys,2025.0,1.0,0.396,0.396,0.0,0.001,2019.0,Panthers,veteran,6.0
John Wolford,QB,Vikings,2025.0,1.0,0.396,0.396,0.0,0.001,2018.0,Jets,veteran,7.0
Tyler Huntley,QB,Ravens,2025.0,1.0,0.396,0.396,0.0,0.001,2020.0,Ravens,veteran,5.0
Philip Rivers,QB,Colts,2025.0,1.0,0.396,0.396,0.0,0.001,2004.0,Giants,veteran,21.0
Josh Johnson,QB,Broncos,2022.0,1.0,0.288,0.288,0.0,0.001,2008.0,Buccaneers,veteran,14.0
Nathan Peterman,QB,Raiders,2021.0,1.0,0.252,0.252,0.0,0.001,2017.0,Bills,veteran,4.0
Brian Hoyer,QB,Patriots,2021.0,1.0,0.252,0.252,0.0,0.001,2009.0,Patriots,veteran,12.0
Garrett Gilbert,QB,Patriots,2021.0,1.0,0.252,0.252,0.0,0.001,2014.0,Rams,veteran,7.0
Blake Bortles,QB,Saints,2021.0,1.0,0.252,0.252,0.0,0.001,2014.0,Jaguars,veteran,7.0
Sean Mannion,QB,Vikings,2021.0,1.0,0.252,0.252,0.0,0.001,2015.0,Rams,veteran,6.0
Nick Mullens,QB,Browns,2021.0,1.0,0.252,0.252,0.0,0.001,2017.0,49ers,veteran,4.0
Jeff Driskel,QB,Texans,2021.0,1.0,0.252,0.252,0.0,0.001,2016.0,49ers,veteran,5.0
Kevin Hogan,QB,Titans,2021.0,1.0,0.252,0.252,0.0,0.001,2016.0,Chiefs,veteran,5.0
DeShone Kizer,QB,Titans,2021.0,1.0,0.252,0.252,0.0,0.001,2017.0,Browns,veteran,4.0
Brett Hundley,QB,Colts,2021.0,1.0,0.252,0.252,0.0,0.001,2015.0,Packers,veteran,6.0
Tim Boyle,QB,Lions,2022.0,1.0,0.2772,0.2772,0.0,0.001,2018.0,Packers,veteran,4.0
Josh Rosen,QB,Browns,2022.0,1.0,0.2772,0.2772,0.0,0.001,2018.0,Cardinals,veteran,4.0
Kevin Hogan,QB,Titans,2022.0,1.0,0.2772,0.2772,0.0,0.001,2016.0,Chiefs,veteran,6.0
Garrett Gilbert,QB,Patriots,2022.0,1.0,0.2772,0.2772,0.0,0.001,2014.0,Rams,veteran,8.0
Mike Glennon,QB,Dolphins,2022.0,1.0,0.2772,0.2772,0.0,0.001,2013.0,Buccaneers,veteran,9.0
Brett Hundley,QB,Ravens,2022.0,1.0,0.2772,0.2772,0.0,0.001,2015.0,Packers,veteran,7.0
A.J. McCarron,QB,Bengals,2023.0,1.0,0.2898,0.2898,0.0,0.001,2014.0,Bengals,veteran,9.0
Will Grier,QB,Patriots,2023.0,1.0,0.2898,0.2898,0.0,0.001,2019.0,Panthers,veteran,4.0
Sean Mannion,QB,Vikings,2023.0,1.0,0.2898,0.2898,0.0,0.001,2015.0,Rams,veteran,8.0
Matt Barkley,QB,Giants,2023.0,1.0,0.2898,0.2898,0.0,0.001,2013.0,Eagles,veteran,10.0
Trace McSorley,QB,Steelers,2023.0,1.0,0.2898,0.2898,0.0,0.001,2019.0,Ravens,veteran,4.0
B.J. Daniels,QB,Seahawks,2014.0,1.0,0.17,0.17,0.0,0.001,2013.0,,veteran,1.0
Zac Dysert,QB,Broncos,2014.0,1.0,0.17,0.17,0.0,0.001,2013.0,Broncos,veteran,1.0
Josh Woodrum,QB,Ravens,2017.0,1.0,0.204,0.204,0.0,0.001,2016.0,Giants,veteran,1.0
Tyler Bray,QB,Bears,2018.0,1.0,0.2125,0.2125,0.0,0.001,2013.0,Chiefs,veteran,5.0
Logan Thomas,QB,Dolphins,2015.0,1.0,0.17,0.17,0.0,0.001,2014.0,Cardinals,veteran,1.0
John Wolford,QB,Jaguars,2024.0,1.0,0.3024,0.3024,0.0,0.001,2018.0,Jets,veteran,6.0
Will Grier,QB,Eagles,2024.0,1.0,0.3024,0.3024,0.0,0.001,2019.0,Panthers,veteran,5.0
Nathan Peterman,QB,Falcons,2024.0,1.0,0.3024,0.3024,0.0,0.001,2017.0,Bills,veteran,7.0
C.J. Beathard,QB,Dolphins,2024.0,1.0,0.3024,0.3024,0.0,0.001,2017.0,49ers,veteran,7.0
Tim Boyle,QB,Giants,2024.0,1.0,0.3024,0.3024,0.0,0.001,2018.0,Packers,veteran,6.0
Brett Rypien,QB,Vikings,2024.0,1.0,0.3024,0.3024,0.0,0.001,2019.0,Broncos,veteran,5.0
Logan Woodside,QB,Bengals,2024.0,1.0,0.3024,0.3024,0.0,0.001,2018.0,Bengals,veteran,6.0
Trevor Siemian,QB,Titans,2024.0,1.0,0.3024,0.3024,0.0,0.001,2015.0,Broncos,veteran,9.0
Tyler Bray,QB,Bears,2019.0,1.0,0.2125,0.2125,0.0,0.001,2013.0,Chiefs,veteran,6.0
Sam Ehlinger,QB,Broncos,2025.0,1.0,0.315,0.315,0.0,0.001,2021.0,Colts,veteran,4.0
Trevor Siemian,QB,Titans,2025.0,1.0,0.315,0.315,0.0,0.001,2015.0,Broncos,veteran,10.0
Brett Rypien,QB,Colts,2025.0,1.0,0.315,0.315,0.0,0.001,2019.0,Broncos,veteran,6.0
Kyle Trask,QB,Falcons,2025.0,1.0,0.315,0.315,0.0,0.001,2021.0,Buccaneers,veteran,4.0
C.J. Beathard,QB,Lions,2025.0,1.0,0.315,0.315,0.0,0.001,2017.0,49ers,veteran,8.0
Logan Woodside,QB,Steelers,2025.0,1.0,0.315,0.315,0.0,0.001,2018.0,Bengals,veteran,7.0
Mike White,QB,Bengals,2025.0,1.0,0.315,0.315,0.0,0.001,2018.0,Cowboys,veteran,7.0
Jeff Driskel,QB,Raiders,2025.0,1.0,0.315,0.315,0.0,0.001,2016.0,49ers,veteran,9.0
Bailey Zappe,QB,Browns,2025.0,1.0,0.315,0.315,0.0,0.001,2022.0,Patriots,veteran,3.0
Desmond Ridder,QB,Packers,2025.0,1.0,0.315,0.315,0.0,0.001,2022.0,Falcons,veteran,3.0
Easton Stick,QB,Falcons,2025.0,1.0,0.315,0.315,0.0,0.001,2019.0,Chargers,veteran,6.0
David Fales,QB,Ravens,2016.0,1.0,0.17,0.17,0.0,0.001,2014.0,Bears,veteran,2.0
Mike White,QB,Jets,2019.0,1.0,0.204,0.204,0.0,0.001,2018.0,Cowboys,veteran,1.0
Luke Falk,QB,Jets,2019.0,1.0,0.204,0.204,0.0,0.001,2018.0,Titans,veteran,1.0
Josh McCown,QB,Eagles,2020.0,1.0,0.204,0.204,0.0,0.001,2002.0,Cardinals,veteran,18.0
Matt Moore,QB,Chiefs,2020.0,1.0,0.204,0.204,0.0,0.001,2007.0,Cowboys,veteran,13.0
Alex Tanney,QB,Giants,2020.0,1.0,0.204,0.204,0.0,0.001,2012.0,Chiefs,veteran,8.0
DeShone Kizer,QB,LV/TEN,2020.0,1.0,0.204,0.204,0.0,0.001,2017.0,Browns,veteran,3.0
Cooper Rush,QB,DAL/NYG,2020.0,1.0,0.204,0.204,0.0,0.001,2017.0,Cowboys,veteran,3.0
Mike Glennon,QB,Jaguars,2020.0,1.0,0.204,0.204,0.0,0.001,2013.0,Buccaneers,veteran,7.0
Blake Bortles,QB,Broncos,2020.0,1.0,0.204,0.204,0.0,0.001,2014.0,Jaguars,veteran,6.0
Trevor Siemian,QB,Titans,2020.0,1.0,0.204,0.204,0.0,0.001,2015.0,Broncos,veteran,5.0
David Fales,QB,Jets,2020.0,1.0,0.204,0.204,0.0,0.001,2014.0,Bears,veteran,6.0
Drew Stanton,QB,Buccaneers,2020.0,1.0,0.204,0.204,0.0,0.001,2007.0,Lions,veteran,13.0
Brandon Allen,QB,Bengals,2020.0,1.0,0.204,0.204,0.0,0.001,2016.0,Jaguars,veteran,4.0
Kevin Hogan,QB,Bengals,2020.0,1.0,0.204,0.204,0.0,0.001,2016.0,Chiefs,veteran,4.0
Joe Webb,QB,Lions,2020.0,1.0,0.204,0.204,0.0,0.001,2010.0,Vikings,veteran,10.0
Josh Johnson,QB,49ers,2020.0,1.0,0.204,0.204,0.0,0.001,2008.0,Buccaneers,veteran,12.0
Taylor Heinicke,QB,Commanders,2020.0,1.0,0.204,0.204,0.0,0.001,2015.0,Vikings,veteran,5.0
Tyler Huntley,QB,Ravens,2020.0,1.0,0.197764,0.197764,0.0,0.001,2020.0,Ravens,rookie,0.0
Carson Strong,QB,Cardinals,2022.0,1.0,0.207,0.207,0.0,0.001,2022.0,Eagles,rookie,0.0
Chase Garbers,QB,Raiders,2022.0,1.0,0.207,0.207,0.0,0.001,2022.0,Raiders,rookie,0.0
Trace McSorley,QB,Cardinals,2022.0,1.0,0.207,0.207,0.0,0.001,2019.0,Ravens,veteran,3.0
Logan Woodside,QB,Titans,2022.0,1.0,0.207,0.207,0.0,0.001,2018.0,Bengals,veteran,4.0
Chris Oladokun,QB,Chiefs,2022.0,1.0,0.207,0.207,0.0,0.001,2022.0,Steelers,rookie,0.0
EJ Perry,QB,Jaguars,2022.0,1.0,0.207,0.207,0.0,0.001,2022.0,Jaguars,rookie,0.0
Danny Etling,QB,Packers,2022.0,1.0,0.207,0.207,0.0,0.001,2018.0,Patriots,veteran,4.0
Case Cookus,QB,Rams,2022.0,1.0,0.207,0.207,0.0,0.001,2020.0,Giants,veteran,2.0
Jacob Eason,QB,SF/CAR,2022.0,1.0,0.207,0.207,0.0,0.001,2020.0,Colts,veteran,2.0
Anthony Brown,QB,Ravens,2022.0,1.0,0.207,0.207,0.0,0.001,2022.0,Ravens,rookie,0.0
Davis Webb,QB,Giants,2022.0,1.0,0.207,0.207,0.0,0.001,2017.0,Giants,veteran,5.0
Chris Streveler,QB,Jets,2022.0,1.0,0.207,0.207,0.0,0.001,2020.0,Cardinals,veteran,2.0
Jake Browning,QB,Bengals,2022.0,1.0,0.207,0.207,0.0,0.001,2019.0,Vikings,veteran,3.0
James Morgan,QB,Cardinals,2022.0,1.0,0.207,0.207,0.0,0.001,2020.0,Jets,veteran,2.0
Jake Luton,QB,Saints,2022.0,1.0,0.207,0.207,0.0,0.001,2020.0,Jaguars,veteran,2.0
Jake Fromm,QB,Commanders,2022.0,1.0,0.207,0.207,0.0,0.001,2020.0,Bills,veteran,2.0
Kurt Benkert,QB,49ers,2022.0,1.0,0.207,0.207,0.0,0.001,2018.0,Falcons,veteran,4.0
Steven Montez,QB,Lions,2022.0,1.0,0.207,0.207,0.0,0.001,2020.0,Commanders,veteran,2.0
Reid Sinnett,QB,Dolphins,2022.0,1.0,0.207,0.207,0.0,0.001,2020.0,Buccaneers,veteran,2.0
Davis Cheek,QB,Panthers,2022.0,1.0,0.207,0.207,0.0,0.001,2022.0,Panthers,rookie,0.0
Jarrett Guarantano,QB,Broncos,2022.0,1.0,0.207,0.207,0.0,0.001,2022.0,Cardinals,rookie,0.0
Kellen Mond,QB,Colts,2023.0,1.0,0.216,0.216,0.0,0.001,2021.0,Vikings,veteran,2.0
Shane Buechele,QB,Bills,2023.0,1.0,0.216,0.216,0.0,0.001,2021.0,Chiefs,veteran,2.0
Alex McGough,QB,Packers,2023.0,1.0,0.216,0.216,0.0,0.001,2018.0,Seahawks,veteran,5.0
Jake Fromm,QB,Commanders,2023.0,1.0,0.216,0.216,0.0,0.001,2020.0,Bills,veteran,3.0
Ben DiNucci,QB,Broncos,2023.0,1.0,0.216,0.216,0.0,0.001,2020.0,Cowboys,veteran,3.0
Chris Oladokun,QB,Chiefs,2023.0,1.0,0.216,0.216,0.0,0.001,2022.0,Steelers,veteran,1.0
Holton Ahlers,QB,Seahawks,2023.0,1.0,0.216,0.216,0.0,0.001,2023.0,Seahawks,rookie,0.0
Reid Sinnett,QB,Bengals,2023.0,1.0,0.216,0.216,0.0,0.001,2020.0,Buccaneers,veteran,3.0
Nathan Rourke,QB,Jaguars,2023.0,1.0,0.216,0.216,0.0,0.001,2023.0,Jaguars,rookie,0.0
Tanner Morgan,QB,Vikings,2023.0,1.0,0.216,0.216,0.0,0.001,2023.0,Steelers,rookie,0.0
Ian Book,QB,Patriots,2023.0,1.0,0.216,0.216,0.0,0.001,2021.0,Saints,veteran,2.0
EJ Perry,QB,Jaguars,2023.0,1.0,0.216,0.216,0.0,0.001,2022.0,Jaguars,veteran,1.0
Drew Plitt,QB,Bengals,2023.0,1.0,0.216,0.216,0.0,0.001,2022.0,Bengals,veteran,1.0
Tommy DeVito,QB,Giants,2023.0,1.0,0.216,0.216,0.0,0.001,2023.0,Giants,rookie,0.0
Anthony Brown,QB,Ravens,2023.0,1.0,0.216,0.216,0.0,0.001,2022.0,Ravens,veteran,1.0
Bailey Zappe,QB,Patriots,2023.0,1.0,0.216,0.216,0.0,0.001,2022.0,Patriots,veteran,1.0
Jake Luton,QB,Panthers,2023.0,1.0,0.216,0.216,0.0,0.001,2020.0,Jaguars,veteran,3.0
Malik Cunningham,QB,Patriots,2023.0,1.0,0.216,0.216,0.0,0.001,2023.0,Patriots,rookie,0.0
Jacob Eason,QB,Giants,2023.0,1.0,0.216,0.216,0.0,0.001,2020.0,Colts,veteran,3.0
Dresser Winn,QB,Rams,2023.0,1.0,0.216,0.216,0.0,0.001,2023.0,Rams,rookie,0.0
Max Duggan,QB,Chargers,2023.0,1.0,0.216,0.216,0.0,0.001,2023.0,Chargers,rookie,0.0
Nick Mullens,QB,49ers,2018.0,1.0,0.17,0.17,0.0,0.001,2017.0,49ers,veteran,1.0
Brett Rypien,QB,Broncos,2021.0,1.0,0.1656,0.1656,0.0,0.001,2019.0,Broncos,veteran,2.0
Tyler Bray,QB,49ers,2021.0,1.0,0.1656,0.1656,0.0,0.001,2013.0,Chiefs,veteran,8.0
Reid Sinnett,QB,Dolphins,2021.0,1.0,0.1656,0.1656,0.0,0.001,2020.0,Buccaneers,veteran,1.0
Davis Webb,QB,Bills,2021.0,1.0,0.1656,0.1656,0.0,0.001,2017.0,Giants,veteran,4.0
Jake Fromm,QB,Bills,2021.0,1.0,0.1656,0.1656,0.0,0.001,2020.0,Bills,veteran,1.0
Kenji Bahar,QB,Ravens,2021.0,1.0,0.1656,0.1656,0.0,0.001,2021.0,Ravens,rookie,0.0
Brian Lewerke,QB,Giants,2021.0,1.0,0.1656,0.1656,0.0,0.001,2020.0,Patriots,veteran,1.0
Trace McSorley,QB,Ravens,2021.0,1.0,0.1656,0.1656,0.0,0.001,2019.0,Ravens,veteran,2.0
Clayton Thorson,QB,Giants,2021.0,1.0,0.1656,0.1656,0.0,0.001,2019.0,Eagles,veteran,2.0
Josh Love,QB,Panthers,2021.0,1.0,0.1656,0.1656,0.0,0.001,2020.0,Rams,veteran,1.0
Jake Luton,QB,Dolphins,2021.0,1.0,0.1656,0.1656,0.0,0.001,2020.0,Jaguars,veteran,1.0
Anthony Gordon,QB,Broncos,2021.0,1.0,0.1656,0.1656,0.0,0.001,2020.0,Seahawks,veteran,1.0
Nate Sudfeld,QB,49ers,2021.0,1.0,0.1656,0.1656,0.0,0.001,2016.0,Commanders,veteran,5.0
Kyle Sloter,QB,Raiders,2021.0,1.0,0.1656,0.1656,0.0,0.001,2017.0,Broncos,veteran,4.0
Jacob Dolegala,QB,Dolphins,2021.0,1.0,0.1656,0.1656,0.0,0.001,2019.0,Bengals,veteran,2.0
Steven Montez,QB,Lions,2021.0,1.0,0.1656,0.1656,0.0,0.001,2020.0,Commanders,veteran,1.0
Chris Streveler,QB,Ravens,2021.0,1.0,0.1656,0.1656,0.0,0.001,2020.0,Cardinals,veteran,1.0
Ben DiNucci,QB,Cowboys,2021.0,1.0,0.1656,0.1656,0.0,0.001,2020.0,Cowboys,veteran,1.0
James Morgan,QB,Panthers,2021.0,1.0,0.1656,0.1656,0.0,0.001,2020.0,Jets,veteran,1.0
Kyle Shurmur,QB,Commanders,2021.0,1.0,0.1656,0.1656,0.0,0.001,2019.0,Chiefs,veteran,2.0
Ryan Willis,QB,Bears,2021.0,1.0,0.1656,0.1656,0.0,0.001,2021.0,Bears,rookie,0.0
Jordan Ta'amu,QB,Commanders,2021.0,1.0,0.1656,0.1656,0.0,0.001,2019.0,Texans,veteran,2.0
Kyle Lauletta,QB,Jaguars,2021.0,1.0,0.1656,0.1656,0.0,0.001,2018.0,Giants,veteran,3.0
Shane Buechele,QB,Chiefs,2021.0,1.0,0.1656,0.1656,0.0,0.001,2021.0,Chiefs,rookie,0.0
Kurt Benkert,QB,Packers,2021.0,1.0,0.1656,0.1656,0.0,0.001,2018.0,Falcons,veteran,3.0
Danny Etling,QB,Jaguars,2021.0,1.0,0.1656,0.1656,0.0,0.001,2018.0,Patriots,veteran,3.0
Jake Browning,QB,Bengals,2021.0,1.0,0.1656,0.1656,0.0,0.001,2019.0,Vikings,veteran,2.0
Davis Webb,QB,Bills,2019.0,1.0,0.17,0.17,0.0,0.001,2017.0,Giants,veteran,2.0
Jake Browning,QB,Vikings,2019.0,1.0,0.17,0.17,0.0,0.001,2019.0,Vikings,rookie,0.0
Davis Webb,QB,Bills,2020.0,1.0,0.178518,0.178518,0.0,0.001,2017.0,Giants,veteran,3.0
Jack Plummer,QB,Panthers,2024.0,1.0,0.225,0.225,0.0,0.001,2024.0,Panthers,rookie,0.0
Emory Jones,QB,Falcons,2024.0,1.0,0.225,0.225,0.0,0.001,2024.0,Ravens,rookie,0.0
Austin Reed,QB,Bears,2024.0,1.0,0.225,0.225,0.0,0.001,2024.0,Bears,rookie,0.0
Jaren Hall,QB,Seahawks,2024.0,1.0,0.225,0.225,0.0,0.001,2023.0,Vikings,veteran,1.0
Adrian Martinez,QB,Jets,2024.0,1.0,0.225,0.225,0.0,0.001,2023.0,Lions,veteran,1.0
Tanner Mordecai,QB,49ers,2024.0,1.0,0.225,0.225,0.0,0.001,2024.0,49ers,rookie,0.0
Jake Fromm,QB,Lions,2024.0,1.0,0.225,0.225,0.0,0.001,2020.0,Bills,veteran,4.0
Sean Clifford,QB,Packers,2024.0,1.0,0.225,0.225,0.0,0.001,2023.0,Packers,veteran,1.0
Anthony Brown,QB,Bills,2024.0,1.0,0.225,0.225,0.0,0.001,2022.0,Ravens,veteran,2.0
Kedon Slovis,QB,Texans,2024.0,1.0,0.225,0.225,0.0,0.001,2024.0,Colts,rookie,0.0
Jason Bean,QB,Colts,2024.0,1.0,0.225,0.225,0.0,0.001,2024.0,Colts,rookie,0.0
Chris Oladokun,QB,Chiefs,2024.0,1.0,0.225,0.225,0.0,0.001,2022.0,Steelers,veteran,2.0
Devin Leary,QB,Ravens,2024.0,1.0,0.225,0.225,0.0,0.001,2024.0,Ravens,rookie,0.0
John Rhys Plumlee,QB,Jaguars,2024.0,1.0,0.225,0.225,0.0,0.001,2024.0,Steelers,rookie,0.0
Desmond Ridder,QB,Cardinals,2024.0,1.0,0.225,0.225,0.0,0.001,2022.0,Falcons,veteran,2.0
EJ Perry,QB,Jaguars,2024.0,1.0,0.225,0.225,0.0,0.001,2022.0,Jaguars,veteran,2.0
Malik Cunningham,QB,Ravens,2024.0,1.0,0.225,0.225,0.0,0.001,2023.0,Patriots,veteran,1.0
Michael Pratt,QB,Buccaneers,2024.0,1.0,0.225,0.225,0.0,0.001,2024.0,Packers,rookie,0.0
Bailey Zappe,QB,Chiefs,2024.0,1.0,0.225,0.225,0.0,0.001,2022.0,Patriots,veteran,2.0
Skylar Thompson,QB,Dolphins,2024.0,1.0,0.225,0.225,0.0,0.001,2022.0,Dolphins,veteran,2.0
Jake Luton,QB,Raiders,2024.0,1.0,0.225,0.225,0.0,0.001,2020.0,Jaguars,veteran,4.0
Carter Bradley,QB,Raiders,2024.0,1.0,0.225,0.225,0.0,0.001,2024.0,Raiders,rookie,0.0
Sam Hartman,QB,Commanders,2024.0,1.0,0.225,0.225,0.0,0.001,2024.0,Commanders,rookie,0.0
Ian Book,QB,Eagles,2024.0,1.0,0.225,0.225,0.0,0.001,2021.0,Saints,veteran,3.0
Ben DiNucci,QB,Saints,2024.0,1.0,0.225,0.225,0.0,0.001,2020.0,Cowboys,veteran,4.0
Kurt Benkert,QB,Falcons,2020.0,1.0,0.170282,0.170282,0.0,0.001,2018.0,Falcons,veteran,2.0
Bryce Perkins,QB,Rams,2020.0,1.0,0.170282,0.170282,0.0,0.001,2020.0,Rams,rookie,0.0
Connor Bazelak,QB,Buccaneers,2025.0,1.0,0.234,0.234,0.0,0.001,2025.0,Buccaneers,rookie,0.0
Garrett Greene,QB,Buccaneers,2025.0,1.0,0.234,0.234,0.0,0.001,2025.0,Buccaneers,rookie,0.0
Tommy Mellott,QB,Saints,2025.0,1.0,0.234,0.234,0.0,0.001,2025.0,Raiders,rookie,0.0
Kyle McCord,QB,Eagles,2025.0,1.0,0.234,0.234,0.0,0.001,2025.0,Eagles,rookie,0.0
Carter Bradley,QB,Jaguars,2025.0,1.0,0.234,0.234,0.0,0.001,2024.0,Raiders,veteran,1.0
Chris Oladokun,QB,Chiefs,2025.0,1.0,0.234,0.234,0.0,0.001,2022.0,Steelers,veteran,3.0
Cam Miller,QB,Raiders,2025.0,1.0,0.234,0.234,0.0,0.001,2025.0,Raiders,rookie,0.0
Brady Cook,QB,Jets,2025.0,1.0,0.234,0.234,0.0,0.001,2025.0,Jets,rookie,0.0
Seth Henigan,QB,Colts,2025.0,1.0,0.234,0.234,0.0,0.001,2025.0,Jaguars,rookie,0.0
Shane Buechele,QB,Bills,2025.0,1.0,0.234,0.234,0.0,0.001,2021.0,Chiefs,veteran,4.0
John Rhys Plumlee,QB,Steelers,2025.0,1.0,0.234,0.234,0.0,0.001,2024.0,Steelers,veteran,1.0
Adrian Martinez,QB,49ers,2025.0,1.0,0.234,0.234,0.0,0.001,2023.0,Lions,veteran,2.0
Sam Hartman,QB,Commanders,2025.0,1.0,0.234,0.234,0.0,0.001,2024.0,Commanders,veteran,1.0
Clayton Tune,QB,Packers,2025.0,1.0,0.234,0.234,0.0,0.001,2023.0,Cardinals,veteran,2.0
Kedon Slovis,QB,Cardinals,2025.0,1.0,0.234,0.234,0.0,0.001,2024.0,Colts,veteran,1.0
Jake Haener,QB,Saints,2025.0,1.0,0.234,0.234,0.0,0.001,2023.0,Saints,veteran,2.0
Hunter Dekkers,QB,Saints,2025.0,1.0,0.234,0.234,0.0,0.001,2025.0,Saints,rookie,0.0
Hendon Hooker,QB,Jets,2025.0,1.0,0.234,0.234,0.0,0.001,2023.0,Lions,veteran,2.0
Ben DiNucci,QB,Broncos,2025.0,1.0,0.234,0.234,0.0,0.001,2020.0,Cowboys,veteran,5.0
DJ Uiagalelei,QB,Chargers,2025.0,1.0,0.234,0.234,0.0,0.001,2025.0,Chargers,rookie,0.0
Sean Clifford,QB,Bengals,2025.0,1.0,0.234,0.234,0.0,0.001,2023.0,Packers,veteran,2.0
Chandler Harnish,QB,Colts,2013.0,1.0,0.102,0.102,0.0,0.001,2012.0,Colts,veteran,1.0
Tyler Wilson,QB,Raiders,2013.0,1.0,0.102,0.102,0.0,0.001,2013.0,Raiders,rookie,0.0
Jordan Rodgers,QB,Buccaneers,2013.0,1.0,0.102,0.102,0.0,0.001,2013.0,Jaguars,rookie,0.0
Austin Davis,QB,Dolphins,2013.0,1.0,0.102,0.102,0.0,0.001,2012.0,Rams,veteran,1.0
B.J. Daniels,QB,Seahawks,2013.0,1.0,0.102,0.102,0.0,0.001,2013.0,,rookie,0.0
Greg McElroy,QB,Bengals,2013.0,1.0,0.102,0.102,0.0,0.001,2011.0,Jets,veteran,2.0
Ricky Stanzi,QB,Texans,2014.0,1.0,0.1071,0.1071,0.0,0.001,2011.0,Chiefs,veteran,3.0
Case Keenum,QB,Rams,2014.0,1.0,0.1071,0.1071,0.0,0.001,2012.0,Texans,veteran,2.0
David Fales,QB,Bears,2014.0,1.0,0.1071,0.1071,0.0,0.001,2014.0,Bears,rookie,0.0
Chandler Harnish,QB,Vikings,2014.0,1.0,0.1071,0.1071,0.0,0.001,2012.0,Colts,veteran,2.0
Brad Sorensen,QB,Titans,2014.0,1.0,0.1071,0.1071,0.0,0.001,2013.0,Chargers,veteran,1.0
Ryan Lindley,QB,Chargers,2014.0,1.0,0.1071,0.1071,0.0,0.001,2012.0,Cardinals,veteran,2.0
Keith Wenning,QB,Ravens,2014.0,1.0,0.1071,0.1071,0.0,0.001,2014.0,Ravens,rookie,0.0
Garrett Gilbert,QB,Patriots,2014.0,1.0,0.1071,0.1071,0.0,0.001,2014.0,Rams,rookie,0.0
Case Keenum,QB,Texans,2012.0,1.0,0.0969,0.0969,0.0,0.001,2012.0,Texans,rookie,0.0
B.J. Coleman,QB,Packers,2012.0,1.0,0.0969,0.0969,0.0,0.001,2012.0,Packers,rookie,0.0
Chandler Harnish,QB,Colts,2012.0,1.0,0.0969,0.0969,0.0,0.001,2012.0,Colts,rookie,0.0
Ricky Stanzi,QB,Lions,2015.0,1.0,0.1122,0.1122,0.0,0.001,2011.0,Chiefs,veteran,4.0
David Fales,QB,Bears,2015.0,1.0,0.1122,0.1122,0.0,0.001,2014.0,Bears,veteran,1.0
Keith Wenning,QB,Bengals,2015.0,1.0,0.1122,0.1122,0.0,0.001,2014.0,Ravens,veteran,1.0
Brad Sorensen,QB,Chargers,2015.0,1.0,0.1122,0.1122,0.0,0.001,2013.0,Chargers,veteran,2.0
B.J. Daniels,QB,Seahawks,2015.0,1.0,0.1122,0.1122,0.0,0.001,2013.0,,veteran,2.0
Garrett Gilbert,QB,Raiders,2015.0,1.0,0.1122,0.1122,0.0,0.001,2014.0,Rams,veteran,1.0
Zac Dysert,QB,Texans,2015.0,1.0,0.1122,0.1122,0.0,0.001,2013.0,Broncos,veteran,2.0
Garrett Grayson,QB,Saints,2016.0,1.0,0.1173,0.1173,0.0,0.001,2015.0,Saints,veteran,1.0
B.J. Daniels,QB,Falcons,2016.0,1.0,0.1173,0.1173,0.0,0.001,2013.0,,veteran,3.0
Aaron Murray,QB,Eagles,2016.0,1.0,0.1173,0.1173,0.0,0.001,2014.0,Chiefs,veteran,2.0
Zac Dysert,QB,Cardinals,2016.0,1.0,0.1173,0.1173,0.0,0.001,2013.0,Broncos,veteran,3.0
Keith Wenning,QB,Giants,2016.0,1.0,0.1173,0.1173,0.0,0.001,2014.0,Ravens,veteran,2.0
Taylor Heinicke,QB,Texans,2017.0,1.0,0.1224,0.1224,0.0,0.001,2015.0,Vikings,veteran,2.0
Joel Stave,QB,Commanders,2017.0,1.0,0.1224,0.1224,0.0,0.001,2016.0,Vikings,veteran,1.0
Kellen Moore,QB,Cowboys,2017.0,1.0,0.1224,0.1224,0.0,0.001,2012.0,Lions,veteran,5.0
Trevor Knight,QB,Falcons,2017.0,1.0,0.1224,0.1224,0.0,0.001,2017.0,Cardinals,rookie,0.0
Phillip Walker,QB,Colts,2017.0,1.0,0.1224,0.1224,0.0,0.001,2017.0,Colts,rookie,0.0
Mike Bercovici,QB,Cardinals,2017.0,1.0,0.1224,0.1224,0.0,0.001,2016.0,Chargers,veteran,1.0
Nick Mullens,QB,49ers,2017.0,1.0,0.1224,0.1224,0.0,0.001,2017.0,49ers,rookie,0.0
Garrett Gilbert,QB,Panthers,2017.0,1.0,0.1224,0.1224,0.0,0.001,2014.0,Rams,veteran,3.0
Trevone Boykin,QB,Seahawks,2017.0,1.0,0.1224,0.1224,0.0,0.001,2016.0,Seahawks,veteran,1.0
Jerod Evans,QB,Packers,2017.0,1.0,0.1224,0.1224,0.0,0.001,2017.0,Eagles,rookie,0.0
Tyler Ferguson,QB,Titans,2017.0,1.0,0.1224,0.1224,0.0,0.001,2017.0,Titans,rookie,0.0
Garrett Grayson,QB,Falcons,2017.0,1.0,0.1224,0.1224,0.0,0.001,2015.0,Saints,veteran,2.0
Alek Torgersen,QB,Commanders,2017.0,1.0,0.1224,0.1224,0.0,0.001,2017.0,Falcons,rookie,0.0
Jameill Showers,QB,Cowboys,2017.0,1.0,0.1224,0.1224,0.0,0.001,2015.0,Cowboys,veteran,2.0
Joe Callahan,QB,Packers,2017.0,1.0,0.1224,0.1224,0.0,0.001,2016.0,Packers,veteran,1.0
Nic Shimonek,QB,Commanders,2018.0,1.0,0.1292,0.1292,0.0,0.001,2018.0,Chargers,rookie,0.0
Alex McGough,QB,Seahawks,2018.0,1.0,0.1292,0.1292,0.0,0.001,2018.0,Seahawks,rookie,0.0
John Wolford,QB,Jets,2018.0,1.0,0.1292,0.1292,0.0,0.001,2018.0,Jets,rookie,0.0
Brandon Allen,QB,Rams,2018.0,1.0,0.1292,0.1292,0.0,0.001,2016.0,Jaguars,veteran,2.0
Christian Hackenberg,QB,Bengals,2018.0,1.0,0.1292,0.1292,0.0,0.001,2016.0,Jets,veteran,2.0
Cardale Jones,QB,Chargers,2018.0,1.0,0.1292,0.1292,0.0,0.001,2016.0,Bills,veteran,2.0
Austin Davis,QB,Packers,2018.0,1.0,0.1292,0.1292,0.0,0.001,2012.0,Rams,veteran,6.0
Connor Cook,QB,Panthers,2018.0,1.0,0.1292,0.1292,0.0,0.001,2016.0,Raiders,veteran,2.0
Tanner Lee,QB,Jaguars,2018.0,1.0,0.1292,0.1292,0.0,0.001,2018.0,Jaguars,rookie,0.0
Chase Litton,QB,Chiefs,2018.0,1.0,0.1292,0.1292,0.0,0.001,2018.0,Chiefs,rookie,0.0
Luis Perez,QB,Rams,2018.0,1.0,0.1292,0.1292,0.0,0.001,2018.0,Rams,rookie,0.0
Danny Etling,QB,Patriots,2018.0,1.0,0.1292,0.1292,0.0,0.001,2018.0,Patriots,rookie,0.0
Logan Woodside,QB,Titans,2018.0,1.0,0.1292,0.1292,0.0,0.001,2018.0,Bengals,rookie,0.0
Kurt Benkert,QB,Falcons,2018.0,1.0,0.1292,0.1292,0.0,0.001,2018.0,Falcons,rookie,0.0
J.T. Barrett,QB,Saints,2018.0,1.0,0.1292,0.1292,0.0,0.001,2018.0,Saints,rookie,0.0
Kyle Allen,QB,Panthers,2018.0,1.0,0.1292,0.1292,0.0,0.001,2018.0,Panthers,rookie,0.0
Chad Kanoff,QB,Cardinals,2018.0,1.0,0.1292,0.1292,0.0,0.001,2018.0,Cardinals,rookie,0.0
Nathan Peterman,QB,Raiders,2018.0,1.0,0.1292,0.1292,0.0,0.001,2017.0,Bills,veteran,1.0
Phillip Walker,QB,Colts,2018.0,1.0,0.1292,0.1292,0.0,0.001,2017.0,Colts,veteran,1.0
Garrett Grayson,QB,Broncos,2018.0,1.0,0.1292,0.1292,0.0,0.001,2015.0,Saints,veteran,3.0
Devlin Hodges,QB,Steelers,2019.0,1.0,0.136,0.136,0.0,0.001,2019.0,Steelers,rookie,0.0
Logan Woodside,QB,Titans,2019.0,1.0,0.136,0.136,0.0,0.001,2018.0,Bengals,veteran,1.0
Nick Fitzgerald,QB,Buccaneers,2019.0,1.0,0.136,0.136,0.0,0.001,2019.0,Buccaneers,rookie,0.0
Phillip Walker,QB,Colts,2019.0,1.0,0.136,0.136,0.0,0.001,2017.0,Colts,veteran,2.0
Joe Callahan,QB,Lions,2019.0,1.0,0.136,0.136,0.0,0.001,2016.0,Packers,veteran,3.0
Eric Dungey,QB,Browns,2019.0,1.0,0.136,0.136,0.0,0.001,2019.0,Giants,rookie,0.0
Taryn Christion,QB,Steelers,2019.0,1.0,0.136,0.136,0.0,0.001,2019.0,Seahawks,rookie,0.0
Clayton Thorson,QB,Cowboys,2019.0,1.0,0.136,0.136,0.0,0.001,2019.0,Eagles,rookie,0.0
Danny Etling,QB,Falcons,2019.0,1.0,0.136,0.136,0.0,0.001,2018.0,Patriots,veteran,1.0
Drew Anderson,QB,Cardinals,2019.0,1.0,0.136,0.136,0.0,0.001,2019.0,Cardinals,rookie,0.0
J.T. Barrett,QB,Steelers,2019.0,1.0,0.136,0.136,0.0,0.001,2018.0,Saints,veteran,1.0
Chase Litton,QB,Jaguars,2019.0,1.0,0.136,0.136,0.0,0.001,2018.0,Chiefs,veteran,1.0
Kyle Sloter,QB,Cardinals,2019.0,1.0,0.136,0.136,0.0,0.001,2017.0,Broncos,veteran,2.0
Manny Wilkins,QB,Packers,2019.0,1.0,0.136,0.136,0.0,0.001,2019.0,Packers,rookie,0.0
Kyle Shurmur,QB,Chiefs,2019.0,1.0,0.136,0.136,0.0,0.001,2019.0,Chiefs,rookie,0.0
John Wolford,QB,Rams,2019.0,1.0,0.136,0.136,0.0,0.001,2018.0,Jets,veteran,1.0
Cardale Jones,QB,Seahawks,2019.0,1.0,0.136,0.136,0.0,0.001,2016.0,Bills,veteran,3.0
Paxton Lynch,QB,Steelers,2019.0,1.0,0.136,0.136,0.0,0.001,2016.0,Broncos,veteran,3.0
Devlin Hodges,QB,Steelers,2020.0,1.0,0.1428,0.1428,0.0,0.001,2019.0,Steelers,veteran,1.0
Garrett Gilbert,QB,Browns,2020.0,1.0,0.1428,0.1428,0.0,0.001,2014.0,Rams,veteran,6.0
David Blough,QB,Lions,2020.0,1.0,0.1428,0.1428,0.0,0.001,2019.0,Browns,veteran,1.0
Brett Rypien,QB,Broncos,2020.0,1.0,0.1428,0.1428,0.0,0.001,2019.0,Broncos,veteran,1.0
Tommy Stevens,QB,Panthers,2020.0,1.0,0.1428,0.1428,0.0,0.001,2020.0,Saints,rookie,0.0
Danny Etling,QB,Seahawks,2020.0,1.0,0.1428,0.1428,0.0,0.001,2018.0,Patriots,veteran,2.0
Kyle Shurmur,QB,Bengals,2020.0,1.0,0.1428,0.1428,0.0,0.001,2019.0,Chiefs,veteran,1.0
Tyler Bray,QB,Bears,2020.0,1.0,0.1428,0.1428,0.0,0.001,2013.0,Chiefs,veteran,7.0
Nate Stanley,QB,Vikings,2020.0,1.0,0.1428,0.1428,0.0,0.001,2020.0,Vikings,rookie,0.0
Jake Browning,QB,Vikings,2020.0,1.0,0.1428,0.1428,0.0,0.001,2019.0,Vikings,veteran,1.0
Kyle Sloter,QB,Bears,2020.0,1.0,0.1428,0.1428,0.0,0.001,2017.0,Broncos,veteran,3.0
Jacob Dolegala,QB,Patriots,2020.0,1.0,0.1428,0.1428,0.0,0.001,2019.0,Bengals,veteran,1.0
Jake Rudock,QB,Dolphins,2020.0,1.0,0.1428,0.1428,0.0,0.001,2016.0,Lions,veteran,4.0
Josh Rosen,QB,Buccaneers,2020.0,1.0,0.1428,0.1428,0.0,0.001,2018.0,Cardinals,veteran,2.0
Clayton Thorson,QB,Giants,2020.0,1.0,0.1428,0.1428,0.0,0.001,2019.0,Eagles,veteran,1.0
Kyle Lauletta,QB,Falcons,2020.0,1.0,0.1428,0.1428,0.0,0.001,2018.0,Giants,veteran,2.0
Jordan Ta'amu,QB,Chiefs,2020.0,1.0,0.1428,0.1428,0.0,0.001,2019.0,Texans,veteran,1.0
Alex McGough,QB,Seahawks,2020.0,1.0,0.1428,0.1428,0.0,0.001,2018.0,Seahawks,veteran,2.0
Steven Montez,QB,Commanders,2020.0,1.0,0.1428,0.1428,0.0,0.001,2020.0,Commanders,rookie,0.0
Reid Sinnett,QB,Buccaneers,2020.0,1.0,0.1428,0.1428,0.0,0.001,2020.0,Buccaneers,rookie,0.0
Chad Kelly,QB,Colts,2020.0,1.0,0.1428,0.1428,0.0,0.001,2017.0,Broncos,veteran,3.0
Chase Daniel,QB,Saints,2009.0,1.0,0.0884,0.0884,0.0,0.001,2009.0,Commanders,rookie,0.0
Mike White,QB,Jets,2020.0,1.0,0.136682,0.136682,0.0,0.001,2018.0,Cowboys,veteran,2.0
Matt Barkley,QB,Titans,2021.0,1.0,1.1,0.11,0.0,0.001,2013.0,Eagles,veteran,8.0
Tyler Thigpen,QB,Browns,2007.0,1.0,0.73,0.73,0.0,0.0,2007.0,Vikings,rookie,0.0
Connor Halliday,QB,Commanders,2015.0,3.0,1.5825,0.5275,0.0075,0.0,2015.0,Commanders,rookie,0.0
Dominique Davis,QB,Colts,2012.0,2.0,1.23,0.615,0.0,0.0,2012.0,Falcons,rookie,0.0
Rusty Smith,QB,Giants,2010.0,1.0,0.73,0.73,0.0,0.0,2010.0,Titans,rookie,0.0
Drew Bledsoe,QB,Patriots,1993.0,3.0,8.34375,2.78125,4.5,0.0,1993.0,Patriots,rookie,0.0
Trent Edwards,QB,Raiders,2007.0,1.0,0.73,0.73,0.0,0.0,2007.0,Bills,rookie,0.0
Dan Marino,QB,Dolphins,1991.0,5.0,20.45,4.09,15.915,0.0,1983.0,Dolphins,veteran,8.0
Jordan Palmer,QB,Titans,2007.0,1.0,0.73,0.73,0.0,0.0,2007.0,Commanders,rookie,0.0
Dan Marino,QB,Dolphins,1986.0,5.0,8.6,1.72,8.6,0.0,1983.0,Dolphins,veteran,3.0
Dennis Dixon,QB,Cardinals,2008.0,2.0,1.475,0.7375,0.0,0.0,2008.0,Steelers,rookie,0.0
Curtis Painter,QB,Giants,2009.0,1.0,0.795,0.795,0.065,0.0,2009.0,Colts,rookie,0.0
Steve Young,QB,49ers,1993.0,5.0,25.25,5.05,2.5,0.0,1984.0,Buccaneers,veteran,9.0
John Elway,QB,Broncos,1993.0,4.0,17.1,5.7,6.0,0.0,1983.0,Colts,veteran,10.0
Steve Young,QB,TB/SF,1985.0,6.0,4.892,0.815333,1.142,0.0,1984.0,Buccaneers,veteran,1.0
Seneca Wallace,QB,Packers,2003.0,1.0,0.84,0.84,0.0,0.0,2003.0,Seahawks,rookie,0.0
David Garrard,QB,Jets,2002.0,1.0,1.0,1.0,0.0,0.0,2002.0,Jaguars,rookie,0.0
Troy Aikman,QB,Cowboys,1993.0,6.0,40.25,6.708333,8.25,0.0,1989.0,Cowboys,veteran,4.0
Anthony Boone,QB,Lions,2015.0,3.0,1.578,0.526,0.003,0.0,2015.0,Lions,rookie,0.0
Jerry Lovelocke,QB,Ravens,2015.0,3.0,1.58,0.526667,0.005,0.0,2015.0,Ravens,rookie,0.0
Matt Scott,QB,Bengals,2013.0,2.0,0.93,0.465,0.0,0.0,2013.0,Jaguars,rookie,0.0
Cole Stoudt,QB,Chargers,2015.0,3.0,1.577,0.525667,0.002,0.0,2015.0,Chargers,rookie,0.0
Tommy Rees,QB,Commanders,2014.0,4.0,1.53,0.51,0.0,0.0,2014.0,Commanders,rookie,0.0
Steve Young,QB,49ers,1991.0,2.0,4.48,2.24,0.0,0.0,1984.0,Buccaneers,veteran,7.0
Jon Kitna,QB,Cowboys,1996.0,1.0,0.94,0.94,0.0,0.0,1996.0,Seahawks,rookie,0.0
Brady Quinn,QB,Rams,2007.0,1.0,0.855,0.855,0.0,0.0,2007.0,Browns,rookie,0.0
Mark Brunell,QB,Packers,1993.0,2.0,0.312625,0.156313,0.055,0.0,1993.0,Packers,rookie,0.0
John Elway,QB,Broncos,1983.0,5.0,5.0,1.0,1.0,0.0,1983.0,Colts,rookie,0.0
John Elway,QB,Broncos,1987.0,6.0,12.7,2.116667,3.0,0.0,1983.0,Colts,veteran,4.0
Brett Favre,QB,Packers,1991.0,3.0,1.431,0.476667,0.45,0.0,1991.0,Falcons,rookie,0.0
Dan Marino,QB,Dolphins,1983.0,4.0,2.0,0.5,0.0,0.0,1983.0,Dolphins,rookie,0.0
Brett Smith,QB,Buccaneers,2014.0,4.0,1.53,0.51,0.0,0.0,2014.0,Buccaneers,rookie,0.0
Zac Robinson,QB,Bengals,2010.0,2.0,1.05,0.525,0.0,0.0,2010.0,Patriots,rookie,0.0
Brendon Kay,QB,Steelers,2014.0,4.0,1.53,0.51,0.0,0.0,2014.0,Steelers,rookie,0.0
Taylor Martinez,QB,Eagles,2014.0,4.0,1.53,0.51,0.0,0.0,2014.0,Eagles,rookie,0.0
Jeff Mathews,QB,Cardinals,2014.0,4.0,1.53,0.51,0.0,0.0,2014.0,Falcons,rookie,0.0
Logan Kilgore,QB,Saints,2014.0,4.0,1.53,0.51,0.0,0.0,2014.0,Saints,rookie,0.0
Travis Partridge,QB,Vikings,2014.0,4.0,1.53,0.51,0.0,0.0,2014.0,Vikings,rookie,0.0
James Franklin,QB,Lions,2014.0,4.0,1.532,0.510667,0.002,0.0,2014.0,Lions,rookie,0.0
Keith Price,QB,Seahawks,2014.0,3.0,1.537,0.512333,0.007,0.0,2014.0,Seahawks,rookie,0.0
Troy Aikman,QB,Cowboys,1989.0,6.0,11.037,1.8395,5.787,0.0,1989.0,Cowboys,rookie,0.0
Barry Sanders,RB,Lions,1997.0,5.0,32.7,6.54,11.0,0.158,1989.0,Lions,veteran,8.0
Terrell Davis,RB,Broncos,1998.0,6.0,46.8,7.8,11.0,0.149,1995.0,Broncos,veteran,3.0
Emmitt Smith,RB,Cowboys,1996.0,7.0,40.5,5.785714,10.5,0.142,1990.0,Cowboys,veteran,6.0
Marshall Faulk,RB,Rams,1999.0,5.0,40.4665,8.0933,7.0,0.141,1994.0,Colts,veteran,5.0
Adrian Peterson,RB,Vikings,2011.0,6.0,85.28,14.213333,20.25,0.11800000000000001,2007.0,Vikings,veteran,4.0
Curtis Martin,RB,Jets,1998.0,6.0,36.0,6.0,8.0,0.115,1995.0,Patriots,veteran,3.0
Chris Johnson,RB,Titans,2011.0,4.0,53.975,13.49375,13.0,0.11199999999999999,2008.0,Titans,veteran,3.0
Clinton Portis,RB,Commanders,2004.0,6.0,49.165,8.194167,13.0,0.102,2002.0,Broncos,veteran,2.0
LaDainian Tomlinson,RB,Chargers,2004.0,6.0,48.0,8.0,16.54,0.099,2001.0,Chargers,veteran,3.0
Adrian Peterson,RB,Vikings,2015.0,3.0,42.0,14.0,13.0,0.098,2007.0,Vikings,veteran,8.0
Edgerrin James,RB,Colts,2005.0,1.0,8.081,8.081,8.081,0.095,1999.0,Colts,veteran,6.0
Marshall Faulk,RB,Rams,2002.0,6.0,39.8,6.633333,12.0,0.09300000000000001,1994.0,Colts,veteran,8.0
Jerome Bettis,RB,Steelers,1997.0,4.0,14.4,3.6,4.0,0.087,1993.0,Rams,veteran,4.0
Reggie Bush,RB,Saints,2006.0,6.0,52.5,8.75,20.25,0.086,2006.0,Saints,rookie,0.0
Marshawn Lynch,RB,Seahawks,2015.0,2.0,24.0,12.0,12.0,0.084,2007.0,Bills,veteran,8.0
Marshall Faulk,RB,Colts,1994.0,7.0,17.1785,2.863083,5.1,0.083,1994.0,Colts,rookie,0.0
Le'Veon Bell,RB,Steelers,2018.0,1.0,14.544,14.544,0.0,0.08199999999999999,2013.0,Steelers,veteran,5.0
Todd Gurley,RB,Rams,2018.0,4.0,57.5,14.375,21.95,0.081,2015.0,Rams,veteran,3.0
Christian McCaffrey,RB,CAR/SF,2020.0,4.0,64.063412,16.015853,30.0625,0.081,2017.0,Panthers,veteran,3.0
Ezekiel Elliott,RB,Cowboys,2019.0,6.0,90.0,15.0,28.052137,0.08,2016.0,Cowboys,veteran,3.0
Alvin Kamara,RB,Saints,2020.0,5.0,75.0,15.0,17.833,0.076,2017.0,Saints,veteran,3.0
Shaun Alexander,RB,Seahawks,2006.0,8.0,61.6875,7.710938,13.5,0.076,2000.0,Seahawks,veteran,6.0
LeSean McCoy,RB,Eagles,2012.0,5.0,45.0,9.0,20.765,0.075,2009.0,Eagles,veteran,3.0
Christian McCaffrey,RB,49ers,2024.0,2.0,38.0,19.0,24.0,0.07400000000000001,2017.0,Panthers,veteran,7.0
Steven Jackson,RB,Rams,2008.0,5.0,43.0975,8.6195,20.5,0.07400000000000001,2004.0,Rams,veteran,4.0
Shaun Alexander,RB,Seahawks,2005.0,1.0,6.323,6.323,6.323,0.07400000000000001,2000.0,Seahawks,veteran,5.0
Saquon Barkley,RB,Eagles,2025.0,2.0,41.2,20.6,36.0,0.07400000000000001,2018.0,Giants,veteran,7.0
Edgerrin James,RB,Cardinals,2006.0,4.0,30.0,7.5,11.5,0.07400000000000001,1999.0,Colts,veteran,7.0
David Johnson,RB,ARI/HOU,2018.0,3.0,39.0,13.0,24.6825,0.073,2015.0,Cardinals,veteran,3.0
Curtis Martin,RB,Jets,2002.0,6.0,31.229067,5.204845,10.0,0.073,1995.0,Patriots,veteran,7.0
Le'Veon Bell,RB,Steelers,2017.0,1.0,12.12,12.12,12.12,0.073,2013.0,Steelers,veteran,4.0
Arian Foster,RB,Texans,2012.0,5.0,43.5,8.7,20.75,0.07200000000000001,2009.0,Texans,veteran,3.0
DeAngelo Williams,RB,Panthers,2011.0,5.0,43.0,8.6,21.0,0.071,2006.0,Panthers,veteran,5.0
Le'Veon Bell,RB,Jets,2019.0,4.0,52.5,13.125,27.0,0.07,2013.0,Steelers,veteran,6.0
Nick Chubb,RB,Browns,2021.0,3.0,36.6,12.2,17.133059,0.067,2018.0,Browns,veteran,3.0
Clinton Portis,RB,Commanders,2008.0,6.0,46.12,7.686667,15.756,0.066,2002.0,Broncos,veteran,6.0
Aaron Jones,RB,Packers,2021.0,4.0,48.0,12.0,13.0,0.066,2017.0,Packers,veteran,4.0
Jerome Bettis,RB,Steelers,2001.0,6.0,25.892,4.315333,6.0,0.064,1993.0,Rams,veteran,8.0
Dalvin Cook,RB,Vikings,2020.0,5.0,63.0,12.6,16.331361,0.064,2017.0,Vikings,veteran,3.0
Frank Gore,RB,49ers,2007.0,4.0,27.577,6.89425,13.662,0.063,2005.0,,veteran,2.0
Matt Forte,RB,Bears,2012.0,4.0,30.4,7.6,13.8,0.063,2008.0,Bears,veteran,4.0
Jonathan Taylor,RB,Colts,2023.0,3.0,42.0,14.0,19.347556,0.062,2020.0,Colts,veteran,3.0
Marshawn Lynch,RB,Seahawks,2012.0,4.0,30.0,7.5,17.0,0.062,2007.0,Bills,veteran,5.0
Maurice Jones-Drew,RB,Jaguars,2009.0,4.0,30.515,7.62875,9.0,0.062,2006.0,Jaguars,veteran,3.0
Joe Mixon,RB,Bengals,2020.0,4.0,48.0,12.0,10.0,0.061,2017.0,Bengals,veteran,3.0
Jonathan Stewart,RB,Panthers,2012.0,5.0,36.5,7.3,11.5,0.061,2008.0,Panthers,veteran,4.0
Darren McFadden,RB,Raiders,2008.0,6.0,42.01375,7.002292,19.6875,0.06,2008.0,Raiders,rookie,0.0
Ray Rice,RB,Ravens,2012.0,5.0,35.0,7.0,16.0,0.057999999999999996,2008.0,Ravens,veteran,4.0
Darren Sproles,RB,Chargers,2010.0,1.0,7.2831,7.2831,7.2831,0.055999999999999994,2005.0,Chargers,veteran,5.0
LeSean McCoy,RB,Bills,2015.0,5.0,40.05,8.01,18.25,0.055999999999999994,2009.0,Eagles,veteran,6.0
DeMarco Murray,RB,Eagles,2015.0,5.0,40.0,8.0,18.0,0.055999999999999994,2011.0,Cowboys,veteran,4.0
Darren Sproles,RB,Chargers,2009.0,1.0,6.621,6.621,6.621,0.054000000000000006,2005.0,Chargers,veteran,4.0
Derrick Henry,RB,Ravens,2025.0,2.0,30.0,15.0,25.0,0.054000000000000006,2016.0,Titans,veteran,9.0
Devon Achane,RB,Dolphins,2026.0,4.0,64.0,16.0,17.378,0.053,2023.0,Dolphins,veteran,3.0
Terrell Davis,RB,Broncos,1996.0,3.0,6.44,2.146667,1.0,0.053,1995.0,Broncos,veteran,1.0
Jamaal Charles,RB,Chiefs,2014.0,4.0,28.0,7.0,2.95,0.053,2008.0,Chiefs,veteran,6.0
Willis McGahee,RB,Ravens,2007.0,7.0,40.12,5.731429,7.5,0.053,2003.0,Bills,veteran,4.0
Josh Jacobs,RB,Raiders,2023.0,1.0,11.791,11.791,10.091,0.052000000000000005,2019.0,Raiders,veteran,4.0
Frank Gore,RB,49ers,2011.0,3.0,18.9,6.3,0.0,0.052000000000000005,2005.0,,veteran,6.0
Derrick Henry,RB,Titans,2020.0,1.0,10.278,10.278,10.278,0.052000000000000005,2016.0,Titans,veteran,4.0
DeAngelo Williams,RB,Panthers,2006.0,5.0,7.75,5.275,1.055,0.052000000000000005,2006.0,Panthers,rookie,0.0
Aaron Jones,RB,Packers,2023.0,2.0,23.0,11.5,8.52,0.051,2017.0,Packers,veteran,6.0
Emmitt Smith,RB,Cardinals,2003.0,2.0,7.5,3.75,2.5,0.05,1990.0,Cowboys,veteran,13.0
Devonta Freeman,RB,Falcons,2017.0,5.0,41.25,8.25,18.297,0.049,2014.0,Falcons,veteran,3.0
Saquon Barkley,RB,Eagles,2024.0,3.0,37.75,12.583333,26.0,0.049,2018.0,Giants,veteran,6.0
LaDainian Tomlinson,RB,Chargers,2009.0,3.0,17.875,5.958333,7.725,0.048,2001.0,Chargers,veteran,8.0
Alvin Kamara,RB,Saints,2024.0,2.0,24.5,12.25,19.233333,0.048,2017.0,Saints,veteran,7.0
Kenneth Walker III,RB,Chiefs,2026.0,3.0,43.05,14.35,28.7,0.048,2022.0,Seahawks,veteran,4.0
Breece Hall,RB,Jets,2026.0,1.0,14.293,14.293,0.0,0.047,2022.0,Jets,veteran,4.0
Josh Jacobs,RB,Packers,2024.0,4.0,48.0,12.0,12.5,0.047,2019.0,Raiders,veteran,5.0
Doug Martin,RB,Buccaneers,2016.0,5.0,35.75,7.15,15.0,0.046,2012.0,Buccaneers,veteran,4.0
Tony Pollard,RB,Cowboys,2023.0,1.0,10.091,10.091,10.091,0.045,2019.0,Cowboys,veteran,4.0
Saquon Barkley,RB,Giants,2023.0,1.0,10.091,10.091,10.091,0.045,2018.0,Giants,veteran,5.0
Jerome Bettis,RB,Steelers,2004.0,3.0,10.835,3.611667,0.0,0.045,1993.0,Rams,veteran,11.0
Saquon Barkley,RB,Giants,2018.0,4.0,31.19475,7.798688,31.19475,0.044000000000000004,2018.0,Giants,rookie,0.0
Jeremiyah Love,RB,Cardinals,2026.0,4.0,53.022816,13.255704,53.022816,0.044000000000000004,2026.0,Cardinals,rookie,0.0
Kenyan Drake,RB,Cardinals,2020.0,1.0,8.483,8.483,8.483,0.043,2016.0,Dolphins,veteran,4.0
Trent Richardson,RB,IND/CLE,2012.0,4.0,20.489796,5.122449,20.489796,0.042,2012.0,Browns,rookie,0.0
Jerick McKinnon,RB,49ers,2018.0,4.0,30.0,7.5,11.7,0.042,2014.0,Vikings,veteran,4.0
Lamar Miller,RB,Texans,2016.0,4.0,26.0,6.5,14.0,0.042,2012.0,Dolphins,veteran,4.0
Jamaal Charles,RB,Chiefs,2010.0,5.0,27.0,5.4,8.0,0.042,2008.0,Chiefs,veteran,2.0
Chris Ivory,RB,Jaguars,2016.0,5.0,32.0,6.4,10.0,0.040999999999999995,2010.0,Saints,veteran,6.0
James Cook,RB,Bills,2025.0,4.0,46.0,11.5,15.28,0.040999999999999995,2022.0,Bills,veteran,3.0
DeMarco Murray,RB,Titans,2016.0,4.0,25.5,6.375,9.0,0.040999999999999995,2011.0,Cowboys,veteran,5.0
Leonard Fournette,RB,Jaguars,2017.0,4.0,27.150882,6.786894,27.150882,0.040999999999999995,2017.0,Jaguars,rookie,0.0
Reggie Bush,RB,Dolphins,2011.0,2.0,9.75,4.875,2.5,0.04,2006.0,Saints,veteran,5.0
Melvin Gordon,RB,Broncos,2020.0,2.0,16.0,8.0,13.5,0.04,2015.0,Chargers,veteran,5.0
Ezekiel Elliott,RB,Cowboys,2016.0,4.0,24.956338,6.239085,24.956338,0.04,2016.0,Cowboys,rookie,0.0
Jerome Bettis,RB,Steelers,2005.0,2.0,6.851,3.4255,0.2,0.04,1993.0,Rams,veteran,12.0
Travis Etienne,RB,Saints,2026.0,4.0,48.0,12.0,24.0,0.04,2021.0,Jaguars,veteran,5.0
Kyren Williams,RB,Rams,2025.0,3.0,33.0,11.0,15.145,0.039,2022.0,Rams,veteran,3.0
LaDainian Tomlinson,RB,Chargers,2001.0,6.0,15.75,2.625,11.5,0.039,2001.0,Chargers,rookie,0.0
Joe Mixon,RB,Texans,2024.0,2.0,19.75,9.875,13.0,0.039,2017.0,Bengals,veteran,7.0
C.J. Spiller,RB,Bills,2010.0,5.0,24.304587,4.860917,11.854169,0.038,2010.0,Bills,rookie,0.0
Ahmad Bradshaw,RB,Giants,2011.0,4.0,18.0,4.5,9.0,0.037000000000000005,2007.0,Giants,veteran,4.0
James Conner,RB,Cardinals,2024.0,2.0,19.0,9.5,8.25,0.037000000000000005,2017.0,Steelers,veteran,7.0
Fred Jackson,RB,Bills,2012.0,2.0,8.7,4.35,3.0,0.036000000000000004,2006.0,Bills,veteran,6.0
Aaron Jones,RB,Vikings,2025.0,2.0,20.0,10.0,11.5,0.036000000000000004,2017.0,Packers,veteran,8.0
David Montgomery,RB,HOU/DET,2024.0,2.0,18.25,9.125,5.25,0.036000000000000004,2019.0,Bears,veteran,5.0
Rhamondre Stevenson,RB,Patriots,2024.0,4.0,36.0,9.0,17.116,0.035,2021.0,Patriots,veteran,3.0
Marshall Faulk,RB,Rams,2005.0,4.0,11.8,2.95,2.0,0.035,1994.0,Colts,veteran,11.0
Adrian Peterson,RB,Vikings,2007.0,5.0,18.555,3.711,12.15,0.034,2007.0,Vikings,rookie,0.0
Nyheim Miller-Hines,RB,IND/BUF,2021.0,3.0,18.6,6.2,10.3,0.034,2018.0,Colts,veteran,3.0
Leonard Fournette,RB,Buccaneers,2022.0,3.0,21.0,7.0,9.0,0.034,2017.0,Jaguars,veteran,5.0
James Conner,RB,Cardinals,2022.0,3.0,21.0,7.0,13.5,0.034,2017.0,Steelers,veteran,5.0
Giovani Bernard,RB,Bengals,2016.0,3.0,15.5,5.166667,5.0,0.033,2013.0,Bengals,veteran,3.0
James Casey,RB,Eagles,2013.0,3.0,12.0,4.0,6.015,0.033,2009.0,Texans,veteran,4.0
Steven Jackson,RB,Falcons,2013.0,3.0,12.0,4.0,4.0,0.033,2004.0,Rams,veteran,9.0
Reggie Bush,RB,Lions,2013.0,4.0,16.0,4.0,4.0,0.033,2006.0,Saints,veteran,7.0
Chuba Hubbard,RB,Panthers,2024.0,4.0,33.2,8.3,12.058,0.032,2021.0,Panthers,veteran,3.0
Ashton Jeanty,RB,Raiders,2025.0,4.0,35.895812,8.973953,35.895812,0.032,2025.0,Raiders,rookie,0.0
Curtis Martin,RB,Jets,2006.0,4.0,12.81,3.2025,0.0,0.031,1995.0,Patriots,veteran,11.0
Derrick Henry,RB,Ravens,2024.0,2.0,16.0,8.0,9.0,0.031,2016.0,Titans,veteran,8.0
D'Andre Swift,RB,Bears,2024.0,3.0,24.0,8.0,14.0,0.031,2020.0,Lions,veteran,4.0
Austin Ekeler,RB,Chargers,2020.0,4.0,24.5,6.125,13.75,0.031,2017.0,Chargers,veteran,3.0
Kenyan Drake,RB,Raiders,2021.0,2.0,11.0,5.5,8.5,0.03,2016.0,Dolphins,veteran,5.0
Chris Johnson,RB,Jets,2014.0,2.0,8.0,4.0,3.0,0.03,2008.0,Titans,veteran,6.0
Latavius Murray,RB,Vikings,2017.0,3.0,15.0,5.0,3.4,0.03,2013.0,Raiders,veteran,4.0
Duke Johnson,RB,HOU/CLE,2018.0,3.0,15.61,5.203333,5.957,0.028999999999999998,2015.0,Browns,veteran,3.0
Darren Sproles,RB,Saints,2011.0,4.0,10.5,3.5,4.0,0.028999999999999998,2005.0,Chargers,veteran,6.0
Chase Edmonds,RB,DEN/MIA,2022.0,2.0,12.1,6.05,6.1,0.028999999999999998,2018.0,Cardinals,veteran,4.0
Michael Bush,RB,Bears,2012.0,4.0,14.0,3.5,5.9,0.028999999999999998,2007.0,Raiders,veteran,5.0
Tarik Cohen,RB,Bears,2020.0,3.0,17.25,5.75,9.533,0.028999999999999998,2017.0,Bears,veteran,3.0
C.J. Anderson,RB,Broncos,2016.0,4.0,18.0,4.5,7.6,0.028999999999999998,2013.0,Broncos,veteran,3.0
Darren Sproles,RB,Eagles,2016.0,1.0,4.5,4.5,0.5,0.028999999999999998,2005.0,Chargers,veteran,11.0
Shane Vereen,RB,Giants,2015.0,3.0,12.35,4.116667,4.75,0.028999999999999998,2011.0,Patriots,veteran,4.0
Carlos Hyde,RB,JAX/CLE,2018.0,3.0,15.25,5.083333,5.0,0.028999999999999998,2014.0,49ers,veteran,4.0
Chris Carson,RB,Seahawks,2021.0,2.0,10.425,5.2125,5.5,0.028999999999999998,2017.0,Seahawks,veteran,4.0
Tony Pollard,RB,Titans,2024.0,3.0,21.75,7.25,10.49,0.027999999999999997,2019.0,Cowboys,veteran,5.0
Miles Sanders,RB,Panthers,2023.0,4.0,25.4,6.35,13.0,0.027999999999999997,2019.0,Eagles,veteran,4.0
Dion Lewis,RB,Titans,2018.0,4.0,19.8,4.95,5.75,0.027999999999999997,2011.0,Eagles,veteran,7.0
Mark Ingram,RB,Saints,2015.0,4.0,16.0,4.0,6.1,0.027999999999999997,2011.0,Saints,veteran,4.0
Frank Gore,RB,Colts,2015.0,3.0,12.0,4.0,6.5,0.027999999999999997,2005.0,,veteran,10.0
C.J. Spiller,RB,Saints,2015.0,4.0,16.0,4.0,5.75,0.027999999999999997,2010.0,Bills,veteran,5.0
Knowshon Moreno,RB,Broncos,2009.0,5.0,17.075,3.415,13.125,0.027999999999999997,2009.0,Broncos,rookie,0.0
Todd Gurley,RB,Falcons,2020.0,1.0,5.5,5.5,5.5,0.027999999999999997,2015.0,Rams,veteran,5.0
Rashaad Penny,RB,Seahawks,2022.0,1.0,5.75,5.75,5.07,0.027999999999999997,2018.0,Seahawks,veteran,4.0
Ryan Mathews,RB,Chargers,2010.0,5.0,17.78625,3.55725,12.038,0.027999999999999997,2010.0,Chargers,rookie,0.0
Aaron Jones,RB,Vikings,2024.0,1.0,7.0,7.0,7.0,0.027000000000000003,2017.0,Packers,veteran,7.0
David Johnson,RB,Texans,2021.0,1.0,5.0,5.0,4.25,0.027000000000000003,2015.0,Cardinals,veteran,6.0
David Montgomery,RB,Texans,2026.0,2.0,16.5,8.25,1.0,0.027000000000000003,2019.0,Bears,veteran,7.0
Giovani Bernard,RB,Bengals,2019.0,2.0,10.3,5.15,2.0,0.027000000000000003,2013.0,Bengals,veteran,6.0
Shonn Greene,RB,Titans,2013.0,3.0,10.0,3.333333,4.15,0.027000000000000003,2009.0,Jets,veteran,4.0
DeAngelo Williams,RB,Panthers,2013.0,3.0,10.0,3.333333,4.0,0.027000000000000003,2006.0,Panthers,veteran,7.0
Marshawn Lynch,RB,Raiders,2017.0,2.0,9.0,4.5,2.35,0.027000000000000003,2007.0,Bills,veteran,10.0
David Montgomery,RB,Lions,2023.0,3.0,18.0,6.0,8.75,0.027000000000000003,2019.0,Bears,veteran,4.0
Mark Ingram,RB,Ravens,2019.0,3.0,15.0,5.0,6.5,0.027000000000000003,2011.0,Saints,veteran,8.0
J.K. Dobbins,RB,Broncos,2026.0,2.0,16.0,8.0,0.0,0.027000000000000003,2020.0,Ravens,veteran,6.0
Javonte Williams,RB,Cowboys,2026.0,3.0,24.0,8.0,16.0,0.027000000000000003,2021.0,Broncos,veteran,5.0
Toby Gerhart,RB,Jaguars,2014.0,3.0,10.5,3.5,4.5,0.026000000000000002,2010.0,Vikings,veteran,4.0
Donald Brown,RB,Chargers,2014.0,3.0,10.5,3.5,4.0,0.026000000000000002,2009.0,Colts,veteran,5.0
Darren Sproles,RB,Eagles,2014.0,2.0,7.0,3.5,5.5,0.026000000000000002,2005.0,Chargers,veteran,9.0
Christian McCaffrey,RB,Panthers,2017.0,4.0,17.241304,4.310326,17.241304,0.026000000000000002,2017.0,Panthers,rookie,0.0
Matt Forte,RB,Jets,2016.0,3.0,12.0,4.0,9.0,0.026000000000000002,2008.0,Bears,veteran,8.0
Ryan Mathews,RB,Eagles,2015.0,3.0,11.0,3.666667,5.0,0.026000000000000002,2010.0,Chargers,veteran,5.0
Joe Mixon,RB,HOU/CIN,2023.0,2.0,11.5,5.75,4.128,0.026000000000000002,2017.0,Bengals,veteran,6.0
Eddie Lacy,RB,Seahawks,2017.0,1.0,4.25,4.25,2.865,0.025,2013.0,Packers,veteran,4.0
Marshawn Lynch,RB,Raiders,2018.0,1.0,4.5,4.5,3.5,0.025,2007.0,Bills,veteran,11.0
Cordarrelle Patterson,RB,Falcons,2022.0,2.0,10.5,5.25,5.0,0.025,2013.0,Vikings,veteran,9.0
BenJarvus Green-Ellis,RB,Bengals,2012.0,3.0,9.0,3.0,3.0,0.025,2008.0,Patriots,veteran,4.0
Theo Riddick,RB,Lions,2016.0,3.0,11.55,3.85,3.85,0.025,2013.0,Lions,veteran,3.0
Marshawn Lynch,RB,SEA/BUF,2007.0,5.0,13.315,2.663,10.285,0.024,2007.0,Bills,rookie,0.0
Bijan Robinson,RB,Falcons,2023.0,4.0,21.958544,5.489636,21.958544,0.024,2023.0,Falcons,rookie,0.0
Bilal Powell,RB,Jets,2016.0,3.0,11.25,3.75,6.0,0.024,2011.0,Jets,veteran,5.0
Todd Gurley,RB,Rams,2015.0,4.0,13.82318,3.455795,13.82318,0.024,2015.0,Rams,rookie,0.0
Pierre Thomas,RB,Saints,2011.0,4.0,11.545,2.88625,1.5,0.024,2007.0,Saints,veteran,4.0
James White,RB,Patriots,2017.0,3.0,12.0,4.0,4.69,0.024,2014.0,Patriots,veteran,3.0
Jonathan Stewart,RB,Panthers,2017.0,2.0,8.0,4.0,3.6,0.024,2008.0,Panthers,veteran,9.0
Jonathan Stewart,RB,Panthers,2008.0,5.0,13.625,2.725,10.04,0.023,2008.0,Panthers,rookie,0.0
Joique Bell,RB,Lions,2014.0,3.0,9.3,3.1,4.3,0.023,2010.0,Bills,veteran,4.0
Kenneth Gainwell,RB,Buccaneers,2026.0,2.0,14.0,7.0,9.83,0.023,2021.0,Eagles,veteran,5.0
Donald Brown,RB,Chargers,2015.0,2.0,6.5,3.25,0.0,0.023,2009.0,Colts,veteran,6.0
Gus Edwards,RB,Ravens,2021.0,3.0,12.384,4.128,8.0,0.023,2018.0,Ravens,veteran,3.0
Tevin Coleman,RB,49ers,2019.0,2.0,8.5,4.25,3.25,0.023,2015.0,Falcons,veteran,4.0
Isaiah Crowell,RB,Jets,2018.0,3.0,12.0,4.0,4.0,0.023,2014.0,Browns,veteran,4.0
Latavius Murray,RB,Vikings,2018.0,1.0,4.0,4.0,3.65,0.023,2013.0,Raiders,veteran,5.0
Knowshon Moreno,RB,Dolphins,2014.0,1.0,3.0,3.0,1.25,0.023,2009.0,Broncos,veteran,5.0
Dexter McCluster,RB,Titans,2014.0,3.0,9.0,3.0,4.0,0.023,2010.0,Chiefs,veteran,4.0
Michael Bush,RB,Raiders,2011.0,1.0,2.611,2.611,0.0,0.022000000000000002,2007.0,Raiders,veteran,4.0
Devin Singletary,RB,Giants,2024.0,3.0,16.5,5.5,9.5,0.022000000000000002,2019.0,Bills,veteran,5.0
Adrian Peterson,RB,Cardinals,2017.0,2.0,7.0,3.5,3.5,0.021,2007.0,Vikings,veteran,10.0
Justin Forsett,RB,Ravens,2015.0,3.0,9.0,3.0,3.0,0.021,2008.0,Seahawks,veteran,7.0
Danny Woodhead,RB,Chargers,2014.0,2.0,5.5,2.75,3.0,0.021,2008.0,Jets,veteran,6.0
Rico Dowdle,RB,Steelers,2026.0,2.0,12.25,6.125,5.0,0.02,2020.0,Cowboys,veteran,6.0
Tyler Allgeier,RB,Cardinals,2026.0,2.0,12.25,6.125,8.0,0.02,2022.0,Falcons,veteran,4.0
Rashard Mendenhall,RB,Cardinals,2013.0,1.0,2.5,2.5,2.5,0.02,2008.0,Steelers,veteran,5.0
Nyheim Miller-Hines,RB,Bills,2023.0,2.0,9.0,4.5,2.0,0.02,2018.0,Colts,veteran,5.0
LaDainian Tomlinson,RB,Jets,2010.0,2.0,5.15,2.575,2.5,0.02,2001.0,Chargers,veteran,9.0
Jahmyr Gibbs,RB,Lions,2023.0,4.0,17.845138,4.461285,17.845138,0.02,2023.0,Lions,rookie,0.0
Willis McGahee,RB,Broncos,2011.0,4.0,9.5,2.375,3.0,0.02,2003.0,Bills,veteran,8.0
Fred Jackson,RB,Bills,2014.0,1.0,2.6,2.6,0.0,0.02,2006.0,Bills,veteran,8.0
Jonathan Stewart,RB,Giants,2018.0,2.0,6.9,3.45,2.95,0.019,2008.0,Panthers,veteran,10.0
Shane Vereen,RB,Giants,2017.0,1.0,3.25,3.25,0.0,0.019,2011.0,Patriots,veteran,6.0
James Starks,RB,Packers,2016.0,2.0,6.0,3.0,1.5,0.019,2010.0,Packers,veteran,6.0
Jaylen Warren,RB,Steelers,2025.0,1.0,5.346,5.346,0.0,0.019,2022.0,Steelers,veteran,3.0
Latavius Murray,RB,Saints,2019.0,4.0,14.4,3.6,7.2,0.019,2013.0,Raiders,veteran,6.0
Rex Burkhead,RB,Patriots,2017.0,1.0,3.15,3.15,1.1,0.019,2013.0,Bengals,veteran,4.0
Willis McGahee,RB,Bills,2003.0,5.0,7.053,1.4106,1.0,0.019,2003.0,Bills,rookie,0.0
Najee Harris,RB,Chargers,2025.0,1.0,5.25,5.25,5.25,0.019,2021.0,Steelers,veteran,4.0
Jordan Mason,RB,Vikings,2025.0,2.0,10.5,5.25,7.23,0.019,2022.0,49ers,veteran,3.0
Maurice Jones-Drew,RB,Raiders,2014.0,3.0,7.5,2.5,1.2,0.019,2006.0,Jaguars,veteran,8.0
Rashad Jennings,RB,Giants,2014.0,4.0,10.0,2.5,2.98,0.019,2009.0,Jaguars,veteran,5.0
Melvin Gordon,RB,Chargers,2015.0,4.0,10.669762,2.667441,10.669762,0.019,2015.0,Chargers,rookie,0.0
Aaron Jones,RB,Vikings,2026.0,1.0,5.56,5.56,5.0,0.018000000000000002,2017.0,Packers,veteran,9.0
Rex Burkhead,RB,Patriots,2018.0,3.0,9.75,3.25,5.5,0.018000000000000002,2013.0,Bengals,veteran,5.0
Najee Harris,RB,Steelers,2021.0,4.0,13.047444,3.261861,13.047444,0.018000000000000002,2021.0,Steelers,rookie,0.0
Leonard Fournette,RB,Buccaneers,2021.0,1.0,3.25,3.25,2.0,0.018000000000000002,2017.0,Jaguars,veteran,4.0
Jamaal Williams,RB,Saints,2023.0,3.0,12.0,4.0,8.15,0.018000000000000002,2017.0,Packers,veteran,6.0
Shaun Alexander,RB,Seahawks,2000.0,5.0,5.499,1.0998,3.875,0.018000000000000002,2000.0,Seahawks,rookie,0.0
Travis Etienne,RB,Jaguars,2021.0,4.0,12.898112,3.224528,12.898112,0.018000000000000002,2021.0,Jaguars,rookie,0.0
Jalen Richard,RB,Raiders,2020.0,2.0,7.0,3.5,3.375,0.018000000000000002,2016.0,Raiders,veteran,4.0
Danny Woodhead,RB,Ravens,2017.0,3.0,8.8,2.933333,3.25,0.018000000000000002,2008.0,Jets,veteran,9.0
Reggie Bush,RB,49ers,2015.0,1.0,2.5,2.5,1.0,0.017,2006.0,Saints,veteran,9.0
Steven Jackson,RB,Rams,2004.0,5.0,7.0,1.4,4.0,0.017,2004.0,Rams,rookie,0.0
Pierre Thomas,RB,Saints,2014.0,3.0,6.9,2.3,2.4,0.017,2007.0,Saints,veteran,7.0
Rashard Mendenhall,RB,Steelers,2008.0,5.0,9.855,1.971,7.125,0.017,2008.0,Steelers,rookie,0.0
J.D. McKissic,RB,Commanders,2022.0,2.0,7.0,3.5,3.645,0.017,2016.0,Falcons,veteran,6.0
Samaje Perine,RB,Broncos,2023.0,2.0,7.5,3.75,3.0,0.017,2017.0,Commanders,veteran,6.0
Chris Rodriguez Jr.,RB,Jaguars,2026.0,2.0,10.0,5.0,6.2,0.017,2023.0,Commanders,veteran,3.0
Chris Johnson,RB,Titans,2008.0,5.0,9.58001,1.916002,6.68501,0.017,2008.0,Titans,rookie,0.0
Austin Ekeler,RB,Commanders,2024.0,2.0,8.43,4.215,4.21,0.017,2017.0,Chargers,veteran,7.0
Andre Brown,RB,Giants,2013.0,1.0,2.023,2.023,0.0,0.016,2009.0,Giants,veteran,4.0
Jalen Richard,RB,Raiders,2019.0,1.0,3.095,3.095,0.0,0.016,2016.0,Raiders,veteran,3.0
Corey Grant,RB,Jaguars,2018.0,1.0,2.914,2.914,0.0,0.016,2015.0,Jaguars,veteran,3.0
Isaiah Crowell,RB,Browns,2017.0,1.0,2.746,2.746,0.0,0.016,2014.0,Browns,veteran,3.0
Kareem Hunt,RB,Browns,2020.0,1.0,3.259,3.259,0.0,0.016,2017.0,Chiefs,veteran,3.0
Matt Breida,RB,MIA/SF,2020.0,1.0,3.259,3.259,0.0,0.016,2017.0,49ers,veteran,3.0
Jamaal Williams,RB,Lions,2021.0,2.0,6.0,3.0,3.25,0.016,2017.0,Packers,veteran,4.0
Edgerrin James,RB,Seahawks,2009.0,1.0,2.0,2.0,1.5,0.016,1999.0,Colts,veteran,10.0
Ahmad Bradshaw,RB,Colts,2013.0,1.0,2.0,2.0,0.25,0.016,2007.0,Giants,veteran,6.0
Chris Ivory,RB,Jets,2013.0,3.0,6.0,2.0,2.25,0.016,2010.0,Saints,veteran,3.0
Raheem Mostert,RB,Dolphins,2024.0,1.0,4.13,4.13,3.71,0.016,2015.0,Eagles,veteran,9.0
LeSean McCoy,RB,Chiefs,2019.0,1.0,3.0,3.0,3.0,0.016,2009.0,Eagles,veteran,10.0
Mike Davis,RB,CHI/CAR,2019.0,2.0,6.0,3.0,3.0,0.016,2015.0,49ers,veteran,4.0
Omarion Hampton,RB,Chargers,2025.0,4.0,17.774464,4.443616,17.774464,0.016,2025.0,Chargers,rookie,0.0
Josh Jacobs,RB,Raiders,2019.0,4.0,11.933398,2.98335,11.933398,0.016,2019.0,Raiders,rookie,0.0
Donald Brown,RB,Colts,2009.0,5.0,9.635,1.927,6.31,0.016,2009.0,Colts,rookie,0.0
Zack Moss,RB,Bengals,2024.0,2.0,8.0,4.0,3.0,0.016,2020.0,Bills,veteran,4.0
Alexander Mattison,RB,Vikings,2023.0,2.0,7.0,3.5,3.6,0.016,2019.0,Vikings,veteran,4.0
Chris Ivory,RB,Bills,2018.0,2.0,5.5,2.75,2.5,0.016,2010.0,Saints,veteran,8.0
Raheem Mostert,RB,49ers,2019.0,3.0,8.7,2.9,2.4,0.015,2015.0,Eagles,veteran,4.0
Mark Ingram,RB,Saints,2011.0,4.0,7.41675,1.854188,6.030375,0.015,2011.0,Saints,rookie,0.0
Keaton Mitchell,RB,Chargers,2026.0,2.0,9.25,4.625,5.0,0.015,2023.0,Ravens,veteran,3.0
BenJarvus Green-Ellis,RB,Patriots,2011.0,1.0,1.835,1.835,0.0,0.015,2008.0,Patriots,veteran,3.0
Fred Jackson,RB,Bills,2009.0,4.0,7.5,1.875,1.75,0.015,2006.0,Bills,veteran,3.0
Rashaad Penny,RB,Seahawks,2018.0,4.0,10.765436,2.691359,9.397422,0.015,2018.0,Seahawks,rookie,0.0
Devontae Booker,RB,Giants,2021.0,2.0,5.5,2.75,2.0,0.015,2016.0,Broncos,veteran,5.0
Mike Davis,RB,Falcons,2021.0,2.0,5.5,2.75,3.0,0.015,2015.0,49ers,veteran,6.0
Gus Edwards,RB,Ravens,2023.0,1.0,3.384,3.384,2.3,0.015,2018.0,Ravens,veteran,5.0
Jamaal Charles,RB,Broncos,2017.0,1.0,2.5,2.5,0.0,0.015,2008.0,Chiefs,veteran,9.0
Carlos Hyde,RB,KC/HOU,2019.0,1.0,2.8,2.8,1.5,0.015,2014.0,49ers,veteran,5.0
Antonio Gibson,RB,Patriots,2024.0,3.0,11.25,3.75,5.3,0.015,2020.0,Commanders,veteran,4.0
Roy Helu,RB,Raiders,2015.0,2.0,4.1,2.05,1.0,0.013999999999999999,2011.0,Commanders,veteran,4.0
Danny Woodhead,RB,Chargers,2013.0,2.0,3.5,1.75,1.0,0.013999999999999999,2008.0,Jets,veteran,5.0
Doug Martin,RB,Buccaneers,2012.0,4.0,6.787528,1.696882,5.471956,0.013999999999999999,2012.0,Buccaneers,rookie,0.0
DeAngelo Williams,RB,Steelers,2015.0,2.0,4.0,2.0,1.13,0.013999999999999999,2006.0,Panthers,veteran,9.0
Bilal Powell,RB,Jets,2015.0,1.0,2.0,2.0,0.75,0.013999999999999999,2011.0,Jets,veteran,4.0
Jadarian Price,RB,Seahawks,2026.0,4.0,16.783748,4.195937,16.783748,0.013999999999999999,2026.0,Seahawks,rookie,0.0
Carlos Hyde,RB,Seahawks,2020.0,1.0,2.75,2.75,0.0,0.013999999999999999,2014.0,49ers,veteran,6.0
David Wilson,RB,Giants,2012.0,4.0,6.684502,1.671126,5.382979,0.013999999999999999,2012.0,Giants,rookie,0.0
Clyde Edwards-Helaire,RB,Chiefs,2020.0,4.0,10.821576,2.705394,9.95585,0.013999999999999999,2020.0,Chiefs,rookie,0.0
Sony Michel,RB,NE/LAR,2018.0,4.0,9.626694,2.406674,8.38971,0.013999999999999999,2018.0,Patriots,rookie,0.0
James White,RB,Patriots,2021.0,1.0,2.4625,2.4625,2.4625,0.013000000000000001,2014.0,Patriots,veteran,7.0
Trent Richardson,RB,Raiders,2015.0,2.0,3.85,1.925,0.6,0.013000000000000001,2012.0,Browns,veteran,3.0
Adrian Peterson,RB,Commanders,2019.0,2.0,5.03,2.515,1.5,0.013000000000000001,2007.0,Vikings,veteran,12.0
Jeff Wilson,RB,Dolphins,2023.0,2.0,6.0,3.0,2.645,0.013000000000000001,2018.0,49ers,veteran,5.0
Ezekiel Elliott,RB,Patriots,2023.0,1.0,3.0,3.0,1.1,0.013000000000000001,2016.0,Cowboys,veteran,7.0
Theo Riddick,RB,Broncos,2019.0,1.0,2.5,2.5,1.0,0.013000000000000001,2013.0,Lions,veteran,6.0
Darren McFadden,RB,Raiders,2014.0,1.0,1.75,1.75,0.1,0.013000000000000001,2008.0,Raiders,veteran,6.0
Pierre Thomas,RB,Saints,2010.0,1.0,1.684,1.684,0.0,0.013000000000000001,2007.0,Saints,veteran,3.0
Gus Edwards,RB,Chargers,2024.0,2.0,6.5,3.25,3.375,0.013000000000000001,2018.0,Ravens,veteran,6.0
Hunter Luepke,RB,Cowboys,2025.0,2.0,7.0,3.5,5.03,0.013000000000000001,2023.0,Cowboys,veteran,2.0
Raheem Mostert,RB,Dolphins,2023.0,2.0,5.6,2.8,2.2,0.012,2015.0,Eagles,veteran,8.0
Carlos Hyde,RB,Jaguars,2021.0,2.0,4.5,2.25,1.4,0.012,2014.0,49ers,veteran,7.0
Devin Singletary,RB,Texans,2023.0,1.0,2.75,2.75,2.5,0.012,2019.0,Bills,veteran,4.0
James Starks,RB,Packers,2014.0,2.0,3.25,1.625,0.725,0.012,2010.0,Packers,veteran,4.0
Javonte Williams,RB,Broncos,2021.0,4.0,8.865754,2.216439,6.718251,0.012,2021.0,Broncos,rookie,0.0
Brandon Bolden,RB,Raiders,2022.0,2.0,5.01,2.505,2.375,0.012,2012.0,Patriots,veteran,10.0
James White,RB,Patriots,2022.0,2.0,5.0,2.5,0.5,0.012,2014.0,Patriots,veteran,8.0
Justice Hill,RB,Ravens,2024.0,2.0,6.0,3.0,4.441176,0.012,2019.0,Ravens,veteran,5.0
Phillip Lindsay,RB,Broncos,2021.0,1.0,2.133,2.133,0.0,0.012,2018.0,Broncos,veteran,3.0
Sean Tucker,RB,Buccaneers,2026.0,1.0,3.52,3.52,0.0,0.012,2023.0,Buccaneers,veteran,3.0
Peyton Barber,RB,Buccaneers,2019.0,1.0,2.125,2.125,1.0,0.011000000000000001,2016.0,Buccaneers,veteran,3.0
LeGarrette Blount,RB,Lions,2018.0,1.0,2.0,2.0,2.0,0.011000000000000001,2010.0,Titans,veteran,8.0
Alfred Morris,RB,Cowboys,2016.0,2.0,3.5,1.75,1.8,0.011000000000000001,2012.0,Commanders,veteran,4.0
Jeff Wilson,RB,49ers,2021.0,1.0,2.05,2.05,2.05,0.011000000000000001,2018.0,49ers,veteran,3.0
LaDainian Tomlinson,RB,Jets,2011.0,1.0,1.325,1.325,1.125,0.011000000000000001,2001.0,Chargers,veteran,10.0
Marlon Mack,RB,Colts,2021.0,1.0,2.0,2.0,2.0,0.011000000000000001,2017.0,Colts,veteran,4.0
Taiwan Jones,RB,Raiders,2014.0,3.0,4.355,1.451667,0.855,0.011000000000000001,2011.0,Raiders,veteran,3.0
Breece Hall,RB,Jets,2022.0,4.0,9.014768,2.253692,7.080482,0.011000000000000001,2022.0,Jets,rookie,0.0
D'Andre Swift,RB,DET/PHI,2020.0,4.0,8.538918,2.13473,6.306374,0.011000000000000001,2020.0,Lions,rookie,0.0
DeeJay Dallas,RB,Cardinals,2024.0,3.0,8.25,2.75,2.395,0.011000000000000001,2020.0,Seahawks,veteran,4.0
Brian Hill,RB,Falcons,2020.0,1.0,2.133,2.133,0.0,0.011000000000000001,2017.0,Falcons,veteran,3.0
Terrance West,RB,Ravens,2017.0,1.0,1.797,1.797,0.0,0.011000000000000001,2014.0,Browns,veteran,3.0
Mike Gillislee,RB,Bills,2017.0,1.0,1.797,1.797,0.0,0.011000000000000001,2013.0,Dolphins,veteran,4.0
Damien Williams,RB,Dolphins,2017.0,1.0,1.797,1.797,0.0,0.011000000000000001,2014.0,Dolphins,veteran,3.0
Javonte Williams,RB,Cowboys,2025.0,1.0,3.0,3.0,2.0,0.011000000000000001,2021.0,Broncos,veteran,4.0
A.J. Dillon,RB,Packers,2024.0,1.0,2.7425,2.7425,0.1675,0.011000000000000001,2020.0,Packers,veteran,4.0
Giovani Bernard,RB,Bengals,2013.0,4.0,5.25334,1.313335,3.2494,0.011000000000000001,2013.0,Bengals,rookie,0.0
Frank Gore,RB,Bills,2019.0,1.0,2.0,2.0,0.5,0.011000000000000001,2005.0,,veteran,14.0
Mike Boone,RB,Broncos,2021.0,2.0,3.85,1.925,2.6,0.011000000000000001,2018.0,Vikings,veteran,3.0
Darren McFadden,RB,Cowboys,2015.0,2.0,3.0,1.5,0.2,0.01,2008.0,Raiders,veteran,7.0
Nick Chubb,RB,Browns,2018.0,4.0,7.383094,1.845774,5.297114,0.01,2018.0,Browns,rookie,0.0
Ryan Williams,RB,Cardinals,2011.0,4.0,5.007432,1.251858,0.0,0.01,2011.0,Cardinals,rookie,0.0
T.J. Yeldon,RB,Jaguars,2015.0,4.0,5.913776,1.478444,3.699736,0.01,2015.0,Jaguars,rookie,0.0
Quinshon Judkins,RB,Browns,2025.0,4.0,11.402116,2.850529,11.402116,0.01,2025.0,Browns,rookie,0.0
Raheem Mostert,RB,Dolphins,2022.0,1.0,2.125,2.125,1.0,0.01,2015.0,Eagles,veteran,7.0
Kenneth Walker III,RB,Seahawks,2022.0,4.0,8.44158,2.110395,6.14404,0.01,2022.0,Seahawks,rookie,0.0
Leonard Fournette,RB,Buccaneers,2020.0,1.0,2.0,2.0,0.0,0.01,2017.0,Jaguars,veteran,3.0
Rex Burkhead,RB,Patriots,2020.0,1.0,2.0,2.0,0.55,0.01,2013.0,Bengals,veteran,7.0
Justice Hill,RB,Ravens,2023.0,2.0,4.51,2.255,1.25,0.01,2019.0,Ravens,veteran,4.0
TreVeyon Henderson,RB,Patriots,2025.0,4.0,11.14326,2.785815,11.14326,0.01,2025.0,Patriots,rookie,0.0
Ronald Jones II,RB,Buccaneers,2018.0,4.0,7.071926,1.767982,3.22322,0.01,2018.0,Buccaneers,rookie,0.0
James Conner,RB,Cardinals,2026.0,1.0,3.0,3.0,2.1,0.01,2017.0,Steelers,veteran,9.0
Mark Ingram,RB,Saints,2021.0,2.0,3.625,1.8125,0.25,0.01,2011.0,Saints,veteran,10.0
Jacquizz Rodgers,RB,Buccaneers,2017.0,2.0,3.3,1.65,0.6,0.01,2011.0,Falcons,veteran,6.0
Jonathan Taylor,RB,Colts,2020.0,4.0,7.829154,1.957289,4.829799,0.01,2020.0,Colts,rookie,0.0
Marshall Faulk,RB,Rams,2007.0,2.0,2.15,1.075,0.275,0.01,1994.0,Colts,veteran,13.0
Rico Dowdle,RB,Panthers,2025.0,1.0,2.75,2.75,2.75,0.01,2020.0,Cowboys,veteran,5.0
Brandon Bolden,RB,Patriots,2019.0,2.0,3.7,1.85,2.0,0.01,2012.0,Patriots,veteran,7.0
Reggie Bush,RB,Bills,2016.0,1.0,1.5,1.5,0.375,0.01,2006.0,Saints,veteran,10.0
Arian Foster,RB,Dolphins,2016.0,1.0,1.5,1.5,0.4,0.01,2009.0,Texans,veteran,7.0
Chris Johnson,RB,Cardinals,2016.0,1.0,1.5,1.5,1.0,0.01,2008.0,Titans,veteran,8.0
D'Onta Foreman,RB,Panthers,2022.0,1.0,2.0,2.0,0.94,0.01,2017.0,Texans,veteran,5.0
Taiwan Jones,RB,Bills,2021.0,1.0,1.75,1.75,0.7,0.01,2011.0,Raiders,veteran,10.0
James Conner,RB,Cardinals,2021.0,1.0,1.75,1.75,1.75,0.01,2017.0,Steelers,veteran,4.0
Malcolm Brown,RB,Dolphins,2021.0,1.0,1.75,1.75,1.75,0.01,2015.0,Rams,veteran,6.0
Dalvin Cook,RB,Vikings,2017.0,4.0,6.35331,1.588328,3.979375,0.01,2017.0,Vikings,rookie,0.0
Marshall Faulk,RB,Rams,2006.0,3.0,2.875,0.958333,0.0,0.009000000000000001,1994.0,Colts,veteran,12.0
Justin Forsett,RB,Jaguars,2013.0,2.0,2.3,1.15,0.3,0.009000000000000001,2008.0,Seahawks,veteran,5.0
Clinton Portis,RB,Broncos,2002.0,4.0,2.65,0.6625,1.29,0.009000000000000001,2002.0,Broncos,rookie,0.0
Kerryon Johnson,RB,PHI/DET,2018.0,4.0,6.503698,1.625925,4.065583,0.009000000000000001,2018.0,Lions,rookie,0.0
Samaje Perine,RB,Bengals,2021.0,2.0,3.3,1.65,0.7,0.009000000000000001,2017.0,Commanders,veteran,4.0
Charcandrick West,RB,Chiefs,2016.0,3.0,4.2,1.4,1.6,0.009000000000000001,2014.0,Chiefs,veteran,2.0
Spencer Ware,RB,Chiefs,2016.0,3.0,4.2,1.4,1.6,0.009000000000000001,2013.0,Seahawks,veteran,3.0
Lance Dunbar,RB,Rams,2017.0,1.0,1.5,1.5,1.375,0.009000000000000001,2012.0,Cowboys,veteran,5.0
Ty Johnson,RB,Bills,2025.0,2.0,5.0,2.5,2.49,0.009000000000000001,2019.0,Lions,veteran,6.0
Nick Chubb,RB,Texans,2025.0,1.0,2.5,2.5,1.5,0.009000000000000001,2018.0,Browns,veteran,7.0
Nick Chubb,RB,Browns,2024.0,1.0,2.275,2.275,2.05,0.009000000000000001,2018.0,Browns,veteran,6.0
Boston Scott,RB,Eagles,2023.0,1.0,2.0,2.0,1.08,0.009000000000000001,2018.0,Saints,veteran,5.0
Travis Homer,RB,Bears,2023.0,2.0,4.0,2.0,1.75,0.009000000000000001,2019.0,Seahawks,veteran,4.0
D'Onta Foreman,RB,Bears,2023.0,1.0,2.0,2.0,1.0,0.009000000000000001,2017.0,Texans,veteran,6.0
Taiwan Jones,RB,Bills,2020.0,1.0,1.75,1.75,0.7,0.009000000000000001,2011.0,Raiders,veteran,9.0
Anthony Dixon,RB,Bills,2014.0,3.0,3.5,1.166667,0.75,0.009000000000000001,2010.0,,veteran,4.0
Malcolm Brown,RB,Rams,2019.0,1.0,3.3,1.65,2.1,0.009000000000000001,2015.0,Rams,veteran,4.0
Darrel Williams,RB,Chiefs,2021.0,1.0,1.6,1.6,0.88,0.009000000000000001,2018.0,Chiefs,veteran,3.0
Jason Wright,RB,Browns,2007.0,1.0,0.952,0.952,0.025,0.009000000000000001,2004.0,,veteran,3.0
Stevan Ridley,RB,Jets,2015.0,1.0,1.25,1.25,0.0,0.009000000000000001,2011.0,Patriots,veteran,4.0
Derrick Henry,RB,Titans,2016.0,4.0,5.40793,1.351983,3.278855,0.009000000000000001,2016.0,Titans,rookie,0.0
Ty Montgomery,RB,Patriots,2022.0,2.0,3.6,1.8,0.3,0.009000000000000001,2015.0,Packers,veteran,7.0
T.J. Yeldon,RB,Bills,2019.0,2.0,3.2,1.6,0.5,0.009000000000000001,2015.0,Jaguars,veteran,4.0
Jeremy Hill,RB,Patriots,2018.0,1.0,1.5,1.5,0.15,0.008,2014.0,Bengals,veteran,4.0
Boston Scott,RB,Eagles,2022.0,1.0,1.75,1.75,1.1,0.008,2018.0,Saints,veteran,4.0
Le'Veon Bell,RB,Steelers,2013.0,4.0,4.1206,1.03015,1.3768,0.008,2013.0,Steelers,rookie,0.0
Isaiah Pead,RB,Rams,2012.0,4.0,4.0381,1.009525,2.34035,0.008,2012.0,Rams,rookie,0.0
Doug Martin,RB,Raiders,2018.0,1.0,1.475,1.475,0.0,0.008,2012.0,Buccaneers,veteran,6.0
Brian Robinson Jr.,RB,Falcons,2026.0,1.0,2.5,2.5,0.775,0.008,2022.0,Commanders,veteran,4.0
J.D. McKissic,RB,Commanders,2020.0,2.0,3.27,1.635,1.0,0.008,2016.0,Falcons,veteran,4.0
Jonathon Brooks,RB,Panthers,2024.0,4.0,8.417082,2.104271,6.240268,0.008,2024.0,Panthers,rookie,0.0
Damien Williams,RB,Bears,2021.0,1.0,1.5,1.5,1.0,0.008,2014.0,Dolphins,veteran,7.0
Rex Burkhead,RB,Texans,2021.0,1.0,1.5,1.5,0.125,0.008,2013.0,Bengals,veteran,8.0
Joe Mixon,RB,Bengals,2017.0,4.0,5.450162,1.362541,2.816487,0.008,2017.0,Bengals,rookie,0.0
Jason Wright,RB,Cardinals,2009.0,2.0,2.0,1.0,0.2,0.008,2004.0,,veteran,5.0
Matt Forte,RB,Bears,2008.0,4.0,3.7665,0.941625,1.533333,0.008,2008.0,Bears,rookie,0.0
Robert Turbin,RB,Colts,2017.0,2.0,2.7,1.35,0.5,0.008,2012.0,Seahawks,veteran,5.0
Curtis Martin,RB,Patriots,1995.0,3.0,0.8969,0.298967,0.305,0.008,1995.0,Patriots,rookie,0.0
Christopher Brooks,RB,Packers,2026.0,2.0,4.85,2.425,0.65,0.008,2023.0,Dolphins,veteran,3.0
Darren Sproles,RB,Eagles,2018.0,1.0,1.415,1.415,1.0,0.008,2005.0,Chargers,veteran,13.0
C.J. Anderson,RB,Lions,2019.0,1.0,1.5,1.5,0.45,0.008,2013.0,Broncos,veteran,6.0
Damien Harris,RB,Bills,2023.0,1.0,1.77,1.77,1.0,0.008,2019.0,Patriots,veteran,4.0
Alexander Mattison,RB,Raiders,2024.0,1.0,2.0,2.0,1.65,0.008,2019.0,Vikings,veteran,5.0
Dion Lewis,RB,Giants,2020.0,1.0,1.55,1.55,0.0,0.008,2011.0,Eagles,veteran,9.0
Cam Akers,RB,MIN/LAR,2020.0,4.0,6.173042,1.543261,3.550077,0.008,2020.0,Rams,rookie,0.0
Ameer Abdullah,RB,Raiders,2023.0,1.0,1.75,1.75,0.5,0.008,2015.0,Lions,veteran,8.0
Damien Williams,RB,Falcons,2022.0,1.0,1.62,1.62,0.5,0.008,2014.0,Dolphins,veteran,8.0
Zach Charbonnet,RB,Seahawks,2023.0,4.0,6.876078,1.71902,3.813333,0.008,2023.0,Seahawks,rookie,0.0
Willis McGahee,RB,Browns,2013.0,1.0,0.94,0.94,0.0,0.008,2003.0,Bills,veteran,10.0
Mike Davis,RB,Seahawks,2018.0,1.0,1.35,1.35,0.35,0.008,2015.0,49ers,veteran,3.0
Peyton Barber,RB,Commanders,2020.0,2.0,3.0,1.5,0.6,0.008,2016.0,Buccaneers,veteran,4.0
LeGarrette Blount,RB,Eagles,2017.0,1.0,1.25,1.25,0.4,0.006999999999999999,2010.0,Titans,veteran,7.0
Fozzy Whittaker,RB,Panthers,2017.0,2.0,2.5,1.25,0.5,0.006999999999999999,2012.0,Cardinals,veteran,5.0
J.K. Dobbins,RB,Broncos,2025.0,1.0,2.065,2.065,2.065,0.006999999999999999,2020.0,Ravens,veteran,5.0
Toby Gerhart,RB,Vikings,2010.0,4.0,3.7665,0.941625,1.939,0.006999999999999999,2010.0,Vikings,rookie,0.0
Ameer Abdullah,RB,MIN/DET,2015.0,4.0,4.156126,1.039032,2.291551,0.006999999999999999,2015.0,Lions,rookie,0.0
Ameer Abdullah,RB,Raiders,2024.0,1.0,1.85,1.85,0.85,0.006999999999999999,2015.0,Lions,veteran,9.0
J.K. Dobbins,RB,Ravens,2020.0,4.0,5.729438,1.43236,3.207293,0.006999999999999999,2020.0,Ravens,rookie,0.0
Bishop Sankey,RB,Titans,2014.0,4.0,3.843496,0.960874,1.709976,0.006999999999999999,2014.0,Titans,rookie,0.0
Ronald Jones II,RB,Chiefs,2022.0,1.0,1.5,1.5,0.75,0.006999999999999999,2018.0,Buccaneers,veteran,4.0
Dare Ogunbowale,RB,Texans,2022.0,1.0,3.0,1.5,0.55,0.006999999999999999,2017.0,Texans,veteran,5.0
Shane Vereen,RB,Patriots,2011.0,4.0,3.46115,0.865288,1.762238,0.006999999999999999,2011.0,Patriots,rookie,0.0
Mikel Leshoure,RB,Lions,2011.0,4.0,3.434178,0.858545,1.595584,0.006999999999999999,2011.0,Lions,rookie,0.0
Miles Sanders,RB,Eagles,2019.0,4.0,5.36023,1.340058,3.151995,0.006999999999999999,2019.0,Eagles,rookie,0.0
LeSean McCoy,RB,Eagles,2009.0,4.0,3.477123,0.869281,1.727123,0.006999999999999999,2009.0,Eagles,rookie,0.0
Darren Sproles,RB,Eagles,2019.0,1.0,1.33,1.33,0.9,0.006999999999999999,2005.0,Chargers,veteran,14.0
Jeremy Hill,RB,Bengals,2014.0,4.0,3.753602,0.938401,1.64051,0.006999999999999999,2014.0,Bengals,rookie,0.0
Montee Ball,RB,Broncos,2013.0,4.0,3.464326,0.866082,1.629512,0.006999999999999999,2013.0,Broncos,rookie,0.0
James Cook,RB,Bills,2022.0,4.0,5.832064,1.458016,3.096594,0.006999999999999999,2022.0,Bills,rookie,0.0
Carlos Hyde,RB,49ers,2014.0,4.0,3.681678,0.92042,1.954933,0.006999999999999999,2014.0,49ers,rookie,0.0
Eddie Lacy,RB,Packers,2013.0,4.0,3.392412,0.848103,1.042208,0.006999999999999999,2013.0,Packers,rookie,0.0
Cedric Peerman,RB,Bengals,2017.0,1.0,1.15,1.15,0.1,0.006999999999999999,2009.0,Ravens,veteran,8.0
LaMichael James,RB,49ers,2012.0,4.0,3.318898,0.829725,1.04674,0.006999999999999999,2012.0,,rookie,0.0
Christine Michael,RB,DAL/SEA,2013.0,4.0,3.37443,0.843608,1.014132,0.006999999999999999,2013.0,Seahawks,rookie,0.0
Jeff Wilson,RB,Dolphins,2024.0,1.0,1.75,1.75,0.4,0.006999999999999999,2018.0,49ers,veteran,6.0
Maurice Jones-Drew,RB,Jaguars,2006.0,4.0,2.79,0.6975,1.175,0.006999999999999999,2006.0,Jaguars,rookie,0.0
Devonta Freeman,RB,Giants,2020.0,1.0,1.35,1.35,0.3,0.006999999999999999,2014.0,Falcons,veteran,6.0
Ray Rice,RB,Ravens,2008.0,4.0,3.159,0.78975,1.454,0.006999999999999999,2008.0,Ravens,rookie,0.0
Damien Williams,RB,Chiefs,2018.0,1.0,1.2,1.2,0.06,0.006999999999999999,2014.0,Dolphins,veteran,4.0
Steven Jackson,RB,Patriots,2015.0,1.0,0.97,0.97,0.0,0.006999999999999999,2004.0,Rams,veteran,11.0
Daniel Thomas,RB,Dolphins,2011.0,4.0,3.236387,0.809097,1.06174,0.006999999999999999,2011.0,Dolphins,rookie,0.0
Trey Sermon,RB,SF/PHI,2021.0,4.0,4.872934,1.218234,0.903952,0.006999999999999999,2021.0,49ers,rookie,0.0
A.J. Dillon,RB,Packers,2020.0,4.0,5.28583,1.321458,2.76024,0.006999999999999999,2020.0,Packers,rookie,0.0
Giovani Bernard,RB,Buccaneers,2021.0,1.0,1.2125,1.2125,0.85,0.006999999999999999,2013.0,Bengals,veteran,8.0
Rachaad White,RB,Commanders,2026.0,1.0,2.0,2.0,1.715,0.006999999999999999,2022.0,Buccaneers,veteran,4.0
Kene Nwangwu,RB,Jets,2026.0,1.0,2.0,2.0,1.0,0.006999999999999999,2021.0,Vikings,veteran,5.0
Tim Hightower,RB,49ers,2017.0,1.0,1.107,1.107,0.3,0.006999999999999999,2008.0,Cardinals,veteran,9.0
R.J. Harvey,RB,Broncos,2025.0,4.0,7.359674,1.839919,4.727294,0.006999999999999999,2025.0,Broncos,rookie,0.0
Orleans Darkwa,RB,Giants,2017.0,1.0,1.1,1.1,0.2,0.006999999999999999,2014.0,Dolphins,veteran,3.0
Kendall Hunter,RB,49ers,2014.0,1.0,0.87,0.87,0.1,0.006999999999999999,2011.0,,veteran,3.0
LeGarrette Blount,RB,Patriots,2014.0,2.0,1.73,0.865,0.0,0.006999999999999999,2010.0,Titans,veteran,4.0
Salvon Ahmed,RB,Dolphins,2023.0,1.0,1.45,1.45,0.3,0.006,2020.0,49ers,veteran,3.0
JaMycal Hasty,RB,Jaguars,2023.0,2.0,2.9,1.45,0.3,0.006,2020.0,49ers,veteran,3.0
Dare Ogunbowale,RB,Texans,2025.0,1.0,1.8,1.8,0.75,0.006,2017.0,Texans,veteran,8.0
Samaje Perine,RB,Bengals,2025.0,2.0,3.6,1.8,0.4,0.006,2017.0,Commanders,veteran,8.0
LeGarrette Blount,RB,Patriots,2016.0,1.0,1.0,1.0,0.1,0.006,2010.0,Titans,veteran,6.0
Theo Riddick,RB,Raiders,2021.0,1.0,1.175,1.175,0.05,0.006,2013.0,Lions,veteran,8.0
Ahmad Bradshaw,RB,Colts,2014.0,1.0,0.855,0.855,0.0,0.006,2007.0,Giants,veteran,7.0
Kenneth Gainwell,RB,Steelers,2025.0,1.0,1.79,1.79,0.62,0.006,2021.0,Eagles,veteran,4.0
Derrius Guice,RB,Commanders,2018.0,4.0,4.541936,1.135484,2.473224,0.006,2018.0,Commanders,rookie,0.0
J.K. Dobbins,RB,Chargers,2024.0,1.0,1.61,1.61,0.05,0.006,2020.0,Ravens,veteran,4.0
Shaun Alexander,RB,Commanders,2008.0,1.0,0.73,0.73,0.0,0.006,2000.0,Seahawks,veteran,8.0
Kendre Miller,RB,Saints,2023.0,4.0,5.654312,1.413578,1.112228,0.006,2023.0,Saints,rookie,0.0
Fred Jackson,RB,Seahawks,2015.0,1.0,0.9,0.9,0.0,0.006,2006.0,Bills,veteran,9.0
Khiry Robinson,RB,Jets,2016.0,2.0,1.95,0.975,0.0,0.006,2013.0,Saints,veteran,3.0
Travis Homer,RB,Bears,2025.0,1.0,1.75,1.75,1.0,0.006,2019.0,Seahawks,veteran,6.0
Jerome Ford,RB,Browns,2025.0,1.0,1.75,1.75,1.75,0.006,2022.0,Browns,veteran,3.0
Frank Gore,RB,Dolphins,2018.0,1.0,1.105,1.105,0.09,0.006,2005.0,,veteran,13.0
Matt Breida,RB,Giants,2023.0,1.0,1.4,1.4,0.5,0.006,2017.0,49ers,veteran,6.0
Antonio Gibson,RB,Commanders,2020.0,4.0,4.932638,1.23316,1.147372,0.006,2020.0,Commanders,rookie,0.0
Ronnie Hillman,RB,Broncos,2012.0,4.0,3.000832,0.750208,0.690832,0.006,2012.0,Broncos,rookie,0.0
Donald Brown,RB,Patriots,2016.0,1.0,0.965,0.965,0.3,0.006,2009.0,Colts,veteran,7.0
Ty Montgomery,RB,Saints,2021.0,1.0,1.1275,1.1275,0.1375,0.006,2015.0,Packers,veteran,6.0
Dwayne Washington,RB,Saints,2021.0,1.0,1.1275,1.1275,0.1375,0.006,2016.0,Lions,veteran,5.0
DeMarco Murray,RB,Cowboys,2011.0,4.0,2.97344,0.74336,0.6625,0.006,2011.0,Cowboys,rookie,0.0
Rachaad White,RB,Buccaneers,2022.0,4.0,5.13,1.2825,0.910908,0.006,2022.0,Buccaneers,rookie,0.0
Tyrion Davis-Price,RB,49ers,2022.0,4.0,5.108546,1.277137,0.895304,0.006,2022.0,49ers,rookie,0.0
Stevan Ridley,RB,Patriots,2011.0,4.0,2.9535,0.738375,0.0,0.006,2011.0,Patriots,rookie,0.0
Taiwan Jones,RB,Bills,2022.0,1.0,1.2725,1.2725,0.6525,0.006,2011.0,Raiders,veteran,11.0
Mike Davis,RB,Ravens,2022.0,1.0,1.2725,1.2725,0.1525,0.006,2015.0,49ers,veteran,7.0
Giovani Bernard,RB,Buccaneers,2022.0,1.0,1.2725,1.2725,0.895,0.006,2013.0,Bengals,veteran,9.0
Tyjae Spears,RB,Titans,2023.0,4.0,5.490602,1.372651,0.993164,0.006,2023.0,Titans,rookie,0.0
Zack Moss,RB,Bengals,2025.0,1.0,1.7,1.7,0.375,0.006,2020.0,Bills,veteran,5.0
Chris Johnson,RB,Cardinals,2015.0,1.0,0.87,0.87,0.4,0.006,2008.0,Titans,veteran,7.0
Ahmad Bradshaw,RB,Colts,2015.0,1.0,0.87,0.87,0.0,0.006,2007.0,Giants,veteran,8.0
Pierre Thomas,RB,49ers,2015.0,1.0,0.87,0.87,0.0,0.006,2007.0,Saints,veteran,8.0
Brian Robinson Jr.,RB,WAS/SF,2022.0,4.0,5.044904,1.261226,0.84902,0.006,2022.0,Commanders,rookie,0.0
Richie Brockel,RB,Panthers,2014.0,2.0,1.61,0.805,0.15,0.006,2010.0,Chargers,veteran,4.0
Devon Achane,RB,Dolphins,2023.0,4.0,5.43745,1.359363,0.954508,0.006,2023.0,Dolphins,rookie,0.0
Tevin Coleman,RB,Jets,2021.0,1.0,1.1,1.1,0.4,0.006,2015.0,Falcons,veteran,6.0
Isiah Pacheco,RB,Lions,2026.0,1.0,1.81,1.81,1.81,0.006,2022.0,Chiefs,veteran,4.0
Rashaad Penny,RB,Eagles,2023.0,1.0,1.35,1.35,0.6,0.006,2018.0,Seahawks,veteran,5.0
Kareem Hunt,RB,Browns,2023.0,1.0,1.35,1.35,0.5,0.006,2017.0,Chiefs,veteran,6.0
Tank Bigsby,RB,PHI/JAX,2023.0,4.0,5.392918,1.34823,0.92212,0.006,2023.0,Jaguars,rookie,0.0
Anthony Sherman,RB,Chiefs,2020.0,1.0,1.1875,1.1875,0.8875,0.006,2011.0,Cardinals,veteran,9.0
Shaun Draughn,RB,Giants,2017.0,1.0,1.0,1.0,0.1,0.006,2011.0,Commanders,veteran,6.0
Chris Johnson,RB,Cardinals,2017.0,1.0,1.0,1.0,0.0,0.006,2008.0,Titans,veteran,9.0
Frank Gore,RB,49ers,2005.0,3.0,1.5245,0.508167,0.5995,0.006,2005.0,,rookie,0.0
Ke'Shawn Vaughn,RB,Buccaneers,2020.0,4.0,4.70844,1.17711,1.018908,0.006,2020.0,Buccaneers,rookie,0.0
Trey Benson,RB,Cardinals,2024.0,4.0,6.059606,1.514902,1.226984,0.006,2024.0,Cardinals,rookie,0.0
Justin Forsett,RB,Texans,2012.0,1.0,0.715,0.715,0.0,0.006,2008.0,Seahawks,veteran,4.0
Benny Cunningham,RB,Bears,2018.0,1.0,1.05,1.05,0.15,0.006,2013.0,Rams,veteran,5.0
Alfred Morris,RB,Giants,2021.0,1.0,1.075,1.075,0.0,0.006,2012.0,Commanders,veteran,9.0
Latavius Murray,RB,Ravens,2021.0,1.0,1.075,1.075,0.0,0.006,2013.0,Raiders,veteran,8.0
Samaje Perine,RB,Chiefs,2024.0,1.0,1.5,1.5,0.29,0.006,2017.0,Commanders,veteran,7.0
Dare Ogunbowale,RB,Texans,2024.0,1.0,1.5,1.5,0.175,0.006,2017.0,Texans,veteran,7.0
Chase Edmonds,RB,Buccaneers,2024.0,1.0,1.5,1.5,1.0,0.006,2018.0,Cardinals,veteran,6.0
Michael Carter,RB,ARI/NYJ,2021.0,4.0,4.28736,1.07184,0.80736,0.006,2021.0,Jets,rookie,0.0
Darren McFadden,RB,Cowboys,2017.0,1.0,0.98,0.98,0.08,0.006,2008.0,Raiders,veteran,9.0
Jerick McKinnon,RB,Chiefs,2023.0,1.0,1.3175,1.3175,1.0925,0.006,2014.0,Vikings,veteran,9.0
Latavius Murray,RB,Bills,2023.0,1.0,1.3175,1.3175,0.8025,0.006,2013.0,Raiders,veteran,10.0
Lynn Bowden,RB,LV/MIA,2020.0,4.0,4.64622,1.161555,0.985028,0.006,2020.0,Raiders,rookie,0.0
Nyheim Miller-Hines,RB,Browns,2024.0,1.0,1.495,1.495,0.85,0.006,2018.0,Colts,veteran,6.0
Jerick McKinnon,RB,49ers,2020.0,1.0,1.16,1.16,0.0,0.006,2014.0,Vikings,veteran,6.0
Kareem Hunt,RB,Browns,2019.0,1.0,1.1,1.1,0.0,0.006,2017.0,Chiefs,veteran,2.0
D'Ernest Johnson,RB,Browns,2022.0,1.0,1.2165,1.2165,0.880625,0.006,2019.0,Browns,veteran,3.0
Charles Sims,RB,Buccaneers,2014.0,4.0,3.103092,0.775773,0.684092,0.006,2014.0,Buccaneers,rookie,0.0
Kene Nwangwu,RB,MIN/NO,2021.0,4.0,4.232796,1.058199,0.752796,0.006,2021.0,Vikings,rookie,0.0
Jonathan Grimes,RB,Texans,2016.0,1.0,0.9,0.9,0.2,0.006,2012.0,Texans,veteran,4.0
Rhamondre Stevenson,RB,Patriots,2021.0,4.0,4.22906,1.057265,0.74906,0.006,2021.0,Patriots,rookie,0.0
Matt Breida,RB,Bills,2021.0,1.0,1.055,1.055,0.14,0.006,2017.0,49ers,veteran,4.0
Alvin Kamara,RB,Saints,2017.0,4.0,3.857772,0.964443,0.972772,0.006,2017.0,Saints,rookie,0.0
Vladimir Ducasse,RB,Bears,2015.0,1.0,0.825,0.825,0.0,0.006,2010.0,Jets,veteran,5.0
Chuba Hubbard,RB,Panthers,2021.0,4.0,4.193172,1.04829,0.713172,0.006,2021.0,Panthers,rookie,0.0
Raheem Mostert,RB,Raiders,2025.0,1.0,1.6,1.6,0.175,0.006,2015.0,Eagles,veteran,10.0
Adrian Peterson,RB,Commanders,2018.0,1.0,1.015,1.015,0.0,0.006,2007.0,Vikings,veteran,11.0
Kaleb Johnson,RB,Steelers,2025.0,4.0,6.372062,1.593016,1.274228,0.006,2025.0,Steelers,rookie,0.0
Zack Moss,RB,BUF/IND,2020.0,4.0,4.522081,1.13052,0.91442,0.006,2020.0,Bills,rookie,0.0
Darrel Williams,RB,Cardinals,2022.0,1.0,1.1875,1.1875,1.0475,0.006,2018.0,Chiefs,veteran,4.0
Jerick McKinnon,RB,Chiefs,2022.0,1.0,1.1875,1.1875,0.0,0.006,2014.0,Vikings,veteran,8.0
Matt Breida,RB,Giants,2022.0,1.0,1.1875,1.1875,0.2775,0.006,2017.0,49ers,veteran,5.0
Ameer Abdullah,RB,Raiders,2022.0,1.0,1.1875,1.1875,0.1525,0.006,2015.0,Lions,veteran,7.0
Dontrell Hilliard,RB,Titans,2022.0,1.0,1.1875,1.1875,0.1525,0.006,2018.0,Browns,veteran,4.0
Justin Forsett,RB,DEN/DET,2016.0,1.0,0.885,0.885,0.0,0.006,2008.0,Seahawks,veteran,8.0
Elijhaa Penny,RB,Giants,2020.0,2.0,2.25,1.125,0.335,0.006,2016.0,Cardinals,veteran,4.0
Kaelon Black,RB,49ers,2026.0,4.0,6.829276,1.707319,1.426744,0.006,2026.0,49ers,rookie,0.0
Shane Vereen,RB,Saints,2018.0,1.0,1.0,1.0,0.0,0.006,2011.0,Patriots,veteran,7.0
Charles Sims,RB,Buccaneers,2018.0,1.0,1.0,1.0,0.2,0.006,2014.0,Buccaneers,veteran,4.0
Blake Corum,RB,Rams,2024.0,4.0,5.763762,1.440941,1.011828,0.006,2024.0,Rams,rookie,0.0
Chase Reynolds,RB,Rams,2016.0,1.0,0.875,0.875,0.2,0.006,2011.0,Seahawks,veteran,5.0
Tevin Coleman,RB,Falcons,2015.0,4.0,3.219372,0.804843,0.745244,0.006,2015.0,Falcons,rookie,0.0
Tre Mason,RB,Rams,2014.0,4.0,2.980938,0.745235,0.6375,0.006,2014.0,Rams,rookie,0.0
Darrynton Evans,RB,CHI/TEN,2020.0,4.0,4.437718,1.10943,0.877664,0.006,2020.0,Titans,rookie,0.0
Darrell Henderson,RB,JAX/LAR,2019.0,4.0,4.212005,1.053001,1.090656,0.006,2019.0,Rams,rookie,0.0
Knile Davis,RB,NYJ/KC/GB,2013.0,4.0,2.741016,0.685254,0.506016,0.006,2013.0,Chiefs,rookie,0.0
MarShawn Lloyd,RB,Packers,2024.0,4.0,5.688518,1.42213,0.957104,0.006,2024.0,Packers,rookie,0.0
Royce Freeman,RB,DEN/CAR/HOU,2018.0,4.0,3.94002,0.985005,0.99702,0.006,2018.0,Broncos,rookie,0.0
LeGarrette Blount,RB,Patriots,2013.0,1.0,0.68,0.68,0.0,0.006,2010.0,Titans,veteran,3.0
Bernard Pierce,RB,JAX/BAL,2012.0,4.0,2.655944,0.663986,0.555944,0.006,2012.0,Ravens,rookie,0.0
Michael Bush,RB,Cardinals,2014.0,1.0,0.73,0.73,0.0,0.005,2007.0,Raiders,veteran,7.0
Justin Forsett,RB,Ravens,2014.0,1.0,0.73,0.73,0.0,0.005,2008.0,Seahawks,veteran,6.0
Trayveon Williams,RB,Bengals,2023.0,1.0,1.2325,1.2325,0.0525,0.005,2019.0,Bengals,veteran,4.0
Ronald Jones II,RB,Cowboys,2023.0,1.0,1.2325,1.2325,0.3025,0.005,2018.0,Buccaneers,veteran,5.0
D'Ernest Johnson,RB,Jaguars,2023.0,1.0,1.2325,1.2325,0.25,0.005,2019.0,Browns,veteran,4.0
Chase Edmonds,RB,Buccaneers,2023.0,1.0,1.2325,1.2325,0.1525,0.005,2018.0,Cardinals,veteran,5.0
Jacquizz Rodgers,RB,Bears,2015.0,1.0,0.785,0.785,0.0,0.005,2011.0,Falcons,veteran,4.0
Marshawn Lynch,RB,Seahawks,2019.0,1.0,1.03,1.03,0.0,0.005,2007.0,Bills,veteran,12.0
Dwayne Washington,RB,Saints,2022.0,1.0,1.135,1.135,0.0,0.005,2016.0,Lions,veteran,6.0
Kenyan Drake,RB,ARI/MIA,2016.0,4.0,3.38126,0.845315,0.82126,0.005,2016.0,Dolphins,rookie,0.0
Jerick McKinnon,RB,Chiefs,2021.0,1.0,0.99,0.99,0.15,0.005,2014.0,Vikings,veteran,7.0
Wayne Gallman,RB,ATL/MIN,2021.0,1.0,0.99,0.99,0.0,0.005,2017.0,Giants,veteran,4.0
C.J. Prosise,RB,Buccaneers,2021.0,1.0,0.99,0.99,0.0,0.005,2016.0,Seahawks,veteran,5.0
Troymaine Pope,RB,Buccaneers,2021.0,1.0,0.99,0.99,0.0,0.005,2016.0,Seahawks,veteran,5.0
Alex Collins,RB,Seahawks,2021.0,1.0,0.99,0.99,0.0,0.005,2016.0,Seahawks,veteran,5.0
Corey Clement,RB,Cowboys,2021.0,1.0,0.99,0.99,0.0,0.005,2017.0,Eagles,veteran,4.0
Rod Smith,RB,Panthers,2021.0,1.0,0.99,0.99,0.0,0.005,2015.0,Seahawks,veteran,6.0
Doug Martin,RB,Raiders,2019.0,1.0,1.02,1.02,0.055,0.005,2012.0,Buccaneers,veteran,7.0
Bilal Powell,RB,Jets,2019.0,1.0,1.02,1.02,0.09,0.005,2011.0,Jets,veteran,8.0
Taiwan Jones,RB,Texans,2019.0,1.0,1.02,1.02,0.045,0.005,2011.0,Raiders,veteran,8.0
Anthony Sherman,RB,Chiefs,2019.0,1.0,1.02,1.02,0.735,0.005,2011.0,Cardinals,veteran,8.0
Andre Ellington,RB,ARI/HOU,2017.0,1.0,0.905,0.905,0.08,0.005,2013.0,Cardinals,veteran,4.0
Duke Johnson,RB,Browns,2015.0,4.0,3.105092,0.776273,0.710092,0.005,2015.0,Browns,rookie,0.0
Matt Asiata,RB,Vikings,2016.0,1.0,0.84,0.84,0.06,0.005,2011.0,Vikings,veteran,5.0
Bobby Rainey,RB,Giants,2016.0,1.0,0.84,0.84,0.04,0.005,2012.0,Ravens,veteran,4.0
Dameon Pierce,RB,Texans,2022.0,4.0,4.500432,1.125108,0.815432,0.005,2022.0,Texans,rookie,0.0
Shonn Greene,RB,Jets,2009.0,4.0,2.655,0.66375,0.905,0.005,2009.0,Jets,rookie,0.0
C.J. Spiller,RB,Chiefs,2017.0,1.0,0.9,0.9,0.0,0.005,2010.0,Bills,veteran,7.0
Kenjon Barner,RB,Buccaneers,2022.0,1.0,1.12,1.12,0.0,0.005,2013.0,Panthers,veteran,9.0
Kene Nwangwu,RB,Jets,2025.0,1.0,1.5,1.5,0.55,0.005,2021.0,Vikings,veteran,4.0
Kareem Hunt,RB,Chiefs,2025.0,1.0,1.5,1.5,0.85,0.005,2017.0,Chiefs,veteran,8.0
Lamar Miller,RB,Dolphins,2012.0,4.0,2.586,0.6465,0.486,0.005,2012.0,Dolphins,rookie,0.0
Alex Green,RB,NYJ/GB,2011.0,4.0,2.5775,0.644375,0.515,0.005,2011.0,Packers,rookie,0.0
David Montgomery,RB,Bears,2019.0,4.0,4.01538,1.003845,1.04618,0.005,2019.0,Bears,rookie,0.0
Isaiah Crowell,RB,Raiders,2019.0,1.0,1.0,1.0,0.3,0.005,2014.0,Browns,veteran,5.0
Chris Polk,RB,Texans,2015.0,1.0,0.76,0.76,0.0,0.005,2012.0,Eagles,veteran,3.0
Robert Turbin,RB,CLE/SEA,2012.0,4.0,2.556456,0.639114,0.456456,0.005,2012.0,Seahawks,rookie,0.0
Frank Gore,RB,Jets,2020.0,1.0,1.05,1.05,0.2,0.005,2005.0,,veteran,15.0
LeSean McCoy,RB,Buccaneers,2020.0,1.0,1.05,1.05,0.0,0.005,2009.0,Eagles,veteran,11.0
Adrian Peterson,RB,Lions,2020.0,1.0,1.05,1.05,0.0,0.005,2007.0,Vikings,veteran,13.0
Emanuel Wilson,RB,Seahawks,2026.0,1.0,1.595,1.595,0.55,0.005,2023.0,Broncos,veteran,3.0
Zamir White,RB,Raiders,2022.0,4.0,4.403924,1.100981,0.743924,0.005,2022.0,Raiders,rookie,0.0
Dwayne Washington,RB,Saints,2020.0,1.0,1.0475,1.0475,0.298088,0.005,2016.0,Lions,veteran,4.0
Devontae Booker,RB,Raiders,2020.0,1.0,1.0475,1.0475,0.05,0.005,2016.0,Broncos,veteran,4.0
Ameer Abdullah,RB,Vikings,2020.0,1.0,1.0475,1.0475,0.1375,0.005,2015.0,Lions,veteran,5.0
Tyler Ervin,RB,Packers,2020.0,1.0,1.0475,1.0475,0.1375,0.005,2016.0,Texans,veteran,4.0
Ty Montgomery,RB,Saints,2020.0,1.0,1.0475,1.0475,0.1375,0.005,2015.0,Packers,veteran,5.0
Isaiah Spiller,RB,Chargers,2022.0,4.0,4.396952,1.099238,0.736952,0.005,2022.0,Chargers,rookie,0.0
Evan Rodriguez,RB,CHI/MIA,2012.0,4.0,2.5452,0.6363,0.4452,0.005,2012.0,Bears,rookie,0.0
Pierre Strong Jr.,RB,NE/CLE,2022.0,4.0,4.373428,1.093357,0.713428,0.005,2022.0,Patriots,rookie,0.0
Ryan Williams,RB,Cowboys,2015.0,2.0,1.5,0.75,0.24,0.005,2011.0,Cardinals,veteran,4.0
Terrance West,RB,CLE/TEN,2014.0,4.0,2.7834,0.69585,0.5274,0.005,2014.0,Browns,rookie,0.0
Kenneth Gainwell,RB,Eagles,2021.0,4.0,3.815524,0.953881,0.335524,0.005,2021.0,Eagles,rookie,0.0
Hassan Haskins,RB,LAC/TEN,2022.0,4.0,4.352208,1.088052,0.692208,0.005,2022.0,Titans,rookie,0.0
David Johnson,RB,Cardinals,2015.0,4.0,2.992872,0.748218,0.639372,0.005,2015.0,Cardinals,rookie,0.0
Johnathan Franklin,RB,Packers,2013.0,4.0,2.565468,0.641367,0.405468,0.005,2013.0,Packers,rookie,0.0
Roy Helu,RB,Commanders,2011.0,4.0,2.510252,0.627563,0.470252,0.005,2011.0,Commanders,rookie,0.0
Jeff Wilson,RB,MIA/SF,2022.0,1.0,1.085,1.085,0.53,0.005,2018.0,49ers,veteran,4.0
Jordan Todman,RB,Steelers,2015.0,1.0,0.745,0.745,0.0,0.005,2011.0,Chargers,veteran,4.0
Daniel Thomas,RB,Bears,2015.0,1.0,0.745,0.745,0.0,0.005,2011.0,Dolphins,veteran,4.0
Jerick McKinnon,RB,Vikings,2014.0,4.0,2.765,0.69125,0.515,0.005,2014.0,Vikings,rookie,0.0
Darren Sproles,RB,Chargers,2005.0,4.0,1.777,0.44425,0.392,0.005,2005.0,Chargers,rookie,0.0
Devin Singletary,RB,Bills,2019.0,4.0,3.898,0.9745,1.035824,0.005,2019.0,Bills,rookie,0.0
Dri Archer,RB,Steelers,2014.0,4.0,2.748016,0.687004,0.506016,0.005,2014.0,Steelers,rookie,0.0
Jamaal Charles,RB,Jaguars,2018.0,1.0,0.915,0.915,0.0,0.005,2008.0,Chiefs,veteran,10.0
Kendall Hunter,RB,49ers,2011.0,4.0,2.47922,0.619805,0.48802,0.005,2011.0,,rookie,0.0
Ty Montgomery,RB,BAL/GB,2015.0,4.0,2.948794,0.737199,0.606544,0.005,2015.0,Packers,rookie,0.0
Joshua Kelley,RB,Chargers,2020.0,4.0,4.075344,1.018836,0.780344,0.005,2020.0,Chargers,rookie,0.0
Roschon Johnson,RB,Bears,2023.0,4.0,4.608688,1.152172,0.768688,0.005,2023.0,Bears,rookie,0.0
Joique Bell,RB,Lions,2013.0,1.0,0.63,0.63,0.0,0.005,2010.0,Bills,veteran,3.0
Rashad Jennings,RB,Raiders,2013.0,1.0,0.63,0.63,0.0,0.005,2009.0,Jaguars,veteran,4.0
Delone Carter,RB,IND/BAL,2011.0,4.0,2.465204,0.616301,0.425203,0.005,2011.0,Colts,rookie,0.0
Benny Cunningham,RB,Bears,2017.0,1.0,0.855,0.855,0.08,0.005,2013.0,Rams,veteran,4.0
Matt Jones,RB,IND/WAS,2015.0,4.0,2.921416,0.730354,0.599416,0.005,2015.0,Commanders,rookie,0.0
La'Mical Perine,RB,Jets,2020.0,4.0,4.040344,1.010086,0.745344,0.005,2020.0,Jets,rookie,0.0
Avery Williams,RB,Falcons,2021.0,4.0,3.720152,0.930038,0.240152,0.005,2021.0,Falcons,rookie,0.0
Owen Marecic,RB,Browns,2011.0,4.0,2.448,0.612,0.408,0.005,2011.0,Browns,rookie,0.0
Devonta Freeman,RB,Falcons,2014.0,4.0,2.704424,0.676106,0.484424,0.005,2014.0,Falcons,rookie,0.0
Chris Ivory,RB,Saints,2012.0,1.0,0.6129,0.6129,0.0729,0.005,2010.0,Saints,veteran,2.0
C.J. Spiller,RB,Chiefs,2018.0,1.0,0.9,0.9,0.0,0.005,2010.0,Bills,veteran,8.0
Taiwan Jones,RB,Raiders,2011.0,3.0,2.445,0.61125,0.405,0.005,2011.0,Raiders,rookie,0.0
Bilal Powell,RB,Jets,2011.0,4.0,2.4405,0.610125,0.4005,0.005,2011.0,Jets,rookie,0.0
"Anthony McFarland, Jr.",RB,Steelers,2020.0,4.0,4.017432,1.004358,0.722432,0.005,2020.0,Steelers,rookie,0.0
Jonathan Williams,RB,Commanders,2022.0,1.0,1.055,1.055,0.02,0.005,2016.0,Bills,veteran,6.0
Rashaad Penny,RB,Panthers,2024.0,1.0,1.2925,1.2925,0.0,0.005,2018.0,Seahawks,veteran,6.0
Ty Johnson,RB,Bills,2024.0,1.0,1.2925,1.2925,0.6675,0.005,2019.0,Lions,veteran,5.0
Le'Veon Bell,RB,Chiefs,2020.0,1.0,1.0,1.0,0.0,0.005,2013.0,Steelers,veteran,7.0
Jamie Harper,RB,Titans,2011.0,4.0,2.42858,0.607145,0.38858,0.005,2011.0,Titans,rookie,0.0
Paul Perkins,RB,Colts,2021.0,1.0,0.92,0.92,0.0,0.005,2016.0,Giants,veteran,5.0
Boston Scott,RB,Eagles,2021.0,1.0,0.92,0.92,0.0,0.005,2018.0,Saints,veteran,3.0
Kalen Ballage,RB,Steelers,2021.0,1.0,0.92,0.92,0.0,0.005,2018.0,Dolphins,veteran,3.0
Trenton Cannon,RB,49ers,2021.0,1.0,0.92,0.92,0.0,0.005,2018.0,Jets,veteran,3.0
Jamaal Charles,RB,Chiefs,2008.0,3.0,1.75,0.583333,0.6,0.005,2008.0,Chiefs,rookie,0.0
Andre Williams,RB,NYG/LAC,2014.0,4.0,2.6736,0.6684,0.4536,0.005,2014.0,Giants,rookie,0.0
Elijah Mitchell,RB,49ers,2021.0,4.0,3.663572,0.915893,0.183572,0.005,2021.0,49ers,rookie,0.0
Gary Brightwell,RB,Giants,2021.0,4.0,3.658872,0.914718,0.178872,0.005,2021.0,Giants,rookie,0.0
C.J. Prosise,RB,Seahawks,2016.0,4.0,3.112464,0.778116,0.692464,0.005,2016.0,Seahawks,rookie,0.0
Larry Rountree III,RB,Chargers,2021.0,4.0,3.655764,0.913941,0.175764,0.005,2021.0,Chargers,rookie,0.0
Ka'Deem Carey,RB,Bears,2014.0,4.0,2.66338,0.665845,0.44338,0.005,2014.0,Bears,rookie,0.0
Chris Evans,RB,Bengals,2021.0,4.0,3.652888,0.913222,0.172888,0.005,2021.0,Bengals,rookie,0.0
Marcus Lattimore,RB,49ers,2013.0,4.0,2.460584,0.615146,0.300584,0.005,2013.0,,rookie,0.0
D'Ernest Johnson,RB,Jaguars,2024.0,1.0,1.275,1.275,0.225,0.005,2019.0,Browns,veteran,5.0
Demetric Felton,RB,Browns,2021.0,4.0,3.641144,0.910286,0.161144,0.005,2021.0,Browns,rookie,0.0
Josh Adams,RB,Saints,2022.0,1.0,1.035,1.035,0.0,0.005,2018.0,Eagles,veteran,4.0
Kenyan Drake,RB,Ravens,2022.0,1.0,1.035,1.035,0.0,0.005,2016.0,Dolphins,veteran,6.0
Jaylen Samuels,RB,Cardinals,2022.0,1.0,1.035,1.035,0.0,0.005,2018.0,Steelers,veteran,4.0
Jeremy McNichols,RB,Steelers,2022.0,1.0,1.035,1.035,0.0,0.005,2017.0,Buccaneers,veteran,5.0
Sony Michel,RB,Chargers,2022.0,1.0,1.035,1.035,0.0,0.005,2018.0,Patriots,veteran,4.0
Alfred Blue,RB,Texans,2018.0,1.0,0.88,0.88,0.09,0.005,2014.0,Texans,veteran,4.0
Taiwan Jones,RB,Bills,2018.0,1.0,0.88,0.88,0.045,0.005,2011.0,Raiders,veteran,7.0
Michael Bush,RB,Raiders,2007.0,4.0,2.1649,0.541225,0.4999,0.005,2007.0,Raiders,rookie,0.0
Khalil Herbert,RB,CIN/CHI,2021.0,4.0,3.610704,0.902676,0.130704,0.005,2021.0,Bears,rookie,0.0
Alfred Morris,RB,Cardinals,2019.0,1.0,0.93,0.93,0.0,0.005,2012.0,Commanders,veteran,7.0
Jacquizz Rodgers,RB,Saints,2019.0,1.0,0.93,0.93,0.0,0.005,2011.0,Falcons,veteran,8.0
Jeremy McNichols,RB,Commanders,2026.0,1.0,1.4875,1.4875,0.5625,0.005,2017.0,Buccaneers,veteran,9.0
Jeremy Langford,RB,Bears,2015.0,4.0,2.823624,0.705906,0.543624,0.005,2015.0,Bears,rookie,0.0
James White,RB,Patriots,2014.0,4.0,2.617088,0.654272,0.397088,0.005,2014.0,Patriots,rookie,0.0
Kareem Hunt,RB,Chiefs,2017.0,4.0,3.285722,0.821431,0.775952,0.005,2017.0,Chiefs,rookie,0.0
Jake Funk,RB,Rams,2021.0,4.0,3.588228,0.897057,0.108228,0.005,2021.0,Rams,rookie,0.0
Rico Dowdle,RB,Cowboys,2024.0,1.0,1.255,1.255,0.2,0.005,2020.0,Cowboys,veteran,4.0
Ito Smith,RB,Cowboys,2022.0,2.0,2.045,1.0225,0.0,0.005,2018.0,Falcons,veteran,4.0
C.J. Spiller,RB,Jets,2016.0,1.0,0.76,0.76,0.0,0.005,2010.0,Bills,veteran,6.0
Stevan Ridley,RB,Falcons,2016.0,1.0,0.76,0.76,0.0,0.005,2011.0,Patriots,veteran,5.0
Dexter McCluster,RB,Chargers,2016.0,1.0,0.76,0.76,0.0,0.005,2010.0,Chiefs,veteran,6.0
Dan Herron,RB,Bills,2016.0,1.0,0.76,0.76,0.0,0.005,2012.0,Bengals,veteran,4.0
Robert Turbin,RB,Colts,2016.0,1.0,0.76,0.76,0.0,0.005,2012.0,Seahawks,veteran,4.0
Jacquizz Rodgers,RB,Buccaneers,2016.0,1.0,0.76,0.76,0.0,0.005,2011.0,Falcons,veteran,5.0
Jordan Todman,RB,Colts,2016.0,1.0,0.76,0.76,0.08,0.005,2011.0,Chargers,veteran,5.0
Daniel Thomas,RB,Dolphins,2016.0,1.0,0.76,0.76,0.0,0.005,2011.0,Dolphins,veteran,5.0
Ronnie Hillman,RB,LAC/MIN,2016.0,1.0,0.76,0.76,0.0,0.005,2012.0,Broncos,veteran,4.0
Bernard Pierce,RB,Jets,2016.0,1.0,0.76,0.76,0.0,0.005,2012.0,Ravens,veteran,4.0
Joique Bell,RB,Bears,2016.0,1.0,0.76,0.76,0.0,0.005,2010.0,Bills,veteran,6.0
Antone Smith,RB,Buccaneers,2016.0,1.0,0.76,0.76,0.0,0.005,2009.0,Lions,veteran,7.0
D'Onta Foreman,RB,HOU/IND,2017.0,4.0,3.259984,0.814996,0.759484,0.005,2017.0,Texans,rookie,0.0
Delone Carter,RB,Jaguars,2013.0,2.0,1.2,0.6,0.0,0.005,2011.0,Colts,veteran,2.0
Kylin Hill,RB,Packers,2021.0,4.0,3.559064,0.889766,0.079064,0.005,2021.0,Packers,rookie,0.0
Jermar Jefferson,RB,Lions,2021.0,4.0,3.558324,0.889581,0.078324,0.005,2021.0,Lions,rookie,0.0
Andre Brown,RB,Texans,2014.0,1.0,0.645,0.645,0.0,0.005,2009.0,Giants,veteran,5.0
Jordan Todman,RB,Jaguars,2014.0,1.0,0.645,0.645,0.0,0.005,2011.0,Chargers,veteran,3.0
Daniel Thomas,RB,Dolphins,2014.0,1.0,0.645,0.645,0.0,0.005,2011.0,Dolphins,veteran,3.0
Damien Harris,RB,Patriots,2019.0,4.0,3.631136,0.907784,0.886136,0.005,2019.0,Patriots,rookie,0.0
Buck Allen,RB,Ravens,2015.0,4.0,2.754472,0.688618,0.474472,0.005,2015.0,Ravens,rookie,0.0
Craig Reynolds,RB,Lions,2023.0,1.0,1.08,1.08,0.0,0.005,2019.0,Commanders,veteran,4.0
Marlon Mack,RB,Cardinals,2023.0,1.0,1.08,1.08,0.0,0.005,2017.0,Colts,veteran,6.0
Benjamin Snell Jr.,RB,Lions,2023.0,1.0,1.08,1.08,0.0,0.005,2019.0,Steelers,veteran,4.0
Sony Michel,RB,Rams,2023.0,1.0,1.08,1.08,0.0,0.005,2018.0,Patriots,veteran,5.0
Darrel Williams,RB,Saints,2023.0,1.0,1.08,1.08,0.0,0.005,2018.0,Chiefs,veteran,5.0
Justin Jackson,RB,Lions,2023.0,1.0,1.08,1.08,0.0,0.005,2018.0,Chargers,veteran,5.0
Stepfan Taylor,RB,Cardinals,2013.0,4.0,2.3605,0.590125,0.2005,0.005,2013.0,Cardinals,rookie,0.0
Mike Gillislee,RB,Saints,2018.0,1.0,0.85,0.85,0.0,0.005,2013.0,Dolphins,veteran,5.0
Brandon Bolden,RB,Dolphins,2018.0,1.0,0.85,0.85,0.0,0.005,2012.0,Patriots,veteran,6.0
Mike Davis,RB,SEA/SF,2015.0,4.0,2.74878,0.687195,0.46878,0.005,2015.0,49ers,rookie,0.0
Tyler Allgeier,RB,Falcons,2022.0,4.0,3.993888,0.998472,0.333888,0.005,2022.0,Falcons,rookie,0.0
Miles Sanders,RB,Cowboys,2025.0,1.0,1.3375,1.3375,1.1975,0.005,2019.0,Eagles,veteran,6.0
Jeremy McNichols,RB,Commanders,2025.0,1.0,1.3375,1.3375,0.4925,0.005,2017.0,Buccaneers,veteran,8.0
Alexander Mattison,RB,Dolphins,2025.0,1.0,1.3375,1.3375,1.1975,0.005,2019.0,Vikings,veteran,6.0
A.J. Dillon,RB,Eagles,2025.0,1.0,1.3375,1.3375,0.1675,0.005,2020.0,Packers,veteran,5.0
Branden Oliver,RB,Chargers,2017.0,1.0,0.8,0.8,0.05,0.005,2014.0,Chargers,veteran,3.0
Snoop Conner,RB,Jaguars,2022.0,4.0,3.986268,0.996567,0.326268,0.005,2022.0,Jaguars,rookie,0.0
Jerome Ford,RB,Browns,2022.0,4.0,3.982148,0.995537,0.322148,0.005,2022.0,Browns,rookie,0.0
DeeJay Dallas,RB,Seahawks,2020.0,4.0,3.7894,0.94735,0.4944,0.005,2020.0,Seahawks,rookie,0.0
Joseph Randle,RB,Cowboys,2013.0,4.0,2.34888,0.58722,0.18888,0.005,2013.0,Cowboys,rookie,0.0
Kyren Williams,RB,Rams,2022.0,4.0,3.970408,0.992602,0.310408,0.005,2022.0,Rams,rookie,0.0
Chris Thompson,RB,Commanders,2013.0,4.0,2.345,0.58625,0.185,0.005,2013.0,Commanders,rookie,0.0
Bhayshul Tuten,RB,Jaguars,2025.0,4.0,5.31625,1.329063,1.07652,0.005,2025.0,Jaguars,rookie,0.0
Corey Grant,RB,Packers,2019.0,1.0,0.895,0.895,0.06,0.005,2015.0,Jaguars,veteran,4.0
Alfred Blue,RB,Jaguars,2019.0,1.0,0.895,0.895,0.25,0.005,2014.0,Texans,veteran,5.0
Benny Cunningham,RB,Jaguars,2019.0,1.0,0.895,0.895,0.05,0.005,2013.0,Rams,veteran,6.0
Kenjon Barner,RB,Falcons,2019.0,1.0,0.895,0.895,0.04,0.005,2013.0,Panthers,veteran,6.0
Cameron Artis-Payne,RB,Panthers,2019.0,1.0,0.895,0.895,0.09,0.005,2015.0,Panthers,veteran,4.0
Ty Montgomery,RB,Jets,2019.0,1.0,0.895,0.895,0.09,0.005,2015.0,Packers,veteran,4.0
Ty Chandler,RB,Vikings,2022.0,4.0,3.958844,0.989711,0.298844,0.005,2022.0,Vikings,rookie,0.0
James Conner,RB,Steelers,2017.0,4.0,3.175288,0.793822,0.706288,0.005,2017.0,Steelers,rookie,0.0
Zac Stacy,RB,LAR/NYJ,2013.0,4.0,2.3365,0.584125,0.1765,0.005,2013.0,Rams,rookie,0.0
Jaleel McLaughlin,RB,Broncos,2026.0,1.0,1.43,1.43,0.125,0.005,2023.0,Broncos,veteran,3.0
LaMichael James,RB,Dolphins,2015.0,1.0,0.68,0.68,0.0,0.005,2012.0,,veteran,3.0
Lorenzo Taliaferro,RB,Ravens,2014.0,4.0,2.520584,0.630146,0.300584,0.005,2014.0,Ravens,rookie,0.0
Matt Breida,RB,49ers,2024.0,1.0,1.21,1.21,0.0,0.005,2017.0,49ers,veteran,7.0
Bradie Ewing,RB,Falcons,2012.0,4.0,2.284192,0.571048,0.184192,0.005,2012.0,Falcons,rookie,0.0
Chris Rainey,RB,Steelers,2012.0,4.0,2.281652,0.570413,0.181652,0.005,2012.0,Steelers,rookie,0.0
Cam Skattebo,RB,Giants,2025.0,4.0,5.27304,1.31826,1.07304,0.005,2025.0,Giants,rookie,0.0
Mike Gillislee,RB,Dolphins,2013.0,4.0,2.3228,0.5807,0.1628,0.005,2013.0,Dolphins,rookie,0.0
Johnny White,RB,Bills,2011.0,4.0,2.253612,0.563403,0.213611,0.005,2011.0,Bills,rookie,0.0
Jaylen Wright,RB,Dolphins,2024.0,4.0,4.78002,1.195005,0.76002,0.005,2024.0,Dolphins,rookie,0.0
Taquan Mizzell,RB,Giants,2021.0,1.0,0.8535,0.8535,0.0035,0.005,2017.0,Ravens,veteran,4.0
Christine Michael,RB,GB/SEA,2016.0,1.0,0.725,0.725,0.025,0.005,2013.0,Seahawks,veteran,3.0
Trevor Etienne,RB,Panthers,2025.0,4.0,5.208744,1.302186,1.008744,0.005,2025.0,Panthers,rookie,0.0
Jonah Coleman,RB,Broncos,2026.0,4.0,5.614424,1.403606,1.234424,0.005,2026.0,Broncos,rookie,0.0
Woody Marks,RB,Texans,2025.0,4.0,5.203768,1.300942,1.003768,0.005,2025.0,Texans,rookie,0.0
Bo Scarbrough,RB,Raiders,2021.0,1.0,0.85,0.85,0.0,0.005,2018.0,Cowboys,veteran,3.0
Dare Ogunbowale,RB,Jaguars,2021.0,1.0,0.85,0.85,0.0,0.005,2017.0,Texans,veteran,4.0
Jerome Ford,RB,Commanders,2026.0,1.0,1.4025,1.4025,0.4375,0.005,2022.0,Browns,veteran,4.0
A.J. Dillon,RB,Panthers,2026.0,1.0,1.4025,1.4025,0.1,0.005,2020.0,Packers,veteran,6.0
Julius Chestnut,RB,Titans,2026.0,1.0,1.4025,1.4025,0.1025,0.005,2022.0,Titans,veteran,4.0
Jarquez Hunter,RB,Rams,2025.0,4.0,5.19878,1.299695,0.998784,0.005,2025.0,Rams,rookie,0.0
Vick Ballard,RB,Colts,2012.0,4.0,2.24456,0.56114,0.14456,0.005,2012.0,Colts,rookie,0.0
Bucky Irving,RB,Buccaneers,2024.0,4.0,4.751552,1.187888,0.731552,0.005,2024.0,Buccaneers,rookie,0.0
Tyler Ervin,RB,Texans,2016.0,4.0,2.887568,0.721892,0.547568,0.005,2016.0,Texans,rookie,0.0
Israel Abanikanda,RB,GB/NYJ/SF,2023.0,4.0,4.17638,1.044095,0.33638,0.005,2023.0,Jets,rookie,0.0
Knile Davis,RB,Steelers,2017.0,1.0,0.775,0.775,0.0,0.005,2013.0,Chiefs,veteran,4.0
Ronnie Hillman,RB,Cowboys,2017.0,1.0,0.775,0.775,0.0,0.005,2012.0,Broncos,veteran,5.0
Bobby Rainey,RB,Ravens,2017.0,1.0,0.775,0.775,0.0,0.005,2012.0,Ravens,veteran,5.0
Matt Asiata,RB,Lions,2017.0,1.0,0.775,0.775,0.0,0.005,2011.0,Vikings,veteran,6.0
Jonathan Grimes,RB,Jaguars,2017.0,1.0,0.775,0.775,0.0,0.005,2012.0,Texans,veteran,5.0
Travaris Cadet,RB,Bills,2017.0,1.0,0.775,0.775,0.0,0.005,2012.0,Saints,veteran,5.0
Taiwan Jones,RB,Bills,2017.0,1.0,0.775,0.775,0.0,0.005,2011.0,Raiders,veteran,6.0
Bernard Pierce,RB,Broncos,2017.0,1.0,0.775,0.775,0.0,0.005,2012.0,Ravens,veteran,5.0
Christine Michael,RB,Colts,2017.0,1.0,0.775,0.775,0.0,0.005,2013.0,Seahawks,veteran,4.0
Brandon Bolden,RB,Patriots,2017.0,1.0,0.775,0.775,0.0,0.005,2012.0,Patriots,veteran,5.0
Jordan Todman,RB,Texans,2017.0,1.0,0.775,0.775,0.0,0.005,2011.0,Chargers,veteran,6.0
Stevan Ridley,RB,Steelers,2017.0,1.0,0.775,0.775,0.0,0.005,2011.0,Patriots,veteran,6.0
Mike James,RB,Lions,2017.0,1.0,0.775,0.775,0.0,0.005,2013.0,Buccaneers,veteran,4.0
DuJuan Harris,RB,49ers,2017.0,1.0,0.775,0.775,0.0,0.005,2011.0,Jaguars,veteran,6.0
Will Shipley,RB,Eagles,2024.0,4.0,4.736964,1.184241,0.716964,0.005,2024.0,Eagles,rookie,0.0
Trayveon Williams,RB,Bengals,2022.0,1.0,0.965,0.965,0.0,0.005,2019.0,Bengals,veteran,3.0
Ryan Nall,RB,Cowboys,2022.0,1.0,0.965,0.965,0.0,0.005,2018.0,Bears,veteran,4.0
Jacquizz Rodgers,RB,Falcons,2011.0,4.0,2.231,0.55775,0.191,0.005,2011.0,Falcons,rookie,0.0
Ray Davis,RB,Bills,2024.0,4.0,4.733188,1.183297,0.713188,0.005,2024.0,Bills,rookie,0.0
Dion Lewis,RB,CLE/PHI,2011.0,4.0,2.22888,0.55722,0.18888,0.005,2011.0,Eagles,rookie,0.0
Cyrus Gray,RB,Chiefs,2012.0,4.0,2.232672,0.558168,0.107672,0.005,2012.0,Chiefs,rookie,0.0
Rico Dowdle,RB,Cowboys,2023.0,1.0,1.04,1.04,0.1,0.005,2020.0,Cowboys,veteran,3.0
Isaac Guerendo,RB,49ers,2024.0,4.0,4.724528,1.181132,0.704525,0.005,2024.0,49ers,rookie,0.0
Jeremy Stewart,RB,Broncos,2014.0,2.0,1.23,0.615,0.0,0.005,2012.0,Eagles,veteran,2.0
Anthony Allen,RB,Bills,2014.0,2.0,1.23,0.615,0.0,0.005,2011.0,Ravens,veteran,3.0
Dion Lewis,RB,Colts,2014.0,2.0,1.23,0.615,0.0,0.005,2011.0,Eagles,veteran,3.0
Alexander Mattison,RB,Vikings,2019.0,4.0,3.47118,0.867795,0.822172,0.005,2019.0,Vikings,rookie,0.0
Alfred Morris,RB,Commanders,2012.0,4.0,2.2231,0.555775,0.1231,0.005,2012.0,Commanders,rookie,0.0
Kendall Hunter,RB,Saints,2015.0,1.0,0.66,0.66,0.0,0.005,2011.0,,veteran,4.0
Evan Royster,RB,Falcons,2015.0,1.0,0.66,0.66,0.0,0.005,2011.0,Commanders,veteran,4.0
Dan Herron,RB,Colts,2015.0,1.0,0.66,0.66,0.0,0.005,2012.0,Bengals,veteran,3.0
Bryce Brown,RB,Seahawks,2015.0,1.0,0.66,0.66,0.0,0.005,2012.0,Eagles,veteran,3.0
Robert Turbin,RB,Cowboys,2015.0,1.0,0.66,0.66,0.0,0.005,2012.0,Seahawks,veteran,3.0
Kenjon Barner,RB,CAR/PHI,2013.0,4.0,2.2658,0.56645,0.1058,0.005,2013.0,Panthers,rookie,0.0
Andre Ellington,RB,Cardinals,2013.0,4.0,2.263864,0.565966,0.103864,0.005,2013.0,Cardinals,rookie,0.0
Cam Akers,RB,MIN/HOU,2024.0,1.0,1.175,1.175,0.0,0.005,2020.0,Rams,veteran,4.0
Mike James,RB,Buccaneers,2013.0,4.0,2.263152,0.565788,0.103152,0.005,2013.0,Buccaneers,rookie,0.0
Keaontay Ingram,RB,Cardinals,2022.0,4.0,3.830588,0.957647,0.170588,0.005,2022.0,Cardinals,rookie,0.0
Rex Burkhead,RB,Bengals,2013.0,4.0,2.2622,0.56555,0.1022,0.005,2013.0,Bengals,rookie,0.0
Trestan Ebner,RB,Bears,2022.0,4.0,3.825936,0.956484,0.165936,0.005,2022.0,Bears,rookie,0.0
Dylan Sampson,RB,Browns,2025.0,4.0,5.130564,1.282641,0.930564,0.005,2025.0,Browns,rookie,0.0
Jeremy Hill,RB,Raiders,2020.0,1.0,0.91,0.91,0.0,0.005,2014.0,Bengals,veteran,6.0
Senorise Perry,RB,Titans,2020.0,1.0,0.91,0.91,0.0,0.005,2014.0,Bears,veteran,6.0
Jeremy Cox,RB,Broncos,2021.0,2.0,1.675,0.8375,0.0,0.005,2019.0,Chargers,veteran,2.0
Chase Brown,RB,Bengals,2023.0,4.0,4.126156,1.031539,0.286156,0.005,2023.0,Bengals,rookie,0.0
Spencer Ware,RB,Seahawks,2013.0,4.0,2.257432,0.564358,0.097432,0.005,2013.0,Seahawks,rookie,0.0
Samaje Perine,RB,WAS/CIN,2017.0,4.0,3.059788,0.764947,0.659788,0.005,2017.0,Commanders,rookie,0.0
Theo Riddick,RB,Lions,2013.0,4.0,2.251,0.56275,0.091,0.005,2013.0,Lions,rookie,0.0
Mike Washington Jr.,RB,Raiders,2026.0,4.0,5.496156,1.374039,1.116156,0.005,2026.0,Raiders,rookie,0.0
Eric Gray,RB,Giants,2023.0,4.0,4.08498,1.021245,0.24498,0.005,2023.0,Giants,rookie,0.0
Evan Hull,RB,Colts,2023.0,4.0,4.08498,1.021245,0.24498,0.005,2023.0,Colts,rookie,0.0
Tarik Cohen,RB,Bears,2017.0,4.0,3.033156,0.758289,0.633156,0.005,2017.0,Bears,rookie,0.0
Joe Williams,RB,49ers,2017.0,4.0,3.029384,0.757346,0.629384,0.005,2017.0,,rookie,0.0
Jason Huntley,RB,DET/PHI,2020.0,4.0,3.585312,0.896328,0.290312,0.005,2020.0,Lions,rookie,0.0
Terrance Ganaway,RB,NYJ/LAR,2012.0,4.0,2.17868,0.54467,0.07868,0.005,2012.0,Jets,rookie,0.0
Owen Marecic,RB,49ers,2013.0,1.0,0.555,0.555,0.0,0.005,2011.0,Browns,veteran,2.0
Anthony Allen,RB,Ravens,2013.0,1.0,0.555,0.555,0.0,0.005,2011.0,Ravens,veteran,2.0
Da'Rel Scott,RB,Giants,2013.0,1.0,0.555,0.555,0.0,0.005,2011.0,Giants,veteran,2.0
Mike Boone,RB,Dolphins,2025.0,1.0,1.255,1.255,0.0,0.004,2018.0,Vikings,veteran,7.0
Jaret Patterson,RB,Commanders,2021.0,3.0,2.46,0.82,0.115,0.004,2021.0,Commanders,rookie,0.0
Nyheim Miller-Hines,RB,Colts,2018.0,4.0,3.184548,0.796137,0.724548,0.004,2018.0,Colts,rookie,0.0
Brittain Brown,RB,Raiders,2022.0,4.0,3.739856,0.934964,0.079856,0.004,2022.0,Raiders,rookie,0.0
Isiah Pacheco,RB,Chiefs,2022.0,4.0,3.739108,0.934777,0.079108,0.004,2022.0,Chiefs,rookie,0.0
Michael Smith,RB,Buccaneers,2012.0,4.0,2.165148,0.541287,0.065148,0.004,2012.0,Buccaneers,rookie,0.0
Zander Horvath,RB,Chargers,2022.0,4.0,3.737012,0.934253,0.077012,0.004,2022.0,Chargers,rookie,0.0
Michael Cox,RB,Giants,2013.0,4.0,2.205896,0.551474,0.045896,0.004,2013.0,Giants,rookie,0.0
LeGarrette Blount,RB,Buccaneers,2012.0,1.0,0.54,0.54,0.0,0.004,2010.0,Titans,veteran,2.0
Chris Rodriguez Jr.,RB,Commanders,2023.0,4.0,4.017692,1.004423,0.177692,0.004,2023.0,Commanders,rookie,0.0
Bryce Brown,RB,Eagles,2012.0,4.0,2.15088,0.53772,0.05088,0.004,2012.0,Eagles,rookie,0.0
Travaris Cadet,RB,Panthers,2018.0,1.0,0.79,0.79,0.0,0.004,2012.0,Saints,veteran,6.0
Charcandrick West,RB,Chiefs,2018.0,1.0,0.79,0.79,0.0,0.004,2014.0,Chiefs,veteran,4.0
Fitzgerald Toussaint,RB,Steelers,2018.0,1.0,0.79,0.79,0.0,0.004,2014.0,Ravens,veteran,4.0
C.J. Anderson,RB,Rams,2018.0,1.0,0.79,0.79,0.0,0.004,2013.0,Broncos,veteran,5.0
Knile Davis,RB,Bears,2018.0,1.0,0.79,0.79,0.0,0.004,2013.0,Chiefs,veteran,5.0
Christine Michael,RB,Colts,2018.0,1.0,0.79,0.79,0.0,0.004,2013.0,Seahawks,veteran,5.0
Kerwynn Williams,RB,Chiefs,2018.0,1.0,0.79,0.79,0.0,0.004,2013.0,Colts,veteran,5.0
Stevan Ridley,RB,Steelers,2018.0,1.0,0.79,0.79,0.0,0.004,2011.0,Patriots,veteran,7.0
Terrance West,RB,Saints,2018.0,1.0,0.79,0.79,0.0,0.004,2014.0,Browns,veteran,4.0
Kenjon Barner,RB,Panthers,2018.0,1.0,0.79,0.79,0.0,0.004,2013.0,Panthers,veteran,5.0
Alfred Morris,RB,49ers,2018.0,1.0,0.79,0.79,0.0,0.004,2012.0,Commanders,veteran,6.0
Donnel Pumphrey,RB,Eagles,2017.0,4.0,2.975888,0.743972,0.575888,0.004,2017.0,Eagles,rookie,0.0
Latavius Murray,RB,Raiders,2013.0,4.0,2.1912,0.5478,0.1062,0.004,2013.0,Raiders,rookie,0.0
Sione Vaki,RB,Lions,2024.0,4.0,4.548708,1.137177,0.528708,0.004,2024.0,Lions,rookie,0.0
Braelon Allen,RB,Jets,2024.0,4.0,4.548708,1.137177,0.528708,0.004,2024.0,Jets,rookie,0.0
Greg Jones,RB,Giants,2011.0,4.0,2.143788,0.535947,0.103787,0.004,2004.0,Jaguars,veteran,7.0
Daryl Richardson,RB,Jets,2012.0,4.0,2.145896,0.536474,0.045896,0.004,2012.0,Rams,rookie,0.0
Jamaal Williams,RB,Packers,2017.0,4.0,2.965992,0.741498,0.565992,0.004,2017.0,Packers,rookie,0.0
Brenden Knox,RB,Cowboys,2021.0,3.0,2.43,0.81,0.055,0.004,2021.0,Cowboys,rookie,0.0
Rakeem Boyd,RB,Lions,2021.0,3.0,2.43,0.81,0.005,0.004,2021.0,Lions,rookie,0.0
Mark Walton,RB,Bengals,2018.0,4.0,3.145348,0.786337,0.685348,0.004,2018.0,Bengals,rookie,0.0
CJ Marable,RB,Bears,2021.0,3.0,2.428,0.809333,0.003,0.004,2021.0,Bears,rookie,0.0
Andre Brown,RB,DEN/NYG,2009.0,4.0,2.18,0.545,0.43,0.004,2009.0,Giants,rookie,0.0
Darius Clark,RB,Panthers,2021.0,3.0,2.425,0.808333,0.0,0.004,2021.0,Panthers,rookie,0.0
Corey Taylor,RB,Browns,2021.0,3.0,2.425,0.808333,0.0,0.004,2021.0,Browns,rookie,0.0
Tre Harbison III,RB,Browns,2021.0,3.0,2.425,0.808333,0.0,0.004,2021.0,Browns,rookie,0.0
Deuce Vaughn,RB,Cowboys,2023.0,4.0,3.973332,0.993333,0.133332,0.004,2023.0,Cowboys,rookie,0.0
Zach Evans,RB,Rams,2023.0,4.0,3.973332,0.993333,0.133332,0.004,2023.0,Rams,rookie,0.0
David Cobb,RB,Titans,2015.0,4.0,2.525668,0.631417,0.245668,0.004,2015.0,Titans,rookie,0.0
Craig Reynolds,RB,Lions,2024.0,1.0,1.125,1.125,0.0,0.004,2019.0,Commanders,veteran,5.0
Jeremy McNichols,RB,Commanders,2024.0,1.0,1.125,1.125,0.0,0.004,2017.0,Buccaneers,veteran,7.0
Tarik Cohen,RB,Jets,2024.0,1.0,1.125,1.125,0.0,0.004,2017.0,Bears,veteran,7.0
D'Onta Foreman,RB,Browns,2024.0,1.0,1.125,1.125,0.0,0.004,2017.0,Texans,veteran,7.0
Trayveon Williams,RB,Bengals,2024.0,1.0,1.125,1.125,0.0,0.004,2019.0,Bengals,veteran,5.0
Michael Cox,RB,Giants,2014.0,3.0,1.755,0.585,0.0,0.004,2013.0,Giants,veteran,1.0
Alfred Blue,RB,Texans,2014.0,4.0,2.337932,0.584483,0.117932,0.004,2014.0,Texans,rookie,0.0
Kenneth Dixon,RB,Ravens,2016.0,4.0,2.723392,0.680848,0.383392,0.004,2016.0,Ravens,rookie,0.0
Kenny McIntosh,RB,Seahawks,2023.0,4.0,3.930852,0.982646,0.090852,0.004,2023.0,Seahawks,rookie,0.0
Jay Ajayi,RB,PHI/MIA,2015.0,4.0,2.500812,0.625203,0.220812,0.004,2015.0,Dolphins,rookie,0.0
Arian Foster,RB,Texans,2011.0,1.0,0.525,0.525,0.0,0.004,2009.0,Texans,veteran,2.0
Tyler Gaffney,RB,CAR/NE,2014.0,4.0,2.3166,0.57915,0.0966,0.004,2014.0,Panthers,rookie,0.0
Karlos Williams,RB,Bills,2015.0,4.0,2.495352,0.623838,0.215352,0.004,2015.0,Bills,rookie,0.0
Da'Rel Scott,RB,Giants,2011.0,4.0,2.095952,0.523988,0.055952,0.004,2011.0,Giants,rookie,0.0
Bryce Love,RB,Commanders,2019.0,4.0,3.274332,0.818583,0.754332,0.004,2019.0,Commanders,rookie,0.0
Terrell Davis,RB,Broncos,1995.0,3.0,0.484,0.161333,0.038,0.004,1995.0,Broncos,rookie,0.0
Trent Richardson,RB,Ravens,2016.0,1.0,0.675,0.675,0.0,0.004,2012.0,Browns,veteran,4.0
Chris Thompson,RB,Commanders,2016.0,1.0,0.675,0.675,0.0,0.004,2013.0,Commanders,veteran,3.0
Cyrus Gray,RB,Broncos,2016.0,1.0,0.675,0.675,0.0,0.004,2012.0,Chiefs,veteran,4.0
Knile Davis,RB,Chiefs,2016.0,1.0,0.675,0.675,0.0,0.004,2013.0,Chiefs,veteran,3.0
Isaiah Pead,RB,Dolphins,2016.0,1.0,0.675,0.675,0.0,0.004,2012.0,Rams,veteran,4.0
Ito Smith,RB,Falcons,2018.0,4.0,3.080872,0.770218,0.620872,0.004,2018.0,Falcons,rookie,0.0
Anthony Allen,RB,Ravens,2011.0,4.0,2.090356,0.52259,0.050356,0.004,2011.0,Ravens,rookie,0.0
Darrynton Evans,RB,Bills,2025.0,1.0,1.21,1.21,0.015,0.004,2020.0,Titans,veteran,5.0
Baron Batch,RB,Steelers,2011.0,4.0,2.086512,0.521628,0.046512,0.004,2011.0,Steelers,rookie,0.0
Justice Hill,RB,Ravens,2019.0,4.0,3.261656,0.815414,0.741656,0.004,2019.0,Ravens,rookie,0.0
Travis Homer,RB,Steelers,2026.0,1.0,1.3,1.3,0.0,0.004,2019.0,Seahawks,veteran,7.0
Devin Singletary,RB,Giants,2026.0,1.0,1.3,1.3,0.0,0.004,2019.0,Bills,veteran,7.0
Ameer Abdullah,RB,Jaguars,2026.0,1.0,1.3,1.3,0.0,0.004,2015.0,Lions,veteran,11.0
Ameer Abdullah,RB,Vikings,2019.0,1.0,0.81,0.81,0.045,0.004,2015.0,Lions,veteran,4.0
Kalen Ballage,RB,Dolphins,2018.0,4.0,3.04918,0.762295,0.58918,0.004,2018.0,Dolphins,rookie,0.0
Godwin Igwebuike,RB,Lions,2022.0,1.0,0.895,0.895,0.0,0.004,2018.0,Buccaneers,veteran,4.0
JaMycal Hasty,RB,49ers,2022.0,1.0,0.895,0.895,0.0,0.004,2020.0,49ers,veteran,2.0
Salvon Ahmed,RB,Dolphins,2022.0,1.0,0.895,0.895,0.0,0.004,2020.0,49ers,veteran,2.0
Dexter Williams,RB,Packers,2022.0,1.0,0.895,0.895,0.0,0.004,2019.0,Packers,veteran,3.0
Nathan Cottrell,RB,Jaguars,2022.0,1.0,0.895,0.895,0.0,0.004,2020.0,Jaguars,veteran,2.0
Bradie Ewing,RB,Jaguars,2014.0,4.0,2.284192,0.571048,0.184192,0.004,2012.0,Falcons,veteran,2.0
Storm Johnson,RB,Jaguars,2014.0,4.0,2.282728,0.570682,0.062728,0.004,2014.0,Jaguars,rookie,0.0
Eno Benjamin,RB,NO/ARI/HOU,2020.0,4.0,3.397716,0.849429,0.102716,0.004,2020.0,Cardinals,rookie,0.0
Shaun Chapas,RB,Ravens,2014.0,1.0,0.57,0.57,0.0,0.004,2011.0,Cowboys,veteran,3.0
Dameon Pierce,RB,Eagles,2026.0,1.0,1.29,1.29,0.25,0.004,2022.0,Texans,veteran,4.0
Benjamin Snell Jr.,RB,Steelers,2019.0,4.0,3.222068,0.805517,0.702068,0.004,2019.0,Steelers,rookie,0.0
Spencer Ware,RB,Chiefs,2019.0,1.0,0.805,0.805,0.0,0.004,2013.0,Seahawks,veteran,6.0
Robert Turbin,RB,Seahawks,2019.0,1.0,0.805,0.805,0.0,0.004,2012.0,Seahawks,veteran,7.0
Andre Ellington,RB,Buccaneers,2019.0,1.0,0.805,0.805,0.0,0.004,2013.0,Cardinals,veteran,6.0
Thomas Rawls,RB,Jaguars,2019.0,1.0,0.805,0.805,0.0,0.004,2015.0,Seahawks,veteran,4.0
Kerwynn Williams,RB,Saints,2019.0,1.0,0.805,0.805,0.0,0.004,2013.0,Colts,veteran,6.0
Zach Zenner,RB,Saints,2019.0,1.0,0.805,0.805,0.0,0.004,2015.0,Lions,veteran,4.0
Charcandrick West,RB,Colts,2019.0,1.0,0.805,0.805,0.0,0.004,2014.0,Chiefs,veteran,5.0
Rod Smith,RB,Raiders,2019.0,1.0,0.805,0.805,0.0,0.004,2015.0,Seahawks,veteran,4.0
Jay Ajayi,RB,Eagles,2019.0,1.0,0.805,0.805,0.0,0.004,2015.0,Dolphins,veteran,4.0
Buck Allen,RB,Giants,2019.0,1.0,0.805,0.805,0.0,0.004,2015.0,Ravens,veteran,4.0
Godwin Igwebuike,RB,Lions,2021.0,1.0,0.78,0.78,0.0,0.004,2018.0,Buccaneers,veteran,3.0
Tony Brooks-James,RB,Steelers,2021.0,1.0,0.78,0.78,0.0,0.004,2019.0,Falcons,veteran,2.0
Cameron Artis-Payne,RB,Panthers,2015.0,4.0,2.446252,0.611563,0.166252,0.004,2015.0,Panthers,rookie,0.0
Chris Rainey,RB,Colts,2013.0,2.0,1.05,0.525,0.0,0.004,2012.0,Steelers,veteran,1.0
Evan Rodriguez,RB,Bills,2013.0,2.0,1.05,0.525,0.0,0.004,2012.0,Bears,veteran,1.0
Audric Estime,RB,Broncos,2024.0,4.0,4.359124,1.089781,0.339124,0.004,2024.0,Broncos,rookie,0.0
Matt Jones,RB,Eagles,2018.0,2.0,1.51,0.755,0.0,0.004,2015.0,Commanders,veteran,3.0
Terrence Magee,RB,Falcons,2018.0,2.0,1.51,0.755,0.0,0.004,2015.0,Ravens,veteran,3.0
Jason Wright,RB,Browns,2006.0,2.0,0.865,0.4325,0.02,0.004,2004.0,,veteran,2.0
Damarea Crockett,RB,Broncos,2022.0,2.0,1.765,0.8825,0.0,0.004,2019.0,Texans,veteran,3.0
Tony Pollard,RB,Cowboys,2019.0,4.0,3.190328,0.797582,0.670328,0.004,2019.0,Cowboys,rookie,0.0
Wayne Gallman,RB,Giants,2017.0,4.0,2.819648,0.704912,0.419648,0.004,2017.0,Giants,rookie,0.0
Rasheen Ali,RB,Ravens,2024.0,4.0,4.309868,1.077467,0.289868,0.004,2024.0,Ravens,rookie,0.0
Tyrone Tracy Jr.,RB,Giants,2024.0,4.0,4.306352,1.076588,0.286352,0.004,2024.0,Giants,rookie,0.0
Keilan Robinson,RB,PHI/JAX,2024.0,4.0,4.301956,1.075489,0.281956,0.004,2024.0,Jaguars,rookie,0.0
DeAndre Washington,RB,Raiders,2016.0,4.0,2.609196,0.652299,0.269196,0.004,2016.0,Raiders,rookie,0.0
DeeJay Dallas,RB,Jaguars,2026.0,1.0,1.265,1.265,0.2,0.004,2020.0,Seahawks,veteran,6.0
Ke'Shawn Vaughn,RB,49ers,2025.0,1.0,1.17,1.17,0.0,0.004,2020.0,Buccaneers,veteran,5.0
Salvon Ahmed,RB,Colts,2025.0,1.0,1.17,1.17,0.0,0.004,2020.0,49ers,veteran,5.0
Patrick Taylor,RB,49ers,2025.0,1.0,1.17,1.17,0.3,0.004,2020.0,Packers,veteran,5.0
Isaiah Davis,RB,Jets,2024.0,4.0,4.274276,1.068569,0.254276,0.004,2024.0,Jets,rookie,0.0
Austin Walter,RB,Raiders,2023.0,1.0,0.94,0.94,0.0,0.004,2019.0,49ers,veteran,4.0
Darwin Thompson,RB,Raiders,2023.0,1.0,0.94,0.94,0.0,0.004,2019.0,Chiefs,veteran,4.0
Paul Perkins,RB,DET/NYG,2016.0,4.0,2.592548,0.648137,0.252548,0.004,2016.0,Giants,rookie,0.0
Jordan Howard,RB,PHI/CHI,2016.0,4.0,2.588024,0.647006,0.248024,0.004,2016.0,Bears,rookie,0.0
Josh Robinson,RB,Colts,2015.0,4.0,2.388168,0.597042,0.108168,0.004,2015.0,Colts,rookie,0.0
Corey Clement,RB,Eagles,2020.0,1.0,0.825,0.825,0.0,0.004,2017.0,Eagles,veteran,3.0
Wendell Smallwood,RB,PHI/WAS,2016.0,4.0,2.58458,0.646145,0.24458,0.004,2016.0,Eagles,rookie,0.0
Jonathan Williams,RB,Bills,2016.0,4.0,2.580916,0.645229,0.240916,0.004,2016.0,Bills,rookie,0.0
Jordan James,RB,49ers,2025.0,4.0,4.639684,1.159921,0.439684,0.004,2025.0,49ers,rookie,0.0
Kerwynn Williams,RB,Cardinals,2016.0,2.0,1.29,0.645,0.0,0.004,2013.0,Colts,veteran,3.0
Juwan Thompson,RB,Broncos,2016.0,2.0,1.29,0.645,0.0,0.004,2014.0,Broncos,veteran,2.0
Ronnie Rivers,RB,Rams,2026.0,1.0,1.251,1.251,0.3303,0.004,2022.0,Cardinals,veteran,4.0
Emari Demercado,RB,Chiefs,2026.0,1.0,1.25,1.25,0.55,0.004,2023.0,Cardinals,veteran,3.0
Jaydon Blue,RB,Cowboys,2025.0,4.0,4.627068,1.156767,0.427068,0.004,2025.0,Cowboys,rookie,0.0
DJ Giddens,RB,Colts,2025.0,4.0,4.624744,1.156186,0.424744,0.004,2025.0,Colts,rookie,0.0
Kimani Vidal,RB,Chargers,2024.0,4.0,4.227436,1.056859,0.207436,0.004,2024.0,Chargers,rookie,0.0
Joe Banyard,RB,Bills,2017.0,1.0,0.69,0.69,0.0,0.004,2012.0,Jaguars,veteran,5.0
Kenjon Barner,RB,Eagles,2017.0,1.0,0.69,0.69,0.0,0.004,2013.0,Panthers,veteran,4.0
Bishop Sankey,RB,Vikings,2017.0,1.0,0.69,0.69,0.0,0.004,2014.0,Titans,veteran,3.0
Daryl Richardson,RB,Colts,2017.0,1.0,0.69,0.69,0.0,0.004,2012.0,Rams,veteran,5.0
James Robinson,RB,Saints,2024.0,1.0,1.055,1.055,0.0,0.004,2020.0,Jaguars,veteran,4.0
Deon Jackson,RB,Giants,2024.0,1.0,1.055,1.055,0.0,0.004,2021.0,Colts,veteran,3.0
Patrick Laird,RB,Buccaneers,2024.0,1.0,1.055,1.055,0.0,0.004,2019.0,Dolphins,veteran,5.0
Trey Sermon,RB,Colts,2024.0,1.0,1.055,1.055,0.0,0.004,2021.0,49ers,veteran,3.0
Jase McClellan,RB,Falcons,2024.0,4.0,4.214368,1.053592,0.194368,0.004,2024.0,Falcons,rookie,0.0
Abram Smith,RB,Saints,2022.0,3.0,2.575,0.858333,0.222,0.004,2022.0,Saints,rookie,0.0
Mataeo Durant,RB,Steelers,2022.0,3.0,2.575,0.858333,0.015,0.004,2022.0,Steelers,rookie,0.0
C.J. Verdell,RB,Colts,2022.0,3.0,2.575,0.858333,0.025,0.004,2022.0,Colts,rookie,0.0
Greg Bell,RB,Lions,2022.0,3.0,2.575,0.858333,0.1,0.004,2022.0,Lions,rookie,0.0
Jaylen Warren,RB,Steelers,2022.0,3.0,2.572,0.857333,0.012,0.004,2022.0,Steelers,rookie,0.0
Leddie Brown,RB,Chargers,2022.0,3.0,2.5675,0.855833,0.0075,0.004,2022.0,Chargers,rookie,0.0
Chase Edmonds,RB,Cardinals,2018.0,4.0,2.912356,0.728089,0.452356,0.004,2018.0,Cardinals,rookie,0.0
Ricky Person Jr.,RB,Ravens,2022.0,3.0,2.565,0.855,0.005,0.004,2022.0,Ravens,rookie,0.0
Kevin Marks Jr.,RB,Chargers,2022.0,3.0,2.564,0.854667,0.004,0.004,2022.0,Cowboys,rookie,0.0
Tayon Fleet-Davis,RB,Chiefs,2022.0,3.0,2.5635,0.8545,0.0035,0.004,2022.0,Chiefs,rookie,0.0
Shermari Jones,RB,Bengals,2022.0,3.0,2.5625,0.854167,0.0025,0.004,2022.0,Bengals,rookie,0.0
Marcus Murphy,RB,NYJ/NO,2015.0,4.0,2.349288,0.587322,0.069288,0.004,2015.0,Saints,rookie,0.0
De'Montre Tuggle,RB,Bears,2022.0,3.0,2.56,0.853333,0.0,0.004,2022.0,Bears,rookie,0.0
DeAndre Torrey,RB,Eagles,2022.0,3.0,2.56,0.853333,0.0,0.004,2022.0,Eagles,rookie,0.0
Sincere McCormick,RB,Raiders,2022.0,3.0,2.56,0.853333,0.0,0.004,2022.0,Raiders,rookie,0.0
Jordan Mason,RB,49ers,2022.0,3.0,2.56,0.853333,0.04,0.004,2022.0,49ers,rookie,0.0
TJ Pledger,RB,Cardinals,2022.0,3.0,2.56,0.853333,0.0,0.004,2022.0,Cardinals,rookie,0.0
Dylan Laube,RB,Raiders,2024.0,4.0,4.175192,1.043798,0.155192,0.004,2024.0,Raiders,rookie,0.0
Isaiah Pead,RB,Steelers,2015.0,1.0,0.585,0.585,0.0,0.004,2012.0,Rams,veteran,3.0
Edwin Baker,RB,Saints,2015.0,1.0,0.585,0.585,0.0,0.004,2012.0,Chargers,veteran,3.0
Jorvorskie Lane,RB,Buccaneers,2015.0,1.0,0.585,0.585,0.0,0.004,2012.0,Dolphins,veteran,3.0
Dion Lewis,RB,Patriots,2015.0,1.0,0.585,0.585,0.0,0.004,2011.0,Eagles,veteran,4.0
Tony Jones,RB,Saints,2021.0,2.0,1.485,0.7425,0.0,0.004,2020.0,Saints,veteran,1.0
Christian Wade,RB,Bills,2021.0,2.0,1.485,0.7425,0.0,0.004,2019.0,Bills,veteran,2.0
Alex Collins,RB,Seahawks,2016.0,4.0,2.524384,0.631096,0.184384,0.004,2016.0,Seahawks,rookie,0.0
C.J. Anderson,RB,Broncos,2013.0,3.0,1.4975,0.499167,0.0125,0.004,2013.0,Broncos,rookie,0.0
Jonas Gray,RB,Jaguars,2015.0,2.0,1.16,0.58,0.0,0.004,2012.0,Dolphins,veteran,3.0
Bryce Brown,RB,Bills,2014.0,4.0,2.15088,0.53772,0.05088,0.004,2012.0,Eagles,veteran,2.0
Emmett Johnson,RB,Chiefs,2026.0,4.0,4.865636,1.216409,0.485636,0.004,2026.0,Chiefs,rookie,0.0
Velus Jones Jr.,RB,Seahawks,2026.0,1.0,1.215,1.215,0.0,0.004,2022.0,Bears,veteran,4.0
Pierre Strong Jr.,RB,Packers,2026.0,1.0,1.215,1.215,0.0,0.004,2022.0,Patriots,veteran,4.0
Ty Chandler,RB,Saints,2026.0,1.0,1.215,1.215,0.0,0.004,2022.0,Vikings,veteran,4.0
Elijah Mitchell,RB,Patriots,2026.0,1.0,1.215,1.215,0.0,0.004,2021.0,49ers,veteran,5.0
Cam Akers,RB,Seahawks,2026.0,1.0,1.215,1.215,0.0,0.004,2020.0,Rams,veteran,6.0
Salvon Ahmed,RB,Bears,2026.0,1.0,1.215,1.215,0.0,0.004,2020.0,49ers,veteran,6.0
Michael Carter,RB,Titans,2026.0,1.0,1.215,1.215,0.0,0.004,2021.0,Jets,veteran,5.0
Patrick Taylor,RB,49ers,2026.0,1.0,1.215,1.215,0.0,0.004,2020.0,Packers,veteran,6.0
Hunter Luepke,RB,Cowboys,2023.0,3.0,2.715,0.905,0.2,0.004,2023.0,Cowboys,rookie,0.0
Nick Singleton,RB,Titans,2026.0,4.0,4.848644,1.212161,0.0,0.004,2026.0,Titans,rookie,0.0
Keaton Mitchell,RB,Ravens,2023.0,3.0,2.713,0.904333,0.073,0.004,2023.0,Ravens,rookie,0.0
Jaleel McLaughlin,RB,Broncos,2023.0,3.0,2.71,0.903333,0.055,0.004,2023.0,Broncos,rookie,0.0
Emari Demercado,RB,Cardinals,2023.0,3.0,2.71,0.903333,0.07,0.004,2023.0,Cardinals,rookie,0.0
Camerun Peoples,RB,Panthers,2023.0,3.0,2.71,0.903333,0.045,0.004,2023.0,Panthers,rookie,0.0
Khalan Laborn,RB,49ers,2023.0,3.0,2.705,0.901667,0.04,0.004,2023.0,49ers,rookie,0.0
Tiyon Evans,RB,Rams,2023.0,3.0,2.705,0.901667,0.01,0.004,2023.0,Rams,rookie,0.0
Travis Dye,RB,Jets,2023.0,3.0,2.7025,0.900833,0.0625,0.004,2023.0,Jets,rookie,0.0
Chris Smith,RB,Seahawks,2023.0,3.0,2.7015,0.9005,0.0065,0.004,2023.0,Seahawks,rookie,0.0
Ollie Gordon II,RB,Dolphins,2025.0,4.0,4.472664,1.118166,0.272664,0.004,2025.0,Dolphins,rookie,0.0
Charles McClelland,RB,Titans,2023.0,3.0,2.7,0.9,0.01,0.004,2023.0,Titans,rookie,0.0
Sean Tucker,RB,Buccaneers,2023.0,3.0,2.7,0.9,0.155,0.004,2023.0,Buccaneers,rookie,0.0
Calvin Tyler,RB,Bengals,2023.0,3.0,2.7,0.9,0.005,0.004,2023.0,Bengals,rookie,0.0
Titus Swen,RB,Colts,2023.0,3.0,2.698,0.899333,0.003,0.004,2023.0,Colts,rookie,0.0
Tyler Hoosman,RB,Chargers,2023.0,3.0,2.698,0.899333,0.003,0.004,2023.0,Chargers,rookie,0.0
Isaiah Bowser,RB,Bills,2023.0,3.0,2.6975,0.899167,0.0025,0.004,2023.0,Bills,rookie,0.0
Christopher Brooks,RB,Dolphins,2023.0,3.0,2.697,0.899,0.02,0.004,2023.0,Dolphins,rookie,0.0
Ronald Awatt,RB,49ers,2023.0,3.0,2.697,0.899,0.007,0.004,2023.0,49ers,rookie,0.0
Ronnie Brown,RB,Buccaneers,2023.0,3.0,2.696,0.898667,0.001,0.004,2023.0,Buccaneers,rookie,0.0
Alfonzo Graham,RB,Steelers,2023.0,3.0,2.695,0.898333,0.0,0.004,2023.0,Steelers,rookie,0.0
Clinton Toriano,RB,Colts,2023.0,1.0,2.695,0.898333,0.0,0.004,2023.0,Colts,rookie,0.0
Aaron Dykes,RB,Vikings,2023.0,3.0,2.695,0.898333,0.0,0.004,2023.0,Vikings,rookie,0.0
Clint Ratkovich,RB,Falcons,2023.0,3.0,2.695,0.898333,0.0,0.004,2022.0,Falcons,veteran,1.0
Jewel Hampton,RB,49ers,2012.0,3.0,1.445,0.481667,0.005,0.004,2012.0,,rookie,0.0
Devin Neal,RB,Saints,2025.0,4.0,4.451312,1.112828,0.251312,0.004,2025.0,Saints,rookie,0.0
Stanley Havili,RB,Colts,2012.0,3.0,1.44,0.48,0.0,0.004,2011.0,Eagles,veteran,1.0
Thomas Rawls,RB,NYJ/CIN,2018.0,1.0,0.705,0.705,0.0,0.004,2015.0,Seahawks,veteran,3.0
Raheem Mostert,RB,49ers,2018.0,1.0,0.705,0.705,0.0,0.004,2015.0,Eagles,veteran,3.0
Zach Zenner,RB,Lions,2018.0,1.0,0.705,0.705,0.0,0.004,2015.0,Lions,veteran,3.0
Branden Oliver,RB,Colts,2018.0,1.0,0.705,0.705,0.0,0.004,2014.0,Chargers,veteran,4.0
Kalel Mullings,RB,Titans,2025.0,4.0,4.438508,1.109627,0.238508,0.004,2025.0,Titans,rookie,0.0
Zonovan Knight,RB,Cardinals,2026.0,1.0,1.195,1.195,0.025,0.004,2022.0,Jets,veteran,4.0
Tahj Brooks,RB,Bengals,2025.0,4.0,4.430856,1.107714,0.230856,0.004,2025.0,Bengals,rookie,0.0
JaQuan Hardy,RB,Broncos,2022.0,1.0,0.825,0.825,0.0,0.004,2021.0,Cowboys,veteran,1.0
Johnny Stanton,RB,Browns,2022.0,1.0,0.825,0.825,0.0,0.004,2018.0,Vikings,veteran,4.0
Jacques Patrick,RB,Bengals,2022.0,1.0,0.825,0.825,0.0,0.004,2020.0,Bengals,veteran,2.0
George Winn,RB,Colts,2017.0,2.0,1.32,0.66,0.0,0.004,2013.0,Texans,veteran,4.0
Rod Smith,RB,Cowboys,2017.0,2.0,1.32,0.66,0.0,0.004,2015.0,Seahawks,veteran,2.0
Adam Randall,RB,Ravens,2026.0,4.0,4.759476,1.189869,0.379476,0.004,2026.0,Ravens,rookie,0.0
Devontae Booker,RB,Broncos,2016.0,4.0,2.453392,0.613348,0.383392,0.004,2016.0,Broncos,rookie,0.0
J.J. Taylor,RB,Texans,2025.0,1.0,1.1,1.1,0.0,0.004,2020.0,Patriots,veteran,5.0
Deon Jackson,RB,Lions,2025.0,1.0,1.1,1.1,0.0,0.004,2021.0,Colts,veteran,4.0
Julius Chestnut,RB,Titans,2025.0,1.0,1.1,1.1,0.0,0.004,2022.0,Titans,veteran,3.0
Darius Jackson,RB,DAL/CLE,2016.0,4.0,2.440356,0.610089,0.100356,0.004,2016.0,Cowboys,rookie,0.0
Austin Johnson,RB,Buccaneers,2016.0,2.0,1.215,0.6075,0.0,0.004,2012.0,Saints,veteran,4.0
George Winn,RB,Giants,2016.0,2.0,1.215,0.6075,0.0,0.004,2013.0,Texans,veteran,3.0
Dri Archer,RB,Bills,2016.0,1.0,0.607,0.607,0.007,0.004,2014.0,Steelers,veteran,2.0
Ahmad Bradshaw,RB,Giants,2007.0,4.0,1.701725,0.425431,0.036725,0.004,2007.0,Giants,rookie,0.0
Baron Batch,RB,Steelers,2013.0,1.0,0.48,0.48,0.0,0.004,2011.0,Steelers,veteran,2.0
Aaron Jones,RB,Packers,2017.0,4.0,2.601948,0.650487,0.201948,0.004,2017.0,Packers,rookie,0.0
T.J. Logan,RB,TB/ARI,2017.0,4.0,2.601948,0.650487,0.201948,0.004,2017.0,Cardinals,rookie,0.0
Dwayne Washington,RB,Lions,2016.0,4.0,2.415764,0.603941,0.075764,0.004,2016.0,Lions,rookie,0.0
Daniel Lasco,RB,Saints,2016.0,4.0,2.415472,0.603868,0.075472,0.004,2016.0,Saints,rookie,0.0
Kaytron Allen,RB,Commanders,2026.0,4.0,4.683952,1.170988,0.303952,0.004,2026.0,Commanders,rookie,0.0
Brashard Smith,RB,Chiefs,2025.0,4.0,4.333476,1.083369,0.133476,0.004,2025.0,Chiefs,rookie,0.0
Kyle Monangai,RB,Bears,2025.0,4.0,4.32814,1.082035,0.12814,0.004,2025.0,Bears,rookie,0.0
Zurlon Tipton,RB,Colts,2015.0,2.0,1.11,0.555,0.0,0.004,2014.0,Colts,veteran,1.0
Trey Watts,RB,Rams,2015.0,2.0,1.11,0.555,0.0,0.004,2014.0,Rams,veteran,1.0
Michael Hill,RB,Cowboys,2015.0,2.0,1.11,0.555,0.0,0.004,2013.0,Chargers,veteran,2.0
Michael Ford,RB,Falcons,2015.0,2.0,1.11,0.555,0.0,0.004,2013.0,Bears,veteran,2.0
Kenjon Barner,RB,Eagles,2015.0,2.0,1.11,0.555,0.0,0.004,2013.0,Panthers,veteran,2.0
Collin Mooney,RB,Falcons,2015.0,2.0,1.11,0.555,0.0,0.004,2012.0,Titans,veteran,3.0
Keith Marshall,RB,Commanders,2016.0,4.0,2.405552,0.601388,0.065552,0.004,2016.0,Commanders,rookie,0.0
Damarea Crockett,RB,Jets,2023.0,1.0,0.87,0.87,0.0,0.004,2019.0,Texans,veteran,4.0
Mekhi Sargent,RB,Jaguars,2023.0,1.0,0.87,0.87,0.0,0.004,2021.0,Titans,veteran,2.0
LeQuint Allen,RB,Jaguars,2025.0,4.0,4.318756,1.079689,0.118756,0.004,2025.0,Jaguars,rookie,0.0
Mike Gillislee,RB,Bills,2016.0,1.0,0.6,0.6,0.0,0.004,2013.0,Dolphins,veteran,3.0
Terrance West,RB,Ravens,2016.0,1.0,0.6,0.6,0.0,0.004,2014.0,Browns,veteran,2.0
Robert Hughes,RB,Browns,2016.0,1.0,0.6,0.6,0.0,0.004,2011.0,Bears,veteran,5.0
Antonio Andrews,RB,Titans,2016.0,1.0,0.6,0.6,0.0,0.004,2014.0,Titans,veteran,2.0
Montee Ball,RB,Patriots,2016.0,1.0,0.6,0.6,0.0,0.004,2013.0,Broncos,veteran,3.0
Demond Claiborne,RB,Vikings,2026.0,4.0,4.65358,1.163395,0.27358,0.004,2026.0,Vikings,rookie,0.0
Phil Mafah,RB,Cowboys,2025.0,4.0,4.311532,1.077883,0.111532,0.004,2025.0,Cowboys,rookie,0.0
Rico Dowdle,RB,Cowboys,2020.0,3.0,2.295,0.765,0.11,0.004,2020.0,Cowboys,rookie,0.0
Isaiah Crowell,RB,Browns,2014.0,3.0,1.54,0.513333,0.01,0.004,2014.0,Browns,rookie,0.0
Xavier Jones,RB,Rams,2020.0,3.0,2.294,0.764667,0.009,0.004,2020.0,Rams,rookie,0.0
Raheem Blackshear,RB,Panthers,2024.0,1.0,0.985,0.985,0.0,0.004,2022.0,Bills,veteran,2.0
Ronnie Rivers,RB,Rams,2024.0,1.0,0.985,0.985,0.0,0.004,2022.0,Cardinals,veteran,2.0
Julius Chestnut,RB,Titans,2024.0,1.0,0.985,0.985,0.0,0.004,2022.0,Titans,veteran,2.0
Johnny White,RB,GB/BUF,2012.0,1.0,0.465,0.465,0.0,0.004,2011.0,Bills,veteran,1.0
Andre Brown,RB,Giants,2012.0,1.0,0.465,0.465,0.0,0.004,2009.0,Giants,veteran,3.0
Anthony Jones,RB,Seahawks,2020.0,3.0,2.2925,0.764167,0.0075,0.004,2020.0,Seahawks,rookie,0.0
Jacory Croskey-Merritt,RB,Commanders,2025.0,4.0,4.305428,1.076357,0.105428,0.004,2025.0,Commanders,rookie,0.0
Patrick Taylor,RB,Packers,2020.0,3.0,2.292,0.764,0.007,0.004,2020.0,Packers,rookie,0.0
Devwah Whaley,RB,Bengals,2020.0,3.0,2.29,0.763333,0.005,0.004,2020.0,Bengals,rookie,0.0
James Robinson,RB,Jets,2020.0,3.0,2.29,0.763333,0.025,0.004,2020.0,Jaguars,rookie,0.0
Brian Herrien,RB,Browns,2020.0,3.0,2.29,0.763333,0.04,0.004,2020.0,Browns,rookie,0.0
Cameron Scarlett,RB,Titans,2020.0,3.0,2.29,0.763333,0.02,0.004,2020.0,Titans,rookie,0.0
Bronson Rechsteiner,RB,Ravens,2020.0,3.0,2.288,0.762667,0.005,0.004,2020.0,Ravens,rookie,0.0
Mikey Daniel,RB,Falcons,2020.0,3.0,2.2875,0.7625,0.0025,0.004,2020.0,Falcons,rookie,0.0
James Gilbert,RB,Rams,2020.0,3.0,2.287,0.762333,0.002,0.004,2020.0,Rams,rookie,0.0
Elijah McGuire,RB,Jets,2017.0,4.0,2.568516,0.642129,0.168516,0.004,2017.0,Jets,rookie,0.0
Damien Williams,RB,Dolphins,2014.0,3.0,1.5335,0.511167,0.0035,0.004,2014.0,Dolphins,rookie,0.0
Bobby Holly,RB,Chargers,2020.0,3.0,2.285,0.761667,0.0,0.004,2020.0,Chargers,rookie,0.0
Glenn Winston,RB,Browns,2014.0,3.0,1.53,0.51,0.0,0.004,2014.0,,rookie,0.0
Akeem Hunt,RB,Titans,2019.0,1.0,0.72,0.72,0.0,0.004,2015.0,Giants,veteran,4.0
David Fluellen,RB,Titans,2019.0,1.0,0.72,0.72,0.0,0.004,2014.0,Eagles,veteran,5.0
Senorise Perry,RB,Bills,2019.0,1.0,0.72,0.72,0.0,0.004,2014.0,Bears,veteran,5.0
Rob Kelley,RB,Saints,2019.0,1.0,0.72,0.72,0.0,0.004,2016.0,Commanders,veteran,3.0
Tyler Ervin,RB,BAL/GB,2019.0,1.0,0.72,0.72,0.0,0.004,2016.0,Texans,veteran,3.0
Ryquell Armstead,RB,JAX/NYG,2019.0,4.0,2.872736,0.718184,0.347076,0.004,2019.0,Jaguars,rookie,0.0
Jordan Wilkins,RB,Colts,2018.0,4.0,2.70124,0.67531,0.24124,0.004,2018.0,Colts,rookie,0.0
De'Angelo Henderson,RB,Broncos,2017.0,4.0,2.545164,0.636291,0.145164,0.004,2017.0,Broncos,rookie,0.0
Trey Williams,RB,Cowboys,2018.0,2.0,1.35,0.675,0.0,0.004,2015.0,Commanders,veteran,3.0
Jacques Patrick,RB,Jets,2024.0,2.0,1.945,0.9725,0.0,0.004,2020.0,Bengals,veteran,4.0
Snoop Conner,RB,Cowboys,2024.0,2.0,1.945,0.9725,0.0,0.004,2022.0,Jaguars,veteran,2.0
Tyler Goodson,RB,Falcons,2026.0,1.0,1.145,1.145,0.0,0.004,2022.0,Packers,veteran,4.0
Jaret Patterson,RB,Chargers,2026.0,1.0,1.145,1.145,0.0,0.004,2021.0,Commanders,veteran,5.0
Gary Brightwell,RB,Bengals,2026.0,1.0,1.145,1.145,0.0,0.004,2021.0,Giants,veteran,5.0
Marlon Mack,RB,Colts,2017.0,4.0,2.534348,0.633587,0.0,0.004,2017.0,Colts,rookie,0.0
Jeff Wilson,RB,49ers,2020.0,1.0,0.75,0.75,0.0,0.004,2018.0,49ers,veteran,2.0
Gus Edwards,RB,Ravens,2020.0,1.0,0.75,0.75,0.0,0.004,2018.0,Ravens,veteran,2.0
Eli Heidenreich,RB,Steelers,2026.0,4.0,4.535984,1.133996,0.155984,0.004,2026.0,Steelers,rookie,0.0
Qadree Ollison,RB,Falcons,2019.0,4.0,2.831564,0.707891,0.311564,0.004,2019.0,Falcons,rookie,0.0
Jordan Scarlett,RB,Panthers,2019.0,4.0,2.8306,0.70765,0.3106,0.004,2019.0,Panthers,rookie,0.0
Israel Abanikanda,RB,Cowboys,2026.0,2.0,2.265,1.1325,0.0,0.004,2023.0,Jets,veteran,3.0
Seth McGowan,RB,Colts,2026.0,4.0,4.514908,1.128727,0.134908,0.004,2026.0,Colts,rookie,0.0
Marcus Murphy,RB,Panthers,2020.0,1.0,0.7415,0.7415,0.0065,0.004,2015.0,Saints,veteran,5.0
Jam Miller,RB,Patriots,2026.0,4.0,4.50494,1.126235,0.12494,0.004,2026.0,Patriots,rookie,0.0
John Kelly,RB,Rams,2018.0,4.0,2.648292,0.662073,0.188292,0.004,2018.0,Rams,rookie,0.0
Michael Smith,RB,Jets,2014.0,1.0,0.495,0.495,0.0,0.004,2012.0,Buccaneers,veteran,2.0
Jawan Jamison,RB,Steelers,2014.0,1.0,0.495,0.495,0.0,0.004,2013.0,Commanders,veteran,1.0
Daijun Edwards,RB,Steelers,2024.0,3.0,2.848,0.949333,0.018,0.004,2024.0,Steelers,rookie,0.0
British Brooks,RB,Texans,2024.0,3.0,2.845,0.948333,0.24,0.004,2024.0,Texans,rookie,0.0
Cody Schrader,RB,LAR/SF,2024.0,3.0,2.842,0.947333,0.232,0.004,2024.0,49ers,rookie,0.0
Jarveon Howard,RB,Packers,2024.0,3.0,2.84,0.946667,0.01,0.004,2024.0,Packers,rookie,0.0
Colson Yankoff,RB,Commanders,2024.0,3.0,2.84,0.946667,0.05,0.004,2024.0,Commanders,rookie,0.0
Devante Mays,RB,Packers,2017.0,4.0,2.475044,0.618761,0.075044,0.004,2017.0,Packers,rookie,0.0
Elijah Collins,RB,Bengals,2024.0,3.0,2.838,0.946,0.008,0.004,2024.0,Bengals,rookie,0.0
Noah Cain,RB,Bengals,2024.0,3.0,2.8375,0.945833,0.0075,0.004,2024.0,Bengals,rookie,0.0
Ian Wheeler,RB,Bears,2024.0,3.0,2.8375,0.945833,0.0075,0.004,2024.0,Bears,rookie,0.0
Austin Jones,RB,Commanders,2024.0,3.0,2.837,0.945667,0.007,0.004,2024.0,Commanders,rookie,0.0
TaMerik Williams,RB,Seahawks,2024.0,3.0,2.8355,0.945167,0.0055,0.004,2024.0,Seahawks,rookie,0.0
Kobe Lewis,RB,Seahawks,2024.0,3.0,2.835,0.945,0.005,0.004,2024.0,Seahawks,rookie,0.0
Nathaniel Peat,RB,Cowboys,2024.0,3.0,2.833,0.944333,0.003,0.004,2024.0,Cowboys,rookie,0.0
Ramon Jefferson,RB,Buccaneers,2024.0,3.0,2.831,0.943667,0.001,0.004,2024.0,Buccaneers,rookie,0.0
Markese Stepp,RB,Jets,2024.0,3.0,2.83,0.943333,0.0,0.004,2024.0,Jets,rookie,0.0
Carson Steele,RB,Chiefs,2024.0,3.0,2.83,0.943333,0.015,0.004,2024.0,Chiefs,rookie,0.0
Kairee Robinson,RB,Seahawks,2024.0,3.0,2.83,0.943333,0.0,0.004,2024.0,Seahawks,rookie,0.0
Chris Carson,RB,Seahawks,2017.0,4.0,2.46514,0.616285,0.06514,0.004,2017.0,Seahawks,rookie,0.0
Kevin Harris,RB,Jaguars,2025.0,1.0,1.03,1.03,0.0,0.004,2022.0,Patriots,veteran,3.0
Chris Rodriguez Jr.,RB,Commanders,2025.0,1.0,1.03,1.03,0.0,0.004,2023.0,Commanders,veteran,2.0
Emanuel Wilson,RB,Packers,2025.0,1.0,1.03,1.03,0.0,0.004,2023.0,Broncos,veteran,2.0
Keaontay Ingram,RB,Chiefs,2025.0,1.0,1.03,1.03,0.0,0.004,2022.0,Cardinals,veteran,3.0
Isaiah Spiller,RB,Raiders,2025.0,1.0,1.03,1.03,0.0,0.004,2022.0,Chargers,veteran,3.0
Demetric Felton,RB,Commanders,2025.0,1.0,1.03,1.03,0.0,0.004,2021.0,Browns,veteran,4.0
Zonovan Knight,RB,Cardinals,2025.0,1.0,1.03,1.03,0.0,0.004,2022.0,Jets,veteran,3.0
Tyler Goodson,RB,Colts,2025.0,1.0,1.03,1.03,0.0,0.004,2022.0,Packers,veteran,3.0
Tyrion Davis-Price,RB,Packers,2025.0,1.0,1.03,1.03,0.0,0.004,2022.0,49ers,veteran,3.0
Matt Dayes,RB,Browns,2017.0,4.0,2.464284,0.616071,0.064284,0.004,2017.0,Browns,rookie,0.0
Tyler Varga,RB,Colts,2015.0,3.0,1.581,0.527,0.006,0.004,2015.0,Colts,rookie,0.0
Corey Grant,RB,Jaguars,2015.0,3.0,1.58,0.526667,0.005,0.004,2015.0,Jaguars,rookie,0.0
Zach Zenner,RB,Lions,2015.0,3.0,1.58,0.526667,0.005,0.004,2015.0,Lions,rookie,0.0
Mark Weisman,RB,Bengals,2015.0,3.0,1.5785,0.526167,0.0035,0.004,2015.0,Bengals,rookie,0.0
Kendall Gaskins,RB,49ers,2016.0,2.0,1.14,0.57,0.0,0.004,2013.0,Bills,veteran,3.0
Akeem Hunt,RB,Texans,2016.0,2.0,1.14,0.57,0.0,0.004,2015.0,Giants,veteran,1.0
Terron Ward,RB,Falcons,2016.0,2.0,1.14,0.57,0.0,0.004,2015.0,Falcons,veteran,1.0
Trenton Cannon,RB,NYJ/CAR,2018.0,4.0,2.599228,0.649807,0.139228,0.004,2018.0,Jets,rookie,0.0
Tony Creecy,RB,Patriots,2015.0,3.0,1.575,0.525,0.0,0.004,2015.0,Patriots,rookie,0.0
Braylon Heard,RB,Steelers,2015.0,3.0,1.575,0.525,0.0,0.004,2015.0,Steelers,rookie,0.0
Ricky Seale,RB,Bills,2015.0,3.0,1.575,0.525,0.0,0.004,2015.0,Bills,rookie,0.0
Luke Lundy,RB,Browns,2015.0,3.0,1.575,0.525,0.0,0.004,2015.0,Browns,rookie,0.0
Jawon Chisholm,RB,Steelers,2015.0,3.0,1.575,0.525,0.0,0.004,2015.0,Steelers,rookie,0.0
James Starks,RB,Packers,2010.0,4.0,1.8903,0.472575,0.1003,0.004,2010.0,Packers,rookie,0.0
Drake Dunsmore,RB,Buccaneers,2013.0,2.0,0.9,0.45,0.0,0.004,2012.0,Buccaneers,veteran,1.0
Zach Evans,RB,Jets,2025.0,2.0,2.035,1.0175,0.0,0.004,2023.0,Rams,veteran,2.0
Rashad Jennings,RB,Jaguars,2009.0,4.0,1.78845,0.447113,0.03845,0.004,2009.0,Jaguars,rookie,0.0
Tyler Gaffney,RB,Patriots,2021.0,1.0,0.66,0.66,0.0,0.004,2014.0,Panthers,veteran,7.0
Stevie Scott III,RB,Broncos,2021.0,1.0,0.66,0.66,0.0,0.004,2021.0,Saints,rookie,0.0
Cameron Scarlett,RB,Seahawks,2021.0,1.0,0.66,0.66,0.0,0.004,2020.0,Titans,veteran,1.0
Mike Weber,RB,Giants,2021.0,1.0,0.66,0.66,0.0,0.004,2019.0,Cowboys,veteran,2.0
Ty Williams,RB,Ravens,2021.0,1.0,0.66,0.66,0.0,0.004,2020.0,Ravens,veteran,1.0
Jordan Chunn,RB,Giants,2021.0,1.0,0.66,0.66,0.0,0.004,2018.0,Cowboys,veteran,3.0
Pete Guerriero,RB,Steelers,2021.0,1.0,0.66,0.66,0.0,0.004,2020.0,Jets,veteran,1.0
Adrian Killins,RB,Broncos,2021.0,1.0,0.66,0.66,0.0,0.004,2020.0,Eagles,veteran,1.0
Mikey Daniel,RB,Panthers,2021.0,1.0,0.66,0.66,0.0,0.004,2020.0,Falcons,veteran,1.0
Michael Warren,RB,Lions,2021.0,1.0,0.66,0.66,0.0,0.004,2020.0,Eagles,veteran,1.0
Javon Leake,RB,Lions,2021.0,1.0,0.66,0.66,0.0,0.004,2020.0,Giants,veteran,1.0
Khalfani Muhammad,RB,Cardinals,2021.0,1.0,0.66,0.66,0.0,0.004,2017.0,Titans,veteran,4.0
Shane Bannon,RB,Chiefs,2012.0,2.0,0.87,0.435,0.0,0.004,2011.0,Chiefs,veteran,1.0
Trayveon Williams,RB,Bengals,2019.0,4.0,2.701984,0.675496,0.181984,0.004,2019.0,Bengals,rookie,0.0
Evan Hull,RB,Texans,2026.0,1.0,1.08,1.08,0.005,0.004,2023.0,Colts,veteran,3.0
Emanuel Wilson,RB,Packers,2024.0,1.0,0.915,0.915,0.0,0.004,2023.0,Broncos,veteran,1.0
Zander Horvath,RB,Dolphins,2024.0,1.0,0.915,0.915,0.0,0.004,2022.0,Chargers,veteran,2.0
Silas Redd,RB,Commanders,2015.0,3.0,1.538,0.512667,0.008,0.004,2014.0,Commanders,veteran,1.0
Ty Johnson,RB,NYJ/DET,2019.0,4.0,2.692556,0.673139,0.172556,0.004,2019.0,Lions,rookie,0.0
Lan Larison,RB,Patriots,2025.0,3.0,2.99,0.996667,0.175,0.004,2025.0,Patriots,rookie,0.0
Cody Schrader,RB,Broncos,2026.0,1.0,1.075,1.075,0.0,0.004,2024.0,49ers,veteran,2.0
Brittain Brown,RB,Bears,2026.0,1.0,1.075,1.075,0.0,0.004,2022.0,Raiders,veteran,4.0
Tyler Badie,RB,Broncos,2026.0,1.0,1.075,1.075,0.0,0.004,2022.0,Ravens,veteran,4.0
Deuce Vaughn,RB,Broncos,2026.0,1.0,1.075,1.075,0.0,0.004,2023.0,Cowboys,veteran,3.0
George Holani,RB,Seahawks,2026.0,1.0,1.075,1.075,0.0,0.004,2024.0,Seahawks,veteran,2.0
Kimani Vidal,RB,Chargers,2026.0,1.0,1.075,1.075,0.0,0.004,2024.0,Chargers,veteran,2.0
Dexter Williams,RB,Packers,2019.0,4.0,2.686056,0.671514,0.166056,0.004,2019.0,Packers,rookie,0.0
Marcus Yarns,RB,Saints,2025.0,3.0,2.985,0.995,0.12,0.004,2025.0,Saints,rookie,0.0
Cierre Wood,RB,Bills,2015.0,1.0,0.51,0.51,0.0,0.004,2013.0,Texans,veteran,2.0
Nate Carter,RB,Falcons,2025.0,3.0,2.98,0.993333,0.171,0.004,2025.0,Falcons,rookie,0.0
Jalen White,RB,Packers,2025.0,3.0,2.98,0.993333,0.015,0.004,2025.0,Packers,rookie,0.0
Darwin Thompson,RB,Chiefs,2019.0,4.0,2.67734,0.669335,0.12784,0.004,2019.0,Chiefs,rookie,0.0
ShunDerrick Powell,RB,Eagles,2025.0,3.0,2.9785,0.992833,0.0765,0.004,2025.0,Eagles,rookie,0.0
Peyton Barber,RB,Buccaneers,2018.0,1.0,0.63,0.63,0.0,0.004,2016.0,Buccaneers,veteran,2.0
George Atkinson III,RB,Jets,2018.0,1.0,0.63,0.63,0.0,0.004,2014.0,Raiders,veteran,4.0
Alex Collins,RB,Ravens,2018.0,1.0,0.63,0.63,0.0,0.004,2016.0,Seahawks,veteran,2.0
Malcolm Brown,RB,Rams,2018.0,1.0,0.63,0.63,0.0,0.004,2015.0,Rams,veteran,3.0
Bronson Hill,RB,Packers,2018.0,1.0,0.63,0.63,0.0,0.004,2015.0,Bills,veteran,3.0
Tre Stewart,RB,Vikings,2025.0,3.0,2.975,0.991667,0.16,0.004,2025.0,Vikings,rookie,0.0
Kay'ron Lynch-Adams,RB,Panthers,2025.0,3.0,2.975,0.991667,0.01,0.004,2025.0,Panthers,rookie,0.0
Jordan Waters,RB,Rams,2025.0,3.0,2.972,0.990667,0.007,0.004,2025.0,Rams,rookie,0.0
Raheim Sanders,RB,Browns,2025.0,3.0,2.97,0.99,0.06,0.004,2025.0,Chargers,rookie,0.0
Kye Robichaux,RB,Lions,2025.0,3.0,2.97,0.99,0.05,0.004,2025.0,Lions,rookie,0.0
Quali Conley,RB,Bengals,2025.0,3.0,2.966,0.988667,0.001,0.004,2025.0,Bengals,rookie,0.0
Sone Ntoh,RB,Ravens,2025.0,3.0,2.966,0.988667,0.001,0.004,2025.0,Ravens,rookie,0.0
Toa Taua,RB,Browns,2025.0,3.0,2.965,0.988333,0.0,0.004,2025.0,Browns,rookie,0.0
Deion Hankins,RB,Bears,2025.0,3.0,2.965,0.988333,0.0,0.004,2025.0,Bears,rookie,0.0
Marcus Major,RB,Ravens,2025.0,3.0,2.965,0.988333,0.0,0.004,2025.0,Ravens,rookie,0.0
Nay'Quan Wright,RB,Colts,2025.0,3.0,2.965,0.988333,0.0,0.004,2025.0,Colts,rookie,0.0
Shane Watts,RB,Patriots,2025.0,3.0,2.965,0.988333,0.0,0.004,2025.0,Patriots,rookie,0.0
Travis Homer,RB,Seahawks,2019.0,4.0,2.66336,0.66584,0.14336,0.004,2019.0,Seahawks,rookie,0.0
Blake Watson,RB,Titans,2026.0,2.0,2.125,1.0625,0.0,0.004,2024.0,Broncos,veteran,2.0
Carson Steele,RB,Eagles,2026.0,2.0,2.125,1.0625,0.0,0.004,2024.0,Chiefs,veteran,2.0
Josh Williams,RB,Buccaneers,2026.0,2.0,2.125,1.0625,0.0,0.004,2025.0,Buccaneers,veteran,1.0
Owen Wright,RB,Buccaneers,2026.0,2.0,2.125,1.0625,0.0,0.004,2023.0,Ravens,veteran,3.0
Rodney Anderson,RB,Bengals,2019.0,4.0,2.64784,0.66196,0.12784,0.004,2019.0,Bengals,rookie,0.0
Brandon Wegher,RB,Rams,2017.0,2.0,1.17,0.585,0.0,0.004,2015.0,Panthers,veteran,2.0
Storm Johnson,RB,Dolphins,2017.0,2.0,1.17,0.585,0.0,0.004,2014.0,Jaguars,veteran,3.0
Senorise Perry,RB,Dolphins,2017.0,2.0,1.17,0.585,0.0,0.004,2014.0,Bears,veteran,3.0
David Fluellen,RB,Titans,2017.0,2.0,1.17,0.585,0.0,0.004,2014.0,Eagles,veteran,3.0
Josh Ferguson,RB,Colts,2016.0,3.0,1.63,0.543333,0.035,0.003,2016.0,Colts,rookie,0.0
Kenneth Farrow,RB,Chargers,2016.0,3.0,1.625,0.541667,0.005,0.003,2016.0,Chargers,rookie,0.0
Rob Kelley,RB,Commanders,2016.0,3.0,1.623,0.541,0.003,0.003,2016.0,Commanders,rookie,0.0
Jhurell Pressley,RB,Packers,2016.0,3.0,1.623,0.541,0.003,0.003,2016.0,Vikings,rookie,0.0
Aaron Green,RB,Rams,2016.0,3.0,1.62,0.54,0.0,0.003,2016.0,Rams,rookie,0.0
Jared Baker,RB,Cardinals,2016.0,3.0,1.62,0.54,0.0,0.003,2016.0,Cardinals,rookie,0.0
Dy'Shawn Mobley,RB,Bengals,2016.0,3.0,1.62,0.54,0.0,0.003,2016.0,Bengals,rookie,0.0
Chase Price,RB,Colts,2016.0,3.0,1.62,0.54,0.0,0.003,2016.0,Colts,rookie,0.0
Kelsey Young,RB,Commanders,2016.0,3.0,1.62,0.54,0.0,0.003,2016.0,Commanders,rookie,0.0
Sam Bergen,RB,Titans,2016.0,3.0,1.62,0.54,0.0,0.003,2016.0,Titans,rookie,0.0
Christian Powell,RB,Steelers,2016.0,1.0,0.45,0.54,0.0,0.003,2016.0,Steelers,rookie,0.0
Jalen Richard,RB,Raiders,2016.0,3.0,1.62,0.54,0.0,0.003,2016.0,Raiders,rookie,0.0
Romar Morris,RB,Jets,2016.0,3.0,1.62,0.54,0.0,0.003,2016.0,Jets,rookie,0.0
D.J. Foster,RB,Patriots,2016.0,3.0,1.62,0.54,0.0,0.003,2016.0,Patriots,rookie,0.0
Marshaun Coprich,RB,Giants,2016.0,3.0,1.62,0.54,0.0,0.003,2016.0,Giants,rookie,0.0
Byron Marshall,RB,Eagles,2016.0,3.0,1.62,0.54,0.0,0.003,2016.0,Eagles,rookie,0.0
Sione Houma,RB,Saints,2016.0,3.0,1.62,0.54,0.0,0.003,2016.0,Saints,rookie,0.0
Kenneth Dixon,RB,Jets,2019.0,2.0,1.305,0.6525,0.0,0.003,2016.0,Ravens,veteran,3.0
J'Mari Taylor,RB,Jaguars,2026.0,3.0,3.13,1.043333,0.2775,0.003,2026.0,Jaguars,rookie,0.0
Myles Gaskin,RB,Dolphins,2019.0,4.0,2.607108,0.651777,0.087108,0.003,2019.0,Dolphins,rookie,0.0
Myles Montgomery,RB,Patriots,2026.0,3.0,3.125,1.041667,0.2725,0.003,2026.0,Patriots,rookie,0.0
Tra Carson,RB,Lions,2020.0,1.0,0.685,0.685,0.01,0.003,2016.0,Bengals,veteran,4.0
Noah Whittington,RB,Texans,2026.0,3.0,3.12,1.04,0.2675,0.003,2026.0,Texans,rookie,0.0
C.J. Donaldson,RB,Saints,2026.0,3.0,3.12,1.04,0.09,0.003,2026.0,Saints,rookie,0.0
Chip Trayanum,RB,Jets,2026.0,3.0,3.12,1.04,0.195,0.003,2026.0,Jets,rookie,0.0
Coleman Bennett,RB,Bears,2026.0,3.0,3.12,1.04,0.145,0.003,2026.0,Bears,rookie,0.0
Robert Henry Jr.,RB,Commanders,2026.0,3.0,3.12,1.04,0.22,0.003,2026.0,Commanders,rookie,0.0
Roman Hemby,RB,Raiders,2026.0,3.0,3.12,1.04,0.22,0.003,2026.0,Raiders,rookie,0.0
Dean Connors,RB,Rams,2026.0,3.0,3.12,1.04,0.02,0.003,2026.0,Rams,rookie,0.0
Desmond Reid,RB,Bills,2026.0,3.0,3.115,1.038333,0.015,0.003,2026.0,Bills,rookie,0.0
Jaden Nixon,RB,Packers,2026.0,3.0,3.115,1.038333,0.015,0.003,2026.0,Packers,rookie,0.0
Cash Jones,RB,Falcons,2026.0,3.0,3.115,1.038333,0.235,0.003,2026.0,Falcons,rookie,0.0
Davon Booth,RB,Browns,2026.0,3.0,3.115,1.038333,0.165,0.003,2026.0,Browns,rookie,0.0
Kentrel Bullock,RB,Bengals,2026.0,3.0,3.115,1.038333,0.015,0.003,2026.0,Bengals,rookie,0.0
Damon Bankston,RB,Giants,2026.0,3.0,3.115,1.038333,0.115,0.003,2026.0,Giants,rookie,0.0
Joshua Pitsenberger,RB,Texans,2026.0,3.0,3.112,1.037333,0.062,0.003,2026.0,Texans,rookie,0.0
Le'Veon Moss,RB,Dolphins,2026.0,3.0,3.1105,1.036833,0.258,0.003,2026.0,Dolphins,rookie,0.0
Elijah Tau-Tolliver,RB,Ravens,2026.0,3.0,3.11,1.036667,0.01,0.003,2026.0,Ravens,rookie,0.0
Greg Desrosiers Jr.,RB,Chargers,2026.0,3.0,3.11,1.036667,0.01,0.003,2026.0,Chargers,rookie,0.0
Dontae McMillan,RB,Ravens,2026.0,3.0,3.1075,1.035833,0.0075,0.003,2026.0,Ravens,rookie,0.0
Aaron Shampklin,RB,Dolphins,2025.0,1.0,0.96,0.96,0.0,0.003,2022.0,Cowboys,veteran,3.0
Jase McClellan,RB,Buccaneers,2025.0,1.0,0.96,0.96,0.0,0.003,2024.0,Falcons,veteran,1.0
Deneric Prince,RB,Patriots,2025.0,1.0,0.96,0.96,0.0,0.003,2023.0,Chiefs,veteran,2.0
Elijah Dotson,RB,Falcons,2025.0,1.0,0.96,0.96,0.0,0.003,2023.0,Chargers,veteran,2.0
Jordon Vaughn,RB,Colts,2026.0,3.0,3.105,1.035,0.005,0.003,2026.0,Colts,rookie,0.0
Dominic Richardson,RB,Cowboys,2026.0,3.0,3.105,1.035,0.05,0.003,2026.0,Cowboys,rookie,0.0
Sam Scott,RB,Jets,2026.0,3.0,3.105,1.035,0.005,0.003,2026.0,Jets,rookie,0.0
Anthony Hankerson,RB,Dolphins,2026.0,3.0,3.105,1.035,0.005,0.003,2026.0,Dolphins,rookie,0.0
Gerrid Doaks,RB,Texans,2024.0,2.0,1.755,0.8775,0.0,0.003,2021.0,Dolphins,veteran,3.0
Kadarius Calloway,RB,Buccaneers,2026.0,3.0,3.101,1.033667,0.001,0.003,2026.0,Buccaneers,rookie,0.0
Jamal Haynes,RB,Bengals,2026.0,3.0,3.101,1.033667,0.001,0.003,2026.0,Bengals,rookie,0.0
Jaydn Ott,RB,Chiefs,2026.0,3.0,3.1,1.033333,0.075,0.003,2026.0,Chiefs,rookie,0.0
E.J. Smith,RB,Chiefs,2026.0,3.0,3.1,1.033333,0.1,0.003,2026.0,Chiefs,rookie,0.0
Miles Davis,RB,Panthers,2026.0,3.0,3.1,1.033333,0.0,0.003,2026.0,Panthers,rookie,0.0
T.J. Harden,RB,Browns,2026.0,3.0,3.1,1.033333,0.025,0.003,2026.0,Browns,rookie,0.0
Anderson Castle,RB,Colts,2026.0,3.0,3.1,1.033333,0.0,0.003,2026.0,Colts,rookie,0.0
Kejon Owens,RB,Vikings,2026.0,3.0,3.1,1.033333,0.0,0.003,2026.0,Vikings,rookie,0.0
Mack Brown,RB,Raiders,2019.0,1.0,0.645,0.645,0.0,0.003,2015.0,Texans,veteran,4.0
Elijhaa Penny,RB,Giants,2019.0,1.0,0.645,0.645,0.0,0.003,2016.0,Cardinals,veteran,3.0
Brandon Wilds,RB,Cardinals,2019.0,1.0,0.645,0.645,0.0,0.003,2016.0,Falcons,veteran,3.0
Troymaine Pope,RB,Chargers,2019.0,1.0,0.645,0.645,0.0,0.003,2016.0,Seahawks,veteran,3.0
C.J. Ham,RB,Vikings,2019.0,1.0,0.645,0.645,0.0,0.003,2016.0,Vikings,veteran,3.0
D.J. Foster,RB,Cardinals,2019.0,1.0,0.645,0.645,0.0,0.003,2016.0,Patriots,veteran,3.0
Matt Dayes,RB,Saints,2019.0,1.0,0.645,0.645,0.0,0.003,2017.0,Browns,veteran,2.0
Pierre Thomas,RB,Saints,2007.0,3.0,1.12,0.373333,0.005,0.003,2007.0,Saints,rookie,0.0
Dare Ogunbowale,RB,Jaguars,2020.0,1.0,0.675,0.675,0.0,0.003,2017.0,Texans,veteran,3.0
Wes Hills,RB,Lions,2020.0,1.0,0.675,0.675,0.0,0.003,2019.0,Cardinals,veteran,1.0
Javian Hawkins,RB,Rams,2022.0,1.0,0.705,0.705,0.0,0.003,2021.0,Falcons,veteran,1.0
BJ Emmons,RB,Texans,2022.0,1.0,0.705,0.705,0.0,0.003,2021.0,Seahawks,veteran,1.0
Asim Rose,RB,LAR/MIN,2022.0,1.0,0.705,0.705,0.0,0.003,2021.0,Vikings,veteran,1.0
Darius Bradwell,RB,Panthers,2022.0,1.0,0.705,0.705,0.0,0.003,2020.0,Chargers,veteran,2.0
Elijah Holyfield,RB,Bengals,2022.0,1.0,0.705,0.705,0.0,0.003,2019.0,Panthers,veteran,3.0
Pooka Williams Jr.,RB,Bengals,2022.0,1.0,0.705,0.705,0.0,0.003,2021.0,Bengals,veteran,1.0
Brenden Knox,RB,Chiefs,2022.0,1.0,0.705,0.705,0.0,0.003,2021.0,Cowboys,veteran,1.0
Stevie Scott III,RB,Broncos,2022.0,1.0,0.705,0.705,0.0,0.003,2021.0,Saints,veteran,1.0
Darius Anderson,RB,Texans,2022.0,1.0,0.705,0.705,0.0,0.003,2020.0,Cowboys,veteran,2.0
Matthew Colburn,RB,Jaguars,2022.0,1.0,0.705,0.705,0.0,0.003,2019.0,Rams,veteran,3.0
Max Borghi,RB,Broncos,2022.0,1.0,0.705,0.705,0.0,0.003,2022.0,Colts,rookie,0.0
Tion Green,RB,Colts,2018.0,2.0,1.2,0.6,0.0,0.003,2017.0,Lions,veteran,1.0
Deveron Carr,RB,Chiefs,2016.0,1.0,0.525,0.525,0.0,0.003,2013.0,Buccaneers,veteran,3.0
Marion Grice,RB,Cardinals,2016.0,1.0,0.525,0.525,0.0,0.003,2014.0,Chargers,veteran,2.0
Vick Ballard,RB,Saints,2016.0,1.0,0.525,0.525,0.0,0.003,2012.0,Colts,veteran,4.0
Matthew Tucker,RB,Jets,2016.0,1.0,0.525,0.525,0.0,0.003,2013.0,Eagles,veteran,3.0
Justin Davis,RB,Rams,2017.0,3.0,1.68,0.56,0.015,0.003,2017.0,Rams,rookie,0.0
Lache Seastrunk,RB,Cowboys,2015.0,2.0,0.96,0.48,0.0,0.003,2014.0,Commanders,veteran,1.0
Onterio McCalebb,RB,Bengals,2015.0,2.0,0.96,0.48,0.0,0.003,2013.0,Bengals,veteran,2.0
Rod Smith,RB,Cowboys,2015.0,2.0,0.96,0.48,0.0,0.003,2015.0,Seahawks,rookie,0.0
Nikita Whitlock,RB,Giants,2015.0,2.0,0.96,0.48,0.0,0.003,2014.0,Bengals,veteran,1.0
Toben Opurum,RB,Broncos,2015.0,2.0,0.96,0.48,0.0,0.003,2013.0,Chiefs,veteran,2.0
Corey Clement,RB,Eagles,2017.0,3.0,1.675,0.558333,0.035,0.003,2017.0,Eagles,rookie,0.0
Taquan Mizzell,RB,CHI/BAL,2017.0,3.0,1.673,0.557667,0.008,0.003,2017.0,Ravens,rookie,0.0
Joel Bouagnon,RB,Bears,2017.0,3.0,1.6725,0.5575,0.0075,0.003,2017.0,Bears,rookie,0.0
Jordan Mims,RB,49ers,2026.0,1.0,1.005,1.005,0.0,0.003,2023.0,Bills,veteran,3.0
Jermar Jefferson,RB,49ers,2026.0,1.0,1.005,1.005,0.0,0.003,2021.0,Lions,veteran,5.0
Kendall Milton,RB,Bengals,2026.0,1.0,1.005,1.005,0.0,0.003,2024.0,Eagles,veteran,2.0
Carlos Washington Jr.,RB,Dolphins,2026.0,1.0,1.005,1.005,0.0,0.003,2023.0,Falcons,veteran,3.0
Jacob Saylors,RB,Lions,2026.0,1.0,1.005,1.005,0.0,0.003,2023.0,Bengals,veteran,3.0
Chris Collier,RB,Raiders,2026.0,1.0,1.005,1.005,0.0,0.003,2024.0,Ravens,veteran,2.0
Sincere McCormick,RB,49ers,2026.0,1.0,1.005,1.005,0.0,0.003,2022.0,Raiders,veteran,4.0
Abram Smith,RB,Vikings,2023.0,1.0,0.75,0.75,0.0,0.003,2022.0,Saints,veteran,1.0
Jerrion Ealy,RB,Chiefs,2023.0,1.0,0.75,0.75,0.0,0.003,2022.0,Chiefs,veteran,1.0
CJ Marable,RB,Patriots,2023.0,1.0,0.75,0.75,0.0,0.003,2021.0,Bears,veteran,2.0
Darius Hagans,RB,Steelers,2023.0,1.0,0.75,0.75,0.0,0.003,2023.0,Colts,rookie,0.0
John Lovett,RB,Steelers,2023.0,1.0,0.75,0.75,0.0,0.003,2022.0,Panthers,veteran,1.0
Master Teague,RB,Steelers,2023.0,1.0,0.75,0.75,0.0,0.003,2022.0,Bears,veteran,1.0
Emanuel Wilson,RB,Packers,2023.0,1.0,0.75,0.75,0.0,0.003,2023.0,Broncos,rookie,0.0
Wayne Taulapapa,RB,Seahawks,2023.0,1.0,0.75,0.75,0.0,0.003,2023.0,Seahawks,rookie,0.0
BJ Baylor,RB,Falcons,2023.0,1.0,0.75,0.75,0.0,0.003,2022.0,Packers,veteran,1.0
Kennedy Brooks,RB,Eagles,2023.0,1.0,0.75,0.75,0.0,0.003,2022.0,Eagles,veteran,1.0
Aaron Shampklin,RB,Colts,2023.0,1.0,0.75,0.75,0.0,0.003,2022.0,Cowboys,veteran,1.0
Stevie Scott III,RB,Cardinals,2023.0,1.0,0.75,0.75,0.0,0.003,2021.0,Saints,veteran,2.0
Austin Ekeler,RB,Chargers,2017.0,3.0,1.67,0.556667,0.005,0.003,2017.0,Chargers,rookie,0.0
I'Tavius Mathers,RB,Jaguars,2017.0,3.0,1.67,0.556667,0.01,0.003,2017.0,Jaguars,rookie,0.0
Tion Green,RB,Lions,2017.0,3.0,1.67,0.556667,0.01,0.003,2017.0,Lions,rookie,0.0
Matt Breida,RB,49ers,2017.0,3.0,1.67,0.556667,0.03,0.003,2017.0,49ers,rookie,0.0
Paul Magloire,RB,Buccaneers,2017.0,3.0,1.67,0.556666,0.005,0.003,2017.0,Buccaneers,rookie,0.0
Dalton Crossan,RB,Colts,2017.0,3.0,1.668,0.556,0.003,0.003,2017.0,Colts,rookie,0.0
Lenard Tillery,RB,Rams,2017.0,3.0,1.6675,0.555833,0.0025,0.003,2017.0,Rams,rookie,0.0
Stanley Williams,RB,Bengals,2017.0,3.0,1.6675,0.555833,0.0025,0.003,2017.0,Bengals,rookie,0.0
Danny Woodhead,RB,Jets,2008.0,3.0,1.157,0.385667,0.002,0.003,2008.0,Jets,rookie,0.0
Blake Sims,RB,Buccaneers,2017.0,3.0,1.665,0.555,0.0,0.003,2016.0,Buccaneers,veteran,1.0
Jacob Huesman,RB,Giants,2017.0,3.0,1.665,0.555,0.0,0.003,2016.0,Giants,veteran,1.0
Daryl Virgies,RB,Giants,2017.0,3.0,1.665,0.555,0.0,0.003,2017.0,Giants,rookie,0.0
Jordan Johnson,RB,Bills,2017.0,3.0,1.665,0.555,0.0,0.003,2017.0,Bills,rookie,0.0
Kalif Phillips,RB,Packers,2017.0,3.0,1.665,0.555,0.0,0.003,2017.0,Packers,rookie,0.0
Khalid Abdullah,RB,Giants,2017.0,3.0,1.665,0.555,0.0,0.003,2017.0,Giants,rookie,0.0
Terrell Newby,RB,Vikings,2017.0,3.0,1.665,0.555,0.0025,0.003,2017.0,Vikings,rookie,0.0
William Stanback,RB,Packers,2017.0,3.0,1.665,0.555,0.0,0.003,2017.0,Packers,rookie,0.0
Quayvon Hicks,RB,Buccaneers,2017.0,3.0,1.665,0.555,0.0,0.003,2016.0,Buccaneers,veteran,1.0
Rushel Shell,RB,Steelers,2017.0,3.0,1.665,0.555,0.0,0.003,2017.0,Steelers,rookie,0.0
Malcolm Brown,RB,Rams,2015.0,3.0,1.425,0.475,0.0,0.003,2015.0,Rams,rookie,0.0
D.J. Williams,RB,Buccaneers,2025.0,2.0,1.845,0.9225,0.0,0.003,2024.0,Buccaneers,veteran,1.0
Kenneth Farrow,RB,Dolphins,2019.0,2.0,1.23,0.615,0.0,0.003,2016.0,Chargers,veteran,3.0
Russ Hansbrough,RB,Commanders,2019.0,2.0,1.23,0.615,0.0,0.003,2016.0,Buccaneers,veteran,3.0
Roc Thomas,RB,Jaguars,2019.0,2.0,1.23,0.615,0.0,0.003,2018.0,Vikings,veteran,1.0
Phillip Lindsay,RB,Broncos,2018.0,3.0,1.725,0.575,0.015,0.003,2018.0,Broncos,rookie,0.0
Darrel Williams,RB,Chiefs,2018.0,3.0,1.725,0.575,0.045,0.003,2018.0,Chiefs,rookie,0.0
Shaun Wilson,RB,Buccaneers,2018.0,3.0,1.72,0.573333,0.02,0.003,2018.0,Buccaneers,rookie,0.0
Darrin Reaves,RB,Chiefs,2017.0,1.0,0.54,0.54,0.0,0.003,2014.0,Panthers,veteran,3.0
David Cobb,RB,Bears,2017.0,1.0,0.54,0.54,0.0,0.003,2015.0,Titans,veteran,2.0
Don Jackson,RB,Packers,2017.0,1.0,0.54,0.54,0.0,0.003,2016.0,Packers,veteran,1.0
Karlos Williams,RB,Steelers,2017.0,1.0,0.54,0.54,0.0,0.003,2015.0,Bills,veteran,2.0
Buddy Howell,RB,Dolphins,2018.0,3.0,1.7175,0.5725,0.0075,0.003,2018.0,Dolphins,rookie,0.0
Mike Boone,RB,Vikings,2018.0,3.0,1.7175,0.5725,0.0075,0.003,2018.0,Vikings,rookie,0.0
Terry Swanson,RB,Texans,2018.0,3.0,1.716,0.572,0.021,0.003,2018.0,Texans,rookie,0.0
J.D. Moore,RB,Chiefs,2018.0,3.0,1.715,0.571667,0.005,0.003,2018.0,Chiefs,rookie,0.0
Malik Williams,RB,Falcons,2018.0,3.0,1.714,0.571333,0.004,0.003,2018.0,Falcons,rookie,0.0
Akrum Wadley,RB,Titans,2018.0,3.0,1.713,0.571,0.015,0.003,2018.0,Titans,rookie,0.0
Justin Crawford,RB,Falcons,2018.0,3.0,1.7125,0.570833,0.0025,0.003,2018.0,Falcons,rookie,0.0
Dom Williams,RB,Jets,2016.0,2.0,1.0,0.5,0.01,0.003,2014.0,Vikings,veteran,2.0
Sherman Badie,RB,Cardinals,2018.0,3.0,1.71,0.57,0.0,0.003,2018.0,Cardinals,rookie,0.0
Johnny Stanton,RB,Vikings,2018.0,3.0,1.71,0.57,0.0,0.003,2018.0,Vikings,rookie,0.0
Nick Holley,RB,Rams,2018.0,3.0,1.71,0.57,0.0,0.003,2018.0,Rams,rookie,0.0
Ja'Quan Gardner,RB,49ers,2018.0,3.0,1.71,0.57,0.0,0.003,2018.0,,rookie,0.0
Chris Warren,RB,Raiders,2018.0,3.0,1.71,0.57,0.0,0.003,2018.0,Raiders,rookie,0.0
Gerald Holmes,RB,Seahawks,2018.0,3.0,1.71,0.57,0.0,0.003,2018.0,Seahawks,rookie,0.0
Jordan Waters,RB,Rams,2026.0,2.0,1.935,0.9675,0.0,0.003,2025.0,Rams,veteran,1.0
Frank Gore Jr.,RB,Bills,2026.0,2.0,1.935,0.9675,0.0,0.003,2024.0,Bills,veteran,2.0
Michael Wiley,RB,Buccaneers,2026.0,2.0,1.935,0.9675,0.0,0.003,2024.0,Commanders,veteran,2.0
Jon Hilliman,RB,Giants,2020.0,2.0,1.267,0.6335,0.007,0.003,2019.0,Giants,veteran,1.0
Ross Scheuerman,RB,Eagles,2016.0,2.0,0.99,0.495,0.0,0.003,2015.0,Steelers,veteran,1.0
Ben Malena,RB,Cowboys,2016.0,2.0,0.99,0.495,0.0,0.003,2014.0,Cowboys,veteran,2.0
Abou Toure,RB,Colts,2016.0,2.0,0.99,0.495,0.0,0.003,2015.0,Colts,veteran,1.0
Bronson Hill,RB,Jaguars,2016.0,2.0,0.99,0.495,0.0,0.003,2015.0,Bills,veteran,1.0
Zach Laskey,RB,Rams,2016.0,2.0,0.99,0.495,0.0,0.003,2015.0,Rams,veteran,1.0
Paul Lasike,RB,Bears,2016.0,2.0,0.99,0.495,0.0,0.003,2015.0,Cardinals,veteran,1.0
Peyton Barber,RB,Buccaneers,2016.0,2.0,0.99,0.495,0.0,0.003,2016.0,Buccaneers,rookie,0.0
Mack Brown,RB,Vikings,2016.0,2.0,0.99,0.495,0.0,0.003,2015.0,Texans,veteran,1.0
James Wilder,RB,Bills,2016.0,2.0,0.99,0.495,0.0,0.003,2014.0,Bengals,veteran,2.0
Shaun Wilson,RB,Titans,2020.0,2.0,1.26,0.63,0.0,0.003,2018.0,Buccaneers,veteran,2.0
William Stanback,RB,Raiders,2020.0,2.0,1.26,0.63,0.1,0.003,2017.0,Packers,veteran,3.0
Russ Hansbrough,RB,Buccaneers,2016.0,3.0,1.47,0.49,0.0,0.003,2016.0,Buccaneers,rookie,0.0
Brandon Burks,RB,Jets,2016.0,3.0,1.47,0.49,0.0,0.003,2016.0,Packers,rookie,0.0
Tra Carson,RB,Bengals,2016.0,3.0,1.47,0.49,0.0,0.003,2016.0,Bengals,rookie,0.0
C.J. Ham,RB,Vikings,2016.0,3.0,1.47,0.49,0.0,0.003,2016.0,Vikings,rookie,0.0
Chris Ivory,RB,Saints,2010.0,3.0,1.22,0.406667,0.005,0.003,2010.0,Saints,rookie,0.0
John Crockett,RB,Ravens,2018.0,1.0,0.555,0.555,0.0,0.003,2015.0,Packers,veteran,3.0
De'Veon Smith,RB,Commanders,2018.0,1.0,0.555,0.555,0.0,0.003,2017.0,Dolphins,veteran,1.0
LeShun Daniels,RB,Packers,2018.0,1.0,0.555,0.555,0.0,0.003,2017.0,Patriots,veteran,1.0
Terrell Watson,RB,LAC/NYG,2018.0,1.0,0.555,0.555,0.0,0.003,2015.0,Bengals,veteran,3.0
Nico Evans,RB,Eagles,2019.0,3.0,1.767,0.589,0.012,0.003,2019.0,Eagles,rookie,0.0
Alec Ingold,RB,Raiders,2019.0,3.0,1.765,0.588333,0.01,0.003,2019.0,Raiders,rookie,0.0
Patrick Laird,RB,Dolphins,2019.0,3.0,1.764,0.588,0.02,0.003,2019.0,Dolphins,rookie,0.0
Jalin Moore,RB,Jets,2019.0,3.0,1.7635,0.587333,0.0835,0.003,2019.0,Jets,rookie,0.0
Devontae Jackson,RB,Broncos,2019.0,3.0,1.762,0.587333,0.007,0.003,2019.0,Broncos,rookie,0.0
Travon McMillian,RB,Steelers,2019.0,3.0,1.76,0.586667,0.005,0.003,2019.0,Steelers,rookie,0.0
Devine Ozigbo,RB,Jaguars,2019.0,3.0,1.76,0.586667,0.035,0.003,2019.0,Saints,rookie,0.0
Jeremy Cox,RB,Chargers,2019.0,3.0,1.76,0.586666,0.005,0.003,2019.0,Chargers,rookie,0.0
Alex Barnes,RB,Titans,2019.0,3.0,1.7585,0.586167,0.007,0.003,2019.0,Titans,rookie,0.0
Matthew Colburn,RB,Rams,2019.0,3.0,1.758,0.586,0.003,0.003,2019.0,Rams,rookie,0.0
Ricky Person Jr.,RB,Seahawks,2024.0,1.0,0.795,0.795,0.0,0.003,2022.0,Ravens,veteran,2.0
Spencer Brown,RB,Falcons,2024.0,1.0,0.795,0.795,0.0,0.003,2021.0,Panthers,veteran,3.0
Bryant Koback,RB,Seahawks,2024.0,1.0,0.795,0.795,0.0,0.003,2022.0,Vikings,veteran,2.0
Owen Wright,RB,Ravens,2024.0,1.0,0.795,0.795,0.0,0.003,2023.0,Ravens,veteran,1.0
Lorenzo Lingard,RB,Giants,2024.0,1.0,0.795,0.795,0.0,0.003,2024.0,Jaguars,rookie,0.0
Jaden Shirden,RB,Panthers,2024.0,1.0,0.795,0.795,0.0,0.003,2024.0,Panthers,rookie,0.0
SaRodorick Thompson,RB,Rams,2024.0,1.0,0.795,0.795,0.0,0.003,2023.0,Saints,veteran,1.0
Mohamed Ibrahim,RB,Vikings,2024.0,1.0,0.795,0.795,0.0,0.003,2023.0,Lions,veteran,1.0
Jacob Saylors,RB,Giants,2024.0,1.0,0.795,0.795,0.0,0.003,2023.0,Bengals,veteran,1.0
Adam Choice,RB,Seahawks,2019.0,3.0,1.7568,0.5856,0.0018,0.003,2019.0,Seahawks,rookie,0.0
Darnell Holland,RB,Saints,2019.0,3.0,1.756,0.585333,0.001,0.003,2019.0,Saints,rookie,0.0
Taj McGowan,RB,Jaguars,2019.0,3.0,1.755,0.585,0.0,0.003,2019.0,Jaguars,rookie,0.0
Marcelias Sutton,RB,Seahawks,2019.0,3.0,1.755,0.585,0.0,0.003,2019.0,Seahawks,rookie,0.0
Marquis Young,RB,Colts,2019.0,3.0,1.755,0.585,0.0,0.003,2019.0,Colts,rookie,0.0
D'Ernest Johnson,RB,Browns,2019.0,3.0,1.755,0.585,0.0,0.003,2019.0,Browns,rookie,0.0
Trayone Gray,RB,Browns,2019.0,3.0,1.755,0.585,0.0,0.003,2019.0,Browns,rookie,0.0
Dontae Strickland,RB,Cardinals,2019.0,3.0,1.755,0.585,0.0,0.003,2019.0,Cardinals,rookie,0.0
Napoleon Maxwell,RB,Bears,2020.0,1.0,0.61,0.61,0.0,0.003,2020.0,Bears,rookie,0.0
Patrick Carr,RB,Seahawks,2020.0,1.0,0.61,0.61,0.0,0.003,2020.0,Seahawks,rookie,0.0
Danny Woodhead,RB,NYJ/NE,2010.0,1.0,0.395,0.395,0.0,0.003,2008.0,Jets,veteran,2.0
Chris Swain,RB,Jets,2017.0,2.0,1.02,0.51,0.0,0.003,2016.0,Chargers,veteran,1.0
Cedric O'Neal,RB,Bills,2017.0,2.0,1.02,0.51,0.0,0.003,2016.0,Eagles,veteran,1.0
Jonathan Williams,RB,Broncos,2017.0,1.0,0.51,0.51,0.0,0.003,2016.0,Bills,veteran,1.0
Kelvin Taylor,RB,Falcons,2017.0,2.0,1.02,0.51,0.0,0.003,2016.0,,veteran,1.0
J.C. Copeland,RB,Jets,2015.0,1.0,0.435,0.435,0.0,0.003,2014.0,Cowboys,veteran,1.0
Timothy Flanders,RB,Browns,2015.0,1.0,0.435,0.435,0.0,0.003,2014.0,Saints,veteran,1.0
Eric Kettani,RB,Patriots,2015.0,1.0,0.435,0.435,0.0,0.003,2009.0,Patriots,veteran,6.0
Keith Ford,RB,IND/GB,2019.0,1.0,0.57,0.57,0.0,0.003,2018.0,Bills,veteran,1.0
Gus Edwards,RB,Ravens,2019.0,1.0,0.57,0.57,0.0,0.003,2018.0,Ravens,veteran,1.0
Mark Walton,RB,Dolphins,2019.0,1.0,0.57,0.57,0.0,0.003,2018.0,Bengals,veteran,1.0
Shane Smith,RB,Saints,2019.0,1.0,0.57,0.57,0.0,0.003,2017.0,Giants,veteran,2.0
Evan Brown,RB,Giants,2019.0,1.0,0.57,0.57,0.0,0.003,2018.0,Giants,veteran,1.0
Devante Mays,RB,Jaguars,2019.0,1.0,0.57,0.57,0.0,0.003,2017.0,Packers,veteran,2.0
Elijah Young,RB,Bills,2025.0,1.0,0.84,0.84,0.0,0.003,2025.0,Chiefs,rookie,0.0
Micah Bernard,RB,Patriots,2025.0,1.0,0.84,0.84,0.0,0.003,2025.0,Titans,rookie,0.0
Emani Bailey,RB,Panthers,2025.0,1.0,0.84,0.84,0.0,0.003,2024.0,Chiefs,veteran,1.0
Jarveon Howard,RB,Bills,2025.0,1.0,0.84,0.84,0.0,0.003,2024.0,Packers,veteran,1.0
Nate Noel,RB,Colts,2025.0,1.0,0.84,0.84,0.0,0.003,2025.0,Dolphins,rookie,0.0
Fred Jackson,RB,Bills,2007.0,2.0,0.655,0.3275,0.0,0.003,2006.0,Bills,veteran,1.0
Kelvin Taylor,RB,Chiefs,2016.0,1.0,0.465,0.465,0.0,0.003,2016.0,,rookie,0.0
Dalton Crossan,RB,Buccaneers,2018.0,2.0,1.05,0.525,0.0,0.003,2017.0,Colts,veteran,1.0
Kelvin Taylor,RB,Browns,2018.0,2.0,1.05,0.525,0.0,0.003,2016.0,,veteran,2.0
Tim Cook,RB,Jaguars,2018.0,2.0,1.05,0.525,0.0,0.003,2017.0,Jaguars,veteran,1.0
Lenard Tillery,RB,Titans,2018.0,2.0,1.05,0.525,0.0,0.003,2017.0,Rams,veteran,1.0
Brandon Radcliff,RB,Dolphins,2018.0,2.0,1.05,0.525,0.0,0.003,2017.0,Colts,veteran,1.0
Aaron Green,RB,Bills,2018.0,2.0,1.05,0.525,0.0,0.003,2016.0,Rams,veteran,2.0
Kenny Hilliard,RB,Commanders,2018.0,2.0,1.05,0.525,0.0,0.003,2015.0,Texans,veteran,3.0
Josh Rounds,RB,Browns,2018.0,2.0,1.05,0.525,0.0,0.003,2017.0,Bears,veteran,1.0
ShunDerrick Powell,RB,Chiefs,2026.0,1.0,0.885,0.885,0.0,0.003,2025.0,Eagles,veteran,1.0
Jabari Small,RB,Lions,2026.0,1.0,0.885,0.885,0.0,0.003,2024.0,Titans,veteran,2.0
Lew Nichols III,RB,Steelers,2026.0,1.0,0.885,0.885,0.0,0.003,2023.0,Packers,veteran,3.0
Ahmani Marshall,RB,Browns,2026.0,1.0,0.885,0.885,0.0,0.003,2025.0,Browns,veteran,1.0
Amar Johnson,RB,Chargers,2026.0,1.0,0.885,0.885,0.0,0.003,2025.0,Packers,veteran,1.0
Damien Martinez,RB,Packers,2026.0,1.0,0.885,0.885,0.0,0.003,2025.0,Seahawks,veteran,1.0
Ulysses Bentley IV,RB,Colts,2026.0,1.0,0.885,0.885,0.0,0.003,2025.0,Colts,veteran,1.0
Anthony Tyus III,RB,Panthers,2026.0,1.0,0.885,0.885,0.0,0.003,2025.0,Lions,veteran,1.0
Montrell Johnson Jr.,RB,Panthers,2026.0,1.0,0.885,0.885,0.0,0.003,2025.0,Eagles,veteran,1.0
Jacardia Wright,RB,Seahawks,2026.0,1.0,0.885,0.885,0.0,0.003,2025.0,Seahawks,veteran,1.0
Ja'Quinden Jackson,RB,Jaguars,2026.0,1.0,0.885,0.885,0.0,0.003,2025.0,Jaguars,veteran,1.0
Lache Seastrunk,RB,Jets,2016.0,1.0,0.45,0.45,0.0,0.003,2014.0,Commanders,veteran,2.0
Trey Millard,RB,Chiefs,2016.0,1.0,0.45,0.45,0.0,0.003,2014.0,,veteran,2.0
Cameron Stingily,RB,Steelers,2016.0,1.0,0.45,0.45,0.0,0.003,2015.0,Steelers,veteran,1.0
Cameron Marshall,RB,Jaguars,2016.0,1.0,0.45,0.45,0.0,0.003,2013.0,Dolphins,veteran,3.0
Kevin Monangai,RB,Vikings,2016.0,1.0,0.45,0.45,0.0,0.003,2015.0,Eagles,veteran,1.0
Jahwan Edwards,RB,Browns,2016.0,1.0,0.45,0.45,0.0,0.003,2015.0,Chargers,veteran,1.0
Brandon Ross,RB,Packers,2016.0,1.0,0.45,0.45,0.0,0.003,2016.0,Vikings,rookie,0.0
Terry Williams,RB,Jets,2016.0,1.0,0.45,0.45,0.0,0.003,2016.0,Jets,rookie,0.0
Jonathan Amosa,RB,Seahawks,2016.0,1.0,0.45,0.45,0.0,0.003,2016.0,Seahawks,rookie,0.0
Rajion Neal,RB,Browns,2016.0,1.0,0.45,0.45,0.0,0.003,2014.0,Packers,veteran,2.0
Dare Ogunbowale,RB,Buccaneers,2019.0,2.0,1.08,0.54,0.0,0.003,2017.0,Texans,veteran,2.0
Donnel Pumphrey,RB,Eagles,2019.0,2.0,1.08,0.54,0.0,0.003,2017.0,Eagles,veteran,2.0
Kerrith Whyte,RB,Steelers,2019.0,2.0,1.08,0.54,0.0,0.003,2019.0,Bears,rookie,0.0
A.J. Ouellette,RB,Browns,2019.0,2.0,1.08,0.54,0.0,0.003,2019.0,Saints,rookie,0.0
LeGarrette Blount,RB,Titans,2010.0,2.0,0.735,0.3675,0.01,0.003,2010.0,Titans,rookie,0.0
Karan Higdon,RB,Texans,2020.0,2.0,1.11,0.555,0.0,0.003,2019.0,Texans,veteran,1.0
Jordan Chunn,RB,Cowboys,2020.0,2.0,1.11,0.555,0.0,0.003,2018.0,Cowboys,veteran,2.0
Brandon Brown-Dukes,RB,Steelers,2017.0,1.0,0.465,0.465,0.0,0.003,2016.0,Steelers,veteran,1.0
Elijhaa Penny,RB,Cardinals,2017.0,1.0,0.465,0.465,0.0,0.003,2016.0,Cardinals,veteran,1.0
Brandon Cottom,RB,Seahawks,2017.0,1.0,0.465,0.465,0.0,0.003,2015.0,Seahawks,veteran,2.0
Dreamius Smith,RB,Steelers,2017.0,1.0,0.465,0.465,0.0,0.003,2015.0,Chargers,veteran,2.0
Stephen Houston,RB,Ravens,2017.0,1.0,0.465,0.465,0.0,0.003,2014.0,Patriots,veteran,3.0
Zac Brooks,RB,Broncos,2017.0,1.0,0.465,0.465,0.0,0.003,2016.0,Seahawks,veteran,1.0
Gus Johnson,RB,Steelers,2017.0,1.0,0.465,0.465,0.0,0.003,2015.0,Raiders,veteran,2.0
De'Mard Llorens,RB,Rams,2017.0,1.0,0.465,0.465,0.0,0.003,2017.0,Rams,rookie,0.0
Ray Lawry,RB,Chiefs,2018.0,1.0,0.48,0.48,0.0,0.003,2018.0,Bengals,rookie,0.0
Devine Redding,RB,Buccaneers,2018.0,1.0,0.48,0.48,0.0,0.003,2017.0,Chiefs,veteran,1.0
Akeem Judd,RB,Packers,2018.0,1.0,0.48,0.48,0.0,0.003,2017.0,Titans,veteran,1.0
Larry Rose,RB,Rams,2018.0,1.0,0.48,0.48,0.0,0.003,2018.0,Titans,rookie,0.0
James Summers,RB,Steelers,2018.0,1.0,0.48,0.48,0.0,0.003,2017.0,Cardinals,veteran,1.0
Darius Victor,RB,Cardinals,2018.0,1.0,0.48,0.48,0.0,0.003,2017.0,Saints,veteran,1.0
Elijah Hood,RB,Panthers,2018.0,1.0,0.48,0.48,0.0,0.003,2017.0,Raiders,veteran,1.0
Josh Caldwell,RB,Bears,2019.0,1.0,0.495,0.495,0.0,0.003,2019.0,Chiefs,rookie,0.0
Reggie Bonnafon,RB,Panthers,2019.0,1.0,0.495,0.495,0.0,0.003,2018.0,Panthers,veteran,1.0
James Williams,RB,Lions,2019.0,1.0,0.495,0.495,0.0,0.003,2019.0,Chiefs,rookie,0.0
Martez Carter,RB,Saints,2019.0,1.0,0.495,0.495,0.0,0.003,2018.0,Commanders,veteran,1.0
Malik Williams,RB,Steelers,2019.0,1.0,0.495,0.495,0.0,0.003,2018.0,Falcons,veteran,1.0
Justin Stockton,RB,Lions,2019.0,1.0,0.495,0.495,0.0,0.003,2018.0,Seahawks,veteran,1.0
Robert Martin,RB,Patriots,2019.0,1.0,0.495,0.495,0.0,0.003,2018.0,Giants,veteran,1.0
Darrin Hall,RB,Steelers,2020.0,1.0,0.51,0.51,0.0,0.003,2019.0,Browns,veteran,1.0
Ralph Webb,RB,Steelers,2020.0,1.0,0.51,0.51,0.0,0.003,2018.0,Patriots,veteran,2.0
Marcus Marshall,RB,Chiefs,2020.0,1.0,0.51,0.51,0.0,0.003,2019.0,Chiefs,veteran,1.0
Mark Thompson,RB,Raiders,2020.0,1.0,0.51,0.51,0.0,0.003,2018.0,Ravens,veteran,2.0
Josh Adams,RB,Eagles,2018.0,1.0,0.425,0.425,0.0,0.002,2018.0,Eagles,rookie,0.0
Josh Adams,RB,Jets,2019.0,1.0,0.425,0.425,0.0,0.002,2018.0,Eagles,veteran,1.0
Boston Scott,RB,Saints,2018.0,1.0,0.3876,0.3876,0.0,0.002,2018.0,Saints,rookie,0.0
Byron Marshall,RB,Eagles,2017.0,1.0,0.34,0.34,0.0,0.002,2016.0,Eagles,veteran,1.0
Jeremy Langford,RB,Ravens,2017.0,1.0,0.2975,0.2975,0.0,0.002,2015.0,Bears,veteran,2.0
Matt Jones,RB,Colts,2017.0,1.0,0.2975,0.2975,0.0,0.002,2015.0,Commanders,veteran,2.0
Patrick Laird,RB,Buccaneers,2022.0,1.0,0.3582,0.3582,0.0,0.002,2019.0,Dolphins,veteran,3.0
Phillip Lindsay,RB,Colts,2022.0,1.0,0.3582,0.3582,0.0,0.002,2018.0,Broncos,veteran,4.0
Reggie Bonnafon,RB,Commanders,2022.0,1.0,0.3582,0.3582,0.0,0.002,2018.0,Panthers,veteran,4.0
Melvin Gordon,RB,Chiefs,2022.0,1.0,0.3582,0.3582,0.0,0.002,2015.0,Chargers,veteran,7.0
Royce Freeman,RB,Texans,2022.0,1.0,0.3582,0.3582,0.0,0.002,2018.0,Broncos,veteran,4.0
Melvin Gordon,RB,Ravens,2023.0,1.0,0.3708,0.3708,0.0,0.002,2015.0,Chargers,veteran,8.0
Patrick Laird,RB,Buccaneers,2023.0,1.0,0.3708,0.3708,0.0,0.002,2019.0,Dolphins,veteran,4.0
Ty Montgomery,RB,Patriots,2023.0,1.0,0.3708,0.3708,0.0,0.002,2015.0,Packers,veteran,8.0
Brian Hill,RB,49ers,2023.0,1.0,0.3708,0.3708,0.0,0.002,2017.0,Falcons,veteran,6.0
Jonathan Williams,RB,Commanders,2023.0,1.0,0.3708,0.3708,0.0,0.002,2016.0,Bills,veteran,7.0
Dalvin Cook,RB,Ravens,2023.0,1.0,0.3708,0.3708,0.0,0.002,2017.0,Vikings,veteran,6.0
Jeremy McNichols,RB,49ers,2023.0,1.0,0.3708,0.3708,0.0,0.002,2017.0,Buccaneers,veteran,6.0
Damien Williams,RB,Cardinals,2023.0,1.0,0.36,0.36,0.0,0.002,2014.0,Dolphins,veteran,9.0
D.J. Foster,RB,Patriots,2017.0,1.0,0.255,0.255,0.0,0.002,2016.0,Patriots,veteran,1.0
Duke Johnson,RB,Bills,2022.0,1.0,0.315,0.315,0.0,0.002,2015.0,Browns,veteran,7.0
Boston Scott,RB,Steelers,2024.0,1.0,0.3834,0.3834,0.0,0.002,2018.0,Saints,veteran,6.0
Kene Nwangwu,RB,Jets,2024.0,1.0,0.3834,0.3834,0.0,0.002,2021.0,Vikings,veteran,3.0
Dalvin Cook,RB,Cowboys,2024.0,1.0,0.3834,0.3834,0.0,0.002,2017.0,Vikings,veteran,7.0
Michael Carter,RB,Cardinals,2024.0,1.0,0.3834,0.3834,0.0,0.002,2021.0,Jets,veteran,3.0
Jonathan Ward,RB,Steelers,2024.0,1.0,0.3834,0.3834,0.0,0.002,2020.0,Cardinals,veteran,4.0
Patrick Taylor,RB,49ers,2024.0,1.0,0.3834,0.3834,0.0,0.002,2020.0,Packers,veteran,4.0
Kareem Hunt,RB,Chiefs,2024.0,1.0,0.3834,0.3834,0.0,0.002,2017.0,Chiefs,veteran,7.0
Mike Boone,RB,Panthers,2024.0,1.0,0.3834,0.3834,0.0,0.002,2018.0,Vikings,veteran,6.0
Jordan Howard,RB,Saints,2022.0,1.0,0.306,0.306,0.0,0.001,2016.0,Bears,veteran,6.0
Latavius Murray,RB,Saints,2022.0,1.0,0.306,0.306,0.0,0.001,2013.0,Raiders,veteran,9.0
David Johnson,RB,Saints,2022.0,1.0,0.306,0.306,0.0,0.001,2015.0,Cardinals,veteran,7.0
De'Lance Turner,RB,Ravens,2019.0,1.0,0.272,0.272,0.0,0.001,2018.0,Ravens,veteran,1.0
Tyler Ervin,RB,Ravens,2018.0,1.0,0.255,0.255,0.0,0.001,2016.0,Texans,veteran,2.0
Dameon Pierce,RB,Chiefs,2025.0,1.0,0.396,0.396,0.0,0.001,2022.0,Texans,veteran,3.0
Craig Reynolds,RB,Patriots,2025.0,1.0,0.396,0.396,0.0,0.001,2019.0,Commanders,veteran,6.0
Ameer Abdullah,RB,Colts,2025.0,1.0,0.396,0.396,0.0,0.001,2015.0,Lions,veteran,10.0
Michael Carter,RB,Cardinals,2025.0,1.0,0.396,0.396,0.0,0.001,2021.0,Jets,veteran,4.0
Trey Sermon,RB,Steelers,2025.0,1.0,0.396,0.396,0.0,0.001,2021.0,49ers,veteran,4.0
DeeJay Dallas,RB,Panthers,2025.0,1.0,0.396,0.396,0.0,0.001,2020.0,Seahawks,veteran,5.0
Clyde Edwards-Helaire,RB,Chiefs,2025.0,1.0,0.396,0.396,0.0,0.001,2020.0,Chiefs,veteran,5.0
Joique Bell,RB,Saints,2011.0,1.0,0.17,0.17,0.0,0.001,2010.0,Bills,veteran,1.0
Lamar Miller,RB,Saints,2021.0,1.0,0.252,0.252,0.0,0.001,2012.0,Dolphins,veteran,9.0
Buddy Howell,RB,Rams,2021.0,1.0,0.252,0.252,0.0,0.001,2018.0,Dolphins,veteran,3.0
Le'Veon Bell,RB,Ravens,2021.0,1.0,0.252,0.252,0.0,0.001,2013.0,Steelers,veteran,8.0
Jordan Howard,RB,Eagles,2021.0,1.0,0.252,0.252,0.0,0.001,2016.0,Bears,veteran,5.0
Trey Edmunds,RB,Steelers,2021.0,1.0,0.252,0.252,0.0,0.001,2017.0,Saints,veteran,4.0
Elijah McGuire,RB,Chiefs,2021.0,1.0,0.252,0.252,0.0,0.001,2017.0,Jets,veteran,4.0
Devonta Freeman,RB,Ravens,2021.0,1.0,0.252,0.252,0.0,0.001,2014.0,Falcons,veteran,7.0
Ameer Abdullah,RB,Vikings,2021.0,1.0,0.252,0.252,0.0,0.001,2015.0,Lions,veteran,6.0
Ito Smith,RB,Cowboys,2021.0,1.0,0.252,0.252,0.0,0.001,2018.0,Falcons,veteran,3.0
Kenjon Barner,RB,Buccaneers,2021.0,1.0,0.252,0.252,0.0,0.001,2013.0,Panthers,veteran,8.0
Josh Adams,RB,Saints,2021.0,1.0,0.252,0.252,0.0,0.001,2018.0,Eagles,veteran,3.0
Adrian Peterson,RB,TEN/SEA,2021.0,1.0,0.252,0.252,0.0,0.001,2007.0,Vikings,veteran,14.0
Jordan Wilkins,RB,Titans,2021.0,1.0,0.252,0.252,0.0,0.001,2018.0,Colts,veteran,3.0
D'Onta Foreman,RB,Falcons,2021.0,1.0,0.252,0.252,0.0,0.001,2017.0,Texans,veteran,4.0
Wendell Smallwood,RB,Commanders,2021.0,1.0,0.252,0.252,0.0,0.001,2016.0,Eagles,veteran,5.0
Peyton Barber,RB,Commanders,2021.0,1.0,0.252,0.252,0.0,0.001,2016.0,Buccaneers,veteran,5.0
Kerryon Johnson,RB,Eagles,2021.0,1.0,0.252,0.252,0.0,0.001,2018.0,Lions,veteran,3.0
Brian Hill,RB,Browns,2021.0,1.0,0.252,0.252,0.0,0.001,2017.0,Falcons,veteran,4.0
Duke Johnson,RB,Jaguars,2021.0,1.0,0.252,0.252,0.0,0.001,2015.0,Browns,veteran,6.0
Jonathan Williams,RB,Commanders,2021.0,1.0,0.252,0.252,0.0,0.001,2016.0,Bills,veteran,5.0
Boston Scott,RB,Eagles,2019.0,1.0,0.255,0.255,0.0,0.001,2018.0,Saints,veteran,1.0
Devine Ozigbo,RB,Broncos,2022.0,1.0,0.2772,0.2772,0.0,0.001,2019.0,Saints,veteran,3.0
Tevin Coleman,RB,49ers,2022.0,1.0,0.2772,0.2772,0.0,0.001,2015.0,Falcons,veteran,7.0
Corey Clement,RB,Cardinals,2022.0,1.0,0.2772,0.2772,0.0,0.001,2017.0,Eagles,veteran,5.0
Wayne Gallman,RB,Seahawks,2022.0,1.0,0.2772,0.2772,0.0,0.001,2017.0,Giants,veteran,5.0
Malcolm Brown,RB,Rams,2022.0,1.0,0.2772,0.2772,0.0,0.001,2015.0,Rams,veteran,7.0
Jordan Wilkins,RB,Colts,2022.0,1.0,0.2772,0.2772,0.0,0.001,2018.0,Colts,veteran,4.0
Justin Jackson,RB,Lions,2022.0,1.0,0.2772,0.2772,0.0,0.001,2018.0,Chargers,veteran,4.0
Ty Johnson,RB,Bills,2023.0,1.0,0.2898,0.2898,0.0,0.001,2019.0,Lions,veteran,4.0
Ke'Shawn Vaughn,RB,Patriots,2023.0,1.0,0.2898,0.2898,0.0,0.001,2020.0,Buccaneers,veteran,3.0
Taiwan Jones,RB,Giants,2023.0,1.0,0.2898,0.2898,0.0,0.001,2011.0,Raiders,veteran,12.0
Royce Freeman,RB,Rams,2023.0,1.0,0.2898,0.2898,0.0,0.001,2018.0,Broncos,veteran,5.0
Devine Ozigbo,RB,Lions,2023.0,1.0,0.2898,0.2898,0.0,0.001,2019.0,Saints,veteran,4.0
Mike Boone,RB,Panthers,2023.0,1.0,0.2898,0.2898,0.0,0.001,2018.0,Vikings,veteran,5.0
Leonard Fournette,RB,Bills,2023.0,1.0,0.2898,0.2898,0.0,0.001,2017.0,Jaguars,veteran,6.0
Tony Jones,RB,Cardinals,2023.0,1.0,0.2898,0.2898,0.0,0.001,2020.0,Saints,veteran,3.0
Tarik Cohen,RB,Panthers,2023.0,1.0,0.2898,0.2898,0.0,0.001,2017.0,Bears,veteran,6.0
Kenyan Drake,RB,Packers,2023.0,1.0,0.2898,0.2898,0.0,0.001,2016.0,Dolphins,veteran,7.0
Myles Gaskin,RB,Vikings,2023.0,1.0,0.2898,0.2898,0.0,0.001,2019.0,Dolphins,veteran,4.0
Darrell Henderson,RB,Rams,2023.0,1.0,0.2898,0.2898,0.0,0.001,2019.0,Rams,veteran,4.0
Jordan Wilkins,RB,Browns,2023.0,1.0,0.2898,0.2898,0.0,0.001,2018.0,Colts,veteran,5.0
Dwayne Washington,RB,Broncos,2023.0,1.0,0.2898,0.2898,0.0,0.001,2016.0,Lions,veteran,7.0
Corey Clement,RB,Cardinals,2023.0,1.0,0.2898,0.2898,0.0,0.001,2017.0,Eagles,veteran,6.0
Jonathan Ward,RB,Titans,2023.0,1.0,0.2898,0.2898,0.0,0.001,2020.0,Cardinals,veteran,3.0
James Robinson,RB,Packers,2023.0,1.0,0.2898,0.2898,0.0,0.001,2020.0,Jaguars,veteran,3.0
Clyde Edwards-Helaire,RB,Saints,2024.0,1.0,0.324,0.324,0.0,0.001,2020.0,Chiefs,veteran,4.0
Wendell Smallwood,RB,Steelers,2020.0,1.0,0.245529,0.245529,0.0,0.001,2016.0,Eagles,veteran,4.0
Kapri Bibbs,RB,Commanders,2018.0,1.0,0.21675,0.21675,0.0,0.001,2014.0,Broncos,veteran,4.0
Ezekiel Elliott,RB,Chargers,2024.0,1.0,0.3024,0.3024,0.0,0.001,2016.0,Cowboys,veteran,8.0
Royce Freeman,RB,Browns,2024.0,1.0,0.3024,0.3024,0.0,0.001,2018.0,Broncos,veteran,6.0
La'Mical Perine,RB,Steelers,2024.0,1.0,0.3024,0.3024,0.0,0.001,2020.0,Jets,veteran,4.0
Jakob Johnson,RB,Giants,2024.0,1.0,0.3024,0.3024,0.0,0.001,2019.0,Patriots,veteran,5.0
Ke'Shawn Vaughn,RB,49ers,2024.0,1.0,0.3024,0.3024,0.0,0.001,2020.0,Buccaneers,veteran,4.0
Salvon Ahmed,RB,Broncos,2024.0,1.0,0.3024,0.3024,0.0,0.001,2020.0,49ers,veteran,4.0
Mark Glowinski,RB,Colts,2024.0,1.0,0.3024,0.3024,0.0,0.001,2015.0,Seahawks,veteran,9.0
"Anthony McFarland, Jr.",RB,Dolphins,2024.0,1.0,0.3024,0.3024,0.0,0.001,2020.0,Steelers,veteran,4.0
Tony Jones,RB,Cardinals,2024.0,1.0,0.3024,0.3024,0.0,0.001,2020.0,Saints,veteran,4.0
Joshua Kelley,RB,Titans,2024.0,1.0,0.3024,0.3024,0.0,0.001,2020.0,Chargers,veteran,4.0
Gary Brightwell,RB,Bengals,2024.0,1.0,0.3024,0.3024,0.0,0.001,2021.0,Giants,veteran,3.0
Myles Gaskin,RB,Jaguars,2024.0,1.0,0.3024,0.3024,0.0,0.001,2019.0,Dolphins,veteran,5.0
Chase Edmonds,RB,Commanders,2025.0,1.0,0.315,0.315,0.0,0.001,2018.0,Cardinals,veteran,7.0
Elijah Mitchell,RB,Patriots,2025.0,1.0,0.315,0.315,0.0,0.001,2021.0,49ers,veteran,4.0
Ronnie Rivers,RB,Rams,2025.0,1.0,0.315,0.315,0.0,0.001,2022.0,Cardinals,veteran,3.0
Pierre Strong Jr.,RB,Packers,2025.0,1.0,0.315,0.315,0.0,0.001,2022.0,Patriots,veteran,3.0
JaMycal Hasty,RB,Dolphins,2025.0,1.0,0.315,0.315,0.0,0.001,2020.0,49ers,veteran,5.0
Jeff Wilson,RB,Dolphins,2025.0,1.0,0.315,0.315,0.0,0.001,2018.0,49ers,veteran,7.0
Nyheim Miller-Hines,RB,Chargers,2025.0,1.0,0.315,0.315,0.0,0.001,2018.0,Colts,veteran,7.0
Gary Brightwell,RB,Bengals,2025.0,1.0,0.315,0.315,0.0,0.001,2021.0,Giants,veteran,4.0
Royce Freeman,RB,Chargers,2025.0,1.0,0.315,0.315,0.0,0.001,2018.0,Broncos,veteran,7.0
D'Ernest Johnson,RB,Cardinals,2025.0,1.0,0.315,0.315,0.0,0.001,2019.0,Browns,veteran,6.0
Jonathan Ward,RB,Ravens,2025.0,1.0,0.315,0.315,0.0,0.001,2020.0,Cardinals,veteran,5.0
Cam Akers,RB,Vikings,2025.0,1.0,0.315,0.315,0.0,0.001,2020.0,Rams,veteran,5.0
Myles Gaskin,RB,Seahawks,2025.0,1.0,0.315,0.315,0.0,0.001,2019.0,Dolphins,veteran,6.0
Raheem Blackshear,RB,Steelers,2025.0,1.0,0.315,0.315,0.0,0.001,2022.0,Bills,veteran,3.0
Avery Williams,RB,Jets,2025.0,1.0,0.315,0.315,0.0,0.001,2021.0,Falcons,veteran,4.0
Trayveon Williams,RB,Chargers,2025.0,1.0,0.315,0.315,0.0,0.001,2019.0,Bengals,veteran,6.0
Khalil Herbert,RB,Colts,2025.0,1.0,0.315,0.315,0.0,0.001,2021.0,Bears,veteran,4.0
Tyler Gaffney,RB,Patriots,2016.0,1.0,0.17,0.17,0.0,0.001,2014.0,Panthers,veteran,2.0
Jeff Wilson,RB,49ers,2019.0,1.0,0.204,0.204,0.0,0.001,2018.0,49ers,veteran,1.0
Joique Bell,RB,Bills,2010.0,1.0,0.136,0.136,0.0,0.001,2010.0,Bills,rookie,0.0
Dontrell Hilliard,RB,Titans,2021.0,1.0,0.191111,0.191111,0.0,0.001,2018.0,Browns,veteran,3.0
DeAndre Washington,RB,Chiefs,2020.0,1.0,0.204,0.204,0.0,0.001,2016.0,Raiders,veteran,4.0
Alfred Morris,RB,Giants,2020.0,1.0,0.204,0.204,0.0,0.001,2012.0,Commanders,veteran,8.0
Alex Collins,RB,Seahawks,2020.0,1.0,0.204,0.204,0.0,0.001,2016.0,Seahawks,veteran,4.0
Theo Riddick,RB,Raiders,2020.0,1.0,0.204,0.204,0.0,0.001,2013.0,Lions,veteran,7.0
Jordan Howard,RB,Eagles,2020.0,1.0,0.204,0.204,0.0,0.001,2016.0,Bears,veteran,4.0
D'Onta Foreman,RB,Titans,2020.0,1.0,0.204,0.204,0.0,0.001,2017.0,Texans,veteran,3.0
Spencer Ware,RB,Bears,2020.0,1.0,0.204,0.204,0.0,0.001,2013.0,Seahawks,veteran,7.0
Lamar Miller,RB,Bears,2020.0,1.0,0.204,0.204,0.0,0.001,2012.0,Dolphins,veteran,8.0
Paul Perkins,RB,Colts,2020.0,1.0,0.204,0.204,0.0,0.001,2016.0,Giants,veteran,4.0
Kenjon Barner,RB,Buccaneers,2020.0,1.0,0.204,0.204,0.0,0.001,2013.0,Panthers,veteran,7.0
Rod Smith,RB,Giants,2020.0,1.0,0.204,0.204,0.0,0.001,2015.0,Seahawks,veteran,5.0
Jonathan Williams,RB,Lions,2020.0,1.0,0.204,0.204,0.0,0.001,2016.0,Bills,veteran,4.0
Khalfani Muhammad,RB,Titans,2017.0,1.0,0.17,0.17,0.0,0.001,2017.0,Titans,rookie,0.0
Jeremy McNichols,RB,49ers,2017.0,1.0,0.17,0.17,0.0,0.001,2017.0,Buccaneers,rookie,0.0
Alex Collins,RB,Ravens,2017.0,1.0,0.17,0.17,0.0,0.001,2016.0,Seahawks,veteran,1.0
Kennedy Brooks,RB,Eagles,2022.0,1.0,0.207,0.207,0.0,0.001,2022.0,Eagles,rookie,0.0
BJ Baylor,RB,Falcons,2022.0,1.0,0.207,0.207,0.0,0.001,2022.0,Packers,rookie,0.0
Ronnie Rivers,RB,Rams,2022.0,1.0,0.207,0.207,0.0,0.001,2022.0,Cardinals,rookie,0.0
Aaron Shampklin,RB,Colts,2022.0,1.0,0.207,0.207,0.0,0.001,2022.0,Cowboys,rookie,0.0
Jashaun Corbin,RB,Giants,2022.0,1.0,0.207,0.207,0.0,0.001,2022.0,Giants,rookie,0.0
Caleb Huntley,RB,Falcons,2022.0,1.0,0.207,0.207,0.0,0.001,2021.0,Falcons,veteran,1.0
Tyler Badie,RB,Ravens,2022.0,1.0,0.207,0.207,0.0,0.001,2022.0,Ravens,rookie,0.0
Jermar Jefferson,RB,Lions,2022.0,1.0,0.207,0.207,0.0,0.001,2021.0,Lions,veteran,1.0
Raheem Blackshear,RB,Bills,2022.0,1.0,0.207,0.207,0.0,0.001,2022.0,Bills,rookie,0.0
Lynn Bowden,RB,Patriots,2022.0,1.0,0.207,0.207,0.0,0.001,2020.0,Raiders,veteran,2.0
"Anthony McFarland, Jr.",RB,Steelers,2022.0,1.0,0.207,0.207,0.0,0.001,2020.0,Steelers,veteran,2.0
Nate McCrary,RB,Panthers,2022.0,1.0,0.207,0.207,0.0,0.001,2021.0,Ravens,veteran,1.0
Darrynton Evans,RB,Bears,2022.0,1.0,0.207,0.207,0.0,0.001,2020.0,Titans,veteran,2.0
La'Mical Perine,RB,Dolphins,2022.0,1.0,0.207,0.207,0.0,0.001,2020.0,Jets,veteran,2.0
Darwin Thompson,RB,Seahawks,2022.0,1.0,0.207,0.207,0.0,0.001,2019.0,Chiefs,veteran,3.0
Jason Huntley,RB,Steelers,2022.0,1.0,0.207,0.207,0.0,0.001,2020.0,Lions,veteran,2.0
Spencer Brown,RB,Panthers,2022.0,1.0,0.207,0.207,0.0,0.001,2021.0,Panthers,veteran,1.0
John Kelly,RB,Browns,2022.0,1.0,0.207,0.207,0.0,0.001,2018.0,Rams,veteran,4.0
Julius Chestnut,RB,Titans,2022.0,1.0,0.207,0.207,0.0,0.001,2022.0,Titans,rookie,0.0
J.J. Taylor,RB,Patriots,2022.0,1.0,0.207,0.207,0.0,0.001,2020.0,Patriots,veteran,2.0
Master Teague,RB,Steelers,2022.0,1.0,0.207,0.207,0.0,0.001,2022.0,Bears,rookie,0.0
Jaret Patterson,RB,Commanders,2022.0,1.0,0.207,0.207,0.0,0.001,2021.0,Commanders,veteran,1.0
D'vonte Price,RB,Colts,2022.0,1.0,0.207,0.207,0.0,0.001,2022.0,Colts,rookie,0.0
Tyler Goodson,RB,Packers,2022.0,1.0,0.207,0.207,0.0,0.001,2022.0,Packers,rookie,0.0
Malik Davis,RB,Cowboys,2022.0,1.0,0.207,0.207,0.0,0.001,2022.0,Cowboys,rookie,0.0
Patrick Taylor,RB,Packers,2022.0,1.0,0.207,0.207,0.0,0.001,2020.0,Packers,veteran,2.0
Mekhi Sargent,RB,Jaguars,2022.0,1.0,0.207,0.207,0.0,0.001,2021.0,Titans,veteran,1.0
Jerrion Ealy,RB,Chiefs,2022.0,1.0,0.207,0.207,0.0,0.001,2022.0,Chiefs,rookie,0.0
Derrick Gore,RB,Saints,2022.0,1.0,0.207,0.207,0.0,0.001,2019.0,Chargers,veteran,3.0
Austin Walter,RB,Raiders,2022.0,1.0,0.207,0.207,0.0,0.001,2019.0,49ers,veteran,3.0
Antonio Williams,RB,Giants,2022.0,1.0,0.207,0.207,0.0,0.001,2020.0,Bills,veteran,2.0
Clint Ratkovich,RB,Falcons,2022.0,1.0,0.207,0.207,0.0,0.001,2022.0,Falcons,rookie,0.0
Ty Williams,RB,Cardinals,2022.0,1.0,0.207,0.207,0.0,0.001,2020.0,Ravens,veteran,2.0
Zonovan Knight,RB,Jets,2022.0,1.0,0.207,0.207,0.0,0.001,2022.0,Jets,rookie,0.0
Tony Jones,RB,Seahawks,2022.0,1.0,0.207,0.207,0.0,0.001,2020.0,Saints,veteran,2.0
Trey Ragas,RB,Rams,2022.0,1.0,0.207,0.207,0.0,0.001,2021.0,Raiders,veteran,1.0
John Lovett,RB,Panthers,2022.0,1.0,0.207,0.207,0.0,0.001,2022.0,Panthers,rookie,0.0
Larry Rountree III,RB,Chargers,2022.0,1.0,0.207,0.207,0.0,0.001,2021.0,Chargers,veteran,1.0
ZaQuandre White,RB,Dolphins,2022.0,1.0,0.207,0.207,0.0,0.001,2022.0,Dolphins,rookie,0.0
Bryant Koback,RB,Vikings,2022.0,1.0,0.207,0.207,0.0,0.001,2022.0,Vikings,rookie,0.0
Qadree Ollison,RB,Cowboys,2022.0,1.0,0.207,0.207,0.0,0.001,2019.0,Falcons,veteran,3.0
Jonathan Ward,RB,Jets,2022.0,1.0,0.207,0.207,0.0,0.001,2020.0,Cardinals,veteran,2.0
Kevin Harris,RB,Patriots,2022.0,1.0,0.207,0.207,0.0,0.001,2022.0,Patriots,rookie,0.0
Jake Funk,RB,Saints,2022.0,1.0,0.207,0.207,0.0,0.001,2021.0,Rams,veteran,1.0
Gerrid Doaks,RB,Texans,2022.0,1.0,0.207,0.207,0.0,0.001,2021.0,Dolphins,veteran,1.0
Sandro Platzgummer,RB,Giants,2022.0,1.0,0.207,0.207,0.0,0.001,2020.0,Giants,veteran,2.0
Brandon Wilds,RB,Jets,2016.0,1.0,0.153,0.153,0.0,0.001,2016.0,Falcons,rookie,0.0
Carlos Washington Jr.,RB,Falcons,2023.0,1.0,0.216,0.216,0.0,0.001,2023.0,Falcons,rookie,0.0
Spencer Brown,RB,Panthers,2023.0,1.0,0.216,0.216,0.0,0.001,2021.0,Panthers,veteran,2.0
"Anthony McFarland, Jr.",RB,Steelers,2023.0,1.0,0.216,0.216,0.0,0.001,2020.0,Steelers,veteran,3.0
Jacob Saylors,RB,Falcons,2023.0,1.0,0.216,0.216,0.0,0.001,2023.0,Bengals,rookie,0.0
Larry Rountree III,RB,Texans,2023.0,1.0,0.216,0.216,0.0,0.001,2021.0,Chargers,veteran,2.0
Jermar Jefferson,RB,Lions,2023.0,1.0,0.216,0.216,0.0,0.001,2021.0,Lions,veteran,2.0
Qadree Ollison,RB,Steelers,2023.0,1.0,0.216,0.216,0.0,0.001,2019.0,Falcons,veteran,4.0
Kevin Harris,RB,Patriots,2023.0,1.0,0.216,0.216,0.0,0.001,2022.0,Patriots,veteran,1.0
Owen Wright,RB,Ravens,2023.0,1.0,0.216,0.216,0.0,0.001,2023.0,Ravens,rookie,0.0
Tyrion Davis-Price,RB,49ers,2023.0,1.0,0.216,0.216,0.0,0.001,2022.0,49ers,veteran,1.0
Jashaun Corbin,RB,Panthers,2023.0,1.0,0.216,0.216,0.0,0.001,2022.0,Giants,veteran,1.0
Trey Sermon,RB,Colts,2023.0,1.0,0.216,0.216,0.0,0.001,2021.0,49ers,veteran,2.0
DeWayne McBride,RB,Vikings,2023.0,1.0,0.216,0.216,0.0,0.001,2023.0,Vikings,rookie,0.0
Elijah Dotson,RB,Chargers,2023.0,1.0,0.216,0.216,0.0,0.001,2023.0,Chargers,rookie,0.0
Zander Horvath,RB,Chargers,2023.0,1.0,0.216,0.216,0.0,0.001,2022.0,Chargers,veteran,1.0
Nate McCrary,RB,Browns,2023.0,1.0,0.216,0.216,0.0,0.001,2021.0,Ravens,veteran,2.0
Greg Bell,RB,Steelers,2023.0,1.0,0.216,0.216,0.0,0.001,2022.0,Lions,veteran,1.0
Demetric Felton,RB,Bengals,2023.0,1.0,0.216,0.216,0.0,0.001,2021.0,Browns,veteran,2.0
Deneric Prince,RB,Chiefs,2023.0,1.0,0.216,0.216,0.0,0.001,2023.0,Chiefs,rookie,0.0
Zonovan Knight,RB,Lions,2023.0,1.0,0.216,0.216,0.0,0.001,2022.0,Jets,veteran,1.0
Sincere McCormick,RB,Raiders,2023.0,1.0,0.216,0.216,0.0,0.001,2022.0,Raiders,veteran,1.0
Jaret Patterson,RB,Chargers,2023.0,1.0,0.216,0.216,0.0,0.001,2021.0,Commanders,veteran,2.0
Hassan Hall,RB,Cardinals,2023.0,1.0,0.216,0.216,0.0,0.001,2023.0,Browns,rookie,0.0
Jacques Patrick,RB,Jets,2023.0,1.0,0.216,0.216,0.0,0.001,2020.0,Bengals,veteran,3.0
Jason Huntley,RB,Colts,2023.0,1.0,0.216,0.216,0.0,0.001,2020.0,Lions,veteran,3.0
Jordan Mims,RB,Saints,2023.0,1.0,0.216,0.216,0.0,0.001,2023.0,Bills,rookie,0.0
Lew Nichols III,RB,Eagles,2023.0,1.0,0.216,0.216,0.0,0.001,2023.0,Packers,rookie,0.0
SaRodorick Thompson,RB,Cowboys,2023.0,1.0,0.216,0.216,0.0,0.001,2023.0,Saints,rookie,0.0
La'Mical Perine,RB,Chiefs,2023.0,1.0,0.216,0.216,0.0,0.001,2020.0,Jets,veteran,3.0
J.J. Taylor,RB,Texans,2023.0,1.0,0.216,0.216,0.0,0.001,2020.0,Patriots,veteran,3.0
Bryant Koback,RB,Seahawks,2023.0,1.0,0.216,0.216,0.0,0.001,2022.0,Vikings,veteran,1.0
Tyler Badie,RB,Broncos,2023.0,1.0,0.216,0.216,0.0,0.001,2022.0,Ravens,veteran,1.0
Malik Davis,RB,Cowboys,2023.0,1.0,0.216,0.216,0.0,0.001,2022.0,Cowboys,veteran,1.0
Xazavian Valladay,RB,Jets,2023.0,1.0,0.216,0.216,0.0,0.001,2023.0,Texans,rookie,0.0
John Kelly,RB,Browns,2023.0,1.0,0.216,0.216,0.0,0.001,2018.0,Rams,veteran,5.0
Keaontay Ingram,RB,Chiefs,2023.0,1.0,0.216,0.216,0.0,0.001,2022.0,Cardinals,veteran,1.0
Jake Funk,RB,Dolphins,2023.0,1.0,0.216,0.216,0.0,0.001,2021.0,Rams,veteran,2.0
Snoop Conner,RB,Jaguars,2023.0,1.0,0.216,0.216,0.0,0.001,2022.0,Jaguars,veteran,1.0
Derrick Gore,RB,Commanders,2023.0,1.0,0.216,0.216,0.0,0.001,2019.0,Chargers,veteran,4.0
Gerrid Doaks,RB,Texans,2023.0,1.0,0.216,0.216,0.0,0.001,2021.0,Dolphins,veteran,2.0
Patrick Taylor,RB,Packers,2023.0,1.0,0.216,0.216,0.0,0.001,2020.0,Packers,veteran,3.0
Tyler Goodson,RB,Colts,2023.0,1.0,0.216,0.216,0.0,0.001,2022.0,Packers,veteran,1.0
Darrynton Evans,RB,Dolphins,2023.0,1.0,0.216,0.216,0.0,0.001,2020.0,Titans,veteran,3.0
Deon Jackson,RB,Browns,2023.0,1.0,0.216,0.216,0.0,0.001,2021.0,Colts,veteran,2.0
Ellis Merriweather,RB,Packers,2023.0,1.0,0.216,0.216,0.0,0.001,2023.0,Saints,rookie,0.0
Mohamed Ibrahim,RB,Lions,2023.0,1.0,0.216,0.216,0.0,0.001,2023.0,Lions,rookie,0.0
De'Angelo Henderson,RB,Jets,2018.0,1.0,0.17,0.17,0.0,0.001,2017.0,Broncos,veteran,1.0
Jason Wright,RB,Browns,2005.0,1.0,0.0799,0.0799,0.0,0.001,2004.0,,veteran,1.0
Jason Wright,RB,Falcons,2004.0,1.0,0.07395,0.07395,0.0,0.001,2004.0,,rookie,0.0
Daniel Lasco,RB,Saints,2017.0,1.0,0.153,0.153,0.0,0.001,2016.0,Saints,veteran,1.0
Ryan Nall,RB,Bears,2021.0,1.0,0.1656,0.1656,0.0,0.001,2018.0,Bears,veteran,3.0
Craig Reynolds,RB,Lions,2021.0,1.0,0.1656,0.1656,0.0,0.001,2019.0,Commanders,veteran,2.0
Dedrick Mills,RB,Lions,2021.0,1.0,0.1656,0.1656,0.0,0.001,2021.0,Lions,rookie,0.0
Deon Jackson,RB,Colts,2021.0,1.0,0.1656,0.1656,0.0,0.001,2021.0,Colts,rookie,0.0
Qadree Ollison,RB,Falcons,2021.0,1.0,0.1656,0.1656,0.0,0.001,2019.0,Falcons,veteran,2.0
Josh Johnson,RB,Seahawks,2021.0,1.0,0.1656,0.1656,0.0,0.001,2021.0,Seahawks,rookie,0.0
Javian Hawkins,RB,Rams,2021.0,1.0,0.1656,0.1656,0.0,0.001,2021.0,Falcons,rookie,0.0
Pooka Williams Jr.,RB,Bengals,2021.0,1.0,0.1656,0.1656,0.0,0.001,2021.0,Bengals,rookie,0.0
Trayveon Williams,RB,Bengals,2021.0,1.0,0.1656,0.1656,0.0,0.001,2019.0,Bengals,veteran,2.0
Darius Anderson,RB,Texans,2021.0,1.0,0.1656,0.1656,0.0,0.001,2020.0,Cowboys,veteran,1.0
JaQuan Hardy,RB,Cowboys,2021.0,1.0,0.1656,0.1656,0.0,0.001,2021.0,Cowboys,rookie,0.0
John Kelly,RB,Browns,2021.0,1.0,0.1656,0.1656,0.0,0.001,2018.0,Rams,veteran,3.0
Reggie Bonnafon,RB,Panthers,2021.0,1.0,0.1656,0.1656,0.0,0.001,2018.0,Panthers,veteran,3.0
Elijah Holyfield,RB,Bengals,2021.0,1.0,0.1656,0.1656,0.0,0.001,2019.0,Panthers,veteran,2.0
Tavien Feaster,RB,Cardinals,2021.0,1.0,0.1656,0.1656,0.0,0.001,2020.0,Jaguars,veteran,1.0
Darius Bradwell,RB,Chargers,2021.0,1.0,0.1656,0.1656,0.0,0.001,2020.0,Chargers,veteran,1.0
Nate McCrary,RB,Ravens,2021.0,1.0,0.1656,0.1656,0.0,0.001,2021.0,Ravens,rookie,0.0
Otis Anderson,RB,Rams,2021.0,1.0,0.1656,0.1656,0.0,0.001,2021.0,Rams,rookie,0.0
Caleb Huntley,RB,Falcons,2021.0,1.0,0.1656,0.1656,0.0,0.001,2021.0,Falcons,rookie,0.0
Artavis Pierce,RB,Browns,2021.0,1.0,0.1656,0.1656,0.0,0.001,2020.0,Bears,veteran,1.0
Garrett Groshek,RB,Vikings,2021.0,1.0,0.1656,0.1656,0.0,0.001,2021.0,Raiders,rookie,0.0
Patrick Laird,RB,Dolphins,2021.0,1.0,0.1656,0.1656,0.0,0.001,2019.0,Dolphins,veteran,2.0
Benny LeMay,RB,Browns,2021.0,1.0,0.1656,0.1656,0.0,0.001,2020.0,Browns,veteran,1.0
Devine Ozigbo,RB,Patriots,2021.0,1.0,0.1656,0.1656,0.0,0.001,2019.0,Saints,veteran,2.0
Asim Rose,RB,Vikings,2021.0,1.0,0.1656,0.1656,0.0,0.001,2021.0,Vikings,rookie,0.0
Mekhi Sargent,RB,Rams,2021.0,1.0,0.1656,0.1656,0.0,0.001,2021.0,Titans,rookie,0.0
Jeremy McNichols,RB,Titans,2021.0,1.0,0.1656,0.1656,0.0,0.001,2017.0,Buccaneers,veteran,4.0
Austin Walter,RB,Jets,2021.0,1.0,0.1656,0.1656,0.0,0.001,2019.0,49ers,veteran,2.0
Trey Ragas,RB,Raiders,2021.0,1.0,0.1656,0.1656,0.0,0.001,2021.0,Raiders,rookie,0.0
BJ Emmons,RB,Raiders,2021.0,1.0,0.1656,0.1656,0.0,0.001,2021.0,Seahawks,rookie,0.0
Jordan Scarlett,RB,Dolphins,2021.0,1.0,0.1656,0.1656,0.0,0.001,2019.0,Panthers,veteran,2.0
Derrick Gore,RB,Chiefs,2021.0,1.0,0.1656,0.1656,0.0,0.001,2019.0,Chargers,veteran,2.0
Darius Jackson,RB,Texans,2021.0,1.0,0.1656,0.1656,0.0,0.001,2016.0,Cowboys,veteran,5.0
Kerrith Whyte,RB,Jaguars,2021.0,1.0,0.1656,0.1656,0.0,0.001,2019.0,Bears,veteran,2.0
Sandro Platzgummer,RB,Giants,2021.0,1.0,0.1656,0.1656,0.0,0.001,2020.0,Giants,veteran,1.0
Patrick Taylor,RB,Packers,2021.0,1.0,0.1656,0.1656,0.0,0.001,2020.0,Packers,veteran,1.0
Nathan Cottrell,RB,Jaguars,2021.0,1.0,0.1656,0.1656,0.0,0.001,2020.0,Jaguars,veteran,1.0
Darwin Thompson,RB,Chiefs,2021.0,1.0,0.1656,0.1656,0.0,0.001,2019.0,Chiefs,veteran,2.0
Spencer Brown,RB,Panthers,2021.0,1.0,0.1656,0.1656,0.0,0.001,2021.0,Panthers,rookie,0.0
Johnny Stanton,RB,Browns,2021.0,1.0,0.1656,0.1656,0.0,0.001,2018.0,Vikings,veteran,3.0
Antonio Williams,RB,Bills,2021.0,1.0,0.1656,0.1656,0.0,0.001,2020.0,Bills,veteran,1.0
Jacques Patrick,RB,Panthers,2021.0,1.0,0.1656,0.1656,0.0,0.001,2020.0,Bengals,veteran,1.0
Ryquell Armstead,RB,Packers,2021.0,1.0,0.1656,0.1656,0.0,0.001,2019.0,Jaguars,veteran,2.0
Jason Huntley,RB,Eagles,2021.0,1.0,0.1656,0.1656,0.0,0.001,2020.0,Lions,veteran,1.0
Rodney Smith,RB,Lions,2021.0,1.0,0.1656,0.1656,0.0,0.001,2020.0,Panthers,veteran,1.0
Dexter Williams,RB,Giants,2021.0,1.0,0.1656,0.1656,0.0,0.001,2019.0,Packers,veteran,2.0
Damarea Crockett,RB,Broncos,2021.0,1.0,0.1656,0.1656,0.0,0.001,2019.0,Texans,veteran,2.0
Gerrid Doaks,RB,Dolphins,2021.0,1.0,0.1656,0.1656,0.0,0.001,2021.0,Dolphins,rookie,0.0
Khalfani Muhammad,RB,Broncos,2019.0,1.0,0.17,0.17,0.0,0.001,2017.0,Titans,veteran,2.0
Ellis Merriweather,RB,Packers,2024.0,1.0,0.225,0.225,0.0,0.001,2023.0,Saints,veteran,1.0
Jermar Jefferson,RB,Lions,2024.0,1.0,0.225,0.225,0.0,0.001,2021.0,Lions,veteran,3.0
Jawhar Jordan,RB,Texans,2024.0,1.0,0.225,0.225,0.0,0.001,2024.0,Texans,rookie,0.0
Tyler Badie,RB,Broncos,2024.0,1.0,0.225,0.225,0.0,0.001,2022.0,Ravens,veteran,2.0
George Holani,RB,Seahawks,2024.0,1.0,0.225,0.225,0.0,0.001,2024.0,Seahawks,rookie,0.0
Jabari Small,RB,Titans,2024.0,1.0,0.225,0.225,0.0,0.001,2024.0,Titans,rookie,0.0
Dillon Johnson,RB,Panthers,2024.0,1.0,0.225,0.225,0.0,0.001,2024.0,Titans,rookie,0.0
Chris Rodriguez Jr.,RB,Commanders,2024.0,1.0,0.225,0.225,0.0,0.001,2023.0,Commanders,veteran,1.0
Nate McCrary,RB,Packers,2024.0,1.0,0.225,0.225,0.0,0.001,2021.0,Ravens,veteran,3.0
Michael Wiley,RB,Commanders,2024.0,1.0,0.225,0.225,0.0,0.001,2024.0,Commanders,rookie,0.0
Malik Davis,RB,Cowboys,2024.0,1.0,0.225,0.225,0.0,0.001,2022.0,Cowboys,veteran,2.0
Dante Miller,RB,Giants,2024.0,1.0,0.225,0.225,0.0,0.001,2024.0,Giants,rookie,0.0
Jaret Patterson,RB,Chargers,2024.0,1.0,0.225,0.225,0.0,0.001,2021.0,Commanders,veteran,3.0
Christopher Brooks,RB,Packers,2024.0,1.0,0.225,0.225,0.0,0.001,2023.0,Dolphins,veteran,1.0
Blake Watson,RB,Broncos,2024.0,1.0,0.225,0.225,0.0,0.001,2024.0,Broncos,rookie,0.0
Tyrion Davis-Price,RB,Eagles,2024.0,1.0,0.225,0.225,0.0,0.001,2022.0,49ers,veteran,2.0
Elijah Dotson,RB,Falcons,2024.0,1.0,0.225,0.225,0.0,0.001,2023.0,Chargers,veteran,1.0
Aaron Shampklin,RB,Steelers,2024.0,1.0,0.225,0.225,0.0,0.001,2022.0,Cowboys,veteran,2.0
Demetric Felton,RB,Bears,2024.0,1.0,0.225,0.225,0.0,0.001,2021.0,Browns,veteran,3.0
Deshaun Fenwick,RB,Packers,2024.0,1.0,0.225,0.225,0.0,0.001,2024.0,Patriots,rookie,0.0
Louis Rees-Zammit,RB,Jaguars,2024.0,1.0,0.225,0.225,0.0,0.001,2024.0,Chiefs,rookie,0.0
Deneric Prince,RB,Dolphins,2024.0,1.0,0.225,0.225,0.0,0.001,2023.0,Chiefs,veteran,1.0
John Kelly,RB,Ravens,2024.0,1.0,0.225,0.225,0.0,0.001,2018.0,Rams,veteran,6.0
Kevin Harris,RB,Patriots,2024.0,1.0,0.225,0.225,0.0,0.001,2022.0,Patriots,veteran,2.0
Terrell Jennings,RB,Patriots,2024.0,1.0,0.225,0.225,0.0,0.001,2024.0,Patriots,rookie,0.0
Darrynton Evans,RB,Bears,2024.0,1.0,0.225,0.225,0.0,0.001,2020.0,Titans,veteran,4.0
Carlos Washington Jr.,RB,Falcons,2024.0,1.0,0.225,0.225,0.0,0.001,2023.0,Falcons,veteran,1.0
Frank Gore Jr.,RB,Bills,2024.0,1.0,0.225,0.225,0.0,0.001,2024.0,Bills,rookie,0.0
Jacob Kibodi,RB,Saints,2024.0,1.0,0.225,0.225,0.0,0.001,2024.0,Saints,rookie,0.0
Jordan Mims,RB,Saints,2024.0,1.0,0.225,0.225,0.0,0.001,2023.0,Bills,veteran,1.0
Evan Hull,RB,Colts,2024.0,1.0,0.225,0.225,0.0,0.001,2023.0,Colts,veteran,1.0
Jalen Jackson,RB,Jaguars,2024.0,1.0,0.225,0.225,0.0,0.001,2024.0,Jaguars,rookie,0.0
Chris Collier,RB,Ravens,2024.0,1.0,0.225,0.225,0.0,0.001,2024.0,Ravens,rookie,0.0
DeWayne McBride,RB,Vikings,2024.0,1.0,0.225,0.225,0.0,0.001,2023.0,Vikings,veteran,1.0
Kendall Milton,RB,Bengals,2024.0,1.0,0.225,0.225,0.0,0.001,2024.0,Eagles,rookie,0.0
Xazavian Valladay,RB,Saints,2024.0,1.0,0.225,0.225,0.0,0.001,2023.0,Texans,veteran,1.0
Emani Bailey,RB,Chiefs,2024.0,1.0,0.225,0.225,0.0,0.001,2024.0,Chiefs,rookie,0.0
Lew Nichols III,RB,Eagles,2024.0,1.0,0.225,0.225,0.0,0.001,2023.0,Packers,veteran,1.0
D.J. Williams,RB,Buccaneers,2024.0,1.0,0.225,0.225,0.0,0.001,2024.0,Buccaneers,rookie,0.0
Keaontay Ingram,RB,Chiefs,2024.0,1.0,0.225,0.225,0.0,0.001,2022.0,Cardinals,veteran,2.0
Zonovan Knight,RB,Jets,2024.0,1.0,0.225,0.225,0.0,0.001,2022.0,Jets,veteran,2.0
Sincere McCormick,RB,Raiders,2024.0,1.0,0.225,0.225,0.0,0.001,2022.0,Raiders,veteran,2.0
Jake Funk,RB,Jaguars,2024.0,1.0,0.225,0.225,0.0,0.001,2021.0,Rams,veteran,3.0
J.J. Taylor,RB,Texans,2024.0,1.0,0.225,0.225,0.0,0.001,2020.0,Patriots,veteran,4.0
Isaiah Spiller,RB,Chargers,2024.0,1.0,0.225,0.225,0.0,0.001,2022.0,Chargers,veteran,2.0
Brittain Brown,RB,Seahawks,2024.0,1.0,0.225,0.225,0.0,0.001,2022.0,Raiders,veteran,2.0
Zach Evans,RB,Rams,2024.0,1.0,0.225,0.225,0.0,0.001,2023.0,Rams,veteran,1.0
Hassan Hall,RB,Cardinals,2024.0,1.0,0.225,0.225,0.0,0.001,2023.0,Browns,veteran,1.0
Aidan Robbins,RB,Browns,2024.0,1.0,0.225,0.225,0.0,0.001,2024.0,Browns,rookie,0.0
Gus Edwards,RB,Ravens,2018.0,1.0,0.153,0.153,0.0,0.001,2018.0,Ravens,rookie,0.0
Ty Williams,RB,Ravens,2020.0,1.0,0.170282,0.170282,0.0,0.001,2020.0,Ravens,rookie,0.0
Tony Jones,RB,Saints,2020.0,1.0,0.170282,0.170282,0.0,0.001,2020.0,Saints,rookie,0.0
Jacardia Wright,RB,Seahawks,2025.0,1.0,0.234,0.234,0.0,0.001,2025.0,Seahawks,rookie,0.0
Jacob Saylors,RB,Lions,2025.0,1.0,0.234,0.234,0.0,0.001,2023.0,Bengals,veteran,2.0
Israel Abanikanda,RB,Packers,2025.0,1.0,0.234,0.234,0.0,0.001,2023.0,Jets,veteran,2.0
Carson Steele,RB,Chiefs,2025.0,1.0,0.234,0.234,0.0,0.001,2024.0,Chiefs,veteran,1.0
Chris Collier,RB,Raiders,2025.0,1.0,0.234,0.234,0.0,0.001,2024.0,Ravens,veteran,1.0
Ja'Quinden Jackson,RB,Jaguars,2025.0,1.0,0.234,0.234,0.0,0.001,2025.0,Jaguars,rookie,0.0
Anthony Tyus III,RB,Panthers,2025.0,1.0,0.234,0.234,0.0,0.001,2025.0,Lions,rookie,0.0
Lew Nichols III,RB,Steelers,2025.0,1.0,0.234,0.234,0.0,0.001,2023.0,Packers,veteran,2.0
Audric Estime,RB,Eagles,2025.0,1.0,0.234,0.234,0.0,0.001,2024.0,Broncos,veteran,1.0
Josh Williams,RB,Buccaneers,2025.0,1.0,0.234,0.234,0.0,0.001,2025.0,Buccaneers,rookie,0.0
Amar Johnson,RB,Chargers,2025.0,1.0,0.234,0.234,0.0,0.001,2025.0,Packers,rookie,0.0
Malik Davis,RB,Cowboys,2025.0,1.0,0.234,0.234,0.0,0.001,2022.0,Cowboys,veteran,3.0
Kendall Milton,RB,Bengals,2025.0,1.0,0.234,0.234,0.0,0.001,2024.0,Eagles,veteran,1.0
Jabari Small,RB,Lions,2025.0,1.0,0.234,0.234,0.0,0.001,2024.0,Titans,veteran,1.0
Ahmani Marshall,RB,Browns,2025.0,1.0,0.234,0.234,0.0,0.001,2025.0,Browns,rookie,0.0
Jashaun Corbin,RB,Patriots,2025.0,1.0,0.234,0.234,0.0,0.001,2022.0,Giants,veteran,3.0
Damien Martinez,RB,Seahawks,2025.0,1.0,0.234,0.234,0.0,0.001,2025.0,Seahawks,rookie,0.0
Carlos Washington Jr.,RB,Falcons,2025.0,1.0,0.234,0.234,0.0,0.001,2023.0,Falcons,veteran,2.0
Xazavian Valladay,RB,Vikings,2025.0,1.0,0.234,0.234,0.0,0.001,2023.0,Texans,veteran,2.0
Lawrance Toafili,RB,Jets,2025.0,1.0,0.234,0.234,0.0,0.001,2025.0,Jets,rookie,0.0
Terrell Jennings,RB,Patriots,2025.0,1.0,0.234,0.234,0.0,0.001,2024.0,Patriots,veteran,1.0
Owen Wright,RB,Buccaneers,2025.0,1.0,0.234,0.234,0.0,0.001,2023.0,Ravens,veteran,2.0
Rushawn Baker,RB,Patriots,2025.0,1.0,0.234,0.234,0.0,0.001,2025.0,Giants,rookie,0.0
Evan Hull,RB,Saints,2025.0,1.0,0.234,0.234,0.0,0.001,2023.0,Colts,veteran,2.0
Sincere McCormick,RB,49ers,2025.0,1.0,0.234,0.234,0.0,0.001,2022.0,Raiders,veteran,3.0
Donovan Edwards,RB,Commanders,2025.0,1.0,0.234,0.234,0.0,0.001,2025.0,Jets,rookie,0.0
Dante Miller,RB,Giants,2025.0,1.0,0.234,0.234,0.0,0.001,2024.0,Giants,veteran,1.0
Jaret Patterson,RB,Chargers,2025.0,1.0,0.234,0.234,0.0,0.001,2021.0,Commanders,veteran,4.0
Frank Gore Jr.,RB,Bills,2025.0,1.0,0.234,0.234,0.0,0.001,2024.0,Bills,veteran,1.0
Michael Wiley,RB,Buccaneers,2025.0,1.0,0.234,0.234,0.0,0.001,2024.0,Commanders,veteran,1.0
Jermar Jefferson,RB,Titans,2025.0,1.0,0.234,0.234,0.0,0.001,2021.0,Lions,veteran,4.0
Brittain Brown,RB,Bears,2025.0,1.0,0.234,0.234,0.0,0.001,2022.0,Raiders,veteran,3.0
Ulysses Bentley IV,RB,Colts,2025.0,1.0,0.234,0.234,0.0,0.001,2025.0,Colts,rookie,0.0
Blake Watson,RB,Titans,2025.0,1.0,0.234,0.234,0.0,0.001,2024.0,Broncos,veteran,1.0
Deuce Vaughn,RB,Broncos,2025.0,1.0,0.234,0.234,0.0,0.001,2023.0,Cowboys,veteran,2.0
Ian Wheeler,RB,Saints,2025.0,1.0,0.234,0.234,0.0,0.001,2024.0,Bears,veteran,1.0
Corey Kiner,RB,Vikings,2025.0,1.0,0.234,0.234,0.0,0.001,2025.0,49ers,rookie,0.0
Montrell Johnson Jr.,RB,PHI/ARI,2025.0,1.0,0.234,0.234,0.0,0.001,2025.0,Eagles,rookie,0.0
Kimani Vidal,RB,Chargers,2025.0,1.0,0.234,0.234,0.0,0.001,2024.0,Chargers,veteran,1.0
Jawhar Jordan,RB,Texans,2025.0,1.0,0.234,0.234,0.0,0.001,2024.0,Texans,veteran,1.0
Cody Schrader,RB,Rams,2025.0,1.0,0.234,0.234,0.0,0.001,2024.0,49ers,veteran,1.0
Jordan Mims,RB,Titans,2025.0,1.0,0.234,0.234,0.0,0.001,2023.0,Bills,veteran,2.0
Keilan Robinson,RB,Jets,2025.0,1.0,0.234,0.234,0.0,0.001,2024.0,Jaguars,veteran,1.0
Edwin Baker,RB,DEN/HOU,2013.0,1.0,0.102,0.102,0.0,0.001,2012.0,Chargers,veteran,1.0
Jawan Jamison,RB,Commanders,2013.0,1.0,0.102,0.102,0.0,0.001,2013.0,Commanders,rookie,0.0
Shaun Chapas,RB,Lions,2013.0,1.0,0.102,0.102,0.0,0.001,2011.0,Cowboys,veteran,2.0
Jewel Hampton,RB,49ers,2013.0,1.0,0.102,0.102,0.0,0.001,2012.0,,veteran,1.0
Dan Herron,RB,Bengals,2013.0,1.0,0.102,0.102,0.0,0.001,2012.0,Bengals,veteran,1.0
Kerwynn Williams,RB,Colts,2013.0,1.0,0.102,0.102,0.0,0.001,2013.0,Colts,rookie,0.0
Evan Rodriguez,RB,Buccaneers,2014.0,1.0,0.1071,0.1071,0.0,0.001,2012.0,Bears,veteran,2.0
Edwin Baker,RB,Saints,2014.0,1.0,0.1071,0.1071,0.0,0.001,2012.0,Chargers,veteran,2.0
Daryl Richardson,RB,Jets,2014.0,1.0,0.1071,0.1071,0.0,0.001,2012.0,Rams,veteran,2.0
Kerwynn Williams,RB,Cardinals,2014.0,1.0,0.1071,0.1071,0.0,0.001,2013.0,Colts,veteran,1.0
Chris Thompson,RB,Commanders,2014.0,1.0,0.1071,0.1071,0.0,0.001,2013.0,Commanders,veteran,1.0
Marion Grice,RB,Chargers,2014.0,1.0,0.1071,0.1071,0.0,0.001,2014.0,Chargers,rookie,0.0
LaMichael James,RB,Dolphins,2014.0,1.0,0.1071,0.1071,0.0,0.001,2012.0,,veteran,2.0
Lache Seastrunk,RB,Panthers,2014.0,1.0,0.1071,0.1071,0.0,0.001,2014.0,Commanders,rookie,0.0
Stanley Havili,RB,Seahawks,2014.0,1.0,0.1071,0.1071,0.0,0.001,2011.0,Eagles,veteran,3.0
Kenjon Barner,RB,Eagles,2014.0,1.0,0.1071,0.1071,0.0,0.001,2013.0,Panthers,veteran,1.0
Ryan Williams,RB,Cowboys,2014.0,1.0,0.1071,0.1071,0.0,0.001,2011.0,Cardinals,veteran,3.0
Chris Rainey,RB,Cardinals,2014.0,1.0,0.1071,0.1071,0.0,0.001,2012.0,Steelers,veteran,2.0
Shaun Chapas,RB,Cowboys,2011.0,1.0,0.0969,0.0969,0.0,0.001,2011.0,Cowboys,rookie,0.0
Jay Finley,RB,Seahawks,2011.0,1.0,0.0969,0.0969,0.0,0.001,2011.0,Bengals,rookie,0.0
Andre Brown,RB,Giants,2011.0,1.0,0.0969,0.0969,0.0,0.001,2009.0,Giants,veteran,2.0
Jordan Todman,RB,Chargers,2011.0,1.0,0.0969,0.0969,0.0,0.001,2011.0,Chargers,rookie,0.0
Evan Royster,RB,Commanders,2011.0,1.0,0.0969,0.0969,0.0,0.001,2011.0,Commanders,rookie,0.0
Shane Bannon,RB,Chiefs,2011.0,1.0,0.0969,0.0969,0.0,0.001,2011.0,Chiefs,rookie,0.0
Shaun Chapas,RB,Lions,2012.0,1.0,0.0969,0.0969,0.0,0.001,2011.0,Cowboys,veteran,1.0
Dan Herron,RB,Bengals,2012.0,1.0,0.0969,0.0969,0.0,0.001,2012.0,Bengals,rookie,0.0
Anthony Allen,RB,Ravens,2012.0,1.0,0.0969,0.0969,0.0,0.001,2011.0,Ravens,veteran,1.0
Baron Batch,RB,Steelers,2012.0,1.0,0.0969,0.0969,0.0,0.001,2011.0,Steelers,veteran,1.0
Edwin Baker,RB,Chargers,2012.0,1.0,0.0969,0.0969,0.0,0.001,2012.0,Chargers,rookie,0.0
Jordan Todman,RB,Vikings,2012.0,1.0,0.0969,0.0969,0.0,0.001,2011.0,Chargers,veteran,1.0
Fred Jackson,RB,Bills,2006.0,1.0,0.0799,0.0799,0.0,0.001,2006.0,Bills,rookie,0.0
Kerwynn Williams,RB,Cardinals,2015.0,1.0,0.1122,0.1122,0.0,0.001,2013.0,Colts,veteran,2.0
Christine Michael,RB,Commanders,2015.0,1.0,0.1122,0.1122,0.0,0.001,2013.0,Seahawks,veteran,2.0
Raheem Mostert,RB,Eagles,2015.0,1.0,0.1122,0.1122,0.0,0.001,2015.0,Eagles,rookie,0.0
Daryl Richardson,RB,HOU/CLE,2015.0,1.0,0.1122,0.1122,0.0,0.001,2012.0,Rams,veteran,3.0
Dominique Brown,RB,Steelers,2015.0,1.0,0.1122,0.1122,0.0,0.001,2015.0,Buccaneers,rookie,0.0
Terrance West,RB,Ravens,2015.0,1.0,0.1122,0.1122,0.0,0.001,2014.0,Browns,veteran,1.0
Marion Grice,RB,Lions,2015.0,1.0,0.1122,0.1122,0.0,0.001,2014.0,Chargers,veteran,1.0
Spencer Ware,RB,Chiefs,2015.0,1.0,0.1122,0.1122,0.0,0.001,2013.0,Seahawks,veteran,2.0
John Crockett,RB,Packers,2015.0,1.0,0.1122,0.1122,0.0,0.001,2015.0,Packers,rookie,0.0
Mike James,RB,Buccaneers,2015.0,1.0,0.1122,0.1122,0.0,0.001,2013.0,Buccaneers,veteran,2.0
Terrence Magee,RB,Ravens,2015.0,1.0,0.1122,0.1122,0.0,0.001,2015.0,Ravens,rookie,0.0
Montee Ball,RB,Patriots,2015.0,1.0,0.1122,0.1122,0.0,0.001,2013.0,Broncos,veteran,2.0
Mike Gillislee,RB,Cardinals,2015.0,1.0,0.1122,0.1122,0.0,0.001,2013.0,Dolphins,veteran,2.0
BenJarvus Green-Ellis,RB,Patriots,2008.0,1.0,0.0884,0.0884,0.0,0.001,2008.0,Patriots,rookie,0.0
Justin Forsett,RB,Seahawks,2008.0,1.0,0.0884,0.0884,0.0,0.001,2008.0,Seahawks,rookie,0.0
Storm Johnson,RB,Dolphins,2016.0,1.0,0.1173,0.1173,0.0,0.001,2014.0,Jaguars,veteran,2.0
Daryl Richardson,RB,Steelers,2016.0,1.0,0.1173,0.1173,0.0,0.001,2012.0,Rams,veteran,4.0
Karlos Williams,RB,Steelers,2016.0,1.0,0.1173,0.1173,0.0,0.001,2015.0,Bills,veteran,1.0
David Cobb,RB,Bears,2016.0,1.0,0.1173,0.1173,0.0,0.001,2015.0,Titans,veteran,1.0
Mike James,RB,Lions,2016.0,1.0,0.1173,0.1173,0.0,0.001,2013.0,Buccaneers,veteran,3.0
Raheem Mostert,RB,SF/CHI,2016.0,1.0,0.1173,0.1173,0.0,0.001,2015.0,Eagles,veteran,1.0
Andre Williams,RB,Chargers,2016.0,1.0,0.1173,0.1173,0.0,0.001,2014.0,Giants,veteran,2.0
Bishop Sankey,RB,Patriots,2016.0,1.0,0.1173,0.1173,0.0,0.001,2014.0,Titans,veteran,2.0
Terrence Magee,RB,Browns,2016.0,1.0,0.1173,0.1173,0.0,0.001,2015.0,Ravens,veteran,1.0
Elijah Hood,RB,Raiders,2017.0,1.0,0.1224,0.1224,0.0,0.001,2017.0,Raiders,rookie,0.0
Terrell Watson,RB,Steelers,2017.0,1.0,0.1224,0.1224,0.0,0.001,2015.0,Bengals,veteran,2.0
Aaron Green,RB,Cowboys,2017.0,1.0,0.1224,0.1224,0.0,0.001,2016.0,Rams,veteran,1.0
Kapri Bibbs,RB,Commanders,2017.0,1.0,0.1224,0.1224,0.0,0.001,2014.0,Broncos,veteran,3.0
De'Veon Smith,RB,Dolphins,2017.0,1.0,0.1224,0.1224,0.0,0.001,2017.0,Dolphins,rookie,0.0
Shane Smith,RB,Giants,2017.0,1.0,0.1224,0.1224,0.0,0.001,2017.0,Giants,rookie,0.0
Andre Williams,RB,Chargers,2017.0,1.0,0.1224,0.1224,0.0,0.001,2014.0,Giants,veteran,3.0
Trey Williams,RB,Cowboys,2017.0,1.0,0.1224,0.1224,0.0,0.001,2015.0,Commanders,veteran,2.0
Tim Cook,RB,Jaguars,2017.0,1.0,0.1224,0.1224,0.0,0.001,2017.0,Jaguars,rookie,0.0
Akeem Judd,RB,Jets,2017.0,1.0,0.1224,0.1224,0.0,0.001,2017.0,Titans,rookie,0.0
Akeem Hunt,RB,Chiefs,2017.0,1.0,0.1224,0.1224,0.0,0.001,2015.0,Giants,veteran,2.0
Bronson Hill,RB,Cardinals,2017.0,1.0,0.1224,0.1224,0.0,0.001,2015.0,Bills,veteran,2.0
Jhurell Pressley,RB,ATL/JAX,2017.0,1.0,0.1224,0.1224,0.0,0.001,2016.0,Vikings,veteran,1.0
Troymaine Pope,RB,Colts,2017.0,1.0,0.1224,0.1224,0.0,0.001,2016.0,Seahawks,veteran,1.0
Darius Victor,RB,Cardinals,2017.0,1.0,0.1224,0.1224,0.0,0.001,2017.0,Saints,rookie,0.0
Fitzgerald Toussaint,RB,Steelers,2017.0,1.0,0.1224,0.1224,0.0,0.001,2014.0,Ravens,veteran,3.0
Kenny Hilliard,RB,Commanders,2017.0,1.0,0.1224,0.1224,0.0,0.001,2015.0,Texans,veteran,2.0
Brian Hill,RB,Falcons,2017.0,1.0,0.1224,0.1224,0.0,0.001,2017.0,Falcons,rookie,0.0
Russ Hansbrough,RB,Buccaneers,2017.0,1.0,0.1224,0.1224,0.0,0.001,2016.0,Buccaneers,veteran,1.0
Josh Ferguson,RB,Colts,2017.0,1.0,0.1224,0.1224,0.0,0.001,2016.0,Colts,veteran,1.0
George Atkinson III,RB,Chiefs,2017.0,1.0,0.1224,0.1224,0.0,0.001,2014.0,Raiders,veteran,3.0
Terrence Magee,RB,Browns,2017.0,1.0,0.1224,0.1224,0.0,0.001,2015.0,Ravens,veteran,2.0
John Crockett,RB,Ravens,2017.0,1.0,0.1224,0.1224,0.0,0.001,2015.0,Packers,veteran,2.0
LeShun Daniels,RB,Commanders,2017.0,1.0,0.1224,0.1224,0.0,0.001,2017.0,Patriots,rookie,0.0
Jarveon Williams,RB,Bengals,2017.0,1.0,0.1224,0.1224,0.0,0.001,2017.0,Bengals,rookie,0.0
Brandon Radcliff,RB,Dolphins,2017.0,1.0,0.1224,0.1224,0.0,0.001,2017.0,Colts,rookie,0.0
Brandon Wilds,RB,Jaguars,2017.0,1.0,0.1224,0.1224,0.0,0.001,2016.0,Falcons,veteran,1.0
Dare Ogunbowale,RB,Buccaneers,2017.0,1.0,0.1224,0.1224,0.0,0.001,2017.0,Texans,rookie,0.0
Mike Davis,RB,Seahawks,2017.0,1.0,0.1224,0.1224,0.0,0.001,2015.0,49ers,veteran,2.0
Marcus Murphy,RB,Colts,2017.0,1.0,0.1224,0.1224,0.0,0.001,2015.0,Saints,veteran,2.0
Austin Johnson,RB,Buccaneers,2017.0,1.0,0.1224,0.1224,0.0,0.001,2012.0,Saints,veteran,5.0
Jahad Thomas,RB,Jets,2017.0,1.0,0.1224,0.1224,0.0,0.001,2017.0,Cowboys,rookie,0.0
Devine Redding,RB,Chiefs,2017.0,1.0,0.1224,0.1224,0.0,0.001,2017.0,Chiefs,rookie,0.0
James Summers,RB,Cardinals,2017.0,1.0,0.1224,0.1224,0.0,0.001,2017.0,Cardinals,rookie,0.0
Josh Rounds,RB,Bears,2017.0,1.0,0.1224,0.1224,0.0,0.001,2017.0,Bears,rookie,0.0
Jalen Simmons,RB,Chargers,2017.0,1.0,0.1224,0.1224,0.0,0.001,2016.0,Panthers,veteran,1.0
David Williams,RB,Broncos,2018.0,1.0,0.1292,0.1292,0.0,0.001,2018.0,Broncos,rookie,0.0
Detrez Newsome,RB,Chargers,2018.0,1.0,0.1292,0.1292,0.0,0.001,2018.0,Chargers,rookie,0.0
Dwayne Washington,RB,Saints,2018.0,1.0,0.1292,0.1292,0.0,0.001,2016.0,Lions,veteran,2.0
Jordan Chunn,RB,Cowboys,2018.0,1.0,0.1292,0.1292,0.0,0.001,2018.0,Cowboys,rookie,0.0
Brian Hill,RB,Falcons,2018.0,1.0,0.1292,0.1292,0.0,0.001,2017.0,Falcons,veteran,1.0
Roc Thomas,RB,Vikings,2018.0,1.0,0.1292,0.1292,0.0,0.001,2018.0,Vikings,rookie,0.0
Darius Jackson,RB,Cowboys,2018.0,1.0,0.1292,0.1292,0.0,0.001,2016.0,Cowboys,veteran,2.0
Reggie Bonnafon,RB,Panthers,2018.0,1.0,0.1292,0.1292,0.0,0.001,2018.0,Panthers,rookie,0.0
Taquan Mizzell,RB,Bears,2018.0,1.0,0.1292,0.1292,0.0,0.001,2017.0,Ravens,veteran,1.0
Ryan Nall,RB,Bears,2018.0,1.0,0.1292,0.1292,0.0,0.001,2018.0,Bears,rookie,0.0
Quinton Flowers,RB,Bengals,2018.0,1.0,0.1292,0.1292,0.0,0.001,2018.0,Bengals,rookie,0.0
Brandon Wilds,RB,Cardinals,2018.0,1.0,0.1292,0.1292,0.0,0.001,2016.0,Falcons,veteran,2.0
Josh Ferguson,RB,Patriots,2018.0,1.0,0.1292,0.1292,0.0,0.001,2016.0,Colts,veteran,2.0
Dontrell Hilliard,RB,Browns,2018.0,1.0,0.1292,0.1292,0.0,0.001,2018.0,Browns,rookie,0.0
Justin Jackson,RB,Chargers,2018.0,1.0,0.1292,0.1292,0.0,0.001,2018.0,Chargers,rookie,0.0
Matt Dayes,RB,49ers,2018.0,1.0,0.1292,0.1292,0.0,0.001,2017.0,Browns,veteran,1.0
Jeremy McNichols,RB,Colts,2018.0,1.0,0.1292,0.1292,0.0,0.001,2017.0,Buccaneers,veteran,1.0
Robert Martin,RB,Giants,2018.0,1.0,0.1292,0.1292,0.0,0.001,2018.0,Giants,rookie,0.0
Troymaine Pope,RB,Chargers,2018.0,1.0,0.1292,0.1292,0.0,0.001,2016.0,Seahawks,veteran,2.0
Mark Thompson,RB,Jets,2018.0,1.0,0.1292,0.1292,0.0,0.001,2018.0,Ravens,rookie,0.0
Elijhaa Penny,RB,Cardinals,2018.0,1.0,0.1292,0.1292,0.0,0.001,2016.0,Cardinals,veteran,2.0
Lavon Coleman,RB,Seahawks,2018.0,1.0,0.1292,0.1292,0.0,0.001,2018.0,Texans,rookie,0.0
Khalfani Muhammad,RB,Broncos,2018.0,1.0,0.1292,0.1292,0.0,0.001,2017.0,Titans,veteran,1.0
Dalyn Dawkins,RB,Titans,2018.0,1.0,0.1292,0.1292,0.0,0.001,2018.0,Titans,rookie,0.0
Bo Scarbrough,RB,Jaguars,2018.0,1.0,0.1292,0.1292,0.0,0.001,2018.0,Cowboys,rookie,0.0
De'Lance Turner,RB,Ravens,2018.0,1.0,0.1292,0.1292,0.0,0.001,2018.0,Ravens,rookie,0.0
Keith Ford,RB,Bills,2018.0,1.0,0.1292,0.1292,0.0,0.001,2018.0,Bills,rookie,0.0
Jalen Simmons,RB,Cardinals,2018.0,1.0,0.1292,0.1292,0.0,0.001,2016.0,Panthers,veteran,2.0
Tra Carson,RB,Packers,2018.0,1.0,0.1292,0.1292,0.0,0.001,2016.0,Bengals,veteran,2.0
Dare Ogunbowale,RB,Buccaneers,2018.0,1.0,0.1292,0.1292,0.0,0.001,2017.0,Texans,veteran,1.0
Mack Brown,RB,Commanders,2018.0,1.0,0.1292,0.1292,0.0,0.001,2015.0,Texans,veteran,3.0
Jeremy Langford,RB,Dolphins,2018.0,1.0,0.1292,0.1292,0.0,0.001,2015.0,Bears,veteran,3.0
Devante Mays,RB,Browns,2018.0,1.0,0.1292,0.1292,0.0,0.001,2017.0,Packers,veteran,1.0
Jonathan Williams,RB,Colts,2018.0,1.0,0.1292,0.1292,0.0,0.001,2016.0,Bills,veteran,2.0
James Butler,RB,Raiders,2018.0,1.0,0.1292,0.1292,0.0,0.001,2018.0,Raiders,rookie,0.0
Jeff Wilson,RB,49ers,2018.0,1.0,0.1292,0.1292,0.0,0.001,2018.0,49ers,rookie,0.0
Ralph Webb,RB,Patriots,2018.0,1.0,0.1292,0.1292,0.0,0.001,2018.0,Patriots,rookie,0.0
Donnel Pumphrey,RB,Eagles,2018.0,1.0,0.1292,0.1292,0.0,0.001,2017.0,Eagles,veteran,1.0
Jhurell Pressley,RB,Giants,2018.0,1.0,0.1292,0.1292,0.0,0.001,2016.0,Vikings,veteran,2.0
Joel Bouagnon,RB,Lions,2018.0,1.0,0.1292,0.1292,0.0,0.001,2017.0,Bears,veteran,1.0
Jarvion Franklin,RB,Steelers,2018.0,1.0,0.1292,0.1292,0.0,0.001,2018.0,Steelers,rookie,0.0
Russ Hansbrough,RB,Commanders,2018.0,1.0,0.1292,0.1292,0.0,0.001,2016.0,Buccaneers,veteran,2.0
Justin Stockton,RB,Lions,2018.0,1.0,0.1292,0.1292,0.0,0.001,2018.0,Seahawks,rookie,0.0
Martez Carter,RB,Saints,2018.0,1.0,0.1292,0.1292,0.0,0.001,2018.0,Commanders,rookie,0.0
Kenneth Farrow,RB,Patriots,2018.0,1.0,0.1292,0.1292,0.0,0.001,2016.0,Chargers,veteran,2.0
Ralph Webb,RB,Steelers,2019.0,1.0,0.136,0.136,0.0,0.001,2018.0,Patriots,veteran,1.0
Xavier Turner,RB,Seahawks,2019.0,1.0,0.136,0.136,0.0,0.001,2019.0,Cardinals,rookie,0.0
John Kelly,RB,Rams,2019.0,1.0,0.136,0.136,0.0,0.001,2018.0,Rams,veteran,1.0
Detrez Newsome,RB,Chargers,2019.0,1.0,0.136,0.136,0.0,0.001,2018.0,Chargers,veteran,1.0
Valentine Holmes,RB,Jets,2019.0,1.0,0.136,0.136,0.0,0.001,2019.0,Jets,rookie,0.0
Mike Weber,RB,Cowboys,2019.0,1.0,0.136,0.136,0.0,0.001,2019.0,Cowboys,rookie,0.0
Elijah Holyfield,RB,Panthers,2019.0,1.0,0.136,0.136,0.0,0.001,2019.0,Panthers,rookie,0.0
Chad Kanoff,RB,Buccaneers,2019.0,1.0,0.136,0.136,0.0,0.001,2018.0,Cardinals,veteran,1.0
Austin Walter,RB,Giants,2019.0,1.0,0.136,0.136,0.0,0.001,2019.0,49ers,rookie,0.0
Karan Higdon,RB,Texans,2019.0,1.0,0.136,0.136,0.0,0.001,2019.0,Texans,rookie,0.0
Nick Brossette,RB,Lions,2019.0,1.0,0.136,0.136,0.0,0.001,2019.0,Patriots,rookie,0.0
Elijah Hood,RB,Jaguars,2019.0,1.0,0.136,0.136,0.0,0.001,2017.0,Raiders,veteran,2.0
Shaun Wilson,RB,Titans,2019.0,1.0,0.136,0.136,0.0,0.001,2018.0,Buccaneers,veteran,1.0
Marcus Marshall,RB,Chiefs,2019.0,1.0,0.136,0.136,0.0,0.001,2019.0,Chiefs,rookie,0.0
Dalyn Dawkins,RB,Titans,2019.0,1.0,0.136,0.136,0.0,0.001,2018.0,Titans,veteran,1.0
James Butler,RB,Raiders,2019.0,1.0,0.136,0.136,0.0,0.001,2018.0,Raiders,veteran,1.0
Jeremy McNichols,RB,Jaguars,2019.0,1.0,0.136,0.136,0.0,0.001,2017.0,Buccaneers,veteran,2.0
Jordan Chunn,RB,Cowboys,2019.0,1.0,0.136,0.136,0.0,0.001,2018.0,Cowboys,veteran,1.0
Wes Hills,RB,Lions,2019.0,1.0,0.136,0.136,0.0,0.001,2019.0,Cardinals,rookie,0.0
Johnny Stanton,RB,Vikings,2019.0,1.0,0.136,0.136,0.0,0.001,2018.0,Vikings,veteran,1.0
Bruce Anderson,RB,Buccaneers,2019.0,1.0,0.136,0.136,0.0,0.001,2019.0,Buccaneers,rookie,0.0
Elijah McGuire,RB,Chiefs,2019.0,1.0,0.136,0.136,0.0,0.001,2017.0,Jets,veteran,2.0
Tra Carson,RB,Packers,2019.0,1.0,0.136,0.136,0.0,0.001,2016.0,Bengals,veteran,3.0
David Williams,RB,Colts,2019.0,1.0,0.136,0.136,0.0,0.001,2018.0,Broncos,veteran,1.0
De'Angelo Henderson,RB,Eagles,2019.0,1.0,0.136,0.136,0.0,0.001,2017.0,Broncos,veteran,2.0
Byron Marshall,RB,Ravens,2019.0,1.0,0.136,0.136,0.0,0.001,2016.0,Eagles,veteran,3.0
Mark Thompson,RB,Lions,2019.0,1.0,0.136,0.136,0.0,0.001,2018.0,Ravens,veteran,1.0
Paul Perkins,RB,Lions,2019.0,1.0,0.136,0.136,0.0,0.001,2016.0,Giants,veteran,3.0
Samaje Perine,RB,Bengals,2019.0,1.0,0.136,0.136,0.0,0.001,2017.0,Commanders,veteran,2.0
Josh Ferguson,RB,Commanders,2019.0,1.0,0.136,0.136,0.0,0.001,2016.0,Colts,veteran,3.0
Aca'Cedric Ware,RB,Buccaneers,2019.0,1.0,0.136,0.136,0.0,0.001,2019.0,Colts,rookie,0.0
Derrick Gore,RB,Chargers,2019.0,1.0,0.136,0.136,0.0,0.001,2019.0,Chargers,rookie,0.0
Jordan Ellis,RB,Bengals,2019.0,1.0,0.136,0.136,0.0,0.001,2019.0,Bengals,rookie,0.0
Justin Davis,RB,Cardinals,2019.0,1.0,0.136,0.136,0.0,0.001,2017.0,Rams,veteran,2.0
Craig Reynolds,RB,Falcons,2019.0,1.0,0.136,0.136,0.0,0.001,2019.0,Commanders,rookie,0.0
Christian Wade,RB,Bills,2019.0,1.0,0.136,0.136,0.0,0.001,2019.0,Bills,rookie,0.0
Ryan Nall,RB,Bears,2019.0,1.0,0.136,0.136,0.0,0.001,2018.0,Bears,veteran,1.0
Bo Scarbrough,RB,Lions,2019.0,1.0,0.136,0.136,0.0,0.001,2018.0,Cowboys,veteran,1.0
Damarea Crockett,RB,Raiders,2019.0,1.0,0.136,0.136,0.0,0.001,2019.0,Texans,rookie,0.0
Taquan Mizzell,RB,Saints,2019.0,1.0,0.136,0.136,0.0,0.001,2017.0,Ravens,veteran,2.0
Darrin Hall,RB,Steelers,2019.0,1.0,0.136,0.136,0.0,0.001,2019.0,Browns,rookie,0.0
Jon Hilliman,RB,Giants,2019.0,1.0,0.136,0.136,0.0,0.001,2019.0,Giants,rookie,0.0
Tony Brooks-James,RB,TB/PIT,2019.0,1.0,0.136,0.136,0.0,0.001,2019.0,Falcons,rookie,0.0
Quinton Flowers,RB,Colts,2019.0,1.0,0.136,0.136,0.0,0.001,2018.0,Bengals,veteran,1.0
Josh Adams,RB,Jets,2020.0,1.0,0.1428,0.1428,0.0,0.001,2018.0,Eagles,veteran,2.0
Sandro Platzgummer,RB,Giants,2020.0,1.0,0.1428,0.1428,0.0,0.001,2020.0,Giants,rookie,0.0
Jacques Patrick,RB,Bengals,2020.0,1.0,0.1428,0.1428,0.0,0.001,2020.0,Bengals,rookie,0.0
C.J. Prosise,RB,Buccaneers,2020.0,1.0,0.1428,0.1428,0.0,0.001,2016.0,Seahawks,veteran,4.0
Rodney Smith,RB,Panthers,2020.0,1.0,0.1428,0.1428,0.0,0.001,2020.0,Panthers,rookie,0.0
Dontrell Hilliard,RB,Browns,2020.0,1.0,0.1428,0.1428,0.0,0.001,2018.0,Browns,veteran,2.0
Benny LeMay,RB,Browns,2020.0,1.0,0.1428,0.1428,0.0,0.001,2020.0,Browns,rookie,0.0
Aca'Cedric Ware,RB,Buccaneers,2020.0,1.0,0.1428,0.1428,0.0,0.001,2019.0,Colts,veteran,1.0
Johnny Stanton,RB,Browns,2020.0,1.0,0.1428,0.1428,0.0,0.001,2018.0,Vikings,veteran,2.0
Elijah Holyfield,RB,Eagles,2020.0,1.0,0.1428,0.1428,0.0,0.001,2019.0,Panthers,veteran,1.0
Artavis Pierce,RB,Bears,2020.0,1.0,0.1428,0.1428,0.0,0.001,2020.0,Bears,rookie,0.0
Christian Wade,RB,Bills,2020.0,1.0,0.1428,0.1428,0.0,0.001,2019.0,Bills,veteran,1.0
Kerrith Whyte,RB,Lions,2020.0,1.0,0.1428,0.1428,0.0,0.001,2019.0,Bears,veteran,1.0
Kalen Ballage,RB,Chargers,2020.0,1.0,0.1428,0.1428,0.0,0.001,2018.0,Dolphins,veteran,2.0
Dexter Williams,RB,Packers,2020.0,1.0,0.1428,0.1428,0.0,0.001,2019.0,Packers,veteran,1.0
John Kelly,RB,Browns,2020.0,1.0,0.1428,0.1428,0.0,0.001,2018.0,Rams,veteran,2.0
Reggie Bonnafon,RB,Panthers,2020.0,1.0,0.1428,0.1428,0.0,0.001,2018.0,Panthers,veteran,2.0
Jordan Scarlett,RB,Lions,2020.0,1.0,0.1428,0.1428,0.0,0.001,2019.0,Panthers,veteran,1.0
Austin Walter,RB,49ers,2020.0,1.0,0.1428,0.1428,0.0,0.001,2019.0,49ers,veteran,1.0
J.J. Taylor,RB,Patriots,2020.0,1.0,0.1428,0.1428,0.0,0.001,2020.0,Patriots,rookie,0.0
Jeremy McNichols,RB,Titans,2020.0,1.0,0.1428,0.1428,0.0,0.001,2017.0,Buccaneers,veteran,3.0
Derrick Gore,RB,Chargers,2020.0,1.0,0.1428,0.1428,0.0,0.001,2019.0,Chargers,veteran,1.0
Salvon Ahmed,RB,Dolphins,2020.0,1.0,0.1428,0.1428,0.0,0.001,2020.0,49ers,rookie,0.0
Darius Bradwell,RB,Chargers,2020.0,1.0,0.1428,0.1428,0.0,0.001,2020.0,Chargers,rookie,0.0
D.J. Foster,RB,Cardinals,2020.0,1.0,0.1428,0.1428,0.0,0.001,2016.0,Patriots,veteran,4.0
Tavien Feaster,RB,Lions,2020.0,1.0,0.1428,0.1428,0.0,0.001,2020.0,Jaguars,rookie,0.0
Darius Anderson,RB,Colts,2020.0,1.0,0.1428,0.1428,0.0,0.001,2020.0,Cowboys,rookie,0.0
Khalfani Muhammad,RB,Vikings,2020.0,1.0,0.1428,0.1428,0.0,0.001,2017.0,Titans,veteran,3.0
LeVante Bellamy,RB,Broncos,2020.0,1.0,0.1428,0.1428,0.0,0.001,2020.0,Broncos,rookie,0.0
Tony Brooks-James,RB,Falcons,2020.0,1.0,0.1428,0.1428,0.0,0.001,2019.0,Falcons,veteran,1.0
Antonio Williams,RB,Bills,2020.0,1.0,0.1428,0.1428,0.0,0.001,2020.0,Bills,rookie,0.0
Jonathan Ward,RB,Cardinals,2020.0,1.0,0.1428,0.1428,0.0,0.001,2020.0,Cardinals,rookie,0.0
Troymaine Pope,RB,Chargers,2020.0,1.0,0.1428,0.1428,0.0,0.001,2016.0,Seahawks,veteran,4.0
Jeremy Cox,RB,Broncos,2020.0,1.0,0.1428,0.1428,0.0,0.001,2019.0,Chargers,veteran,1.0
JaMycal Hasty,RB,49ers,2020.0,1.0,0.1428,0.1428,0.0,0.001,2020.0,49ers,rookie,0.0
Taquan Mizzell,RB,Giants,2020.0,1.0,0.1428,0.1428,0.0,0.001,2017.0,Ravens,veteran,3.0
Darius Jackson,RB,Colts,2020.0,1.0,0.1428,0.1428,0.0,0.001,2016.0,Cowboys,veteran,4.0
Adrian Killins,RB,Eagles,2020.0,1.0,0.1428,0.1428,0.0,0.001,2020.0,Eagles,rookie,0.0
Dalyn Dawkins,RB,Lions,2020.0,1.0,0.1428,0.1428,0.0,0.001,2018.0,Titans,veteran,2.0
Elijah McGuire,RB,Dolphins,2020.0,1.0,0.1428,0.1428,0.0,0.001,2017.0,Jets,veteran,3.0
Raymond Calais,RB,Buccaneers,2020.0,1.0,0.1428,0.1428,0.0,0.001,2020.0,Buccaneers,rookie,0.0
Javon Leake,RB,Commanders,2020.0,1.0,0.1428,0.1428,0.0,0.001,2020.0,Giants,rookie,0.0
Scottie Phillips,RB,Texans,2020.0,1.0,0.1428,0.1428,0.0,0.001,2020.0,Texans,rookie,0.0
Mike Weber,RB,Packers,2020.0,1.0,0.1428,0.1428,0.0,0.001,2019.0,Cowboys,veteran,1.0
Pete Guerriero,RB,Panthers,2020.0,1.0,0.1428,0.1428,0.0,0.001,2020.0,Jets,rookie,0.0
Nathan Cottrell,RB,Jaguars,2020.0,1.0,0.1428,0.1428,0.0,0.001,2020.0,Jaguars,rookie,0.0
Michael Warren,RB,Commanders,2020.0,1.0,0.1428,0.1428,0.0,0.001,2020.0,Eagles,rookie,0.0
Bo Scarbrough,RB,Seahawks,2020.0,1.0,0.1428,0.1428,0.0,0.001,2018.0,Cowboys,veteran,2.0
Danny Woodhead,RB,Jets,2009.0,1.0,0.0884,0.0884,0.0,0.001,2008.0,Jets,veteran,1.0
Arian Foster,RB,Texans,2009.0,1.0,0.0884,0.0884,0.0,0.001,2009.0,Texans,rookie,0.0
Andre Brown,RB,Broncos,2010.0,1.0,0.0884,0.0884,0.0,0.001,2009.0,Giants,veteran,1.0
Darius Jackson,RB,Colts,2019.0,1.0,0.12,0.12,0.0,0.001,2016.0,Cowboys,veteran,3.0
Craig Reynolds,RB,Jaguars,2020.0,1.0,0.064906,0.064906,0.0,0.0,2019.0,Commanders,veteran,1.0
Austin Johnson,RB,Buccaneers,2018.0,2.0,1.35,0.000675,0.0,0.0,2012.0,Saints,veteran,6.0
Mike Goodson,RB,Jets,2009.0,3.0,6.9,2.3,1.0,0.0,2009.0,Panthers,rookie,0.0
Vonta Leach,RB,Ravens,2004.0,2.0,3.75,1.875,1.16,0.0,2004.0,Packers,rookie,0.0
Jason Snelling,RB,Falcons,2007.0,3.0,4.0,1.333333,1.075,0.0,2007.0,Falcons,rookie,0.0
Trenton Cannon,RB,Titans,2022.0,1.0,0.3193,0.0,0.0,0.0,2018.0,Jets,veteran,4.0
Brandon Saine,RB,Packers,2011.0,3.0,0.0,0.0,0.0,0.0,2011.0,Packers,rookie,0.0
John Griffin,RB,Jets,2011.0,2.0,0.795,0.3975,0.0,0.0,2011.0,Bengals,rookie,0.0
Damarea Crockett,RB,Broncos,2020.0,1.0,0.1428,0.0,0.0,0.0,2019.0,Texans,veteran,1.0
Barry Sanders,RB,Lions,1989.0,6.0,7.6,1.266667,2.1,0.0,1989.0,Lions,rookie,0.0
Bernard Scott,RB,Ravens,2009.0,1.0,0.715,0.715,0.0,0.0,2009.0,Bengals,rookie,0.0
Jerodis Williams,RB,Broncos,2013.0,1.0,0.42,0.42,0.0,0.0,2013.0,Vikings,rookie,0.0
William Powell,RB,Cardinals,2011.0,2.0,1.08,0.54,0.0,0.0,2011.0,Cardinals,rookie,0.0
Ronnie Brown,RB,Chargers,2005.0,1.0,0.855,0.855,0.0,0.0,2005.0,Dolphins,rookie,0.0
Brian Leonard,RB,Saints,2007.0,1.0,0.855,0.855,0.0,0.0,2007.0,Rams,rookie,0.0
Greg Jones,RB,Jaguars,2004.0,1.0,0.87,0.87,0.0,0.0,2004.0,Jaguars,rookie,0.0
Ronnie Wingo,RB,Falcons,2013.0,2.0,0.111,0.555,0.0,0.0,2013.0,Falcons,rookie,0.0
Jeff Demps,RB,Colts,2012.0,2.0,1.11,0.555,0.0,0.0,2012.0,Patriots,rookie,0.0
Ray Agnew,RB,Cowboys,2014.0,2.0,1.11,0.555,0.0,0.0,2014.0,Browns,rookie,0.0
Peyton Hillis,RB,Giants,2008.0,2.0,1.8,0.9,0.1,0.0,2008.0,Broncos,rookie,0.0
Leon Washington,RB,Titans,2006.0,1.0,0.92,0.92,0.635,0.0,2006.0,Jets,rookie,0.0
Brandon Jacobs,RB,Giants,2005.0,1.0,0.84,0.84,0.0,0.0,2005.0,Giants,rookie,0.0
Jerome Bettis,RB,Rams,1993.0,5.0,4.6625,0.9325,2.0,0.0,1993.0,Rams,rookie,0.0
Alonzo Harris,RB,Packers,2015.0,3.0,1.5785,0.526167,0.0035,0.0,2015.0,Packers,rookie,0.0
Synjyn Days,RB,Cowboys,2015.0,3.0,1.5775,0.525833,0.0025,0.0,2015.0,Cowboys,rookie,0.0
Terrence Franks,RB,Rams,2015.0,3.0,1.5775,0.525833,0.0025,0.0,2015.0,Rams,rookie,0.0
Michael Dyer,RB,Raiders,2015.0,3.0,1.5765,0.5255,0.0015,0.0,2015.0,Raiders,rookie,0.0
Lee Ward,RB,Panthers,2015.0,3.0,1.576,0.525333,0.001,0.0,2015.0,Panthers,rookie,0.0
Kory Sheets,RB,Raiders,2009.0,1.0,0.525,0.525,0.03,0.0,2009.0,,rookie,0.0
Thomas Rawls,RB,Seahawks,2015.0,3.0,1.575,0.525,0.0,0.0,2015.0,Seahawks,rookie,0.0
Will Ta'ufo'ou,RB,Jaguars,2009.0,1.0,0.57,0.57,0.0,0.0,2009.0,Bears,rookie,0.0
Keshawn Hill,RB,Chiefs,2015.0,3.0,1.575,0.525,0.0,0.0,2015.0,Chiefs,rookie,0.0
Emmitt Smith,RB,Cowboys,1993.0,4.0,13.101,3.27525,4.0,0.0,1990.0,Cowboys,veteran,3.0
Emmitt Smith,RB,Cowboys,1990.0,4.0,2.8,0.7,1.0,0.0,1990.0,Cowboys,rookie,0.0
Kahlil Bell,RB,Packers,2009.0,1.0,0.715,0.715,0.0,0.0,2009.0,Vikings,rookie,0.0
Spencer Larsen,RB,Buccaneers,2008.0,1.0,0.715,0.715,0.0,0.0,2008.0,Broncos,rookie,0.0
Quinn Johnson,RB,Titans,2009.0,2.0,1.445,0.7225,0.0,0.0,2009.0,Packers,rookie,0.0
Darius Reynaud,RB,Bears,2008.0,1.0,0.73,0.73,0.0,0.0,2008.0,Vikings,rookie,0.0
Roy Finch,RB,Patriots,2014.0,3.0,1.535,0.511667,0.01,0.0,2014.0,Patriots,rookie,0.0
Alfonso Smith,RB,49ers,2010.0,1.0,0.645,0.645,0.0,0.0,2010.0,Cardinals,rookie,0.0
Joe McKnight,RB,Chiefs,2010.0,1.0,0.645,0.645,0.0,0.0,2010.0,Jets,rookie,0.0
Ben Tate,RB,Steelers,2010.0,1.0,0.645,0.645,0.0,0.0,2010.0,Texans,rookie,0.0
Frank Summers,RB,Bills,2009.0,1.0,0.57,0.57,0.0,0.0,2009.0,Steelers,rookie,0.0
Chris Pressley,RB,Browns,2009.0,1.0,0.73,0.73,0.0,0.0,2009.0,Bengals,rookie,0.0
Deji Karim,RB,Colts,2010.0,1.0,0.73,0.73,0.0,0.0,2010.0,Jaguars,rookie,0.0
Josh Vaughan,RB,Falcons,2009.0,2.0,1.2,0.6,0.0,0.0,2009.0,Buccaneers,rookie,0.0
Chris Ogbonnaya,RB,Giants,2009.0,1.0,0.77,0.77,0.025,0.0,2009.0,Rams,rookie,0.0
LaRod Stephens-Howling,RB,Steelers,2009.0,1.0,0.78,0.78,0.065,0.0,2009.0,Cardinals,rookie,0.0
Felix Jones,RB,Steelers,2008.0,1.0,0.78,0.78,0.0325,0.0,2008.0,Cowboys,rookie,0.0
Jonathan Dwyer,RB,Cardinals,2010.0,1.0,0.795,0.795,0.065,0.0,2010.0,Steelers,rookie,0.0
Tony Fiammetta,RB,Bears,2009.0,2.0,1.625,0.8125,0.15,0.0,2009.0,Panthers,rookie,0.0
Desmond Martin,RB,Lions,2015.0,3.0,1.575,0.525,0.0,0.0,2015.0,Lions,rookie,0.0
Kenneth Harper,RB,Giants,2015.0,3.0,1.575,0.525,0.0,0.0,2015.0,Giants,rookie,0.0
Phillip Tanner,RB,49ers,2011.0,1.0,0.645,0.645,0.0,0.0,2011.0,Cowboys,rookie,0.0
Lonnie Pryor,RB,Buccaneers,2013.0,3.0,1.485,0.495,0.0,0.0,2013.0,Jaguars,rookie,0.0
Chad Spann,RB,Texans,2011.0,3.0,1.485,0.495,0.0,0.0,2011.0,Colts,rookie,0.0
Zach Bauman,RB,Cardinals,2014.0,2.0,0.96,0.48,0.0,0.0,2014.0,Cardinals,rookie,0.0
Henry Josey,RB,Vikings,2014.0,2.0,0.96,0.48,0.0,0.0,2014.0,Eagles,rookie,0.0
Jamaine Cook,RB,Browns,2013.0,2.0,0.93,0.465,0.0,0.0,2013.0,Browns,rookie,0.0
Bradley Randle,RB,Vikings,2013.0,2.0,0.93,0.465,0.0,0.0,2013.0,Vikings,rookie,0.0
D.J. Adams,RB,Chargers,2014.0,2.0,0.93,0.465,0.0,0.0,2014.0,Chargers,rookie,0.0
Ina Liaina,RB,Packers,2013.0,2.0,0.93,0.465,0.0,0.0,2013.0,Dolphins,rookie,0.0
Barry Sanders,RB,Lions,1993.0,3.0,13.1595,4.3865,0.0,0.0,1989.0,Lions,veteran,4.0
Terrance Cobb,RB,Raiders,2014.0,1.0,0.435,0.435,0.0,0.0,2014.0,Jaguars,rookie,0.0
Miguel Maysonet,RB,Steelers,2013.0,1.0,0.42,0.42,0.0,0.0,2013.0,Eagles,rookie,0.0
Tauren Poole,RB,Panthers,2012.0,1.0,0.42,0.42,0.0,0.0,2012.0,Panthers,rookie,0.0
Lex Hilliard,RB,Jets,2008.0,1.0,0.715,0.715,0.0,0.0,2008.0,Dolphins,rookie,0.0
Ray Graham,RB,Texans,2013.0,3.0,1.485,0.495,0.0,0.0,2013.0,Texans,rookie,0.0
Michael Zordich,RB,Saints,2013.0,3.0,1.488,0.496,0.003,0.0,2013.0,Panthers,rookie,0.0
Joe Don Duncan,RB,Broncos,2014.0,3.0,1.575,0.525,0.0,0.0,2014.0,,rookie,0.0
Stephen Campbell,RB,Commanders,2013.0,3.0,1.53,0.51,0.0,0.0,2013.0,Colts,rookie,0.0
Rasheed Williams,RB,Lions,2015.0,3.0,1.575,0.525,0.0,0.0,2015.0,Lions,rookie,0.0
LaVance Taylor,RB,Chiefs,2015.0,3.0,1.575,0.525,0.0,0.0,2015.0,Chiefs,rookie,0.0
Chad Abram,RB,Lions,2014.0,4.0,1.5375,0.5125,0.0075,0.0,2014.0,Lions,rookie,0.0
Jordan Lynch,RB,Bears,2014.0,3.0,1.533,0.511,0.003,0.0,2014.0,Bears,rookie,0.0
Chad Young,RB,Jets,2014.0,3.0,1.5315,0.5105,0.0015,0.0,2014.0,Jets,rookie,0.0
LaDarius Perkins,RB,Steelers,2014.0,4.0,1.53,0.51,0.0,0.0,2014.0,Packers,rookie,0.0
Alex Debniak,RB,49ers,2013.0,3.0,1.49,0.496667,0.005,0.0,2013.0,,rookie,0.0
Maurice Hagens,RB,Falcons,2014.0,4.0,1.53,0.51,0.0,0.0,2014.0,Falcons,rookie,0.0
Jerome Smith,RB,Falcons,2014.0,3.0,1.53,0.51,0.0,0.0,2014.0,Falcons,rookie,0.0
Karl Williams,RB,Raiders,2014.0,4.0,1.53,0.51,0.0,0.0,2014.0,Raiders,rookie,0.0
Orwin Smith,RB,Packers,2013.0,3.0,1.53,0.51,0.0,0.0,2013.0,Packers,rookie,0.0
Kadeem Jones,RB,Rams,2014.0,4.0,1.53,0.51,0.0,0.0,2014.0,Rams,rookie,0.0
Glasco Martin,RB,Cowboys,2014.0,4.0,1.53,0.51,0.0,0.0,2014.0,Cowboys,rookie,0.0
Brennan Clay,RB,Broncos,2014.0,4.0,1.53,0.51,0.0,0.0,2014.0,Broncos,rookie,0.0
Mossis Madu,RB,Buccaneers,2011.0,3.0,0.0,0.0,0.0,0.0,2011.0,Buccaneers,rookie,0.0
Ja'Marr Chase,WR,Bengals,2025.0,4.0,161.0,40.25,73.9,0.14400000000000002,2021.0,Bengals,veteran,4.0
Tyreek Hill,WR,Dolphins,2022.0,4.0,120.0,30.0,52.535,0.14400000000000002,2016.0,Chiefs,veteran,6.0
Jerry Rice,WR,49ers,1996.0,5.0,29.0,5.8,4.0,0.142,1985.0,,veteran,11.0
Jaxon Smith-Njigba,WR,Seahawks,2026.0,4.0,168.6,42.15,69.130996,0.14,2023.0,Seahawks,veteran,3.0
DeAndre Hopkins,WR,Cardinals,2020.0,2.0,54.5,27.25,42.75,0.13699999999999998,2013.0,Texans,veteran,7.0
Justin Jefferson,WR,Vikings,2024.0,4.0,140.0,35.0,88.743,0.13699999999999998,2020.0,Vikings,veteran,4.0
Randy Moss,WR,Vikings,2001.0,7.0,63.536,9.076571,10.0,0.135,1998.0,Vikings,veteran,3.0
Calvin Johnson,WR,Lions,2012.0,7.0,113.45,16.207143,48.75,0.134,2007.0,Lions,veteran,5.0
Larry Fitzgerald,WR,Cardinals,2011.0,7.0,113.0,16.142857,20.0,0.134,2004.0,Cardinals,veteran,7.0
CeeDee Lamb,WR,Cowboys,2024.0,4.0,136.0,34.0,67.0,0.133,2020.0,Cowboys,veteran,4.0
Cooper Kupp,WR,Rams,2022.0,3.0,80.1,26.7,35.0,0.128,2017.0,Rams,veteran,5.0
A.J. Brown,WR,PHI/NE,2024.0,3.0,96.0,32.0,51.0,0.125,2019.0,Titans,veteran,5.0
A.J. Brown,WR,Eagles,2022.0,4.0,100.0,25.0,40.0,0.12,2019.0,Titans,veteran,3.0
Marvin Harrison,WR,Colts,2004.0,7.0,67.0,9.571429,6.0,0.11900000000000001,1996.0,Colts,veteran,8.0
D.K. Metcalf,WR,Steelers,2025.0,4.0,131.999529,32.999882,60.000471,0.11800000000000001,2019.0,Seahawks,veteran,6.0
Amon-Ra St. Brown,WR,Lions,2024.0,4.0,120.01,30.0025,34.666,0.11699999999999999,2021.0,Lions,veteran,3.0
Tyreek Hill,WR,Dolphins,2024.0,3.0,90.0,30.0,54.0,0.11699999999999999,2016.0,Chiefs,veteran,8.0
Brandon Aiyuk,WR,49ers,2024.0,4.0,120.0,30.0,45.0,0.11699999999999999,2020.0,49ers,veteran,4.0
Drake London,WR,Falcons,2026.0,4.0,141.054,35.2635,52.871,0.11699999999999999,2022.0,Falcons,veteran,4.0
Julio Jones,WR,ATL/TEN,2019.0,3.0,66.0,22.0,64.0,0.11699999999999999,2011.0,Falcons,veteran,8.0
Garrett Wilson,WR,Jets,2025.0,4.0,130.0,32.5,38.324819,0.11599999999999999,2022.0,Jets,veteran,3.0
D.K. Metcalf,WR,PIT/SEA,2022.0,3.0,72.0,24.0,31.0,0.115,2019.0,Seahawks,veteran,3.0
Stefon Diggs,WR,BUF/HOU,2022.0,4.0,96.0,24.0,47.985,0.115,2015.0,Vikings,veteran,7.0
Larry Fitzgerald,WR,Cardinals,2004.0,6.0,55.4375,9.239583,12.5375,0.115,2004.0,Cardinals,rookie,0.0
Deebo Samuel,WR,WAS/SF,2022.0,3.0,71.55,23.85,41.0,0.115,2019.0,49ers,veteran,3.0
Jerry Rice,WR,49ers,1998.0,6.0,36.0,6.0,4.0,0.115,1985.0,,veteran,13.0
Terry McLaurin,WR,Commanders,2022.0,3.0,69.6,23.2,34.654118,0.111,2019.0,Commanders,veteran,3.0
Jaylen Waddle,WR,DEN/MIA,2024.0,3.0,84.75,28.25,35.978546,0.111,2021.0,Dolphins,veteran,3.0
Randy Moss,WR,Raiders,2005.0,4.0,37.0,9.25,7.085,0.10800000000000001,1998.0,Vikings,veteran,7.0
D.J. Moore,WR,CHI/BUF,2024.0,4.0,110.0,27.5,43.65,0.10800000000000001,2018.0,Panthers,veteran,6.0
A.J. Green,WR,Bengals,2015.0,4.0,60.0,15.0,26.75,0.105,2011.0,Bengals,veteran,4.0
Percy Harvin,WR,SEA/NYJ,2013.0,5.0,64.2175,12.8435,14.5,0.10400000000000001,2009.0,Vikings,veteran,4.0
Terry McLaurin,WR,Commanders,2025.0,3.0,87.0,29.0,44.65,0.10400000000000001,2019.0,Commanders,veteran,6.0
Michael Thomas,WR,Saints,2019.0,5.0,96.25,19.25,35.648043,0.102,2016.0,Saints,veteran,3.0
Antonio Brown,WR,Steelers,2017.0,4.0,68.0,17.0,19.0,0.102,2010.0,Steelers,veteran,7.0
Odell Beckham Jr.,WR,NYG/CLE,2018.0,5.0,90.0,18.0,40.959,0.102,2014.0,Giants,veteran,4.0
Keenan Allen,WR,LAC/CHI,2020.0,4.0,80.1,20.025,32.0,0.10099999999999999,2013.0,Chargers,veteran,7.0
Amari Cooper,WR,BUF/DAL/CLE,2020.0,5.0,100.0,20.0,40.0,0.10099999999999999,2015.0,Raiders,veteran,5.0
Nico Collins,WR,Texans,2026.0,2.0,60.0,30.0,57.0,0.1,2021.0,Texans,veteran,5.0
Julio Jones,WR,Falcons,2015.0,5.0,71.25,14.25,35.5,0.099,2011.0,Falcons,veteran,4.0
D.J. Moore,WR,CHI/CAR,2022.0,3.0,61.884,20.628,41.61,0.099,2018.0,Panthers,veteran,4.0
Kenny Golladay,WR,Giants,2021.0,4.0,72.0,18.0,28.0,0.099,2017.0,Lions,veteran,4.0
Allen Robinson,WR,Bears,2021.0,1.0,17.98,17.98,17.88,0.099,2014.0,Jaguars,veteran,7.0
Marvin Harrison,WR,Colts,2000.0,4.0,24.48,6.12,11.5,0.098,1996.0,Colts,veteran,4.0
DeVonta Smith,WR,Eagles,2024.0,3.0,75.0,25.0,33.997554,0.098,2021.0,Eagles,veteran,3.0
Dez Bryant,WR,Cowboys,2015.0,5.0,70.0,14.0,32.0,0.098,2010.0,Cowboys,veteran,5.0
Demaryius Thomas,WR,Texans,2015.0,5.0,70.0,14.0,35.0,0.098,2010.0,Broncos,veteran,5.0
Mike Wallace,WR,MIA/MIN,2013.0,2.0,60.0,12.0,27.0,0.098,2009.0,Steelers,veteran,4.0
DeAndre Hopkins,WR,ARI/HOU,2017.0,5.0,81.0,16.2,36.5,0.09699999999999999,2013.0,Texans,veteran,4.0
Davante Adams,WR,Packers,2022.0,1.0,20.145,20.145,0.0,0.09699999999999999,2014.0,Packers,veteran,8.0
Chris Godwin,WR,Buccaneers,2022.0,3.0,60.0,20.0,40.0,0.096,2017.0,Buccaneers,veteran,5.0
Mike Williams,WR,Chargers,2022.0,3.0,60.0,20.0,40.0,0.096,2017.0,Chargers,veteran,5.0
Tyreek Hill,WR,Chiefs,2019.0,3.0,54.0,18.0,18.34,0.096,2016.0,Chiefs,veteran,3.0
Jameson Williams,WR,Lions,2025.0,3.0,80.0,26.666667,30.579154,0.096,2022.0,Lions,veteran,3.0
Brandin Cooks,WR,Texans,2022.0,2.0,39.764706,19.882353,36.0,0.095,2014.0,Saints,veteran,8.0
Nico Collins,WR,Texans,2024.0,3.0,72.75,24.25,32.116,0.095,2021.0,Texans,veteran,3.0
Vincent Jackson,WR,Chargers,2011.0,1.0,11.424,11.424,11.424,0.095,2005.0,Chargers,veteran,6.0
Tyler Lockett,WR,Seahawks,2021.0,4.0,69.2,17.3,21.0,0.095,2015.0,Seahawks,veteran,6.0
Alec Pierce,WR,Colts,2026.0,4.0,114.0,28.5,60.0,0.095,2022.0,Colts,veteran,4.0
Alshon Jeffery,WR,Bears,2016.0,1.0,14.599,14.599,14.599,0.094,2012.0,Bears,veteran,4.0
Tee Higgins,WR,Bengals,2025.0,1.0,26.1792,26.1792,0.0,0.094,2020.0,Bengals,veteran,5.0
Mike Evans,WR,Buccaneers,2018.0,5.0,82.5,16.5,38.258,0.09300000000000001,2014.0,Buccaneers,veteran,4.0
Vincent Jackson,WR,Buccaneers,2012.0,5.0,55.555555,11.111111,26.0,0.092,2005.0,Chargers,veteran,7.0
Brandin Cooks,WR,LAR/HOU,2018.0,5.0,81.0,16.2,20.459,0.091,2014.0,Saints,veteran,4.0
Dwayne Bowe,WR,Chiefs,2013.0,5.0,56.0,11.2,20.0,0.091,2007.0,Chiefs,veteran,6.0
T.Y. Hilton,WR,Colts,2015.0,5.0,65.0,13.0,11.0,0.091,2012.0,Colts,veteran,3.0
A.J. Green,WR,Bengals,2020.0,1.0,17.971,17.971,17.971,0.091,2011.0,Bengals,veteran,9.0
George Pickens,WR,Cowboys,2026.0,1.0,27.298,27.298,27.298,0.091,2022.0,Steelers,veteran,4.0
Sammy Watkins,WR,Chiefs,2018.0,3.0,48.0,16.0,30.0,0.09,2014.0,Bills,veteran,4.0
Calvin Ridley,WR,Titans,2024.0,4.0,92.0,23.0,46.98,0.09,2018.0,Falcons,veteran,6.0
Calvin Johnson,WR,Lions,2007.0,6.0,58.0,9.666667,27.1708,0.08900000000000001,2007.0,Lions,rookie,0.0
Stefon Diggs,WR,Texans,2024.0,1.0,22.52,22.52,22.015,0.08800000000000001,2015.0,Vikings,veteran,9.0
Diontae Johnson,WR,HOU/BAL/CAR/PIT,2022.0,2.0,36.71,18.355,19.0,0.08800000000000001,2019.0,Steelers,veteran,3.0
Chris Godwin,WR,Buccaneers,2021.0,1.0,15.983,15.983,15.983,0.08800000000000001,2017.0,Buccaneers,veteran,4.0
Davante Adams,WR,Packers,2017.0,4.0,58.0,14.5,18.0,0.087,2014.0,Packers,veteran,3.0
Andre Johnson,WR,Texans,2003.0,6.0,38.96,6.493333,9.0,0.087,2003.0,Texans,rookie,0.0
Christian Kirk,WR,JAX/HOU,2022.0,4.0,72.0,18.0,37.0,0.086,2018.0,Cardinals,veteran,4.0
Larry Fitzgerald,WR,Cardinals,2008.0,4.0,40.0,10.0,15.0,0.086,2004.0,Cardinals,veteran,4.0
Adam Thielen,WR,Vikings,2019.0,4.0,64.8,16.2,14.105,0.086,2013.0,Vikings,veteran,6.0
Tee Higgins,WR,Bengals,2024.0,1.0,21.816,21.816,21.816,0.085,2020.0,Bengals,veteran,4.0
"Michael Pittman, Jr.",WR,Colts,2024.0,1.0,21.816,21.816,0.0,0.085,2020.0,Colts,veteran,4.0
Jarvis Landry,WR,Browns,2018.0,5.0,75.5,15.1,34.0,0.085,2014.0,Dolphins,veteran,4.0
Rod Smith,WR,Broncos,2002.0,7.0,41.59127,5.94161,11.0,0.084,1994.0,Bills,veteran,8.0
Courtland Sutton,WR,Broncos,2025.0,4.0,92.0,23.0,40.0,0.08199999999999999,2018.0,Broncos,veteran,7.0
Courtland Sutton,WR,Broncos,2021.0,4.0,60.0,15.0,18.848944,0.08199999999999999,2018.0,Broncos,veteran,3.0
Robert Woods,WR,LAR/TEN,2020.0,4.0,65.0,16.25,18.205882,0.08199999999999999,2013.0,Bills,veteran,7.0
Stefon Diggs,WR,BUF/MIN,2018.0,5.0,72.0,14.4,16.907,0.081,2015.0,Vikings,veteran,3.0
Antonio Brown,WR,Patriots,2019.0,2.0,30.5,15.25,10.0,0.081,2010.0,Steelers,veteran,9.0
Robbie Chosen,WR,CAR/ARI,2021.0,2.0,29.5,14.75,20.5,0.081,2016.0,Jets,veteran,5.0
DeSean Jackson,WR,Eagles,2012.0,5.0,48.5,9.7,15.0,0.08,2008.0,Eagles,veteran,4.0
Mike Evans,WR,Buccaneers,2024.0,2.0,41.0,20.5,29.0,0.08,2014.0,Buccaneers,veteran,10.0
Cooper Kupp,WR,Rams,2020.0,3.0,47.25,15.75,20.633,0.079,2017.0,Rams,veteran,3.0
Javon Walker,WR,Raiders,2008.0,6.0,55.0,9.166667,11.0,0.079,2002.0,Packers,veteran,6.0
Allen Robinson,WR,Bears,2018.0,3.0,42.0,14.0,18.0,0.079,2014.0,Jaguars,veteran,4.0
Dwayne Bowe,WR,Chiefs,2012.0,1.0,9.515,9.515,9.515,0.079,2007.0,Chiefs,veteran,5.0
Wes Welker,WR,Patriots,2012.0,1.0,9.515,9.515,9.515,0.079,2004.0,Chargers,veteran,8.0
Chris Godwin,WR,Buccaneers,2025.0,3.0,66.0,22.0,44.0,0.079,2017.0,Buccaneers,veteran,8.0
Davante Adams,WR,Rams,2025.0,2.0,44.0,22.0,26.0,0.079,2014.0,Packers,veteran,11.0
Javon Walker,WR,Broncos,2006.0,5.0,39.75,7.95,1.0,0.078,2002.0,Packers,veteran,4.0
Randy Moss,WR,NE/MIN/TEN,2008.0,3.0,27.0,9.0,15.0,0.078,1998.0,Vikings,veteran,10.0
Jeremy Maclin,WR,Chiefs,2015.0,5.0,55.0,11.0,22.5,0.077,2009.0,Eagles,veteran,6.0
Larry Fitzgerald,WR,Cardinals,2015.0,2.0,22.0,11.0,22.0,0.077,2004.0,Cardinals,veteran,11.0
Christian Watson,WR,Packers,2026.0,4.0,92.0,23.0,31.0,0.076,2022.0,Packers,veteran,4.0
Hunter Renfrow,WR,Raiders,2022.0,2.0,31.7,15.85,14.5,0.076,2019.0,Raiders,veteran,3.0
Stefon Diggs,WR,Patriots,2025.0,3.0,63.5,21.166667,16.6,0.076,2015.0,Vikings,veteran,10.0
Brandon Marshall,WR,Bears,2014.0,3.0,30.0,10.0,14.8,0.075,2006.0,Broncos,veteran,8.0
Santonio Holmes,WR,Jets,2011.0,5.0,45.0,9.0,16.0,0.075,2006.0,Steelers,veteran,5.0
Allen Robinson,WR,Rams,2022.0,3.0,46.5,15.5,30.25,0.07400000000000001,2014.0,Jaguars,veteran,8.0
Doug Baldwin,WR,Seahawks,2016.0,4.0,46.0,11.5,12.0,0.07400000000000001,2011.0,Seahawks,veteran,5.0
Jordy Nelson,WR,Packers,2014.0,4.0,39.05,9.7625,11.5,0.073,2008.0,Packers,veteran,6.0
Greg Jennings,WR,Vikings,2013.0,5.0,45.0,9.0,12.9,0.073,2006.0,Packers,veteran,7.0
Keenan Allen,WR,Chargers,2016.0,4.0,45.0,11.25,20.656,0.07200000000000001,2013.0,Chargers,veteran,3.0
Jakobi Meyers,WR,Jaguars,2025.0,3.0,60.0,20.0,30.0,0.07200000000000001,2019.0,Patriots,veteran,6.0
Adam Thielen,WR,Vikings,2022.0,3.0,44.677058,14.892353,13.253529,0.07200000000000001,2013.0,Vikings,veteran,9.0
Greg Jennings,WR,Packers,2009.0,3.0,26.25,8.75,16.25,0.071,2006.0,Packers,veteran,3.0
Larry Fitzgerald,WR,Cardinals,2016.0,1.0,11.0,11.0,0.0,0.071,2004.0,Cardinals,veteran,12.0
Emmanuel Sanders,WR,DEN/SF,2016.0,3.0,33.0,11.0,20.0,0.071,2010.0,Steelers,veteran,6.0
Pierre Garcon,WR,Commanders,2012.0,5.0,42.5,8.5,13.1,0.07,2008.0,Colts,veteran,4.0
Rod Smith,WR,Broncos,2005.0,4.0,24.01297,6.003243,1.5,0.07,1994.0,Bills,veteran,11.0
Randall Cobb,WR,Packers,2015.0,4.0,40.0,10.0,13.0,0.07,2011.0,Packers,veteran,4.0
Antonio Brown,WR,Steelers,2012.0,5.0,41.96,8.392,8.5,0.07,2010.0,Steelers,veteran,2.0
Roddy White,WR,Falcons,2009.0,5.0,42.72,8.544,18.6,0.069,2005.0,Falcons,veteran,4.0
Andre Johnson,WR,Texans,2010.0,7.0,62.7,8.957143,13.0,0.069,2003.0,Texans,veteran,7.0
Jerry Jeudy,WR,Browns,2024.0,3.0,52.5,17.5,41.0,0.069,2020.0,Broncos,veteran,4.0
Corey Davis,WR,Jets,2021.0,3.0,37.5,12.5,27.0,0.068,2017.0,Titans,veteran,4.0
Santonio Holmes,WR,Jets,2013.0,3.0,25.25,8.416667,7.75,0.068,2006.0,Steelers,veteran,7.0
Sidney Rice,WR,Seahawks,2011.0,5.0,41.0,8.2,15.0,0.068,2007.0,Vikings,veteran,4.0
Tavon Austin,WR,Rams,2016.0,4.0,42.222004,10.555501,17.0,0.068,2013.0,Rams,veteran,3.0
Andre Johnson,WR,Texans,2007.0,6.0,44.05,7.341667,15.0,0.067,2003.0,Texans,veteran,4.0
DeSean Jackson,WR,PHI/TB,2017.0,3.0,33.5,11.166667,20.0,0.067,2008.0,Eagles,veteran,9.0
Odell Beckham Jr.,WR,Ravens,2023.0,1.0,15.0,15.0,15.0,0.067,2014.0,Giants,veteran,9.0
Anquan Boldin,WR,Cardinals,2005.0,4.0,22.66,5.665,5.0,0.066,2003.0,Cardinals,veteran,2.0
Larry Fitzgerald,WR,Cardinals,2017.0,1.0,11.0,11.0,0.0,0.066,2004.0,Cardinals,veteran,13.0
Jerry Rice,WR,LV/SEA,2003.0,6.0,29.249,4.874833,1.2,0.065,1985.0,,veteran,18.0
Anquan Boldin,WR,SF/BAL,2010.0,3.0,25.0,8.333333,8.0,0.065,2003.0,Cardinals,veteran,7.0
Allen Hurns,WR,Jaguars,2016.0,4.0,40.05,10.0125,16.0,0.064,2014.0,Jaguars,veteran,2.0
Mike Williams,WR,TB/BUF,2013.0,5.0,39.62,7.924,9.4,0.064,2010.0,Buccaneers,veteran,3.0
Reggie Wayne,WR,Colts,2006.0,6.0,39.0,6.5,12.5,0.064,2001.0,Colts,veteran,5.0
Curtis Samuel,WR,Commanders,2021.0,3.0,34.5,11.5,21.5,0.063,2017.0,Panthers,veteran,4.0
Darrius Heyward-Bey,WR,Raiders,2009.0,5.0,38.25,7.65,13.31,0.062,2009.0,Raiders,rookie,0.0
Ed McCaffrey,WR,Broncos,1999.0,7.0,24.5,3.5,4.55,0.061,1991.0,Giants,veteran,8.0
Rod Smith,WR,Broncos,1998.0,6.0,19.2,3.2,2.4,0.061,1994.0,Bills,veteran,4.0
Santana Moss,WR,Commanders,2005.0,5.0,26.01,5.202,3.0,0.061,2001.0,Jets,veteran,4.0
Brandon Marshall,WR,Jets,2015.0,3.0,26.0,8.666667,9.0,0.06,2006.0,Broncos,veteran,9.0
Nelson Agholor,WR,Patriots,2021.0,2.0,22.0,11.0,16.0,0.06,2015.0,Eagles,veteran,6.0
Marques Colston,WR,Saints,2012.0,5.0,36.3,7.26,11.2,0.06,2006.0,Saints,veteran,6.0
DeSean Jackson,WR,Commanders,2014.0,3.0,24.0,8.0,16.0,0.06,2008.0,Eagles,veteran,6.0
Steve Johnson,WR,BUF/SF,2012.0,5.0,36.25,7.25,11.0,0.06,2008.0,Bills,veteran,4.0
Tyler Lockett,WR,Seahawks,2018.0,3.0,31.8,10.6,11.0,0.06,2015.0,Seahawks,veteran,3.0
Tyrell Williams,WR,Raiders,2019.0,4.0,44.4,11.1,10.0,0.059000000000000004,2015.0,Chargers,veteran,4.0
Tyler Lockett,WR,Seahawks,2024.0,2.0,30.0,15.0,12.66,0.059000000000000004,2015.0,Seahawks,veteran,9.0
Calvin Ridley,WR,Titans,2026.0,2.0,35.25,17.625,12.49,0.059000000000000004,2018.0,Falcons,veteran,8.0
Larry Fitzgerald,WR,Cardinals,2019.0,1.0,11.0,11.0,11.0,0.057999999999999996,2004.0,Cardinals,veteran,15.0
Will Fuller,WR,Dolphins,2021.0,1.0,10.625011,10.625011,10.625011,0.057999999999999996,2016.0,Texans,veteran,5.0
"Michael Pittman, Jr.",WR,Steelers,2026.0,2.0,35.0,17.5,24.0,0.057999999999999996,2020.0,Colts,veteran,6.0
Wan'Dale Robinson,WR,Titans,2026.0,4.0,70.0,17.5,38.0,0.057999999999999996,2022.0,Giants,veteran,4.0
Larry Fitzgerald,WR,Cardinals,2020.0,1.0,11.5,11.5,11.0,0.057999999999999996,2004.0,Cardinals,veteran,16.0
DeAndre Hopkins,WR,KC/TEN,2023.0,2.0,26.0,13.0,10.98,0.057999999999999996,2013.0,Texans,veteran,10.0
Tyler Boyd,WR,Bengals,2019.0,4.0,43.0,10.75,9.0,0.057,2016.0,Bengals,veteran,3.0
Pierre Garcon,WR,49ers,2017.0,5.0,47.5,9.5,17.0,0.057,2008.0,Colts,veteran,9.0
Alshon Jeffery,WR,Eagles,2017.0,1.0,9.5,9.5,8.75,0.057,2012.0,Bears,veteran,5.0
Romeo Doubs,WR,Patriots,2026.0,4.0,68.0,17.0,35.0,0.055999999999999994,2022.0,Packers,veteran,4.0
Rashid Shaheed,WR,Seahawks,2026.0,3.0,51.0,17.0,23.0,0.055999999999999994,2022.0,Saints,veteran,4.0
Torrey Smith,WR,49ers,2015.0,5.0,40.0,8.0,8.75,0.055999999999999994,2011.0,Ravens,veteran,4.0
Jayden Reed,WR,Packers,2026.0,3.0,50.25,16.75,20.0,0.055999999999999994,2023.0,Packers,veteran,3.0
Michael Gallup,WR,Cowboys,2022.0,5.0,57.5,11.5,23.0,0.055,2018.0,Cowboys,veteran,4.0
Eric Decker,WR,Jets,2014.0,5.0,36.25,7.25,15.0,0.055,2010.0,Broncos,veteran,4.0
Sterling Shepard,WR,Giants,2019.0,4.0,41.0,10.25,16.210624,0.054000000000000006,2016.0,Giants,veteran,3.0
Donte Moncrief,WR,Jaguars,2018.0,1.0,9.6,9.6,9.6,0.054000000000000006,2014.0,Colts,veteran,4.0
Courtland Sutton,WR,Broncos,2024.0,2.0,27.5,13.75,0.0,0.054000000000000006,2018.0,Broncos,veteran,6.0
Cooper Kupp,WR,Seahawks,2025.0,3.0,45.0,15.0,17.5,0.054000000000000006,2017.0,Rams,veteran,8.0
Devin Funchess,WR,Colts,2019.0,1.0,10.0,10.0,7.0,0.053,2015.0,Panthers,veteran,4.0
Marvin Jones,WR,Lions,2016.0,5.0,40.0,8.0,13.0,0.052000000000000005,2012.0,Bengals,veteran,4.0
Darnell Mooney,WR,Falcons,2024.0,3.0,39.0,13.0,26.0,0.051,2020.0,Bears,veteran,4.0
Gabriel Davis,WR,Jaguars,2024.0,3.0,39.0,13.0,24.0,0.051,2020.0,Bills,veteran,4.0
Jamison Crowder,WR,Jets,2019.0,3.0,28.5,9.5,17.0,0.05,2015.0,Commanders,veteran,4.0
Robbie Chosen,WR,Panthers,2020.0,2.0,20.0,10.0,10.0,0.05,2016.0,Jets,veteran,4.0
Brian Hartline,WR,Dolphins,2013.0,5.0,30.775,6.155,12.5,0.05,2009.0,Dolphins,veteran,4.0
Golden Tate,WR,Giants,2019.0,4.0,37.5,9.375,22.95,0.05,2010.0,Seahawks,veteran,9.0
A.J. Green,WR,Bengals,2011.0,5.0,29.8641,5.97282,19.688098,0.05,2011.0,Bengals,rookie,0.0
Brandon Stokley,WR,Colts,2005.0,5.0,17.0,4.2,2.5,0.049,1999.0,Ravens,veteran,6.0
Allen Lazard,WR,Jets,2023.0,4.0,44.0,11.0,22.0,0.049,2018.0,Jaguars,veteran,5.0
Jakobi Meyers,WR,JAX/LV,2023.0,3.0,33.0,11.0,16.0,0.049,2019.0,Patriots,veteran,4.0
Andre Johnson,WR,Colts,2015.0,3.0,21.0,7.0,10.0,0.049,2003.0,Texans,veteran,12.0
Wes Welker,WR,Broncos,2013.0,2.0,12.0,6.0,6.0,0.049,2004.0,Chargers,veteran,9.0
Reggie Wayne,WR,Colts,2012.0,3.0,17.5,5.833333,7.5,0.048,2001.0,Colts,veteran,11.0
D.J. Chark,WR,Lions,2022.0,1.0,10.0,10.0,10.0,0.048,2018.0,Jaguars,veteran,4.0
Marquez Valdes-Scantling,WR,Chiefs,2022.0,3.0,30.0,10.0,8.56,0.048,2018.0,Packers,veteran,4.0
Russell Gage,WR,Buccaneers,2022.0,3.0,30.0,10.0,15.0,0.048,2018.0,Falcons,veteran,4.0
Marqise Lee,WR,Jaguars,2018.0,4.0,34.0,8.5,16.5,0.048,2014.0,Jaguars,veteran,4.0
Kenny Stills,WR,MIA/HOU,2017.0,4.0,32.0,8.0,16.95,0.048,2013.0,Saints,veteran,4.0
Adam Humphries,WR,Titans,2019.0,4.0,36.0,9.0,12.0,0.048,2015.0,Buccaneers,veteran,4.0
John Brown,WR,Bills,2019.0,3.0,27.0,9.0,10.1,0.048,2014.0,Cardinals,veteran,5.0
DeSean Jackson,WR,Eagles,2019.0,3.0,27.0,9.0,13.0,0.048,2008.0,Eagles,veteran,11.0
Josh Morgan,WR,Commanders,2012.0,2.0,11.5,5.75,7.3,0.048,2008.0,,veteran,4.0
Khalil Shakir,WR,Bills,2025.0,4.0,53.0,13.25,18.1,0.047,2022.0,Bills,veteran,3.0
Devin Hester,WR,Bears,2008.0,4.0,22.003523,5.500881,5.0,0.047,2006.0,Bears,veteran,2.0
Mike Evans,WR,49ers,2026.0,3.0,42.5,14.166667,14.3,0.047,2014.0,Buccaneers,veteran,12.0
Golden Tate,WR,DET/PHI,2014.0,5.0,31.0,6.2,10.5,0.047,2010.0,Seahawks,veteran,4.0
Danny Amendola,WR,Patriots,2013.0,5.0,28.5,5.7,8.0,0.046,2008.0,Cowboys,veteran,5.0
Victor Cruz,WR,Giants,2016.0,3.0,21.5,7.166667,2.4,0.046,2010.0,Giants,veteran,6.0
Sammy Watkins,WR,Chiefs,2020.0,1.0,9.0,9.0,9.0,0.045,2014.0,Bills,veteran,6.0
Randall Cobb,WR,Texans,2020.0,3.0,27.0,9.0,18.0,0.045,2011.0,Packers,veteran,9.0
Dwayne Bowe,WR,Browns,2015.0,2.0,13.0,6.5,9.0,0.045,2007.0,Chiefs,veteran,8.0
Paul Richardson,WR,Commanders,2018.0,5.0,40.0,8.0,12.5,0.045,2014.0,Seahawks,veteran,4.0
Albert Wilson,WR,Dolphins,2018.0,3.0,24.0,8.0,14.45,0.045,2014.0,Chiefs,veteran,4.0
Anquan Boldin,WR,49ers,2014.0,2.0,12.0,6.0,5.5,0.045,2003.0,Cardinals,veteran,11.0
Roddy White,WR,Falcons,2014.0,3.0,18.0,6.0,7.55,0.045,2005.0,Falcons,veteran,9.0
Michael Thomas,WR,Saints,2023.0,1.0,10.0,10.0,6.26,0.044000000000000004,2016.0,Saints,veteran,7.0
Brandin Cooks,WR,Cowboys,2023.0,2.0,20.0,10.0,12.0,0.044000000000000004,2014.0,Saints,veteran,9.0
Rashod Bateman,WR,Ravens,2025.0,3.0,36.75,12.25,16.5,0.044000000000000004,2021.0,Ravens,veteran,4.0
JuJu Smith-Schuster,WR,Steelers,2021.0,1.0,8.0,8.0,7.0,0.044000000000000004,2017.0,Steelers,veteran,4.0
T.Y. Hilton,WR,Colts,2021.0,1.0,8.0,8.0,8.0,0.044000000000000004,2012.0,Colts,veteran,9.0
Michael Crabtree,WR,49ers,2009.0,6.0,32.0,5.333333,10.065,0.043,2009.0,,rookie,0.0
Darius Slayton,WR,Giants,2025.0,3.0,36.0,12.0,22.0,0.043,2019.0,Giants,veteran,6.0
Carnell Tate,WR,Titans,2026.0,4.0,51.134912,12.783728,51.134912,0.042,2026.0,Titans,rookie,0.0
Ja'Marr Chase,WR,Bengals,2021.0,4.0,30.819642,7.704911,30.819642,0.042,2021.0,Bengals,rookie,0.0
Percy Harvin,WR,Bills,2015.0,1.0,6.0,6.0,5.9,0.042,2009.0,Vikings,veteran,6.0
Mohamed Sanu,WR,ATL/NE,2016.0,5.0,32.5,6.5,14.0,0.042,2012.0,Bengals,veteran,4.0
Marques Colston,WR,Saints,2008.0,3.0,14.555,4.851667,10.775,0.042,2006.0,Saints,veteran,2.0
Travis Hunter,WR,Jaguars,2025.0,4.0,46.649112,11.662278,46.649112,0.042,2025.0,Jaguars,rookie,0.0
Santana Moss,WR,Commanders,2011.0,3.0,15.0,5.0,6.0,0.042,2001.0,Jets,veteran,10.0
Jeremy Maclin,WR,Eagles,2014.0,1.0,5.5,5.5,3.5,0.040999999999999995,2009.0,Eagles,veteran,5.0
Julian Edelman,WR,Patriots,2019.0,2.0,15.5,7.75,12.0,0.040999999999999995,2009.0,Patriots,veteran,10.0
Robert Woods,WR,Rams,2017.0,5.0,34.0,6.8,10.0,0.040999999999999995,2013.0,Bills,veteran,4.0
Emmanuel Sanders,WR,Saints,2020.0,2.0,16.0,8.0,10.0,0.04,2010.0,Steelers,veteran,10.0
Jordy Nelson,WR,Raiders,2018.0,2.0,14.2,7.1,10.0,0.04,2008.0,Packers,veteran,10.0
Amari Cooper,WR,DAL/LV,2015.0,4.0,22.66312,5.66578,22.66312,0.04,2015.0,Raiders,rookie,0.0
Tavon Austin,WR,LAR/DAL,2018.0,1.0,7.0,7.0,5.0,0.04,2013.0,Rams,veteran,5.0
Michael Crabtree,WR,Ravens,2018.0,3.0,21.0,7.0,8.0,0.04,2009.0,,veteran,9.0
Christian Watson,WR,Packers,2025.0,1.0,11.0,11.0,6.067078,0.039,2022.0,Packers,veteran,3.0
Mike Williams,WR,NYJ/PIT,2024.0,1.0,10.0,10.0,8.3,0.039,2017.0,Chargers,veteran,7.0
Jalen Nailor,WR,Raiders,2026.0,3.0,35.03,11.676667,18.0,0.039,2022.0,Vikings,veteran,4.0
Nate Burleson,WR,Lions,2010.0,5.0,25.0,5.0,11.0,0.039,2003.0,Vikings,veteran,7.0
Travis Benjamin,WR,Chargers,2016.0,4.0,24.0,6.0,13.0,0.039,2012.0,Browns,veteran,4.0
Cole Beasley,WR,Bills,2019.0,4.0,29.0,7.25,10.7,0.039,2012.0,Cowboys,veteran,7.0
Zay Jones,WR,Jaguars,2022.0,3.0,24.0,8.0,14.0,0.038,2017.0,Bills,veteran,5.0
Justin Blackmon,WR,Jaguars,2012.0,4.0,18.51201,4.628003,18.51201,0.038,2012.0,Jaguars,rookie,0.0
Corey Davis,WR,Titans,2017.0,4.0,25.39475,6.348688,25.39475,0.038,2017.0,Titans,rookie,0.0
JuJu Smith-Schuster,WR,Patriots,2023.0,3.0,25.5,8.5,16.0,0.038,2017.0,Steelers,veteran,6.0
Russell Gage,WR,Buccaneers,2023.0,2.0,17.0,8.5,7.0,0.038,2018.0,Falcons,veteran,5.0
Emmanuel Sanders,WR,Broncos,2014.0,3.0,15.0,5.0,6.0,0.038,2010.0,Steelers,veteran,4.0
Sammy Watkins,WR,LAR/BUF,2014.0,4.0,19.935603,4.983901,19.935603,0.037000000000000005,2014.0,Bills,rookie,0.0
Eddie Royal,WR,Chargers,2012.0,3.0,13.5,4.5,6.0,0.037000000000000005,2008.0,Broncos,veteran,4.0
Jaylen Waddle,WR,Dolphins,2021.0,4.0,27.085996,6.771499,27.085996,0.037000000000000005,2021.0,Dolphins,rookie,0.0
Adam Thielen,WR,Panthers,2023.0,3.0,25.0,8.333333,14.0,0.037000000000000005,2013.0,Vikings,veteran,10.0
Mike Wallace,WR,Ravens,2016.0,2.0,11.5,5.75,4.5,0.037000000000000005,2009.0,Steelers,veteran,7.0
Taylor Gabriel,WR,Bears,2018.0,4.0,26.0,6.5,14.0,0.037000000000000005,2014.0,Browns,veteran,4.0
Nate Washington,WR,Titans,2009.0,6.0,26.8,4.466667,6.5,0.036000000000000004,2005.0,Steelers,veteran,4.0
Jordy Nelson,WR,Packers,2011.0,3.0,13.1,4.366667,3.5,0.036000000000000004,2008.0,Packers,veteran,3.0
Terrelle Pryor,WR,Commanders,2017.0,1.0,6.0,6.0,6.0,0.036000000000000004,2011.0,Raiders,veteran,6.0
Tutu Atwell,WR,Rams,2025.0,1.0,10.0,10.0,10.0,0.036000000000000004,2021.0,Rams,veteran,4.0
Dyami Brown,WR,Jaguars,2025.0,1.0,10.0,10.0,9.5,0.036000000000000004,2021.0,Commanders,veteran,4.0
Josh Palmer,WR,Bills,2025.0,3.0,30.0,10.0,15.0,0.036000000000000004,2021.0,Chargers,veteran,4.0
Nate Burleson,WR,Seahawks,2006.0,4.0,14.5,3.625,4.0,0.036000000000000004,2003.0,Vikings,veteran,3.0
Marquise Goodwin,WR,49ers,2018.0,3.0,18.85,6.283333,6.45,0.035,2013.0,Bills,veteran,5.0
Cedrick Wilson Jr.,WR,Dolphins,2022.0,3.0,22.05,7.35,12.75,0.035,2018.0,Cowboys,veteran,4.0
Eddie Royal,WR,Bears,2015.0,3.0,15.0,5.0,10.0,0.035,2008.0,Broncos,veteran,7.0
Marvin Harrison Jr.,WR,Cardinals,2024.0,4.0,35.374742,8.843686,35.374742,0.035,2024.0,Cardinals,rookie,0.0
Marvin Jones,WR,Jaguars,2021.0,2.0,12.5,6.25,9.0,0.034,2012.0,Bengals,veteran,9.0
Dontayvion Wicks,WR,Eagles,2026.0,1.0,10.25,10.25,9.0,0.034,2023.0,Packers,veteran,3.0
Robert Woods,WR,Texans,2023.0,2.0,15.25,7.625,10.0,0.034,2013.0,Bills,veteran,10.0
Danny Amendola,WR,Dolphins,2018.0,2.0,12.0,6.0,5.95,0.034,2008.0,Cowboys,veteran,10.0
Riley Cooper,WR,Eagles,2014.0,5.0,22.5,4.5,8.0,0.034,2010.0,Eagles,veteran,4.0
Julio Jones,WR,Falcons,2011.0,4.0,16.18375,4.045938,16.18375,0.034,2011.0,Falcons,rookie,0.0
Allen Robinson,WR,Steelers,2023.0,2.0,15.0,7.5,5.0,0.033,2014.0,Jaguars,veteran,9.0
Lance Moore,WR,Saints,2011.0,5.0,20.0,4.0,7.0,0.033,2005.0,Browns,veteran,6.0
Danny Amendola,WR,Patriots,2015.0,3.0,14.25,4.75,0.5,0.033,2008.0,Cowboys,veteran,7.0
Jeremy Maclin,WR,Ravens,2017.0,2.0,11.0,5.5,6.0,0.033,2009.0,Eagles,veteran,8.0
Markus Wheaton,WR,Bears,2017.0,2.0,11.0,5.5,6.0,0.033,2013.0,Steelers,veteran,4.0
Brandon Marshall,WR,Giants,2017.0,2.0,11.0,5.5,5.0,0.033,2006.0,Broncos,veteran,11.0
Julian Edelman,WR,Patriots,2017.0,2.0,11.0,5.5,7.0,0.033,2009.0,Patriots,veteran,8.0
A.J. Green,WR,Cardinals,2021.0,1.0,6.0,6.0,6.0,0.033,2011.0,Bengals,veteran,10.0
Emmanuel Sanders,WR,Bills,2021.0,1.0,6.0,6.0,5.9,0.033,2010.0,Steelers,veteran,11.0
Breshad Perriman,WR,Jets,2020.0,1.0,6.5,6.5,6.0,0.033,2015.0,Ravens,veteran,5.0
Doug Baldwin,WR,Seahawks,2014.0,3.0,13.0,4.333333,6.2,0.033,2011.0,Seahawks,veteran,3.0
Rishard Matthews,WR,Titans,2016.0,3.0,15.0,5.0,2.5,0.032,2012.0,Dolphins,veteran,4.0
Julian Edelman,WR,Patriots,2014.0,4.0,17.0,4.25,6.0,0.032,2009.0,Patriots,veteran,5.0
Kenny Britt,WR,Rams,2015.0,2.0,9.15,4.575,3.55,0.032,2009.0,Titans,veteran,6.0
Malcom Floyd,WR,Chargers,2012.0,4.0,11.55,3.85,5.25,0.032,2004.0,Chargers,veteran,8.0
Willie Snead,WR,Ravens,2019.0,1.0,6.0,6.0,6.0,0.032,2014.0,Browns,veteran,5.0
Curtis Samuel,WR,Bills,2024.0,3.0,24.0,8.0,14.02,0.031,2017.0,Panthers,veteran,7.0
Ted Ginn,WR,SF/MIA,2007.0,5.0,17.027086,3.405417,9.067919,0.031,2007.0,Dolphins,rookie,0.0
Earl Bennett,WR,Bears,2011.0,4.0,15.0,3.75,7.0,0.031,2008.0,Bears,veteran,3.0
Allen Hurns,WR,Cowboys,2018.0,2.0,11.0,5.5,2.5,0.031,2014.0,Jaguars,veteran,4.0
Nate Burleson,WR,Lions,2013.0,2.0,7.5,3.75,0.0,0.03,2003.0,Vikings,veteran,10.0
Keelan Cole,WR,Jets,2021.0,1.0,5.5,5.5,5.0,0.03,2017.0,Jaguars,veteran,4.0
Jamison Crowder,WR,Jets,2021.0,1.0,5.5,5.5,4.5,0.03,2015.0,Commanders,veteran,6.0
Andre Roberts,WR,Commanders,2014.0,4.0,16.0,4.0,5.25,0.03,2010.0,Cardinals,veteran,4.0
Hakeem Nicks,WR,Colts,2014.0,1.0,4.0,4.0,2.25,0.03,2009.0,Giants,veteran,5.0
Torrey Smith,WR,Eagles,2017.0,3.0,15.0,5.0,0.5,0.03,2011.0,Ravens,veteran,6.0
Mike Williams,WR,Chargers,2017.0,4.0,19.750056,4.937514,19.750056,0.03,2017.0,Chargers,rookie,0.0
Jacoby Jones,WR,Texans,2011.0,3.0,10.5,3.5,1.5,0.028999999999999998,2007.0,Texans,veteran,4.0
Jermaine Kearse,WR,NYJ/SEA,2016.0,3.0,13.5,4.5,6.3,0.028999999999999998,2012.0,Seahawks,veteran,4.0
Kevin White,WR,Bears,2015.0,4.0,16.563048,4.140762,16.563048,0.028999999999999998,2015.0,Bears,rookie,0.0
Braxton Berrios,WR,Jets,2022.0,2.0,12.0,6.0,7.0,0.028999999999999998,2018.0,Patriots,veteran,4.0
Julio Jones,WR,Buccaneers,2022.0,1.0,6.0,6.0,6.0,0.028999999999999998,2011.0,Falcons,veteran,11.0
Adam Thielen,WR,Vikings,2017.0,4.0,19.246,4.8115,9.596,0.028999999999999998,2013.0,Vikings,veteran,4.0
Michael Floyd,WR,NE/ARI,2012.0,5.0,17.2915,3.4583,9.9715,0.028999999999999998,2012.0,Cardinals,rookie,0.0
Malik Nabers,WR,Giants,2024.0,4.0,29.20775,7.301938,29.20775,0.028999999999999998,2024.0,Giants,rookie,0.0
Marvin Harrison,WR,Colts,1996.0,5.0,5.825,1.165,2.0,0.028999999999999998,1996.0,Colts,rookie,0.0
John Brown,WR,Ravens,2018.0,1.0,5.0,5.0,4.0,0.027999999999999997,2014.0,Cardinals,veteran,4.0
Ryan Grant,WR,Colts,2018.0,1.0,5.0,5.0,5.0,0.027999999999999997,2014.0,Commanders,veteran,4.0
Ted Ginn,WR,Cardinals,2014.0,3.0,9.75,3.75,3.25,0.027999999999999997,2007.0,Dolphins,veteran,7.0
Greg Jennings,WR,Dolphins,2015.0,2.0,8.0,4.0,3.0,0.027999999999999997,2006.0,Packers,veteran,9.0
Mike Thomas,WR,JAX/DET,2011.0,5.0,16.785,3.357,2.5,0.027999999999999997,2009.0,Jaguars,veteran,2.0
Ed McCaffrey,WR,Broncos,1997.0,4.0,4.6,1.15,1.0,0.027999999999999997,1991.0,Giants,veteran,6.0
DeVonta Smith,WR,Eagles,2021.0,4.0,20.141392,5.035348,20.141392,0.027999999999999997,2021.0,Eagles,rookie,0.0
Randy Moss,WR,Patriots,2007.0,1.0,3.0,3.0,0.0,0.027999999999999997,1998.0,Vikings,veteran,9.0
Mike Evans,WR,Buccaneers,2014.0,4.0,14.631052,3.657763,14.631052,0.027999999999999997,2014.0,Buccaneers,rookie,0.0
Marquise Brown,WR,Chiefs,2024.0,1.0,7.0,7.0,6.5,0.027000000000000003,2019.0,Ravens,veteran,5.0
Kendrick Bourne,WR,Patriots,2021.0,3.0,15.0,5.0,5.25,0.027000000000000003,2017.0,49ers,veteran,4.0
Sammy Watkins,WR,Ravens,2021.0,1.0,5.0,5.0,5.0,0.027000000000000003,2014.0,Bills,veteran,7.0
Jordyn Tyson,WR,Saints,2026.0,4.0,32.491822,8.122956,32.491822,0.027000000000000003,2026.0,Saints,rookie,0.0
Jacoby Jones,WR,Ravens,2012.0,2.0,6.5,3.25,1.8,0.027000000000000003,2007.0,Texans,veteran,5.0
Brandon LaFell,WR,Bengals,2017.0,2.0,9.0,4.5,3.3,0.027000000000000003,2010.0,Panthers,veteran,7.0
Darius Slayton,WR,Giants,2023.0,2.0,12.0,6.0,4.9,0.027000000000000003,2019.0,Giants,veteran,4.0
James Jones,WR,Packers,2011.0,3.0,9.6,3.2,2.25,0.027000000000000003,2007.0,Packers,veteran,4.0
DeVante Parker,WR,Dolphins,2019.0,2.0,10.0,5.0,4.5,0.027000000000000003,2015.0,Dolphins,veteran,4.0
Randall Cobb,WR,Cowboys,2019.0,1.0,5.0,5.0,4.0,0.027000000000000003,2011.0,Packers,veteran,8.0
Cordarrelle Patterson,WR,Bears,2019.0,2.0,10.0,5.0,5.0,0.027000000000000003,2013.0,Vikings,veteran,6.0
Jauan Jennings,WR,Vikings,2026.0,1.0,8.0,8.0,6.13,0.027000000000000003,2020.0,49ers,veteran,6.0
Brandon Gibson,WR,Dolphins,2013.0,3.0,9.78,3.26,3.75,0.027000000000000003,2009.0,Eagles,veteran,4.0
Eddie Royal,WR,Chargers,2014.0,1.0,3.5,3.5,3.5,0.026000000000000002,2008.0,Broncos,veteran,6.0
Jeremy Kerley,WR,Jets,2014.0,4.0,14.0,3.5,3.841765,0.026000000000000002,2011.0,Jets,veteran,3.0
Harry Douglas,WR,Titans,2015.0,3.0,11.25,3.75,3.75,0.026000000000000002,2008.0,Falcons,veteran,7.0
Jakeem Grant,WR,Dolphins,2019.0,4.0,19.7,4.925,3.72,0.026000000000000002,2016.0,Dolphins,veteran,3.0
Danny Amendola,WR,Patriots,2016.0,2.0,8.1,4.05,1.35,0.026000000000000002,2008.0,Cowboys,veteran,8.0
Jamal Agnew,WR,Jaguars,2021.0,3.0,14.25,4.75,4.0,0.026000000000000002,2017.0,Lions,veteran,4.0
Javon Walker,WR,Raiders,2009.0,5.0,16.0,3.2,2.0,0.026000000000000002,2002.0,Packers,veteran,7.0
Tavon Austin,WR,Rams,2013.0,4.0,12.751002,3.187751,12.751002,0.026000000000000002,2013.0,Rams,rookie,0.0
Harry Douglas,WR,Falcons,2012.0,4.0,12.5,3.125,3.5,0.026000000000000002,2008.0,Falcons,veteran,4.0
Drake London,WR,Falcons,2022.0,4.0,21.534472,5.383618,21.534472,0.026000000000000002,2022.0,Falcons,rookie,0.0
Jarius Wright,WR,Vikings,2015.0,4.0,14.8,3.7,4.342,0.026000000000000002,2012.0,Vikings,veteran,3.0
Kendall Wright,WR,Titans,2012.0,5.0,15.538452,3.10769,7.591754,0.026000000000000002,2012.0,Titans,rookie,0.0
Chris Hogan,WR,Patriots,2016.0,3.0,12.0,4.0,7.5,0.026000000000000002,2011.0,,veteran,5.0
John Ross,WR,Bengals,2017.0,4.0,17.115864,4.278966,17.115864,0.026000000000000002,2017.0,Bengals,rookie,0.0
Andrew Hawkins,WR,Browns,2014.0,4.0,13.6,3.4,6.8,0.026000000000000002,2011.0,Rams,veteran,3.0
Kendrick Bourne,WR,Patriots,2024.0,3.0,19.5,6.5,5.5,0.025,2017.0,49ers,veteran,7.0
Terrance Williams,WR,Cowboys,2017.0,4.0,17.0,4.25,9.5,0.025,2013.0,Cowboys,veteran,4.0
Cordarrelle Patterson,WR,Raiders,2017.0,2.0,8.5,4.25,5.0,0.025,2013.0,Vikings,veteran,4.0
Danny Amendola,WR,Lions,2020.0,1.0,5.0,5.0,4.5,0.025,2008.0,Cowboys,veteran,12.0
Rashod Bateman,WR,Ravens,2024.0,2.0,12.871897,6.435949,4.5,0.025,2021.0,Ravens,veteran,3.0
Marquise Brown,WR,Chiefs,2025.0,1.0,7.0,7.0,6.5,0.025,2019.0,Ravens,veteran,6.0
James Jones,WR,Raiders,2014.0,3.0,10.0,3.333333,3.65,0.025,2007.0,Packers,veteran,7.0
Tetairoa McMillan,WR,Panthers,2025.0,4.0,27.93039,6.982598,27.93039,0.025,2025.0,Panthers,rookie,0.0
Jahan Dotson,WR,Falcons,2026.0,2.0,15.0,7.5,10.0,0.025,2022.0,Commanders,veteran,4.0
Garrett Wilson,WR,Jets,2022.0,4.0,20.554006,5.138502,20.554006,0.025,2022.0,Jets,rookie,0.0
Jerry Rice,WR,Raiders,2002.0,4.0,7.0,1.75,0.9,0.025,1985.0,,veteran,17.0
Malcom Floyd,WR,Chargers,2010.0,1.0,3.168,3.168,0.0,0.025,2004.0,Chargers,veteran,6.0
Miles Austin,WR,Cowboys,2010.0,1.0,3.168,3.168,0.0,0.025,2006.0,Cowboys,veteran,4.0
Marques Colston,WR,Saints,2015.0,2.0,7.0,3.5,2.305,0.024,2006.0,Saints,veteran,9.0
Steve Johnson,WR,Chargers,2015.0,3.0,10.5,3.5,3.87,0.024,2008.0,Bills,veteran,7.0
Dwayne Harris,WR,Giants,2015.0,5.0,17.5,3.5,7.1,0.024,2011.0,Cowboys,veteran,4.0
Darius Slayton,WR,Giants,2024.0,1.0,6.2,6.2,0.0,0.024,2019.0,Giants,veteran,5.0
DeVante Parker,WR,Patriots,2023.0,2.0,10.8,5.4,9.1,0.024,2015.0,Dolphins,veteran,8.0
Eric Decker,WR,Titans,2017.0,1.0,4.0,4.0,2.5,0.024,2010.0,Broncos,veteran,7.0
Danny Amendola,WR,Lions,2019.0,1.0,4.5,4.5,4.25,0.024,2008.0,Cowboys,veteran,11.0
Donte Moncrief,WR,PIT/CAR,2019.0,2.0,9.0,4.5,3.5,0.024,2014.0,Colts,veteran,5.0
Davone Bess,WR,Browns,2013.0,3.0,8.817,2.939,5.750334,0.024,2008.0,Dolphins,veteran,5.0
Cole Beasley,WR,Cowboys,2015.0,4.0,13.606,3.4015,5.0,0.024,2012.0,Cowboys,veteran,3.0
Demaryius Thomas,WR,Broncos,2010.0,5.0,12.1555,3.038875,9.35175,0.024,2010.0,Broncos,rookie,0.0
Victor Cruz,WR,Giants,2013.0,1.0,2.879,2.879,0.0,0.023,2010.0,Giants,veteran,3.0
Kalif Raymond,WR,Lions,2023.0,2.0,10.5,5.25,8.15,0.023,2016.0,Broncos,veteran,7.0
Brandon LaFell,WR,Patriots,2014.0,3.0,9.3,3.1,3.0,0.023,2010.0,Panthers,veteran,4.0
Donnie Avery,WR,Chiefs,2013.0,3.0,8.55,2.85,2.25,0.023,2008.0,Rams,veteran,5.0
Chris Olave,WR,Saints,2022.0,4.0,19.271872,4.817968,19.271872,0.023,2022.0,Saints,rookie,0.0
Mike Wallace,WR,Steelers,2012.0,1.0,2.742,2.742,0.0,0.023,2009.0,Steelers,veteran,3.0
Devin Hester,WR,Falcons,2014.0,3.0,9.0,3.0,3.5,0.023,2006.0,Bears,veteran,8.0
Jacoby Jones,WR,Ravens,2014.0,4.0,12.0,3.0,3.5,0.023,2007.0,Texans,veteran,7.0
Michael Crabtree,WR,Raiders,2015.0,1.0,3.2,3.2,1.3,0.022000000000000002,2009.0,,veteran,6.0
Rome Odunze,WR,Bears,2024.0,4.0,22.7245,5.681125,22.7245,0.022000000000000002,2024.0,Bears,rookie,0.0
D.J. Chark,WR,Panthers,2023.0,1.0,5.0,5.0,5.0,0.022000000000000002,2018.0,Jaguars,veteran,5.0
Cedrick Wilson Jr.,WR,Dolphins,2023.0,1.0,5.0,5.0,5.0,0.022000000000000002,2018.0,Cowboys,veteran,5.0
Ted Ginn,WR,Saints,2017.0,3.0,11.0,3.666667,3.0,0.022000000000000002,2007.0,Dolphins,veteran,10.0
Tyrell Williams,WR,Lions,2021.0,1.0,4.0,4.0,4.0,0.022000000000000002,2015.0,Chargers,veteran,6.0
Santana Moss,WR,Jets,2001.0,5.0,7.31552,1.463104,5.188,0.022000000000000002,2001.0,Jets,rookie,0.0
Randy Moss,WR,Vikings,1998.0,4.0,4.515,1.12875,2.2,0.022000000000000002,1998.0,Vikings,rookie,0.0
Breshad Perriman,WR,Buccaneers,2019.0,1.0,4.0,4.0,4.0,0.021,2015.0,Ravens,veteran,4.0
Travis Benjamin,WR,Chargers,2019.0,1.0,4.0,4.0,3.0,0.021,2012.0,Browns,veteran,7.0
Deonte Harty,WR,Bills,2023.0,2.0,9.5,4.75,4.75,0.021,2019.0,Saints,veteran,4.0
Henry Ruggs,WR,Raiders,2020.0,4.0,16.671626,4.167907,16.671626,0.021,2020.0,Raiders,rookie,0.0
Jameson Williams,WR,Lions,2022.0,4.0,17.461792,4.365448,17.461792,0.021,2022.0,Lions,rookie,0.0
Brian Hartline,WR,Browns,2015.0,2.0,6.0,3.0,3.0,0.021,2009.0,Dolphins,veteran,6.0
Cecil Shorts,WR,Texans,2015.0,2.0,6.0,3.0,1.75,0.021,2011.0,Jaguars,veteran,4.0
Parris Campbell,WR,Giants,2023.0,1.0,4.7,4.7,2.9,0.021,2019.0,Colts,veteran,4.0
Malcom Floyd,WR,Chargers,2011.0,2.0,5.0,2.5,1.19,0.021,2004.0,Chargers,veteran,7.0
Randy Moss,WR,49ers,2012.0,1.0,2.5,2.5,0.0,0.021,1998.0,Vikings,veteran,14.0
Jeremy Maclin,WR,Eagles,2009.0,5.0,12.5,2.5,7.365,0.02,2009.0,Eagles,rookie,0.0
Emmanuel Sanders,WR,Steelers,2013.0,1.0,2.5,2.5,0.0,0.02,2010.0,Steelers,veteran,3.0
Darrius Heyward-Bey,WR,Colts,2013.0,1.0,2.5,2.5,1.5,0.02,2009.0,Raiders,veteran,4.0
Santana Moss,WR,Commanders,2013.0,1.0,2.5,2.5,0.0,0.02,2001.0,Jets,veteran,12.0
Jerry Rice,WR,Raiders,2001.0,4.0,5.4,1.35,0.75,0.02,1985.0,,veteran,16.0
Russell Shepard,WR,Panthers,2017.0,3.0,10.0,3.333333,2.1,0.02,2013.0,Eagles,veteran,4.0
Byron Pringle,WR,Bears,2022.0,1.0,4.125,4.125,3.9,0.02,2018.0,Chiefs,veteran,4.0
Odell Beckham Jr.,WR,Giants,2014.0,4.0,10.406198,2.60155,10.406198,0.02,2014.0,Giants,rookie,0.0
Brandon Marshall,WR,Broncos,2010.0,1.0,2.521,2.521,0.0,0.02,2006.0,Broncos,veteran,4.0
Jacoby Jones,WR,PIT/LAC,2015.0,2.0,5.5,2.75,1.6,0.019,2007.0,Texans,veteran,8.0
Jerry Jeudy,WR,DEN/CLE,2020.0,4.0,15.192958,3.79824,15.192958,0.019,2020.0,Broncos,rookie,0.0
Jauan Jennings,WR,49ers,2024.0,1.0,4.89,4.89,0.0,0.019,2020.0,49ers,veteran,4.0
Jakobi Meyers,WR,Patriots,2022.0,1.0,3.986,3.986,0.0,0.019,2019.0,Patriots,veteran,3.0
Deonte Harty,WR,Saints,2022.0,1.0,3.986,3.986,0.0,0.019,2019.0,Saints,veteran,3.0
Allen Lazard,WR,Packers,2022.0,1.0,3.986,3.986,0.0,0.019,2018.0,Jaguars,veteran,4.0
Brandon Stokley,WR,Colts,2003.0,2.0,2.85,1.425,0.8,0.019,1999.0,Ravens,veteran,4.0
DeVante Parker,WR,Dolphins,2015.0,4.0,10.87654,2.719135,10.87654,0.019,2015.0,Dolphins,rookie,0.0
Brandon Stokley,WR,Ravens,1999.0,3.0,1.08,1.08,0.045,0.019,1999.0,Ravens,rookie,0.0
Javon Walker,WR,Packers,2002.0,5.0,6.7,1.34,4.3,0.019,2002.0,Packers,rookie,0.0
Jerricho Cotchery,WR,Panthers,2014.0,2.0,5.0,2.5,2.25,0.019,2004.0,Jets,veteran,10.0
Kadarius Toney,WR,NYG/KC,2021.0,4.0,13.719508,3.429877,13.719508,0.019,2021.0,Giants,rookie,0.0
Corey Coleman,WR,CLE/BUF,2016.0,4.0,11.654984,2.913746,11.654984,0.019,2016.0,Browns,rookie,0.0
Zach Pascal,WR,Colts,2021.0,1.0,3.384,3.384,0.0,0.019,2017.0,Commanders,veteran,4.0
Tim Patrick,WR,Broncos,2021.0,1.0,3.384,3.384,0.0,0.019,2017.0,Ravens,veteran,4.0
Dez Bryant,WR,Cowboys,2010.0,5.0,11.8105,2.3621,8.625,0.018000000000000002,2010.0,Cowboys,rookie,0.0
Tyquan Thornton,WR,Chiefs,2026.0,2.0,11.0,5.5,7.4,0.018000000000000002,2022.0,Patriots,veteran,4.0
Reggie Wayne,WR,Colts,2001.0,5.0,6.14,1.228,2.4,0.018000000000000002,2001.0,Colts,rookie,0.0
Jahan Dotson,WR,WAS/PHI,2022.0,4.0,15.048356,3.762089,15.048356,0.018000000000000002,2022.0,Commanders,rookie,0.0
JuJu Smith-Schuster,WR,Chiefs,2022.0,1.0,3.76,3.76,2.49,0.018000000000000002,2017.0,Steelers,veteran,5.0
Percy Harvin,WR,Vikings,2009.0,5.0,11.05,2.21,6.7015,0.018000000000000002,2009.0,Vikings,rookie,0.0
Marquise Goodwin,WR,49ers,2017.0,2.0,6.0,3.0,4.45,0.018000000000000002,2013.0,Bills,veteran,4.0
DeAndre Hopkins,WR,Ravens,2025.0,1.0,5.0,5.0,5.0,0.018000000000000002,2013.0,Texans,veteran,12.0
Adam Thielen,WR,MIN/PIT,2025.0,1.0,5.0,5.0,1.0,0.018000000000000002,2013.0,Vikings,veteran,12.0
Mecole Hardman,WR,NYJ/KC,2023.0,1.0,4.0,4.0,3.58,0.018000000000000002,2019.0,Chiefs,veteran,4.0
Anquan Boldin,WR,Lions,2016.0,1.0,2.75,2.75,0.75,0.018000000000000002,2003.0,Cardinals,veteran,13.0
CeeDee Lamb,WR,Cowboys,2020.0,4.0,14.010014,3.502504,14.010014,0.018000000000000002,2020.0,Cowboys,rookie,0.0
Josh Reynolds,WR,DEN/JAX,2024.0,2.0,9.0,4.5,4.245,0.018000000000000002,2017.0,Rams,veteran,7.0
Santonio Holmes,WR,Steelers,2006.0,5.0,8.86,1.772,4.285,0.017,2006.0,Steelers,rookie,0.0
Earl Bennett,WR,Bears,2013.0,3.0,6.4,2.133333,0.0,0.017,2008.0,Bears,veteran,5.0
Makai Lemon,WR,Eagles,2026.0,4.0,20.810386,5.202597,20.810386,0.017,2026.0,Eagles,rookie,0.0
Michael Crabtree,WR,Cardinals,2019.0,1.0,3.25,3.25,0.5,0.017,2009.0,,veteran,10.0
Rashod Bateman,WR,Ravens,2021.0,4.0,12.599414,3.149854,12.599414,0.017,2021.0,Ravens,rookie,0.0
Treylon Burks,WR,Titans,2022.0,4.0,14.36959,3.592398,14.36959,0.017,2022.0,Titans,rookie,0.0
Roddy White,WR,Falcons,2005.0,5.0,7.35,1.47,4.47,0.017,2005.0,Falcons,rookie,0.0
Jerome Simpson,WR,Vikings,2013.0,1.0,2.1,2.1,0.5,0.017,2008.0,Bengals,veteran,5.0
Antonio Brown,WR,Buccaneers,2021.0,1.0,3.1,3.1,3.1,0.017,2010.0,Steelers,veteran,11.0
A.J. Green,WR,Cardinals,2022.0,1.0,3.5,3.5,3.0,0.017,2011.0,Bengals,veteran,11.0
Jalen Reagor,WR,MIN/PHI,2020.0,4.0,13.270678,3.31767,13.270678,0.017,2020.0,Eagles,rookie,0.0
Devin Duvernay,WR,Jaguars,2024.0,2.0,8.5,4.25,5.7,0.017,2020.0,Ravens,veteran,4.0
Marquise Brown,WR,Eagles,2026.0,1.0,5.0,5.0,5.0,0.017,2019.0,Ravens,veteran,7.0
Kendrick Bourne,WR,Cardinals,2026.0,2.0,10.0,5.0,6.5,0.017,2017.0,49ers,veteran,9.0
Jerome Simpson,WR,Vikings,2012.0,1.0,2.0,2.0,0.0,0.017,2008.0,Bengals,veteran,4.0
Justin Jefferson,WR,Vikings,2020.0,4.0,13.122806,3.280702,13.122806,0.017,2020.0,Vikings,rookie,0.0
Dwayne Bowe,WR,Chiefs,2007.0,5.0,9.0,1.8,5.74,0.017,2007.0,Chiefs,rookie,0.0
Anquan Boldin,WR,Bills,2017.0,1.0,2.75,2.75,0.0,0.016,2003.0,Cardinals,veteran,14.0
Chester Rogers,WR,Colts,2019.0,1.0,3.095,3.095,0.0,0.016,2016.0,Colts,veteran,3.0
Robbie Chosen,WR,Jets,2019.0,1.0,3.095,3.095,0.0,0.016,2016.0,Jets,veteran,3.0
Quincy Enunwa,WR,Jets,2018.0,1.0,2.914,2.914,0.0,0.016,2014.0,Jets,veteran,4.0
Tyrell Williams,WR,Chargers,2018.0,1.0,2.914,2.914,0.0,0.016,2015.0,Chargers,veteran,3.0
Adam Humphries,WR,Buccaneers,2018.0,1.0,2.914,2.914,0.0,0.016,2015.0,Buccaneers,veteran,3.0
Rod Streater,WR,Raiders,2015.0,1.0,2.356,2.356,0.0,0.016,2012.0,Raiders,veteran,3.0
Jermaine Kearse,WR,Seahawks,2015.0,1.0,2.356,2.356,0.0,0.016,2012.0,Seahawks,veteran,3.0
Taylor Gabriel,WR,Falcons,2017.0,1.0,2.746,2.746,0.0,0.016,2014.0,Browns,veteran,3.0
Dontrelle Inman,WR,Chargers,2017.0,1.0,2.746,2.746,0.0,0.016,2011.0,Jaguars,veteran,6.0
Keelan Cole,WR,Jaguars,2020.0,1.0,3.259,3.259,0.0,0.016,2017.0,Jaguars,veteran,3.0
Kendrick Bourne,WR,49ers,2020.0,1.0,3.259,3.259,0.0,0.016,2017.0,49ers,veteran,3.0
Kamar Aiken,WR,Ravens,2016.0,1.0,2.553,2.553,0.0,0.016,2011.0,Bills,veteran,5.0
Cordarrelle Patterson,WR,Falcons,2021.0,1.0,3.0,3.0,1.7,0.016,2013.0,Vikings,veteran,8.0
KC Concepcion,WR,Browns,2026.0,4.0,19.748428,4.937107,19.748428,0.016,2026.0,Browns,rookie,0.0
Will Fuller,WR,Texans,2016.0,4.0,10.164312,2.541078,9.85927,0.016,2016.0,Texans,rookie,0.0
Nelson Agholor,WR,Eagles,2015.0,4.0,9.377372,2.344343,8.777566,0.016,2015.0,Eagles,rookie,0.0
Emeka Egbuka,WR,Buccaneers,2025.0,4.0,18.17273,4.543183,18.17273,0.016,2025.0,Buccaneers,rookie,0.0
Josh Doctson,WR,Commanders,2016.0,4.0,10.049644,2.512411,9.429238,0.016,2016.0,Commanders,rookie,0.0
Kavontae Turpin,WR,Cowboys,2025.0,3.0,13.5,4.5,5.0,0.016,2022.0,Cowboys,veteran,3.0
Brandon LaFell,WR,Bengals,2016.0,1.0,2.5,2.5,1.0,0.016,2010.0,Panthers,veteran,6.0
Eli Rogers,WR,Steelers,2019.0,1.0,3.03,3.03,0.5,0.016,2015.0,Steelers,veteran,4.0
Reggie Wayne,WR,Patriots,2015.0,1.0,2.3,2.3,0.45,0.016,2001.0,Colts,veteran,14.0
Miles Austin,WR,Eagles,2015.0,1.0,2.3,2.3,1.0,0.016,2006.0,Cowboys,veteran,9.0
Jaxon Smith-Njigba,WR,Seahawks,2023.0,4.0,14.417308,3.604327,14.417308,0.016,2023.0,Seahawks,rookie,0.0
Ashton Dulin,WR,Colts,2023.0,2.0,7.2,3.6,3.5,0.016,2019.0,Colts,veteran,4.0
Jakeem Grant,WR,Browns,2022.0,3.0,10.0,3.333333,3.035,0.016,2016.0,Dolphins,veteran,6.0
Laquon Treadwell,WR,Vikings,2016.0,4.0,9.93498,2.483745,9.28021,0.016,2016.0,Vikings,rookie,0.0
Danny Amendola,WR,Rams,2012.0,1.0,1.927,1.927,0.0,0.016,2008.0,Cowboys,veteran,4.0
Torrey Smith,WR,Panthers,2019.0,1.0,3.0,3.0,1.2,0.016,2011.0,Ravens,veteran,8.0
Demaryius Thomas,WR,Patriots,2019.0,1.0,3.0,3.0,0.15,0.016,2010.0,Broncos,veteran,9.0
Brandon Aiyuk,WR,49ers,2020.0,4.0,12.53135,3.132838,12.53135,0.016,2020.0,49ers,rookie,0.0
Quentin Johnston,WR,Chargers,2023.0,4.0,14.188786,3.547197,14.188786,0.016,2023.0,Chargers,rookie,0.0
D.J. Moore,WR,Panthers,2018.0,4.0,11.171314,2.792829,10.870809,0.016,2018.0,Panthers,rookie,0.0
Brandin Cooks,WR,NO/LAR/NE,2014.0,4.0,8.383452,2.095863,7.601853,0.016,2014.0,Saints,rookie,0.0
Matthew Golden,WR,Packers,2025.0,4.0,17.575338,4.393835,17.575338,0.016,2025.0,Packers,rookie,0.0
Jonathan Baldwin,WR,KC/SF,2011.0,4.0,7.551602,1.887901,6.146837,0.016,2011.0,Chiefs,rookie,0.0
Demarcus Robinson,WR,Rams,2024.0,1.0,4.0,4.0,4.0,0.016,2016.0,Chiefs,veteran,8.0
K.J. Osborn,WR,Commanders,2024.0,1.0,4.0,4.0,3.18,0.016,2020.0,Vikings,veteran,4.0
Marquise Brown,WR,BAL/ARI,2019.0,4.0,11.78734,2.946835,11.589976,0.016,2019.0,Ravens,rookie,0.0
Zay Flowers,WR,Ravens,2023.0,4.0,14.03644,3.50911,14.03644,0.016,2023.0,Ravens,rookie,0.0
Braxton Berrios,WR,Dolphins,2023.0,1.0,3.5,3.5,3.0,0.016,2018.0,Patriots,veteran,5.0
Kamar Aiken,WR,Colts,2017.0,1.0,2.6,2.6,1.5,0.016,2011.0,Bills,veteran,6.0
Jaron Brown,WR,Seahawks,2018.0,2.0,5.5,2.75,2.75,0.016,2013.0,Cardinals,veteran,5.0
DeAndre Hopkins,WR,Texans,2013.0,4.0,7.6267,1.906675,6.181696,0.016,2013.0,Texans,rookie,0.0
Calvin Ridley,WR,JAX/ATL,2018.0,4.0,10.900732,2.725183,9.907077,0.015,2018.0,Falcons,rookie,0.0
Jordan Addison,WR,Vikings,2023.0,4.0,13.731736,3.432934,13.731736,0.015,2023.0,Vikings,rookie,0.0
Breshad Perriman,WR,Ravens,2015.0,4.0,8.70533,2.176333,7.083239,0.015,2015.0,Ravens,rookie,0.0
Albert Wilson,WR,Dolphins,2020.0,1.0,3.0,3.0,1.0,0.015,2014.0,Chiefs,veteran,6.0
Mack Hollins,WR,Patriots,2025.0,2.0,8.4,4.2,3.5,0.015,2017.0,Eagles,veteran,8.0
Matt Slater,WR,Patriots,2014.0,2.0,4.0,2.0,3.0,0.015,2008.0,Patriots,veteran,6.0
Miles Austin,WR,Browns,2014.0,1.0,2.0,2.0,0.3,0.015,2006.0,Cowboys,veteran,8.0
Hakeem Nicks,WR,Giants,2009.0,5.0,9.225,1.845,6.575,0.015,2009.0,Giants,rookie,0.0
Matt Slater,WR,Patriots,2012.0,3.0,5.4,1.8,2.7,0.015,2008.0,Patriots,veteran,4.0
Kenny Britt,WR,Titans,2009.0,5.0,9.15001,1.830002,6.52751,0.015,2009.0,Titans,rookie,0.0
Geronimo Allison,WR,Packers,2019.0,1.0,2.8,2.8,0.75,0.015,2016.0,Packers,veteran,3.0
Nelson Agholor,WR,Ravens,2024.0,1.0,3.75,3.75,3.75,0.015,2015.0,Eagles,veteran,9.0
Cordarrelle Patterson,WR,Vikings,2013.0,4.0,7.221046,1.805262,5.831359,0.015,2013.0,Vikings,rookie,0.0
Ted Ginn,WR,Panthers,2015.0,2.0,4.2,2.1,1.7,0.015,2007.0,Dolphins,veteran,8.0
Omar Cooper,WR,Jets,2026.0,4.0,17.474196,4.368549,17.474196,0.015,2026.0,Jets,rookie,0.0
Nelson Agholor,WR,Ravens,2023.0,1.0,3.25,3.25,3.25,0.013999999999999999,2015.0,Eagles,veteran,8.0
Rod Smith,WR,Broncos,1996.0,4.0,2.35,0.5875,0.25,0.013999999999999999,1994.0,Bills,veteran,2.0
Josh Reynolds,WR,Lions,2022.0,2.0,6.0,3.0,2.7,0.013999999999999999,2017.0,Rams,veteran,5.0
Jarvis Landry,WR,Saints,2022.0,1.0,3.0,3.0,3.0,0.013999999999999999,2014.0,Dolphins,veteran,8.0
Sterling Shepard,WR,Giants,2022.0,2.0,3.0,3.0,2.0,0.013999999999999999,2016.0,Giants,veteran,6.0
Randall Cobb,WR,Packers,2022.0,1.0,3.0,3.0,0.0,0.013999999999999999,2011.0,Packers,veteran,11.0
Tre'Quan Smith,WR,Saints,2022.0,2.0,6.0,3.0,2.0,0.013999999999999999,2018.0,Saints,veteran,4.0
Kelvin Benjamin,WR,Panthers,2014.0,4.0,7.66425,1.916063,6.199125,0.013999999999999999,2014.0,Panthers,rookie,0.0
A.J. Jenkins,WR,Chiefs,2012.0,4.0,2.990578,1.736882,5.610139,0.013999999999999999,2012.0,,rookie,0.0
Brian Thomas Jr.,WR,Jaguars,2024.0,4.0,14.659978,3.664995,14.659978,0.013999999999999999,2024.0,Jaguars,rookie,0.0
Kalif Raymond,WR,Lions,2025.0,1.0,4.0,4.0,3.33,0.013999999999999999,2016.0,Broncos,veteran,9.0
Demarcus Robinson,WR,49ers,2025.0,2.0,8.0,4.0,6.0,0.013999999999999999,2016.0,Chiefs,veteran,9.0
Phillip Dorsett,WR,IND/NE,2015.0,4.0,8.13541,2.033853,6.591037,0.013999999999999999,2015.0,Colts,rookie,0.0
Matt Slater,WR,Patriots,2018.0,2.0,5.0,2.5,1.0,0.013999999999999999,2008.0,Patriots,veteran,10.0
Jarius Wright,WR,Panthers,2018.0,3.0,7.5,2.5,2.0,0.013999999999999999,2012.0,Vikings,veteran,6.0
Cody Latimer,WR,Giants,2018.0,1.0,2.5,2.5,2.475,0.013999999999999999,2014.0,Broncos,veteran,4.0
T.Y. Hilton,WR,Cowboys,2022.0,1.0,2.9,2.9,0.6,0.013999999999999999,2012.0,Colts,veteran,10.0
Phillip Dorsett,WR,Patriots,2019.0,1.0,2.6,2.6,0.5,0.013999999999999999,2015.0,Colts,veteran,4.0
Rod Smith,WR,Broncos,2007.0,2.0,3.00387,1.501935,3.0,0.013999999999999999,1994.0,Bills,veteran,13.0
Zay Jones,WR,Raiders,2021.0,1.0,2.5,2.5,0.0,0.013999999999999999,2017.0,Bills,veteran,4.0
Lance Moore,WR,Saints,2010.0,1.0,1.759,1.759,0.0,0.013999999999999999,2005.0,Browns,veteran,5.0
Xavier Worthy,WR,Chiefs,2024.0,4.0,13.790264,3.447566,13.790264,0.013000000000000001,2024.0,Chiefs,rookie,0.0
Ed McCaffrey,WR,Broncos,1995.0,3.0,1.5,0.5,0.3,0.013000000000000001,1991.0,Giants,veteran,4.0
N'Keal Harry,WR,CHI/NE,2019.0,4.0,10.098348,2.524587,8.900237,0.013000000000000001,2019.0,Patriots,rookie,0.0
Matt Slater,WR,Patriots,2020.0,2.0,5.3,2.65,2.375,0.013000000000000001,2008.0,Patriots,veteran,12.0
Randall Cobb,WR,Jets,2023.0,1.0,3.0,3.0,0.25,0.013000000000000001,2011.0,Packers,veteran,12.0
Marvin Jones,WR,Lions,2023.0,1.0,3.0,3.0,3.0,0.013000000000000001,2012.0,Bengals,veteran,11.0
Josh Bellamy,WR,Jets,2019.0,2.0,5.0,2.5,2.75,0.013000000000000001,2012.0,Chiefs,veteran,7.0
Allen Hurns,WR,Dolphins,2019.0,1.0,2.5,2.5,0.5,0.013000000000000001,2014.0,Jaguars,veteran,5.0
Rashard Higgins,WR,Browns,2021.0,1.0,2.3775,2.3775,2.3775,0.013000000000000001,2016.0,Browns,veteran,5.0
Andre Holmes,WR,Raiders,2016.0,1.0,2.0,2.0,0.75,0.013000000000000001,2011.0,Vikings,veteran,5.0
Devin Funchess,WR,Packers,2020.0,1.0,2.5,2.5,1.0,0.013000000000000001,2015.0,Panthers,veteran,5.0
Jakeem Grant,WR,CHI/MIA,2021.0,1.0,2.3,2.3,2.25,0.013000000000000001,2016.0,Dolphins,veteran,5.0
Matt Slater,WR,Patriots,2022.0,1.0,2.6225,2.6225,2.6225,0.013000000000000001,2008.0,Patriots,veteran,14.0
Malcom Floyd,WR,Chargers,2009.0,1.0,1.545,1.545,0.0,0.013000000000000001,2004.0,Chargers,veteran,5.0
Miles Austin,WR,Cowboys,2009.0,1.0,1.545,1.545,0.0,0.013000000000000001,2006.0,Cowboys,veteran,3.0
Lance Moore,WR,Saints,2009.0,1.0,1.545,1.545,0.0,0.013000000000000001,2005.0,Browns,veteran,4.0
Amari Cooper,WR,Raiders,2025.0,1.0,3.5,3.5,3.5,0.013000000000000001,2015.0,Raiders,veteran,10.0
Cam Sims,WR,Commanders,2022.0,1.0,2.59,2.59,2.0,0.012,2018.0,Commanders,veteran,4.0
John Ross,WR,Giants,2021.0,1.0,2.25,2.25,1.0,0.012,2017.0,Bengals,veteran,4.0
Ricky Pearsall,WR,49ers,2024.0,4.0,12.538398,3.1346,12.538398,0.012,2024.0,49ers,rookie,0.0
Elijah Moore,WR,CLE/NYJ,2021.0,4.0,8.940422,2.235106,7.061273,0.012,2021.0,Jets,rookie,0.0
Andre Roberts,WR,Bills,2019.0,2.0,4.6,2.3,3.0,0.012,2010.0,Cardinals,veteran,9.0
Nate Washington,WR,Steelers,2008.0,1.0,1.417,1.417,0.0,0.012,2005.0,Steelers,veteran,3.0
Marcus Easley,WR,Bills,2015.0,4.0,7.0,1.75,2.2,0.012,2010.0,Bills,veteran,5.0
Chris Conley,WR,Jaguars,2019.0,2.0,4.595,2.2975,1.0,0.012,2015.0,Chiefs,veteran,4.0
Rashid Shaheed,WR,SEA/NO,2024.0,2.0,6.185,3.0925,1.0,0.012,2022.0,Saints,veteran,2.0
Xavier Legette,WR,Panthers,2024.0,4.0,12.357176,3.089294,12.357176,0.012,2024.0,Panthers,rookie,0.0
Andre Johnson,WR,Titans,2016.0,2.0,3.735,1.8675,0.0,0.012,2003.0,Texans,veteran,13.0
Kalif Raymond,WR,Lions,2022.0,2.0,5.0,2.5,2.85,0.012,2016.0,Broncos,veteran,6.0
Victor Cruz,WR,Bears,2017.0,1.0,2.0,2.0,0.5,0.012,2010.0,Giants,veteran,7.0
Kendall Wright,WR,Bears,2017.0,1.0,2.0,2.0,1.0,0.012,2012.0,Titans,veteran,5.0
Aldrick Robinson,WR,49ers,2017.0,2.0,4.0,2.0,0.5,0.012,2011.0,Commanders,veteran,6.0
Cedrick Wilson Jr.,WR,Cowboys,2021.0,1.0,2.183,2.183,0.0,0.012,2018.0,Cowboys,veteran,3.0
Wes Welker,WR,Dolphins,2007.0,1.0,1.3,1.3,0.0,0.012,2004.0,Chargers,veteran,3.0
Louis Murphy,WR,Buccaneers,2014.0,3.0,4.75,1.583333,0.35,0.012,2009.0,Raiders,veteran,5.0
Matt Slater,WR,Patriots,2023.0,1.0,2.6675,2.6675,2.6675,0.012,2008.0,Patriots,veteran,15.0
Cordarrelle Patterson,WR,Steelers,2024.0,2.0,6.0,3.0,1.9,0.012,2013.0,Vikings,veteran,11.0
Odell Beckham Jr.,WR,Dolphins,2024.0,1.0,3.0,3.0,3.0,0.012,2014.0,Giants,veteran,10.0
D.J. Chark,WR,Chargers,2024.0,1.0,3.0,3.0,2.065,0.012,2018.0,Jaguars,veteran,6.0
Cam Sims,WR,Commanders,2021.0,1.0,2.133,2.133,0.0,0.012,2018.0,Commanders,veteran,3.0
Byron Pringle,WR,Chiefs,2021.0,1.0,2.133,2.133,0.0,0.012,2018.0,Chiefs,veteran,3.0
Greg Dortch,WR,Cardinals,2025.0,1.0,3.263,3.263,0.0,0.012,2019.0,Jets,veteran,6.0
Olamide Zaccheaus,WR,Falcons,2022.0,1.0,2.433,2.433,0.0,0.012,2019.0,Falcons,veteran,3.0
Ashton Dulin,WR,Colts,2022.0,1.0,2.433,2.433,0.0,0.012,2019.0,Colts,veteran,3.0
Noah Brown,WR,Commanders,2025.0,1.0,3.25,3.25,2.47,0.012,2017.0,Cowboys,veteran,8.0
Ashton Dulin,WR,Colts,2025.0,2.0,6.5,3.25,2.94,0.012,2019.0,Colts,veteran,6.0
Kalif Raymond,WR,Bears,2026.0,1.0,3.5,3.5,3.0,0.012,2016.0,Broncos,veteran,10.0
Ted Ginn,WR,49ers,2012.0,1.0,1.4,1.4,0.5,0.012,2007.0,Dolphins,veteran,5.0
Matt Slater,WR,Patriots,2016.0,1.0,1.8,1.8,0.6,0.012,2008.0,Patriots,veteran,8.0
Demarcus Robinson,WR,Chiefs,2020.0,1.0,2.2975,2.2975,2.2975,0.012,2016.0,Chiefs,veteran,4.0
Noah Brown,WR,Texans,2023.0,1.0,2.6,2.6,2.25,0.012,2017.0,Cowboys,veteran,6.0
Alex Erickson,WR,Bengals,2018.0,2.0,4.05,2.025,0.5,0.011000000000000001,2016.0,Bengals,veteran,2.0
Lance Moore,WR,Steelers,2014.0,2.0,3.0,1.5,0.645,0.011000000000000001,2005.0,Browns,veteran,9.0
Brian Quick,WR,Rams,2016.0,1.0,1.75,1.75,1.5,0.011000000000000001,2012.0,Rams,veteran,4.0
Cedrick Wilson Jr.,WR,Saints,2024.0,2.0,5.75,2.875,2.85,0.011000000000000001,2018.0,Cowboys,veteran,6.0
Brian Quick,WR,Rams,2012.0,4.0,5.386599,1.34665,3.822373,0.011000000000000001,2012.0,Rams,rookie,0.0
Mack Hollins,WR,Falcons,2023.0,1.0,2.5,2.5,0.91,0.011000000000000001,2017.0,Eagles,veteran,6.0
De'Zhaun Stribling,WR,49ers,2026.0,4.0,13.37674,3.344185,13.37674,0.011000000000000001,2026.0,49ers,rookie,0.0
Christian Watson,WR,Packers,2022.0,4.0,9.241026,2.310257,7.425885,0.011000000000000001,2022.0,Packers,rookie,0.0
Josh Gordon,WR,Browns,2012.0,4.0,5.341648,1.335412,3.727638,0.011000000000000001,2012.0,Browns,rookie,0.0
Percy Harvin,WR,Bills,2016.0,1.0,1.7175,1.7175,0.0,0.011000000000000001,2009.0,Vikings,veteran,7.0
Justin Hunter,WR,MIA/TEN,2013.0,4.0,5.424148,1.356037,3.841388,0.011000000000000001,2013.0,Titans,rookie,0.0
DeSean Jackson,WR,Raiders,2021.0,1.0,2.0,2.0,0.0,0.011000000000000001,2008.0,Eagles,veteran,13.0
Tee Higgins,WR,Bengals,2020.0,4.0,8.686788,2.171697,6.752255,0.011000000000000001,2020.0,Bengals,rookie,0.0
"Michael Pittman, Jr.",WR,Colts,2020.0,4.0,8.612842,2.153211,6.625377,0.011000000000000001,2020.0,Colts,rookie,0.0
Santonio Holmes,WR,Jets,2010.0,1.0,1.4,1.4,0.5,0.011000000000000001,2006.0,Steelers,veteran,4.0
Keenan Allen,WR,Chargers,2025.0,1.0,3.02,3.02,2.255,0.011000000000000001,2013.0,Chargers,veteran,12.0
Mike Wallace,WR,Eagles,2018.0,1.0,1.915,1.915,1.915,0.011000000000000001,2009.0,Steelers,veteran,9.0
Andre Roberts,WR,Falcons,2017.0,1.0,1.8,1.8,0.75,0.011000000000000001,2010.0,Cardinals,veteran,7.0
Andre Holmes,WR,Raiders,2015.0,1.0,1.542,1.542,0.0,0.011000000000000001,2011.0,Vikings,veteran,4.0
Terrelle Pryor,WR,Browns,2016.0,1.0,1.671,1.671,0.0,0.011000000000000001,2011.0,Raiders,veteran,5.0
Kenbrell Thompkins,WR,Jets,2016.0,1.0,1.671,1.671,0.0,0.011000000000000001,2013.0,Patriots,veteran,3.0
Russell Shepard,WR,Buccaneers,2016.0,1.0,1.671,1.671,0.0,0.011000000000000001,2013.0,Eagles,veteran,3.0
Cameron Meredith,WR,Bears,2018.0,1.0,1.907,1.907,0.0,0.011000000000000001,2015.0,Bears,veteran,3.0
T.J. Jones,WR,Lions,2018.0,1.0,1.907,1.907,0.0,0.011000000000000001,2014.0,Lions,veteran,4.0
Martavis Bryant,WR,Raiders,2018.0,1.0,1.907,1.907,0.0,0.011000000000000001,2014.0,Steelers,veteran,4.0
Willie Snead,WR,Saints,2018.0,1.0,1.907,1.907,0.0,0.011000000000000001,2014.0,Browns,veteran,4.0
Josh Bellamy,WR,Bears,2018.0,1.0,1.907,1.907,0.0,0.011000000000000001,2012.0,Chiefs,veteran,6.0
Albert Wilson,WR,Chiefs,2017.0,1.0,1.797,1.797,0.0,0.011000000000000001,2014.0,Chiefs,veteran,3.0
Rashard Higgins,WR,Browns,2019.0,1.0,2.025,2.025,0.0,0.011000000000000001,2016.0,Browns,veteran,3.0
Josh Gordon,WR,NE/SEA,2019.0,1.0,2.025,2.025,0.0,0.011000000000000001,2012.0,Browns,veteran,7.0
Mike Williams,WR,Chargers,2025.0,1.0,3.0,3.0,3.0,0.011000000000000001,2017.0,Chargers,veteran,8.0
Nick Westbrook-Ikhine,WR,Dolphins,2025.0,2.0,5.99,2.995,3.2,0.011000000000000001,2020.0,Titans,veteran,5.0
Seth Roberts,WR,Ravens,2019.0,1.0,2.0,2.0,1.0,0.011000000000000001,2014.0,Raiders,veteran,5.0
Isaiah McKenzie,WR,Bills,2022.0,2.0,4.4,2.2,1.25,0.011000000000000001,2017.0,Broncos,veteran,5.0
Sidney Rice,WR,Seahawks,2014.0,1.0,1.4,1.4,0.15,0.011000000000000001,2007.0,Vikings,veteran,7.0
Kenny Britt,WR,Rams,2014.0,1.0,1.4,1.4,0.55,0.011000000000000001,2009.0,Titans,veteran,5.0
Harry Douglas,WR,Titans,2017.0,1.0,1.75,1.75,0.25,0.01,2008.0,Falcons,veteran,9.0
Jayden Higgins,WR,Texans,2025.0,4.0,11.700824,2.925206,11.700824,0.01,2025.0,Texans,rookie,0.0
Denzel Boston,WR,Browns,2026.0,4.0,12.385596,3.096399,12.385596,0.01,2026.0,Browns,rookie,0.0
Andre Holmes,WR,BUF/DEN,2017.0,3.0,5.15,1.716667,2.45,0.01,2011.0,Vikings,veteran,6.0
Devin Smith,WR,Jets,2015.0,4.0,5.87242,1.468105,3.66778,0.01,2015.0,Jets,rookie,0.0
Deebo Samuel,WR,49ers,2019.0,4.0,7.697356,1.924339,5.226791,0.01,2019.0,49ers,rookie,0.0
Mack Hollins,WR,Bills,2024.0,1.0,2.6,2.6,1.1,0.01,2017.0,Eagles,veteran,7.0
Danny Amendola,WR,Patriots,2017.0,1.0,1.7,1.7,1.35,0.01,2008.0,Cowboys,veteran,9.0
Donnie Avery,WR,Rams,2008.0,4.0,4.7125,1.178125,2.775,0.01,2008.0,Rams,rookie,0.0
Zay Jones,WR,LV/BUF,2017.0,4.0,6.779798,1.69495,4.308933,0.01,2017.0,Bills,rookie,0.0
Greg Jennings,WR,Packers,2006.0,4.0,3.095,1.031667,1.485,0.01,2006.0,Packers,rookie,0.0
Cody Core,WR,Giants,2020.0,2.0,4.0,2.0,1.0,0.01,2016.0,Bengals,veteran,4.0
Gunner Olszewski,WR,Steelers,2022.0,2.0,4.2,2.1,1.235,0.01,2019.0,Patriots,veteran,3.0
Dexter McCluster,WR,Chiefs,2010.0,4.0,5.195,1.29875,3.15,0.01,2010.0,Chiefs,rookie,0.0
Zach Pascal,WR,Cardinals,2023.0,2.0,4.5,2.25,1.5,0.01,2017.0,Commanders,veteran,6.0
Jordy Nelson,WR,Packers,2008.0,4.0,4.63525,1.158813,3.385,0.01,2008.0,Packers,rookie,0.0
Dane Sanzenbacher,WR,Bears,2011.0,1.0,1.2,1.2,0.005,0.01,2011.0,Bears,rookie,0.0
Christian Kirk,WR,49ers,2026.0,1.0,3.0,3.0,2.78,0.01,2018.0,Cardinals,veteran,8.0
Darnell Mooney,WR,Giants,2026.0,1.0,3.0,3.0,3.0,0.01,2020.0,Bears,veteran,6.0
Robert Woods,WR,Bills,2013.0,4.0,4.866769,1.216692,2.900685,0.01,2013.0,Bills,rookie,0.0
Brandon LaFell,WR,Raiders,2018.0,1.0,1.75,1.75,0.835,0.01,2010.0,Panthers,veteran,8.0
Danny Amendola,WR,Texans,2021.0,1.0,1.8,1.8,0.25,0.01,2008.0,Cowboys,veteran,13.0
Keon Coleman,WR,Bills,2024.0,4.0,10.074258,2.518565,9.640495,0.01,2024.0,Bills,rookie,0.0
KhaDarel Hodge,WR,Falcons,2025.0,2.0,5.5,2.75,2.505,0.01,2018.0,Rams,veteran,7.0
Josh Reynolds,WR,Jets,2025.0,1.0,2.75,2.75,2.0,0.01,2017.0,Rams,veteran,8.0
Jonathan Mingo,WR,CAR/DAL,2023.0,4.0,8.856606,2.214152,6.898887,0.01,2023.0,Panthers,rookie,0.0
Wan'Dale Robinson,WR,Giants,2022.0,4.0,8.185166,2.046292,5.791409,0.01,2022.0,Giants,rookie,0.0
Luther Burden,WR,Bears,2025.0,4.0,10.964034,2.741009,10.964034,0.01,2025.0,Bears,rookie,0.0
Ray-Ray McCloud,WR,Falcons,2024.0,2.0,5.0,2.5,2.125,0.01,2018.0,Bills,veteran,6.0
Ladd McConkey,WR,Chargers,2024.0,4.0,9.995186,2.498797,9.185943,0.01,2024.0,Chargers,rookie,0.0
Dorial Green-Beckham,WR,PHI/TEN,2015.0,4.0,5.603602,1.400901,3.460057,0.01,2015.0,Titans,rookie,0.0
Stephen Hill,WR,Jets,2012.0,4.0,4.712348,1.178086,2.811361,0.01,2012.0,Jets,rookie,0.0
Marqise Lee,WR,Jaguars,2014.0,4.0,5.174022,1.293506,3.158107,0.01,2014.0,Jaguars,rookie,0.0
Laviska Shenault,WR,CAR/JAX,2020.0,4.0,7.696066,1.924017,4.726961,0.01,2020.0,Jaguars,rookie,0.0
John Metchie III,WR,NYJ/PHI/HOU,2022.0,4.0,8.070176,2.017544,5.626046,0.01,2022.0,Texans,rookie,0.0
Curtis Samuel,WR,Panthers,2017.0,4.0,6.45366,1.613415,4.05692,0.01,2017.0,Panthers,rookie,0.0
Jaron Brown,WR,Cardinals,2016.0,1.0,1.5,1.5,0.635118,0.01,2013.0,Cardinals,veteran,3.0
Courtland Sutton,WR,Broncos,2018.0,4.0,6.84193,1.710483,4.326945,0.01,2018.0,Broncos,rookie,0.0
Devin Funchess,WR,Panthers,2015.0,4.0,5.520892,1.380223,3.396142,0.01,2015.0,Panthers,rookie,0.0
Ray-Ray McCloud,WR,49ers,2022.0,2.0,4.0,2.0,2.785,0.01,2018.0,Bills,veteran,4.0
Jamison Crowder,WR,Bills,2022.0,1.0,2.0,2.0,1.87,0.01,2015.0,Commanders,veteran,7.0
Mack Hollins,WR,Raiders,2022.0,1.0,2.0,2.0,0.7,0.01,2017.0,Eagles,veteran,5.0
Josh Reynolds,WR,DET/TEN,2021.0,1.0,1.75,1.75,1.75,0.01,2017.0,Rams,veteran,4.0
Sterling Shepard,WR,Giants,2016.0,4.0,5.944572,1.486143,0.0,0.01,2016.0,Giants,rookie,0.0
Ja'Lynn Polk,WR,NE/NO,2024.0,4.0,9.694744,2.423686,8.214275,0.009000000000000001,2024.0,Patriots,rookie,0.0
Rondale Moore,WR,ARI/ATL,2021.0,4.0,6.924254,1.731064,4.030559,0.009000000000000001,2021.0,Cardinals,rookie,0.0
Titus Young,WR,Lions,2011.0,4.0,4.561321,1.14033,2.500324,0.009000000000000001,2011.0,Lions,rookie,0.0
Alshon Jeffery,WR,Bears,2012.0,4.0,4.54783,1.136958,2.344235,0.009000000000000001,2012.0,Bears,rookie,0.0
Tyler Boyd,WR,Titans,2024.0,1.0,2.4,2.4,1.2,0.009000000000000001,2016.0,Bengals,veteran,8.0
Arrelious Benn,WR,Buccaneers,2010.0,4.0,4.84,1.21,2.85,0.009000000000000001,2010.0,Buccaneers,rookie,0.0
Jordan Matthews,WR,BUF/PHI,2014.0,4.0,4.94927,1.237318,2.984435,0.009000000000000001,2014.0,Eagles,rookie,0.0
Tavon Austin,WR,Cowboys,2019.0,1.0,1.75,1.75,0.5,0.009000000000000001,2013.0,Rams,veteran,6.0
Jerry Rice,WR,Broncos,2005.0,1.0,0.79,0.79,0.025,0.009000000000000001,1985.0,,veteran,20.0
Jake Bobo,WR,Seahawks,2026.0,2.0,5.5,2.75,4.5,0.009000000000000001,2023.0,Seahawks,veteran,3.0
Dante Pettis,WR,SF/NYG,2018.0,4.0,6.400562,1.600141,3.985887,0.009000000000000001,2018.0,49ers,rookie,0.0
K.J. Hamler,WR,Broncos,2020.0,4.0,7.137134,1.784284,4.295059,0.009000000000000001,2020.0,Broncos,rookie,0.0
Charles Johnson,WR,Panthers,2017.0,1.0,1.5,1.5,0.35,0.009000000000000001,2013.0,Packers,veteran,4.0
Justin Watson,WR,Texans,2025.0,2.0,5.0,2.5,3.0,0.009000000000000001,2018.0,Buccaneers,veteran,7.0
Allen Lazard,WR,Jets,2025.0,1.0,2.5,2.5,1.75,0.009000000000000001,2018.0,Jaguars,veteran,7.0
Jamal Agnew,WR,Commanders,2025.0,1.0,2.5,2.5,0.4,0.009000000000000001,2017.0,Lions,veteran,8.0
Tim Patrick,WR,Lions,2025.0,1.0,2.5,2.5,2.5,0.009000000000000001,2017.0,Ravens,veteran,8.0
Ted Ginn,WR,Panthers,2013.0,1.0,1.1,1.1,0.3,0.009000000000000001,2007.0,Dolphins,veteran,6.0
Sammy Watkins,WR,BAL/GB,2022.0,1.0,1.85,1.85,0.35,0.009000000000000001,2014.0,Bills,veteran,8.0
Paul Richardson,WR,Seahawks,2014.0,4.0,4.712836,1.178209,2.381736,0.009000000000000001,2014.0,Seahawks,rookie,0.0
Zay Jones,WR,Cardinals,2024.0,1.0,2.25,2.25,1.15,0.009000000000000001,2017.0,Bills,veteran,7.0
Germie Bernard,WR,Steelers,2026.0,4.0,10.544878,2.63622,10.544878,0.009000000000000001,2026.0,Steelers,rookie,0.0
Anquan Boldin,WR,Cardinals,2003.0,4.0,2.58,0.645,1.21,0.009000000000000001,2003.0,Cardinals,rookie,0.0
Zay Jones,WR,Cardinals,2025.0,1.0,2.4,2.4,1.3,0.009000000000000001,2017.0,Bills,veteran,8.0
Eddie Royal,WR,Broncos,2008.0,4.0,3.94983,0.987458,2.24483,0.009000000000000001,2008.0,Broncos,rookie,0.0
Sidney Rice,WR,Vikings,2007.0,4.0,3.7075,0.926875,2.0425,0.009000000000000001,2007.0,Vikings,rookie,0.0
Dwayne Harris,WR,Raiders,2019.0,1.0,1.6,1.6,0.275,0.009000000000000001,2011.0,Cowboys,veteran,8.0
Tyquan Thornton,WR,Patriots,2022.0,4.0,7.05386,1.763465,4.04071,0.008,2022.0,Patriots,rookie,0.0
Eric Decker,WR,Patriots,2018.0,1.0,1.5,1.5,0.075,0.008,2010.0,Broncos,veteran,8.0
Charles Johnson,WR,Jets,2018.0,1.0,1.5,1.5,0.25,0.008,2013.0,Packers,veteran,5.0
Michael Floyd,WR,Vikings,2017.0,1.0,1.41,1.41,0.0,0.008,2012.0,Cardinals,veteran,5.0
Chris Moore,WR,Ravens,2020.0,1.0,1.6725,1.6725,0.275,0.008,2016.0,Ravens,veteran,4.0
Braxton Berrios,WR,Dolphins,2024.0,1.0,2.15,2.15,1.2,0.008,2018.0,Patriots,veteran,6.0
Antonio Brown,WR,Buccaneers,2020.0,1.0,1.666666,1.666666,0.0,0.008,2010.0,Steelers,veteran,10.0
Andre Roberts,WR,Panthers,2022.0,1.0,1.75,1.75,0.9,0.008,2010.0,Cardinals,veteran,12.0
Chase Claypool,WR,PIT/MIA/CHI,2020.0,4.0,6.616636,1.654159,3.892856,0.008,2020.0,Steelers,rookie,0.0
Christian Kirk,WR,Cardinals,2018.0,4.0,5.894874,1.473719,3.595129,0.008,2018.0,Cardinals,rookie,0.0
Ted Ginn,WR,49ers,2011.0,1.0,1.0,1.0,0.0,0.008,2007.0,Dolphins,veteran,4.0
Skyy Moore,WR,Packers,2026.0,1.0,2.5,2.5,1.0,0.008,2022.0,Chiefs,veteran,4.0
Michael Thomas,WR,Saints,2016.0,4.0,5.118974,1.279744,3.055569,0.008,2016.0,Saints,rookie,0.0
Odell Beckham Jr.,WR,Rams,2021.0,1.0,2.0,1.5,0.5,0.008,2014.0,Giants,veteran,7.0
Chris Conley,WR,Texans,2021.0,1.0,1.5,1.5,1.5,0.008,2015.0,Chiefs,veteran,6.0
Wes Welker,WR,Rams,2015.0,1.0,1.17,1.17,0.0,0.008,2004.0,Chargers,veteran,11.0
Darrius Heyward-Bey,WR,Steelers,2016.0,3.0,3.8,1.266667,0.4,0.008,2009.0,Raiders,veteran,7.0
D'Wayne Eskridge,WR,Seahawks,2021.0,4.0,5.953512,1.488378,3.280442,0.008,2021.0,Seahawks,rookie,0.0
George Pickens,WR,PIT/DAL,2022.0,4.0,6.752188,1.688047,3.867506,0.008,2022.0,Steelers,rookie,0.0
Tutu Atwell,WR,Rams,2021.0,4.0,5.908698,1.477175,3.245813,0.008,2021.0,Rams,rookie,0.0
Damiere Byrd,WR,Patriots,2020.0,1.0,1.6,1.6,0.6,0.008,2015.0,Panthers,veteran,5.0
Bennett Skowronek,WR,Steelers,2025.0,2.0,4.5,2.25,1.08,0.008,2021.0,Rams,veteran,4.0
Jayden Reed,WR,Packers,2023.0,4.0,7.180778,1.795195,4.048783,0.008,2023.0,Packers,rookie,0.0
Kevin White,WR,Cardinals,2019.0,1.0,1.5,1.5,0.4,0.008,2015.0,Bears,veteran,4.0
Jaron Brown,WR,Seahawks,2019.0,1.0,1.5,1.5,0.0,0.008,2013.0,Cardinals,veteran,6.0
Russell Shepard,WR,Giants,2019.0,1.0,1.5,1.5,0.7,0.008,2013.0,Eagles,veteran,6.0
Cody Latimer,WR,Giants,2019.0,1.0,1.5,1.5,0.4,0.008,2014.0,Broncos,veteran,5.0
Alec Pierce,WR,Colts,2022.0,4.0,6.601342,1.650336,3.691037,0.008,2022.0,Colts,rookie,0.0
Brandon Stokley,WR,Ravens,2002.0,1.0,0.563,0.563,0.0,0.008,1999.0,Ravens,veteran,3.0
Keshawn Martin,WR,49ers,2016.0,2.0,2.45,1.225,0.55,0.008,2012.0,Texans,veteran,4.0
Trent Sherfield,WR,Bills,2023.0,1.0,1.77,1.77,0.75,0.008,2018.0,Cardinals,veteran,5.0
Phillip Dorsett,WR,Patriots,2018.0,1.0,1.394373,1.394373,0.15,0.008,2015.0,Colts,veteran,3.0
Terrace Marshall Jr.,WR,Panthers,2021.0,4.0,5.729482,1.432371,3.107327,0.008,2021.0,Panthers,rookie,0.0
Nick Westbrook-Ikhine,WR,Titans,2024.0,1.0,2.0,2.0,0.75,0.008,2020.0,Titans,veteran,4.0
Brandon Powell,WR,Vikings,2024.0,1.0,2.0,2.0,0.625,0.008,2018.0,Lions,veteran,6.0
Treylon Burks,WR,Commanders,2026.0,1.0,2.35,2.35,0.4,0.008,2022.0,Titans,veteran,4.0
Jerome Simpson,WR,Bengals,2008.0,4.0,3.617,0.90425,1.912,0.008,2008.0,Bengals,rookie,0.0
Skyy Moore,WR,SF/KC,2022.0,4.0,6.450506,1.612627,3.574481,0.008,2022.0,Chiefs,rookie,0.0
Vincent Jackson,WR,Chargers,2005.0,5.0,3.305,0.661,1.375,0.008,2005.0,Chargers,rookie,0.0
Eric Weems,WR,Titans,2017.0,2.0,2.575,1.2875,0.0,0.008,2007.0,Falcons,veteran,10.0
Chris Hogan,WR,Panthers,2019.0,1.0,1.45,1.45,0.3,0.008,2011.0,,veteran,8.0
Brandon Stokley,WR,Broncos,2012.0,1.0,0.925,0.925,0.0,0.008,1999.0,Ravens,veteran,13.0
Nate Burleson,WR,Browns,2014.0,1.0,1.02,1.02,0.35,0.008,2003.0,Vikings,veteran,11.0
Santana Moss,WR,Commanders,2014.0,1.0,1.02,1.02,0.065,0.008,2001.0,Jets,veteran,13.0
Brandon Stokley,WR,Ravens,2013.0,1.0,0.94,0.94,0.0,0.008,1999.0,Ravens,veteran,14.0
Ryan Broyles,WR,Lions,2012.0,4.0,3.6785,0.919625,1.422477,0.008,2012.0,Lions,rookie,0.0
Justin Hardee,WR,Saints,2020.0,1.0,1.5,1.5,0.365,0.008,2017.0,Texans,veteran,3.0
Marquise Goodwin,WR,Browns,2023.0,1.0,1.7,1.7,0.4,0.008,2013.0,Bills,veteran,10.0
Justin Watson,WR,Chiefs,2023.0,2.0,3.4,1.7,1.3,0.008,2018.0,Buccaneers,veteran,5.0
Brandon Stokley,WR,Giants,2011.0,1.0,0.91,0.91,0.0,0.008,1999.0,Ravens,veteran,12.0
Anthony Miller,WR,HOU/CHI,2018.0,4.0,5.3537,1.338425,3.17695,0.008,2018.0,Bears,rookie,0.0
Tylan Wallace,WR,Ravens,2025.0,1.0,2.1,2.1,1.35,0.008,2021.0,Ravens,veteran,4.0
Jerome Simpson,WR,Vikings,2014.0,1.0,1.0,1.0,0.0,0.008,2008.0,Bengals,veteran,6.0
A.J. Brown,WR,Titans,2019.0,4.0,5.652368,1.413092,3.377738,0.008,2019.0,Titans,rookie,0.0
DeSean Jackson,WR,Eagles,2008.0,4.0,3.469335,0.867334,1.353,0.006999999999999999,2008.0,Eagles,rookie,0.0
Olamide Zaccheaus,WR,Falcons,2026.0,2.0,4.5,2.25,2.3,0.006999999999999999,2019.0,Falcons,veteran,7.0
Vincent Brown,WR,Raiders,2014.0,1.0,0.988339,0.988339,0.025,0.006999999999999999,2011.0,Chargers,veteran,3.0
Davante Adams,WR,Packers,2014.0,4.0,3.933402,0.983351,1.779447,0.006999999999999999,2014.0,Packers,rookie,0.0
Lance Moore,WR,Lions,2015.0,1.0,1.05,1.05,0.04,0.006999999999999999,2005.0,Browns,veteran,10.0
Adonai Mitchell,WR,NYJ/IND,2024.0,4.0,7.386086,1.846522,4.817431,0.006999999999999999,2024.0,Colts,rookie,0.0
Rashee Rice,WR,Chiefs,2023.0,4.0,6.495218,1.623805,3.519033,0.006999999999999999,2023.0,Chiefs,rookie,0.0
Zach Pascal,WR,Eagles,2022.0,1.0,1.5,1.5,1.5,0.006999999999999999,2017.0,Commanders,veteran,5.0
Dez Bryant,WR,Saints,2018.0,1.0,1.275,1.275,0.0,0.006999999999999999,2010.0,Cowboys,veteran,8.0
Michael Campanaro,WR,Ravens,2017.0,1.0,1.2,1.2,0.25,0.006999999999999999,2014.0,Ravens,veteran,3.0
Kenny Britt,WR,Patriots,2017.0,2.0,2.4,1.2,0.0,0.006999999999999999,2009.0,Titans,veteran,8.0
Jermaine Kearse,WR,Lions,2019.0,1.0,1.35,1.35,0.35,0.006999999999999999,2012.0,Seahawks,veteran,7.0
Rondale Moore,WR,Vikings,2025.0,1.0,2.0,2.0,0.25,0.006999999999999999,2021.0,Cardinals,veteran,4.0
Austin Pettis,WR,Rams,2014.0,1.0,0.95,0.95,0.25,0.006999999999999999,2011.0,Rams,veteran,3.0
Van Jefferson,WR,ATL/LAR,2020.0,4.0,5.61114,1.402785,3.11588,0.006999999999999999,2020.0,Rams,rookie,0.0
Russell Shepard,WR,Giants,2018.0,1.0,1.25,1.25,0.25,0.006999999999999999,2013.0,Eagles,veteran,5.0
Jeff Janis,WR,Browns,2018.0,1.0,1.25,1.25,0.0,0.006999999999999999,2014.0,Packers,veteran,4.0
Devin Hester,WR,Bears,2006.0,4.0,2.8735,0.718375,1.2635,0.006999999999999999,2006.0,Bears,rookie,0.0
Torrey Smith,WR,Ravens,2011.0,4.0,3.389232,0.847308,0.964896,0.006999999999999999,2011.0,Ravens,rookie,0.0
Trent Sherfield,WR,Vikings,2024.0,1.0,1.79,1.79,1.0,0.006999999999999999,2018.0,Cardinals,veteran,6.0
Tre Harris,WR,Chargers,2025.0,4.0,7.817692,1.954423,5.578241,0.006999999999999999,2025.0,Chargers,rookie,0.0
Nate Washington,WR,Texans,2015.0,1.0,1.0,1.0,0.03,0.006999999999999999,2005.0,Steelers,veteran,10.0
Leonard Hankerson,WR,ATL/NE/BUF,2015.0,1.0,1.0,1.0,0.255,0.006999999999999999,2011.0,Commanders,veteran,4.0
Cody Latimer,WR,Broncos,2014.0,4.0,3.70865,0.927163,2.025755,0.006999999999999999,2014.0,Broncos,rookie,0.0
Aaron Dobson,WR,Patriots,2013.0,4.0,3.42837,0.857093,1.17336,0.006999999999999999,2013.0,Patriots,rookie,0.0
Greg Little,WR,CLE/LV,2011.0,4.0,3.3275,0.831875,0.0,0.006999999999999999,2011.0,Browns,rookie,0.0
Josh Palmer,WR,Chargers,2021.0,4.0,5.032056,1.258014,1.019676,0.006999999999999999,2021.0,Chargers,rookie,0.0
Nate Washington,WR,Patriots,2016.0,1.0,1.065,1.065,0.06,0.006999999999999999,2005.0,Steelers,veteran,11.0
Tyler Boyd,WR,Bengals,2016.0,4.0,4.258972,1.064743,0.0,0.006999999999999999,2016.0,Bengals,rookie,0.0
Denzel Mims,WR,DET/NYJ,2020.0,4.0,5.433696,1.358424,2.978766,0.006999999999999999,2020.0,Jets,rookie,0.0
Michael Gallup,WR,Raiders,2024.0,1.0,1.75,1.75,0.8275,0.006999999999999999,2018.0,Cowboys,veteran,6.0
Rueben Randle,WR,Giants,2012.0,4.0,3.29193,0.822983,1.007132,0.006999999999999999,2012.0,Giants,rookie,0.0
Dyami Brown,WR,Commanders,2021.0,4.0,4.943998,1.236,0.955636,0.006999999999999999,2021.0,Commanders,rookie,0.0
Jack Bech,WR,Raiders,2025.0,4.0,7.558822,1.889706,5.077207,0.006999999999999999,2025.0,Raiders,rookie,0.0
Cecil Shorts,WR,Buccaneers,2016.0,1.0,1.05,1.05,0.0,0.006999999999999999,2011.0,Jaguars,veteran,5.0
Marvin Mims,WR,Broncos,2023.0,4.0,6.068634,1.517159,3.189399,0.006999999999999999,2023.0,Broncos,rookie,0.0
Jakeem Grant,WR,Browns,2023.0,1.0,1.5125,1.5125,0.0,0.006999999999999999,2016.0,Dolphins,veteran,7.0
Amari Rodgers,WR,HOU/GB,2021.0,4.0,4.899902,1.224976,0.923564,0.006999999999999999,2021.0,Packers,rookie,0.0
Nico Collins,WR,Texans,2021.0,4.0,4.871516,1.217879,0.90292,0.006999999999999999,2021.0,Texans,rookie,0.0
DeAndre Carter,WR,Raiders,2023.0,1.0,1.5,1.5,1.255,0.006999999999999999,2015.0,Ravens,veteran,8.0
Randall Cobb,WR,Packers,2011.0,4.0,3.209421,0.802355,1.0005,0.006999999999999999,2011.0,Packers,rookie,0.0
Anthony Schwartz,WR,Browns,2021.0,4.0,4.863026,1.215757,0.896744,0.006999999999999999,2021.0,Browns,rookie,0.0
Marquise Goodwin,WR,Bears,2021.0,1.0,1.2125,1.2125,0.35,0.006999999999999999,2013.0,Bills,veteran,8.0
Tim Patrick,WR,Jets,2026.0,1.0,2.0,2.0,1.0,0.006999999999999999,2017.0,Ravens,veteran,9.0
Mecole Hardman,WR,Chiefs,2019.0,4.0,4.995052,1.248763,2.869812,0.006999999999999999,2019.0,Chiefs,rookie,0.0
Marlon Moore,WR,Browns,2015.0,3.0,2.85,0.95,0.2,0.006999999999999999,2010.0,Dolphins,veteran,5.0
Brandon Stokley,WR,Seahawks,2010.0,1.0,0.855,0.855,0.0,0.006999999999999999,1999.0,Ravens,veteran,11.0
Rueben Randle,WR,Eagles,2016.0,1.0,1.025,1.025,0.5,0.006999999999999999,2012.0,Giants,veteran,4.0
Allen Robinson,WR,Jaguars,2014.0,4.0,3.51087,0.877718,1.17336,0.006999999999999999,2014.0,Jaguars,rookie,0.0
Brice Butler,WR,Cowboys,2017.0,1.0,1.1,1.1,0.3,0.006999999999999999,2013.0,Raiders,veteran,4.0
J.J. Arcega-Whiteside,WR,SEA/PHI,2019.0,4.0,4.951224,1.237806,2.835944,0.006999999999999999,2019.0,Eagles,rookie,0.0
Andre Roberts,WR,Bills,2020.0,1.0,1.3,1.3,0.0,0.006999999999999999,2010.0,Cardinals,veteran,10.0
Jarvis Landry,WR,Dolphins,2014.0,4.0,3.474908,0.868727,1.067208,0.006999999999999999,2014.0,Dolphins,rookie,0.0
Adam Humphries,WR,Commanders,2021.0,1.0,1.19,1.19,0.15,0.006999999999999999,2015.0,Buccaneers,veteran,6.0
Velus Jones Jr.,WR,Bears,2022.0,4.0,5.405924,1.351481,1.11158,0.006,2022.0,Bears,rookie,0.0
Braxton Berrios,WR,Texans,2025.0,1.0,1.8,1.8,0.3,0.006,2018.0,Patriots,veteran,7.0
Santonio Holmes,WR,Bears,2014.0,1.0,0.855,0.855,0.0,0.006,2006.0,Steelers,veteran,8.0
Eric Decker,WR,Broncos,2010.0,4.0,3.315148,0.828787,0.732148,0.006,2010.0,Broncos,rookie,0.0
Nate Burleson,WR,Vikings,2003.0,3.0,1.439,0.479667,0.529,0.006,2003.0,Vikings,rookie,0.0
James Washington,WR,Steelers,2018.0,4.0,4.501346,1.125337,2.383704,0.006,2018.0,Steelers,rookie,0.0
Parris Campbell,WR,Colts,2019.0,4.0,4.775936,1.193984,2.700496,0.006,2019.0,Colts,rookie,0.0
Devin Hester,WR,Seahawks,2016.0,1.0,0.985,0.985,0.0,0.006,2006.0,Bears,veteran,10.0
Lance Moore,WR,Falcons,2016.0,1.0,0.985,0.985,0.0,0.006,2005.0,Browns,veteran,11.0
Tank Dell,WR,Texans,2023.0,4.0,5.689104,1.422276,1.137528,0.006,2023.0,Texans,rookie,0.0
Kendrick Bourne,WR,49ers,2025.0,1.0,1.765,1.765,1.255,0.006,2017.0,49ers,veteran,8.0
John Metchie III,WR,Panthers,2026.0,1.0,1.9,1.9,1.0,0.006,2022.0,Texans,veteran,4.0
Donte Moncrief,WR,Texans,2021.0,1.0,1.15,1.15,0.05,0.006,2014.0,Colts,veteran,7.0
JuJu Smith-Schuster,WR,Steelers,2017.0,4.0,4.195778,1.048945,1.984476,0.006,2017.0,Steelers,rookie,0.0
D.J. Chark,WR,Jaguars,2018.0,4.0,4.44723,1.111808,2.259731,0.006,2018.0,Jaguars,rookie,0.0
Jalin Hyatt,WR,Giants,2023.0,4.0,5.625316,1.406329,1.09114,0.006,2023.0,Giants,rookie,0.0
Mohamed Sanu,WR,49ers,2021.0,1.0,1.14,1.14,0.025,0.006,2012.0,Bengals,veteran,9.0
Cedric Tillman,WR,Browns,2023.0,4.0,5.610462,1.402616,1.080336,0.006,2023.0,Browns,rookie,0.0
Julian Edelman,WR,Patriots,2013.0,1.0,0.765,0.765,0.0,0.006,2009.0,Patriots,veteran,4.0
Dede Westbrook,WR,Vikings,2021.0,1.0,1.1275,1.1275,0.1375,0.006,2017.0,Jaguars,veteran,4.0
Isaiah McKenzie,WR,Bills,2021.0,1.0,1.1275,1.1275,0.35,0.006,2017.0,Broncos,veteran,4.0
Damiere Byrd,WR,Bears,2021.0,1.0,1.1275,1.1275,0.3875,0.006,2015.0,Panthers,veteran,6.0
Demarcus Robinson,WR,Chiefs,2021.0,1.0,1.1275,1.1275,0.9875,0.006,2016.0,Chiefs,veteran,5.0
Mack Hollins,WR,Dolphins,2021.0,1.0,1.1275,1.1275,0.3375,0.006,2017.0,Eagles,veteran,4.0
Noah Brown,WR,Cowboys,2021.0,1.0,1.1275,1.1275,0.1375,0.006,2017.0,Cowboys,veteran,4.0
Kalif Raymond,WR,Lions,2021.0,1.0,1.1275,1.1275,0.25,0.006,2016.0,Broncos,veteran,5.0
Marcus Johnson,WR,Titans,2021.0,1.0,1.1275,1.1275,0.2875,0.006,2016.0,Eagles,veteran,5.0
Jalen Tolbert,WR,Cowboys,2022.0,4.0,5.13572,1.28393,0.915068,0.006,2022.0,Cowboys,rookie,0.0
Andy Isabella,WR,Cardinals,2019.0,4.0,4.62987,1.157468,2.324926,0.006,2019.0,Cardinals,rookie,0.0
Devin Duvernay,WR,Cardinals,2026.0,1.0,1.85,1.85,0.55,0.006,2020.0,Ravens,veteran,6.0
DeVier Posey,WR,Texans,2012.0,4.0,2.962092,0.740523,0.684092,0.006,2012.0,Texans,rookie,0.0
Josh Downs,WR,Colts,2023.0,4.0,5.520456,1.380114,1.014876,0.006,2023.0,Colts,rookie,0.0
Aldrick Robinson,WR,Panthers,2019.0,1.0,1.155,1.155,0.175,0.006,2011.0,Commanders,veteran,8.0
Marquise Goodwin,WR,Seahawks,2022.0,1.0,1.2725,1.2725,0.1525,0.006,2013.0,Bills,veteran,9.0
Breshad Perriman,WR,Buccaneers,2022.0,1.0,1.2725,1.2725,0.895,0.006,2015.0,Ravens,veteran,7.0
Pharoh Cooper,WR,Panthers,2020.0,1.0,1.21,1.21,0.3,0.006,2016.0,Rams,veteran,4.0
D.K. Metcalf,WR,Seahawks,2019.0,4.0,4.58605,1.146513,2.254308,0.006,2019.0,Seahawks,rookie,0.0
Josh Morgan,WR,Saints,2015.0,1.0,0.87,0.87,0.0,0.006,2008.0,,veteran,7.0
James Jones,WR,Packers,2015.0,1.0,0.87,0.87,0.0,0.006,2007.0,Packers,veteran,8.0
Chris Conley,WR,49ers,2024.0,1.0,1.55,1.55,0.46,0.006,2015.0,Chiefs,veteran,9.0
Danny Gray,WR,49ers,2022.0,4.0,5.044904,1.261226,0.84902,0.006,2022.0,49ers,rookie,0.0
David Bell,WR,Browns,2022.0,4.0,5.044904,1.261226,0.84902,0.006,2022.0,Browns,rookie,0.0
Jerome Simpson,WR,49ers,2015.0,2.0,1.73,0.865,0.0,0.006,2008.0,Bengals,veteran,7.0
Antonio Williams,WR,Commanders,2026.0,4.0,7.25872,1.81468,1.739068,0.006,2026.0,Commanders,rookie,0.0
T.J. Graham,WR,BUF/TEN,2012.0,4.0,2.901252,0.725313,0.671252,0.006,2012.0,Bills,rookie,0.0
Kyle Williams,WR,Patriots,2025.0,4.0,6.703572,1.675893,1.515324,0.006,2025.0,Patriots,rookie,0.0
Ted Ginn,WR,Bears,2020.0,1.0,1.1875,1.1875,0.8875,0.006,2007.0,Dolphins,veteran,13.0
Dareke Young,WR,Raiders,2026.0,1.0,1.802,1.802,0.8,0.006,2022.0,Seahawks,veteran,4.0
Van Jefferson,WR,Titans,2025.0,1.0,1.67,1.67,1.17,0.006,2020.0,Rams,veteran,5.0
Darrius Heyward-Bey,WR,Steelers,2014.0,1.0,0.795,0.795,0.065,0.006,2009.0,Raiders,veteran,5.0
Malachi Fields,WR,Giants,2026.0,4.0,7.19151,1.797878,1.690188,0.006,2026.0,Giants,rookie,0.0
Isaac TeSlaa,WR,Lions,2025.0,4.0,6.664452,1.666113,1.486872,0.006,2025.0,Lions,rookie,0.0
Caleb Douglas,WR,Dolphins,2026.0,4.0,7.168498,1.792125,1.673452,0.006,2026.0,Dolphins,rookie,0.0
Malachi Corley,WR,Jets,2024.0,4.0,6.073456,1.518364,1.23706,0.006,2024.0,Jets,rookie,0.0
Michael Wilson,WR,Cardinals,2023.0,4.0,5.339462,1.334866,0.883244,0.006,2023.0,Cardinals,rookie,0.0
Tre Tucker,WR,Raiders,2023.0,4.0,5.304082,1.326021,0.857512,0.006,2023.0,Raiders,rookie,0.0
Pat Bryant,WR,Broncos,2025.0,4.0,6.58108,1.64527,1.42624,0.006,2025.0,Broncos,rookie,0.0
Andre Roberts,WR,Chargers,2021.0,1.0,1.075,1.075,0.0,0.006,2010.0,Cardinals,veteran,11.0
Tavon Austin,WR,Jaguars,2021.0,1.0,1.075,1.075,0.0,0.006,2013.0,Rams,veteran,8.0
Chris Hogan,WR,Saints,2021.0,1.0,1.075,1.075,0.0,0.006,2011.0,,veteran,10.0
Terrance Williams,WR,Cowboys,2013.0,4.0,2.896972,0.724243,0.619472,0.006,2013.0,Cowboys,rookie,0.0
Brandon Tate,WR,Bills,2017.0,1.0,0.98,0.98,0.05,0.006,2009.0,Patriots,veteran,8.0
Sterling Shepard,WR,Giants,2023.0,1.0,1.3175,1.3175,0.0,0.006,2016.0,Giants,veteran,7.0
Chris Moore,WR,Titans,2023.0,1.0,1.3175,1.3175,1.0,0.006,2016.0,Ravens,veteran,7.0
Zachariah Branch,WR,Falcons,2026.0,4.0,7.056144,1.764036,1.59174,0.006,2026.0,Falcons,rookie,0.0
Javon Walker,WR,Vikings,2010.0,1.0,0.755,0.755,0.0,0.006,2002.0,Packers,veteran,8.0
Amon-Ra St. Brown,WR,Lions,2021.0,4.0,4.26526,1.066315,0.78526,0.006,2021.0,Lions,rookie,0.0
Bryan Edwards,WR,LV/ATL,2020.0,4.0,4.626578,1.156645,0.972696,0.006,2020.0,Raiders,rookie,0.0
Ja'Kobi Lane,WR,Ravens,2026.0,4.0,7.02908,1.75727,1.572056,0.006,2026.0,Ravens,rookie,0.0
Dyami Brown,WR,Commanders,2026.0,1.0,1.75,1.75,0.25,0.006,2021.0,Commanders,veteran,5.0
Marquise Goodwin,WR,Bills,2013.0,4.0,2.853876,0.713469,0.598876,0.006,2013.0,Bills,rookie,0.0
Tyler Lockett,WR,Seahawks,2015.0,4.0,3.318752,0.829688,0.786752,0.006,2015.0,Seahawks,rookie,0.0
Jaylin Noel,WR,Texans,2025.0,4.0,6.466856,1.616714,1.343168,0.006,2025.0,Texans,rookie,0.0
Chris Brazzell II,WR,Panthers,2026.0,4.0,6.943812,1.735953,1.510044,0.006,2026.0,Panthers,rookie,0.0
Darrius Heyward-Bey,WR,Steelers,2015.0,1.0,0.825,0.825,0.08,0.006,2009.0,Raiders,veteran,6.0
Seyi Ajirotutu,WR,Eagles,2015.0,1.0,0.825,0.825,0.38,0.006,2010.0,Chargers,veteran,5.0
Brandon Gibson,WR,Patriots,2015.0,1.0,0.825,0.825,0.04,0.006,2009.0,Eagles,veteran,6.0
Ted Hurst,WR,Buccaneers,2026.0,4.0,6.916056,1.729014,1.48986,0.006,2026.0,Buccaneers,rookie,0.0
Cooper Kupp,WR,Rams,2017.0,4.0,3.832093,0.958023,0.95476,0.006,2017.0,Rams,rookie,0.0
Brandon Marshall,WR,Saints,2018.0,1.0,1.015,1.015,0.0,0.006,2006.0,Broncos,veteran,12.0
Jaelen Strong,WR,HOU/JAX,2015.0,4.0,3.28135,0.820338,0.771984,0.006,2015.0,Texans,rookie,0.0
Jaelon Darden,WR,TB/CLE,2021.0,4.0,4.1779,1.044475,0.6979,0.006,2021.0,Buccaneers,rookie,0.0
Keenan Allen,WR,Chargers,2013.0,4.0,2.8138,0.70345,0.6138,0.006,2013.0,Chargers,rookie,0.0
Markus Wheaton,WR,Steelers,2013.0,4.0,2.811376,0.702844,0.591376,0.006,2013.0,Steelers,rookie,0.0
Tylan Wallace,WR,Ravens,2021.0,4.0,4.165356,1.041339,0.685356,0.006,2021.0,Ravens,rookie,0.0
Trent Sherfield,WR,Dolphins,2022.0,1.0,1.1875,1.1875,0.5025,0.006,2018.0,Cardinals,veteran,4.0
Chris Moore,WR,Texans,2022.0,1.0,1.1875,1.1875,1.0475,0.006,2016.0,Ravens,veteran,6.0
Damiere Byrd,WR,Falcons,2022.0,1.0,1.1875,1.1875,0.4,0.006,2015.0,Panthers,veteran,7.0
Noah Brown,WR,Cowboys,2022.0,1.0,1.1875,1.1875,0.3025,0.006,2017.0,Cowboys,veteran,5.0
Rashard Higgins,WR,Panthers,2022.0,1.0,1.1875,1.1875,0.1525,0.006,2016.0,Browns,veteran,6.0
Andre Caldwell,WR,Lions,2016.0,1.0,0.885,0.885,0.0,0.006,2008.0,Bengals,veteran,8.0
James Jones,WR,Chargers,2016.0,1.0,0.885,0.885,0.0,0.006,2007.0,Packers,veteran,9.0
Hakeem Nicks,WR,Saints,2016.0,1.0,0.885,0.885,0.0,0.006,2009.0,Giants,veteran,7.0
Jermaine Burton,WR,Bengals,2024.0,4.0,5.820896,1.455224,1.05338,0.006,2024.0,Bengals,rookie,0.0
Diontae Johnson,WR,Steelers,2019.0,4.0,4.280962,1.070241,1.133428,0.006,2019.0,Steelers,rookie,0.0
Jalen Hurd,WR,49ers,2019.0,4.0,4.279682,1.069921,1.132492,0.006,2019.0,49ers,rookie,0.0
Chris Hogan,WR,Jets,2020.0,1.0,1.125,1.125,0.025,0.006,2011.0,,veteran,9.0
Andre Roberts,WR,Jets,2018.0,1.0,1.005,1.005,0.09,0.006,2010.0,Cardinals,veteran,8.0
Dwayne Harris,WR,Raiders,2018.0,1.0,1.005,1.005,0.06,0.006,2011.0,Cowboys,veteran,7.0
Zavion Thomas,WR,Bears,2026.0,4.0,6.83151,1.707878,1.428372,0.006,2026.0,Bears,rookie,0.0
Austin Pettis,WR,Rams,2011.0,4.0,2.729416,0.682354,0.578276,0.006,2011.0,Rams,rookie,0.0
Jordan Norwood,WR,Broncos,2016.0,1.0,0.88,0.88,0.05,0.006,2009.0,Browns,veteran,7.0
Tandon Doss,WR,Jaguars,2014.0,2.0,1.505,0.7525,0.065,0.006,2011.0,Ravens,veteran,3.0
Brandon Coleman,WR,Saints,2018.0,1.0,1.0,1.0,0.1,0.006,2014.0,Saints,veteran,4.0
Terrelle Pryor,WR,Bills,2018.0,1.0,1.0,1.0,0.0,0.006,2011.0,Raiders,veteran,7.0
Devin Duvernay,WR,Ravens,2020.0,4.0,4.455706,1.116927,0.887964,0.006,2020.0,Ravens,rookie,0.0
Savion Williams,WR,Packers,2025.0,4.0,6.292454,1.573114,1.216328,0.006,2025.0,Packers,rookie,0.0
Leonard Hankerson,WR,Commanders,2011.0,4.0,2.712001,0.678,0.606376,0.006,2011.0,Commanders,rookie,0.0
Mohamed Sanu,WR,Bengals,2012.0,4.0,2.713252,0.678313,0.563252,0.006,2012.0,Bengals,rookie,0.0
Roman Wilson,WR,Steelers,2024.0,4.0,5.745168,1.436292,0.998304,0.006,2024.0,Steelers,rookie,0.0
Chris Bell,WR,Dolphins,2026.0,4.0,6.771094,1.692774,1.384432,0.006,2026.0,Dolphins,rookie,0.0
Nick Westbrook-Ikhine,WR,Titans,2023.0,1.0,1.26,1.26,0.4,0.006,2020.0,Titans,veteran,3.0
Jacoby Jones,WR,Texans,2007.0,4.0,2.442111,0.610528,0.777111,0.006,2007.0,Texans,rookie,0.0
Jerrel Jernigan,WR,Giants,2011.0,4.0,2.690252,0.672563,0.575252,0.006,2011.0,Giants,rookie,0.0
Bryan Walters,WR,Jaguars,2017.0,2.0,18.65,0.9325,0.1,0.006,2010.0,Chargers,veteran,7.0
Kyle Williams,WR,Chiefs,2014.0,1.0,0.74,0.74,0.0,0.006,2010.0,,veteran,4.0
Mike Thomas,WR,Bengals,2021.0,1.0,1.015,1.015,0.0,0.006,2016.0,Rams,veteran,5.0
Stedman Bailey,WR,Rams,2013.0,4.0,2.736102,0.684026,0.5274,0.006,2013.0,Rams,rookie,0.0
Cecil Shorts,WR,Jaguars,2011.0,4.0,2.672146,0.668037,0.44338,0.006,2011.0,Jaguars,rookie,0.0
Jalen McMillan,WR,Buccaneers,2024.0,4.0,5.663024,1.415756,0.938564,0.006,2024.0,Buccaneers,rookie,0.0
James Jones,WR,Packers,2007.0,4.0,2.40725,0.601813,0.74225,0.006,2007.0,Packers,rookie,0.0
Tai Felton,WR,Vikings,2025.0,4.0,6.161184,1.540296,1.12086,0.006,2025.0,Vikings,rookie,0.0
Donnie Avery,WR,Colts,2012.0,1.0,0.665,0.665,0.05,0.006,2008.0,Rams,veteran,4.0
Taywan Taylor,WR,TEN/CLE,2017.0,4.0,3.681012,0.920253,0.916012,0.006,2017.0,Titans,rookie,0.0
Josh Morgan,WR,Bears,2014.0,1.0,0.73,0.73,0.0,0.005,2008.0,,veteran,6.0
Earl Bennett,WR,Browns,2014.0,1.0,0.73,0.73,0.075,0.005,2008.0,Bears,veteran,6.0
Mike Thomas,WR,Texans,2014.0,1.0,0.73,0.73,0.0,0.005,2009.0,Jaguars,veteran,5.0
Jalen Guyton,WR,Chargers,2023.0,1.0,1.2325,1.2325,0.076,0.005,2019.0,Cowboys,veteran,4.0
Brandon Powell,WR,Vikings,2023.0,1.0,1.2325,1.2325,0.275,0.005,2018.0,Lions,veteran,5.0
Scott Miller,WR,Falcons,2023.0,1.0,1.2325,1.2325,0.1525,0.005,2019.0,Buccaneers,veteran,4.0
Richie James,WR,Chiefs,2023.0,1.0,1.2325,1.2325,0.5525,0.005,2018.0,49ers,veteran,5.0
Olamide Zaccheaus,WR,Eagles,2023.0,1.0,1.2325,1.2325,0.65,0.005,2019.0,Falcons,veteran,4.0
Dante Pettis,WR,Bears,2023.0,1.0,1.2325,1.2325,0.1525,0.005,2018.0,49ers,veteran,5.0
KhaDarel Hodge,WR,Lions,2021.0,1.0,1.0,1.0,0.08,0.005,2018.0,Rams,veteran,3.0
Ray-Ray McCloud,WR,Steelers,2021.0,1.0,1.0,1.0,0.0,0.005,2018.0,Bills,veteran,3.0
Luke McCaffrey,WR,Commanders,2024.0,4.0,5.596312,1.399078,0.890044,0.005,2024.0,Commanders,rookie,0.0
T.Y. Hilton,WR,Colts,2012.0,4.0,2.6424,0.6606,0.5274,0.005,2012.0,Colts,rookie,0.0
Jeremy Kerley,WR,SF/DET,2016.0,1.0,0.85,0.85,0.05,0.005,2011.0,Jets,veteran,5.0
Vincent Brown,WR,Chargers,2011.0,4.0,2.626068,0.656517,0.586068,0.005,2011.0,Chargers,rookie,0.0
DeAndre Carter,WR,Chargers,2022.0,1.0,1.135,1.135,0.1,0.005,2015.0,Ravens,veteran,7.0
Trent Taylor,WR,Bengals,2022.0,1.0,1.135,1.135,0.025,0.005,2017.0,49ers,veteran,5.0
Chris Conley,WR,Chiefs,2015.0,4.0,3.123686,0.780922,0.712436,0.005,2015.0,Chiefs,rookie,0.0
Earl Bennett,WR,Bears,2008.0,4.0,2.525837,0.631459,0.820837,0.005,2008.0,Bears,rookie,0.0
Justin Hardy,WR,Bears,2021.0,1.0,0.99,0.99,0.0,0.005,2015.0,Falcons,veteran,6.0
Trevor Davis,WR,Commanders,2021.0,1.0,0.99,0.99,0.0,0.005,2016.0,Packers,veteran,5.0
J.J. Nelson,WR,Colts,2021.0,1.0,0.99,0.99,0.0,0.005,2015.0,Cardinals,veteran,6.0
Chester Rogers,WR,Titans,2021.0,1.0,0.99,0.99,0.0,0.005,2016.0,Colts,veteran,5.0
Marqise Lee,WR,49ers,2021.0,1.0,0.99,0.99,0.0,0.005,2014.0,Jaguars,veteran,7.0
Taywan Taylor,WR,Texans,2021.0,1.0,0.99,0.99,0.0,0.005,2017.0,Titans,veteran,4.0
Tajae Sharpe,WR,Chiefs,2021.0,1.0,0.99,0.99,0.0,0.005,2016.0,Titans,veteran,5.0
Bennie Fowler,WR,49ers,2021.0,1.0,0.99,0.99,0.0,0.005,2014.0,Broncos,veteran,7.0
Darius Jennings,WR,Lions,2021.0,1.0,0.99,0.99,0.0,0.005,2015.0,Browns,veteran,6.0
Devon Wylie,WR,Chiefs,2012.0,4.0,2.6154,0.65382,0.4554,0.005,2012.0,Chiefs,rookie,0.0
Deonte Thompson,WR,Jets,2019.0,1.0,1.02,1.02,0.09,0.005,2012.0,Ravens,veteran,7.0
Michael Floyd,WR,Ravens,2019.0,1.0,1.02,1.02,0.0,0.005,2012.0,Cardinals,veteran,7.0
Jeremy Kerley,WR,Bills,2018.0,1.0,0.96,0.96,0.0,0.005,2011.0,Jets,veteran,7.0
Andre Roberts,WR,Lions,2016.0,1.0,0.84,0.84,0.015,0.005,2010.0,Cardinals,veteran,6.0
Leonard Hankerson,WR,Bills,2016.0,1.0,0.84,0.84,0.0,0.005,2011.0,Commanders,veteran,5.0
Chris Givens,WR,Eagles,2016.0,1.0,0.84,0.84,0.18,0.005,2012.0,Rams,veteran,4.0
Stanley Morgan,WR,Bengals,2022.0,2.0,2.245,1.1225,0.1,0.005,2019.0,Bengals,veteran,3.0
Louis Murphy,WR,49ers,2017.0,1.0,0.9,0.9,0.0,0.005,2009.0,Raiders,veteran,8.0
Joe Webb,WR,Bills,2017.0,1.0,0.9,0.9,0.0,0.005,2010.0,Vikings,veteran,7.0
Mohamed Sanu,WR,Dolphins,2022.0,1.0,1.12,1.12,0.0,0.005,2012.0,Bengals,veteran,10.0
Olamide Zaccheaus,WR,Bears,2025.0,1.0,1.5,1.5,0.75,0.005,2019.0,Falcons,veteran,6.0
Sterling Shepard,WR,Buccaneers,2025.0,1.0,1.5,1.5,0.5,0.005,2016.0,Giants,veteran,9.0
Ace Sanders,WR,Jaguars,2013.0,4.0,2.641448,0.660362,0.481448,0.005,2013.0,Jaguars,rookie,0.0
Cameron Meredith,WR,Patriots,2019.0,1.0,2.02,1.01,0.0,0.005,2015.0,Bears,veteran,4.0
Josh Boyce,WR,Patriots,2013.0,4.0,2.637,0.65925,0.477,0.005,2013.0,Patriots,rookie,0.0
Travis Benjamin,WR,Browns,2012.0,4.0,2.577,0.64425,0.477,0.005,2012.0,Browns,rookie,0.0
KhaDarel Hodge,WR,Falcons,2023.0,1.0,1.2,1.2,0.0,0.005,2018.0,Rams,veteran,5.0
Omar Bolden,WR,Broncos,2012.0,4.0,2.574428,0.643607,0.474428,0.005,2012.0,Broncos,rookie,0.0
Joe Adams,WR,Panthers,2012.0,4.0,2.567552,0.641888,0.467552,0.005,2012.0,Panthers,rookie,0.0
DeAndre Carter,WR,Commanders,2021.0,1.0,0.97,0.97,0.2,0.005,2015.0,Ravens,veteran,6.0
Maurice Harris,WR,Patriots,2019.0,1.0,1.0,1.0,0.09,0.005,2016.0,Commanders,veteran,3.0
J.J. Nelson,WR,Raiders,2019.0,1.0,1.0,1.0,0.075,0.005,2015.0,Cardinals,veteran,4.0
Josh Huff,WR,Eagles,2014.0,4.0,2.820944,0.705236,0.555944,0.005,2014.0,Eagles,rookie,0.0
Travis Benjamin,WR,49ers,2020.0,1.0,1.05,1.05,0.0,0.005,2012.0,Browns,veteran,8.0
Tavon Austin,WR,SF/GB,2020.0,1.0,1.05,1.05,0.0,0.005,2013.0,Rams,veteran,7.0
Vincent Jackson,WR,Chargers,2010.0,1.0,0.682,0.682,0.0,0.005,2005.0,Chargers,veteran,5.0
Cody Latimer,WR,Commanders,2020.0,1.0,1.0475,1.0475,0.1375,0.005,2014.0,Broncos,veteran,6.0
Nelson Agholor,WR,Raiders,2020.0,1.0,1.0475,1.0475,0.8875,0.005,2015.0,Eagles,veteran,5.0
Marqise Lee,WR,Patriots,2020.0,1.0,1.0475,1.0475,0.3,0.005,2014.0,Jaguars,veteran,6.0
Geremy Davis,WR,Lions,2020.0,1.0,1.0475,1.0475,0.035,0.005,2015.0,Giants,veteran,5.0
Paul Richardson,WR,Seahawks,2020.0,1.0,1.0475,1.0475,0.075,0.005,2014.0,Seahawks,veteran,6.0
Phillip Dorsett,WR,Seahawks,2020.0,1.0,1.0475,1.0475,0.1375,0.005,2015.0,Colts,veteran,5.0
Geronimo Allison,WR,Lions,2020.0,1.0,1.0475,1.0475,0.1375,0.005,2016.0,Packers,veteran,4.0
Arrelious Benn,WR,Jaguars,2017.0,1.0,1.765,0.8825,0.1,0.005,2010.0,Buccaneers,veteran,7.0
Donte Moncrief,WR,Colts,2014.0,4.0,2.80852,0.70213,0.54352,0.005,2014.0,Colts,rookie,0.0
Dan Arnold,WR,Eagles,2023.0,1.0,1.185,1.185,0.05,0.005,2017.0,Saints,veteran,6.0
Erik Ezukanma,WR,Dolphins,2022.0,4.0,4.384992,1.096248,0.724992,0.005,2022.0,Dolphins,rookie,0.0
John Brown,WR,Cardinals,2014.0,4.0,2.7989,0.699725,0.5429,0.005,2014.0,Cardinals,rookie,0.0
Josh Gordon,WR,Seahawks,2020.0,1.0,1.0425,1.0425,0.0,0.005,2012.0,Browns,veteran,8.0
Jarius Wright,WR,Vikings,2012.0,4.0,2.520108,0.630027,0.420108,0.005,2012.0,Vikings,rookie,0.0
Rod Streater,WR,SF/KC,2016.0,1.0,0.81,0.81,0.11,0.005,2012.0,Raiders,veteran,4.0
Romeo Doubs,WR,Packers,2022.0,4.0,4.343916,1.085979,0.683916,0.005,2022.0,Packers,rookie,0.0
Malcom Floyd,WR,Chargers,2008.0,1.0,0.605,0.605,0.0,0.005,2004.0,Chargers,veteran,4.0
Keshawn Martin,WR,Texans,2012.0,4.0,2.51256,0.62814,0.41256,0.005,2012.0,Texans,rookie,0.0
Sammie Coates,WR,PIT/HOU/CLE,2015.0,4.0,2.985016,0.746254,0.631516,0.005,2015.0,Steelers,rookie,0.0
Ihmir Smith-Marsette,WR,MIN/CHI,2021.0,4.0,3.79896,0.94974,0.31896,0.005,2021.0,Vikings,rookie,0.0
Kris Durham,WR,Seahawks,2011.0,4.0,2.50426,0.626065,0.46426,0.005,2011.0,Seahawks,rookie,0.0
Greg Salas,WR,Bills,2015.0,1.0,0.745,0.745,0.0,0.005,2011.0,Rams,veteran,4.0
Kyle Williams,WR,Broncos,2015.0,1.0,0.745,0.745,0.0,0.005,2010.0,,veteran,5.0
Kris Durham,WR,Raiders,2015.0,1.0,0.745,0.745,0.0,0.005,2011.0,Seahawks,veteran,4.0
Damian Williams,WR,Rams,2015.0,1.0,0.745,0.745,0.0,0.005,2010.0,Titans,veteran,5.0
Austin Pettis,WR,Chargers,2015.0,1.0,0.745,0.745,0.0,0.005,2011.0,Rams,veteran,4.0
Hakeem Nicks,WR,Giants,2015.0,1.0,0.745,0.745,0.0,0.005,2009.0,Giants,veteran,6.0
Denarius Moore,WR,Bills,2015.0,1.0,0.745,0.745,0.0,0.005,2011.0,Raiders,veteran,4.0
David Nelson,WR,Steelers,2015.0,1.0,0.745,0.745,0.0,0.005,2010.0,Bills,veteran,5.0
Nick Toon,WR,Saints,2012.0,4.0,2.507612,0.626903,0.407612,0.005,2012.0,Saints,rookie,0.0
Harry Douglas,WR,Falcons,2008.0,4.0,2.40905,0.602263,0.70405,0.005,2008.0,Falcons,rookie,0.0
Steven Sims,WR,HOU/BAL,2024.0,1.0,1.325,1.325,0.075,0.005,2019.0,Commanders,veteran,5.0
Quinton Patton,WR,49ers,2013.0,4.0,2.5515,0.637875,0.3915,0.005,2013.0,,rookie,0.0
Breshad Perriman,WR,Colts,2023.0,1.0,1.165,1.165,0.0,0.005,2015.0,Ravens,veteran,8.0
Demarcus Robinson,WR,Rams,2023.0,1.0,1.165,1.165,0.0,0.005,2016.0,Chiefs,veteran,7.0
Adam Humphries,WR,Texans,2023.0,1.0,1.165,1.165,0.0,0.005,2015.0,Buccaneers,veteran,8.0
Clyde Gates,WR,Dolphins,2011.0,4.0,2.493152,0.623288,0.453152,0.005,2011.0,Dolphins,rookie,0.0
Greg Salas,WR,NE/LAR,2011.0,4.0,2.491154,0.622789,0.451154,0.005,2011.0,Rams,rookie,0.0
Brandon Tate,WR,Saints,2018.0,1.0,0.915,0.915,0.0,0.005,2009.0,Patriots,veteran,9.0
Brandon LaFell,WR,Panthers,2010.0,4.0,2.6534,0.66335,0.8184,0.005,2010.0,Panthers,rookie,0.0
KhaDarel Hodge,WR,Falcons,2022.0,1.0,1.07,1.07,0.035,0.005,2018.0,Rams,veteran,4.0
Marcus Kemp,WR,Commanders,2023.0,1.0,1.155,1.155,0.05,0.005,2017.0,Chiefs,veteran,6.0
Kyle Williams,WR,Chiefs,2013.0,1.0,0.63,0.63,0.0,0.005,2010.0,,veteran,3.0
Marquess Wilson,WR,Jets,2017.0,1.0,0.855001,0.855001,0.08,0.005,2013.0,Bears,veteran,4.0
Keshawn Martin,WR,Lions,2017.0,1.0,0.855,0.855,0.0,0.005,2012.0,Texans,veteran,5.0
Brian Quick,WR,Commanders,2017.0,1.0,0.855,0.855,0.08,0.005,2012.0,Rams,veteran,5.0
Justin Hunter,WR,Steelers,2017.0,1.0,0.855,0.855,0.03,0.005,2013.0,Titans,veteran,4.0
Richie James,WR,Giants,2022.0,1.0,1.065,1.065,0.1,0.005,2018.0,49ers,veteran,4.0
Terry McLaurin,WR,Commanders,2019.0,4.0,3.847671,0.961918,1.00322,0.005,2019.0,Commanders,rookie,0.0
Simi Fehoko,WR,Cowboys,2021.0,4.0,3.720152,0.930038,0.240152,0.005,2021.0,Cowboys,rookie,0.0
DeAndre Carter,WR,Browns,2025.0,1.0,1.4225,1.4225,0.7675,0.005,2015.0,Ravens,veteran,10.0
JuJu Smith-Schuster,WR,Chiefs,2025.0,1.0,1.4225,1.4225,1.1975,0.005,2017.0,Steelers,veteran,8.0
David Moore,WR,Panthers,2025.0,1.0,1.4225,1.4225,0.5635,0.005,2017.0,Seahawks,veteran,8.0
Zach Pascal,WR,Giants,2025.0,1.0,1.4225,1.4225,0.09,0.005,2017.0,Commanders,veteran,8.0
Tandon Doss,WR,Ravens,2011.0,4.0,2.45256,0.61314,0.412562,0.005,2011.0,Ravens,rookie,0.0
Bruce Ellington,WR,NYJ/SF,2014.0,4.0,2.694428,0.673607,0.474428,0.005,2014.0,,rookie,0.0
Derius Davis,WR,Chargers,2023.0,4.0,4.551928,1.137982,0.711928,0.005,2023.0,Chargers,rookie,0.0
Scott Miller,WR,Steelers,2024.0,1.0,1.2925,1.2925,0.0,0.005,2019.0,Buccaneers,veteran,5.0
KhaDarel Hodge,WR,Falcons,2024.0,1.0,1.2925,1.2925,0.1675,0.005,2018.0,Rams,veteran,6.0
David Moore,WR,Panthers,2024.0,1.0,1.2925,1.2925,0.0,0.005,2017.0,Seahawks,veteran,7.0
Deonte Harty,WR,Ravens,2024.0,1.0,1.2925,1.2925,1.1525,0.005,2019.0,Saints,veteran,5.0
Olamide Zaccheaus,WR,Commanders,2024.0,1.0,1.2925,1.2925,0.38,0.005,2019.0,Falcons,veteran,5.0
River Cracraft,WR,Dolphins,2024.0,1.0,1.2925,1.2925,0.0,0.005,2017.0,Broncos,veteran,7.0
Van Jefferson,WR,Steelers,2024.0,1.0,1.2925,1.2925,0.1675,0.005,2020.0,Rams,veteran,4.0
Greg Salas,WR,Bills,2016.0,1.0,0.785,0.785,0.0,0.005,2011.0,Rams,veteran,5.0
ArDarius Stewart,WR,Jets,2017.0,4.0,3.376574,0.844144,0.846324,0.005,2017.0,Jets,rookie,0.0
Frank Darby,WR,Falcons,2021.0,4.0,3.684492,0.921123,0.204492,0.005,2021.0,Falcons,rookie,0.0
JoJo Natson,WR,Browns,2020.0,1.0,1.0,1.0,0.0,0.005,2017.0,Colts,veteran,3.0
Chad Beebe,WR,Vikings,2021.0,1.0,0.92,0.92,0.0,0.005,2018.0,Vikings,veteran,3.0
Jake Kumerow,WR,Bills,2021.0,1.0,0.92,0.92,0.0,0.005,2015.0,Bengals,veteran,6.0
Ryan Switzer,WR,Browns,2021.0,1.0,0.92,0.92,0.0,0.005,2017.0,Cowboys,veteran,4.0
Brandon Zylstra,WR,Panthers,2021.0,1.0,0.92,0.92,0.0,0.005,2016.0,Vikings,veteran,5.0
Chad Williams,WR,Chiefs,2021.0,1.0,0.92,0.92,0.0,0.005,2017.0,Cardinals,veteran,4.0
Trent Sherfield,WR,49ers,2021.0,1.0,0.92,0.92,0.2,0.005,2018.0,Cardinals,veteran,3.0
Antonio Callaway,WR,Chiefs,2021.0,1.0,0.92,0.92,0.0,0.005,2018.0,Browns,veteran,3.0
Malik Turner,WR,Cowboys,2021.0,1.0,0.92,0.92,0.0,0.005,2018.0,Seahawks,veteran,3.0
Gabriel Davis,WR,Bills,2020.0,4.0,3.994372,0.998593,0.699372,0.005,2020.0,Bills,rookie,0.0
Charlie Jones,WR,Bengals,2023.0,4.0,4.518776,1.129694,0.678776,0.005,2023.0,Bengals,rookie,0.0
Shaq Evans,WR,Jets,2014.0,4.0,2.6709,0.667725,0.4509,0.005,2014.0,Jets,rookie,0.0
Braxton Miller,WR,Texans,2016.0,4.0,3.114104,0.778526,0.709104,0.005,2016.0,Texans,rookie,0.0
De'Anthony Thomas,WR,Chiefs,2014.0,4.0,2.665108,0.666277,0.420108,0.005,2014.0,Chiefs,rookie,0.0
Tyler Scott,WR,Bears,2023.0,4.0,4.503448,1.125862,0.663448,0.005,2023.0,Bears,rookie,0.0
Marquez Stevenson,WR,Bills,2021.0,4.0,3.65254,0.913135,0.17254,0.005,2021.0,Bills,rookie,0.0
Shi Smith,WR,Panthers,2021.0,4.0,3.652416,0.913104,0.172416,0.005,2021.0,Panthers,rookie,0.0
Racey McMath,WR,Titans,2021.0,4.0,3.651356,0.912839,0.171356,0.005,2021.0,Titans,rookie,0.0
Calvin Austin III,WR,Steelers,2022.0,4.0,4.164336,1.041084,0.504336,0.005,2022.0,Steelers,rookie,0.0
Martavis Bryant,WR,LV/PIT,2014.0,4.0,2.65922,0.664805,0.43922,0.005,2014.0,Steelers,rookie,0.0
Leonte Carroo,WR,Dolphins,2016.0,4.0,3.100388,0.775097,0.700388,0.005,2016.0,Dolphins,rookie,0.0
Calvin Austin III,WR,Giants,2026.0,1.0,1.5,1.5,0.45,0.005,2022.0,Steelers,veteran,4.0
Carlos Henderson,WR,Broncos,2017.0,4.0,3.325984,0.831496,0.817984,0.005,2017.0,Broncos,rookie,0.0
Greg Childs,WR,Vikings,2012.0,4.0,2.400584,0.600146,0.300584,0.005,2012.0,Vikings,rookie,0.0
Brandon Marshall,WR,Broncos,2006.0,4.0,2.03,0.5075,0.42,0.005,2006.0,Broncos,rookie,0.0
Michael Gallup,WR,Cowboys,2018.0,4.0,3.52398,0.880995,0.88998,0.005,2018.0,Cowboys,rookie,0.0
Isaiah Ford,WR,Colts,2022.0,1.0,1.035,1.035,0.0,0.005,2017.0,Dolphins,veteran,5.0
Anthony Miller,WR,Steelers,2022.0,1.0,1.035,1.035,0.0,0.005,2018.0,Bears,veteran,4.0
Devin Funchess,WR,Lions,2022.0,1.0,1.035,1.035,0.0,0.005,2015.0,Panthers,veteran,7.0
Jake Kumerow,WR,Bills,2022.0,1.0,1.035,1.035,0.0,0.005,2015.0,Bengals,veteran,7.0
Demarcus Robinson,WR,Ravens,2022.0,1.0,1.035,1.035,0.0,0.005,2016.0,Chiefs,veteran,6.0
Brandon Powell,WR,Rams,2022.0,1.0,1.035,1.035,0.0,0.005,2018.0,Lions,veteran,4.0
Jordan Matthews,WR,49ers,2022.0,1.0,1.035,1.035,0.0,0.005,2014.0,Eagles,veteran,8.0
Justin Watson,WR,Chiefs,2022.0,1.0,1.035,1.035,0.0,0.005,2018.0,Buccaneers,veteran,4.0
Dante Pettis,WR,Bears,2022.0,1.0,1.035,1.035,0.0,0.005,2018.0,49ers,veteran,4.0
David Moore,WR,Bears,2022.0,1.0,1.035,1.035,0.0,0.005,2017.0,Seahawks,veteran,5.0
Cody Core,WR,Dolphins,2022.0,1.0,1.035,1.035,0.0,0.005,2016.0,Bengals,veteran,6.0
Geronimo Allison,WR,Falcons,2022.0,1.0,1.035,1.035,0.0,0.005,2016.0,Packers,veteran,6.0
Marlon Mack,WR,49ers,2022.0,1.0,1.035,1.035,0.0,0.005,2017.0,Colts,veteran,5.0
Marvin Hall,WR,Jaguars,2022.0,1.0,1.035,1.035,0.0,0.005,2016.0,Raiders,veteran,6.0
Michael Campanaro,WR,Titans,2018.0,1.0,0.88,0.88,0.045,0.005,2014.0,Ravens,veteran,4.0
De'Anthony Thomas,WR,Chiefs,2018.0,1.0,0.88,0.88,0.09,0.005,2014.0,Chiefs,veteran,4.0
Tavarres King,WR,Vikings,2018.0,1.0,0.88,0.88,0.09,0.005,2013.0,Broncos,veteran,5.0
Kevin Norwood,WR,SEA/CAR,2014.0,4.0,2.640108,0.660027,0.420108,0.005,2014.0,Seahawks,rookie,0.0
Andre Roberts,WR,Cardinals,2010.0,4.0,2.5592,0.6398,0.7242,0.005,2010.0,Cardinals,rookie,0.0
Damaris Johnson,WR,Titans,2015.0,2.0,1.42,0.71,0.0,0.005,2012.0,Eagles,veteran,3.0
Terrelle Pryor,WR,Jaguars,2019.0,1.0,0.93,0.93,0.0,0.005,2011.0,Raiders,veteran,8.0
Brian Quick,WR,Commanders,2019.0,1.0,0.93,0.93,0.0,0.005,2012.0,Rams,veteran,7.0
Rishard Matthews,WR,Saints,2019.0,1.0,0.93,0.93,0.0,0.005,2012.0,Dolphins,veteran,7.0
Marquez Valdes-Scantling,WR,Cowboys,2026.0,1.0,1.4875,1.4875,0.1875,0.005,2018.0,Packers,veteran,8.0
Lil'Jordan Humphrey,WR,Broncos,2026.0,1.0,1.4875,1.4875,0.0875,0.005,2019.0,Saints,veteran,7.0
Laquon Treadwell,WR,Colts,2026.0,1.0,1.4875,1.4875,0.4375,0.005,2016.0,Vikings,veteran,10.0
David Moore,WR,Panthers,2026.0,1.0,1.4875,1.4875,0.0,0.005,2017.0,Seahawks,veteran,9.0
Jamison Crowder,WR,Commanders,2024.0,1.0,1.26,1.26,0.0,0.005,2015.0,Commanders,veteran,9.0
Jamison Crowder,WR,Commanders,2015.0,4.0,2.825624,0.706406,0.545624,0.005,2015.0,Commanders,rookie,0.0
Mike Strachan,WR,Colts,2021.0,4.0,3.594832,0.898708,0.114832,0.005,2021.0,Colts,rookie,0.0
Justin Hardy,WR,Falcons,2015.0,4.0,2.82082,0.705205,0.54082,0.005,2015.0,Falcons,rookie,0.0
Chris Godwin,WR,Buccaneers,2017.0,4.0,3.284164,0.821041,0.663041,0.005,2017.0,Buccaneers,rookie,0.0
Justin Hunter,WR,Steelers,2018.0,1.0,0.87,0.87,0.03,0.005,2013.0,Titans,veteran,5.0
Mike Williams,WR,Chiefs,2016.0,1.0,0.76,0.76,0.0,0.005,2010.0,Buccaneers,veteran,6.0
T.J. Graham,WR,Eagles,2016.0,1.0,0.76,0.76,0.0,0.005,2012.0,Bills,veteran,4.0
Vincent Brown,WR,Saints,2016.0,1.0,0.76,0.76,0.0,0.005,2011.0,Chargers,veteran,5.0
Marc Mariani,WR,Titans,2016.0,1.0,0.76,0.76,0.0,0.005,2010.0,Titans,veteran,6.0
Greg Little,WR,Bills,2016.0,1.0,0.76,0.76,0.0,0.005,2011.0,Browns,veteran,5.0
Kyle Williams,WR,Jets,2016.0,1.0,0.76,0.76,0.0,0.005,2010.0,,veteran,6.0
Tommylee Lewis,WR,Lions,2019.0,1.0,0.92,0.92,0.05,0.005,2016.0,Saints,veteran,3.0
Bennett Skowronek,WR,HOU/LAR,2021.0,4.0,3.564524,0.891131,0.084524,0.005,2021.0,Rams,rookie,0.0
Jeremy Ross,WR,Cardinals,2017.0,1.0,0.815,0.815,0.0,0.005,2011.0,Patriots,veteran,6.0
Greg Salas,WR,Jets,2013.0,2.0,1.2,0.6,0.0,0.005,2011.0,Rams,veteran,2.0
Andre Holmes,WR,NE/LV,2013.0,2.0,1.2,0.6,0.0,0.005,2011.0,Vikings,veteran,2.0
Dax Milne,WR,Commanders,2021.0,4.0,3.557264,0.889316,0.077264,0.005,2021.0,Commanders,rookie,0.0
Isaiah McKenzie,WR,Bills,2020.0,1.0,0.9625,0.9625,0.25,0.005,2017.0,Broncos,veteran,3.0
Greg Little,WR,Bengals,2014.0,2.0,1.39,0.645,0.695,0.005,2011.0,Browns,veteran,3.0
Arrelious Benn,WR,Eagles,2014.0,1.0,0.645,0.645,0.0,0.005,2010.0,Buccaneers,veteran,4.0
Kris Durham,WR,Titans,2014.0,1.0,0.645,0.645,0.0,0.005,2011.0,Seahawks,veteran,3.0
David Nelson,WR,Jets,2014.0,1.0,0.645,0.645,0.0,0.005,2010.0,Bills,veteran,4.0
Jonathan Baldwin,WR,DET/SF,2014.0,1.0,0.645,0.645,0.0,0.005,2011.0,Chiefs,veteran,3.0
Chimere Dike,WR,Titans,2025.0,4.0,5.400952,1.350238,1.100952,0.005,2025.0,Titans,rookie,0.0
Tre'Quan Smith,WR,Saints,2018.0,4.0,3.420524,0.855131,0.817024,0.005,2018.0,Saints,rookie,0.0
Denard Robinson,WR,Jaguars,2013.0,4.0,2.373612,0.593403,0.213612,0.005,2013.0,Jaguars,rookie,0.0
Khalil Shakir,WR,Bills,2022.0,4.0,4.007152,1.001788,0.347152,0.005,2022.0,Bills,rookie,0.0
John Ross,WR,Chiefs,2023.0,1.0,1.08,1.08,0.0,0.005,2017.0,Bengals,veteran,6.0
Byron Pringle,WR,Commanders,2023.0,1.0,1.08,1.08,0.0,0.005,2018.0,Chiefs,veteran,5.0
Trent Taylor,WR,Bears,2023.0,1.0,1.08,1.08,0.0,0.005,2017.0,49ers,veteran,6.0
Isaiah Ford,WR,Bears,2023.0,1.0,1.08,1.08,0.0,0.005,2017.0,Dolphins,veteran,6.0
River Cracraft,WR,Dolphins,2023.0,1.0,1.08,1.08,0.0,0.005,2017.0,Broncos,veteran,6.0
Auden Tate,WR,Cardinals,2023.0,1.0,1.08,1.08,0.0,0.005,2018.0,Bengals,veteran,5.0
Miles Boykin,WR,Steelers,2023.0,1.0,1.08,1.08,0.0,0.005,2019.0,Ravens,veteran,4.0
Malik Turner,WR,Colts,2023.0,1.0,1.08,1.08,0.0,0.005,2018.0,Seahawks,veteran,5.0
James Washington,WR,IND/NO,2023.0,1.0,1.08,1.08,0.0,0.005,2018.0,Steelers,veteran,5.0
Keke Coutee,WR,Saints,2023.0,1.0,1.08,1.08,0.0,0.005,2018.0,Texans,veteran,5.0
Isaiah McKenzie,WR,Colts,2023.0,1.0,1.08,1.08,0.25,0.005,2017.0,Broncos,veteran,6.0
Mike Thomas,WR,Ravens,2023.0,1.0,1.08,1.08,0.0,0.005,2016.0,Rams,veteran,7.0
Chase Claypool,WR,Bills,2024.0,1.0,1.225,1.225,0.025,0.005,2020.0,Steelers,veteran,4.0
Hunter Renfrow,WR,Panthers,2025.0,1.0,1.3375,1.3375,0.05,0.005,2019.0,Raiders,veteran,6.0
Scott Miller,WR,Steelers,2025.0,1.0,1.3375,1.3375,0.0,0.005,2019.0,Buccaneers,veteran,6.0
Tony Brown,WR,Browns,2025.0,1.0,1.3375,1.3375,0.0,0.005,2018.0,Chargers,veteran,7.0
Quinton Patton,WR,Jets,2017.0,1.0,0.8,0.8,0.025,0.005,2013.0,,veteran,4.0
Troy Franklin,WR,Broncos,2024.0,4.0,4.889836,1.222459,0.854836,0.005,2024.0,Broncos,rookie,0.0
Kenny Golladay,WR,Lions,2017.0,4.0,3.196324,0.799081,0.718824,0.005,2017.0,Lions,rookie,0.0
Kenny Stills,WR,NO/MIA,2013.0,4.0,2.353452,0.588316,0.194452,0.005,2013.0,Saints,rookie,0.0
Ricardo Lockette,WR,Seahawks,2015.0,1.0,0.685,0.685,0.025,0.005,2011.0,Seahawks,veteran,4.0
Antonio Gandy-Golden,WR,Commanders,2020.0,4.0,3.7894,0.94735,0.4944,0.005,2020.0,Commanders,rookie,0.0
Montrell Washington,WR,Broncos,2022.0,4.0,3.974188,0.993547,0.314188,0.005,2022.0,Broncos,rookie,0.0
Kyle Philips,WR,Titans,2022.0,4.0,3.973328,0.993332,0.313328,0.005,2022.0,Titans,rookie,0.0
Brandon Marshall,WR,Jaguars,2012.0,4.0,2.3005,0.575125,0.2005,0.005,2012.0,Jaguars,rookie,0.0
Geremy Davis,WR,Chargers,2019.0,1.0,0.895,0.895,0.025,0.005,2015.0,Giants,veteran,4.0
Justin Hardy,WR,Falcons,2019.0,1.0,0.895,0.895,0.09,0.005,2015.0,Falcons,veteran,4.0
Bruce Ellington,WR,Patriots,2019.0,1.0,0.895,0.895,0.025,0.005,2014.0,,veteran,5.0
Chad Williams,WR,Cardinals,2017.0,4.0,3.176288,0.794072,0.706288,0.005,2017.0,Cardinals,rookie,0.0
Amara Darboh,WR,SEA/NE,2017.0,4.0,3.175288,0.793822,0.706288,0.005,2017.0,Seahawks,rookie,0.0
Miles Boykin,WR,PIT/BAL,2019.0,4.0,3.574928,0.893732,0.856928,0.005,2019.0,Ravens,rookie,0.0
Antonio Callaway,WR,Cowboys,2023.0,2.0,2.135,1.0675,0.0,0.005,2018.0,Browns,veteran,5.0
Rashard Higgins,WR,Browns,2024.0,1.0,1.21,1.21,0.0,0.005,2016.0,Browns,veteran,8.0
Noah Brown,WR,Commanders,2024.0,1.0,1.21,1.21,0.0,0.005,2017.0,Cowboys,veteran,7.0
JuJu Smith-Schuster,WR,Chiefs,2024.0,1.0,1.21,1.21,0.0,0.005,2017.0,Steelers,veteran,7.0
DeVante Parker,WR,Eagles,2024.0,1.0,1.21,1.21,0.0,0.005,2015.0,Dolphins,veteran,9.0
Damiere Byrd,WR,Commanders,2024.0,1.0,1.21,1.21,0.0,0.005,2015.0,Panthers,veteran,9.0
Willie Snead,WR,Dolphins,2024.0,1.0,1.21,1.21,0.0,0.005,2014.0,Browns,veteran,10.0
LaQuan Williams,WR,Ravens,2011.0,1.0,0.57,0.57,0.0,0.005,2011.0,Ravens,rookie,0.0
Javon Baker,WR,Patriots,2024.0,4.0,4.836596,1.209149,0.816596,0.005,2024.0,Patriots,rookie,0.0
Chris Moore,WR,Ravens,2016.0,4.0,2.93636,0.73409,0.59636,0.005,2016.0,Ravens,rookie,0.0
De'Anthony Thomas,WR,Ravens,2020.0,1.0,0.935,0.935,0.025,0.005,2014.0,Chiefs,veteran,6.0
Darius Jennings,WR,Chargers,2020.0,1.0,0.935,0.935,0.0,0.005,2015.0,Browns,veteran,5.0
Mike Wallace,WR,Steelers,2009.0,3.0,1.7405,0.580167,0.5555,0.005,2009.0,Steelers,rookie,0.0
Devontez Walker,WR,Ravens,2024.0,4.0,4.817852,1.204463,0.797852,0.005,2024.0,Ravens,rookie,0.0
Dont'e Thornton Jr.,WR,Raiders,2025.0,4.0,5.2509,1.312725,1.0509,0.005,2025.0,Raiders,rookie,0.0
DeAndre Carter,WR,Bears,2024.0,1.0,1.2,1.2,0.45,0.005,2015.0,Ravens,veteran,9.0
Malcolm Mitchell,WR,Patriots,2016.0,4.0,2.917992,0.729498,0.577992,0.005,2016.0,Patriots,rookie,0.0
Arian Smith,WR,Jets,2025.0,4.0,5.241652,1.310413,1.041652,0.005,2025.0,Jets,rookie,0.0
Marvin Jones,WR,Bengals,2012.0,4.0,2.2628,0.5657,0.1628,0.005,2012.0,Bengals,rookie,0.0
Justin Hunter,WR,MIA/BUF,2016.0,1.0,0.727627,0.727627,0.052627,0.005,2013.0,Titans,veteran,3.0
Kealoha Pilares,WR,Panthers,2011.0,4.0,2.255512,0.563878,0.215512,0.005,2011.0,Panthers,rookie,0.0
Ricardo Louis,WR,Browns,2016.0,4.0,2.907848,0.726962,0.567848,0.005,2016.0,Browns,rookie,0.0
Ed McCaffrey,WR,49ers,1994.0,1.0,0.162,0.162,0.0,0.005,1991.0,Giants,veteran,3.0
Mike Thomas,WR,Jaguars,2009.0,4.0,2.30245,0.575613,0.50745,0.005,2009.0,Jaguars,rookie,0.0
Malcom Floyd,WR,Chargers,2007.0,1.0,0.51,0.51,0.0,0.005,2004.0,Chargers,veteran,3.0
Brenen Thompson,WR,Chargers,2026.0,4.0,5.632136,1.408034,0.0,0.005,2026.0,Chargers,rookie,0.0
Marlon Brown,WR,Broncos,2016.0,2.0,1.45,0.725,0.0,0.005,2013.0,Ravens,veteran,3.0
Pharoh Cooper,WR,CIN/ARI/LAR,2016.0,4.0,2.894668,0.723667,0.554668,0.005,2016.0,Rams,rookie,0.0
Trey Quinn,WR,Raiders,2021.0,1.0,0.85,0.85,0.05,0.005,2018.0,Commanders,veteran,3.0
Andy Jones,WR,Giants,2021.0,1.0,0.85,0.85,0.0,0.005,2016.0,Cowboys,veteran,5.0
Allen Lazard,WR,Packers,2021.0,1.0,0.85,0.85,0.0,0.005,2018.0,Jaguars,veteran,3.0
Christian Blake,WR,Falcons,2021.0,1.0,0.85,0.85,0.0,0.005,2018.0,Falcons,veteran,3.0
Ashton Dulin,WR,Colts,2021.0,1.0,0.85,0.85,0.0,0.005,2019.0,Colts,veteran,2.0
Diontae Spencer,WR,Broncos,2021.0,1.0,0.85,0.85,0.0,0.005,2014.0,Rams,veteran,7.0
Lil'Jordan Humphrey,WR,Saints,2021.0,1.0,0.85,0.85,0.0,0.005,2019.0,Saints,veteran,2.0
Victor Bolden,WR,Lions,2021.0,1.0,0.85,0.85,0.0,0.005,2017.0,49ers,veteran,4.0
Amara Darboh,WR,Broncos,2021.0,1.0,0.85,0.85,0.0,0.005,2017.0,Seahawks,veteran,4.0
Marcus Kemp,WR,Chiefs,2021.0,1.0,0.85,0.85,0.0,0.005,2017.0,Chiefs,veteran,4.0
Greg Ward,WR,Eagles,2021.0,1.0,0.85,0.85,0.0,0.005,2017.0,Eagles,veteran,4.0
Tylan Wallace,WR,Browns,2026.0,1.0,1.4025,1.4025,0.125,0.005,2021.0,Ravens,veteran,5.0
Greg Dortch,WR,Lions,2026.0,1.0,1.4025,1.4025,1.075,0.005,2019.0,Jets,veteran,7.0
Jalen Tolbert,WR,Dolphins,2026.0,1.0,1.4025,1.4025,1.2625,0.005,2022.0,Cowboys,veteran,4.0
Van Jefferson,WR,Commanders,2026.0,1.0,1.4025,1.4025,0.5275,0.005,2020.0,Rams,veteran,6.0
Nick Westbrook-Ikhine,WR,Colts,2026.0,1.0,1.4025,1.4025,0.4375,0.005,2020.0,Titans,veteran,6.0
Gunner Olszewski,WR,Giants,2026.0,1.0,1.4025,1.4025,0.3,0.005,2019.0,Patriots,veteran,7.0
Simi Fehoko,WR,Cardinals,2026.0,1.0,1.4025,1.4025,1.2625,0.005,2021.0,Cowboys,veteran,5.0
Tutu Atwell,WR,Dolphins,2026.0,1.0,1.4025,1.4025,1.075,0.005,2021.0,Rams,veteran,5.0
D.J. Chark,WR,Falcons,2025.0,1.0,1.3,1.3,0.045,0.005,2018.0,Jaguars,veteran,7.0
Emmanuel Sanders,WR,Steelers,2010.0,3.0,1.801069,0.600356,0.586069,0.005,2010.0,Steelers,rookie,0.0
Juron Criner,WR,Raiders,2012.0,4.0,2.24456,0.56114,0.14456,0.005,2012.0,Raiders,rookie,0.0
Demarcus Robinson,WR,Chiefs,2016.0,4.0,2.884672,0.721168,0.517172,0.005,2016.0,Chiefs,rookie,0.0
Rod Streater,WR,Bills,2017.0,1.0,0.775,0.775,0.0,0.005,2012.0,Raiders,veteran,5.0
Deonte Thompson,WR,Bills,2017.0,1.0,0.775,0.775,0.0,0.005,2012.0,Ravens,veteran,5.0
Rueben Randle,WR,Bears,2017.0,1.0,0.775,0.775,0.0,0.005,2012.0,Giants,veteran,5.0
T.J. Graham,WR,Panthers,2017.0,1.0,0.775,0.775,0.0,0.005,2012.0,Bills,veteran,5.0
Griff Whalen,WR,Ravens,2017.0,1.0,0.775,0.775,0.0,0.005,2012.0,Colts,veteran,5.0
Josh Bellamy,WR,Bears,2017.0,1.0,0.775,0.775,0.0,0.005,2012.0,Chiefs,veteran,5.0
Jeremy Kerley,WR,Jets,2017.0,1.0,0.775,0.775,0.0,0.005,2011.0,Jets,veteran,6.0
Andrew Hawkins,WR,Patriots,2017.0,1.0,0.775,0.775,0.0,0.005,2011.0,Rams,veteran,6.0
Chad Beebe,WR,Texans,2022.0,1.0,0.965,0.965,0.0,0.005,2018.0,Vikings,veteran,4.0
Deante Burton,WR,Titans,2022.0,1.0,0.965,0.965,0.0,0.005,2017.0,Falcons,veteran,5.0
Darius Slayton,WR,Giants,2022.0,1.0,0.965,0.965,0.0,0.005,2019.0,Giants,veteran,3.0
Jalen Guyton,WR,Chargers,2022.0,1.0,0.965,0.965,0.0,0.005,2019.0,Cowboys,veteran,3.0
Equanimeous St. Brown,WR,Bears,2022.0,1.0,0.965,0.965,0.0,0.005,2018.0,Packers,veteran,4.0
Christian Blake,WR,Cardinals,2022.0,1.0,0.965,0.965,0.0,0.005,2018.0,Falcons,veteran,4.0
Denarius Moore,WR,Raiders,2011.0,4.0,2.230052,0.557513,0.190052,0.005,2011.0,Raiders,rookie,0.0
Justin Shorter,WR,Bills,2023.0,4.0,4.163948,1.040987,0.323948,0.005,2023.0,Bills,rookie,0.0
Ryan Swope,WR,Cardinals,2013.0,4.0,2.275788,0.568947,0.115788,0.005,2013.0,Cardinals,rookie,0.0
T.J. Graham,WR,Jets,2014.0,2.0,1.23,0.615,0.0,0.005,2012.0,Bills,veteran,2.0
Jeremy Kerley,WR,Jets,2011.0,4.0,2.22425,0.556063,0.18425,0.005,2011.0,Jets,rookie,0.0
Elijah Sarratt,WR,Ravens,2026.0,4.0,5.56362,1.390905,1.18362,0.005,2026.0,Ravens,rookie,0.0
Jalen Nailor,WR,Vikings,2022.0,4.0,3.84066,0.960165,0.18066,0.005,2022.0,Vikings,rookie,0.0
Dontayvion Wicks,WR,GB/PHI,2023.0,4.0,4.142544,1.035636,0.302544,0.005,2023.0,Packers,rookie,0.0
A.J. Jenkins,WR,Cowboys,2015.0,1.0,0.66,0.66,0.0,0.005,2012.0,,veteran,3.0
Marcus Thigpen,WR,Bills,2015.0,1.0,0.66,0.66,0.0,0.005,2009.0,Eagles,veteran,6.0
Aldrick Robinson,WR,Ravens,2015.0,1.0,0.66,0.66,0.0,0.005,2011.0,Commanders,veteran,4.0
Dorin Dickerson,WR,Titans,2015.0,1.0,0.66,0.66,0.0,0.005,2010.0,Texans,veteran,5.0
Ryan Whalen,WR,Vikings,2015.0,1.0,0.66,0.66,0.0,0.005,2011.0,Bengals,veteran,4.0
T.J. Graham,WR,Saints,2015.0,1.0,0.66,0.66,0.0,0.005,2012.0,Bills,veteran,3.0
David Ausberry,WR,Lions,2015.0,1.0,0.66,0.66,0.0,0.005,2011.0,Raiders,veteran,4.0
Vincent Brown,WR,Colts,2015.0,1.0,0.66,0.66,0.0,0.005,2011.0,Chargers,veteran,4.0
Trindon Holliday,WR,Raiders,2015.0,1.0,0.66,0.66,0.0,0.005,2010.0,Texans,veteran,5.0
Dede Westbrook,WR,Jaguars,2017.0,4.0,3.076164,0.769041,0.676164,0.005,2017.0,Jaguars,rookie,0.0
Michael Woods,WR,Browns,2022.0,4.0,3.828292,0.957073,0.168292,0.005,2022.0,Browns,rookie,0.0
Rashard Higgins,WR,Browns,2020.0,1.0,0.91,0.91,0.0,0.005,2016.0,Browns,veteran,4.0
Hakeem Butler,WR,Eagles,2021.0,2.0,1.675,0.8375,0.0,0.005,2019.0,Cardinals,veteran,2.0
Dan Chisena,WR,Vikings,2021.0,2.0,1.675,0.8375,0.0,0.005,2020.0,Vikings,veteran,1.0
Derrick Willies,WR,Browns,2021.0,2.0,1.675,0.8375,0.0,0.005,2018.0,Browns,veteran,3.0
Duke Williams,WR,Bills,2021.0,2.0,1.675,0.8375,0.0,0.005,2016.0,Rams,veteran,5.0
Deontay Burnett,WR,Eagles,2021.0,2.0,1.675,0.8375,0.0,0.005,2018.0,Titans,veteran,3.0
Alan Bonner,WR,Texans,2013.0,4.0,2.257,0.56425,0.097,0.005,2013.0,Texans,rookie,0.0
Joe Reed,WR,Chargers,2020.0,4.0,3.635312,0.908828,0.340312,0.005,2020.0,Chargers,rookie,0.0
Brian Hartline,WR,Dolphins,2009.0,4.0,2.254975,0.563744,0.504975,0.005,2009.0,Dolphins,rookie,0.0
DeAndre Smelter,WR,49ers,2015.0,2.0,2.625688,0.656422,0.345688,0.005,2015.0,,rookie,0.0
Jaylin Lane,WR,Commanders,2025.0,4.0,5.11384,1.27846,0.91384,0.005,2025.0,Commanders,rookie,0.0
Ryan Grant,WR,Commanders,2014.0,4.0,2.433612,0.608403,0.213612,0.005,2014.0,Commanders,rookie,0.0
Kaden Wetjen,WR,Steelers,2026.0,4.0,5.506916,1.376729,1.126916,0.005,2026.0,Steelers,rookie,0.0
Mecole Hardman,WR,Bills,2026.0,1.0,1.375,1.375,0.0,0.005,2019.0,Chiefs,veteran,7.0
Josh Reynolds,WR,Rams,2017.0,4.0,3.048024,0.762006,0.648024,0.005,2017.0,Rams,rookie,0.0
Tyler Johnson,WR,HOU/TB,2020.0,4.0,3.60942,0.902355,0.31442,0.005,2020.0,Buccaneers,rookie,0.0
Devin Street,WR,Cowboys,2014.0,4.0,2.421972,0.605493,0.201972,0.005,2014.0,Cowboys,rookie,0.0
D'Wayne Eskridge,WR,Dolphins,2025.0,1.0,1.27,1.27,0.0,0.005,2021.0,Seahawks,veteran,4.0
Tommy Streeter,WR,Ravens,2012.0,4.0,2.194052,0.548513,0.094052,0.005,2012.0,Ravens,rookie,0.0
Mack Hollins,WR,MIA/PHI,2017.0,4.0,3.035668,0.758917,0.635668,0.005,2017.0,Eagles,rookie,0.0
Collin Johnson,WR,JAX/NYG,2020.0,4.0,3.602152,0.900538,0.307152,0.005,2020.0,Jaguars,rookie,0.0
Puka Nacua,WR,Rams,2023.0,4.0,4.08498,1.021245,0.24498,0.005,2023.0,Rams,rookie,0.0
DeVier Posey,WR,Ravens,2018.0,1.0,0.805,0.805,0.0,0.005,2012.0,Texans,veteran,6.0
Skyler Bell,WR,Bills,2026.0,4.0,5.471764,1.367941,1.091764,0.005,2026.0,Bills,rookie,0.0
David Moore,WR,Seahawks,2020.0,1.0,0.9,0.9,0.075,0.005,2017.0,Seahawks,veteran,3.0
Quintez Cephus,WR,Lions,2020.0,4.0,3.599292,0.899823,0.304292,0.005,2020.0,Lions,rookie,0.0
Jalen Royals,WR,Chiefs,2025.0,4.0,5.0672,1.2668,0.8672,0.005,2025.0,Chiefs,rookie,0.0
John Hightower,WR,Eagles,2020.0,4.0,3.595052,0.898763,0.300052,0.005,2020.0,Eagles,rookie,0.0
Brice Butler,WR,LV/DAL,2013.0,4.0,2.2275,0.556875,0.0675,0.005,2013.0,Raiders,rookie,0.0
Isaiah Coulter,WR,Texans,2020.0,4.0,3.587956,0.896989,0.292956,0.005,2020.0,Texans,rookie,0.0
LaVon Brazill,WR,Colts,2012.0,4.0,2.17868,0.54467,0.07868,0.005,2012.0,Colts,rookie,0.0
Dareke Young,WR,Seahawks,2022.0,4.0,3.7611,0.940275,0.1011,0.005,2022.0,Seahawks,rookie,0.0
Kris Durham,WR,Lions,2013.0,1.0,0.555,0.555,0.0,0.005,2011.0,Seahawks,veteran,2.0
Andrew Hawkins,WR,Bengals,2013.0,1.0,0.555,0.555,0.0,0.005,2011.0,Rams,veteran,2.0
Tandon Doss,WR,Ravens,2013.0,1.0,0.555,0.555,0.0,0.005,2011.0,Ravens,veteran,2.0
Darnell Mooney,WR,Bears,2020.0,4.0,3.577048,0.894262,0.282048,0.005,2020.0,Bears,rookie,0.0
Kevin Dorsey,WR,Packers,2013.0,4.0,2.216848,0.554212,0.056848,0.005,2013.0,Packers,rookie,0.0
Brice Butler,WR,MIA/DAL,2018.0,2.0,1.595,0.7975,0.0,0.005,2013.0,Raiders,veteran,5.0
Keke Coutee,WR,Texans,2018.0,4.0,3.189028,0.797257,0.729028,0.004,2018.0,Texans,rookie,0.0
Ryan Whalen,WR,Bengals,2011.0,4.0,2.165114,0.541279,0.125114,0.004,2011.0,Bengals,rookie,0.0
Tyler Lockett,WR,Raiders,2025.0,1.0,1.255,1.255,0.0,0.004,2015.0,Seahawks,veteran,10.0
Brandin Cooks,WR,Bills,2025.0,1.0,1.255,1.255,0.0,0.004,2014.0,Saints,veteran,11.0
Justin Hardee,WR,Titans,2025.0,1.0,1.255,1.255,0.0,0.004,2017.0,Texans,veteran,8.0
K.J. Osborn,WR,Vikings,2020.0,4.0,3.562772,0.890693,0.267772,0.004,2020.0,Vikings,rookie,0.0
J.J. Arcega-Whiteside,WR,Falcons,2023.0,1.0,1.01,1.01,0.0,0.004,2019.0,Eagles,veteran,4.0
Diontae Spencer,WR,Jets,2023.0,1.0,1.01,1.01,0.0,0.004,2014.0,Rams,veteran,9.0
Javelin Guidry,WR,Jets,2023.0,1.0,1.01,1.01,0.0,0.004,2020.0,Jets,veteran,3.0
Vyncint Smith,WR,Colts,2023.0,1.0,1.01,1.01,0.0,0.004,2018.0,Texans,veteran,5.0
Bryan Edwards,WR,Saints,2023.0,1.0,1.01,1.01,0.0,0.004,2020.0,Raiders,veteran,3.0
Penny Hart,WR,Falcons,2023.0,1.0,1.01,1.01,0.0,0.004,2019.0,Colts,veteran,4.0
Greg Dortch,WR,Cardinals,2023.0,1.0,1.01,1.01,0.0,0.004,2019.0,Jets,veteran,4.0
Jason Moore,WR,Lions,2023.0,1.0,1.01,1.01,0.0,0.004,2019.0,Chargers,veteran,4.0
Javon Wims,WR,Cardinals,2023.0,1.0,1.01,1.01,0.0,0.004,2018.0,Bears,veteran,5.0
Keith Kirkwood,WR,Saints,2023.0,1.0,1.01,1.01,0.0,0.004,2018.0,Saints,veteran,5.0
Josh Doctson,WR,Jets,2020.0,1.0,0.89,0.89,0.0,0.004,2016.0,Commanders,veteran,4.0
Samori Toure,WR,Packers,2022.0,4.0,3.737012,0.934253,0.077012,0.004,2022.0,Packers,rookie,0.0
Marquess Wilson,WR,Bears,2013.0,4.0,2.207148,0.551787,0.047148,0.004,2013.0,Bears,rookie,0.0
Parker Washington,WR,Jaguars,2023.0,4.0,4.032264,1.008066,0.192264,0.004,2023.0,Jaguars,rookie,0.0
Aaron Mellette,WR,Ravens,2013.0,4.0,2.205896,0.551474,0.045896,0.004,2013.0,Ravens,rookie,0.0
Antonio Callaway,WR,Browns,2018.0,4.0,3.177856,0.794464,0.717856,0.004,2018.0,Browns,rookie,0.0
Josh Malone,WR,Bengals,2017.0,4.0,2.993528,0.748382,0.593528,0.004,2017.0,Bengals,rookie,0.0
Kayshon Boutte,WR,Patriots,2023.0,4.0,4.027264,1.006816,0.187264,0.004,2023.0,Patriots,rookie,0.0
Michael Gallup,WR,Commanders,2025.0,1.0,1.25,1.25,0.2,0.004,2018.0,Cowboys,veteran,7.0
Trey Palmer,WR,TB/NO,2023.0,4.0,4.019296,1.004824,0.179296,0.004,2023.0,Buccaneers,rookie,0.0
A.T. Perry,WR,Saints,2023.0,4.0,4.016364,1.004091,0.176364,0.004,2023.0,Saints,rookie,0.0
Elijah Higgins,WR,MIA/ARI,2023.0,4.0,4.01588,1.00397,0.17588,0.004,2023.0,Dolphins,rookie,0.0
Rishard Matthews,WR,Dolphins,2012.0,4.0,2.153612,0.538403,0.053612,0.004,2012.0,Dolphins,rookie,0.0
Josh Gordon,WR,NE/CLE,2018.0,1.0,0.790001,0.790001,0.0,0.004,2012.0,Browns,veteran,6.0
Aldrick Robinson,WR,Vikings,2018.0,1.0,0.79,0.79,0.0,0.004,2011.0,Commanders,veteran,7.0
Dontrelle Inman,WR,Colts,2018.0,1.0,0.79,0.79,0.0,0.004,2011.0,Jaguars,veteran,7.0
Kelvin Benjamin,WR,Chiefs,2018.0,1.0,0.79,0.79,0.0,0.004,2014.0,Panthers,veteran,4.0
Rod Streater,WR,Browns,2018.0,1.0,0.79,0.79,0.0,0.004,2012.0,Raiders,veteran,6.0
Griff Whalen,WR,Raiders,2018.0,1.0,0.79,0.79,0.0,0.004,2012.0,Colts,veteran,6.0
Michael Floyd,WR,Commanders,2018.0,1.0,0.79,0.79,0.0,0.004,2012.0,Cardinals,veteran,6.0
Rishard Matthews,WR,Jets,2018.0,1.0,0.79,0.79,0.0,0.004,2012.0,Dolphins,veteran,6.0
Kendall Wright,WR,Cardinals,2018.0,1.0,0.79,0.79,0.0,0.004,2012.0,Titans,veteran,6.0
Kamar Aiken,WR,Eagles,2018.0,1.0,0.79,0.79,0.0,0.004,2011.0,Bills,veteran,7.0
Brian Quick,WR,Commanders,2018.0,1.0,0.79,0.79,0.0,0.004,2012.0,Rams,veteran,6.0
Markus Wheaton,WR,Eagles,2018.0,1.0,0.79,0.79,0.0,0.004,2013.0,Steelers,veteran,5.0
Marquess Wilson,WR,Eagles,2018.0,1.0,0.79,0.79,0.0,0.004,2013.0,Bears,veteran,5.0
Deonte Thompson,WR,Bills,2018.0,1.0,0.79,0.79,0.0,0.004,2012.0,Ravens,veteran,6.0
Greg Little,WR,Cardinals,2018.0,1.0,0.79,0.79,0.0,0.004,2011.0,Browns,veteran,7.0
Nick Williams,WR,Titans,2018.0,1.0,0.79,0.79,0.0,0.004,2013.0,Commanders,veteran,5.0
Jordan Matthews,WR,Eagles,2018.0,1.0,0.79,0.79,0.0,0.004,2014.0,Eagles,veteran,4.0
Blake Proehl,WR,Vikings,2021.0,3.0,2.44,0.813333,0.115,0.004,2021.0,Vikings,rookie,0.0
Jacob Cowing,WR,49ers,2024.0,4.0,4.548716,1.137177,0.528708,0.004,2024.0,49ers,rookie,0.0
Xavier Hutchinson,WR,Texans,2023.0,4.0,4.0037,1.000925,0.1637,0.004,2023.0,Texans,rookie,0.0
Andrei Iosivas,WR,Bengals,2023.0,4.0,3.999392,0.999848,0.159392,0.004,2023.0,Bengals,rookie,0.0
Antonio Nunn,WR,Falcons,2021.0,3.0,2.435,0.811667,0.03,0.004,2021.0,Falcons,rookie,0.0
Jonathan Adams Jr.,WR,Lions,2021.0,3.0,2.435,0.811667,0.09,0.004,2021.0,Lions,rookie,0.0
Jhamon Ausbon,WR,Eagles,2021.0,3.0,2.435,0.811667,0.08,0.004,2021.0,Eagles,rookie,0.0
Jared Abbrederis,WR,Packers,2014.0,4.0,2.36456,0.59114,0.14456,0.004,2014.0,Packers,rookie,0.0
Ryan Switzer,WR,PIT/LV/DAL,2017.0,4.0,2.968984,0.742246,0.568984,0.004,2017.0,Cowboys,rookie,0.0
Trevon Grimes,WR,Eagles,2021.0,3.0,2.4325,0.810833,0.0825,0.004,2021.0,Eagles,rookie,0.0
Bailey Gaither,WR,Packers,2021.0,3.0,2.432,0.810667,0.007,0.004,2021.0,Packers,rookie,0.0
Tamorrion Terry,WR,Seahawks,2021.0,3.0,2.43,0.81,0.005,0.004,2021.0,Seahawks,rookie,0.0
Tre Walker,WR,Bills,2021.0,3.0,2.43,0.81,0.005,0.004,2021.0,Bills,rookie,0.0
T.J. Vasher,WR,Cowboys,2021.0,3.0,2.43,0.81,0.055,0.004,2021.0,Cowboys,rookie,0.0
Brennan Eagles,WR,Cowboys,2021.0,3.0,2.43,0.81,0.055,0.004,2021.0,Cowboys,rookie,0.0
Branden Mack,WR,Broncos,2021.0,3.0,2.43,0.81,0.005,0.004,2021.0,Broncos,rookie,0.0
Jeremiah Haydel,WR,Rams,2021.0,3.0,2.428,0.809333,0.003,0.004,2021.0,Rams,rookie,0.0
DaeSean Hamilton,WR,Broncos,2018.0,4.0,3.14264,0.78566,0.68264,0.004,2018.0,Broncos,rookie,0.0
Riley Lees,WR,Bengals,2021.0,3.0,2.4265,0.808833,0.0015,0.004,2021.0,Bengals,rookie,0.0
DeVontres Dukes,WR,Broncos,2021.0,3.0,2.426,0.808667,0.001,0.004,2021.0,Broncos,rookie,0.0
T.J. Simmons,WR,Buccaneers,2021.0,3.0,2.426,0.808667,0.001,0.004,2021.0,Buccaneers,rookie,0.0
Josh Huff,WR,Saints,2018.0,1.0,0.785,0.785,0.0,0.004,2014.0,Eagles,veteran,4.0
Mathew Sexton,WR,Steelers,2021.0,3.0,2.425,0.808333,0.0,0.004,2021.0,Steelers,rookie,0.0
Kai Locksley,WR,Dolphins,2021.0,3.0,2.425,0.808333,0.0,0.004,2021.0,Dolphins,rookie,0.0
Micah Simon,WR,Panthers,2021.0,3.0,2.425,0.808333,0.0,0.004,2021.0,Panthers,rookie,0.0
Donte Sylencieux,WR,Ravens,2021.0,3.0,2.425,0.808333,0.0,0.004,2021.0,Ravens,rookie,0.0
Tyler Johnson,WR,Rams,2024.0,1.0,1.13,1.13,0.075,0.004,2020.0,Buccaneers,veteran,4.0
Hakeem Butler,WR,Cardinals,2019.0,4.0,3.327576,0.831894,0.807576,0.004,2019.0,Cardinals,rookie,0.0
Demario Douglas,WR,Patriots,2023.0,4.0,3.973332,0.993333,0.133332,0.004,2023.0,Patriots,rookie,0.0
Mecole Hardman,WR,Chiefs,2024.0,1.0,1.125,1.125,0.0,0.004,2019.0,Chiefs,veteran,5.0
Greg Dortch,WR,Cardinals,2024.0,1.0,1.125,1.125,0.0,0.004,2019.0,Jets,veteran,5.0
Cam Sims,WR,Panthers,2024.0,1.0,1.125,1.125,0.0,0.004,2018.0,Commanders,veteran,6.0
Marquez Valdes-Scantling,WR,Saints,2024.0,1.0,1.125,1.125,0.0,0.004,2018.0,Packers,veteran,6.0
Tre'Quan Smith,WR,Lions,2024.0,1.0,1.125,1.125,0.0,0.004,2018.0,Saints,veteran,6.0
Byron Pringle,WR,Commanders,2024.0,1.0,1.125,1.125,0.25,0.004,2018.0,Chiefs,veteran,6.0
Martavis Bryant,WR,Commanders,2024.0,1.0,1.125,1.125,0.0,0.004,2014.0,Steelers,veteran,10.0
James Washington,WR,Falcons,2024.0,1.0,1.125,1.125,0.0,0.004,2018.0,Steelers,veteran,6.0
Gunner Olszewski,WR,Giants,2024.0,1.0,1.125,1.125,0.4675,0.004,2019.0,Patriots,veteran,5.0
Rashad Greene,WR,Jaguars,2015.0,4.0,2.523816,0.630954,0.243816,0.004,2015.0,Jaguars,rookie,0.0
Antoine Green,WR,Lions,2023.0,4.0,3.95676,0.98919,0.11676,0.004,2023.0,Lions,rookie,0.0
Juron Criner,WR,Giants,2015.0,2.0,1.26,0.63,0.0,0.004,2012.0,Raiders,veteran,3.0
Donovan Peoples-Jones,WR,CLE/DET,2020.0,4.0,3.481608,0.870402,0.186608,0.004,2020.0,Browns,rookie,0.0
Colton Dowell,WR,Titans,2023.0,4.0,3.942696,0.985674,0.102696,0.004,2023.0,Titans,rookie,0.0
Keshawn Martin,WR,Patriots,2015.0,4.0,2.51256,0.62814,0.41256,0.004,2012.0,Texans,veteran,3.0
Robert Herron,WR,Buccaneers,2014.0,4.0,2.332,0.583,0.112,0.004,2014.0,Buccaneers,rookie,0.0
Lance Moore,WR,Saints,2007.0,2.0,0.955,0.4775,0.0,0.004,2005.0,Browns,veteran,2.0
Stefon Diggs,WR,Vikings,2015.0,4.0,2.507712,0.626928,0.227712,0.004,2015.0,Vikings,rookie,0.0
T.J. Jones,WR,Lions,2014.0,4.0,2.3262,0.58155,0.1062,0.004,2014.0,Lions,rookie,0.0
Quez Watkins,WR,Eagles,2020.0,4.0,3.46466,0.866165,0.16966,0.004,2020.0,Eagles,rookie,0.0
James Proche,WR,Ravens,2020.0,4.0,3.4631,0.865775,0.1681,0.004,2020.0,Ravens,rookie,0.0
Walt Powell,WR,NYJ/ARI,2014.0,4.0,2.323788,0.580947,0.103788,0.004,2014.0,Cardinals,rookie,0.0
Elijah Moore,WR,Eagles,2026.0,1.0,1.315,1.315,0.0,0.004,2021.0,Jets,veteran,5.0
Jalen Brooks,WR,Cowboys,2023.0,4.0,3.922356,0.980589,0.082356,0.004,2023.0,Cowboys,rookie,0.0
Donnie Avery,WR,Titans,2011.0,1.0,0.525,0.525,0.0,0.004,2008.0,Rams,veteran,3.0
Danny Amendola,WR,Rams,2011.0,1.0,0.525,0.525,0.0,0.004,2008.0,Cowboys,veteran,3.0
Ronnie Bell,WR,49ers,2023.0,4.0,3.917784,0.979446,0.077784,0.004,2023.0,49ers,rookie,0.0
Elic Ayomanor,WR,Titans,2025.0,4.0,4.865816,1.216454,0.665816,0.004,2025.0,Titans,rookie,0.0
Jordan Watkins,WR,49ers,2025.0,4.0,4.865816,1.216454,0.665816,0.004,2025.0,49ers,rookie,0.0
Isaiah Hodgins,WR,Bills,2020.0,4.0,3.453888,0.863472,0.158888,0.004,2020.0,Bills,rookie,0.0
Aldrick Robinson,WR,Falcons,2016.0,1.0,0.675,0.675,0.0,0.004,2011.0,Commanders,veteran,5.0
Saalim Hakim,WR,Browns,2016.0,1.0,0.675,0.675,0.0,0.004,2012.0,Cowboys,veteran,4.0
Ryan Whalen,WR,49ers,2016.0,1.0,0.675,0.675,0.0,0.004,2011.0,Bengals,veteran,5.0
Griff Whalen,WR,Patriots,2016.0,1.0,0.675,0.675,0.0,0.004,2012.0,Colts,veteran,4.0
Aaron Dobson,WR,Lions,2016.0,1.0,0.675,0.675,0.0,0.004,2013.0,Patriots,veteran,3.0
Jarrett Boykin,WR,Bills,2016.0,1.0,0.675,0.675,0.0,0.004,2012.0,Jaguars,veteran,4.0
DeVier Posey,WR,Broncos,2016.0,1.0,0.675,0.675,0.0,0.004,2012.0,Texans,veteran,4.0
Geremy Davis,WR,Chargers,2018.0,1.0,0.77,0.77,0.015,0.004,2015.0,Giants,veteran,3.0
J.J. Nelson,WR,Cardinals,2015.0,4.0,2.4898,0.62245,0.2098,0.004,2015.0,Cardinals,rookie,0.0
Kenny Bell,WR,Buccaneers,2015.0,4.0,2.484836,0.621209,0.204836,0.004,2015.0,Buccaneers,rookie,0.0
Laviska Shenault,WR,Bills,2025.0,1.0,1.21,1.21,0.015,0.004,2020.0,Jaguars,veteran,5.0
David Ausberry,WR,Raiders,2011.0,4.0,2.0859,0.521475,0.0459,0.004,2011.0,Raiders,rookie,0.0
DeMarco Sampson,WR,Cardinals,2011.0,4.0,2.0859,0.521475,0.0459,0.004,2011.0,Cardinals,rookie,0.0
Freddie Swain,WR,Seahawks,2020.0,4.0,3.424412,0.856103,0.129412,0.004,2020.0,Seahawks,rookie,0.0
Dezmon Patmon,WR,Colts,2020.0,4.0,3.424412,0.856103,0.129412,0.004,2020.0,Colts,rookie,0.0
Trent Sherfield,WR,Bills,2026.0,1.0,1.3,1.3,0.0,0.004,2018.0,Cardinals,veteran,8.0
Cedrick Wilson Jr.,WR,Lions,2026.0,1.0,1.3,1.3,0.0,0.004,2018.0,Cowboys,veteran,8.0
Odell Beckham Jr.,WR,Giants,2026.0,1.0,1.3,1.3,0.0,0.004,2014.0,Giants,veteran,12.0
Scott Miller,WR,Bears,2026.0,1.0,1.3,1.3,0.0,0.004,2019.0,Buccaneers,veteran,7.0
Braxton Berrios,WR,Giants,2026.0,1.0,1.3,1.3,0.0,0.004,2018.0,Patriots,veteran,8.0
Phillip Dorsett,WR,Raiders,2026.0,1.0,1.3,1.3,0.0,0.004,2015.0,Colts,veteran,11.0
Adam Thielen,WR,Vikings,2026.0,1.0,1.3,1.3,0.0,0.004,2013.0,Vikings,veteran,13.0
JuJu Smith-Schuster,WR,Giants,2026.0,1.0,1.3,1.3,0.0,0.004,2017.0,Steelers,veteran,9.0
Charles Johnson,WR,Eagles,2019.0,1.0,0.81,0.81,0.025,0.004,2013.0,Packers,veteran,6.0
Tony Lippett,WR,Giants,2019.0,1.0,0.81,0.81,0.06,0.004,2015.0,Dolphins,veteran,4.0
Michael Campanaro,WR,Ravens,2014.0,4.0,2.2875,0.571875,0.0675,0.004,2014.0,Ravens,rookie,0.0
Jeff Smith,WR,Jets,2022.0,1.0,0.895,0.895,0.0,0.004,2019.0,Jets,veteran,3.0
Antonio Gandy-Golden,WR,Commanders,2022.0,1.0,0.895,0.895,0.0,0.004,2020.0,Commanders,veteran,2.0
Penny Hart,WR,Seahawks,2022.0,1.0,0.895,0.895,0.0,0.004,2019.0,Colts,veteran,3.0
Nick Westbrook-Ikhine,WR,Titans,2022.0,1.0,0.895,0.895,0.0,0.004,2020.0,Titans,veteran,2.0
Gehrig Dieter,WR,Chiefs,2022.0,1.0,0.895,0.895,0.0,0.004,2017.0,Chiefs,veteran,5.0
Trey Quinn,WR,Broncos,2022.0,1.0,0.895,0.895,0.0,0.004,2018.0,Commanders,veteran,4.0
Steven Sims,WR,Steelers,2022.0,1.0,0.895,0.895,0.0,0.004,2019.0,Commanders,veteran,3.0
Marcell Ateman,WR,Cardinals,2022.0,1.0,0.895,0.895,0.0,0.004,2018.0,Raiders,veteran,4.0
Chad Hansen,WR,Falcons,2022.0,1.0,0.895,0.895,0.0,0.004,2017.0,Jets,veteran,5.0
Cody Hollister,WR,Titans,2022.0,1.0,0.895,0.895,0.0,0.004,2017.0,Patriots,veteran,5.0
Gary Jennings Jr.,WR,SEA/MIA,2019.0,4.0,3.233652,0.808413,0.713652,0.004,2019.0,Seahawks,rookie,0.0
Bryce Lance,WR,Saints,2026.0,4.0,5.169036,1.292259,0.789036,0.004,2026.0,Saints,rookie,0.0
Colbie Young,WR,Bengals,2026.0,4.0,5.169036,1.292259,0.789036,0.004,2026.0,Bengals,rookie,0.0
Jaleel Scott,WR,Ravens,2018.0,4.0,3.04038,0.760095,0.58038,0.004,2018.0,Ravens,rookie,0.0
Mike Thomas,WR,Bengals,2020.0,1.0,0.85,0.85,0.025,0.004,2016.0,Rams,veteran,4.0
K.J. Hill,WR,Chargers,2020.0,4.0,3.399824,0.849956,0.104824,0.004,2020.0,Chargers,rookie,0.0
Trindon Holliday,WR,49ers,2014.0,1.0,0.57,0.57,0.0,0.004,2010.0,Texans,veteran,4.0
Anthony Gould,WR,Colts,2024.0,4.0,4.372664,1.093166,0.352664,0.004,2024.0,Colts,rookie,0.0
Nick Williams,WR,SF/DEN,2019.0,1.0,0.805,0.805,0.0,0.004,2013.0,Commanders,veteran,6.0
Ryan Grant,WR,Packers,2019.0,1.0,0.805,0.805,0.0,0.004,2014.0,Commanders,veteran,5.0
Bennie Fowler,WR,Giants,2019.0,1.0,0.805,0.805,0.0,0.004,2014.0,Broncos,veteran,5.0
Sammie Coates,WR,Chiefs,2019.0,1.0,0.805,0.805,0.0,0.004,2015.0,Steelers,veteran,4.0
Jordan Matthews,WR,49ers,2019.0,1.0,0.805,0.805,0.0,0.004,2014.0,Eagles,veteran,5.0
T.J. Jones,WR,Giants,2019.0,1.0,0.805,0.805,0.0,0.004,2014.0,Lions,veteran,5.0
Dontrelle Inman,WR,Colts,2019.0,1.0,0.805,0.805,0.0,0.004,2011.0,Jaguars,veteran,8.0
De'Anthony Thomas,WR,Chiefs,2019.0,1.0,0.805,0.805,0.0,0.004,2014.0,Chiefs,veteran,5.0
Jeff Smith,WR,Jets,2021.0,1.0,0.78,0.78,0.0,0.004,2019.0,Jets,veteran,2.0
Jesper Horsted,WR,Bears,2021.0,1.0,0.78,0.78,0.0,0.004,2019.0,Bears,veteran,2.0
Ventell Bryant,WR,Panthers,2021.0,1.0,0.78,0.78,0.0,0.004,2019.0,Bengals,veteran,2.0
Fred Brown,WR,Broncos,2021.0,1.0,0.78,0.78,0.0,0.004,2017.0,Colts,veteran,4.0
J'Mon Moore,WR,Falcons,2021.0,1.0,0.78,0.78,0.0,0.004,2018.0,Packers,veteran,3.0
Michael Walker,WR,Eagles,2021.0,1.0,0.78,0.78,0.0,0.004,2019.0,Jaguars,veteran,2.0
Chris Lacy,WR,Bears,2021.0,1.0,0.78,0.78,0.0,0.004,2018.0,Patriots,veteran,3.0
John Ursua,WR,Seahawks,2021.0,1.0,0.78,0.78,0.0,0.004,2019.0,Seahawks,veteran,2.0
Tevin Jones,WR,Jaguars,2021.0,1.0,0.78,0.78,0.0,0.004,2016.0,Texans,veteran,5.0
Andre Patton,WR,Eagles,2021.0,1.0,0.78,0.78,0.0,0.004,2017.0,Chargers,veteran,4.0
Jaleel Scott,WR,Jets,2021.0,1.0,0.78,0.78,0.0,0.004,2018.0,Ravens,veteran,3.0
Krishawn Hogan,WR,Cardinals,2021.0,1.0,0.78,0.78,0.0,0.004,2017.0,Cardinals,veteran,4.0
Jake Lampman,WR,Saints,2021.0,1.0,0.78,0.78,0.0,0.004,2016.0,Saints,veteran,5.0
Malik Taylor,WR,Packers,2021.0,1.0,0.78,0.78,0.0,0.004,2019.0,Buccaneers,veteran,2.0
Isaac Whitney,WR,Cardinals,2021.0,1.0,0.78,0.78,0.0,0.004,2017.0,Raiders,veteran,4.0
Darvin Kidsy,WR,Seahawks,2021.0,1.0,0.78,0.78,0.0,0.004,2018.0,Commanders,veteran,3.0
Jeff Janis,WR,Packers,2014.0,4.0,2.271392,0.567848,0.051392,0.004,2014.0,Packers,rookie,0.0
Keith Mumphery,WR,Texans,2015.0,4.0,2.446252,0.611563,0.166252,0.004,2015.0,Texans,rookie,0.0
James Wright,WR,CIN/CLE,2014.0,4.0,2.269824,0.567456,0.049824,0.004,2014.0,Bengals,rookie,0.0
Jehu Chesson,WR,Chiefs,2017.0,4.0,2.847648,0.711912,0.419648,0.004,2017.0,Chiefs,rookie,0.0
Jeremy Gallon,WR,Patriots,2014.0,4.0,2.267592,0.566898,0.047592,0.004,2014.0,Patriots,rookie,0.0
Ainias Smith,WR,Eagles,2024.0,4.0,4.354296,1.088574,0.334296,0.004,2024.0,Eagles,rookie,0.0
Riley Ridley,WR,Bears,2019.0,4.0,3.202596,0.800649,0.682596,0.004,2019.0,Bears,rookie,0.0
Jamari Thrash,WR,Browns,2024.0,4.0,4.345408,1.086352,0.325408,0.004,2024.0,Browns,rookie,0.0
Tyrie Cleveland,WR,Broncos,2020.0,4.0,3.370492,0.842623,0.075492,0.004,2020.0,Broncos,rookie,0.0
Malcolm Perry,WR,MIA/NE,2020.0,4.0,3.370492,0.842623,0.075492,0.004,2020.0,Dolphins,rookie,0.0
Rodney Adams,WR,Jets,2022.0,2.0,1.765,0.8825,0.0,0.004,2017.0,Vikings,veteran,5.0
J.J. Koski,WR,Rams,2022.0,2.0,1.765,0.8825,0.0,0.004,2020.0,Rams,veteran,2.0
Malcolm Perry,WR,Patriots,2022.0,1.0,0.88,0.88,0.055,0.004,2020.0,Dolphins,veteran,2.0
Mike Williams,WR,Seahawks,2010.0,1.0,0.545,0.545,0.0,0.004,2005.0,Lions,veteran,5.0
Chad Hansen,WR,NE/NYJ,2017.0,4.0,2.819648,0.704912,0.419648,0.004,2017.0,Jets,rookie,0.0
KeeSean Johnson,WR,Bills,2023.0,1.0,0.9465,0.9465,0.0065,0.004,2019.0,Cardinals,veteran,4.0
Tajae Sharpe,WR,Titans,2016.0,4.0,2.614884,0.653721,0.274884,0.004,2016.0,Titans,rookie,0.0
Geremy Davis,WR,Giants,2015.0,4.0,2.407084,0.601771,0.127084,0.004,2015.0,Giants,rookie,0.0
Donovan Peoples-Jones,WR,Saints,2025.0,1.0,1.17,1.17,0.0,0.004,2020.0,Browns,veteran,5.0
Diontae Johnson,WR,Browns,2025.0,1.0,1.17,1.17,0.0,0.004,2019.0,Steelers,veteran,6.0
Collin Johnson,WR,Raiders,2025.0,1.0,1.17,1.17,0.0,0.004,2020.0,Jaguars,veteran,5.0
Equanimeous St. Brown,WR,49ers,2025.0,1.0,1.17,1.17,0.0,0.004,2018.0,Packers,veteran,7.0
Devin Duvernay,WR,Bears,2025.0,1.0,1.17,1.17,0.0,0.004,2020.0,Ravens,veteran,5.0
Juwann Winfree,WR,Texans,2025.0,1.0,1.17,1.17,0.0,0.004,2019.0,Broncos,veteran,6.0
Gunner Olszewski,WR,Giants,2025.0,1.0,1.17,1.17,0.0,0.004,2019.0,Patriots,veteran,6.0
Trent Taylor,WR,49ers,2025.0,1.0,1.17,1.17,0.0,0.004,2017.0,49ers,veteran,8.0
Andy Isabella,WR,49ers,2025.0,1.0,1.17,1.17,0.0,0.004,2019.0,Cardinals,veteran,6.0
Stanley Morgan,WR,Titans,2025.0,1.0,1.17,1.17,0.0,0.004,2019.0,Bengals,veteran,6.0
Marquez Callaway,WR,Raiders,2025.0,1.0,1.17,1.17,0.0,0.004,2020.0,Saints,veteran,5.0
Bub Means,WR,Saints,2024.0,4.0,4.274276,1.068569,0.254276,0.004,2024.0,Saints,rookie,0.0
Darrius Shepherd,WR,Chargers,2023.0,1.0,0.94,0.94,0.0,0.004,2019.0,Packers,veteran,4.0
Ja'Marcus Bradley,WR,Steelers,2023.0,1.0,0.94,0.94,0.0,0.004,2020.0,Browns,veteran,3.0
Jauan Jennings,WR,49ers,2023.0,1.0,0.94,0.94,0.0,0.004,2020.0,49ers,veteran,3.0
Ihmir Smith-Marsette,WR,Chiefs,2023.0,1.0,0.94,0.94,0.0,0.004,2021.0,Vikings,veteran,2.0
Victor Bolden,WR,Broncos,2023.0,1.0,0.94,0.94,0.0,0.004,2017.0,49ers,veteran,6.0
Tyreek Hill,WR,Chiefs,2016.0,4.0,2.58622,0.646555,0.21872,0.004,2016.0,Chiefs,rookie,0.0
DeAndrew White,WR,Panthers,2020.0,1.0,0.825,0.825,0.0,0.004,2015.0,,veteran,5.0
Jordan Payton,WR,Browns,2016.0,4.0,2.584,0.646,0.244,0.004,2016.0,Browns,rookie,0.0
Tavarres King,WR,Giants,2016.0,2.0,1.29,0.645,0.0,0.004,2013.0,Broncos,veteran,3.0
Nick Williams,WR,Falcons,2016.0,2.0,1.29,0.645,0.0,0.004,2013.0,Commanders,veteran,3.0
Stephen Hill,WR,Panthers,2015.0,1.0,0.5945,0.5945,0.0095,0.004,2012.0,Jets,veteran,3.0
Devon Williams,WR,Ravens,2022.0,3.0,2.59,0.863333,0.045,0.004,2022.0,Ravens,rookie,0.0
Isaiah Weston,WR,Browns,2022.0,3.0,2.585,0.861667,0.075,0.004,2022.0,Browns,rookie,0.0
Isaiah Coulter,WR,Bills,2023.0,2.0,1.86,0.93,0.005,0.004,2020.0,Texans,veteran,3.0
Jha'Quan Jackson,WR,Titans,2024.0,4.0,4.223668,1.055917,0.203668,0.004,2024.0,Titans,rookie,0.0
Trevor Davis,WR,LV/GB/MIA,2016.0,4.0,2.567176,0.641794,0.227176,0.004,2016.0,Packers,rookie,0.0
T.J. Jones,WR,Lions,2017.0,1.0,0.69,0.69,0.0,0.004,2014.0,Lions,veteran,3.0
Kenbrell Thompkins,WR,Jets,2017.0,1.0,0.69,0.69,0.0,0.004,2013.0,Patriots,veteran,4.0
Brenton Bersin,WR,Panthers,2017.0,1.0,0.69,0.69,0.0,0.004,2012.0,Panthers,veteran,5.0
Corey Brown,WR,Bills,2017.0,1.0,0.69,0.69,0.0,0.004,2014.0,Panthers,veteran,3.0
Devin Street,WR,Texans,2017.0,1.0,0.69,0.69,0.0,0.004,2014.0,Cowboys,veteran,3.0
Tavarres King,WR,Giants,2017.0,1.0,0.69,0.69,0.0,0.004,2013.0,Broncos,veteran,4.0
Keelan Doss,WR,Raiders,2024.0,1.0,1.055,1.055,0.0,0.004,2019.0,Raiders,veteran,5.0
Malik Taylor,WR,Jets,2024.0,1.0,1.055,1.055,0.0,0.004,2019.0,Buccaneers,veteran,5.0
Ihmir Smith-Marsette,WR,Giants,2024.0,1.0,1.055,1.055,0.0,0.004,2021.0,Vikings,veteran,3.0
Tyrie Cleveland,WR,Colts,2024.0,1.0,1.055,1.055,0.0,0.004,2020.0,Broncos,veteran,4.0
Freddie Swain,WR,Bears,2024.0,1.0,1.055,1.055,0.0,0.004,2020.0,Seahawks,veteran,4.0
Daurice Fountain,WR,Lions,2024.0,1.0,1.055,1.055,0.0,0.004,2018.0,Colts,veteran,6.0
Tyron Johnson,WR,Cowboys,2024.0,1.0,1.055,1.055,0.0,0.004,2019.0,Texans,veteran,5.0
Simi Fehoko,WR,Chargers,2024.0,1.0,1.055,1.055,0.0,0.004,2021.0,Cowboys,veteran,3.0
Greg Ward,WR,Colts,2024.0,1.0,1.055,1.055,0.0,0.004,2017.0,Eagles,veteran,7.0
Nsimba Webster,WR,Bears,2024.0,1.0,1.055,1.055,0.0,0.004,2019.0,Rams,veteran,5.0
Jacob Harris,WR,Eagles,2024.0,2.0,2.11,1.055,0.025,0.004,2021.0,Rams,veteran,3.0
Denzel Mims,WR,Steelers,2024.0,1.0,1.055,1.055,0.0,0.004,2020.0,Jets,veteran,4.0
Jeff Smith,WR,Cardinals,2024.0,1.0,1.055,1.055,0.0,0.004,2019.0,Jets,veteran,5.0
Malik Washington,WR,Dolphins,2024.0,4.0,4.21956,1.05489,0.19956,0.004,2024.0,Dolphins,rookie,0.0
Johnny Wilson,WR,Eagles,2024.0,4.0,4.217008,1.054252,0.197008,0.004,2024.0,Eagles,rookie,0.0
Jaivon Heiligh,WR,Bengals,2022.0,3.0,2.5775,0.859167,0.0175,0.004,2022.0,Bengals,rookie,0.0
KeAndre Lambert-Smith,WR,Chargers,2025.0,4.0,4.608004,1.152001,0.408004,0.004,2025.0,Chargers,rookie,0.0
Kaylon Geiger,WR,Buccaneers,2023.0,2.0,1.855,0.9275,0.0,0.004,2022.0,Buccaneers,veteran,1.0
Casey Washington,WR,Falcons,2024.0,4.0,4.213596,1.053399,0.193596,0.004,2024.0,Falcons,rookie,0.0
Charleston Rambo,WR,Panthers,2022.0,3.0,2.575,0.858333,0.115,0.004,2022.0,Panthers,rookie,0.0
Keshunn Abram,WR,Jets,2022.0,3.0,2.575,0.858333,0.085,0.004,2022.0,Jets,rookie,0.0
Trevon Bradford,WR,Chargers,2022.0,3.0,2.575,0.858333,0.015,0.004,2022.0,Chargers,rookie,0.0
Corey Sutton,WR,Lions,2022.0,3.0,2.575,0.858333,0.05,0.004,2022.0,Lions,rookie,0.0
Demetris Robertson,WR,Seahawks,2022.0,3.0,2.574,0.858,0.014,0.004,2022.0,Seahawks,rookie,0.0
Kevin Shaa,WR,Bears,2022.0,3.0,2.574,0.858,0.014,0.004,2022.0,Bears,rookie,0.0
Jalen Virgil,WR,Broncos,2022.0,3.0,2.5725,0.8575,0.0425,0.004,2022.0,Broncos,rookie,0.0
Justin Hall,WR,Raiders,2022.0,3.0,2.572,0.857333,0.054,0.004,2022.0,Raiders,rookie,0.0
Isaiah Hodgins,WR,Giants,2026.0,1.0,1.24,1.24,0.0,0.004,2020.0,Bills,veteran,6.0
Malik Williams,WR,Bills,2022.0,3.0,2.57,0.856667,0.01,0.004,2022.0,Bills,rookie,0.0
Travell Harris,WR,Browns,2022.0,3.0,2.57,0.856667,0.01,0.004,2022.0,Browns,rookie,0.0
Stephon Robinson,WR,Cardinals,2022.0,3.0,2.57,0.856667,0.01,0.004,2022.0,Cardinals,rookie,0.0
Jequez Ezzard,WR,Commanders,2022.0,3.0,2.57,0.856667,0.055,0.004,2022.0,Commanders,rookie,0.0
Changa Hodge,WR,Cardinals,2022.0,3.0,2.5675,0.855833,0.0075,0.004,2022.0,Cardinals,rookie,0.0
Brayden Lenius,WR,Falcons,2022.0,3.0,2.5675,0.855833,0.06,0.004,2022.0,Falcons,rookie,0.0
Samson Nacua,WR,Colts,2022.0,3.0,2.567,0.855667,0.007,0.004,2022.0,Colts,rookie,0.0
Slade Bolden,WR,Ravens,2022.0,3.0,2.567,0.855667,0.007,0.004,2022.0,Ravens,rookie,0.0
J'Mon Moore,WR,Packers,2018.0,4.0,2.912356,0.728089,0.452356,0.004,2018.0,Packers,rookie,0.0
Tanner Conner,WR,Dolphins,2022.0,3.0,2.565,0.855,0.07,0.004,2022.0,Dolphins,rookie,0.0
Danny Davis,WR,Packers,2022.0,3.0,2.565,0.855,0.005,0.004,2022.0,Packers,rookie,0.0
Savon Scarver,WR,Bears,2022.0,3.0,2.565,0.855,0.005,0.004,2022.0,Bears,rookie,0.0
Jake Herslow,WR,Seahawks,2022.0,3.0,2.565,0.855,0.005,0.004,2022.0,Seahawks,rookie,0.0
Jared Bernhardt,WR,Falcons,2022.0,3.0,2.565,0.855,0.04,0.004,2022.0,Falcons,rookie,0.0
Tyshaun James,WR,Falcons,2022.0,3.0,2.565,0.855,0.035,0.004,2022.0,Falcons,rookie,0.0
Ty Fryfogle,WR,Cowboys,2022.0,3.0,2.565,0.855,0.08,0.004,2022.0,Cowboys,rookie,0.0
Tre Turner,WR,Raiders,2022.0,3.0,2.565,0.855,0.04,0.004,2022.0,Raiders,rookie,0.0
Neil Pau'u,WR,Bills,2022.0,3.0,2.565,0.855,0.005,0.004,2022.0,Bills,rookie,0.0
Kendric Pryor,WR,JAX/CIN,2022.0,3.0,2.563,0.854333,0.003,0.004,2022.0,Bengals,rookie,0.0
Trevon Clark,WR,Ravens,2022.0,3.0,2.5625,0.854167,0.0025,0.004,2022.0,Ravens,rookie,0.0
Thomas Hennigan,WR,Vikings,2022.0,3.0,2.5625,0.854167,0.0025,0.004,2022.0,Vikings,rookie,0.0
Talolo Limu-Jones,WR,Panthers,2022.0,3.0,2.562,0.854,0.002,0.004,2022.0,Panthers,rookie,0.0
Lujuan Winningham,WR,Jaguars,2022.0,3.0,2.562,0.854,0.002,0.004,2022.0,Jaguars,rookie,0.0
Andrew Parchment,WR,Panthers,2022.0,3.0,2.562,0.854,0.002,0.004,2022.0,Panthers,rookie,0.0
Landon Lenoir,WR,Bears,2022.0,3.0,2.562,0.854,0.002,0.004,2022.0,Bears,rookie,0.0
Jaelen Strong,WR,Jaguars,2017.0,1.0,0.684998,0.684998,0.0,0.004,2015.0,Texans,veteran,2.0
Tom Kennedy,WR,Lions,2026.0,1.0,1.235,1.235,0.02,0.004,2019.0,Lions,veteran,7.0
Kekoa Crawford,WR,Colts,2022.0,3.0,2.561,0.853667,0.001,0.004,2022.0,Colts,rookie,0.0
Cyrus Holder,WR,Bears,2022.0,3.0,2.561,0.853667,0.001,0.004,2022.0,Bears,rookie,0.0
Henry Litwin,WR,Bears,2022.0,3.0,2.561,0.853667,0.001,0.004,2022.0,Bears,rookie,0.0
Jack Sorenson,WR,Bengals,2022.0,3.0,2.561,0.853667,0.001,0.004,2022.0,Bengals,rookie,0.0
Kameron Brown,WR,Buccaneers,2022.0,3.0,2.561,0.853667,0.001,0.004,2022.0,Buccaneers,rookie,0.0
Kavontae Turpin,WR,Cowboys,2022.0,3.0,2.56,0.853333,0.0,0.004,2022.0,Cowboys,rookie,0.0
Taysir Mack,WR,49ers,2022.0,3.0,2.56,0.853333,0.0,0.004,2022.0,49ers,rookie,0.0
DeVonte Dedmon,WR,Dolphins,2022.0,3.0,2.56,0.853333,0.02,0.004,2022.0,Dolphins,rookie,0.0
Justyn Ross,WR,Chiefs,2022.0,3.0,2.56,0.853333,0.0,0.004,2022.0,Chiefs,rookie,0.0
Lance McCutcheon,WR,Rams,2022.0,3.0,2.56,0.853333,0.0,0.004,2022.0,Rams,rookie,0.0
Brandon Lewis,WR,Titans,2022.0,3.0,2.56,0.853333,0.0,0.004,2022.0,Titans,rookie,0.0
Tyler Snead,WR,Steelers,2022.0,3.0,2.56,0.853333,0.0,0.004,2022.0,Steelers,rookie,0.0
Keric Wheatfall,WR,Eagles,2022.0,3.0,2.56,0.853333,0.0,0.004,2022.0,Eagles,rookie,0.0
Jared Smart,WR,Cardinals,2022.0,3.0,2.56,0.853333,0.0,0.004,2022.0,Cardinals,rookie,0.0
Ryan McDaniel,WR,Jaguars,2022.0,3.0,2.56,0.853333,0.0,0.004,2022.0,Jaguars,rookie,0.0
Reggie Virgil,WR,Cardinals,2026.0,4.0,4.9365,1.234125,0.5565,0.004,2026.0,Cardinals,rookie,0.0
Tanner McEvoy,WR,Titans,2019.0,2.0,1.54,0.77,0.0,0.004,2016.0,Seahawks,veteran,3.0
Tory Horton,WR,Seahawks,2025.0,4.0,4.56504,1.14126,0.36504,0.004,2025.0,Seahawks,rookie,0.0
Derrick Dillon,WR,Giants,2021.0,2.0,1.491,0.7455,0.006,0.004,2020.0,Giants,veteran,1.0
Kevin Cone,WR,Dolphins,2015.0,1.0,0.585,0.585,0.0,0.004,2011.0,Falcons,veteran,4.0
Brandon Washington,WR,Rams,2015.0,1.0,0.585,0.585,0.0,0.004,2012.0,Eagles,veteran,3.0
Griff Whalen,WR,Colts,2015.0,1.0,0.585,0.585,0.0,0.004,2012.0,Colts,veteran,3.0
Kamar Aiken,WR,Ravens,2015.0,1.0,0.585,0.585,0.0,0.004,2011.0,Bills,veteran,4.0
Joe Morgan,WR,Ravens,2015.0,1.0,0.585,0.585,0.0,0.004,2011.0,Saints,veteran,4.0
Chris Hogan,WR,Bills,2015.0,1.0,0.585,0.585,0.0,0.004,2011.0,,veteran,4.0
Junior Hemingway,WR,Chiefs,2015.0,1.0,0.585,0.585,0.0,0.004,2012.0,Chiefs,veteran,3.0
Tanner Conner,WR,Dolphins,2024.0,2.0,2.085,1.0425,0.0,0.004,2022.0,Dolphins,veteran,2.0
Racey McMath,WR,Cowboys,2024.0,2.0,2.085,1.0425,0.0,0.004,2021.0,Titans,veteran,3.0
Jordan Whittington,WR,Rams,2024.0,4.0,4.158388,1.039597,0.138388,0.004,2024.0,Rams,rookie,0.0
Ryan Flournoy,WR,Cowboys,2024.0,4.0,4.158388,1.039597,0.138388,0.004,2024.0,Cowboys,rookie,0.0
Khalil Tate,WR,Eagles,2021.0,1.0,1.485,0.7425,0.0,0.004,2020.0,Eagles,veteran,1.0
Manasseh Bailey,WR,Jets,2021.0,2.0,1.485,0.7425,0.0,0.004,2020.0,Eagles,veteran,1.0
Rashard Davis,WR,Titans,2021.0,2.0,1.485,0.7425,0.0,0.004,2017.0,Eagles,veteran,4.0
Josh Pearson,WR,Buccaneers,2021.0,2.0,1.485,0.7425,0.0,0.004,2020.0,Buccaneers,veteran,1.0
Johnnie Dixon,WR,Cowboys,2021.0,2.0,1.485,0.7425,0.0,0.004,2019.0,Texans,veteran,2.0
Trinity Benson,WR,Broncos,2021.0,2.0,1.485,0.7425,0.0,0.004,2019.0,Broncos,veteran,2.0
Kalija Lipscomb,WR,Titans,2021.0,2.0,1.485,0.7425,0.0,0.004,2020.0,Chiefs,veteran,1.0
Kaelin Clay,WR,NYG/BUF,2018.0,1.0,0.72,0.72,0.09,0.004,2015.0,Buccaneers,veteran,3.0
DeMarco Sampson,WR,49ers,2014.0,2.0,1.08,0.54,0.0,0.004,2011.0,Cardinals,veteran,3.0
Joe Adams,WR,Texans,2014.0,2.0,1.08,0.54,0.0,0.004,2012.0,Panthers,veteran,2.0
Jeremy Ebert,WR,Falcons,2014.0,2.0,1.08,0.54,0.0,0.004,2012.0,Patriots,veteran,2.0
Matt Slater,WR,Patriots,2008.0,4.0,1.88,0.47,0.175,0.004,2008.0,Patriots,rookie,0.0
Jaron Brown,WR,Cardinals,2013.0,3.0,1.494,0.498,0.0,0.004,2013.0,Cardinals,rookie,0.0
Brenden Rice,WR,Chargers,2024.0,4.0,4.134592,1.033648,0.114592,0.004,2024.0,Chargers,rookie,0.0
Russell Shepard,WR,TB/PHI,2013.0,3.0,1.4925,0.4975,0.0125,0.004,2013.0,Eagles,rookie,0.0
Jason Brownlee,WR,Jets,2023.0,3.0,2.725,0.908333,0.246,0.004,2023.0,Jets,rookie,0.0
DeVaughn Vele,WR,NO/DEN,2024.0,4.0,4.12448,1.03112,0.10448,0.004,2024.0,Broncos,rookie,0.0
Keith Kirkwood,WR,Panthers,2020.0,1.0,0.8,0.8,0.05,0.004,2018.0,Saints,veteran,2.0
Quez Watkins,WR,Eagles,2026.0,1.0,1.215,1.215,0.0,0.004,2020.0,Eagles,veteran,6.0
Ihmir Smith-Marsette,WR,Cardinals,2026.0,1.0,1.215,1.215,0.0,0.004,2021.0,Vikings,veteran,5.0
Tyler Johnson,WR,Cowboys,2026.0,1.0,1.215,1.215,0.0,0.004,2020.0,Buccaneers,veteran,6.0
Parris Campbell,WR,Cowboys,2026.0,1.0,1.215,1.215,0.0,0.004,2019.0,Colts,veteran,7.0
K.J. Osborn,WR,Titans,2026.0,1.0,1.215,1.215,0.0,0.004,2020.0,Vikings,veteran,6.0
Tanner Conner,WR,Giants,2026.0,1.0,1.215,1.215,0.0,0.004,2022.0,Dolphins,veteran,4.0
David Sills,WR,Buccaneers,2026.0,1.0,1.215,1.215,0.0,0.004,2019.0,Bills,veteran,7.0
Malik Turner,WR,49ers,2026.0,1.0,1.215,1.215,0.0,0.004,2018.0,Seahawks,veteran,8.0
Dan Chisena,WR,Panthers,2026.0,1.0,1.215,1.215,0.0,0.004,2020.0,Vikings,veteran,6.0
Tim Jones,WR,Jaguars,2026.0,1.0,1.215,1.215,0.0,0.004,2021.0,Jaguars,veteran,5.0
Deven Thompkins,WR,Bills,2026.0,1.0,1.215,1.215,0.0,0.004,2022.0,Buccaneers,veteran,4.0
Terrace Marshall Jr.,WR,Dolphins,2026.0,1.0,1.215,1.215,0.0,0.004,2021.0,Panthers,veteran,5.0
Jalen Reagor,WR,Dolphins,2026.0,1.0,1.215,1.215,0.0,0.004,2020.0,Eagles,veteran,6.0
Rakim Jarrett,WR,Buccaneers,2023.0,3.0,2.72,0.906667,0.225,0.004,2023.0,Buccaneers,rookie,0.0
Bryce Ford-Wheaton,WR,Giants,2023.0,3.0,2.715,0.905,0.236,0.004,2023.0,Giants,rookie,0.0
Chris Harper,WR,Packers,2013.0,3.0,1.485,0.495,0.0,0.004,2013.0,Seahawks,rookie,0.0
Tahj Washington,WR,Dolphins,2024.0,4.0,4.110396,1.027599,0.090396,0.004,2024.0,Dolphins,rookie,0.0
Braydon Johnson,WR,Bills,2023.0,3.0,2.71,0.903333,0.015,0.004,2023.0,Bills,rookie,0.0
Mitchell Tinsley,WR,Commanders,2023.0,3.0,2.71,0.903333,0.135,0.004,2023.0,Commanders,rookie,0.0
Nikko Remigio,WR,Chiefs,2023.0,3.0,2.71,0.903333,0.05,0.004,2023.0,Chiefs,rookie,0.0
Xavier Gipson,WR,NYG/PHI,2023.0,3.0,2.71,0.903333,0.165,0.004,2023.0,Jets,rookie,0.0
Malik Knowles,WR,Vikings,2023.0,3.0,2.71,0.903333,0.075,0.004,2023.0,Vikings,rookie,0.0
Jadon Haselwood,WR,Eagles,2023.0,3.0,2.7075,0.9025,0.1275,0.004,2023.0,Eagles,rookie,0.0
Jesse Matthews,WR,Texans,2023.0,3.0,2.705,0.901667,0.06,0.004,2023.0,Texans,rookie,0.0
Jake Bobo,WR,Seahawks,2023.0,3.0,2.705,0.901667,0.01,0.004,2023.0,Seahawks,rookie,0.0
Josh Vann,WR,Panthers,2023.0,3.0,2.705,0.901667,0.04,0.004,2023.0,Panthers,rookie,0.0
Elijah Cooks,WR,Jaguars,2023.0,3.0,2.705,0.901667,0.07,0.004,2023.0,Jaguars,rookie,0.0
John Hall,WR,Seahawks,2023.0,3.0,2.705,0.901667,0.01,0.004,2023.0,Seahawks,rookie,0.0
David Durden,WR,Cowboys,2023.0,3.0,2.705,0.901667,0.15,0.004,2023.0,Cowboys,rookie,0.0
Braxton Westfield,WR,Colts,2023.0,3.0,2.705,0.901666,0.055,0.004,2023.0,Colts,rookie,0.0
Kristian Wilkerson,WR,IND/NE,2022.0,1.0,0.835,0.835,0.0,0.004,2020.0,Titans,veteran,2.0
Malik Heath,WR,ATL/GB,2023.0,3.0,2.704,0.901333,0.009,0.004,2023.0,Packers,rookie,0.0
Kendrick Law,WR,Lions,2026.0,4.0,4.830132,1.207533,0.450132,0.004,2026.0,Lions,rookie,0.0
Shae Wyatt,WR,49ers,2023.0,3.0,2.703,0.901,0.043,0.004,2023.0,49ers,rookie,0.0
Rod Streater,WR,Raiders,2012.0,3.0,1.45,0.483333,0.01,0.004,2012.0,Raiders,rookie,0.0
Jordan Byrd,WR,Steelers,2023.0,3.0,2.7025,0.900833,0.0075,0.004,2023.0,Steelers,rookie,0.0
Jaray Jenkins,WR,Jaguars,2023.0,3.0,2.7025,0.900833,0.0825,0.004,2023.0,Jaguars,rookie,0.0
Chris Coleman,WR,Dolphins,2023.0,3.0,2.7,0.9,0.017,0.004,2023.0,Dolphins,rookie,0.0
Kade Warner,WR,Buccaneers,2023.0,3.0,2.7,0.9,0.005,0.004,2023.0,Buccaneers,rookie,0.0
Pokey Wilson,WR,Chargers,2023.0,3.0,2.7,0.9,0.005,0.004,2023.0,Chargers,rookie,0.0
Keytaon Thompson,WR,Lions,2023.0,3.0,2.7,0.9,0.005,0.004,2023.0,Lions,rookie,0.0
Willie Johnson,WR,Jaguars,2022.0,3.0,2.56,0.833333,0.0,0.004,2022.0,Jaguars,rookie,0.0
John Stephens,WR,Cowboys,2023.0,3.0,2.698,0.899333,0.003,0.004,2023.0,Cowboys,rookie,0.0
Dallas Daniels,WR,Broncos,2023.0,3.0,2.698,0.899333,0.003,0.004,2023.0,Broncos,rookie,0.0
Jose Barbon,WR,Cowboys,2023.0,3.0,2.698,0.899333,0.003,0.004,2023.0,Cowboys,rookie,0.0
Jalen Sample,WR,Commanders,2023.0,3.0,2.6975,0.899167,0.0025,0.004,2023.0,Commanders,rookie,0.0
Zion Bowens,WR,Commanders,2023.0,3.0,2.6975,0.899167,0.0025,0.004,2023.0,Commanders,rookie,0.0
Sy Barnett,WR,Saints,2023.0,3.0,2.6975,0.899167,0.0025,0.004,2023.0,Saints,rookie,0.0
Taylor Grimes,WR,Broncos,2023.0,3.0,2.697,0.899,0.002,0.004,2023.0,Broncos,rookie,0.0
Taye Barber,WR,Buccaneers,2023.0,3.0,2.697,0.899,0.002,0.004,2023.0,Buccaneers,rookie,0.0
C.J. Johnson,WR,Seahawks,2023.0,3.0,2.696,0.898667,0.001,0.004,2023.0,Seahawks,rookie,0.0
Oliver Martin,WR,Jaguars,2023.0,3.0,2.696,0.898667,0.002,0.004,2023.0,Jaguars,rookie,0.0
Brian Cobbs,WR,Cardinals,2023.0,3.0,2.695,0.898333,0.0,0.004,2023.0,Cardinals,rookie,0.0
Michael Tutsie,WR,Colts,2023.0,3.0,2.695,0.898333,0.0,0.004,2023.0,Colts,rookie,0.0
Ed Lee,WR,Patriots,2023.0,3.0,2.695,0.898333,0.0,0.004,2023.0,Patriots,rookie,0.0
Jerome Kapp,WR,Jets,2023.0,3.0,2.695,0.898333,0.0,0.004,2023.0,Jets,rookie,0.0
Jadakis Bonds,WR,Packers,2023.0,3.0,2.695,0.898333,0.0,0.004,2023.0,Packers,rookie,0.0
Garett Maag,WR,Vikings,2023.0,3.0,2.695,0.898333,0.0,0.004,2023.0,Vikings,rookie,0.0
Tyler Hudson,WR,Rams,2023.0,1.0,2.695,0.898333,0.0,0.004,2023.0,Rams,rookie,0.0
Sam James,WR,Rams,2023.0,3.0,2.695,0.898333,0.0,0.004,2023.0,Rams,rookie,0.0
Milton Wright,WR,Chargers,2023.0,3.0,2.695,0.898333,0.0,0.004,2023.0,Chargers,rookie,0.0
Kody Case,WR,Colts,2023.0,3.0,2.695,0.898333,0.0,0.004,2023.0,Colts,rookie,0.0
Kearis Jackson,WR,Titans,2023.0,3.0,2.695,0.898333,0.0,0.004,2023.0,Titans,rookie,0.0
Malachi Carter,WR,Bengals,2023.0,3.0,2.695,0.898333,0.0,0.004,2023.0,Bengals,rookie,0.0
Mac Hippenhammer,WR,Bengals,2023.0,3.0,2.695,0.898333,0.0,0.004,2023.0,Bengals,rookie,0.0
Josh Ali,WR,Falcons,2023.0,3.0,2.695,0.898333,0.0,0.004,2022.0,Falcons,veteran,1.0
Gavin Holmes,WR,Titans,2023.0,3.0,2.695,0.898333,0.0,0.004,2023.0,Titans,rookie,0.0
Jakeem Grant,WR,Dolphins,2016.0,4.0,2.48038,0.620095,0.14038,0.004,2016.0,Dolphins,rookie,0.0
Nate Washington,WR,Steelers,2007.0,1.0,0.435,0.435,0.0,0.004,2005.0,Steelers,veteran,2.0
Cole Beasley,WR,Cowboys,2012.0,3.0,1.4415,0.4805,0.0,0.004,2012.0,Cowboys,rookie,0.0
Kolby Listenbee,WR,Bills,2016.0,4.0,2.472932,0.618233,0.132932,0.004,2016.0,Bills,rookie,0.0
Tre McBride,WR,Jets,2018.0,1.0,0.705,0.705,0.0,0.004,2015.0,Titans,veteran,3.0
Corey Brown,WR,Broncos,2018.0,1.0,0.705,0.705,0.0,0.004,2014.0,Panthers,veteran,4.0
Marlon Brown,WR,Bears,2018.0,1.0,0.705,0.705,0.0,0.004,2013.0,Ravens,veteran,5.0
Bruce Ellington,WR,Lions,2018.0,1.0,0.705,0.705,0.0,0.004,2014.0,,veteran,4.0
Freddie Martino,WR,Buccaneers,2018.0,1.0,0.705,0.705,0.0,0.004,2014.0,Falcons,veteran,4.0
Rashad Greene,WR,Jaguars,2018.0,1.0,0.705,0.705,0.0,0.004,2015.0,Jaguars,veteran,3.0
Breshad Perriman,WR,Browns,2018.0,1.0,0.705,0.705,0.0,0.004,2015.0,Ravens,veteran,3.0
Quan Bray,WR,Texans,2018.0,1.0,0.705,0.705,0.0,0.004,2015.0,Colts,veteran,3.0
Bennie Fowler,WR,Patriots,2018.0,1.0,0.705,0.705,0.0,0.004,2014.0,Broncos,veteran,4.0
Neal Sterling,WR,Jaguars,2015.0,4.0,2.28,0.57,0.0,0.004,2015.0,Jaguars,rookie,0.0
Shelton Gibson,WR,Eagles,2017.0,4.0,2.657248,0.664312,0.257248,0.004,2017.0,Eagles,rookie,0.0
Cody Core,WR,NYG/CIN,2016.0,4.0,2.467932,0.616983,0.127932,0.004,2016.0,Bengals,rookie,0.0
K.J. Hamler,WR,Bills,2025.0,1.0,1.108,1.108,0.008,0.004,2020.0,Broncos,veteran,5.0
Jauan Jennings,WR,49ers,2022.0,1.0,0.825,0.825,0.0,0.004,2020.0,49ers,veteran,2.0
Antoine Wesley,WR,Cardinals,2022.0,1.0,0.825,0.825,0.0,0.004,2019.0,Ravens,veteran,3.0
Terry Godwin,WR,Jaguars,2022.0,1.0,0.825,0.825,0.0,0.004,2019.0,Panthers,veteran,3.0
Maurice Ffrench,WR,Chargers,2022.0,1.0,0.825,0.825,0.0,0.004,2020.0,Chiefs,veteran,2.0
Gary Jennings Jr.,WR,Chiefs,2022.0,1.0,0.825,0.825,0.0,0.004,2019.0,Seahawks,veteran,3.0
Kelvin Harmon,WR,Commanders,2022.0,1.0,0.825,0.825,0.0,0.004,2019.0,Commanders,veteran,3.0
Cody Thompson,WR,Seahawks,2022.0,1.0,0.825,0.825,0.0,0.004,2019.0,Chiefs,veteran,3.0
Austin Mack,WR,49ers,2022.0,1.0,0.825,0.825,0.0,0.004,2020.0,Giants,veteran,2.0
Jordan Taylor,WR,Vikings,2019.0,1.0,0.745,0.745,0.0,0.004,2015.0,Broncos,veteran,4.0
Mike Thomas,WR,Rams,2016.0,4.0,2.456068,0.614017,0.116068,0.004,2016.0,Rams,rookie,0.0
LaJohntay Wester,WR,Ravens,2025.0,4.0,4.414868,1.103717,0.214868,0.004,2025.0,Ravens,rookie,0.0
Myles White,WR,Jets,2017.0,2.0,1.32,0.66,0.0,0.004,2013.0,Packers,veteran,4.0
Cyrus Allen,WR,Chiefs,2026.0,4.0,4.759476,1.189869,0.379476,0.004,2026.0,Chiefs,rookie,0.0
Kevin Coleman Jr.,WR,Dolphins,2026.0,4.0,4.759476,1.189869,0.379476,0.004,2026.0,Dolphins,rookie,0.0
Isaiah McKenzie,WR,Broncos,2017.0,4.0,2.635856,0.658964,0.235856,0.004,2017.0,Broncos,rookie,0.0
Tyquan Thornton,WR,Chiefs,2025.0,1.0,1.1,1.1,0.0,0.004,2022.0,Patriots,veteran,3.0
Malik Taylor,WR,Lions,2025.0,1.0,1.1,1.1,0.0,0.004,2019.0,Buccaneers,veteran,6.0
Mike Strachan,WR,Commanders,2025.0,1.0,1.1,1.1,0.0,0.004,2021.0,Colts,veteran,4.0
Trishton Jackson,WR,Cardinals,2025.0,1.0,1.1,1.1,0.0,0.004,2020.0,Rams,veteran,5.0
Jimmy Horn Jr.,WR,Panthers,2025.0,4.0,4.39544,1.09886,0.19544,0.004,2025.0,Panthers,rookie,0.0
Aaron Burbridge,WR,49ers,2016.0,4.0,2.440356,0.610089,0.100356,0.004,2016.0,,rookie,0.0
Doug Baldwin,WR,Seahawks,2011.0,3.0,1.4125,0.470833,0.0175,0.004,2011.0,Seahawks,rookie,0.0
Charone Peake,WR,Jaguars,2019.0,1.0,0.735,0.735,0.0,0.004,2016.0,Jets,veteran,3.0
Josh Morgan,WR,49ers,2008.0,4.0,1.811,0.45275,0.106,0.004,2008.0,,rookie,0.0
Joe Adams,WR,Panthers,2013.0,1.0,0.48,0.48,0.0,0.004,2012.0,Panthers,veteran,1.0
Jordan White,WR,Jets,2013.0,1.0,0.48,0.48,0.0,0.004,2012.0,Jets,veteran,1.0
DeMarco Sampson,WR,Bills,2013.0,1.0,0.48,0.48,0.0,0.004,2011.0,Cardinals,veteran,2.0
Justin Watson,WR,Buccaneers,2018.0,4.0,2.761736,0.690434,0.301736,0.004,2018.0,Buccaneers,rookie,0.0
Trent Taylor,WR,49ers,2017.0,4.0,2.601948,0.650487,0.201948,0.004,2017.0,49ers,rookie,0.0
Riley Cooper,WR,Eagles,2010.0,4.0,2.006478,0.50162,0.171478,0.004,2010.0,Eagles,rookie,0.0
Devin Fuller,WR,Falcons,2016.0,4.0,2.413784,0.603446,0.073784,0.004,2016.0,Falcons,rookie,0.0
Barion Brown,WR,Saints,2026.0,4.0,4.674016,1.168504,0.294016,0.004,2026.0,Saints,rookie,0.0
Charone Peake,WR,Jets,2016.0,4.0,2.40838,0.602095,0.06838,0.004,2016.0,Jets,rookie,0.0
Josh Cameron,WR,Jaguars,2026.0,4.0,4.670072,1.167518,0.290072,0.004,2026.0,Patriots,rookie,0.0
Phil Bates,WR,Cowboys,2015.0,2.0,1.11,0.555,0.0,0.004,2012.0,Seahawks,veteran,3.0
Tez Johnson,WR,Buccaneers,2025.0,4.0,4.32394,1.080985,0.12394,0.004,2025.0,Buccaneers,rookie,0.0
Johnathon Johnson,WR,Commanders,2020.0,3.0,2.3015,0.767167,0.0165,0.004,2020.0,Commanders,rookie,0.0
Stanley Berryhill,WR,Lions,2023.0,1.0,0.87,0.87,0.0,0.004,2022.0,Falcons,veteran,1.0
Gary Jennings Jr.,WR,Panthers,2023.0,1.0,0.87,0.87,0.0,0.004,2019.0,Seahawks,veteran,4.0
Isaiah Hodgins,WR,Giants,2023.0,1.0,0.87,0.87,0.0,0.004,2020.0,Bills,veteran,3.0
Chris Lacy,WR,Raiders,2023.0,1.0,0.87,0.87,0.0,0.004,2018.0,Patriots,veteran,5.0
John Hightower,WR,Chargers,2023.0,1.0,0.87,0.87,0.0,0.004,2020.0,Eagles,veteran,3.0
Dazz Newsome,WR,49ers,2023.0,1.0,0.87,0.87,0.0,0.004,2021.0,Bears,veteran,2.0
Marquez Stevenson,WR,Panthers,2023.0,1.0,0.87,0.87,0.0,0.004,2021.0,Bills,veteran,2.0
Hakeem Butler,WR,Steelers,2023.0,1.0,0.87,0.87,0.0,0.004,2019.0,Cardinals,veteran,4.0
Blake Proehl,WR,Vikings,2023.0,1.0,0.87,0.87,0.0,0.004,2021.0,Vikings,veteran,2.0
Tim Jones,WR,Jaguars,2023.0,1.0,0.87,0.87,0.0,0.004,2021.0,Jaguars,veteran,2.0
J.J. Koski,WR,Broncos,2023.0,1.0,0.87,0.87,0.0,0.004,2020.0,Rams,veteran,3.0
Jalen Hurd,WR,Patriots,2023.0,1.0,0.87,0.87,0.0,0.004,2019.0,49ers,veteran,4.0
Deon Cain,WR,Eagles,2023.0,1.0,0.87,0.87,0.0,0.004,2018.0,Colts,veteran,5.0
Isaiah Zuber,WR,Raiders,2023.0,1.0,0.87,0.87,0.0,0.004,2020.0,Patriots,veteran,3.0
Joe Reed,WR,Bears,2023.0,1.0,0.87,0.87,0.0,0.004,2020.0,Chargers,veteran,3.0
Malik Benson,WR,Raiders,2026.0,4.0,4.657732,1.164433,0.277732,0.004,2026.0,Raiders,rookie,0.0
Bryce Treggs,WR,Eagles,2018.0,2.0,1.37,0.685,0.02,0.004,2016.0,,veteran,2.0
Trishton Jackson,WR,Rams,2020.0,3.0,2.298,0.766,0.013,0.004,2020.0,Rams,rookie,0.0
LaRon Byrd,WR,Panthers,2016.0,1.0,0.6,0.6,0.0,0.004,2012.0,Cardinals,veteran,4.0
Stephen Hill,WR,Panthers,2016.0,1.0,0.6,0.6,0.0,0.004,2012.0,Jets,veteran,4.0
Dontrelle Inman,WR,Chargers,2016.0,1.0,0.6,0.6,0.0,0.004,2011.0,Jaguars,veteran,5.0
Adam Thielen,WR,Vikings,2016.0,1.0,0.6,0.6,0.0,0.004,2013.0,Vikings,veteran,3.0
Zimari Manning,WR,Broncos,2020.0,3.0,2.2975,0.765833,0.0125,0.004,2020.0,Broncos,rookie,0.0
C.J. Daniels,WR,Rams,2026.0,4.0,4.655244,1.163811,0.275244,0.004,2026.0,Rams,rookie,0.0
Dontrelle Inman,WR,Jaguars,2011.0,3.0,1.395,0.465,0.0025,0.004,2011.0,Jaguars,rookie,0.0
Emmanuel Henderson,WR,Seahawks,2026.0,4.0,4.653192,1.163298,0.273192,0.004,2026.0,Seahawks,rookie,0.0
Stephen Guidry,WR,Cowboys,2020.0,3.0,2.295,0.765,0.11,0.004,2020.0,Cowboys,rookie,0.0
Marquez Callaway,WR,Saints,2020.0,3.0,2.295,0.765,0.095,0.004,2020.0,Saints,rookie,0.0
Quartney Davis,WR,Vikings,2020.0,3.0,2.295,0.765,0.11,0.004,2020.0,Vikings,rookie,0.0
Dan Chisena,WR,Vikings,2020.0,3.0,2.295,0.765,0.06,0.004,2020.0,Vikings,rookie,0.0
Albert Wilson,WR,Chiefs,2014.0,3.0,1.54,0.513333,0.01,0.004,2014.0,Chiefs,rookie,0.0
Kaden Prather,WR,Bills,2025.0,4.0,4.310368,1.077592,0.110368,0.004,2025.0,Bills,rookie,0.0
C.J. Williams,WR,Jaguars,2026.0,4.0,4.64828,1.16207,0.26828,0.004,2026.0,Jaguars,rookie,0.0
Konata Mumpfield,WR,Rams,2025.0,4.0,4.308536,1.077134,0.108536,0.004,2025.0,Rams,rookie,0.0
Lewis Bond,WR,Texans,2026.0,4.0,4.64688,1.16172,0.26688,0.004,2026.0,Texans,rookie,0.0
Davion Davis,WR,Commanders,2024.0,1.0,0.985,0.985,0.0,0.004,2019.0,Vikings,veteran,5.0
Frank Darby,WR,49ers,2024.0,1.0,0.985,0.985,0.0,0.004,2021.0,Falcons,veteran,3.0
Anthony Schwartz,WR,Dolphins,2024.0,1.0,0.985,0.985,0.0,0.004,2021.0,Browns,veteran,3.0
Shi Smith,WR,Chiefs,2024.0,1.0,0.985,0.985,0.0,0.004,2021.0,Panthers,veteran,3.0
Tim Jones,WR,Jaguars,2024.0,1.0,0.985,0.985,0.0,0.004,2021.0,Jaguars,veteran,3.0
Jalen Camp,WR,Panthers,2024.0,1.0,0.985,0.985,0.0,0.004,2021.0,Jaguars,veteran,3.0
Dalton Schoen,WR,Chargers,2020.0,3.0,2.293,0.764333,0.013,0.004,2020.0,Chargers,rookie,0.0
TreVontae Hights,WR,Panthers,2020.0,3.0,2.293,0.764333,0.018,0.004,2020.0,Panthers,rookie,0.0
Dominic Lovett,WR,Lions,2025.0,4.0,4.306772,1.076693,0.106772,0.004,2025.0,Lions,rookie,0.0
Austin Mack,WR,Falcons,2024.0,2.0,1.969,0.9845,0.024,0.004,2020.0,Giants,veteran,4.0
Easop Winston,WR,Rams,2020.0,3.0,2.291,0.763667,0.006,0.004,2020.0,Rams,rookie,0.0
Ahmad Wagner,WR,Bears,2020.0,3.0,2.291,0.763667,0.011,0.004,2020.0,Bears,rookie,0.0
Kyle Williams,WR,Titans,2020.0,3.0,2.2905,0.7635,0.018,0.004,2020.0,Titans,rookie,0.0
Brandon Polk,WR,Rams,2020.0,3.0,2.29,0.763333,0.005,0.004,2020.0,Rams,rookie,0.0
Jalen McCleskey,WR,Falcons,2020.0,3.0,2.293,0.763333,0.005,0.004,2020.0,Falcons,rookie,0.0
Isaiah Wright,WR,Commanders,2020.0,3.0,2.29,0.763333,0.015,0.004,2020.0,Commanders,rookie,0.0
Sean Riley,WR,Patriots,2020.0,3.0,2.29,0.763333,0.015,0.004,2020.0,Patriots,rookie,0.0
Kendrick Rogers,WR,Cowboys,2020.0,3.0,2.29,0.763333,0.005,0.004,2020.0,Cowboys,rookie,0.0
Jordan Lasley,WR,BAL/LV,2018.0,4.0,2.728676,0.682169,0.268676,0.004,2018.0,Ravens,rookie,0.0
Earnest Edwards,WR,Rams,2020.0,3.0,2.289,0.763,0.004,0.004,2020.0,Rams,rookie,0.0
Jeremiah Braswell,WR,Cardinals,2020.0,3.0,2.288,0.762667,0.003,0.004,2020.0,Cardinals,rookie,0.0
Jeff Thomas,WR,Patriots,2020.0,3.0,2.2875,0.7625,0.0025,0.004,2020.0,Patriots,rookie,0.0
Justice Shelton-Mosley,WR,Chiefs,2020.0,3.0,2.2875,0.7625,0.0025,0.004,2020.0,Chiefs,rookie,0.0
George Campbell,WR,Jets,2020.0,3.0,2.2875,0.7625,0.0025,0.004,2020.0,Jets,rookie,0.0
Marvelle Ross,WR,Jaguars,2020.0,3.0,2.2875,0.7625,0.0075,0.004,2020.0,Jaguars,rookie,0.0
Allen Hurns,WR,Jaguars,2014.0,3.0,1.535,0.511667,0.02,0.004,2014.0,Jaguars,rookie,0.0
Rashad Medaris,WR,Cardinals,2020.0,3.0,2.287,0.762333,0.002,0.004,2020.0,Cardinals,rookie,0.0
Shane Leatherbury,WR,Cardinals,2020.0,3.0,2.287,0.762333,0.002,0.004,2020.0,Cardinals,rookie,0.0
Devin Phelps,WR,Cardinals,2020.0,3.0,2.286,0.762,0.001,0.004,2020.0,Cardinals,rookie,0.0
Siaosi Mariner,WR,Raiders,2020.0,3.0,2.286,0.762,0.001,0.004,2020.0,Raiders,rookie,0.0
Michael Dereus,WR,Ravens,2020.0,3.0,2.286,0.762,0.001,0.004,2020.0,Ravens,rookie,0.0
Omar Bayless,WR,Panthers,2020.0,3.0,2.285,0.761667,0.1,0.004,2020.0,Panthers,rookie,0.0
Khalil Tate,WR,Eagles,2020.0,3.0,2.285,0.761667,0.01,0.004,2020.0,Eagles,rookie,0.0
Austin Trammell,WR,Jaguars,2026.0,1.0,1.155,1.155,0.01,0.004,2021.0,Falcons,veteran,5.0
Taylor Gabriel,WR,ATL/CLE,2014.0,3.0,1.53,0.51,0.0,0.004,2014.0,Browns,rookie,0.0
Diontae Spencer,WR,Rams,2014.0,3.0,1.53,0.51,0.0,0.004,2014.0,Rams,rookie,0.0
Eric Rogers,WR,49ers,2016.0,2.0,1.19,0.595,0.225,0.004,2013.0,Cowboys,veteran,3.0
Pierre Garcon,WR,Colts,2008.0,4.0,1.7766,0.44415,0.0716,0.004,2008.0,Colts,rookie,0.0
Damiere Byrd,WR,Cardinals,2019.0,1.0,0.72,0.72,0.0,0.004,2015.0,Panthers,veteran,4.0
Josh Doctson,WR,Vikings,2019.0,1.0,0.72,0.72,0.0,0.004,2016.0,Commanders,veteran,3.0
Laquon Treadwell,WR,Vikings,2019.0,1.0,0.72,0.72,0.0,0.004,2016.0,Vikings,veteran,3.0
Corey Coleman,WR,Giants,2019.0,1.0,0.72,0.72,0.0,0.004,2016.0,Browns,veteran,3.0
Jaelen Strong,WR,Browns,2019.0,1.0,0.72,0.72,0.0,0.004,2015.0,Texans,veteran,4.0
Darius Jennings,WR,Titans,2019.0,1.0,0.72,0.72,0.0,0.004,2015.0,Browns,veteran,4.0
J.D. McKissic,WR,Lions,2019.0,1.0,0.72,0.72,0.0,0.004,2016.0,Falcons,veteran,3.0
Pharoh Cooper,WR,Cardinals,2019.0,1.0,0.72,0.72,0.0,0.004,2016.0,Rams,veteran,3.0
Tre McBride,WR,Jaguars,2019.0,1.0,0.72,0.72,0.0,0.004,2015.0,Titans,veteran,4.0
Darius Jennings,WR,Titans,2018.0,2.0,1.35,0.675,0.0,0.004,2015.0,Browns,veteran,3.0
James Wright,WR,Colts,2018.0,2.0,1.35,0.675,0.0,0.004,2014.0,Bengals,veteran,4.0
Seantavius Jones,WR,Colts,2018.0,2.0,1.35,0.675,0.0,0.004,2014.0,Saints,veteran,4.0
Deontay Burnett,WR,Cowboys,2024.0,2.0,1.945,0.9725,0.0,0.004,2018.0,Titans,veteran,6.0
Raleigh Webb,WR,Buccaneers,2024.0,2.0,1.945,0.9725,0.0,0.004,2022.0,Ravens,veteran,2.0
Bo Melton,WR,Packers,2026.0,1.0,1.145,1.145,0.0,0.004,2022.0,Seahawks,veteran,4.0
Lawrence Cager,WR,Commanders,2026.0,1.0,1.145,1.145,0.0,0.004,2020.0,Jets,veteran,6.0
Brandon Johnson,WR,Raiders,2026.0,1.0,1.145,1.145,0.0,0.004,2022.0,Broncos,veteran,4.0
Cody White,WR,Seahawks,2026.0,1.0,1.145,1.145,0.0,0.004,2020.0,Chiefs,veteran,6.0
Jonathan Mingo,WR,Cowboys,2026.0,1.0,1.145,1.145,0.0,0.004,2023.0,Panthers,veteran,3.0
Steve Johnson,WR,Bills,2008.0,4.0,1.75903,0.439758,0.05403,0.004,2008.0,Bills,rookie,0.0
Anthony Smith,WR,Cowboys,2026.0,4.0,4.56086,1.140215,0.18086,0.004,2026.0,Cowboys,rookie,0.0
KhaDarel Hodge,WR,Browns,2020.0,1.0,0.75,0.75,0.0,0.004,2018.0,Rams,veteran,2.0
Malik Turner,WR,Seahawks,2020.0,1.0,0.75,0.75,0.0,0.004,2018.0,Seahawks,veteran,2.0
Tim Patrick,WR,Broncos,2020.0,1.0,0.75,0.75,0.0,0.004,2017.0,Ravens,veteran,3.0
Juwan Green,WR,Titans,2022.0,2.0,1.575,0.7875,0.0,0.004,2020.0,Falcons,veteran,2.0
Warren Jackson,WR,Rams,2022.0,2.0,1.575,0.7875,0.0,0.004,2021.0,Broncos,veteran,1.0
Jalen McCleskey,WR,Saints,2022.0,2.0,1.575,0.7875,0.0,0.004,2020.0,Falcons,veteran,2.0
Landen Akers,WR,Rams,2022.0,2.0,1.575,0.7875,0.0,0.004,2021.0,Rams,veteran,1.0
Austin Watkins,WR,Buccaneers,2022.0,2.0,1.575,0.7875,0.0,0.004,2021.0,49ers,veteran,1.0
Travis Jonsen,WR,Buccaneers,2022.0,2.0,1.575,0.7875,0.0,0.004,2020.0,Buccaneers,veteran,2.0
Chris Williams,WR,Bears,2014.0,2.0,1.005,0.5025,0.0,0.004,2009.0,Dolphins,veteran,5.0
Marquez Valdes-Scantling,WR,Packers,2018.0,4.0,2.677556,0.669389,0.217556,0.004,2018.0,Packers,rookie,0.0
Hunter Renfrow,WR,Raiders,2019.0,4.0,2.835948,0.708987,0.315948,0.004,2019.0,Raiders,rookie,0.0
Brandon Gibson,WR,LAR/PHI,2009.0,4.0,1.85,0.4625,0.1,0.004,2009.0,Eagles,rookie,0.0
Tyler Scott,WR,Rams,2026.0,2.0,2.265,1.1325,0.0,0.004,2023.0,Bears,veteran,3.0
Damion Ratley,WR,CLE/NYG,2018.0,4.0,2.653868,0.663467,0.193868,0.004,2018.0,Browns,rookie,0.0
Jeremy Butler,WR,Bills,2017.0,1.0,0.625,0.625,0.0,0.004,2014.0,Ravens,veteran,3.0
Stacy Coley,WR,MIN/NYG,2017.0,4.0,2.496692,0.624173,0.096692,0.004,2017.0,Vikings,rookie,0.0
Deion Burks,WR,Colts,2026.0,4.0,4.500488,1.125122,0.120488,0.004,2026.0,Colts,rookie,0.0
Xavier Weaver,WR,Cardinals,2024.0,3.0,2.86,0.953333,0.255,0.004,2024.0,Cardinals,rookie,0.0
Dee Williams,WR,Seahawks,2024.0,3.0,2.855,0.951667,0.125,0.004,2024.0,Seahawks,rookie,0.0
David White Jr.,WR,Jaguars,2024.0,3.0,2.855,0.951667,0.25,0.004,2024.0,Jaguars,rookie,0.0
Toney Clemons,WR,Panthers,2014.0,1.0,0.495,0.495,0.0,0.004,2012.0,Steelers,veteran,2.0
Chris Hogan,WR,Bills,2014.0,1.0,0.495,0.495,0.0,0.004,2011.0,,veteran,3.0
Kamar Aiken,WR,Ravens,2014.0,1.0,0.495,0.495,0.0,0.004,2011.0,Bills,veteran,3.0
Brandon Washington,WR,Rams,2014.0,1.0,0.495,0.495,0.0,0.004,2012.0,Eagles,veteran,2.0
Hayden Hatten,WR,Seahawks,2024.0,3.0,2.845,0.948333,0.015,0.004,2024.0,Seahawks,rookie,0.0
Leon Johnson,WR,Chargers,2024.0,3.0,28.845,0.948333,0.04,0.004,2024.0,Chargers,rookie,0.0
Jalon Calhoun,WR,Lions,2024.0,3.0,2.845,0.948333,0.05,0.004,2024.0,Lions,rookie,0.0
Isaiah Williams,WR,Lions,2024.0,3.0,2.845,0.948333,0.24,0.004,2024.0,Lions,rookie,0.0
Isaiah Ford,WR,Dolphins,2017.0,4.0,2.478312,0.619578,0.078312,0.004,2017.0,Dolphins,rookie,0.0
Maurice Harris,WR,Saints,2020.0,1.0,0.735,0.735,0.0,0.004,2016.0,Commanders,veteran,4.0
Jeff Foreman,WR,Raiders,2024.0,3.0,2.84,0.946667,0.055,0.004,2024.0,Raiders,rookie,0.0
Lawrence Keys,WR,Bills,2024.0,3.0,2.84,0.946667,0.01,0.004,2024.0,Bills,rookie,0.0
Mason Tipton,WR,Saints,2024.0,3.0,2.84,0.946667,0.11,0.004,2024.0,Saints,rookie,0.0
Kameron Johnson,WR,Buccaneers,2024.0,3.0,2.84,0.946667,0.01,0.004,2024.0,Buccaneers,rookie,0.0
Deon Cain,WR,Colts,2018.0,4.0,2.625636,0.656409,0.165636,0.004,2018.0,Colts,rookie,0.0
Jerreth Sterns,WR,Rams,2023.0,2.0,1.665,0.8325,0.0,0.004,2022.0,Buccaneers,veteran,1.0
Reggie Roberson Jr.,WR,Titans,2023.0,2.0,1.655,0.8325,0.0,0.004,2022.0,Titans,veteran,1.0
Dontario Drummond,WR,Cowboys,2023.0,2.0,1.665,0.8325,0.0,0.004,2022.0,Cowboys,veteran,1.0
Jaquarii Roberson,WR,Rams,2023.0,2.0,1.665,0.8325,0.0,0.004,2022.0,Cowboys,veteran,1.0
Chandler Worthy,WR,Jets,2016.0,2.0,1.15,0.575,0.01,0.004,2015.0,Texans,veteran,1.0
Noah Brown,WR,Cowboys,2017.0,4.0,2.471952,0.617988,0.071952,0.004,2017.0,Cowboys,rookie,0.0
Marcus Riley,WR,Jets,2024.0,3.0,2.835,0.945,0.015,0.004,2024.0,Jets,rookie,0.0
Lincoln Victor,WR,Broncos,2024.0,3.0,2.835,0.945,0.025,0.004,2024.0,Broncos,rookie,0.0
Brevin Easton,WR,Jaguars,2024.0,3.0,2.835,0.945,0.03,0.004,2024.0,Jaguars,rookie,0.0
Latreal Jones,WR,Buccaneers,2024.0,3.0,2.835,0.945,0.005,0.004,2024.0,Buccaneers,rookie,0.0
Isaiah Washington,WR,Ravens,2024.0,3.0,2.835,0.945,0.005,0.004,2024.0,Ravens,rookie,0.0
Jelani Baker,WR,Ravens,2024.0,3.0,2.835,0.945,0.005,0.004,2024.0,Ravens,rookie,0.0
Tyler Harrell,WR,Jets,2024.0,3.0,2.835,0.945,0.025,0.004,2024.0,Jets,rookie,0.0
Devron Harper,WR,Vikings,2024.0,3.0,2.835,0.945,0.015,0.004,2024.0,Vikings,rookie,0.0
Tre Mosley,WR,Bengals,2024.0,3.0,2.833,0.944333,0.003,0.004,2024.0,Bengals,rookie,0.0
Corey Crooms,WR,Cowboys,2024.0,3.0,2.833,0.944333,0.003,0.004,2024.0,Cowboys,rookie,0.0
Xavier White,WR,Colts,2024.0,3.0,2.8325,0.944167,0.0025,0.004,2024.0,Colts,rookie,0.0
J.J. Laap,WR,Rams,2024.0,3.0,2.832,0.944,0.002,0.004,2024.0,Rams,rookie,0.0
DeAngelo Hardy,WR,Ravens,2024.0,3.0,2.832,0.944,0.002,0.004,2024.0,Ravens,rookie,0.0
Je'Quan Burton,WR,Dolphins,2024.0,3.0,2.832,0.944,0.002,0.004,2024.0,Dolphins,rookie,0.0
Ray-Ray McCloud,WR,BUF/CAR,2018.0,4.0,2.619824,0.654956,0.159824,0.004,2018.0,Bills,rookie,0.0
Ayir Asante,WR,Giants,2024.0,3.0,2.831,0.943667,0.004,0.004,2024.0,Giants,rookie,0.0
Wayne Ruby,WR,Jaguars,2024.0,3.0,2.831,0.943667,0.001,0.004,2024.0,Jaguars,rookie,0.0
Joe Scates,WR,Jaguars,2024.0,3.0,2.831,0.943667,0.001,0.004,2024.0,Jaguars,rookie,0.0
Ty James,WR,Vikings,2024.0,3.0,2.83,0.943333,0.005,0.004,2024.0,Vikings,rookie,0.0
Phillip Brooks,WR,Chiefs,2024.0,3.0,2.83,0.943333,0.0,0.004,2024.0,Chiefs,rookie,0.0
Reggie Brown,WR,Chiefs,2024.0,3.0,2.83,0.943333,0.005,0.004,2024.0,Chiefs,rookie,0.0
Sam Schnee,WR,Titans,2024.0,3.0,2.83,0.943333,0.0,0.004,2024.0,Titans,rookie,0.0
Jaaron Hayek,WR,Chiefs,2024.0,3.0,2.83,0.943333,0.0,0.004,2024.0,Chiefs,rookie,0.0
Derek Slywka,WR,Colts,2024.0,3.0,2.83,0.943333,0.0,0.004,2024.0,Colts,rookie,0.0
David Wallis,WR,Patriots,2024.0,3.0,2.83,0.943333,0.0,0.004,2024.0,Patriots,rookie,0.0
Odieu Hiliare,WR,Falcons,2024.0,3.0,2.83,0.943333,0.0,0.004,2024.0,Falcons,rookie,0.0
Dimitri Stanley,WR,Packers,2024.0,3.0,2.83,0.943333,0.0,0.004,2024.0,Packers,rookie,0.0
Hamze El-Zayat,WR,Jets,2024.0,3.0,2.83,0.943333,0.0,0.004,2024.0,Jets,rookie,0.0
Rory Starkey,WR,Packers,2024.0,3.0,2.83,0.943333,0.0,0.004,2024.0,Packers,rookie,0.0
Devin Carter,WR,Panthers,2024.0,3.0,2.83,0.943333,0.0,0.004,2024.0,Panthers,rookie,0.0
Russell Gage,WR,Falcons,2018.0,4.0,2.616192,0.654048,0.156192,0.004,2018.0,Falcons,rookie,0.0
Bo Melton,WR,Packers,2025.0,1.0,1.03,1.03,0.0,0.004,2022.0,Seahawks,veteran,3.0
Jacob Harris,WR,Buccaneers,2025.0,1.0,1.03,1.03,0.0,0.004,2021.0,Rams,veteran,4.0
Dax Milne,WR,Panthers,2025.0,1.0,1.03,1.03,0.0,0.004,2021.0,Commanders,veteran,4.0
Dez Fitzpatrick,WR,Chargers,2025.0,1.0,1.03,1.03,0.0,0.004,2021.0,Titans,veteran,4.0
Irvin Charles,WR,Seahawks,2025.0,1.0,1.03,1.03,0.0,0.004,2022.0,Jets,veteran,3.0
Montrell Washington,WR,Giants,2025.0,1.0,1.03,1.03,0.0,0.004,2022.0,Broncos,veteran,3.0
D.J. Montgomery,WR,Colts,2025.0,1.0,1.03,1.03,0.0,0.004,2019.0,Browns,veteran,6.0
Kyle Philips,WR,Raiders,2025.0,1.0,1.03,1.03,0.0,0.004,2022.0,Titans,veteran,3.0
Lucky Whitehead,WR,NYJ/DAL,2015.0,3.0,1.585,0.528333,0.01,0.004,2015.0,Cowboys,rookie,0.0
DaVaris Daniels,WR,Patriots,2015.0,3.0,1.585,0.528333,0.01,0.004,2015.0,Vikings,rookie,0.0
Brandon Coleman,WR,Saints,2017.0,1.0,0.615,0.615,0.0,0.004,2014.0,Saints,veteran,3.0
Bruce Ellington,WR,Texans,2017.0,1.0,0.615,0.615,0.0,0.004,2014.0,,veteran,3.0
Seantavius Jones,WR,Chiefs,2017.0,1.0,0.615,0.615,0.0,0.004,2014.0,Saints,veteran,3.0
Chris Harper,WR,Jets,2017.0,1.0,0.615,0.615,0.0,0.004,2015.0,Patriots,veteran,2.0
Jared Abbrederis,WR,Lions,2017.0,1.0,0.615,0.615,0.0,0.004,2014.0,Packers,veteran,3.0
Frankie Hammond,WR,Jets,2017.0,1.0,0.615,0.615,0.0,0.004,2013.0,Chiefs,veteran,4.0
Rodney Smith,WR,Seahawks,2017.0,1.0,0.615,0.615,0.0,0.004,2013.0,Vikings,veteran,4.0
Seth Roberts,WR,Raiders,2017.0,1.0,0.615,0.615,0.0,0.004,2014.0,Raiders,veteran,3.0
Isaiah Burse,WR,Chargers,2017.0,1.0,0.615,0.615,0.0,0.004,2014.0,Broncos,veteran,3.0
Adam Humphries,WR,Buccaneers,2017.0,1.0,0.615,0.615,0.0,0.004,2015.0,Buccaneers,veteran,2.0
Bennie Fowler,WR,Broncos,2017.0,1.0,0.615,0.615,0.0,0.004,2014.0,Broncos,veteran,3.0
Aaron Dobson,WR,Cardinals,2017.0,1.0,0.615,0.615,0.0,0.004,2013.0,Patriots,veteran,4.0
Willie Snead,WR,Saints,2017.0,1.0,0.615,0.615,0.0,0.004,2014.0,Browns,veteran,3.0
Kevin Norwood,WR,Giants,2017.0,1.0,0.615,0.615,0.0,0.004,2014.0,Seahawks,veteran,3.0
Chris Matthews,WR,Ravens,2017.0,1.0,0.615,0.615,0.0,0.004,2011.0,Browns,veteran,6.0
Gavin Lutman,WR,Vikings,2015.0,3.0,1.5825,0.5275,0.0075,0.004,2015.0,Vikings,rookie,0.0
Austin Watkins,WR,Eagles,2024.0,2.0,1.88,0.94,0.15,0.004,2021.0,49ers,veteran,3.0
Devante Davis,WR,Eagles,2015.0,3.0,1.582,0.527333,0.007,0.004,2015.0,Eagles,rookie,0.0
Bradley Marquez,WR,Rams,2015.0,3.0,1.5815,0.527167,0.0065,0.004,2015.0,Rams,rookie,0.0
Cameron Meredith,WR,Bears,2015.0,3.0,1.581,0.527,0.006,0.004,2015.0,Bears,rookie,0.0
Jimmie Hunt,WR,Packers,2015.0,3.0,1.58,0.526667,0.005,0.004,2015.0,Packers,rookie,0.0
Eli Rogers,WR,Steelers,2015.0,3.0,1.58,0.526667,0.005,0.004,2015.0,Steelers,rookie,0.0
Devin Gardner,WR,Steelers,2015.0,3.0,1.58,0.526667,0.015,0.004,2015.0,Patriots,rookie,0.0
Javess Blue,WR,Packers,2015.0,3.0,1.579,0.526333,0.004,0.004,2015.0,Packers,rookie,0.0
Mario Alford,WR,Browns,2016.0,2.0,1.14,0.57,0.0,0.004,2015.0,Bengals,veteran,1.0
Donteea Dye,WR,Buccaneers,2016.0,2.0,1.14,0.57,0.0,0.004,2015.0,Buccaneers,veteran,1.0
Tre McBride,WR,TEN/CHI,2016.0,2.0,1.14,0.57,0.0,0.004,2015.0,Titans,veteran,1.0
Ryan Spadola,WR,Lions,2016.0,2.0,1.14,0.57,0.0,0.004,2013.0,Jets,veteran,3.0
Chris Harper,WR,49ers,2016.0,2.0,1.14,0.57,0.0,0.004,2015.0,Patriots,veteran,1.0
Cam Worthy,WR,Ravens,2015.0,3.0,1.5775,0.525833,0.0025,0.004,2015.0,Ravens,rookie,0.0
Isiah Ferguson,WR,Rams,2015.0,3.0,1.576,0.525333,0.001,0.004,2015.0,Rams,rookie,0.0
Stacy Coley,WR,Jets,2019.0,2.0,1.38,0.69,0.0,0.004,2017.0,Vikings,veteran,2.0
Devin Smith,WR,Cowboys,2019.0,2.0,1.38,0.69,0.0,0.004,2015.0,Jets,veteran,4.0
Damond Powell,WR,Cardinals,2015.0,3.0,1.5755,0.525167,0.0005,0.004,2015.0,Cardinals,rookie,0.0
Kenzel Doe,WR,Steelers,2015.0,3.0,1.575,0.525,0.0,0.004,2015.0,Steelers,rookie,0.0
Jonathon Rumph,WR,Jets,2015.0,3.0,1.575,0.525,0.0,0.004,2015.0,Jets,rookie,0.0
Trent Steelman,WR,Ravens,2015.0,3.0,1.575,0.525,0.0,0.004,2015.0,Ravens,rookie,0.0
Arthur Williams,WR,Jets,2015.0,3.0,1.575,0.525,0.0,0.004,2015.0,Jets,rookie,0.0
Mike Johnson,WR,Eagles,2015.0,3.0,1.575,0.525,0.0,0.004,2015.0,Eagles,rookie,0.0
Adam Drake,WR,Chiefs,2015.0,3.0,1.575,0.525,0.0,0.004,2015.0,Chiefs,rookie,0.0
Tebucky Jones,WR,Titans,2015.0,3.0,1.575,0.525,0.0,0.004,2015.0,Titans,rookie,0.0
James Butler,WR,Packers,2015.0,3.0,1.575,0.525,0.0,0.004,2015.0,Packers,rookie,0.0
Trevor Harman,WR,Cardinals,2015.0,3.0,1.575,0.525,0.0,0.004,2015.0,Cardinals,rookie,0.0
Darius Slayton,WR,Giants,2019.0,4.0,2.754876,0.688719,0.234884,0.004,2019.0,Giants,rookie,0.0
Tyrell Shavers,WR,Bills,2025.0,2.0,2.042,1.021,0.007,0.004,2023.0,Bills,veteran,2.0
Trindon Holliday,WR,Texans,2010.0,4.0,1.8866,0.47165,0.0966,0.004,2010.0,Texans,rookie,0.0
Julian Edelman,WR,Patriots,2009.0,4.0,1.7987,0.449675,0.0487,0.004,2009.0,Patriots,rookie,0.0
Ramel Keyton,WR,Titans,2025.0,2.0,2.035,1.0175,0.0,0.004,2024.0,Raiders,veteran,1.0
Easop Winston,WR,Jets,2025.0,2.0,2.035,1.0175,0.0,0.004,2020.0,Rams,veteran,5.0
Kelvin Harmon,WR,Cowboys,2025.0,2.0,2.035,1.0175,0.0,0.004,2019.0,Commanders,veteran,6.0
Davone Bess,WR,Dolphins,2010.0,1.0,0.47,0.47,0.0,0.004,2008.0,Dolphins,veteran,2.0
Cedrick Wilson Jr.,WR,Cowboys,2018.0,4.0,2.578408,0.644602,0.118408,0.004,2018.0,Cowboys,rookie,0.0
Braxton Berrios,WR,NYJ/NE,2018.0,4.0,2.578408,0.644602,0.118408,0.004,2018.0,Patriots,rookie,0.0
Equanimeous St. Brown,WR,Packers,2018.0,4.0,2.578408,0.644602,0.118408,0.004,2018.0,Packers,rookie,0.0
Rashard Higgins,WR,Browns,2016.0,4.0,2.254384,0.563596,0.184384,0.004,2016.0,Browns,rookie,0.0
KeeSean Johnson,WR,Cardinals,2019.0,4.0,2.729312,0.682328,0.209312,0.004,2019.0,Cardinals,rookie,0.0
Kyle Williams,WR,49ers,2010.0,4.0,1.86935,0.467338,0.07935,0.004,2010.0,,rookie,0.0
Anthony Ratliff-Williams,WR,Seahawks,2021.0,1.0,0.66,0.66,0.0,0.004,2019.0,Titans,veteran,2.0
Jauan Jennings,WR,49ers,2021.0,1.0,0.66,0.66,0.0,0.004,2020.0,49ers,veteran,1.0
Antoine Wesley,WR,Cardinals,2021.0,1.0,0.66,0.66,0.0,0.004,2019.0,Ravens,veteran,2.0
Tyler Simmons,WR,Steelers,2021.0,1.0,0.66,0.66,0.0,0.004,2020.0,Texans,veteran,1.0
Aleva Hifo,WR,Cardinals,2021.0,1.0,0.66,0.66,0.0,0.004,2020.0,Chiefs,veteran,1.0
Jalen McCleskey,WR,Saints,2021.0,1.0,0.66,0.66,0.0,0.004,2020.0,Falcons,veteran,1.0
Anthony Johnson,WR,Steelers,2021.0,1.0,0.66,0.66,0.0,0.004,2019.0,Buccaneers,veteran,2.0
Siaosi Mariner,WR,Ravens,2021.0,1.0,0.66,0.66,0.0,0.004,2020.0,Raiders,veteran,1.0
Ishmael Hyman,WR,Panthers,2021.0,1.0,0.66,0.66,0.0,0.004,2019.0,Browns,veteran,2.0
Bug Howard,WR,Bills,2021.0,1.0,0.66,0.66,0.0,0.004,2017.0,Colts,veteran,4.0
Jester Weah,WR,Bears,2021.0,1.0,0.66,0.66,0.0,0.004,2018.0,Texans,veteran,3.0
Reggie Davis,WR,Bears,2021.0,1.0,0.66,0.66,0.0,0.004,2017.0,Falcons,veteran,4.0
DeAndre Thompkins,WR,Packers,2021.0,1.0,0.66,0.66,0.0,0.004,2019.0,Eagles,veteran,2.0
Jaylon Moore,WR,Ravens,2021.0,1.0,0.66,0.66,0.0,0.004,2020.0,Ravens,veteran,1.0
Michael Dereus,WR,Ravens,2021.0,1.0,0.66,0.66,0.0,0.004,2020.0,Ravens,veteran,1.0
Reggie Begelton,WR,Packers,2021.0,1.0,0.66,0.66,0.0,0.004,2020.0,Packers,veteran,1.0
Thomas Ives,WR,Bears,2021.0,1.0,0.66,0.66,0.0,0.004,2019.0,Bears,veteran,2.0
Jody Fortson,WR,Chiefs,2021.0,1.0,0.66,0.66,0.0,0.004,2019.0,Chiefs,veteran,2.0
Khalil McClain,WR,Dolphins,2021.0,1.0,0.66,0.66,0.0,0.004,2021.0,Bears,rookie,0.0
Chris Finke,WR,Chiefs,2021.0,1.0,0.66,0.66,0.0,0.004,2020.0,49ers,veteran,1.0
JoJo Ward,WR,Cardinals,2021.0,1.0,0.66,0.66,0.0,0.004,2020.0,Cardinals,veteran,1.0
A.J. Richardson,WR,Cardinals,2021.0,1.0,0.66,0.66,0.0,0.004,2019.0,Cardinals,veteran,2.0
Devin Ross,WR,Patriots,2021.0,1.0,0.66,0.66,0.0,0.004,2018.0,Titans,veteran,3.0
Darece Roberson,WR,Seahawks,2021.0,1.0,0.66,0.66,0.0,0.004,2021.0,Cardinals,rookie,0.0
Quartney Davis,WR,Colts,2021.0,1.0,0.66,0.66,0.0,0.004,2020.0,Vikings,veteran,1.0
Reece Horn,WR,Bengals,2021.0,1.0,0.66,0.66,0.0,0.004,2016.0,Titans,veteran,5.0
Marques Colston,WR,Saints,2006.0,3.0,1.1046,0.3682,0.0246,0.004,2006.0,Saints,rookie,0.0
Trindon Holliday,WR,Broncos,2012.0,2.0,0.87,0.435,0.0,0.004,2010.0,Texans,veteran,2.0
Javon Wims,WR,Bears,2018.0,4.0,2.555912,0.638978,0.095912,0.004,2018.0,Bears,rookie,0.0
Isaiah Bond,WR,Browns,2025.0,3.0,3.018,1.006,3.018,0.004,2025.0,Browns,rookie,0.0
Michael Bandy,WR,Broncos,2026.0,1.0,1.085,1.085,0.01,0.004,2021.0,Chargers,veteran,5.0
Miles Austin,WR,Cowboys,2006.0,3.0,1.0964,0.365467,0.0164,0.004,2006.0,Cowboys,rookie,0.0
Beaux Collins,WR,Giants,2025.0,3.0,3.001,1.000333,0.27,0.004,2025.0,Giants,rookie,0.0
Hakeem Butler,WR,Bengals,2024.0,1.0,0.915,0.915,0.0,0.004,2019.0,Cardinals,veteran,5.0
Richie James,WR,49ers,2018.0,4.0,2.536572,0.634143,0.076572,0.004,2018.0,49ers,rookie,0.0
Da'Quan Felton,WR,Giants,2025.0,3.0,2.995,0.998333,0.264,0.004,2025.0,Giants,rookie,0.0
Roc Taylor,WR,Steelers,2025.0,3.0,2.995,0.998333,0.03,0.004,2025.0,Steelers,rookie,0.0
Juwann Winfree,WR,Broncos,2019.0,4.0,2.691104,0.672776,0.171104,0.004,2019.0,Broncos,rookie,0.0
Ray-Ray McCloud,WR,Bills,2020.0,2.0,1.4155,0.70775,0.0055,0.004,2018.0,Bills,veteran,2.0
Efton Chism III,WR,Patriots,2025.0,3.0,2.99,0.996667,0.259,0.004,2025.0,Patriots,rookie,0.0
Ryan Miller,WR,Giants,2026.0,1.0,1.075,1.075,0.0,0.004,2023.0,Buccaneers,veteran,3.0
Jamari Thrash,WR,Browns,2026.0,1.0,1.075,1.075,0.0,0.004,2024.0,Browns,veteran,2.0
Jalen Virgil,WR,Bills,2026.0,1.0,1.075,1.075,0.0,0.004,2022.0,Broncos,veteran,4.0
A.T. Perry,WR,Steelers,2026.0,1.0,1.075,1.075,0.0,0.004,2023.0,Saints,veteran,3.0
Bryce Oliver,WR,Titans,2026.0,1.0,1.075,1.075,0.0,0.004,2024.0,Titans,veteran,2.0
Xavier Smith,WR,Rams,2026.0,1.0,1.075,1.075,0.0,0.004,2023.0,Rams,veteran,3.0
Samori Toure,WR,Eagles,2026.0,1.0,1.075,1.075,0.0,0.004,2022.0,Packers,veteran,4.0
Mitchell Tinsley,WR,Bengals,2026.0,1.0,1.075,1.075,0.0,0.004,2023.0,Commanders,veteran,3.0
Nikko Remigio,WR,Chiefs,2026.0,1.0,1.075,1.075,0.0,0.004,2023.0,Chiefs,veteran,3.0
Jalen Coker,WR,Panthers,2026.0,1.0,1.075,1.075,0.0,0.004,2024.0,Panthers,veteran,2.0
Malachi Corley,WR,Browns,2026.0,1.0,1.075,1.075,0.0,0.004,2024.0,Jets,veteran,2.0
Chris Blair,WR,Falcons,2026.0,1.0,1.075,1.075,0.0,0.004,2021.0,Packers,veteran,5.0
Kendric Pryor,WR,Bengals,2026.0,1.0,1.075,1.075,0.0,0.004,2022.0,Bengals,veteran,4.0
Michael Woods,WR,Broncos,2026.0,1.0,1.075,1.075,0.0,0.004,2022.0,Browns,veteran,4.0
Colton Dowell,WR,49ers,2026.0,1.0,1.075,1.075,0.0,0.004,2023.0,Titans,veteran,3.0
Maurice Alexander,WR,Bears,2026.0,1.0,1.075,1.075,0.0,0.004,2022.0,Lions,veteran,4.0
Jason Brownlee,WR,Chiefs,2026.0,1.0,1.075,1.075,0.0,0.004,2023.0,Jets,veteran,3.0
Justin Shorter,WR,Raiders,2026.0,1.0,1.075,1.075,0.0,0.004,2023.0,Bills,veteran,3.0
Trey Quinn,WR,Commanders,2018.0,4.0,2.529072,0.632268,0.069072,0.004,2018.0,Commanders,rookie,0.0
Jahdae Walker,WR,Bears,2025.0,3.0,2.985,0.995,0.17,0.004,2025.0,Bears,rookie,0.0
Kobe Hudson,WR,Panthers,2025.0,3.0,2.985,0.995,0.254,0.004,2025.0,Panthers,rookie,0.0
Justin Brown,WR,Bills,2015.0,1.0,0.51,0.51,0.0,0.004,2013.0,Steelers,veteran,2.0
Tommy Streeter,WR,Dolphins,2015.0,1.0,0.51,0.51,0.0,0.004,2012.0,Ravens,veteran,3.0
Greg Jenkins,WR,Jaguars,2015.0,1.0,0.51,0.51,0.0,0.004,2013.0,Raiders,veteran,2.0
Chris Harper,WR,Giants,2015.0,1.0,0.51,0.51,0.0,0.004,2013.0,Seahawks,veteran,2.0
Kevin Dorsey,WR,Patriots,2015.0,1.0,0.51,0.51,0.0,0.004,2013.0,Packers,veteran,2.0
Rashod Owens,WR,Bengals,2025.0,3.0,2.98,0.993333,0.015,0.004,2025.0,Bengals,rookie,0.0
Daniel Jackson,WR,Texans,2025.0,3.0,2.98,0.993333,0.165,0.004,2025.0,Texans,rookie,0.0
Darius Cooper,WR,Eagles,2025.0,3.0,2.98,0.993333,0.09,0.004,2025.0,Eagles,rookie,0.0
Andy Jones,WR,Dolphins,2020.0,2.0,1.41,0.705,0.0,0.004,2016.0,Cowboys,veteran,4.0
Matt Hazel,WR,CLE/IND,2018.0,1.0,0.63,0.63,0.0,0.004,2014.0,Dolphins,veteran,4.0
Damiere Byrd,WR,Panthers,2018.0,1.0,0.63,0.63,0.0,0.004,2015.0,Panthers,veteran,3.0
Geronimo Allison,WR,Packers,2018.0,1.0,0.63,0.63,0.0,0.004,2016.0,Packers,veteran,2.0
J.D. McKissic,WR,Seahawks,2018.0,1.0,0.63,0.63,0.0,0.004,2016.0,Falcons,veteran,2.0
Rashad Ross,WR,Cardinals,2018.0,1.0,0.63,0.63,0.0,0.004,2013.0,Titans,veteran,5.0
Cobi Hamilton,WR,Colts,2018.0,1.0,0.63,0.63,0.0,0.004,2013.0,Bengals,veteran,5.0
Jordan Taylor,WR,Broncos,2018.0,1.0,0.63,0.63,0.0,0.004,2015.0,Broncos,veteran,3.0
Eli Rogers,WR,Steelers,2018.0,1.0,0.63,0.63,0.0,0.004,2015.0,Steelers,veteran,3.0
Blayne Taylor,WR,Colts,2025.0,3.0,2.9775,0.9925,0.0625,0.004,2025.0,Colts,rookie,0.0
Dontrelle Inman,WR,Chargers,2014.0,2.0,0.945,0.4725,0.015,0.004,2011.0,Jaguars,veteran,3.0
Chris Tyree,WR,Saints,2025.0,3.0,2.975,0.991667,0.085,0.004,2025.0,Saints,rookie,0.0
Moochie Dixon,WR,Saints,2025.0,3.0,2.975,0.991667,0.06,0.004,2025.0,Saints,rookie,0.0
Mario Williams,WR,Rams,2025.0,3.0,2.973,0.991,0.008,0.004,2025.0,Rams,rookie,0.0
Jacolby George,WR,Panthers,2025.0,3.0,2.9725,0.990833,0.2575,0.004,2025.0,Panthers,rookie,0.0
Jahmal Banks,WR,Ravens,2025.0,3.0,2.972,0.990667,0.007,0.004,2025.0,Ravens,rookie,0.0
Quincy Skinner Jr.,WR,Falcons,2025.0,3.0,2.971,0.990333,0.181,0.004,2025.0,Falcons,rookie,0.0
Jordan Bly,WR,Giants,2025.0,3.0,2.97,0.99,0.005,0.004,2025.0,Giants,rookie,0.0
DeMeer Blankumsee,WR,Patriots,2025.0,3.0,2.97,0.99,0.02,0.004,2025.0,Patriots,rookie,0.0
Landon Parker,WR,Colts,2025.0,3.0,2.97,0.99,0.005,0.004,2025.0,Colts,rookie,0.0
J.J. Jones,WR,Jaguars,2025.0,3.0,2.97,0.99,0.005,0.004,2025.0,Jaguars,rookie,0.0
Xavier Guillory,WR,Ravens,2025.0,3.0,2.97,0.99,0.005,0.004,2025.0,Ravens,rookie,0.0
Taylor Morin,WR,Eagles,2025.0,3.0,2.97,0.99,0.0125,0.004,2025.0,Eagles,rookie,0.0
Cam Camper,WR,Jaguars,2025.0,3.0,2.97,0.99,0.045,0.004,2025.0,Jaguars,rookie,0.0
Monaray Baldwin,WR,Dolphins,2025.0,3.0,2.97,0.99,0.015,0.004,2025.0,Dolphins,rookie,0.0
Zakhari Franklin,WR,Raiders,2025.0,3.0,2.97,0.99,0.025,0.004,2025.0,Raiders,rookie,0.0
Jamoi Mayes,WR,Bengals,2025.0,3.0,2.968,0.989333,0.003,0.004,2025.0,Bengals,rookie,0.0
Justin Lockhart,WR,Chiefs,2025.0,3.0,2.968,0.989333,0.018,0.004,2025.0,Chiefs,rookie,0.0
Ketron Jackson,WR,Raiders,2025.0,3.0,2.965,0.988333,0.0,0.004,2025.0,Raiders,rookie,0.0
Roderick Daniels,WR,Saints,2025.0,3.0,2.965,0.988333,0.0,0.004,2025.0,Saints,rookie,0.0
Montana Lemonious-Craig,WR,Steelers,2025.0,3.0,2.965,0.988333,0.0,0.004,2025.0,Steelers,rookie,0.0
Myles Price,WR,Vikings,2025.0,3.0,2.965,0.988333,0.0,0.004,2025.0,Vikings,rookie,0.0
Elijhah Badger,WR,Chiefs,2025.0,3.0,2.965,0.988333,0.025,0.004,2025.0,Chiefs,rookie,0.0
Jerjuan Newton,WR,Broncos,2025.0,3.0,2.965,0.988333,0.01,0.004,2025.0,Broncos,rookie,0.0
Dymere Miller,WR,Jets,2025.0,3.0,2.965,0.988333,0.075,0.004,2025.0,Jets,rookie,0.0
Moose Muhammad III,WR,Panthers,2025.0,3.0,2.965,0.988333,0.0,0.004,2025.0,Panthers,rookie,0.0
TJ Sheffield,WR,Titans,2025.0,3.0,2.965,0.988333,0.0,0.004,2025.0,Titans,rookie,0.0
Ajou Ajou,WR,Colts,2025.0,3.0,2.965,0.988333,0.0,0.004,2025.0,Colts,rookie,0.0
Robert Lewis,WR,Vikings,2025.0,3.0,2.965,0.988333,0.02,0.004,2025.0,Vikings,rookie,0.0
Giles Jackson,WR,Eagles,2025.0,3.0,2.965,0.988333,0.0,0.004,2025.0,Eagles,rookie,0.0
JJ Weaver,WR,Panthers,2025.0,3.0,2.965,0.988333,0.0,0.004,2025.0,Panthers,rookie,0.0
Cade McDonald,WR,Browns,2025.0,3.0,2.965,0.988333,0.0,0.004,2025.0,Browns,rookie,0.0
Phil Lutz,WR,Patriots,2025.0,3.0,2.965,0.988333,0.0,0.004,2025.0,Patriots,rookie,0.0
Winston Wright,WR,Browns,2025.0,3.0,2.965,0.988333,0.0,0.004,2025.0,Browns,rookie,0.0
Jaden Smith,WR,Buccaneers,2025.0,3.0,2.965,0.988333,0.0,0.004,2025.0,Buccaneers,rookie,0.0
Sam Brown,WR,Packers,2025.0,3.0,2.965,0.988333,0.0,0.004,2025.0,Packers,rookie,0.0
Lance McCutcheon,WR,Titans,2026.0,2.0,2.125,1.0625,0.0,0.004,2022.0,Rams,veteran,4.0
Danny Gray,WR,Eagles,2026.0,2.0,2.125,1.0625,0.0,0.004,2022.0,49ers,veteran,4.0
Roger Lewis,WR,Giants,2016.0,3.0,1.6385,0.546167,0.04,0.004,2016.0,Giants,rookie,0.0
Kelvin Harmon,WR,Commanders,2019.0,4.0,2.64784,0.66196,0.12784,0.004,2019.0,Commanders,rookie,0.0
Scott Miller,WR,Buccaneers,2019.0,4.0,2.64784,0.66196,0.12784,0.004,2019.0,Buccaneers,rookie,0.0
Zach Pascal,WR,Colts,2019.0,1.0,0.66,0.66,0.0,0.004,2017.0,Commanders,veteran,2.0
Jonathan Krause,WR,Titans,2017.0,2.0,1.17,0.585,0.0,0.004,2014.0,Browns,veteran,3.0
Javontee Herndon,WR,Cowboys,2017.0,2.0,1.17,0.585,0.0,0.004,2014.0,Chargers,veteran,3.0
Josh Boyce,WR,Browns,2017.0,2.0,1.17,0.585,0.0,0.004,2013.0,Patriots,veteran,4.0
Robbie Chosen,WR,Jets,2016.0,3.0,1.63,0.543333,0.01,0.003,2016.0,Jets,rookie,0.0
Alex Erickson,WR,Bengals,2016.0,3.0,1.629,0.543,0.009,0.003,2016.0,Bengals,rookie,0.0
Corey Fuller,WR,Lions,2014.0,2.0,0.93,0.465,0.0,0.003,2013.0,Lions,veteran,1.0
Adam Thielen,WR,Vikings,2014.0,2.0,0.93,0.465,0.0,0.003,2013.0,Vikings,veteran,1.0
Marcus Harris,WR,Giants,2014.0,2.0,0.93,0.465,0.0,0.003,2011.0,Lions,veteran,3.0
Bryce Treggs,WR,Eagles,2016.0,3.0,1.628,0.542667,0.008,0.003,2016.0,,rookie,0.0
Jalin Marshall,WR,Jets,2016.0,3.0,1.628,0.542667,0.0125,0.003,2016.0,Jets,rookie,0.0
Chris Brown,WR,Bengals,2016.0,3.0,1.626,0.542,0.006,0.003,2016.0,Cowboys,rookie,0.0
Tommylee Lewis,WR,Saints,2016.0,3.0,1.625,0.541667,0.005,0.003,2016.0,Saints,rookie,0.0
Johnny Holton,WR,Raiders,2016.0,3.0,1.625,0.541667,0.005,0.003,2016.0,Raiders,rookie,0.0
Rashad Ross,WR,Panthers,2019.0,1.0,0.655,0.655,0.01,0.003,2013.0,Titans,veteran,6.0
Darrin Peterson,WR,Bears,2016.0,3.0,1.62,0.54,0.0,0.003,2016.0,Bears,rookie,0.0
Xavier Rush,WR,Eagles,2016.0,3.0,1.62,0.54,0.0,0.003,2015.0,,veteran,1.0
Joe Hansley,WR,Raiders,2016.0,3.0,1.62,0.54,0.0,0.003,2016.0,Raiders,rookie,0.0
David Glidden,WR,Falcons,2016.0,3.0,1.62,0.54,0.0,0.003,2016.0,Falcons,rookie,0.0
Ben Roberts,WR,Titans,2016.0,3.0,1.62,0.54,0.0,0.003,2016.0,Titans,rookie,0.0
Malachi Jones,WR,Falcons,2016.0,3.0,1.62,0.54,0.0,0.003,2016.0,Falcons,rookie,0.0
Nelson Spruce,WR,Rams,2016.0,3.0,1.62,0.54,0.0,0.003,2016.0,Rams,rookie,0.0
Daje Johnson,WR,Falcons,2016.0,3.0,1.62,0.54,0.0,0.003,2016.0,Falcons,rookie,0.0
Justin Berger,WR,Colts,2016.0,3.0,1.62,0.54,0.0,0.003,2016.0,Colts,rookie,0.0
Tyler Davis,WR,Dolphins,2016.0,3.0,1.62,0.54,0.0,0.003,2015.0,Dolphins,veteran,1.0
Reece Horn,WR,Titans,2016.0,3.0,1.62,0.54,0.0,0.003,2016.0,Titans,rookie,0.0
Paul McRoberts,WR,Rams,2016.0,3.0,1.62,0.54,0.0,0.003,2016.0,Rams,rookie,0.0
Jarvis Turner,WR,Commanders,2016.0,3.0,1.62,0.54,0.0,0.003,2016.0,Commanders,rookie,0.0
Miles Shuler,WR,Panthers,2016.0,3.0,1.62,0.54,0.0,0.003,2016.0,,rookie,0.0
Kieren Duncan,WR,Bears,2016.0,3.0,1.62,0.54,0.0,0.003,2016.0,Bears,rookie,0.0
Andrew Opoku,WR,Colts,2016.0,3.0,1.62,0.54,0.0,0.003,2016.0,Colts,rookie,0.0
Derek Keaton,WR,Bears,2016.0,3.0,1.62,0.54,0.0,0.003,2016.0,Bears,rookie,0.0
Marquez North,WR,Rams,2016.0,3.0,1.62,0.54,0.0,0.003,2016.0,Rams,rookie,0.0
Quinshad Davis,WR,Lions,2016.0,3.0,1.62,0.54,0.0,0.003,2016.0,Lions,rookie,0.0
Jay Lee,WR,Lions,2016.0,3.0,1.62,0.54,0.0,0.003,2016.0,Lions,rookie,0.0
Jeff Bethard,WR,Cardinals,2016.0,3.0,1.62,0.54,0.0,0.003,2016.0,Cardinals,rookie,0.0
Maurice Harris,WR,Commanders,2016.0,3.0,1.62,0.54,0.0,0.003,2016.0,Commanders,rookie,0.0
Alex Chisum,WR,Lions,2016.0,3.0,1.62,0.54,0.0,0.003,2016.0,Lions,rookie,0.0
Rashaun Simonise,WR,Bengals,2016.0,3.0,1.62,0.54,0.0,0.003,2016.0,Bengals,rookie,0.0
Danny Anthrop,WR,Colts,2016.0,3.0,1.62,0.54,0.0,0.003,2016.0,Colts,rookie,0.0
Reggie Diggs,WR,Commanders,2016.0,3.0,1.62,0.54,0.0,0.003,2016.0,Commanders,rookie,0.0
Chester Rogers,WR,Colts,2016.0,3.0,1.62,0.54,0.0,0.003,2016.0,Colts,rookie,0.0
Darius White,WR,Ravens,2016.0,3.0,1.62,0.54,0.0,0.003,2016.0,Ravens,rookie,0.0
Gary Chambers,WR,Bills,2016.0,3.0,1.62,0.54,0.0,0.003,2016.0,Bills,rookie,0.0
Davonte Allen,WR,Bills,2016.0,3.0,1.62,0.54,0.0,0.003,2016.0,Bills,rookie,0.0
Durron Neal,WR,Broncos,2016.0,3.0,1.62,0.54,0.0,0.003,2016.0,Broncos,rookie,0.0
Amir Carlisle,WR,Cardinals,2016.0,3.0,1.62,0.54,0.0,0.003,2016.0,Cardinals,rookie,0.0
Kalif Raymond,WR,Jets,2016.0,3.0,1.62,0.54,0.0,0.003,2016.0,Broncos,rookie,0.0
DeAndre Reaves,WR,Chargers,2016.0,3.0,1.62,0.54,0.0,0.003,2016.0,Chargers,rookie,0.0
Anthony Kelly,WR,Jets,2016.0,3.0,1.62,0.54,0.0,0.003,2016.0,Buccaneers,rookie,0.0
Wendall Williams,WR,Texans,2016.0,3.0,1.62,0.54,0.0,0.003,2016.0,Texans,rookie,0.0
Marken Michel,WR,Vikings,2016.0,3.0,1.62,0.54,0.0,0.003,2016.0,Vikings,rookie,0.0
Jenson Stoshak,WR,Panthers,2016.0,3.0,1.62,0.54,0.0,0.003,2016.0,Panthers,rookie,0.0
Antwane Grant,WR,Bengals,2016.0,3.0,1.62,0.54,0.0,0.003,2016.0,Bengals,rookie,0.0
Devonte Robinson,WR,Packers,2016.0,3.0,1.62,0.54,0.0,0.003,2016.0,Packers,rookie,0.0
Jared Dangerfield,WR,Saints,2016.0,3.0,1.62,0.54,0.0,0.003,2016.0,Saints,rookie,0.0
Tanner McEvoy,WR,Seahawks,2016.0,3.0,1.62,0.54,0.0,0.003,2016.0,Seahawks,rookie,0.0
Devon Cajuste,WR,49ers,2016.0,3.0,1.62,0.54,0.0,0.003,2016.0,,rookie,0.0
Dezmin Lewis,WR,Bills,2016.0,3.0,1.62,0.54,0.0,0.003,2015.0,Bills,veteran,1.0
Rashon Ceaser,WR,Titans,2016.0,3.0,1.62,0.54,0.0,0.003,2016.0,Titans,rookie,0.0
T.J. Thorpe,WR,Commanders,2016.0,3.0,1.62,0.54,0.0,0.003,2016.0,Commanders,rookie,0.0
Valdez Showers,WR,Commanders,2016.0,3.0,1.62,0.54,0.0,0.003,2016.0,Commanders,rookie,0.0
Harrison Wallace III,WR,Cardinals,2026.0,3.0,3.14,1.046667,0.2875,0.003,2026.0,Cardinals,rookie,0.0
Will Pauling,WR,49ers,2026.0,3.0,3.13,1.043333,0.2775,0.003,2026.0,49ers,rookie,0.0
Corey Rucker,WR,Raiders,2026.0,3.0,3.125,1.041667,0.2725,0.003,2026.0,Raiders,rookie,0.0
Dillon Bell,WR,Vikings,2026.0,3.0,3.125,1.041667,0.2725,0.003,2026.0,Vikings,rookie,0.0
Eric Rivers,WR,Buccaneers,2026.0,3.0,3.125,1.041667,0.25,0.003,2026.0,Buccaneers,rookie,0.0
Hank Beatty,WR,Titans,2026.0,3.0,3.125,1.041667,0.2725,0.003,2026.0,Titans,rookie,0.0
Jeff Caldwell,WR,Chiefs,2026.0,3.0,3.125,1.041667,0.2725,0.003,2026.0,Chiefs,rookie,0.0
John Ursua,WR,Seahawks,2019.0,4.0,2.602672,0.650668,0.082672,0.003,2019.0,Seahawks,rookie,0.0
Bryan Thompson,WR,Bills,2024.0,2.0,1.764,0.882,0.009,0.003,2023.0,Bills,veteran,1.0
Trebor Pena,WR,Jaguars,2026.0,3.0,3.12,1.04,0.12,0.003,2026.0,Jaguars,rookie,0.0
Chase Roberts,WR,Raiders,2026.0,3.0,3.12,1.04,0.2675,0.003,2026.0,Raiders,rookie,0.0
Kyle Dixon,WR,Patriots,2026.0,3.0,3.1175,1.039167,0.2525,0.003,2026.0,Patriots,rookie,0.0
Squirrel White,WR,Bears,2026.0,3.0,3.115,1.038333,0.115,0.003,2026.0,Bears,rookie,0.0
J. Michael Sturdivant,WR,Packers,2026.0,3.0,3.115,1.038333,0.215,0.003,2026.0,Packers,rookie,0.0
Caullin Lacy,WR,Jets,2026.0,3.0,3.115,1.038333,0.2625,0.003,2026.0,Jets,rookie,0.0
Vinny Anthony II,WR,Falcons,2026.0,3.0,3.115,1.038333,0.2625,0.003,2026.0,Falcons,rookie,0.0
Ja'Mori Maclin,WR,Bills,2026.0,3.0,3.115,1.038333,0.015,0.003,2026.0,Bills,rookie,0.0
Le'Meke Brockington,WR,Falcons,2026.0,3.0,3.115,1.038333,0.115,0.003,2026.0,Falcons,rookie,0.0
Kobe Prentice,WR,Panthers,2026.0,3.0,3.115,1.038333,0.015,0.003,2026.0,Panthers,rookie,0.0
Malick Meiga,WR,Panthers,2026.0,3.0,3.115,1.038333,0.015,0.003,2026.0,Panthers,rookie,0.0
Camden Brown,WR,Cowboys,2026.0,3.0,3.115,1.038333,0.105,0.003,2026.0,Cowboys,rookie,0.0
Sahmir Hagans,WR,Colts,2026.0,3.0,3.115,1.038333,0.015,0.003,2026.0,Colts,rookie,0.0
Jordan Hudson,WR,Cowboys,2026.0,3.0,3.115,1.038333,0.105,0.003,2026.0,Cowboys,rookie,0.0
Ben Patterson,WR,Jaguars,2026.0,3.0,3.115,1.038333,0.015,0.003,2026.0,Jaguars,rookie,0.0
Tyren Montgomery,WR,Titans,2026.0,3.0,3.115,1.038333,0.175,0.003,2026.0,Titans,rookie,0.0
Chris Hilton Jr.,WR,Commanders,2026.0,3.0,3.115,1.038333,0.015,0.003,2026.0,Commanders,rookie,0.0
Olabisi Johnson,WR,Vikings,2019.0,4.0,2.594576,0.648644,0.074576,0.003,2019.0,Vikings,rookie,0.0
Damien Alford,WR,Saints,2026.0,3.0,3.11,1.036667,0.01,0.003,2026.0,Saints,rookie,0.0
Dohnte Meyers,WR,Bengals,2026.0,3.0,3.11,1.036667,0.01,0.003,2026.0,Bengals,rookie,0.0
Cameron Dorner,WR,Patriots,2026.0,3.0,3.11,1.036667,0.04,0.003,2026.0,Patriots,rookie,0.0
Nick DeGennaro,WR,Patriots,2026.0,3.0,3.11,1.036667,0.035,0.003,2026.0,Patriots,rookie,0.0
Joseph Manjack,WR,Broncos,2026.0,3.0,3.11,1.036667,0.08,0.003,2026.0,Broncos,rookie,0.0
Noah Thomas,WR,Bengals,2026.0,3.0,3.11,1.036667,0.01,0.003,2026.0,Bengals,rookie,0.0
Daniel Sobkowicz,WR,Texans,2026.0,3.0,3.11,1.036667,0.11,0.003,2026.0,Texans,rookie,0.0
E.J. Williams Jr.,WR,Raiders,2026.0,3.0,3.11,1.036667,0.02,0.003,2026.0,Raiders,rookie,0.0
Luke Wysong,WR,Vikings,2026.0,3.0,3.11,1.036667,0.06,0.003,2026.0,Vikings,rookie,0.0
Devonte Ross,WR,Chargers,2026.0,3.0,3.11,1.036667,0.035,0.003,2026.0,Chargers,rookie,0.0
Sincere Brown,WR,Chargers,2026.0,3.0,3.11,1.036667,0.03,0.003,2026.0,Chargers,rookie,0.0
Cam Ross,WR,Broncos,2026.0,3.0,3.11,1.036667,0.05,0.003,2026.0,Broncos,rookie,0.0
Brady Boyd,WR,Jaguars,2026.0,3.0,3.11,1.036667,0.01,0.003,2026.0,Jaguars,rookie,0.0
Dane Key,WR,Broncos,2026.0,3.0,3.11,1.036667,0.03,0.003,2026.0,Broncos,rookie,0.0
Donaven McCulley,WR,Dolphins,2026.0,3.0,3.11,1.036667,0.06,0.003,2026.0,Dolphins,rookie,0.0
Omari Kelly,WR,Bears,2026.0,3.0,3.11,1.036667,0.135,0.003,2026.0,Bears,rookie,0.0
Wesley Grimes,WR,49ers,2026.0,3.0,3.11,1.036667,0.2,0.003,2026.0,49ers,rookie,0.0
Michael Wortham,WR,Jaguars,2026.0,3.0,3.11,1.036667,0.12,0.003,2026.0,Jaguars,rookie,0.0
Jaden Bradley,WR,Commanders,2026.0,3.0,3.11,1.036667,0.055,0.003,2026.0,Commanders,rookie,0.0
Raylen Sharpe,WR,Colts,2026.0,3.0,3.11,1.036667,0.01,0.003,2026.0,Colts,rookie,0.0
Lincoln Pare,WR,Colts,2026.0,3.0,3.11,1.036667,0.01,0.003,2026.0,Colts,rookie,0.0
Octavian Smith,WR,Ravens,2026.0,3.0,3.1075,1.035833,0.0075,0.003,2026.0,Ravens,rookie,0.0
Cortez Braham,WR,Ravens,2026.0,3.0,3.1075,1.035833,0.0075,0.003,2026.0,Ravens,rookie,0.0
Jamari Thrash,WR,Browns,2025.0,1.0,0.96,0.96,0.0,0.003,2024.0,Browns,veteran,1.0
Justyn Ross,WR,Chiefs,2025.0,1.0,0.96,0.96,0.0,0.003,2022.0,Chiefs,veteran,3.0
Tyreik McAllister,WR,Raiders,2025.0,1.0,0.96,0.96,0.0,0.003,2022.0,Broncos,veteran,3.0
Mitchell Tinsley,WR,Bengals,2025.0,1.0,0.96,0.96,0.0,0.003,2023.0,Commanders,veteran,2.0
Deon Cain,WR,Bills,2025.0,1.0,0.96,0.96,0.0,0.003,2018.0,Colts,veteran,7.0
Braylon Sanders,WR,Commanders,2025.0,1.0,0.96,0.96,0.0,0.003,2022.0,Dolphins,veteran,3.0
Malik McClain,WR,Jets,2026.0,3.0,3.105,1.035,0.01875,0.003,2026.0,Jets,rookie,0.0
Keelan Marion,WR,Falcons,2026.0,3.0,3.105,1.035,0.005,0.003,2026.0,Falcons,rookie,0.0
Treyvhon Saunders,WR,Texans,2026.0,3.0,3.105,1.035,0.01,0.003,2026.0,Texans,rookie,0.0
Kolbe Katsis,WR,Broncos,2026.0,3.0,3.105,1.035,0.03,0.003,2026.0,Broncos,rookie,0.0
Omari Evans,WR,Chiefs,2026.0,3.0,3.105,1.035,0.085,0.003,2026.0,Chiefs,rookie,0.0
D.T. Sheffield,WR,Jets,2026.0,3.0,3.105,1.035,0.005,0.003,2026.0,Jets,rookie,0.0
Kole Wilson,WR,Browns,2026.0,3.0,3.105,1.035,0.055,0.003,2026.0,Browns,rookie,0.0
Mathew Sexton,WR,Dolphins,2024.0,2.0,1.755,0.8775,0.0,0.003,2021.0,Steelers,veteran,3.0
Isaiah Winstead,WR,Jets,2024.0,2.0,1.755,0.8775,0.0,0.003,2023.0,49ers,veteran,1.0
Cephus Johnson,WR,Buccaneers,2024.0,2.0,1.755,0.8775,0.0,0.003,2023.0,Vikings,veteran,1.0
Tre'Shaun Harrison,WR,Titans,2024.0,2.0,1.755,0.8775,0.0,0.003,2023.0,Titans,veteran,1.0
Alex Bullock,WR,Jaguars,2026.0,3.0,3.103,1.034333,0.003,0.003,2026.0,Jaguars,rookie,0.0
Gabriel Benyard,WR,Bills,2026.0,3.0,3.1025,1.034167,0.0025,0.003,2026.0,Bills,rookie,0.0
Noah Short,WR,Buccaneers,2026.0,3.0,3.101,1.033667,0.001,0.003,2026.0,Buccaneers,rookie,0.0
Dean Patterson,WR,Buccaneers,2026.0,3.0,3.101,1.033667,0.001,0.003,2026.0,Buccaneers,rookie,0.0
Jai'Onte McMillan,WR,Colts,2026.0,3.0,3.1,1.033333,0.0,0.003,2026.0,Colts,rookie,0.0
Jonathan Brady,WR,Raiders,2026.0,3.0,3.1,1.033333,0.0,0.003,2026.0,Raiders,rookie,0.0
Brandon Hayes,WR,Eagles,2026.0,3.0,3.1,1.033333,0.0,0.003,2026.0,Eagles,rookie,0.0
Xavier Loyd,WR,Chiefs,2026.0,3.0,3.1,1.033333,0.0,0.003,2026.0,Chiefs,rookie,0.0
Jacob De Jesus,WR,Chiefs,2026.0,3.0,3.1,1.033333,0.0,0.003,2026.0,Chiefs,rookie,0.0
Aaron Anderson,WR,Browns,2026.0,3.0,3.1,1.033333,0.0,0.003,2026.0,Browns,rookie,0.0
Terrill Davis,WR,Vikings,2026.0,3.0,3.1,1.033333,0.0,0.003,2026.0,Vikings,rookie,0.0
Romello Brinson,WR,Cowboys,2026.0,3.0,3.1,1.033333,0.0,0.003,2026.0,Cowboys,rookie,0.0
Kyre Duplessis,WR,Lions,2026.0,3.0,3.1,1.033333,0.0,0.003,2026.0,Lions,rookie,0.0
Marcus Sanders Jr.,WR,Vikings,2026.0,3.0,3.1,1.033333,0.025,0.003,2026.0,Vikings,rookie,0.0
Jimmy Kibble,WR,Patriots,2026.0,3.0,3.1,1.033333,0.0,0.003,2026.0,Patriots,rookie,0.0
Rashad Rochelle,WR,Seahawks,2026.0,3.0,3.1,1.033333,0.0,0.003,2026.0,Seahawks,rookie,0.0
Mante Morrow,WR,Chargers,2026.0,3.0,3.1,1.033333,0.0,0.003,2026.0,Chargers,rookie,0.0
E.J. Horton,WR,Colts,2026.0,3.0,3.1,1.033333,0.0,0.003,2026.0,Colts,rookie,0.0
Kyron Hudson,WR,Bears,2026.0,3.0,3.1,1.033333,0.0,0.003,2026.0,Bears,rookie,0.0
Brock Rechsteiner,WR,Saints,2026.0,3.0,3.1,1.033333,0.0,0.003,2026.0,Saints,rookie,0.0
Shaleak Knotts,WR,Vikings,2026.0,3.0,3.1,1.033333,0.025,0.003,2026.0,Vikings,rookie,0.0
Tony Washington,WR,Jaguars,2016.0,2.0,1.065,0.5325,0.0,0.003,2014.0,Colts,veteran,2.0
Roger Lewis,WR,Colts,2019.0,1.0,0.645,0.645,0.0,0.003,2016.0,Giants,veteran,3.0
Justin Hardee,WR,Saints,2019.0,1.0,0.645,0.645,0.0,0.003,2017.0,Texans,veteran,2.0
JoJo Natson,WR,Rams,2019.0,1.0,0.645,0.645,0.0,0.003,2017.0,Colts,veteran,2.0
David Moore,WR,Seahawks,2019.0,1.0,0.645,0.645,0.0,0.003,2017.0,Seahawks,veteran,2.0
Ricardo Louis,WR,Dolphins,2019.0,1.0,0.645,0.645,0.0,0.003,2016.0,Browns,veteran,3.0
Allen Lazard,WR,Packers,2020.0,1.0,0.675,0.675,0.0,0.003,2018.0,Jaguars,veteran,2.0
Diontae Spencer,WR,Broncos,2020.0,1.0,0.675,0.675,0.0,0.003,2014.0,Rams,veteran,6.0
Cam Phillips,WR,Panthers,2020.0,1.0,0.675,0.675,0.0,0.003,2018.0,Bills,veteran,2.0
Josh Huff,WR,Buccaneers,2016.0,1.0,0.527,0.527,0.0,0.003,2014.0,Eagles,veteran,2.0
John Hurst,WR,Colts,2022.0,1.0,0.705,0.705,0.0,0.003,2020.0,Buccaneers,veteran,2.0
Osirus Mitchell,WR,Packers,2022.0,1.0,0.705,0.705,0.0,0.003,2021.0,Cowboys,veteran,1.0
Rico Bussey Jr.,WR,Steelers,2022.0,1.0,0.705,0.705,0.0,0.003,2021.0,Steelers,veteran,1.0
Rashard Davis,WR,Jets,2022.0,1.0,0.705,0.705,0.0,0.003,2017.0,Eagles,veteran,5.0
Aaron Fuller,WR,Seahawks,2022.0,1.0,0.705,0.705,0.0,0.003,2020.0,Seahawks,veteran,2.0
Ishmael Hyman,WR,Packers,2022.0,1.0,0.705,0.705,0.0,0.003,2019.0,Browns,veteran,3.0
Austin Proehl,WR,Giants,2022.0,1.0,0.705,0.705,0.0,0.003,2018.0,Bills,veteran,4.0
Bug Howard,WR,Buccaneers,2022.0,1.0,0.705,0.705,0.0,0.003,2017.0,Colts,veteran,5.0
Mathew Sexton,WR,Chiefs,2022.0,1.0,0.705,0.705,0.0,0.003,2021.0,Steelers,veteran,1.0
Omar Bayless,WR,Chiefs,2022.0,1.0,0.705,0.705,0.0,0.003,2020.0,Panthers,veteran,2.0
Deontez Alexander,WR,Seahawks,2022.0,1.0,0.705,0.705,0.0,0.003,2018.0,Lions,veteran,4.0
Jordan Veasy,WR,Raiders,2022.0,1.0,0.705,0.705,0.0,0.003,2018.0,Titans,veteran,4.0
Kabion Ento,WR,Packers,2022.0,1.0,0.705,0.705,0.0,0.003,2019.0,Packers,veteran,3.0
Chris Blair,WR,Packers,2022.0,1.0,0.705,0.705,0.0,0.003,2021.0,Packers,veteran,1.0
Tyler Vaughns,WR,Steelers,2022.0,1.0,0.705,0.705,0.0,0.003,2021.0,Colts,veteran,1.0
Devin Gray,WR,Chiefs,2022.0,1.0,0.705,0.705,0.0,0.003,2018.0,Falcons,veteran,4.0
Myron Mitchell,WR,Vikings,2022.0,1.0,0.705,0.705,0.0,0.003,2021.0,Vikings,veteran,1.0
Sage Surratt,WR,Chargers,2022.0,1.0,0.705,0.705,0.0,0.003,2021.0,Lions,veteran,1.0
Javon McKinley,WR,Steelers,2022.0,1.0,0.705,0.705,0.0,0.003,2021.0,Lions,veteran,1.0
Matt Cole,WR,Commanders,2022.0,1.0,0.705,0.705,0.0,0.003,2020.0,Dolphins,veteran,2.0
Damon Hazelton,WR,Texans,2022.0,1.0,0.705,0.705,0.0,0.003,2021.0,Texans,veteran,1.0
Tim Jones,WR,Jaguars,2022.0,1.0,0.705,0.705,0.0,0.003,2021.0,Jaguars,veteran,1.0
Aaron Parker,WR,Panthers,2022.0,1.0,0.705,0.705,0.0,0.003,2020.0,Cowboys,veteran,2.0
Josh Hammond,WR,Jaguars,2022.0,1.0,0.705,0.705,0.0,0.003,2020.0,Jaguars,veteran,2.0
Derrick Dillon,WR,Browns,2022.0,1.0,0.705,0.705,0.0,0.003,2020.0,Giants,veteran,2.0
Chris Finke,WR,Chiefs,2022.0,1.0,0.705,0.705,0.0,0.003,2020.0,49ers,veteran,2.0
Jake Lampman,WR,Buccaneers,2018.0,2.0,1.2,0.6,0.0,0.003,2016.0,Saints,veteran,2.0
Jalin Marshall,WR,Jets,2018.0,2.0,1.2,0.6,0.0,0.003,2016.0,Jets,veteran,2.0
Tevaun Smith,WR,Jaguars,2018.0,2.0,1.2,0.6,0.0,0.003,2016.0,Colts,veteran,2.0
Rodney Adams,WR,Colts,2018.0,2.0,1.2,0.6,0.0,0.003,2017.0,Vikings,veteran,1.0
Wes Welker,WR,Chargers,2004.0,2.0,0.545,0.2725,0.01,0.003,2004.0,Chargers,rookie,0.0
Nathan Palmer,WR,Raiders,2016.0,1.0,0.525,0.525,0.0,0.003,2012.0,,veteran,4.0
Tyler Murphy,WR,Dolphins,2016.0,1.0,0.525,0.525,0.0,0.003,2015.0,Steelers,veteran,1.0
Seth Roberts,WR,Raiders,2016.0,1.0,0.525,0.525,0.0,0.003,2014.0,Raiders,veteran,2.0
Robert Herron,WR,Raiders,2016.0,1.0,0.525,0.525,0.0,0.003,2014.0,Buccaneers,veteran,2.0
Kaelin Clay,WR,Ravens,2016.0,1.0,0.525,0.525,0.0,0.003,2015.0,Buccaneers,veteran,1.0
Rico Richardson,WR,Chargers,2016.0,1.0,0.525,0.525,0.0,0.003,2013.0,Chiefs,veteran,3.0
Jehu Chesson,WR,Jets,2020.0,1.0,0.67,0.67,0.01,0.003,2017.0,Chiefs,veteran,3.0
Rod Smith,WR,Broncos,1995.0,1.0,0.125,0.125,0.005,0.003,1994.0,Bills,veteran,1.0
Derel Walker,WR,Buccaneers,2017.0,2.0,1.12,0.56,0.1,0.003,2014.0,Titans,veteran,3.0
Cobi Hamilton,WR,MIA/CIN,2015.0,2.0,0.96,0.48,0.0,0.003,2013.0,Bengals,veteran,2.0
Willie Snead,WR,Saints,2015.0,2.0,0.96,0.48,0.0,0.003,2014.0,Browns,veteran,1.0
David Porter,WR,Cowboys,2015.0,2.0,0.96,0.48,0.0,0.003,2015.0,Broncos,rookie,0.0
Tevin Reese,WR,Bengals,2015.0,2.0,0.96,0.48,0.0,0.003,2014.0,Chargers,veteran,1.0
Nigel King,WR,49ers,2015.0,1.0,0.96,0.48,0.0,0.003,2015.0,Dolphins,rookie,0.0
John Harris,WR,Falcons,2015.0,2.0,0.96,0.48,0.0,0.003,2015.0,Eagles,rookie,0.0
Javontee Herndon,WR,Chargers,2015.0,2.0,0.96,0.48,0.0,0.003,2014.0,Chargers,veteran,1.0
Makai Polk,WR,Falcons,2025.0,2.0,1.87,0.935,0.05,0.003,2022.0,Ravens,veteran,3.0
Fred Ross,WR,Panthers,2017.0,3.0,1.675,0.558333,0.01,0.003,2017.0,Panthers,rookie,0.0
Victor Bolden,WR,49ers,2017.0,3.0,1.673,0.557667,0.043,0.003,2017.0,49ers,rookie,0.0
Austin Carr,WR,NE/NO,2017.0,3.0,1.6725,0.5575,0.03,0.003,2017.0,Patriots,rookie,0.0
Jha'Quan Jackson,WR,Texans,2026.0,1.0,1.005,1.005,0.0,0.003,2024.0,Titans,veteran,2.0
Elijah Cooks,WR,Saints,2026.0,1.0,1.005,1.005,0.0,0.003,2023.0,Jaguars,veteran,3.0
Jared Wayne,WR,Texans,2026.0,1.0,1.005,1.005,0.0,0.003,2023.0,Texans,veteran,3.0
Brenden Rice,WR,Raiders,2026.0,1.0,1.005,1.005,0.0,0.003,2024.0,Chargers,veteran,2.0
Dalevon Campbell,WR,Chargers,2026.0,1.0,1.005,1.005,0.0,0.003,2025.0,Chargers,veteran,1.0
Brycen Tremayne,WR,Panthers,2026.0,1.0,1.005,1.005,0.0,0.003,2023.0,Commanders,veteran,3.0
Zavier Scott,WR,Vikings,2026.0,1.0,1.005,1.005,0.0,0.003,2023.0,Colts,veteran,3.0
Ainias Smith,WR,Panthers,2026.0,1.0,1.005,1.005,0.0,0.003,2024.0,Eagles,veteran,2.0
Shemar Bridges,WR,Ravens,2023.0,1.0,0.75,0.75,0.0,0.003,2022.0,Ravens,veteran,1.0
Johnny King,WR,Eagles,2023.0,1.0,0.75,0.75,0.0,0.003,2023.0,Colts,rookie,0.0
Drew Estrada,WR,Texans,2023.0,1.0,0.75,0.75,0.0,0.003,2022.0,Texans,veteran,1.0
Kekoa Crawford,WR,Chiefs,2023.0,1.0,0.75,0.75,0.0,0.003,2022.0,Colts,veteran,1.0
Brandon Smith,WR,Cardinals,2023.0,1.0,0.75,0.75,0.0,0.003,2021.0,Cowboys,veteran,2.0
Ty Fryfogle,WR,Chiefs,2023.0,1.0,0.75,0.75,0.0,0.003,2022.0,Cowboys,veteran,1.0
Tre Nixon,WR,Patriots,2023.0,1.0,0.75,0.75,0.0,0.003,2021.0,Patriots,veteran,2.0
Kalil Pimpleton,WR,Giants,2023.0,1.0,0.75,0.75,0.0,0.003,2022.0,Lions,veteran,1.0
Ty Scott,WR,Chiefs,2023.0,1.0,0.75,0.75,0.0,0.003,2023.0,Chiefs,rookie,0.0
Slade Bolden,WR,Falcons,2023.0,1.0,0.75,0.75,0.0,0.003,2022.0,Ravens,veteran,1.0
Justin Marshall,WR,Seahawks,2023.0,1.0,0.75,0.75,0.0,0.003,2023.0,Falcons,rookie,0.0
Ra'Shaun Henry,WR,Falcons,2023.0,1.0,0.75,0.75,0.0,0.003,2022.0,Panthers,veteran,1.0
Tyler Adams,WR,Colts,2023.0,1.0,0.75,0.75,0.0,0.003,2023.0,Colts,rookie,0.0
Avery Davis,WR,Lions,2023.0,1.0,0.75,0.75,0.0,0.003,2023.0,Lions,rookie,0.0
Connor Wedington,WR,Seahawks,2023.0,1.0,0.75,0.75,0.0,0.003,2021.0,Seahawks,veteran,2.0
Mike Harley,WR,Browns,2023.0,1.0,0.75,0.75,0.0,0.003,2022.0,Browns,veteran,1.0
Kevin Austin Jr.,WR,Jaguars,2023.0,1.0,0.75,0.75,0.0,0.003,2022.0,Jaguars,veteran,1.0
Juwan Green,WR,Chiefs,2023.0,1.0,0.75,0.75,0.0,0.003,2020.0,Falcons,veteran,3.0
Aron Cruickshank,WR,Steelers,2023.0,1.0,0.75,0.75,0.0,0.003,2023.0,Bears,rookie,0.0
Jaylon Moore,WR,Jaguars,2023.0,1.0,0.75,0.75,0.0,0.003,2020.0,Ravens,veteran,3.0
Kawaan Baker,WR,Saints,2023.0,1.0,0.75,0.75,0.0,0.003,2021.0,Saints,veteran,2.0
Tyreik McAllister,WR,Broncos,2023.0,1.0,0.75,0.75,0.0,0.003,2022.0,Broncos,veteran,1.0
Josh Hammond,WR,Broncos,2023.0,1.0,0.75,0.75,0.0,0.003,2020.0,Jaguars,veteran,3.0
Makai Polk,WR,Giants,2023.0,1.0,0.75,0.75,0.0,0.003,2022.0,Ravens,veteran,1.0
Andre Miller,WR,Packers,2023.0,1.0,0.75,0.75,0.0,0.003,2022.0,Giants,veteran,1.0
Charleston Rambo,WR,Eagles,2023.0,1.0,0.75,0.75,0.0,0.003,2022.0,Panthers,veteran,1.0
Kyric McGowan,WR,Commanders,2023.0,1.0,0.75,0.75,0.0,0.003,2022.0,Commanders,veteran,1.0
Cody Chrest,WR,Steelers,2023.0,1.0,0.75,0.75,0.0,0.003,2023.0,Colts,rookie,0.0
Jeff Cotton,WR,Packers,2023.0,1.0,0.75,0.75,0.0,0.003,2020.0,Chargers,veteran,3.0
Jalen Wayne,WR,Browns,2023.0,1.0,0.75,0.75,0.0,0.003,2023.0,Bills,rookie,0.0
Nick Williams,WR,Broncos,2023.0,1.0,0.75,0.75,0.0,0.003,2023.0,Broncos,rookie,0.0
Tim White,WR,Ravens,2017.0,3.0,1.671,0.557,0.006,0.003,2017.0,Ravens,rookie,0.0
Kenneth Walker,WR,Jaguars,2017.0,3.0,1.67,0.556667,0.01,0.003,2017.0,Jaguars,rookie,0.0
R.J. Shelton,WR,Vikings,2017.0,3.0,1.67,0.556667,0.005,0.003,2017.0,Vikings,rookie,0.0
Brisly Estime,WR,Jets,2017.0,3.0,1.67,0.556667,0.015,0.003,2017.0,Jets,rookie,0.0
Kendrick Bourne,WR,49ers,2017.0,3.0,1.67,0.556667,0.025,0.003,2017.0,49ers,rookie,0.0
Thomas Sperbeck,WR,Buccaneers,2017.0,3.0,1.67,0.556667,0.005,0.003,2017.0,Buccaneers,rookie,0.0
Francis Owusu,WR,Dolphins,2017.0,3.0,1.669,0.556334,0.004,0.003,2017.0,Dolphins,rookie,0.0
Ricardo Louis,WR,Dolphins,2020.0,1.0,0.66,0.66,0.0,0.003,2016.0,Browns,veteran,4.0
DeAndre Carter,WR,HOU/CHI,2020.0,1.0,0.66,0.66,0.0,0.003,2015.0,Ravens,veteran,5.0
Antonio Brown,WR,Steelers,2010.0,3.0,1.288075,0.429358,0.073075,0.003,2010.0,Steelers,rookie,0.0
Alonzo Moore,WR,Chiefs,2017.0,3.0,1.6675,0.555833,0.0025,0.003,2017.0,Chiefs,rookie,0.0
Deante Gray,WR,Texans,2017.0,3.0,1.667,0.555667,0.002,0.003,2017.0,Texans,rookie,0.0
Ishmael Zamora,WR,Raiders,2017.0,3.0,1.665,0.555,0.0,0.003,2017.0,Raiders,rookie,0.0
Kevin Snead,WR,Giants,2017.0,3.0,1.665,0.555,0.0,0.003,2017.0,Giants,rookie,0.0
Tony Stevens,WR,Chiefs,2017.0,3.0,1.665,0.555,0.0,0.003,2017.0,Chiefs,rookie,0.0
Anas Hasid.,WR,Chiefs,2017.0,3.0,1.665,0.555,0.0,0.003,2017.0,Chiefs,rookie,0.0
De'Quan Hampton,WR,Saints,2017.0,3.0,1.665,0.555,0.0,0.003,2017.0,Saints,rookie,0.0
Jalen Williams,WR,Giants,2017.0,3.0,1.665,0.555,0.0,0.003,2017.0,Giants,rookie,0.0
Anthony Nash,WR,Broncos,2017.0,3.0,1.665,0.555,0.005,0.003,2017.0,Broncos,rookie,0.0
Ahmad Fulwood,WR,Saints,2017.0,3.0,1.665,0.555,0.0,0.003,2017.0,Saints,rookie,0.0
Keelan Cole,WR,Jaguars,2017.0,3.0,1.665,0.555,0.0,0.003,2017.0,Jaguars,rookie,0.0
Pig Howard,WR,Bears,2017.0,3.0,1.665,0.555,0.0,0.003,2017.0,Bears,rookie,0.0
Josh Magee,WR,Falcons,2017.0,3.0,1.665,0.555,0.0015,0.003,2017.0,Falcons,rookie,0.0
Giovanni Pascascio,WR,Titans,2017.0,3.0,1.665,0.555,0.0,0.003,2017.0,Titans,rookie,0.0
Marvin Bracy,WR,Colts,2017.0,3.0,1.665,0.555,0.0,0.003,2017.0,Colts,rookie,0.0
Keeon Johnson,WR,Giants,2017.0,3.0,1.665,0.555,0.0,0.003,2017.0,Giants,rookie,0.0
Dontre Wilson,WR,Chargers,2017.0,3.0,1.665,0.555,0.0,0.003,2017.0,Chargers,rookie,0.0
Levern Jacobs,WR,Commanders,2017.0,3.0,1.665,0.555,0.006,0.003,2017.0,Commanders,rookie,0.0
James Quick,WR,Commanders,2017.0,3.0,1.665,0.555,0.008,0.003,2017.0,Commanders,rookie,0.0
Michael Rector,WR,Lions,2017.0,3.0,1.665,0.555,0.0,0.003,2017.0,Lions,rookie,0.0
B.J. Johnson,WR,49ers,2017.0,3.0,1.665,0.555,0.0,0.003,2017.0,,rookie,0.0
Aaron Bailey,WR,Ravens,2017.0,3.0,1.665,0.555,0.0,0.003,2017.0,Ravens,rookie,0.0
Mitchell Paige,WR,Chargers,2017.0,3.0,1.665,0.555,0.0,0.003,2017.0,Chargers,rookie,0.0
Jamari Staples,WR,Commanders,2017.0,3.0,1.665,0.555,0.0,0.003,2017.0,Chiefs,rookie,0.0
Keevan Lucas,WR,Eagles,2017.0,3.0,1.665,0.555,0.0,0.003,2017.0,Eagles,rookie,0.0
Monty Madaris,WR,Bengals,2017.0,3.0,1.665,0.555,0.0,0.003,2017.0,Bengals,rookie,0.0
Garrett Scantling,WR,Falcons,2017.0,3.0,1.665,0.555,0.0,0.003,2016.0,,veteran,1.0
Dan Arnold,WR,Saints,2017.0,3.0,1.665,0.555,0.0,0.003,2017.0,Saints,rookie,0.0
Jordan Westerkamp,WR,Dolphins,2017.0,3.0,1.665,0.555,0.0,0.003,2017.0,Dolphins,rookie,0.0
Brian Riley,WR,Colts,2017.0,3.0,1.665,0.555,0.0,0.003,2017.0,Colts,rookie,0.0
Gabe Marks,WR,Jets,2017.0,3.0,1.665,0.555,0.0,0.003,2017.0,Jets,rookie,0.0
Jerome Lane,WR,Colts,2017.0,3.0,1.665,0.555,0.0,0.003,2017.0,Colts,rookie,0.0
Drake Stoops,WR,Rams,2025.0,2.0,1.845,0.9225,0.0,0.003,2024.0,Rams,veteran,1.0
Pokey Wilson,WR,Jets,2025.0,2.0,1.845,0.9225,0.0,0.003,2023.0,Chargers,veteran,2.0
Matt Landers,WR,Titans,2025.0,2.0,1.845,0.9225,0.0,0.003,2023.0,Seahawks,veteran,2.0
Tanner Knue,WR,Buccaneers,2025.0,2.0,1.845,0.9225,0.0,0.003,2024.0,Buccaneers,veteran,1.0
Tarik Black,WR,Dolphins,2025.0,2.0,1.845,0.9225,0.0,0.003,2021.0,Colts,veteran,4.0
Tim White,WR,Jets,2019.0,2.0,1.24,0.62,0.04,0.003,2017.0,Ravens,veteran,2.0
Cam Phillips,WR,Bills,2019.0,2.0,1.23,0.615,0.0,0.003,2018.0,Bills,veteran,1.0
K.J. Brent,WR,Buccaneers,2019.0,2.0,1.23,0.615,0.0,0.003,2016.0,Raiders,veteran,3.0
Isaac Whitney,WR,Texans,2019.0,2.0,1.23,0.615,0.0,0.003,2017.0,Raiders,veteran,2.0
Tanner Gentry,WR,Bears,2019.0,2.0,1.23,0.615,0.0,0.003,2017.0,Bears,veteran,2.0
River Cracraft,WR,Broncos,2019.0,2.0,1.23,0.615,0.0,0.003,2017.0,Broncos,veteran,2.0
Carlton Agudosi,WR,Eagles,2019.0,2.0,1.23,0.615,0.0,0.003,2017.0,Cardinals,veteran,2.0
Evan Berry,WR,Browns,2018.0,3.0,1.73,0.576667,0.02,0.003,2018.0,Browns,rookie,0.0
Byron Pringle,WR,Chiefs,2018.0,3.0,1.725,0.575,0.04,0.003,2018.0,Chiefs,rookie,0.0
Korey Robertson,WR,Vikings,2018.0,3.0,1.725,0.575,0.05,0.003,2018.0,Vikings,rookie,0.0
Ka'Raun White,WR,CIN/SEA,2018.0,3.0,1.724,0.574667,0.014,0.003,2018.0,Seahawks,rookie,0.0
Brandon Powell,WR,Lions,2018.0,3.0,0.1722,0.574,0.044,0.003,2018.0,Lions,rookie,0.0
Vyncint Smith,WR,Texans,2018.0,3.0,1.72,0.573333,0.035,0.003,2018.0,Texans,rookie,0.0
Trent Sherfield,WR,Cardinals,2018.0,3.0,1.72,0.573333,0.01,0.003,2018.0,Cardinals,rookie,0.0
Jimmy Williams,WR,Broncos,2018.0,3.0,1.72,0.573333,0.01,0.003,2018.0,Broncos,rookie,0.0
Scotty McKnight,WR,Jets,2012.0,1.0,0.39,0.39,0.0,0.003,2011.0,Jets,veteran,1.0
Chris Hubert,WR,Cardinals,2017.0,1.0,0.54,0.54,0.0,0.003,2016.0,Cardinals,veteran,1.0
Jordan Taylor,WR,Broncos,2017.0,1.0,0.54,0.54,0.0,0.003,2015.0,Broncos,veteran,2.0
Corey Washington,WR,Bills,2017.0,1.0,0.54,0.54,0.0,0.003,2014.0,Cardinals,veteran,3.0
Tony Washington,WR,Patriots,2017.0,1.0,0.54,0.54,0.0,0.003,2014.0,Colts,veteran,3.0
Geronimo Allison,WR,Packers,2017.0,1.0,0.54,0.54,0.0,0.003,2016.0,Packers,veteran,1.0
Andrew Turzilli,WR,Lions,2017.0,1.0,0.54,0.54,0.0,0.003,2015.0,Titans,veteran,2.0
Kaelin Clay,WR,Panthers,2017.0,1.0,0.54,0.54,0.0,0.003,2015.0,Buccaneers,veteran,2.0
Rashard Higgins,WR,Browns,2017.0,1.0,0.539998,0.539998,0.0,0.003,2016.0,Browns,veteran,1.0
John Diarse,WR,Broncos,2018.0,3.0,1.718,0.572667,0.008,0.003,2018.0,Broncos,rookie,0.0
Elijah Marks,WR,Chiefs,2018.0,3.0,1.7175,0.5725,0.0075,0.003,2018.0,Chiefs,rookie,0.0
Stephen Gosnell,WR,Bills,2026.0,2.0,1.9435,0.97175,0.0085,0.003,2025.0,Bills,veteran,1.0
Darren Andrews,WR,Patriots,2018.0,3.0,1.715,0.571667,0.02,0.003,2018.0,Patriots,rookie,0.0
De'Mornay Pierson-El,WR,Commanders,2018.0,3.0,1.715,0.571667,0.005,0.003,2018.0,Commanders,rookie,0.0
Shaq Roland,WR,Bears,2018.0,3.0,1.715,0.571667,0.005,0.003,2018.0,Bears,rookie,0.0
Jaelon Acklin,WR,Ravens,2018.0,3.0,1.715,0.571667,0.005,0.003,2018.0,Ravens,rookie,0.0
Derrick Willies,WR,Browns,2018.0,3.0,1.7125,0.570833,0.0025,0.003,2018.0,Browns,rookie,0.0
Malik Earl,WR,Cowboys,2018.0,3.0,1.7115,0.5705,0.0015,0.003,2018.0,Cowboys,rookie,0.0
Marchie Murdock,WR,Cowboys,2018.0,3.0,1.7115,0.5705,0.0015,0.003,2018.0,Cowboys,rookie,0.0
Detrich Clark,WR,Falcons,2018.0,3.0,1.711,0.570333,0.001,0.003,2018.0,Falcons,rookie,0.0
Devonte Boyd,WR,Bengals,2018.0,3.0,1.711,0.570333,0.001,0.003,2018.0,Bengals,rookie,0.0
Sergio Bailey,WR,Buccaneers,2018.0,3.0,1.711,0.570333,0.001,0.003,2018.0,Buccaneers,rookie,0.0
Erv Philips,WR,Buccaneers,2018.0,3.0,1.711,0.570333,0.001,0.003,2018.0,Buccaneers,rookie,0.0
LaQuvionte Gonzalez,WR,Rams,2018.0,3.0,1.711,0.570333,0.001,0.003,2018.0,Rams,rookie,0.0
Garrett Johnson,WR,Bears,2018.0,3.0,1.711,0.570333,0.001,0.003,2018.0,Bears,rookie,0.0
Dontez Byrd,WR,Falcons,2018.0,3.0,1.7105,0.570167,0.0005,0.003,2018.0,Falcons,rookie,0.0
Lamar Jordan,WR,Falcons,2018.0,3.0,1.7105,0.570167,0.0005,0.003,2018.0,Falcons,rookie,0.0
Brandon Zylstra,WR,Panthers,2018.0,3.0,1.71,0.57,0.0,0.003,2016.0,Vikings,veteran,2.0
Austin Wolf,WR,Cardinals,2018.0,3.0,1.71,0.57,0.0,0.003,2018.0,Cardinals,rookie,0.0
Josh Smith,WR,Saints,2018.0,3.0,1.71,0.57,0.0,0.003,2018.0,Saints,rookie,0.0
Marcus Peterson,WR,Chargers,2018.0,3.0,1.71,0.57,0.0,0.003,2018.0,Chargers,rookie,0.0
Mikah Holder,WR,Commanders,2018.0,3.0,1.71,0.57,0.0,0.003,2018.0,Commanders,rookie,0.0
Cam Sims,WR,Commanders,2018.0,3.0,1.71,0.57,0.0,0.003,2018.0,Commanders,rookie,0.0
Davon Grayson,WR,Chiefs,2018.0,3.0,1.71,0.57,0.0,0.003,2018.0,Chiefs,rookie,0.0
Darren Carrington,WR,Cowboys,2018.0,3.0,1.71,0.57,0.0,0.003,2018.0,Cowboys,rookie,0.0
Matt Fleming,WR,Bears,2018.0,3.0,1.71,0.57,0.0,0.003,2018.0,Bears,rookie,0.0
Corey Willis,WR,Cardinals,2018.0,3.0,1.71,0.57,0.0,0.003,2018.0,Cardinals,rookie,0.0
Jake Wieneke,WR,Vikings,2018.0,3.0,1.71,0.57,0.0,0.003,2018.0,Vikings,rookie,0.0
Darius Prince,WR,Eagles,2018.0,3.0,1.71,0.57,0.0,0.003,2018.0,Eagles,rookie,0.0
Allenzae Staggers,WR,Commanders,2018.0,3.0,1.71,0.57,0.0,0.003,2018.0,Commanders,rookie,0.0
Tim WIlson,WR,Eagles,2018.0,3.0,1.71,0.57,0.0,0.003,2018.0,Eagles,rookie,0.0
Eldridge Massington,WR,Saints,2018.0,3.0,1.71,0.57,0.0,0.003,2018.0,Saints,rookie,0.0
Bryce Bobo,WR,Broncos,2018.0,3.0,1.71,0.57,0.0,0.003,2018.0,Broncos,rookie,0.0
Aaron Lacombe,WR,Rams,2018.0,3.0,1.71,0.57,0.0,0.003,2018.0,Rams,rookie,0.0
Mark Chapman,WR,Broncos,2018.0,3.0,1.71,0.57,0.0,0.003,2018.0,Broncos,rookie,0.0
Jared Murphy,WR,Bengals,2018.0,3.0,1.71,0.57,0.0,0.003,2018.0,Bengals,rookie,0.0
Adonis Jennings,WR,Packers,2018.0,3.0,1.71,0.57,0.0,0.003,2018.0,Packers,rookie,0.0
Anthony Mahoungou,WR,Eagles,2018.0,3.0,1.71,0.57,0.0,0.003,2018.0,Eagles,rookie,0.0
CJ Duncan,WR,Cardinals,2018.0,3.0,1.71,0.57,0.0,0.003,2018.0,Cardinals,rookie,0.0
Kent Shelby,WR,Chargers,2018.0,3.0,1.71,0.57,0.0,0.003,2018.0,Chargers,rookie,0.0
Jamaal Pritchett,WR,Jets,2026.0,2.0,1.935,0.9675,0.0,0.003,2025.0,Jets,veteran,1.0
Mario Williams,WR,Rams,2026.0,2.0,1.935,0.9675,0.0,0.003,2025.0,Rams,veteran,1.0
Xavier Restrepo,WR,Titans,2026.0,2.0,1.935,0.9675,0.0,0.003,2025.0,Titans,veteran,1.0
Hal Presley,WR,Titans,2026.0,2.0,1.935,0.9675,0.0,0.003,2025.0,Bills,veteran,1.0
Dennis Houston,WR,Buccaneers,2026.0,2.0,1.935,0.9675,0.0,0.003,2022.0,Cowboys,veteran,4.0
Brennan Presley,WR,Rams,2026.0,2.0,1.935,0.9675,0.0,0.003,2025.0,Rams,veteran,1.0
Traeshon Holden,WR,Cowboys,2026.0,2.0,1.935,0.9675,0.0,0.003,2025.0,Cowboys,veteran,1.0
A.J. Henning,WR,Dolphins,2026.0,2.0,1.935,0.9675,0.0,0.003,2025.0,Dolphins,veteran,1.0
Tru Edwards,WR,Rams,2026.0,2.0,1.935,0.9675,0.0,0.003,2025.0,Rams,veteran,1.0
Jaden Smith,WR,Cowboys,2026.0,2.0,1.935,0.9675,0.0,0.003,2025.0,Buccaneers,veteran,1.0
Tevin Jones,WR,Cowboys,2020.0,2.0,1.265,0.6325,0.005,0.003,2016.0,Texans,veteran,4.0
Marquis Bundy,WR,Cardinals,2016.0,2.0,0.99,0.495,0.0,0.003,2016.0,Cardinals,rookie,0.0
Andre Davis,WR,Buccaneers,2016.0,2.0,0.99,0.495,0.0,0.003,2015.0,Bills,veteran,1.0
Austin Willis,WR,Lions,2016.0,2.0,0.99,0.495,0.0,0.003,2015.0,Raiders,veteran,1.0
DiAndre Campbell,WR,49ers,2016.0,2.0,0.99,0.495,0.0,0.003,2015.0,,veteran,1.0
Rashawn Scott,WR,Dolphins,2016.0,2.0,0.99,0.495,0.0,0.003,2016.0,Dolphins,rookie,0.0
Paul Turner,WR,Eagles,2016.0,2.0,0.99,0.495,0.0,0.003,2016.0,Eagles,rookie,0.0
Daniel Braverman,WR,Bears,2016.0,2.0,0.99,0.495,0.0,0.003,2016.0,Bears,rookie,0.0
Donte Foster,WR,Titans,2016.0,2.0,0.99,0.495,0.0,0.003,2014.0,Vikings,veteran,2.0
Richard Mullaney,WR,Cowboys,2016.0,2.0,0.99,0.495,0.0,0.003,2016.0,Texans,rookie,0.0
Michael Bennett,WR,Bengals,2016.0,2.0,0.99,0.495,0.0,0.003,2015.0,Bengals,veteran,1.0
Bernard Reedy,WR,Buccaneers,2016.0,2.0,0.99,0.495,0.0,0.003,2014.0,Falcons,veteran,2.0
Nick Harwell,WR,Titans,2016.0,2.0,0.99,0.495,0.0,0.003,2015.0,Cowboys,veteran,1.0
Josh Lenz,WR,Texans,2016.0,2.0,0.99,0.495,0.0,0.003,2013.0,Bears,veteran,3.0
J.D. McKissic,WR,Seahawks,2016.0,2.0,0.99,0.495,0.0,0.003,2016.0,Falcons,rookie,0.0
Andre Debose,WR,Colts,2016.0,2.0,0.99,0.495,0.0,0.003,2015.0,Raiders,veteran,1.0
Joshua Stangby,WR,Colts,2016.0,2.0,0.99,0.495,0.0,0.003,2015.0,Falcons,veteran,1.0
Damiere Byrd,WR,Panthers,2016.0,2.0,0.99,0.495,0.0,0.003,2015.0,Panthers,veteran,1.0
Quenton Bundrage,WR,Texans,2016.0,2.0,0.99,0.495,0.0,0.003,2016.0,Jets,rookie,0.0
DeMarcus Ayers,WR,Steelers,2016.0,2.0,0.99,0.495,0.0,0.003,2016.0,Steelers,rookie,0.0
Jarrod West,WR,Titans,2016.0,2.0,0.99,0.495,0.0,0.003,2015.0,Jets,veteran,1.0
Chris King,WR,Jets,2016.0,2.0,0.99,0.495,0.0,0.003,2016.0,Cardinals,rookie,0.0
Keon Hatcher,WR,Jets,2020.0,2.0,1.26,0.63,0.0,0.003,2017.0,Raiders,veteran,3.0
Chris Thompson,WR,49ers,2020.0,2.0,1.26,0.63,0.0,0.003,2017.0,Texans,veteran,3.0
Ronald Johnson,WR,Seahawks,2014.0,1.0,0.42,0.42,0.0,0.003,2011.0,,veteran,3.0
Justin Brown,WR,Steelers,2014.0,1.0,0.42,0.42,0.0,0.003,2013.0,Steelers,veteran,1.0
Jace Billingsley,WR,Lions,2016.0,3.0,1.47,0.49,0.0,0.003,2016.0,Lions,rookie,0.0
Jake Kumerow,WR,Bengals,2016.0,3.0,1.47,0.49,0.0,0.003,2015.0,Bengals,veteran,1.0
Marcus Simms,WR,Jaguars,2019.0,3.0,1.775,0.591667,0.02,0.003,2019.0,Jaguars,rookie,0.0
Victor Cruz,WR,Giants,2010.0,3.0,1.215,0.405,0.0,0.003,2010.0,Giants,rookie,0.0
Steven Sims,WR,Commanders,2019.0,3.0,1.77,0.59,0.015,0.003,2019.0,Commanders,rookie,0.0
DeMarcus Ayers,WR,Bears,2018.0,1.0,0.555,0.555,0.0,0.003,2016.0,Steelers,veteran,2.0
Paul Turner,WR,NO/NE,2018.0,1.0,0.555,0.555,0.0,0.003,2016.0,Eagles,veteran,2.0
Michael Clark,WR,Packers,2018.0,1.0,0.555,0.555,0.0,0.003,2017.0,Packers,veteran,1.0
Nelson Spruce,WR,Chargers,2018.0,1.0,0.555,0.555,0.0,0.003,2016.0,Rams,veteran,2.0
Carlton Agudosi,WR,Cardinals,2018.0,1.0,0.555,0.555,0.0,0.003,2017.0,Cardinals,veteran,1.0
Kasen Williams,WR,Browns,2018.0,1.0,0.555,0.555,0.0,0.003,2015.0,Seahawks,veteran,3.0
Ryan Davis,WR,Patriots,2019.0,3.0,1.765,0.588333,0.07,0.003,2019.0,Patriots,rookie,0.0
Deonte Harty,WR,Saints,2019.0,3.0,1.765,0.588333,0.025,0.003,2019.0,Saints,rookie,0.0
Jakobi Meyers,WR,Patriots,2019.0,3.0,1.765,0.588333,0.07,0.003,2019.0,Patriots,rookie,0.0
DeAndre Thompkins,WR,Eagles,2019.0,3.0,1.765,0.588333,0.085,0.003,2019.0,Eagles,rookie,0.0
Jon'Vea Johnson,WR,Cowboys,2019.0,3.0,1.765,0.588333,0.1,0.003,2019.0,Cowboys,rookie,0.0
Preston Williams,WR,Dolphins,2019.0,3.0,1.765,0.588333,0.02,0.003,2019.0,Dolphins,rookie,0.0
Shawn Poindexter,WR,49ers,2019.0,3.0,1.76,0.586667,0.025,0.003,2019.0,,rookie,0.0
Felton Davis,WR,Chiefs,2019.0,3.0,1.76,0.586667,0.005,0.003,2019.0,Chiefs,rookie,0.0
Olamide Zaccheaus,WR,Falcons,2019.0,3.0,1.76,0.586667,0.005,0.003,2019.0,Falcons,rookie,0.0
CJ Worton,WR,Falcons,2019.0,3.0,1.76,0.586667,0.005,0.003,2019.0,Falcons,rookie,0.0
Tyre Brady,WR,Jaguars,2019.0,3.0,1.76,0.586667,0.02,0.003,2019.0,Jaguars,rookie,0.0
Dominique Williams,WR,Eagles,2017.0,2.0,1.04,0.52,0.03,0.003,2016.0,Chargers,veteran,1.0
Romell Guerrier,WR,Broncos,2019.0,3.0,1.758,0.586,0.003,0.003,2019.0,Broncos,rookie,0.0
D.J. Montgomery,WR,CLE/NYJ,2019.0,3.0,1.758,0.586,0.003,0.003,2019.0,Browns,rookie,0.0
Dredrick Snelson,WR,Jaguars,2019.0,3.0,1.758,0.586,0.003,0.003,2019.0,Jaguars,rookie,0.0
Gunner Olszewski,WR,Patriots,2019.0,3.0,1.7575,0.585833,0.0025,0.003,2019.0,Patriots,rookie,0.0
Marcus Simms,WR,Seahawks,2024.0,1.0,0.795,0.795,0.0,0.003,2019.0,Jaguars,veteran,5.0
Chase Cota,WR,Giants,2024.0,1.0,0.795,0.795,0.0,0.003,2023.0,Lions,veteran,1.0
Daniel Arias,WR,Cardinals,2024.0,1.0,0.795,0.795,0.0,0.003,2023.0,Cardinals,veteran,1.0
Sean Ryan,WR,Ravens,2024.0,1.0,0.795,0.795,0.0,0.003,2023.0,Ravens,veteran,1.0
Jontre Kirklin,WR,49ers,2024.0,1.0,0.795,0.795,0.0,0.003,2022.0,Cardinals,veteran,2.0
Kyric McGowan,WR,Jaguars,2024.0,1.0,0.795,0.795,0.0,0.003,2022.0,Commanders,veteran,2.0
Kawaan Baker,WR,Patriots,2024.0,1.0,0.795,0.795,0.0,0.003,2021.0,Saints,veteran,3.0
Peter Leblanc,WR,Bears,2024.0,1.0,0.795,0.795,0.0,0.003,2024.0,Bears,rookie,0.0
Thyrick Pitts,WR,Packers,2024.0,1.0,0.795,0.795,0.0,0.003,2023.0,Bears,veteran,1.0
Keilahn Harris,WR,Steelers,2024.0,1.0,0.795,0.795,0.0,0.003,2023.0,Falcons,veteran,1.0
Duece Watts,WR,Steelers,2024.0,1.0,0.795,0.795,0.0,0.003,2023.0,Packers,veteran,1.0
Chris Pierce Jr.,WR,Panthers,2024.0,1.0,0.795,0.795,0.0,0.003,2022.0,Cardinals,veteran,2.0
Jacob Copeland,WR,Chiefs,2024.0,1.0,0.795,0.795,0.0,0.003,2023.0,Titans,veteran,1.0
Jadon Janke,WR,Dolphins,2024.0,1.0,0.795,0.795,0.0,0.003,2024.0,Texans,rookie,0.0
Justin Hall,WR,Vikings,2024.0,1.0,0.795,0.795,0.0,0.003,2022.0,Raiders,veteran,2.0
Kwamie Lassiter II,WR,Bengals,2024.0,1.0,0.795,0.795,0.0,0.003,2022.0,Bengals,veteran,2.0
Samson Nacua,WR,Saints,2024.0,1.0,0.795,0.795,0.0,0.003,2022.0,Colts,veteran,2.0
Mike Harley,WR,Dolphins,2024.0,1.0,0.795,0.795,0.0,0.003,2022.0,Browns,veteran,2.0
Kyle Sheets,WR,Chiefs,2024.0,1.0,0.795,0.795,0.0,0.003,2024.0,Saints,rookie,0.0
Tayvion Robinson,WR,Panthers,2024.0,1.0,0.795,0.795,0.0,0.003,2024.0,Ravens,rookie,0.0
Daylen Baldwin,WR,Vikings,2024.0,1.0,0.795,0.795,0.0,0.003,2022.0,Browns,veteran,2.0
JaQuae Jackson,WR,Patriots,2024.0,1.0,0.795,0.795,0.0,0.003,2024.0,Falcons,rookie,0.0
Terrell Bynum,WR,Colts,2024.0,1.0,0.795,0.795,0.0,0.003,2023.0,Chargers,veteran,1.0
Isaiah Wooden,WR,Chargers,2024.0,1.0,0.795,0.795,0.0,0.003,2024.0,Falcons,rookie,0.0
Izaiah Gathings,WR,Chiefs,2024.0,1.0,0.795,0.795,0.0,0.003,2023.0,Jets,veteran,1.0
Grant DuBose,WR,Dolphins,2024.0,1.0,0.795,0.795,0.0,0.003,2023.0,Packers,veteran,1.0
Jonathan Lloyd,WR,Rams,2019.0,3.0,1.757,0.585667,0.002,0.003,2019.0,Rams,rookie,0.0
Dorian Baker,WR,Browns,2019.0,3.0,1.7565,0.5855,0.0015,0.003,2019.0,Browns,rookie,0.0
Shawn Bane,WR,Falcons,2019.0,3.0,1.7565,0.5855,0.0015,0.003,2019.0,Falcons,rookie,0.0
Cortrelle Simpson,WR,Buccaneers,2019.0,3.0,1.756,0.585333,0.001,0.003,2019.0,Buccaneers,rookie,0.0
Raphael Leonard,WR,Jaguars,2019.0,3.0,1.7575,0.585333,0.0025,0.003,2019.0,Jaguars,rookie,0.0
Micah Wright,WR,Saints,2019.0,3.0,1.755,0.585,0.0,0.003,2019.0,Saints,rookie,0.0
Jamire Jordan,WR,Chiefs,2019.0,3.0,1.755,0.585,0.0,0.003,2019.0,Chiefs,rookie,0.0
Andre Lindsey,WR,Chiefs,2019.0,3.0,1.755,0.585,0.0,0.003,2019.0,Chiefs,rookie,0.0
Jaylen Smith,WR,Ravens,2019.0,3.0,1.755,0.585,0.0,0.003,2019.0,Ravens,rookie,0.0
Floyd Allen,WR,Texans,2019.0,3.0,1.755,0.585,0.0,0.003,2019.0,Texans,rookie,0.0
Justin Sumpter,WR,Rams,2019.0,3.0,1.755,0.585,0.0,0.003,2019.0,Rams,rookie,0.0
Jody Fortson,WR,Chiefs,2019.0,3.0,1.755,0.585,0.0,0.003,2019.0,Chiefs,rookie,0.0
Brian Burt,WR,Raiders,2019.0,3.0,1.755,0.585,0.0,0.003,2019.0,Raiders,rookie,0.0
Stephen Louis,WR,Texans,2019.0,3.0,1.755,0.585,0.0,0.003,2019.0,Texans,rookie,0.0
Joe Walker,WR,Bears,2019.0,3.0,1.755,0.585,0.0,0.003,2019.0,Bears,rookie,0.0
Charles Holland,WR,Bengals,2019.0,3.0,1.755,0.585,0.0005,0.003,2019.0,Bengals,rookie,0.0
Jamarius Way,WR,Broncos,2019.0,3.0,1.755,0.585,0.0,0.003,2019.0,Broncos,rookie,0.0
Jalen Green,WR,Rams,2019.0,3.0,1.755,0.585,0.0,0.003,2019.0,Rams,rookie,0.0
Damon Sheehy-Guiseppi,WR,Browns,2019.0,3.0,1.755,0.585,0.0,0.003,2019.0,Browns,rookie,0.0
Joe Horn,WR,Ravens,2019.0,3.0,1.755,0.585,0.0,0.003,2019.0,Ravens,rookie,0.0
Joseph Parker,WR,Titans,2019.0,3.0,1.755,0.585,0.0,0.003,2019.0,Titans,rookie,0.0
Fred Trevillion,WR,Chargers,2019.0,3.0,1.755,0.585,0.0,0.003,2019.0,Chargers,rookie,0.0
JoJo Natson,WR,Rams,2018.0,1.0,0.555,0.55,0.0,0.003,2017.0,Colts,veteran,1.0
Ben Edwards,WR,Giants,2015.0,2.0,0.885,0.4425,0.0,0.003,2015.0,Giants,rookie,0.0
Darrell Stewart,WR,Panthers,2020.0,1.0,0.61,0.61,0.0,0.003,2020.0,Packers,rookie,0.0
Spencer Schnell,WR,Buccaneers,2020.0,1.0,0.61,0.61,0.0,0.003,2019.0,Buccaneers,veteran,1.0
Saeed Blacknall,WR,Steelers,2020.0,1.0,0.61,0.61,0.0,0.003,2018.0,Raiders,veteran,2.0
Aleva Hifo,WR,Chiefs,2020.0,1.0,0.61,0.61,0.0,0.003,2020.0,Chiefs,rookie,0.0
Bryant Mitchell,WR,Buccaneers,2020.0,1.0,0.61,0.61,0.0,0.003,2019.0,Cardinals,veteran,1.0
Andre Baccellia,WR,Patriots,2020.0,1.0,0.61,0.61,0.0,0.003,2020.0,Chiefs,rookie,0.0
DeAndre Thompkins,WR,Steelers,2020.0,1.0,0.61,0.61,0.0,0.003,2019.0,Eagles,veteran,1.0
Seth Dawkins,WR,Seahawks,2020.0,1.0,0.61,0.61,0.0,0.003,2020.0,Seahawks,rookie,0.0
Will Hastings,WR,Patriots,2020.0,1.0,0.61,0.61,0.0,0.003,2020.0,Patriots,rookie,0.0
Jeff Badet,WR,Vikings,2019.0,2.0,1.155,0.5775,0.075,0.003,2018.0,Vikings,veteran,1.0
Uzoma Nwachukwu,WR,Cowboys,2017.0,1.0,1.02,0.51,0.0,0.003,2013.0,Texans,veteran,4.0
Alonzo Russell,WR,Bengals,2017.0,2.0,1.02,0.51,0.0,0.003,2016.0,Bengals,veteran,1.0
Quincy McDuffie,WR,Cowboys,2017.0,2.0,1.02,0.51,0.0,0.003,2013.0,Broncos,veteran,4.0
Tevin Jones,WR,Texans,2017.0,2.0,1.02,0.51,0.0,0.003,2016.0,Texans,veteran,1.0
Reginald Davis III,WR,Falcons,2017.0,2.0,1.02,0.51,0.0,0.003,2017.0,Falcons,rookie,0.0
Valdez Showers,WR,Colts,2017.0,2.0,1.02,0.51,0.0,0.003,2016.0,Commanders,veteran,1.0
Bra'Lon Cherry,WR,Falcons,2017.0,2.0,1.02,0.51,0.0,0.003,2017.0,Titans,rookie,0.0
Jamal Robinson,WR,Jaguars,2017.0,2.0,1.02,0.51,0.0,0.003,2016.0,Jaguars,veteran,1.0
Karel Hamilton,WR,Cowboys,2017.0,2.0,1.02,0.51,0.0,0.003,2017.0,Bengals,rookie,0.0
Shaq Hill,WR,Buccaneers,2017.0,2.0,1.02,0.51,0.0,0.003,2017.0,Texans,rookie,0.0
Marcus Johnson,WR,Eagles,2017.0,2.0,1.02,0.51,0.0,0.003,2016.0,Eagles,veteran,1.0
Jhajuan Seales,WR,Buccaneers,2017.0,2.0,1.02,0.51,0.0,0.003,2017.0,Bears,rookie,0.0
Kendal Thompson,WR,Commanders,2017.0,2.0,1.02,0.51,0.0,0.003,2016.0,Commanders,veteran,1.0
David Watford,WR,Eagles,2017.0,2.0,1.02,0.51,0.0,0.003,2016.0,Eagles,veteran,1.0
Shaq Evans,WR,Cowboys,2017.0,2.0,1.02,0.51,0.0,0.003,2014.0,Jets,veteran,3.0
Deshon Foxx,WR,Jets,2017.0,2.0,1.02,0.51,0.0,0.003,2015.0,Seahawks,veteran,2.0
L'Damian Washington,WR,Chiefs,2015.0,1.0,0.435,0.435,0.0,0.003,2014.0,Cowboys,veteran,1.0
Derrick Johnson,WR,Giants,2015.0,1.0,0.435,0.435,0.0,0.003,2014.0,Patriots,veteran,1.0
Seth Roberts,WR,Raiders,2015.0,1.0,0.435,0.435,0.0,0.003,2014.0,Raiders,veteran,1.0
Jeremy Gallon,WR,Raiders,2015.0,1.0,0.435,0.435,0.0,0.003,2014.0,Patriots,veteran,1.0
Erik Lora,WR,Jaguars,2015.0,1.0,0.435,0.435,0.0,0.003,2014.0,Vikings,veteran,1.0
Deontay Greenberry,WR,Seahawks,2015.0,1.0,0.435,0.435,0.0,0.003,2015.0,Cowboys,rookie,0.0
Desmond Lawrence,WR,Bengals,2015.0,1.0,0.435,0.435,0.0,0.003,2015.0,Lions,rookie,0.0
Josh Reese,WR,Eagles,2015.0,1.0,0.435,0.435,0.0,0.003,2015.0,Buccaneers,rookie,0.0
Paul Browning,WR,Panthers,2015.0,1.0,0.435,0.435,0.0,0.003,2015.0,Browns,rookie,0.0
Jake Kumerow,WR,Packers,2019.0,1.0,0.57,0.57,0.0,0.003,2015.0,Bengals,veteran,4.0
DeAndre Carter,WR,Texans,2019.0,1.0,0.57,0.57,0.0,0.003,2015.0,Ravens,veteran,4.0
Aaron Burbridge,WR,Broncos,2019.0,1.0,0.57,0.57,0.0,0.003,2016.0,,veteran,3.0
Brandon Reilly,WR,Lions,2019.0,1.0,0.57,0.57,0.0,0.003,2017.0,Bills,veteran,2.0
Jalen Tolliver,WR,Chiefs,2019.0,1.0,0.57,0.57,0.0,0.003,2018.0,Cardinals,veteran,1.0
KhaDarel Hodge,WR,Browns,2019.0,1.0,0.57,0.57,0.0,0.003,2018.0,Rams,veteran,1.0
Keenan Reynolds,WR,Seahawks,2019.0,1.0,0.57,0.57,0.0,0.003,2016.0,Ravens,veteran,3.0
Tim Patrick,WR,Broncos,2019.0,1.0,0.57,0.57,0.0,0.003,2017.0,Ravens,veteran,2.0
Marcus Kemp,WR,Chiefs,2019.0,1.0,0.57,0.57,0.0,0.003,2017.0,Chiefs,veteran,2.0
Jordan Lasley,WR,Lions,2019.0,1.0,0.57,0.57,0.0,0.003,2018.0,Ravens,veteran,1.0
Zavier Scott,WR,Vikings,2025.0,1.0,0.84,0.84,0.0,0.003,2023.0,Colts,veteran,2.0
John Jackson,WR,Bears,2025.0,1.0,0.84,0.84,0.0,0.003,2024.0,Bears,veteran,1.0
Jesse Matthews,WR,Falcons,2025.0,1.0,0.84,0.84,0.0,0.003,2023.0,Texans,veteran,2.0
Seth Williams,WR,Raiders,2025.0,1.0,0.84,0.84,0.0,0.003,2021.0,Broncos,veteran,4.0
Tulu Griffin,WR,Packers,2025.0,1.0,0.84,0.84,0.0,0.003,2024.0,Raiders,veteran,1.0
David White Jr.,WR,Bills,2025.0,1.0,0.84,0.84,0.0,0.003,2024.0,Jaguars,veteran,1.0
Josh Cephus,WR,Jaguars,2025.0,1.0,0.84,0.84,0.0,0.003,2024.0,Jaguars,veteran,1.0
Jaylen Johnson,WR,Chargers,2025.0,1.0,0.84,0.84,0.0,0.003,2024.0,Chargers,veteran,1.0
Kelly Akharaiyi,WR,Bills,2025.0,1.0,0.84,0.84,0.0,0.003,2025.0,Bills,rookie,0.0
Johnny Johnson III,WR,Texans,2025.0,1.0,0.84,0.84,0.0,0.003,2022.0,Texans,veteran,3.0
Jaelen Gill,WR,Browns,2025.0,1.0,0.84,0.84,0.0,0.003,2024.0,Chargers,veteran,1.0
Kearis Jackson,WR,Texans,2025.0,1.0,0.84,0.84,0.0,0.003,2023.0,Titans,veteran,2.0
Grant DuBose,WR,Bills,2025.0,1.0,0.84,0.84,0.0,0.003,2023.0,Packers,veteran,2.0
Chase Cota,WR,Browns,2025.0,1.0,0.84,0.84,0.0,0.003,2023.0,Lions,veteran,2.0
Louis Rees-Zammit,WR,Jaguars,2025.0,1.0,0.84,0.84,0.0,0.003,2024.0,Chiefs,veteran,1.0
Terique Owens,WR,49ers,2025.0,1.0,0.84,0.84,0.0,0.003,2024.0,49ers,veteran,1.0
Dayton Wade,WR,Ravens,2025.0,1.0,0.84,0.84,0.0,0.003,2024.0,Ravens,veteran,1.0
Ife Adeyi,WR,Eagles,2025.0,1.0,0.84,0.84,0.0,0.003,2025.0,Eagles,rookie,0.0
Darius Lassiter,WR,Jaguars,2025.0,1.0,0.84,0.84,0.0,0.003,2025.0,Jaguars,rookie,0.0
Cole Burgess,WR,Bengals,2025.0,1.0,0.84,0.84,0.0,0.003,2024.0,Bengals,veteran,1.0
Jadon Janke,WR,Packers,2025.0,1.0,0.84,0.84,0.0,0.003,2024.0,Texans,veteran,1.0
Key'Shawn Smith,WR,Chiefs,2025.0,1.0,0.84,0.84,0.0,0.003,2025.0,Raiders,rookie,0.0
Nate McCollum,WR,Cardinals,2025.0,1.0,0.84,0.84,0.0,0.003,2025.0,Seahawks,rookie,0.0
Brycen Tremayne,WR,Panthers,2025.0,1.0,0.84,0.84,0.0,0.003,2023.0,Commanders,veteran,2.0
T.J. Luther,WR,Panthers,2025.0,1.0,0.84,0.84,0.0,0.003,2023.0,Jets,veteran,2.0
Kazmeir Allen,WR,Commanders,2025.0,1.0,0.84,0.84,0.0,0.003,2023.0,Commanders,veteran,2.0
Kawaan Baker,WR,Raiders,2025.0,1.0,0.84,0.84,0.0,0.003,2021.0,Saints,veteran,4.0
Malik Knowles,WR,49ers,2025.0,1.0,0.84,0.84,0.0,0.003,2023.0,Vikings,veteran,2.0
Jaxon Shipley,WR,Cardinals,2016.0,1.0,0.465,0.465,0.015,0.003,2015.0,Cardinals,veteran,1.0
Kolby Listenbee,WR,Colts,2018.0,2.0,1.05,0.525,0.0,0.003,2016.0,Bills,veteran,2.0
Dontez Ford,WR,Lions,2018.0,2.0,1.05,0.525,0.0,0.003,2017.0,Lions,veteran,1.0
Taj Williams,WR,Falcons,2018.0,2.0,1.05,0.525,0.0,0.003,2018.0,Seahawks,rookie,0.0
Devon Cajuste,WR,Browns,2018.0,2.0,1.05,0.525,0.0,0.003,2016.0,,veteran,2.0
Fred Brown,WR,Rams,2018.0,2.0,1.05,0.525,0.0,0.003,2017.0,Colts,veteran,1.0
Travin Dural,WR,Saints,2018.0,2.0,1.05,0.525,0.0,0.003,2017.0,Saints,veteran,1.0
KD Cannon,WR,Cowboys,2018.0,2.0,1.05,0.525,0.0,0.003,2017.0,,veteran,1.0
Zach Pascal,WR,Titans,2018.0,2.0,1.05,0.525,0.0,0.003,2017.0,Commanders,veteran,1.0
Ricky Jeune,WR,Cowboys,2018.0,2.0,1.05,0.525,0.0,0.003,2018.0,Rams,rookie,0.0
Cayleb Jones,WR,Vikings,2018.0,2.0,1.05,0.525,0.0,0.003,2016.0,Eagles,veteran,2.0
Drew Morgan,WR,Dolphins,2018.0,2.0,1.05,0.525,0.0,0.003,2017.0,Dolphins,veteran,1.0
Davone Bess,WR,Dolphins,2008.0,2.0,0.687,0.3435,0.007,0.003,2008.0,Dolphins,rookie,0.0
Quadree Henderson,WR,Steelers,2020.0,1.0,0.585,0.585,0.0,0.003,2018.0,Steelers,veteran,2.0
Tim White,WR,Saints,2020.0,1.0,0.585,0.585,0.0,0.003,2017.0,Ravens,veteran,3.0
Davion Davis,WR,Vikings,2020.0,1.0,0.585,0.585,0.0,0.003,2019.0,Vikings,veteran,1.0
Quincy Adeboyejo,WR,Patriots,2020.0,1.0,0.585,0.585,0.0,0.003,2017.0,Ravens,veteran,3.0
James Looney,WR,Packers,2020.0,1.0,0.585,0.585,0.0,0.003,2018.0,Packers,veteran,2.0
Bralon Addison,WR,Bears,2016.0,2.0,0.915,0.4575,0.0,0.003,2016.0,Broncos,rookie,0.0
Kasen Williams,WR,SEA/CLE,2016.0,2.0,0.915,0.4575,0.0,0.003,2015.0,Seahawks,veteran,1.0
Herb Waters,WR,Packers,2016.0,2.0,0.915,0.4575,0.0,0.003,2016.0,Packers,rookie,0.0
Isaac Fruechte,WR,Vikings,2016.0,2.0,0.915,0.4575,0.0,0.003,2015.0,Vikings,veteran,1.0
Xavier Johnson,WR,Bengals,2026.0,1.0,0.885,0.885,0.0,0.003,2024.0,Bills,veteran,2.0
Tyrone Broden,WR,Seahawks,2026.0,1.0,0.885,0.885,0.0,0.003,2025.0,Seahawks,veteran,1.0
Qadir Ismail,WR,Bears,2026.0,1.0,0.885,0.885,0.0,0.003,2024.0,Ravens,veteran,2.0
Jalen Walthall,WR,Jets,2026.0,1.0,0.885,0.885,0.0,0.003,2026.0,Texans,rookie,0.0
Chandler Brayboy,WR,Jaguars,2026.0,1.0,0.885,0.885,0.0,0.003,2025.0,Jaguars,veteran,1.0
John Jiles,WR,Patriots,2026.0,1.0,0.885,0.885,0.0,0.003,2024.0,Giants,veteran,2.0
Nick Nash,WR,Commanders,2026.0,1.0,0.885,0.885,0.0,0.003,2025.0,Falcons,veteran,1.0
Jackson Meeks,WR,Lions,2026.0,1.0,0.885,0.885,0.0,0.003,2025.0,Lions,veteran,1.0
Montorie Foster,WR,Seahawks,2026.0,1.0,0.885,0.885,0.0,0.003,2025.0,Seahawks,veteran,1.0
Will Sheppard,WR,Packers,2026.0,1.0,0.885,0.885,0.0,0.003,2025.0,Packers,veteran,1.0
Eli Pancol,WR,Colts,2026.0,1.0,0.885,0.885,0.0,0.003,2025.0,Jaguars,veteran,1.0
Coleman Owen,WR,Colts,2026.0,1.0,0.885,0.885,0.0,0.003,2025.0,Colts,veteran,1.0
Jaseem Reed,WR,Panthers,2026.0,1.0,0.885,0.885,0.0,0.003,2025.0,Browns,veteran,1.0
Levi Wentz,WR,Steelers,2026.0,1.0,0.885,0.885,0.0,0.003,2026.0,Seahawks,rookie,0.0
Ricky White,WR,Seahawks,2026.0,1.0,0.885,0.885,0.0,0.003,2025.0,Seahawks,veteran,1.0
Max Tomczak,WR,Bills,2026.0,1.0,0.885,0.885,0.0,0.003,2026.0,Bills,rookie,0.0
Xavier Guillory,WR,Ravens,2026.0,1.0,0.885,0.885,0.0,0.003,2025.0,Ravens,veteran,1.0
Andrew Armstrong,WR,Chiefs,2026.0,1.0,0.885,0.885,0.0,0.003,2025.0,Dolphins,veteran,1.0
Brandon Smith,WR,Steelers,2026.0,1.0,0.885,0.885,0.0,0.003,2021.0,Cowboys,veteran,5.0
Luke Grimm,WR,Chargers,2026.0,1.0,0.885,0.885,0.0,0.003,2025.0,Chargers,veteran,1.0
Jordan Moore,WR,Bengals,2026.0,1.0,0.885,0.885,0.0,0.003,2025.0,Bengals,veteran,1.0
Cole Burgess,WR,Steelers,2026.0,1.0,0.885,0.885,0.0,0.003,2024.0,Bengals,veteran,2.0
Cornelius Johnson,WR,Ravens,2026.0,1.0,0.885,0.885,0.0,0.003,2024.0,Chargers,veteran,2.0
JaQuae Jackson,WR,Chargers,2026.0,1.0,0.885,0.885,0.0,0.003,2024.0,Falcons,veteran,2.0
Jimmy Holiday,WR,Chiefs,2026.0,1.0,0.885,0.885,0.0,0.003,2025.0,Chiefs,veteran,1.0
Josh Kelly,WR,Texans,2026.0,1.0,0.885,0.885,0.0,0.003,2025.0,Cowboys,veteran,1.0
Joaquin Davis,WR,Vikings,2026.0,1.0,0.885,0.885,0.0,0.003,2025.0,Broncos,veteran,1.0
Isaiah Neyor,WR,Packers,2026.0,1.0,0.885,0.885,0.0,0.003,2025.0,49ers,veteran,1.0
Jeremiah Webb,WR,Patriots,2026.0,1.0,0.885,0.885,0.0,0.003,2025.0,Patriots,veteran,1.0
Bryson Green,WR,Cardinals,2026.0,1.0,0.885,0.885,0.0,0.003,2025.0,Cardinals,veteran,1.0
Dontae Fleming,WR,Vikings,2026.0,1.0,0.885,0.885,0.0,0.003,2025.0,Vikings,veteran,1.0
Jeshaun Jones,WR,Vikings,2026.0,1.0,0.885,0.885,0.0,0.003,2024.0,Vikings,veteran,2.0
J.P. Richardson,WR,Bears,2026.0,1.0,0.885,0.885,0.0,0.003,2025.0,Bears,veteran,1.0
Luke Floriea,WR,Browns,2026.0,1.0,0.885,0.885,0.0,0.003,2025.0,Browns,veteran,1.0
Dayton Wade,WR,Ravens,2026.0,1.0,0.885,0.885,0.0,0.003,2024.0,Ravens,veteran,2.0
Isaiah Wooden,WR,Browns,2026.0,1.0,0.885,0.885,0.0,0.003,2024.0,Falcons,veteran,2.0
Junior Bergen,WR,49ers,2026.0,1.0,0.885,0.885,0.0,0.003,2025.0,49ers,veteran,1.0
Ja'Corey Brooks,WR,Commanders,2026.0,1.0,0.885,0.885,0.0,0.003,2025.0,Commanders,veteran,1.0
Jacoby Jones,WR,Commanders,2026.0,1.0,0.885,0.885,0.0,0.003,2025.0,Commanders,veteran,1.0
Trayvon Rudolph,WR,Vikings,2026.0,1.0,0.885,0.885,0.0,0.003,2026.0,Seahawks,rookie,0.0
Mac Dalena,WR,Bills,2026.0,1.0,0.885,0.885,0.0,0.003,2025.0,Chiefs,veteran,1.0
Michael Briscoe,WR,Vikings,2026.0,1.0,0.885,0.885,0.0,0.003,2026.0,Seahawks,rookie,0.0
Da'Quan Felton,WR,Jets,2026.0,1.0,0.885,0.885,0.0,0.003,2025.0,Giants,veteran,1.0
Gee Scott Jr.,WR,Jets,2026.0,1.0,0.885,0.885,0.0,0.003,2025.0,Patriots,veteran,1.0
Courtney Jackson,WR,Titans,2026.0,1.0,0.885,0.885,0.0,0.003,2025.0,Broncos,veteran,1.0
Kyle Prater,WR,Saints,2016.0,1.0,0.455,0.455,0.005,0.003,2015.0,Saints,veteran,1.0
Dobson Collins,WR,Ravens,2016.0,1.0,0.45,0.45,0.0,0.003,2009.0,,veteran,7.0
Dennis Parks,WR,Browns,2016.0,1.0,0.45,0.45,0.0,0.003,2016.0,Packers,rookie,0.0
Shakim Phillips,WR,Steelers,2016.0,1.0,0.45,0.45,0.0,0.003,2015.0,Steelers,veteran,1.0
Shane Wynn,WR,Jaguars,2016.0,2.0,0.45,0.45,0.0,0.003,2015.0,Falcons,veteran,1.0
Tobais Palmer,WR,Panthers,2016.0,1.0,0.45,0.45,0.0,0.003,2013.0,Jaguars,veteran,3.0
Deon Long,WR,Eagles,2016.0,1.0,0.45,0.45,0.0,0.003,2015.0,Titans,veteran,1.0
Torrence Allen,WR,Chargers,2016.0,1.0,0.45,0.45,0.0,0.003,2014.0,Chargers,veteran,2.0
Tyler Slavin,WR,Seahawks,2016.0,1.0,0.45,0.45,0.0,0.003,2015.0,Rams,veteran,1.0
Ed Eagan,WR,Bills,2016.0,1.0,0.45,0.45,0.0,0.003,2016.0,Cowboys,rookie,0.0
Chuck Jacobs,WR,Ravens,2016.0,1.0,0.45,0.45,0.0,0.003,2013.0,,veteran,3.0
Avius Capers,WR,Panthers,2016.0,1.0,0.45,0.45,0.0,0.003,2015.0,Panthers,veteran,1.0
A.J. Cruz,WR,Dolphins,2016.0,1.0,0.45,0.45,0.0,0.003,2015.0,Bears,veteran,1.0
Jace Davis,WR,Broncos,2016.0,1.0,0.45,0.45,0.0,0.003,2014.0,Ravens,veteran,2.0
Kenny Cook,WR,Chiefs,2016.0,1.0,0.45,0.45,0.0,0.003,2015.0,Chiefs,veteran,1.0
Kadron Boone,WR,Giants,2016.0,1.0,0.45,0.45,0.0,0.003,2014.0,Eagles,veteran,2.0
David Richards,WR,Rams,2016.0,1.0,0.45,0.45,0.0,0.003,2016.0,Falcons,rookie,0.0
Leon Brown,WR,Ravens,2016.0,1.0,0.45,0.45,0.0,0.003,2015.0,Ravens,veteran,1.0
Reggie Bell,WR,Saints,2016.0,1.0,0.45,0.45,0.0,0.003,2015.0,Commanders,veteran,1.0
Christion Jones,WR,Dolphins,2016.0,1.0,0.45,0.45,0.0,0.003,2015.0,Dolphins,veteran,1.0
Damarr Aultman,WR,Dolphins,2016.0,1.0,0.45,0.45,0.0,0.003,2015.0,Dolphins,veteran,1.0
Damian Copeland,WR,Lions,2016.0,1.0,0.45,0.45,0.0,0.003,2014.0,Jaguars,veteran,2.0
Issac Blakeney,WR,Steelers,2016.0,1.0,0.45,0.45,0.0,0.003,2015.0,,veteran,1.0
R.J. Harris,WR,Saints,2016.0,1.0,0.45,0.45,0.0,0.003,2015.0,Saints,veteran,1.0
Kashif Moore,WR,Chiefs,2016.0,1.0,0.45,0.45,0.0,0.003,2012.0,Bengals,veteran,4.0
Austin Hill,WR,Rams,2016.0,1.0,0.45,0.45,0.0,0.003,2015.0,Raiders,veteran,1.0
Kain Colter,WR,Bills,2016.0,1.0,0.45,0.45,0.0,0.003,2014.0,Vikings,veteran,2.0
Ed Williams,WR,Packers,2016.0,1.0,0.45,0.45,0.0,0.003,2015.0,Packers,veteran,1.0
Levi Norwood,WR,Steelers,2016.0,1.0,0.45,0.45,0.0,0.003,2015.0,Bears,veteran,1.0
Levonte Whitfield,WR,Bengals,2019.0,2.0,1.08,0.54,0.0,0.003,2017.0,Bears,veteran,2.0
Dorren Miller,WR,Eagles,2019.0,2.0,1.08,0.54,0.0,0.003,2018.0,Jaguars,veteran,1.0
Reece Horn,WR,Dolphins,2019.0,2.0,1.08,0.54,0.0,0.003,2016.0,Titans,veteran,3.0
Austin Proehl,WR,Rams,2019.0,2.0,1.08,0.54,0.0,0.003,2018.0,Bills,veteran,1.0
Xavier Ubosi,WR,Buccaneers,2019.0,2.0,1.08,0.54,0.0,0.003,2019.0,Patriots,rookie,0.0
Steve Ishmael,WR,Colts,2019.0,2.0,1.08,0.54,0.0,0.003,2018.0,Colts,veteran,1.0
Jordan Williams-Lambert,WR,Bears,2019.0,1.0,1.08,0.54,0.03,0.003,2016.0,Saints,veteran,3.0
DeAngelo Yancey,WR,Jets,2019.0,2.0,1.08,0.54,0.0,0.003,2017.0,Packers,veteran,2.0
Marcus Lucas,WR,Cowboys,2019.0,2.0,1.08,0.54,0.0,0.003,2014.0,Panthers,veteran,5.0
Nick Truesdell,WR,Vikings,2017.0,1.0,0.475,0.475,0.01,0.003,2013.0,,veteran,4.0
John Franklin III,WR,Buccaneers,2019.0,3.0,1.605,0.535,0.0,0.003,2018.0,Bears,veteran,1.0
Reggie White,WR,Giants,2020.0,2.0,1.1175,0.55875,0.0075,0.003,2019.0,Giants,veteran,1.0
Nick Easley,WR,Bills,2020.0,2.0,1.1165,0.55825,0.0065,0.003,2019.0,Bills,veteran,1.0
Bralon Addison,WR,Vikings,2020.0,2.0,1.1125,0.55625,0.0025,0.003,2016.0,Broncos,veteran,4.0
Josh Smith,WR,Titans,2020.0,2.0,1.11,0.555,0.0,0.003,2018.0,Saints,veteran,2.0
Jordan Veasy,WR,Commanders,2020.0,2.0,1.11,0.555,0.0,0.003,2018.0,Titans,veteran,2.0
Emmanuel Butler,WR,Saints,2020.0,2.0,1.11,0.555,0.0,0.003,2019.0,Saints,veteran,1.0
Trevion Thompson,WR,Titans,2020.0,2.0,1.11,0.555,0.0,0.003,2019.0,Chargers,veteran,1.0
Emanuel Hall,WR,Commanders,2020.0,2.0,1.11,0.555,0.0,0.003,2019.0,Bears,veteran,1.0
Kelvin McKnight,WR,Broncos,2020.0,2.0,1.11,0.555,0.0,0.003,2019.0,Broncos,veteran,1.0
Dillon Mitchell,WR,Vikings,2020.0,2.0,1.11,0.555,0.0,0.003,2019.0,Vikings,veteran,1.0
TJ Rahming,WR,Dolphins,2020.0,2.0,1.11,0.555,0.0,0.003,2019.0,Commanders,veteran,1.0
Terry Wright,WR,Dolphins,2020.0,2.0,1.11,0.555,0.0,0.003,2019.0,Seahawks,veteran,1.0
Titus Davis,WR,Bears,2017.0,1.0,0.465,0.465,0.0,0.003,2015.0,Chargers,veteran,2.0
Jamel Johnson,WR,Seahawks,2017.0,1.0,0.465,0.465,0.0,0.003,2015.0,Packers,veteran,2.0
Trey Griffey,WR,Dolphins,2017.0,1.0,0.465,0.465,0.0,0.003,2017.0,Colts,rookie,0.0
Kj Maye,WR,Patriots,2017.0,1.0,0.465,0.465,0.0,0.003,2016.0,Giants,veteran,1.0
Xavier Rush,WR,Saints,2017.0,1.0,0.465,0.465,0.0,0.003,2015.0,,veteran,2.0
Harvey Binford,WR,Colts,2017.0,1.0,0.465,0.465,0.0,0.003,2016.0,Packers,veteran,1.0
C.J. Germany,WR,Giants,2017.0,1.0,0.465,0.465,0.0,0.003,2017.0,Rams,rookie,0.0
Marcus Leak,WR,Texans,2017.0,1.0,0.465,0.465,0.0,0.003,2016.0,Colts,veteran,1.0
Dez Stewart,WR,Lions,2017.0,1.0,0.465,0.465,0.0,0.003,2016.0,Buccaneers,veteran,1.0
Rodney Adams,WR,Vikings,2017.0,1.0,0.465,0.465,0.0,0.003,2017.0,Vikings,rookie,0.0
George Farmer,WR,Seahawks,2017.0,1.0,0.465,0.465,0.0,0.003,2015.0,Cowboys,veteran,2.0
Da'Ron Brown,WR,Chargers,2017.0,1.0,0.465,0.465,0.0,0.003,2015.0,Chiefs,veteran,2.0
Mitch Mathews,WR,Vikings,2017.0,1.0,0.465,0.465,0.0,0.003,2016.0,Chiefs,veteran,1.0
Cameron Posey,WR,Chargers,2017.0,1.0,0.465,0.465,0.0,0.003,2017.0,Panthers,rookie,0.0
Jordan Williams-Lambert,WR,Saints,2017.0,1.0,0.465,0.465,0.0,0.003,2016.0,Saints,veteran,1.0
Rashad Lawrence,WR,Saints,2017.0,1.0,0.465,0.465,0.0,0.003,2014.0,Commanders,veteran,3.0
Tyler Gaffney,WR,Jaguars,2017.0,1.0,0.465,0.465,0.0,0.003,2014.0,Panthers,veteran,3.0
Antwan Goodley,WR,Packers,2017.0,1.0,0.465,0.465,0.0,0.003,2015.0,Cowboys,veteran,2.0
Rob Wheelwright,WR,Chiefs,2017.0,1.0,0.465,0.465,0.0,0.003,2017.0,Giants,rookie,0.0
Moritz Boehringer,WR,Vikings,2017.0,1.0,0.465,0.465,0.0,0.003,2016.0,Vikings,veteran,1.0
Kasen Williams,WR,Browns,2017.0,1.0,0.464984,0.464984,0.0,0.003,2015.0,Seahawks,veteran,2.0
Bug Howard,WR,Panthers,2018.0,1.0,0.481,0.481,0.0,0.003,2017.0,Colts,veteran,1.0
Austin Duke,WR,Panthers,2018.0,1.0,0.48,0.48,0.0,0.003,2017.0,Panthers,veteran,1.0
Jonah Trinnaman,WR,Jets,2018.0,1.0,0.48,0.48,0.0,0.003,2018.0,Cardinals,rookie,0.0
Kenny Bell,WR,Broncos,2018.0,1.0,0.48,0.48,0.0,0.003,2015.0,Buccaneers,veteran,3.0
Rasheed Bailey,WR,Panthers,2018.0,1.0,0.48,0.48,0.0,0.003,2015.0,Eagles,veteran,3.0
Jamaal Jones,WR,Panthers,2018.0,1.0,0.48,0.48,0.0,0.003,2016.0,Chargers,veteran,2.0
Justin Thomas,WR,Steelers,2018.0,1.0,0.48,0.48,0.0,0.003,2017.0,Saints,veteran,1.0
Dominique Williams,WR,Lions,2018.0,1.0,0.48,0.48,0.0,0.003,2016.0,Chargers,veteran,2.0
Marcus Tucker,WR,Steelers,2018.0,1.0,0.48,0.48,0.0,0.003,2016.0,Steelers,veteran,2.0
Kendal Thompson,WR,Rams,2018.0,1.0,0.48,0.48,0.0,0.003,2016.0,Commanders,veteran,2.0
Jordan Leslie,WR,Broncos,2018.0,1.0,0.48,0.48,0.0,0.003,2015.0,Vikings,veteran,3.0
Tim Patrick,WR,Broncos,2018.0,1.0,0.48,0.48,0.0,0.003,2017.0,Ravens,veteran,1.0
Cody Hollister,WR,Patriots,2018.0,1.0,0.48,0.48,0.0,0.003,2017.0,Patriots,veteran,1.0
Quincy Adeboyejo,WR,Ravens,2018.0,1.0,0.48,0.48,0.0,0.003,2017.0,Ravens,veteran,1.0
Canaan Severin,WR,Giants,2018.0,1.0,0.48,0.48,0.0,0.003,2016.0,Steelers,veteran,2.0
Devin Lucien,WR,Patriots,2018.0,1.0,0.48,0.48,0.0,0.003,2016.0,Patriots,veteran,2.0
Jake Kumerow,WR,Packers,2018.0,1.0,0.48,0.48,0.0,0.003,2015.0,Bengals,veteran,3.0
Colby Pearson,WR,Packers,2018.0,1.0,0.48,0.48,0.0,0.003,2017.0,Packers,veteran,1.0
Artavis Scott,WR,Chargers,2018.0,1.0,0.48,0.48,0.0,0.003,2017.0,Chargers,veteran,1.0
DeAndre Smelter,WR,Jaguars,2018.0,2.0,0.48,0.48,0.0,0.003,2015.0,,veteran,3.0
Thomas Sperbeck,WR,Buccaneers,2018.0,1.0,0.48,0.48,0.0,0.003,2017.0,Buccaneers,veteran,1.0
Malachi Jones,WR,Bears,2018.0,1.0,0.48,0.48,0.0,0.003,2016.0,Falcons,veteran,2.0
Mekale McKay,WR,Bears,2018.0,1.0,0.48,0.48,0.0,0.003,2016.0,Colts,veteran,2.0
Kj Maye,WR,Patriots,2018.0,1.0,0.48,0.48,0.0,0.003,2016.0,Giants,veteran,2.0
Kayaune Ross,WR,Seahawks,2018.0,1.0,0.48,0.48,0.0,0.003,2018.0,Colts,rookie,0.0
Marvin Bracy,WR,Seahawks,2018.0,1.0,0.48,0.48,0.0,0.003,2017.0,Colts,veteran,1.0
Kyle Lewis,WR,Packers,2018.0,1.0,0.48,0.48,0.0,0.003,2018.0,Lions,rookie,0.0
Keith Kirkwood,WR,Saints,2018.0,1.0,0.479995,0.479995,0.0,0.003,2018.0,Saints,rookie,0.0
Diontae Spencer,WR,DEN/PIT,2019.0,1.0,0.501,0.501,0.006,0.003,2014.0,Rams,veteran,5.0
Andre Levrone,WR,Panthers,2019.0,1.0,0.5,0.5,0.005,0.003,2018.0,Ravens,veteran,1.0
Ka'Raun White,WR,Steelers,2019.0,1.0,0.495,0.495,0.0,0.003,2018.0,Seahawks,veteran,1.0
Deontez Alexander,WR,Lions,2019.0,1.0,0.495,0.495,0.0,0.003,2018.0,Lions,veteran,1.0
Bryant Mitchell,WR,Buccaneers,2019.0,1.0,0.495,0.495,0.0,0.003,2019.0,Cardinals,rookie,0.0
Davon Grayson,WR,Chiefs,2019.0,1.0,0.495,0.495,0.0,0.003,2018.0,Chiefs,veteran,1.0
Herb Waters,WR,Steelers,2019.0,1.0,0.495,0.495,0.0,0.003,2016.0,Packers,veteran,3.0
Daniel Williams,WR,Seahawks,2019.0,1.0,0.495,0.495,0.0,0.003,2017.0,Jets,veteran,2.0
Trey Griffey,WR,Steelers,2019.0,1.0,0.495,0.495,0.0,0.003,2017.0,Colts,veteran,2.0
Isaac Zico,WR,Cardinals,2019.0,1.0,0.495,0.495,0.0,0.003,2019.0,Titans,rookie,0.0
Caleb Scott,WR,Seahawks,2019.0,1.0,0.495,0.495,0.0,0.003,2018.0,Seahawks,veteran,1.0
Kahlil Lewis,WR,Seahawks,2019.0,1.0,0.495,0.495,0.0,0.003,2019.0,Falcons,rookie,0.0
Terrell Sinkfield,WR,Giants,2019.0,1.0,0.495,0.495,0.0,0.003,2013.0,Dolphins,veteran,6.0
Teo Redding,WR,Packers,2019.0,1.0,0.495,0.495,0.0,0.003,2018.0,Lions,veteran,1.0
Matthew Eaton,WR,Buccaneers,2019.0,1.0,0.495,0.495,0.0,0.003,2019.0,Packers,rookie,0.0
Travin Dural,WR,Saints,2019.0,1.0,0.495,0.495,0.0,0.003,2018.0,Saints,veteran,1.0
Damoun Patterson,WR,Patriots,2019.0,1.0,0.495,0.495,0.0,0.003,2018.0,Steelers,veteran,1.0
Josh Crockett,WR,Chiefs,2019.0,1.0,0.495,0.495,0.0,0.003,2018.0,Chiefs,veteran,1.0
Amba Etta-Tawo,WR,Giants,2019.0,1.0,0.495,0.495,0.0,0.003,2017.0,Jaguars,veteran,2.0
Steven Dunbar,WR,Broncos,2019.0,1.0,0.495,0.495,0.0,0.003,2018.0,,veteran,1.0
Jordan Smallwood,WR,Chargers,2019.0,1.0,0.495,0.495,0.0,0.003,2018.0,Chiefs,veteran,1.0
Malachi Dupre,WR,Chargers,2019.0,1.0,0.495,0.495,0.0,0.003,2017.0,Packers,veteran,2.0
Montay Crockett,WR,Raiders,2019.0,1.0,0.495,0.495,0.0,0.003,2017.0,Packers,veteran,2.0
Alex Wesley,WR,Bears,2020.0,1.0,0.51,0.51,0.0,0.003,2019.0,Giants,veteran,1.0
Moritz Boehringer,WR,Bengals,2020.0,1.0,0.51,0.51,0.0,0.003,2016.0,Vikings,veteran,4.0
Johnnie Dixon,WR,Cardinals,2020.0,1.0,0.51,0.51,0.0,0.003,2019.0,Texans,veteran,1.0
DaMarkus Lodge,WR,Bengals,2020.0,1.0,0.51,0.51,0.0,0.003,2019.0,Buccaneers,veteran,1.0
Kabion Ento,WR,Packers,2020.0,1.0,0.51,0.51,0.0,0.003,2019.0,Packers,veteran,1.0
Malik Taylor,WR,Packers,2020.0,1.0,0.51,0.51,0.0,0.003,2019.0,Buccaneers,veteran,1.0
Sean Modster,WR,Ravens,2020.0,1.0,0.51,0.51,0.0,0.003,2019.0,Ravens,veteran,1.0
Antoine Wesley,WR,Ravens,2020.0,1.0,0.51,0.51,0.0,0.003,2019.0,Ravens,veteran,1.0
Damion Jeanpiere,WR,Panthers,2020.0,1.0,0.51,0.51,0.0,0.003,2019.0,Panthers,veteran,1.0
Anthony Ratliff-Williams,WR,Raiders,2020.0,1.0,0.51,0.51,0.0,0.003,2019.0,Titans,veteran,1.0
Jamal Custis,WR,Steelers,2020.0,1.0,0.51,0.51,0.0,0.003,2019.0,Chiefs,veteran,1.0
Jonathan Duhart,WR,Lions,2020.0,1.0,0.51,0.51,0.0,0.003,2019.0,Lions,veteran,1.0
Bradley Marquez,WR,Lions,2017.0,1.0,0.34,0.34,0.0,0.002,2015.0,Rams,veteran,2.0
Cameron Batson,WR,Falcons,2022.0,1.0,0.3582,0.3582,0.0,0.002,2018.0,Titans,veteran,4.0
Alex Erickson,WR,Commanders,2022.0,1.0,0.3582,0.3582,0.0,0.002,2016.0,Bengals,veteran,6.0
DeSean Jackson,WR,Ravens,2022.0,1.0,0.3582,0.3582,0.0,0.002,2008.0,Eagles,veteran,14.0
Marcus Johnson,WR,Giants,2022.0,1.0,0.3582,0.3582,0.0,0.002,2016.0,Eagles,veteran,6.0
Nsimba Webster,WR,Bears,2022.0,1.0,0.3582,0.3582,0.0,0.002,2019.0,Rams,veteran,3.0
River Cracraft,WR,Dolphins,2022.0,1.0,0.3582,0.3582,0.0,0.002,2017.0,Broncos,veteran,5.0
Willie Snead,WR,49ers,2022.0,1.0,0.3582,0.3582,0.0,0.002,2014.0,Browns,veteran,8.0
Andy Isabella,WR,Ravens,2022.0,1.0,0.3582,0.3582,0.0,0.002,2019.0,Cardinals,veteran,3.0
Malik Turner,WR,HOU/SF,2022.0,1.0,0.3582,0.3582,0.0,0.002,2018.0,Seahawks,veteran,4.0
Nsimba Webster,WR,Bears,2023.0,1.0,0.3708,0.3708,0.0,0.002,2019.0,Rams,veteran,4.0
Keelan Cole,WR,Raiders,2023.0,1.0,0.3708,0.3708,0.0,0.002,2017.0,Jaguars,veteran,6.0
Cole Beasley,WR,Giants,2023.0,1.0,0.3708,0.3708,0.0,0.002,2012.0,Cowboys,veteran,11.0
David Moore,WR,Buccaneers,2023.0,1.0,0.3708,0.3708,0.0,0.002,2017.0,Seahawks,veteran,6.0
Julio Jones,WR,Eagles,2023.0,1.0,0.3708,0.3708,0.0,0.002,2011.0,Falcons,veteran,12.0
Greg Ward,WR,Eagles,2023.0,1.0,0.3708,0.3708,0.0,0.002,2017.0,Eagles,veteran,6.0
Tyron Johnson,WR,Cowboys,2023.0,1.0,0.3708,0.3708,0.0,0.002,2019.0,Texans,veteran,4.0
Chris Conley,WR,49ers,2023.0,1.0,0.3708,0.3708,0.0,0.002,2015.0,Chiefs,veteran,8.0
Steven Sims,WR,Texans,2023.0,1.0,0.3708,0.3708,0.0,0.002,2019.0,Commanders,veteran,4.0
Martavis Bryant,WR,Cowboys,2023.0,1.0,0.3708,0.3708,0.0,0.002,2014.0,Steelers,veteran,9.0
Willie Snead,WR,49ers,2023.0,1.0,0.3708,0.3708,0.0,0.002,2014.0,Browns,veteran,9.0
Robbie Chosen,WR,Dolphins,2023.0,1.0,0.3708,0.3708,0.0,0.002,2016.0,Jets,veteran,7.0
Max McCaffrey,WR,Saints,2017.0,1.0,0.272,0.272,0.0,0.002,2016.0,Raiders,veteran,1.0
Rod Smith,WR,Broncos,1994.0,1.0,0.0561,0.0561,0.0,0.002,1994.0,Bills,rookie,0.0
Lucky Whitehead,WR,Jets,2017.0,1.0,0.255,0.255,0.0,0.002,2015.0,Cowboys,veteran,2.0
Bernard Reedy,WR,Patriots,2017.0,1.0,0.255,0.255,0.0,0.002,2014.0,Falcons,veteran,3.0
Bryce Treggs,WR,Eagles,2017.0,1.0,0.255,0.255,0.0,0.002,2016.0,,veteran,1.0
Albert Wilson,WR,Raiders,2022.0,1.0,0.3177,0.3177,0.0,0.002,2014.0,Chiefs,veteran,8.0
Jamal Agnew,WR,Steelers,2024.0,1.0,0.3834,0.3834,0.0,0.002,2017.0,Lions,veteran,7.0
Keith Kirkwood,WR,Ravens,2024.0,1.0,0.3834,0.3834,0.0,0.002,2018.0,Saints,veteran,6.0
Anthony Miller,WR,Ravens,2024.0,1.0,0.3834,0.3834,0.0,0.002,2018.0,Bears,veteran,6.0
Sterling Shepard,WR,Buccaneers,2024.0,1.0,0.3834,0.3834,0.0,0.002,2016.0,Giants,veteran,8.0
Collin Johnson,WR,Bears,2024.0,1.0,0.3834,0.3834,0.0,0.002,2020.0,Jaguars,veteran,4.0
D'Wayne Eskridge,WR,Dolphins,2024.0,1.0,0.3834,0.3834,0.0,0.002,2021.0,Seahawks,veteran,3.0
Robbie Chosen,WR,Dolphins,2024.0,1.0,0.3834,0.3834,0.0,0.002,2016.0,Jets,veteran,8.0
Quez Watkins,WR,Steelers,2024.0,1.0,0.3834,0.3834,0.0,0.002,2020.0,Eagles,veteran,4.0
Jalen Guyton,WR,Raiders,2024.0,1.0,0.3834,0.3834,0.0,0.002,2019.0,Cowboys,veteran,5.0
Bennett Skowronek,WR,Steelers,2024.0,1.0,0.3834,0.3834,0.0,0.002,2021.0,Rams,veteran,3.0
Laquon Treadwell,WR,Colts,2024.0,1.0,0.3834,0.3834,0.0,0.002,2016.0,Vikings,veteran,8.0
Laviska Shenault,WR,Chargers,2024.0,1.0,0.3834,0.3834,0.0,0.002,2020.0,Jaguars,veteran,4.0
Jalen Reagor,WR,Chargers,2024.0,1.0,0.3834,0.3834,0.0,0.002,2020.0,Eagles,veteran,4.0
Preston Williams,WR,Panthers,2022.0,1.0,0.306,0.306,0.0,0.001,2019.0,Dolphins,veteran,3.0
Kevin White,WR,Saints,2022.0,1.0,0.306,0.306,0.0,0.001,2015.0,Bears,veteran,7.0
Victor Bolden,WR,49ers,2018.0,1.0,0.255,0.255,0.0,0.001,2017.0,49ers,veteran,1.0
Russell Gage,WR,49ers,2025.0,1.0,0.396,0.396,0.0,0.001,2018.0,Falcons,veteran,7.0
Lil'Jordan Humphrey,WR,Giants,2025.0,1.0,0.396,0.396,0.0,0.001,2019.0,Saints,veteran,6.0
Ihmir Smith-Marsette,WR,Giants,2025.0,1.0,0.396,0.396,0.0,0.001,2021.0,Vikings,veteran,4.0
Tyler Johnson,WR,Jets,2025.0,1.0,0.396,0.396,0.0,0.001,2020.0,Buccaneers,veteran,5.0
Miles Boykin,WR,Bears,2025.0,1.0,0.396,0.396,0.0,0.001,2019.0,Ravens,veteran,6.0
Anthony Miller,WR,Ravens,2025.0,1.0,0.396,0.396,0.0,0.001,2018.0,Bears,veteran,7.0
Keith Kirkwood,WR,Ravens,2025.0,1.0,0.396,0.396,0.0,0.001,2018.0,Saints,veteran,7.0
D.J. Turner,WR,Raiders,2025.0,1.0,0.396,0.396,0.0,0.001,2021.0,Raiders,veteran,4.0
Chris Moore,WR,Commanders,2025.0,1.0,0.396,0.396,0.0,0.001,2016.0,Ravens,veteran,9.0
Lawrence Cager,WR,Commanders,2025.0,1.0,0.396,0.396,0.0,0.001,2020.0,Jets,veteran,5.0
Phillip Dorsett,WR,Raiders,2025.0,1.0,0.396,0.396,0.0,0.001,2015.0,Colts,veteran,10.0
Jalen Reagor,WR,Chargers,2025.0,1.0,0.396,0.396,0.0,0.001,2020.0,Eagles,veteran,5.0
Quintez Cephus,WR,Texans,2025.0,1.0,0.396,0.396,0.0,0.001,2020.0,Lions,veteran,5.0
Dan Chisena,WR,Panthers,2025.0,1.0,0.396,0.396,0.0,0.001,2020.0,Vikings,veteran,5.0
Laquon Treadwell,WR,Colts,2025.0,1.0,0.396,0.396,0.0,0.001,2016.0,Vikings,veteran,9.0
Parris Campbell,WR,Cowboys,2025.0,1.0,0.396,0.396,0.0,0.001,2019.0,Colts,veteran,6.0
Tavon Austin,WR,Bills,2022.0,1.0,0.288,0.288,0.0,0.001,2013.0,Rams,veteran,9.0
Vyncint Smith,WR,Jets,2021.0,1.0,0.252,0.252,0.0,0.001,2018.0,Texans,veteran,3.0
Dante Pettis,WR,Giants,2021.0,1.0,0.252,0.252,0.0,0.001,2018.0,49ers,veteran,3.0
Alex Erickson,WR,Panthers,2021.0,1.0,0.252,0.252,0.0,0.001,2016.0,Bengals,veteran,5.0
Travis Benjamin,WR,49ers,2021.0,1.0,0.252,0.252,0.0,0.001,2012.0,Browns,veteran,9.0
Chris Thompson,WR,Bears,2021.0,1.0,0.252,0.252,0.0,0.001,2017.0,Texans,veteran,4.0
Isaiah Ford,WR,Dolphins,2021.0,1.0,0.252,0.252,0.0,0.001,2017.0,Dolphins,veteran,4.0
Golden Tate,WR,Titans,2021.0,1.0,0.252,0.252,0.0,0.001,2010.0,Seahawks,veteran,11.0
Chris Moore,WR,Texans,2021.0,1.0,0.252,0.252,0.0,0.001,2016.0,Ravens,veteran,5.0
Jaydon Mickens,WR,Buccaneers,2021.0,1.0,0.252,0.252,0.0,0.001,2016.0,Raiders,veteran,5.0
Equanimeous St. Brown,WR,Packers,2021.0,1.0,0.252,0.252,0.0,0.001,2018.0,Packers,veteran,3.0
Laquon Treadwell,WR,Jaguars,2021.0,1.0,0.252,0.252,0.0,0.001,2016.0,Vikings,veteran,5.0
Josh Malone,WR,Packers,2021.0,1.0,0.252,0.252,0.0,0.001,2017.0,Bengals,veteran,4.0
Devin Funchess,WR,49ers,2021.0,1.0,0.252,0.252,0.0,0.001,2015.0,Panthers,veteran,6.0
C.J. Board,WR,Giants,2021.0,1.0,0.252,0.252,0.0,0.001,2017.0,Ravens,veteran,4.0
Trent Taylor,WR,Bengals,2021.0,1.0,0.252,0.252,0.0,0.001,2017.0,49ers,veteran,4.0
Pharoh Cooper,WR,Giants,2021.0,1.0,0.252,0.252,0.0,0.001,2016.0,Rams,veteran,5.0
JoJo Natson,WR,Browns,2021.0,1.0,0.252,0.252,0.0,0.001,2017.0,Colts,veteran,4.0
Deon Cain,WR,Eagles,2021.0,1.0,0.252,0.252,0.0,0.001,2018.0,Colts,veteran,3.0
Josh Doctson,WR,Cardinals,2021.0,1.0,0.252,0.252,0.0,0.001,2016.0,Commanders,veteran,5.0
Kevin White,WR,Saints,2021.0,1.0,0.252,0.252,0.0,0.001,2015.0,Bears,veteran,6.0
Marvin Hall,WR,Falcons,2021.0,1.0,0.252,0.252,0.0,0.001,2016.0,Raiders,veteran,5.0
Geronimo Allison,WR,Lions,2021.0,1.0,0.252,0.252,0.0,0.001,2016.0,Packers,veteran,5.0
Justin Watson,WR,Buccaneers,2021.0,1.0,0.252,0.252,0.0,0.001,2018.0,Buccaneers,veteran,3.0
Jordan Matthews,WR,49ers,2021.0,1.0,0.252,0.252,0.0,0.001,2014.0,Eagles,veteran,7.0
Phillip Dorsett,WR,Seahawks,2021.0,1.0,0.252,0.252,0.0,0.001,2015.0,Colts,veteran,6.0
Devin Smith,WR,Panthers,2021.0,1.0,0.252,0.252,0.0,0.001,2015.0,Jets,veteran,6.0
Anthony Miller,WR,Steelers,2021.0,1.0,0.252,0.252,0.0,0.001,2018.0,Bears,veteran,3.0
Willie Snead,WR,Panthers,2021.0,1.0,0.252,0.252,0.0,0.001,2014.0,Browns,veteran,7.0
Brandon Powell,WR,Dolphins,2021.0,1.0,0.252,0.252,0.0,0.001,2018.0,Lions,veteran,3.0
Kenny Stills,WR,Saints,2021.0,1.0,0.252,0.252,0.0,0.001,2013.0,Saints,veteran,8.0
Javon Wims,WR,Raiders,2021.0,1.0,0.252,0.252,0.0,0.001,2018.0,Bears,veteran,3.0
Cody Core,WR,Dolphins,2021.0,1.0,0.252,0.252,0.0,0.001,2016.0,Bengals,veteran,5.0
Breshad Perriman,WR,Buccaneers,2021.0,1.0,0.252,0.252,0.0,0.001,2015.0,Ravens,veteran,6.0
Tony Brown,WR,Raiders,2021.0,1.0,0.252,0.252,0.0,0.001,2020.0,Browns,veteran,1.0
John Brown,WR,Broncos,2021.0,1.0,0.252,0.252,0.0,0.001,2014.0,Cardinals,veteran,7.0
Josh Gordon,WR,Chiefs,2021.0,1.0,0.252,0.252,0.0,0.001,2012.0,Browns,veteran,9.0
Robert Foster,WR,Cowboys,2021.0,1.0,0.252,0.252,0.0,0.001,2018.0,Bills,veteran,3.0
Tommylee Lewis,WR,Dolphins,2021.0,1.0,0.252,0.252,0.0,0.001,2016.0,Saints,veteran,5.0
Stanley Morgan,WR,Bengals,2023.0,1.0,0.306,0.306,0.0,0.001,2019.0,Bengals,veteran,4.0
Keelan Doss,WR,Jaguars,2019.0,1.0,0.255,0.255,0.0,0.001,2019.0,Raiders,rookie,0.0
Travis Fulgham,WR,Lions,2019.0,1.0,0.255,0.255,0.0,0.001,2019.0,Lions,rookie,0.0
Jesper Horsted,WR,Bears,2019.0,1.0,0.255,0.255,0.0,0.001,2019.0,Bears,rookie,0.0
Lil'Jordan Humphrey,WR,Broncos,2024.0,1.0,0.342,0.342,0.0,0.001,2019.0,Saints,veteran,5.0
Javon Wims,WR,Cardinals,2022.0,1.0,0.2772,0.2772,0.0,0.001,2018.0,Bears,veteran,4.0
Dede Westbrook,WR,Packers,2022.0,1.0,0.2772,0.2772,0.0,0.001,2017.0,Jaguars,veteran,5.0
Deon Cain,WR,Eagles,2022.0,1.0,0.2772,0.2772,0.0,0.001,2018.0,Colts,veteran,4.0
J.J. Arcega-Whiteside,WR,Seahawks,2022.0,1.0,0.2772,0.2772,0.0,0.001,2019.0,Eagles,veteran,3.0
Vyncint Smith,WR,Broncos,2022.0,1.0,0.2772,0.2772,0.0,0.001,2018.0,Texans,veteran,4.0
Josh Gordon,WR,Titans,2022.0,1.0,0.2772,0.2772,0.0,0.001,2012.0,Browns,veteran,10.0
Cole Beasley,WR,Bills,2022.0,1.0,0.2772,0.2772,0.0,0.001,2012.0,Cowboys,veteran,10.0
Marcus Kemp,WR,Chiefs,2022.0,1.0,0.2772,0.2772,0.0,0.001,2017.0,Chiefs,veteran,5.0
Tajae Sharpe,WR,49ers,2022.0,1.0,0.2772,0.2772,0.0,0.001,2016.0,Titans,veteran,6.0
Keke Coutee,WR,Colts,2022.0,1.0,0.2772,0.2772,0.0,0.001,2018.0,Texans,veteran,4.0
Jaydon Mickens,WR,Giants,2022.0,1.0,0.2772,0.2772,0.0,0.001,2016.0,Raiders,veteran,6.0
Pharoh Cooper,WR,Cardinals,2022.0,1.0,0.2772,0.2772,0.0,0.001,2016.0,Rams,veteran,6.0
Greg Ward,WR,Eagles,2022.0,1.0,0.2772,0.2772,0.0,0.001,2017.0,Eagles,veteran,5.0
Robert Foster,WR,Colts,2022.0,1.0,0.2772,0.2772,0.0,0.001,2018.0,Bills,veteran,4.0
James Washington,WR,Giants,2022.0,1.0,0.2772,0.2772,0.0,0.001,2018.0,Steelers,veteran,4.0
DaeSean Hamilton,WR,Dolphins,2022.0,1.0,0.2772,0.2772,0.0,0.001,2018.0,Broncos,veteran,4.0
Chester Rogers,WR,Browns,2022.0,1.0,0.2772,0.2772,0.0,0.001,2016.0,Colts,veteran,6.0
Lil'Jordan Humphrey,WR,Patriots,2022.0,1.0,0.2772,0.2772,0.0,0.001,2019.0,Saints,veteran,3.0
Corey Coleman,WR,Chiefs,2022.0,1.0,0.2772,0.2772,0.0,0.001,2016.0,Browns,veteran,6.0
Brandon Zylstra,WR,Lions,2022.0,1.0,0.2772,0.2772,0.0,0.001,2016.0,Vikings,veteran,6.0
Laquon Treadwell,WR,Patriots,2022.0,1.0,0.2772,0.2772,0.0,0.001,2016.0,Vikings,veteran,6.0
John Brown,WR,Bills,2022.0,1.0,0.2772,0.2772,0.0,0.001,2014.0,Cardinals,veteran,8.0
Chris Conley,WR,Chiefs,2022.0,1.0,0.2772,0.2772,0.0,0.001,2015.0,Chiefs,veteran,7.0
Josh Malone,WR,Steelers,2022.0,1.0,0.2772,0.2772,0.0,0.001,2017.0,Bengals,veteran,5.0
Diontae Spencer,WR,Jets,2022.0,1.0,0.2772,0.2772,0.0,0.001,2014.0,Rams,veteran,8.0
C.J. Board,WR,Cardinals,2022.0,1.0,0.2772,0.2772,0.0,0.001,2017.0,Ravens,veteran,5.0
Auden Tate,WR,Eagles,2022.0,1.0,0.2772,0.2772,0.0,0.001,2018.0,Bengals,veteran,4.0
Mike Thomas,WR,Ravens,2022.0,1.0,0.2772,0.2772,0.0,0.001,2016.0,Rams,veteran,6.0
Keelan Cole,WR,Raiders,2022.0,1.0,0.2772,0.2772,0.0,0.001,2017.0,Jaguars,veteran,5.0
Corey Fuller,WR,Lions,2016.0,1.0,0.204,0.204,0.0,0.001,2013.0,Lions,veteran,3.0
Anthony Miller,WR,Colts,2023.0,1.0,0.2898,0.2898,0.0,0.001,2018.0,Bears,veteran,5.0
Jaydon Mickens,WR,Colts,2023.0,1.0,0.2898,0.2898,0.0,0.001,2016.0,Raiders,veteran,7.0
Jamison Crowder,WR,Commanders,2023.0,1.0,0.2898,0.2898,0.0,0.001,2015.0,Commanders,veteran,8.0
Jalen Reagor,WR,Patriots,2023.0,1.0,0.2898,0.2898,0.0,0.001,2020.0,Eagles,veteran,3.0
Jeff Smith,WR,Cardinals,2023.0,1.0,0.2898,0.2898,0.0,0.001,2019.0,Jets,veteran,4.0
Alex Erickson,WR,Chargers,2023.0,1.0,0.2898,0.2898,0.0,0.001,2016.0,Bengals,veteran,7.0
Jordan Matthews,WR,Panthers,2023.0,1.0,0.2898,0.2898,0.0,0.001,2014.0,Eagles,veteran,9.0
Denzel Mims,WR,Steelers,2023.0,1.0,0.2898,0.2898,0.0,0.001,2020.0,Jets,veteran,3.0
N'Keal Harry,WR,Vikings,2023.0,1.0,0.2898,0.2898,0.0,0.001,2019.0,Patriots,veteran,4.0
Trey Quinn,WR,Lions,2023.0,1.0,0.2898,0.2898,0.0,0.001,2018.0,Commanders,veteran,5.0
Cam Sims,WR,Panthers,2023.0,1.0,0.2898,0.2898,0.0,0.001,2018.0,Commanders,veteran,5.0
Tre'Quan Smith,WR,Broncos,2023.0,1.0,0.2898,0.2898,0.0,0.001,2018.0,Saints,veteran,5.0
Laquon Treadwell,WR,Ravens,2023.0,1.0,0.2898,0.2898,0.0,0.001,2016.0,Vikings,veteran,7.0
Collin Johnson,WR,Bears,2023.0,1.0,0.2898,0.2898,0.0,0.001,2020.0,Jaguars,veteran,3.0
Lil'Jordan Humphrey,WR,Broncos,2023.0,1.0,0.2898,0.2898,0.0,0.001,2019.0,Saints,veteran,4.0
Damiere Byrd,WR,Falcons,2023.0,1.0,0.2898,0.2898,0.0,0.001,2015.0,Panthers,veteran,8.0
Tyler Johnson,WR,Rams,2023.0,1.0,0.2898,0.2898,0.0,0.001,2020.0,Buccaneers,veteran,3.0
Gunner Olszewski,WR,Giants,2023.0,1.0,0.2898,0.2898,0.0,0.001,2019.0,Patriots,veteran,4.0
Antoine Wesley,WR,Raiders,2023.0,1.0,0.2898,0.2898,0.0,0.001,2019.0,Ravens,veteran,4.0
Tyrie Cleveland,WR,Colts,2023.0,1.0,0.2898,0.2898,0.0,0.001,2020.0,Broncos,veteran,3.0
Marquez Callaway,WR,Raiders,2023.0,1.0,0.2898,0.2898,0.0,0.001,2020.0,Saints,veteran,3.0
Phillip Dorsett,WR,Broncos,2023.0,1.0,0.2898,0.2898,0.0,0.001,2015.0,Colts,veteran,8.0
Malik Taylor,WR,Jets,2023.0,1.0,0.2898,0.2898,0.0,0.001,2019.0,Buccaneers,veteran,4.0
James Proche,WR,Browns,2023.0,1.0,0.2898,0.2898,0.0,0.001,2020.0,Ravens,veteran,3.0
Andy Isabella,WR,Bills,2023.0,1.0,0.2898,0.2898,0.0,0.001,2019.0,Cardinals,veteran,4.0
Equanimeous St. Brown,WR,Saints,2024.0,1.0,0.324,0.324,0.0,0.001,2018.0,Packers,veteran,6.0
Dante Pettis,WR,Saints,2024.0,1.0,0.324,0.324,0.0,0.001,2018.0,49ers,veteran,6.0
Velus Jones Jr.,WR,Saints,2025.0,1.0,0.342,0.342,0.0,0.001,2022.0,Bears,veteran,3.0
Dante Pettis,WR,Saints,2025.0,1.0,0.342,0.342,0.0,0.001,2018.0,49ers,veteran,7.0
Cedrick Wilson Jr.,WR,Saints,2025.0,1.0,0.342,0.342,0.0,0.001,2018.0,Cowboys,veteran,7.0
Andy Jones,WR,Lions,2017.0,1.0,0.204,0.204,0.0,0.001,2016.0,Cowboys,veteran,1.0
Isaiah McKenzie,WR,Dolphins,2024.0,1.0,0.3024,0.3024,0.0,0.001,2017.0,Broncos,veteran,7.0
Isaiah Hodgins,WR,Giants,2024.0,1.0,0.3024,0.3024,0.0,0.001,2020.0,Bills,veteran,4.0
Tim Patrick,WR,Lions,2024.0,1.0,0.3024,0.3024,0.0,0.001,2017.0,Ravens,veteran,7.0
Malik Turner,WR,49ers,2024.0,1.0,0.3024,0.3024,0.0,0.001,2018.0,Seahawks,veteran,6.0
Chris Moore,WR,Commanders,2024.0,1.0,0.3024,0.3024,0.0,0.001,2016.0,Ravens,veteran,8.0
Russell Gage,WR,49ers,2024.0,1.0,0.3024,0.3024,0.0,0.001,2018.0,Falcons,veteran,6.0
Phillip Dorsett,WR,Falcons,2024.0,1.0,0.3024,0.3024,0.0,0.001,2015.0,Colts,veteran,9.0
Stanley Morgan,WR,Titans,2024.0,1.0,0.3024,0.3024,0.0,0.001,2019.0,Bengals,veteran,5.0
Allen Robinson,WR,Lions,2024.0,1.0,0.3024,0.3024,0.0,0.001,2014.0,Jaguars,veteran,10.0
Mike Strachan,WR,Commanders,2024.0,1.0,0.3024,0.3024,0.0,0.001,2021.0,Colts,veteran,3.0
Kadarius Toney,WR,Browns,2024.0,1.0,0.3024,0.3024,0.0,0.001,2021.0,Giants,veteran,3.0
Trent Taylor,WR,49ers,2024.0,1.0,0.3024,0.3024,0.0,0.001,2017.0,49ers,veteran,7.0
Quintez Cephus,WR,Rams,2024.0,1.0,0.3024,0.3024,0.0,0.001,2020.0,Lions,veteran,4.0
Tony Brown,WR,Browns,2024.0,1.0,0.3024,0.3024,0.0,0.001,2018.0,Chargers,veteran,6.0
Parris Campbell,WR,Eagles,2024.0,1.0,0.3024,0.3024,0.0,0.001,2019.0,Colts,veteran,5.0
Dax Milne,WR,Panthers,2024.0,1.0,0.3024,0.3024,0.0,0.001,2021.0,Commanders,veteran,3.0
Lawrence Cager,WR,Giants,2024.0,1.0,0.3024,0.3024,0.0,0.001,2020.0,Jets,veteran,4.0
Trenton Irwin,WR,Panthers,2024.0,1.0,0.3024,0.3024,0.0,0.001,2019.0,Dolphins,veteran,5.0
Justin Hardee,WR,Titans,2024.0,1.0,0.3024,0.3024,0.0,0.001,2017.0,Texans,veteran,7.0
Donovan Peoples-Jones,WR,Lions,2024.0,1.0,0.3024,0.3024,0.0,0.001,2020.0,Browns,veteran,4.0
Andy Isabella,WR,Steelers,2024.0,1.0,0.3024,0.3024,0.0,0.001,2019.0,Cardinals,veteran,5.0
Miles Boykin,WR,Giants,2024.0,1.0,0.3024,0.3024,0.0,0.001,2019.0,Ravens,veteran,5.0
Alex Erickson,WR,Patriots,2024.0,1.0,0.3024,0.3024,0.0,0.001,2016.0,Bengals,veteran,8.0
Terrace Marshall Jr.,WR,49ers,2024.0,1.0,0.3024,0.3024,0.0,0.001,2021.0,Panthers,veteran,3.0
Marquez Callaway,WR,Buccaneers,2024.0,1.0,0.3024,0.3024,0.0,0.001,2020.0,Saints,veteran,4.0
John Ross,WR,Eagles,2024.0,1.0,0.3024,0.3024,0.0,0.001,2017.0,Bengals,veteran,7.0
N'Keal Harry,WR,Seahawks,2024.0,1.0,0.3024,0.3024,0.0,0.001,2019.0,Patriots,veteran,5.0
K.J. Hamler,WR,Bills,2024.0,1.0,0.3024,0.3024,0.0,0.001,2020.0,Broncos,veteran,4.0
Jakeem Grant,WR,Falcons,2024.0,1.0,0.3024,0.3024,0.0,0.001,2016.0,Dolphins,veteran,8.0
Deon Cain,WR,Bills,2024.0,1.0,0.3024,0.3024,0.0,0.001,2018.0,Colts,veteran,6.0
Lance Moore,WR,Saints,2006.0,1.0,0.119,0.119,0.0,0.001,2005.0,Browns,veteran,1.0
Isaiah Hodgins,WR,Steelers,2025.0,1.0,0.315,0.315,0.0,0.001,2020.0,Bills,veteran,5.0
K.J. Osborn,WR,Falcons,2025.0,1.0,0.315,0.315,0.0,0.001,2020.0,Vikings,veteran,5.0
Gabriel Davis,WR,Bills,2025.0,1.0,0.315,0.315,0.0,0.001,2020.0,Bills,veteran,5.0
Elijah Moore,WR,Broncos,2025.0,1.0,0.315,0.315,0.0,0.001,2021.0,Jets,veteran,4.0
Malik Turner,WR,49ers,2025.0,1.0,0.315,0.315,0.0,0.001,2018.0,Seahawks,veteran,7.0
Robbie Chosen,WR,49ers,2025.0,1.0,0.315,0.315,0.0,0.001,2016.0,Jets,veteran,9.0
Robert Woods,WR,Steelers,2025.0,1.0,0.315,0.315,0.0,0.001,2013.0,Bills,veteran,12.0
Terrace Marshall Jr.,WR,Eagles,2025.0,1.0,0.315,0.315,0.0,0.001,2021.0,Panthers,veteran,4.0
Treylon Burks,WR,Commanders,2025.0,1.0,0.315,0.315,0.0,0.001,2022.0,Titans,veteran,3.0
Trent Sherfield,WR,Patriots,2025.0,1.0,0.315,0.315,0.0,0.001,2018.0,Cardinals,veteran,7.0
Ray-Ray McCloud,WR,Giants,2025.0,1.0,0.315,0.315,0.0,0.001,2018.0,Bills,veteran,7.0
River Cracraft,WR,Commanders,2025.0,1.0,0.315,0.315,0.0,0.001,2017.0,Broncos,veteran,8.0
Marquez Valdes-Scantling,WR,49ers,2025.0,1.0,0.315,0.315,0.0,0.001,2018.0,Packers,veteran,7.0
Britain Covey,WR,Eagles,2025.0,1.0,0.315,0.315,0.0,0.001,2022.0,Eagles,veteran,3.0
Jalen Virgil,WR,Cardinals,2025.0,1.0,0.315,0.315,0.0,0.001,2022.0,Broncos,veteran,3.0
Trenton Irwin,WR,Jets,2025.0,1.0,0.315,0.315,0.0,0.001,2019.0,Dolphins,veteran,6.0
Quez Watkins,WR,Eagles,2025.0,1.0,0.315,0.315,0.0,0.001,2020.0,Eagles,veteran,5.0
Steven Sims,WR,Cardinals,2025.0,1.0,0.315,0.315,0.0,0.001,2019.0,Commanders,veteran,6.0
Tim Jones,WR,Jaguars,2025.0,1.0,0.315,0.315,0.0,0.001,2021.0,Jaguars,veteran,4.0
Mecole Hardman,WR,Bills,2025.0,1.0,0.315,0.315,0.0,0.001,2019.0,Chiefs,veteran,6.0
James Proche,WR,Titans,2025.0,1.0,0.315,0.315,0.0,0.001,2020.0,Ravens,veteran,5.0
Deven Thompkins,WR,Falcons,2025.0,1.0,0.315,0.315,0.0,0.001,2022.0,Buccaneers,veteran,3.0
Terrell Sinkfield,WR,Jets,2017.0,1.0,0.187,0.187,0.0,0.001,2013.0,Dolphins,veteran,4.0
Jalin Marshall,WR,Jets,2017.0,1.0,0.187,0.187,0.0,0.001,2016.0,Jets,veteran,1.0
Jeff Smith,WR,Jets,2019.0,1.0,0.204,0.204,0.0,0.001,2019.0,Jets,rookie,0.0
Tim White,WR,Ravens,2018.0,1.0,0.187,0.187,0.0,0.001,2017.0,Ravens,veteran,1.0
J.J. Nelson,WR,Bills,2020.0,1.0,0.204,0.204,0.0,0.001,2015.0,Cardinals,veteran,5.0
Chester Rogers,WR,Titans,2020.0,1.0,0.204,0.204,0.0,0.001,2016.0,Colts,veteran,4.0
Jaron Brown,WR,Cardinals,2020.0,1.0,0.204,0.204,0.0,0.001,2013.0,Cardinals,veteran,7.0
Dontrelle Inman,WR,Commanders,2020.0,1.0,0.204,0.204,0.0,0.001,2011.0,Jaguars,veteran,9.0
Austin Carr,WR,Saints,2020.0,1.0,0.204,0.204,0.0,0.001,2017.0,Patriots,veteran,3.0
Bennie Fowler,WR,Saints,2020.0,1.0,0.204,0.204,0.0,0.001,2014.0,Broncos,veteran,6.0
Taywan Taylor,WR,Browns,2020.0,1.0,0.204,0.204,0.0,0.001,2017.0,Titans,veteran,3.0
Kenny Stills,WR,Bills,2020.0,1.0,0.204,0.204,0.0,0.001,2013.0,Saints,veteran,7.0
Tajae Sharpe,WR,Chiefs,2020.0,1.0,0.204,0.204,0.0,0.001,2016.0,Titans,veteran,4.0
Seth Roberts,WR,Packers,2020.0,1.0,0.204,0.204,0.0,0.001,2014.0,Raiders,veteran,6.0
Kevin White,WR,49ers,2020.0,1.0,0.204,0.204,0.0,0.001,2015.0,Bears,veteran,5.0
Laquon Treadwell,WR,Falcons,2020.0,1.0,0.204,0.204,0.0,0.001,2016.0,Vikings,veteran,4.0
Trevor Davis,WR,Commanders,2020.0,1.0,0.204,0.204,0.0,0.001,2016.0,Packers,veteran,4.0
Corey Coleman,WR,Giants,2020.0,1.0,0.204,0.204,0.0,0.001,2016.0,Browns,veteran,4.0
Dez Bryant,WR,Ravens,2020.0,1.0,0.204,0.204,0.0,0.001,2010.0,Cowboys,veteran,10.0
Jordan Matthews,WR,49ers,2020.0,1.0,0.204,0.204,0.0,0.001,2014.0,Eagles,veteran,6.0
Ryan Switzer,WR,Browns,2020.0,1.0,0.204,0.204,0.0,0.001,2017.0,Cowboys,veteran,3.0
Tommylee Lewis,WR,Saints,2020.0,1.0,0.204,0.204,0.0,0.001,2016.0,Saints,veteran,4.0
Donte Moncrief,WR,Patriots,2020.0,1.0,0.204,0.204,0.0,0.001,2014.0,Colts,veteran,6.0
Mohamed Sanu,WR,Lions,2020.0,1.0,0.204,0.204,0.0,0.001,2012.0,Bengals,veteran,8.0
Devin Smith,WR,Patriots,2020.0,1.0,0.204,0.204,0.0,0.001,2015.0,Jets,veteran,5.0
Dwayne Harris,WR,Texans,2020.0,1.0,0.204,0.204,0.0,0.001,2011.0,Cowboys,veteran,9.0
Cody Hollister,WR,Patriots,2017.0,1.0,0.17,0.17,0.0,0.001,2017.0,Patriots,rookie,0.0
JoJo Natson,WR,Jets,2017.0,1.0,0.17,0.17,0.0,0.001,2017.0,Colts,rookie,0.0
Tre McBride,WR,NYJ/CHI,2017.0,1.0,0.17,0.17,0.0,0.001,2015.0,Titans,veteran,2.0
Quincy Adeboyejo,WR,Ravens,2017.0,1.0,0.17,0.17,0.0,0.001,2017.0,Ravens,rookie,0.0
Travis Rudolph,WR,Giants,2017.0,1.0,0.17,0.17,0.0,0.001,2017.0,Giants,rookie,0.0
Marken Michel,WR,Panthers,2020.0,1.0,0.197764,0.197764,0.0,0.001,2016.0,Vikings,veteran,4.0
Kirk Merritt,WR,Dolphins,2020.0,1.0,0.197764,0.197764,0.0,0.001,2020.0,Dolphins,rookie,0.0
Juwann Winfree,WR,Packers,2022.0,1.0,0.207,0.207,0.0,0.001,2019.0,Broncos,veteran,3.0
JaVonta Payton,WR,Cardinals,2022.0,1.0,0.207,0.207,0.0,0.001,2022.0,Cardinals,rookie,0.0
Bryan Edwards,WR,Chiefs,2022.0,1.0,0.207,0.207,0.0,0.001,2020.0,Raiders,veteran,2.0
Tre Nixon,WR,Patriots,2022.0,1.0,0.207,0.207,0.0,0.001,2021.0,Patriots,veteran,1.0
Shemar Bridges,WR,Ravens,2022.0,1.0,0.207,0.207,0.0,0.001,2022.0,Ravens,rookie,0.0
Travis Toivonen,WR,Vikings,2022.0,1.0,0.207,0.207,0.0,0.001,2021.0,Seahawks,veteran,1.0
Dai'Jean Dixon,WR,Saints,2022.0,1.0,0.207,0.207,0.0,0.001,2022.0,Saints,rookie,0.0
Josh Ali,WR,Falcons,2022.0,1.0,0.207,0.207,0.0,0.001,2022.0,Falcons,rookie,0.0
Malik Taylor,WR,Jets,2022.0,1.0,0.207,0.207,0.0,0.001,2019.0,Buccaneers,veteran,3.0
Austin Trammell,WR,Rams,2022.0,1.0,0.207,0.207,0.0,0.001,2021.0,Falcons,veteran,1.0
Jaylen Smith,WR,Seahawks,2022.0,1.0,0.207,0.207,0.0,0.001,2019.0,Ravens,veteran,3.0
Joshua Johnson,WR,Lions,2022.0,1.0,0.207,0.207,0.0,0.001,2022.0,Lions,rookie,0.0
Kevin Kassis,WR,Seahawks,2022.0,1.0,0.207,0.207,0.0,0.001,2022.0,Seahawks,rookie,0.0
C.J. Saunders,WR,Panthers,2022.0,1.0,0.207,0.207,0.0,0.001,2021.0,Panthers,veteran,1.0
Braylon Sanders,WR,Dolphins,2022.0,1.0,0.207,0.207,0.0,0.001,2022.0,Dolphins,rookie,0.0
Chris Lacy,WR,Raiders,2022.0,1.0,0.207,0.207,0.0,0.001,2018.0,Patriots,veteran,4.0
Dan Chisena,WR,Vikings,2022.0,1.0,0.207,0.207,0.0,0.001,2020.0,Vikings,veteran,2.0
Trishton Jackson,WR,Vikings,2022.0,1.0,0.207,0.207,0.0,0.001,2020.0,Rams,veteran,2.0
Kalil Pimpleton,WR,Giants,2022.0,1.0,0.207,0.207,0.0,0.001,2022.0,Lions,rookie,0.0
Marken Michel,WR,Commanders,2022.0,1.0,0.207,0.207,0.0,0.001,2016.0,Vikings,veteran,6.0
Jontre Kirklin,WR,Cardinals,2022.0,1.0,0.207,0.207,0.0,0.001,2022.0,Cardinals,rookie,0.0
Devon Allen,WR,Eagles,2022.0,1.0,0.207,0.207,0.0,0.001,2022.0,Eagles,rookie,0.0
Victor Bolden,WR,Broncos,2022.0,1.0,0.207,0.207,0.0,0.001,2017.0,49ers,veteran,5.0
Britain Covey,WR,Eagles,2022.0,1.0,0.207,0.207,0.0,0.001,2022.0,Eagles,rookie,0.0
Isaiah Hodgins,WR,Bills,2022.0,1.0,0.207,0.207,0.0,0.001,2020.0,Bills,veteran,2.0
DEriq King,WR,Panthers,2022.0,1.0,0.207,0.207,0.0,0.001,2022.0,Patriots,rookie,0.0
David Sills,WR,Giants,2022.0,1.0,0.207,0.207,0.0,0.001,2019.0,Bills,veteran,3.0
Cody White,WR,Steelers,2022.0,1.0,0.207,0.207,0.0,0.001,2020.0,Chiefs,veteran,2.0
Tyler Johnson,WR,Buccaneers,2022.0,1.0,0.207,0.207,0.0,0.001,2020.0,Buccaneers,veteran,2.0
Derek Wright,WR,Panthers,2022.0,1.0,0.207,0.207,0.0,0.001,2022.0,Panthers,rookie,0.0
Raleigh Webb,WR,Ravens,2022.0,1.0,0.207,0.207,0.0,0.001,2022.0,Ravens,rookie,0.0
Davion Davis,WR,Texans,2022.0,1.0,0.207,0.207,0.0,0.001,2019.0,Vikings,veteran,3.0
Kirk Merritt,WR,Saints,2022.0,1.0,0.207,0.207,0.0,0.001,2020.0,Dolphins,veteran,2.0
Seth Williams,WR,Jaguars,2022.0,1.0,0.207,0.207,0.0,0.001,2021.0,Broncos,veteran,1.0
Rashid Shaheed,WR,Saints,2022.0,1.0,0.207,0.207,0.0,0.001,2022.0,Saints,rookie,0.0
De'Michael Harris,WR,Colts,2022.0,1.0,0.207,0.207,0.0,0.001,2020.0,Colts,veteran,2.0
Frank Darby,WR,Falcons,2022.0,1.0,0.207,0.207,0.0,0.001,2021.0,Falcons,veteran,1.0
Jaylon Moore,WR,Giants,2022.0,1.0,0.207,0.207,0.0,0.001,2020.0,Ravens,veteran,2.0
Chris Pierce Jr.,WR,Cardinals,2022.0,1.0,0.207,0.207,0.0,0.001,2022.0,Cardinals,rookie,0.0
Tarik Black,WR,Jets,2022.0,1.0,0.207,0.207,0.0,0.001,2021.0,Colts,veteran,1.0
Antonio Callaway,WR,Cowboys,2022.0,1.0,0.207,0.207,0.0,0.001,2018.0,Browns,veteran,4.0
Irvin Charles,WR,Jets,2022.0,1.0,0.207,0.207,0.0,0.001,2022.0,Jets,rookie,0.0
Freddie Swain,WR,Dolphins,2022.0,1.0,0.207,0.207,0.0,0.001,2020.0,Seahawks,veteran,2.0
Calvin Jackson,WR,Dolphins,2022.0,1.0,0.207,0.207,0.0,0.001,2022.0,Jets,rookie,0.0
Lawrence Cager,WR,Giants,2022.0,1.0,0.207,0.207,0.0,0.001,2020.0,Jets,veteran,2.0
Bo Melton,WR,Seahawks,2022.0,1.0,0.207,0.207,0.0,0.001,2022.0,Seahawks,rookie,0.0
Cade Johnson,WR,Seahawks,2022.0,1.0,0.207,0.207,0.0,0.001,2021.0,Seahawks,veteran,1.0
Trenton Irwin,WR,Bengals,2022.0,1.0,0.207,0.207,0.0,0.001,2019.0,Dolphins,veteran,3.0
Dazz Newsome,WR,Chiefs,2022.0,1.0,0.207,0.207,0.0,0.001,2021.0,Bears,veteran,1.0
Brandon Smith,WR,Cowboys,2022.0,1.0,0.207,0.207,0.0,0.001,2021.0,Cowboys,veteran,1.0
Jalen Camp,WR,Texans,2022.0,1.0,0.207,0.207,0.0,0.001,2021.0,Jaguars,veteran,1.0
Drew Estrada,WR,Texans,2022.0,1.0,0.207,0.207,0.0,0.001,2022.0,Texans,rookie,0.0
Tyreik McAllister,WR,Broncos,2022.0,1.0,0.207,0.207,0.0,0.001,2022.0,Broncos,rookie,0.0
Keelan Doss,WR,Chargers,2022.0,1.0,0.207,0.207,0.0,0.001,2019.0,Raiders,veteran,3.0
Johnny Johnson III,WR,Texans,2022.0,1.0,0.207,0.207,0.0,0.001,2022.0,Texans,rookie,0.0
Kendall Hinton,WR,Broncos,2022.0,1.0,0.207,0.207,0.0,0.001,2020.0,Broncos,veteran,2.0
Kwamie Lassiter II,WR,Bengals,2022.0,1.0,0.207,0.207,0.0,0.001,2022.0,Bengals,rookie,0.0
Maurice Alexander,WR,Lions,2022.0,1.0,0.207,0.207,0.0,0.001,2022.0,Lions,rookie,0.0
Easop Winston,WR,Seahawks,2022.0,1.0,0.207,0.207,0.0,0.001,2020.0,Rams,veteran,2.0
Dontario Drummond,WR,Cowboys,2022.0,1.0,0.207,0.207,0.0,0.001,2022.0,Cowboys,rookie,0.0
Connor Wedington,WR,49ers,2022.0,1.0,0.207,0.207,0.0,0.001,2021.0,Seahawks,veteran,1.0
Jaquarii Roberson,WR,Steelers,2022.0,1.0,0.207,0.207,0.0,0.001,2022.0,Cowboys,rookie,0.0
Jerreth Sterns,WR,Rams,2022.0,1.0,0.207,0.207,0.0,0.001,2022.0,Buccaneers,rookie,0.0
Blake Proehl,WR,Vikings,2022.0,1.0,0.207,0.207,0.0,0.001,2021.0,Vikings,veteran,1.0
Dennis Houston,WR,Cowboys,2022.0,1.0,0.207,0.207,0.0,0.001,2022.0,Cowboys,rookie,0.0
Andre Baccellia,WR,Cardinals,2022.0,1.0,0.207,0.207,0.0,0.001,2020.0,Chiefs,veteran,2.0
Tanner Gentry,WR,Bills,2022.0,1.0,0.207,0.207,0.0,0.001,2017.0,Bears,veteran,5.0
Deven Thompkins,WR,Buccaneers,2022.0,1.0,0.207,0.207,0.0,0.001,2022.0,Buccaneers,rookie,0.0
Mike Harley,WR,Browns,2022.0,1.0,0.207,0.207,0.0,0.001,2022.0,Browns,rookie,0.0
Daylen Baldwin,WR,Browns,2022.0,1.0,0.207,0.207,0.0,0.001,2022.0,Browns,rookie,0.0
D.J. Turner,WR,Raiders,2022.0,1.0,0.207,0.207,0.0,0.001,2021.0,Raiders,veteran,1.0
Darrius Shepherd,WR,Broncos,2022.0,1.0,0.207,0.207,0.0,0.001,2019.0,Packers,veteran,3.0
Ja'Marcus Bradley,WR,Steelers,2022.0,1.0,0.207,0.207,0.0,0.001,2020.0,Browns,veteran,2.0
Makai Polk,WR,Giants,2022.0,1.0,0.207,0.207,0.0,0.001,2022.0,Ravens,rookie,0.0
Trinity Benson,WR,Broncos,2022.0,1.0,0.207,0.207,0.0,0.001,2019.0,Broncos,veteran,3.0
Isaiah Zuber,WR,Raiders,2022.0,1.0,0.207,0.207,0.0,0.001,2020.0,Patriots,veteran,2.0
Michael Young Jr.,WR,Texans,2022.0,1.0,0.207,0.207,0.0,0.001,2022.0,Colts,rookie,0.0
Brandon Johnson,WR,Broncos,2022.0,1.0,0.207,0.207,0.0,0.001,2022.0,Broncos,rookie,0.0
Michael Bandy,WR,Chargers,2022.0,1.0,0.207,0.207,0.0,0.001,2021.0,Chargers,veteran,1.0
Ra'Shaun Henry,WR,Falcons,2022.0,1.0,0.207,0.207,0.0,0.001,2022.0,Panthers,rookie,0.0
KeeSean Johnson,WR,Bills,2022.0,1.0,0.207,0.207,0.0,0.001,2019.0,Cardinals,veteran,3.0
Jason Moore,WR,Chargers,2022.0,1.0,0.207,0.207,0.0,0.001,2019.0,Chargers,veteran,3.0
Joe Reed,WR,Chargers,2022.0,1.0,0.207,0.207,0.0,0.001,2020.0,Chargers,veteran,2.0
Kyric McGowan,WR,Commanders,2022.0,1.0,0.207,0.207,0.0,0.001,2022.0,Commanders,rookie,0.0
Ihmir Smith-Marsette,WR,Chiefs,2022.0,1.0,0.207,0.207,0.0,0.001,2021.0,Vikings,veteran,1.0
Tyron Johnson,WR,Raiders,2022.0,1.0,0.207,0.207,0.0,0.001,2019.0,Texans,veteran,3.0
Andre Miller,WR,Giants,2022.0,1.0,0.207,0.207,0.0,0.001,2022.0,Giants,rookie,0.0
Kawaan Baker,WR,Saints,2022.0,1.0,0.207,0.207,0.0,0.001,2021.0,Saints,veteran,1.0
John Hightower,WR,Chargers,2022.0,1.0,0.207,0.207,0.0,0.001,2020.0,Eagles,veteran,2.0
Alex Bachman,WR,Texans,2022.0,1.0,0.207,0.207,0.0,0.001,2019.0,Rams,veteran,3.0
Jacob Harris,WR,Rams,2022.0,1.0,0.207,0.207,0.0,0.001,2021.0,Rams,veteran,1.0
Dillon Stoner,WR,Raiders,2022.0,1.0,0.207,0.207,0.0,0.001,2021.0,Raiders,veteran,1.0
Jeff Cotton,WR,Packers,2022.0,1.0,0.207,0.207,0.0,0.001,2020.0,Chargers,veteran,2.0
Keith Kirkwood,WR,Saints,2022.0,1.0,0.207,0.207,0.0,0.001,2018.0,Saints,veteran,4.0
Marquez Stevenson,WR,Bills,2022.0,1.0,0.207,0.207,0.0,0.001,2021.0,Bills,veteran,1.0
Binjimen Victor,WR,Ravens,2022.0,1.0,0.207,0.207,0.0,0.001,2020.0,Giants,veteran,2.0
Ethan Fernea,WR,Colts,2022.0,1.0,0.207,0.207,0.0,0.001,2022.0,Colts,rookie,0.0
Tom Kennedy,WR,Lions,2022.0,1.0,0.207,0.207,0.0,0.001,2019.0,Lions,veteran,3.0
Travis Fulgham,WR,Packers,2022.0,1.0,0.207,0.207,0.0,0.001,2019.0,Lions,veteran,3.0
Kevin Austin Jr.,WR,Jaguars,2022.0,1.0,0.207,0.207,0.0,0.001,2022.0,Jaguars,rookie,0.0
Emeka Emezie,WR,Panthers,2022.0,1.0,0.207,0.207,0.0,0.001,2022.0,Panthers,rookie,0.0
Tyrie Cleveland,WR,Eagles,2022.0,1.0,0.207,0.207,0.0,0.001,2020.0,Broncos,veteran,2.0
Kaylon Geiger,WR,Buccaneers,2022.0,1.0,0.207,0.207,0.0,0.001,2022.0,Buccaneers,rookie,0.0
Stanley Berryhill,WR,Lions,2022.0,1.0,0.207,0.207,0.0,0.001,2022.0,Falcons,rookie,0.0
Cyril Grayson,WR,Browns,2022.0,1.0,0.207,0.207,0.0,0.001,2016.0,Seahawks,veteran,6.0
Dez Fitzpatrick,WR,Titans,2022.0,1.0,0.207,0.207,0.0,0.001,2021.0,Titans,veteran,1.0
D.J. Montgomery,WR,Texans,2022.0,1.0,0.207,0.207,0.0,0.001,2019.0,Browns,veteran,3.0
Daurice Fountain,WR,Chiefs,2022.0,1.0,0.207,0.207,0.0,0.001,2018.0,Colts,veteran,4.0
Mason Kinsey,WR,Titans,2022.0,1.0,0.207,0.207,0.0,0.001,2020.0,Titans,veteran,2.0
Cornell Powell,WR,Chiefs,2022.0,1.0,0.207,0.207,0.0,0.001,2021.0,Chiefs,veteran,1.0
Reggie Roberson Jr.,WR,Titans,2022.0,1.0,0.207,0.207,0.0,0.001,2022.0,Titans,rookie,0.0
Kaden Davis,WR,Broncos,2022.0,1.0,0.207,0.207,0.0,0.001,2022.0,Broncos,rookie,0.0
Bailey Gaither,WR,Ravens,2022.0,1.0,0.207,0.207,0.0,0.001,2021.0,Packers,veteran,1.0
Tay Martin,WR,49ers,2022.0,1.0,0.207,0.207,0.0,0.001,2022.0,49ers,rookie,0.0
Isaiah Coulter,WR,Bears,2022.0,1.0,0.207,0.207,0.0,0.001,2020.0,Texans,veteran,2.0
Brycen Tremayne,WR,Commanders,2023.0,1.0,0.216,0.216,0.0,0.001,2023.0,Commanders,rookie,0.0
Malik Flowers,WR,Raiders,2023.0,1.0,0.216,0.216,0.0,0.001,2023.0,Saints,rookie,0.0
Maurice Alexander,WR,Lions,2023.0,1.0,0.216,0.216,0.0,0.001,2022.0,Lions,veteran,1.0
Grant DuBose,WR,Packers,2023.0,1.0,0.216,0.216,0.0,0.001,2023.0,Packers,rookie,0.0
Chris Pierce Jr.,WR,Panthers,2023.0,1.0,0.216,0.216,0.0,0.001,2022.0,Cardinals,veteran,1.0
Keilahn Harris,WR,Falcons,2023.0,1.0,0.216,0.216,0.0,0.001,2023.0,Falcons,rookie,0.0
Kazmeir Allen,WR,Commanders,2023.0,1.0,0.216,0.216,0.0,0.001,2023.0,Commanders,rookie,0.0
Anthony Schwartz,WR,Dolphins,2023.0,1.0,0.216,0.216,0.0,0.001,2021.0,Browns,veteran,2.0
Seth Williams,WR,Jaguars,2023.0,1.0,0.216,0.216,0.0,0.001,2021.0,Broncos,veteran,2.0
Dontay Demus Jr.,WR,Ravens,2023.0,1.0,0.216,0.216,0.0,0.001,2023.0,Ravens,rookie,0.0
Shi Smith,WR,Titans,2023.0,1.0,0.216,0.216,0.0,0.001,2021.0,Panthers,veteran,2.0
Jared Wayne,WR,Texans,2023.0,1.0,0.216,0.216,0.0,0.001,2023.0,Texans,rookie,0.0
Johnny Johnson III,WR,Texans,2023.0,1.0,0.216,0.216,0.0,0.001,2022.0,Texans,veteran,1.0
Tre'Shaun Harrison,WR,Titans,2023.0,1.0,0.216,0.216,0.0,0.001,2023.0,Titans,rookie,0.0
Dylan Drummond,WR,Giants,2023.0,1.0,0.216,0.216,0.0,0.001,2023.0,Lions,rookie,0.0
Britain Covey,WR,Eagles,2023.0,1.0,0.216,0.216,0.0,0.001,2022.0,Eagles,veteran,1.0
Kirk Merritt,WR,Saints,2023.0,1.0,0.216,0.216,0.0,0.001,2020.0,Dolphins,veteran,3.0
Dezmon Patmon,WR,Panthers,2023.0,1.0,0.216,0.216,0.0,0.001,2020.0,Colts,veteran,3.0
Tyjon Lindsey,WR,Seahawks,2023.0,1.0,0.216,0.216,0.0,0.001,2023.0,Seahawks,rookie,0.0
Duece Watts,WR,Steelers,2023.0,1.0,0.216,0.216,0.0,0.001,2023.0,Packers,rookie,0.0
Irvin Charles,WR,Jets,2023.0,1.0,0.216,0.216,0.0,0.001,2022.0,Jets,veteran,1.0
Kwamie Lassiter II,WR,Bengals,2023.0,1.0,0.216,0.216,0.0,0.001,2022.0,Bengals,veteran,1.0
Devon Allen,WR,Eagles,2023.0,1.0,0.216,0.216,0.0,0.001,2022.0,Eagles,veteran,1.0
Kristian Wilkerson,WR,Raiders,2023.0,1.0,0.216,0.216,0.0,0.001,2020.0,Titans,veteran,3.0
Trinity Benson,WR,Browns,2023.0,1.0,0.216,0.216,0.0,0.001,2019.0,Broncos,veteran,4.0
Bryan Thompson,WR,Bills,2023.0,1.0,0.216,0.216,0.0,0.001,2023.0,Bills,rookie,0.0
Tyrell Shavers,WR,Bills,2023.0,1.0,0.216,0.216,0.0,0.001,2023.0,Bills,rookie,0.0
Dez Fitzpatrick,WR,Steelers,2023.0,1.0,0.216,0.216,0.0,0.001,2021.0,Titans,veteran,2.0
Chase Cota,WR,Texans,2023.0,1.0,0.216,0.216,0.0,0.001,2023.0,Lions,rookie,0.0
Shedrick Jackson,WR,Bengals,2023.0,1.0,0.216,0.216,0.0,0.001,2023.0,Bengals,rookie,0.0
Lance McCutcheon,WR,Jets,2023.0,1.0,0.216,0.216,0.0,0.001,2022.0,Rams,veteran,1.0
Jalen Moreno-Cropper,WR,Cowboys,2023.0,1.0,0.216,0.216,0.0,0.001,2023.0,Cowboys,rookie,0.0
Easop Winston,WR,Seahawks,2023.0,1.0,0.216,0.216,0.0,0.001,2020.0,Rams,veteran,3.0
Tom Kennedy,WR,Lions,2023.0,1.0,0.216,0.216,0.0,0.001,2019.0,Lions,veteran,4.0
Matt Landers,WR,Seahawks,2023.0,1.0,0.216,0.216,0.0,0.001,2023.0,Seahawks,rookie,0.0
Tay Martin,WR,49ers,2023.0,1.0,0.216,0.216,0.0,0.001,2022.0,49ers,veteran,1.0
Austin Watkins,WR,Browns,2023.0,1.0,0.216,0.216,0.0,0.001,2021.0,49ers,veteran,2.0
Cade Johnson,WR,Seahawks,2023.0,1.0,0.216,0.216,0.0,0.001,2021.0,Seahawks,veteran,2.0
Jacob Copeland,WR,Steelers,2023.0,1.0,0.216,0.216,0.0,0.001,2023.0,Titans,rookie,0.0
Jaelon Darden,WR,Browns,2023.0,1.0,0.216,0.216,0.0,0.001,2021.0,Buccaneers,veteran,2.0
Joseph Ngata,WR,Eagles,2023.0,1.0,0.216,0.216,0.0,0.001,2023.0,Eagles,rookie,0.0
Isaiah Winstead,WR,49ers,2023.0,1.0,0.216,0.216,0.0,0.001,2023.0,49ers,rookie,0.0
C.J. Saunders,WR,Falcons,2023.0,1.0,0.216,0.216,0.0,0.001,2021.0,Panthers,veteran,2.0
Ryan Miller,WR,Buccaneers,2023.0,1.0,0.216,0.216,0.0,0.001,2023.0,Buccaneers,rookie,0.0
Daylen Baldwin,WR,Vikings,2023.0,1.0,0.216,0.216,0.0,0.001,2022.0,Browns,veteran,1.0
Mason Kinsey,WR,Titans,2023.0,1.0,0.216,0.216,0.0,0.001,2020.0,Titans,veteran,3.0
Thyrick Pitts,WR,Patriots,2023.0,1.0,0.216,0.216,0.0,0.001,2023.0,Bears,rookie,0.0
Bo Melton,WR,Packers,2023.0,1.0,0.216,0.216,0.0,0.001,2022.0,Seahawks,veteran,1.0
Lawrence Cager,WR,Giants,2023.0,1.0,0.216,0.216,0.0,0.001,2020.0,Jets,veteran,3.0
Kaden Davis,WR,Cardinals,2023.0,1.0,0.216,0.216,0.0,0.001,2022.0,Broncos,veteran,1.0
Xavier Malone,WR,Falcons,2023.0,1.0,0.216,0.216,0.0,0.001,2023.0,Falcons,rookie,0.0
Alex Bachman,WR,Texans,2023.0,1.0,0.216,0.216,0.0,0.001,2019.0,Rams,veteran,4.0
Cephus Johnson,WR,Buccaneers,2023.0,1.0,0.216,0.216,0.0,0.001,2023.0,Vikings,rookie,0.0
Thayer Thomas,WR,Vikings,2023.0,1.0,0.216,0.216,0.0,0.001,2023.0,Vikings,rookie,0.0
Cody White,WR,Seahawks,2023.0,1.0,0.216,0.216,0.0,0.001,2020.0,Chiefs,veteran,3.0
Lucky Jackson,WR,Vikings,2023.0,1.0,0.216,0.216,0.0,0.001,2023.0,Vikings,rookie,0.0
Mathew Sexton,WR,Falcons,2023.0,1.0,0.216,0.216,0.0,0.001,2021.0,Steelers,veteran,2.0
Cornell Powell,WR,Chiefs,2023.0,1.0,0.216,0.216,0.0,0.001,2021.0,Chiefs,veteran,2.0
Derek Wright,WR,Panthers,2023.0,1.0,0.216,0.216,0.0,0.001,2022.0,Panthers,veteran,1.0
Chris Blair,WR,Falcons,2023.0,1.0,0.216,0.216,0.0,0.001,2021.0,Packers,veteran,2.0
Marcell Ateman,WR,Bills,2023.0,1.0,0.216,0.216,0.0,0.001,2018.0,Raiders,veteran,5.0
T.J. Luther,WR,Patriots,2023.0,1.0,0.216,0.216,0.0,0.001,2023.0,Jets,rookie,0.0
Sean Ryan,WR,Ravens,2023.0,1.0,0.216,0.216,0.0,0.001,2023.0,Ravens,rookie,0.0
Freddie Swain,WR,Dolphins,2023.0,1.0,0.216,0.216,0.0,0.001,2020.0,Seahawks,veteran,3.0
Tarik Black,WR,Ravens,2023.0,1.0,0.216,0.216,0.0,0.001,2021.0,Colts,veteran,2.0
Kendric Pryor,WR,Bengals,2023.0,1.0,0.216,0.216,0.0,0.001,2022.0,Bengals,veteran,1.0
Lynn Bowden,WR,Saints,2023.0,1.0,0.216,0.216,0.0,0.001,2020.0,Raiders,veteran,3.0
Jontre Kirklin,WR,Saints,2023.0,1.0,0.216,0.216,0.0,0.001,2022.0,Cardinals,veteran,1.0
Trishton Jackson,WR,Vikings,2023.0,1.0,0.216,0.216,0.0,0.001,2020.0,Rams,veteran,3.0
Frank Darby,WR,Falcons,2023.0,1.0,0.216,0.216,0.0,0.001,2021.0,Falcons,veteran,2.0
Jalen Camp,WR,Panthers,2023.0,1.0,0.216,0.216,0.0,0.001,2021.0,Jaguars,veteran,2.0
Shaq Davis,WR,Saints,2023.0,1.0,0.216,0.216,0.0,0.001,2023.0,Saints,rookie,0.0
Simi Fehoko,WR,Steelers,2023.0,1.0,0.216,0.216,0.0,0.001,2021.0,Cowboys,veteran,2.0
Braylon Sanders,WR,Dolphins,2023.0,1.0,0.216,0.216,0.0,0.001,2022.0,Dolphins,veteran,1.0
Keelan Doss,WR,Chargers,2023.0,1.0,0.216,0.216,0.0,0.001,2019.0,Raiders,veteran,4.0
D.J. Turner,WR,Raiders,2023.0,1.0,0.216,0.216,0.0,0.001,2021.0,Raiders,veteran,2.0
Raleigh Webb,WR,Dolphins,2023.0,1.0,0.216,0.216,0.0,0.001,2022.0,Ravens,veteran,1.0
Izaiah Gathings,WR,Chiefs,2023.0,1.0,0.216,0.216,0.0,0.001,2023.0,Jets,rookie,0.0
Andre Baccellia,WR,Cardinals,2023.0,1.0,0.216,0.216,0.0,0.001,2020.0,Chiefs,veteran,3.0
Daniel Arias,WR,Cardinals,2023.0,1.0,0.216,0.216,0.0,0.001,2023.0,Cardinals,rookie,0.0
Davion Davis,WR,Commanders,2023.0,1.0,0.216,0.216,0.0,0.001,2019.0,Vikings,veteran,4.0
Terrell Bynum,WR,Chargers,2023.0,1.0,0.216,0.216,0.0,0.001,2023.0,Chargers,rookie,0.0
Racey McMath,WR,Cowboys,2023.0,1.0,0.216,0.216,0.0,0.001,2021.0,Titans,veteran,2.0
Zavier Scott,WR,Colts,2023.0,1.0,0.216,0.216,0.0,0.001,2023.0,Colts,rookie,0.0
Devin Ross,WR,Raiders,2023.0,1.0,0.216,0.216,0.0,0.001,2018.0,Titans,veteran,5.0
Montrell Washington,WR,Chiefs,2023.0,1.0,0.216,0.216,0.0,0.001,2022.0,Broncos,veteran,1.0
K.J. Hamler,WR,Colts,2023.0,1.0,0.216,0.216,0.0,0.001,2020.0,Broncos,veteran,3.0
Ethan Fernea,WR,Colts,2023.0,1.0,0.216,0.216,0.0,0.001,2022.0,Colts,veteran,1.0
David Sills,WR,Broncos,2023.0,1.0,0.216,0.216,0.0,0.001,2019.0,Bills,veteran,4.0
Jacob Harris,WR,Jaguars,2023.0,1.0,0.216,0.216,0.0,0.001,2021.0,Rams,veteran,2.0
Amari Rodgers,WR,Colts,2023.0,1.0,0.216,0.216,0.0,0.001,2021.0,Packers,veteran,2.0
Dennis Houston,WR,Giants,2023.0,1.0,0.216,0.216,0.0,0.001,2022.0,Cowboys,veteran,1.0
Daurice Fountain,WR,Lions,2023.0,1.0,0.216,0.216,0.0,0.001,2018.0,Colts,veteran,5.0
Juwann Winfree,WR,Colts,2023.0,1.0,0.216,0.216,0.0,0.001,2019.0,Broncos,veteran,4.0
Xavier Smith,WR,Rams,2023.0,1.0,0.216,0.216,0.0,0.001,2023.0,Rams,rookie,0.0
Cody Thompson,WR,Seahawks,2023.0,1.0,0.216,0.216,0.0,0.001,2019.0,Chiefs,veteran,4.0
Austin Trammell,WR,Rams,2023.0,1.0,0.216,0.216,0.0,0.001,2021.0,Falcons,veteran,2.0
Tanner Conner,WR,Dolphins,2023.0,1.0,0.216,0.216,0.0,0.001,2022.0,Dolphins,veteran,1.0
D.J. Montgomery,WR,Colts,2023.0,1.0,0.216,0.216,0.0,0.001,2019.0,Browns,veteran,4.0
Dan Chisena,WR,Cardinals,2023.0,1.0,0.216,0.216,0.0,0.001,2020.0,Vikings,veteran,3.0
Michael Bandy,WR,Broncos,2023.0,1.0,0.216,0.216,0.0,0.001,2021.0,Chargers,veteran,2.0
Mike Strachan,WR,Colts,2023.0,1.0,0.216,0.216,0.0,0.001,2021.0,Colts,veteran,2.0
Deontay Burnett,WR,Jets,2018.0,1.0,0.17,0.17,0.0,0.001,2018.0,Titans,rookie,0.0
Dezmon Patmon,WR,Colts,2022.0,1.0,0.199222,0.199222,0.0,0.001,2020.0,Colts,veteran,2.0
Nate Washington,WR,Steelers,2005.0,1.0,0.0799,0.0799,0.0,0.001,2005.0,Steelers,rookie,0.0
Malcom Floyd,WR,Chargers,2005.0,1.0,0.0799,0.0799,0.0,0.001,2004.0,Chargers,veteran,1.0
Lance Moore,WR,Saints,2005.0,1.0,0.0799,0.0799,0.0,0.001,2005.0,Browns,rookie,0.0
Johnny Holton,WR,Giants,2020.0,1.0,0.182929,0.182929,0.0,0.001,2016.0,Raiders,veteran,4.0
Malcom Floyd,WR,Chargers,2004.0,1.0,0.07395,0.07395,0.0,0.001,2004.0,Chargers,rookie,0.0
De'Quan Hampton,WR,Seahawks,2021.0,1.0,0.1656,0.1656,0.0,0.001,2017.0,Saints,veteran,4.0
Easop Winston,WR,Saints,2021.0,1.0,0.1656,0.1656,0.0,0.001,2020.0,Rams,veteran,1.0
Keelan Doss,WR,Jets,2021.0,1.0,0.1656,0.1656,0.0,0.001,2019.0,Raiders,veteran,2.0
Greg Dortch,WR,Cardinals,2021.0,1.0,0.1656,0.1656,0.0,0.001,2019.0,Jets,veteran,2.0
Kawaan Baker,WR,Saints,2021.0,1.0,0.1656,0.1656,0.0,0.001,2021.0,Saints,rookie,0.0
Andre Baccellia,WR,Cardinals,2021.0,1.0,0.1656,0.1656,0.0,0.001,2020.0,Chiefs,veteran,1.0
Kristian Wilkerson,WR,Patriots,2021.0,1.0,0.1656,0.1656,0.0,0.001,2020.0,Titans,veteran,1.0
Rodney Adams,WR,Bears,2021.0,1.0,0.1656,0.1656,0.0,0.001,2017.0,Vikings,veteran,4.0
Tre Nixon,WR,Patriots,2021.0,1.0,0.1656,0.1656,0.0,0.001,2021.0,Patriots,rookie,0.0
Kirk Merritt,WR,Dolphins,2021.0,1.0,0.1656,0.1656,0.0,0.001,2020.0,Dolphins,veteran,1.0
Trishton Jackson,WR,Vikings,2021.0,1.0,0.1656,0.1656,0.0,0.001,2020.0,Rams,veteran,1.0
Jalen Camp,WR,Texans,2021.0,1.0,0.1656,0.1656,0.0,0.001,2021.0,Jaguars,rookie,0.0
Chad Hansen,WR,Falcons,2021.0,1.0,0.1656,0.1656,0.0,0.001,2017.0,Jets,veteran,4.0
KeeSean Johnson,WR,Eagles,2021.0,1.0,0.1656,0.1656,0.0,0.001,2019.0,Cardinals,veteran,2.0
Myron Mitchell,WR,Vikings,2021.0,1.0,0.1656,0.1656,0.0,0.001,2021.0,Vikings,rookie,0.0
Whop Philyor,WR,Vikings,2021.0,1.0,0.1656,0.1656,0.0,0.001,2021.0,Vikings,rookie,0.0
Marken Michel,WR,Commanders,2021.0,1.0,0.1656,0.1656,0.0,0.001,2016.0,Vikings,veteran,5.0
Austin Trammell,WR,Falcons,2021.0,1.0,0.1656,0.1656,0.0,0.001,2021.0,Falcons,rookie,0.0
Trenton Irwin,WR,Bengals,2021.0,1.0,0.1656,0.1656,0.0,0.001,2019.0,Dolphins,veteran,2.0
Austin Mack,WR,Titans,2021.0,1.0,0.1656,0.1656,0.0,0.001,2020.0,Giants,veteran,1.0
Nsimba Webster,WR,Bears,2021.0,1.0,0.1656,0.1656,0.0,0.001,2019.0,Rams,veteran,2.0
C.J. Saunders,WR,Panthers,2021.0,1.0,0.1656,0.1656,0.0,0.001,2021.0,Panthers,rookie,0.0
River Cracraft,WR,49ers,2021.0,1.0,0.1656,0.1656,0.0,0.001,2017.0,Broncos,veteran,4.0
Isaiah Coulter,WR,Bears,2021.0,1.0,0.1656,0.1656,0.0,0.001,2020.0,Texans,veteran,1.0
Isaiah McKoy,WR,Colts,2021.0,1.0,0.1656,0.1656,0.0,0.001,2021.0,Steelers,rookie,0.0
J.J. Koski,WR,Rams,2021.0,1.0,0.1656,0.1656,0.0,0.001,2020.0,Rams,veteran,1.0
Jon'Vea Johnson,WR,Bears,2021.0,1.0,0.1656,0.1656,0.0,0.001,2019.0,Cowboys,veteran,2.0
De'Mornay Pierson-El,WR,Broncos,2021.0,1.0,0.1656,0.1656,0.0,0.001,2018.0,Commanders,veteran,3.0
Travis Toivonen,WR,Giants,2021.0,1.0,0.1656,0.1656,0.0,0.001,2021.0,Seahawks,rookie,0.0
Dazz Newsome,WR,Bears,2021.0,1.0,0.1656,0.1656,0.0,0.001,2021.0,Bears,rookie,0.0
Aaron Fuller,WR,Seahawks,2021.0,1.0,0.1656,0.1656,0.0,0.001,2020.0,Seahawks,veteran,1.0
Penny Hart,WR,Seahawks,2021.0,1.0,0.1656,0.1656,0.0,0.001,2019.0,Colts,veteran,2.0
Steven Sims,WR,Steelers,2021.0,1.0,0.1656,0.1656,0.0,0.001,2019.0,Commanders,veteran,2.0
Kelvin Harmon,WR,Commanders,2021.0,1.0,0.1656,0.1656,0.0,0.001,2019.0,Commanders,veteran,2.0
Cade Johnson,WR,Seahawks,2021.0,1.0,0.1656,0.1656,0.0,0.001,2021.0,Seahawks,rookie,0.0
Cody White,WR,Steelers,2021.0,1.0,0.1656,0.1656,0.0,0.001,2020.0,Chiefs,veteran,1.0
Keith Kirkwood,WR,Panthers,2021.0,1.0,0.1656,0.1656,0.0,0.001,2018.0,Saints,veteran,3.0
Dalton Schoen,WR,Commanders,2021.0,1.0,0.1656,0.1656,0.0,0.001,2020.0,Chargers,veteran,1.0
Aaron Parker,WR,Panthers,2021.0,1.0,0.1656,0.1656,0.0,0.001,2020.0,Cowboys,veteran,1.0
Devin Gray,WR,Ravens,2021.0,1.0,0.1656,0.1656,0.0,0.001,2018.0,Falcons,veteran,3.0
Austin Proehl,WR,Bills,2021.0,1.0,0.1656,0.1656,0.0,0.001,2018.0,Bills,veteran,3.0
D.J. Montgomery,WR,Jets,2021.0,1.0,0.1656,0.1656,0.0,0.001,2019.0,Browns,veteran,2.0
Omar Bayless,WR,Panthers,2021.0,1.0,0.1656,0.1656,0.0,0.001,2020.0,Panthers,veteran,1.0
Binjimen Victor,WR,Ravens,2021.0,1.0,0.1656,0.1656,0.0,0.001,2020.0,Giants,veteran,1.0
Austin Watkins,WR,49ers,2021.0,1.0,0.1656,0.1656,0.0,0.001,2021.0,49ers,rookie,0.0
John Hightower,WR,Eagles,2021.0,1.0,0.1656,0.1656,0.0,0.001,2020.0,Eagles,veteran,1.0
David Moore,WR,Browns,2021.0,1.0,0.1656,0.1656,0.0,0.001,2017.0,Seahawks,veteran,4.0
Daurice Fountain,WR,Chiefs,2021.0,1.0,0.1656,0.1656,0.0,0.001,2018.0,Colts,veteran,3.0
Landen Akers,WR,Rams,2021.0,1.0,0.1656,0.1656,0.0,0.001,2021.0,Rams,rookie,0.0
Seth Williams,WR,Broncos,2021.0,1.0,0.1656,0.1656,0.0,0.001,2021.0,Broncos,rookie,0.0
Chris Rowland,WR,Titans,2021.0,1.0,0.1656,0.1656,0.0,0.001,2020.0,Falcons,veteran,1.0
Kendall Hinton,WR,Broncos,2021.0,1.0,0.1656,0.1656,0.0,0.001,2020.0,Broncos,veteran,1.0
Jordan Veasy,WR,Texans,2021.0,1.0,0.1656,0.1656,0.0,0.001,2018.0,Titans,veteran,3.0
Tarik Black,WR,Colts,2021.0,1.0,0.1656,0.1656,0.0,0.001,2021.0,Colts,rookie,0.0
K.J. Hill,WR,Chargers,2021.0,1.0,0.1656,0.1656,0.0,0.001,2020.0,Chargers,veteran,1.0
De'Michael Harris,WR,Colts,2021.0,1.0,0.1656,0.1656,0.0,0.001,2020.0,Colts,veteran,1.0
Malcolm Perry,WR,Saints,2021.0,1.0,0.1656,0.1656,0.0,0.001,2020.0,Dolphins,veteran,1.0
Jeff Cotton,WR,Jaguars,2021.0,1.0,0.1656,0.1656,0.0,0.001,2020.0,Chargers,veteran,1.0
Sage Surratt,WR,Lions,2021.0,1.0,0.1656,0.1656,0.0,0.001,2021.0,Lions,rookie,0.0
Joe Reed,WR,Chargers,2021.0,1.0,0.1656,0.1656,0.0,0.001,2020.0,Chargers,veteran,1.0
Caleb Scott,WR,Titans,2021.0,1.0,0.1656,0.1656,0.0,0.001,2018.0,Seahawks,veteran,3.0
Brandon Smith,WR,Cowboys,2021.0,1.0,0.1656,0.1656,0.0,0.001,2021.0,Cowboys,rookie,0.0
Chris Blair,WR,Packers,2021.0,1.0,0.1656,0.1656,0.0,0.001,2021.0,Packers,rookie,0.0
Codey McElroy,WR,Buccaneers,2021.0,1.0,0.1656,0.1656,0.0,0.001,2018.0,Rams,veteran,3.0
Scotty Washington,WR,Bengals,2021.0,1.0,0.1656,0.1656,0.0,0.001,2020.0,Bengals,veteran,1.0
Cody Thompson,WR,Seahawks,2021.0,1.0,0.1656,0.1656,0.0,0.001,2019.0,Chiefs,veteran,2.0
Damion Ratley,WR,Cowboys,2021.0,1.0,0.1656,0.1656,0.0,0.001,2018.0,Browns,veteran,3.0
Lawrence Cager,WR,Browns,2021.0,1.0,0.1656,0.1656,0.0,0.001,2020.0,Jets,veteran,1.0
Cyril Grayson,WR,Buccaneers,2021.0,1.0,0.1656,0.1656,0.0,0.001,2016.0,Seahawks,veteran,5.0
Tyron Johnson,WR,Raiders,2021.0,1.0,0.1656,0.1656,0.0,0.001,2019.0,Texans,veteran,2.0
Juwan Green,WR,Lions,2021.0,1.0,0.1656,0.1656,0.0,0.001,2020.0,Falcons,veteran,1.0
Osirus Mitchell,WR,Cowboys,2021.0,1.0,0.1656,0.1656,0.0,0.001,2021.0,Cowboys,rookie,0.0
Ja'Marcus Bradley,WR,Browns,2021.0,1.0,0.1656,0.1656,0.0,0.001,2020.0,Browns,veteran,1.0
Connor Wedington,WR,49ers,2021.0,1.0,0.1656,0.1656,0.0,0.001,2021.0,Seahawks,rookie,0.0
Tyler Vaughns,WR,Steelers,2021.0,1.0,0.1656,0.1656,0.0,0.001,2021.0,Colts,rookie,0.0
Damon Hazelton,WR,Texans,2021.0,1.0,0.1656,0.1656,0.0,0.001,2021.0,Texans,rookie,0.0
Davion Davis,WR,Browns,2021.0,1.0,0.1656,0.1656,0.0,0.001,2019.0,Vikings,veteran,2.0
Josh Hammond,WR,Jaguars,2021.0,1.0,0.1656,0.1656,0.0,0.001,2020.0,Jaguars,veteran,1.0
Kabion Ento,WR,Packers,2021.0,1.0,0.1656,0.1656,0.0,0.001,2019.0,Packers,veteran,2.0
Isaiah Zuber,WR,Browns,2021.0,1.0,0.1656,0.1656,0.0,0.001,2020.0,Patriots,veteran,1.0
Tom Kennedy,WR,Lions,2021.0,1.0,0.1656,0.1656,0.0,0.001,2019.0,Lions,veteran,2.0
Maurice Ffrench,WR,Chiefs,2021.0,1.0,0.1656,0.1656,0.0,0.001,2020.0,Chiefs,veteran,1.0
Jeff Badet,WR,Raiders,2021.0,1.0,0.1656,0.1656,0.0,0.001,2018.0,Vikings,veteran,3.0
Matt Cole,WR,Seahawks,2021.0,1.0,0.1656,0.1656,0.0,0.001,2020.0,Dolphins,veteran,1.0
Cornell Powell,WR,Chiefs,2021.0,1.0,0.1656,0.1656,0.0,0.001,2021.0,Chiefs,rookie,0.0
Tim Jones,WR,Jaguars,2021.0,1.0,0.1656,0.1656,0.0,0.001,2021.0,Jaguars,rookie,0.0
Gary Jennings Jr.,WR,Raiders,2021.0,1.0,0.1656,0.1656,0.0,0.001,2019.0,Seahawks,veteran,2.0
Cody Hollister,WR,Titans,2021.0,1.0,0.1656,0.1656,0.0,0.001,2017.0,Patriots,veteran,4.0
D.J. Turner,WR,Raiders,2021.0,1.0,0.1656,0.1656,0.0,0.001,2021.0,Raiders,rookie,0.0
Javon McKinley,WR,Lions,2021.0,1.0,0.1656,0.1656,0.0,0.001,2021.0,Lions,rookie,0.0
Michael Bandy,WR,Chargers,2021.0,1.0,0.1656,0.1656,0.0,0.001,2021.0,Chargers,rookie,0.0
Dillon Stoner,WR,Raiders,2021.0,1.0,0.1656,0.1656,0.0,0.001,2021.0,Raiders,rookie,0.0
Antonio Gandy-Golden,WR,Commanders,2021.0,1.0,0.1656,0.1656,0.0,0.001,2020.0,Commanders,veteran,1.0
Jason Moore,WR,Chargers,2021.0,1.0,0.1656,0.1656,0.0,0.001,2019.0,Chargers,veteran,2.0
Gehrig Dieter,WR,Chiefs,2021.0,1.0,0.1656,0.1656,0.0,0.001,2017.0,Chiefs,veteran,4.0
Keke Coutee,WR,Colts,2021.0,1.0,0.1656,0.1656,0.0,0.001,2018.0,Texans,veteran,3.0
Tanner Gentry,WR,Bills,2021.0,1.0,0.1656,0.1656,0.0,0.001,2017.0,Bears,veteran,4.0
Rico Bussey Jr.,WR,Steelers,2021.0,1.0,0.1656,0.1656,0.0,0.001,2021.0,Steelers,rookie,0.0
Warren Jackson,WR,Rams,2021.0,1.0,0.1656,0.1656,0.0,0.001,2021.0,Broncos,rookie,0.0
Damion Willis,WR,Commanders,2021.0,1.0,0.1656,0.1656,0.0,0.001,2019.0,Bengals,veteran,2.0
Tyrie Cleveland,WR,Broncos,2021.0,1.0,0.1656,0.1656,0.0,0.001,2020.0,Broncos,veteran,1.0
Marcell Ateman,WR,Raiders,2021.0,1.0,0.1656,0.1656,0.0,0.001,2018.0,Raiders,veteran,3.0
John Hurst,WR,Buccaneers,2021.0,1.0,0.1656,0.1656,0.0,0.001,2020.0,Buccaneers,veteran,1.0
Isaiah Hodgins,WR,Bills,2021.0,1.0,0.1656,0.1656,0.0,0.001,2020.0,Bills,veteran,1.0
Mason Kinsey,WR,Titans,2021.0,1.0,0.1656,0.1656,0.0,0.001,2020.0,Titans,veteran,1.0
Travis Jonsen,WR,Lions,2021.0,1.0,0.1656,0.1656,0.0,0.001,2020.0,Buccaneers,veteran,1.0
David Sills,WR,Giants,2021.0,1.0,0.1656,0.1656,0.0,0.001,2019.0,Bills,veteran,2.0
Dez Fitzpatrick,WR,Titans,2021.0,1.0,0.1656,0.1656,0.0,0.001,2021.0,Titans,rookie,0.0
Josh Imatorbhebhe,WR,Jaguars,2021.0,1.0,0.1656,0.1656,0.0,0.001,2021.0,Jaguars,rookie,0.0
Darrius Shepherd,WR,Cardinals,2021.0,1.0,0.1656,0.1656,0.0,0.001,2019.0,Packers,veteran,2.0
Juwann Winfree,WR,Packers,2021.0,1.0,0.1656,0.1656,0.0,0.001,2019.0,Broncos,veteran,2.0
Travis Fulgham,WR,Broncos,2021.0,1.0,0.1656,0.1656,0.0,0.001,2019.0,Lions,veteran,2.0
Alex Bachman,WR,Giants,2021.0,1.0,0.1656,0.1656,0.0,0.001,2019.0,Rams,veteran,2.0
Alexander Hollins,WR,Browns,2021.0,1.0,0.1656,0.1656,0.0,0.001,2019.0,Vikings,veteran,2.0
Emmanuel Butler,WR,Saints,2019.0,1.0,0.17,0.17,0.0,0.001,2019.0,Saints,rookie,0.0
Vyncint Smith,WR,Texans,2019.0,1.0,0.17,0.17,0.0,0.001,2018.0,Texans,veteran,1.0
Josh Malone,WR,Jets,2019.0,1.0,0.17,0.17,0.0,0.001,2017.0,Bengals,veteran,2.0
Greg Ward,WR,Eagles,2019.0,1.0,0.17,0.17,0.0,0.001,2017.0,Eagles,veteran,2.0
Fred Brown,WR,Broncos,2019.0,1.0,0.17,0.17,0.0,0.001,2017.0,Colts,veteran,2.0
Steven Mitchell,WR,Texans,2019.0,1.0,0.17,0.17,0.0,0.001,2018.0,Rams,veteran,1.0
Kristian Wilkerson,WR,Raiders,2024.0,1.0,0.225,0.225,0.0,0.001,2020.0,Titans,veteran,4.0
Tarik Black,WR,Dolphins,2024.0,1.0,0.225,0.225,0.0,0.001,2021.0,Colts,veteran,3.0
Ahmarean Brown,WR,Bills,2024.0,1.0,0.225,0.225,0.0,0.001,2024.0,Browns,rookie,0.0
Nikko Remigio,WR,Chiefs,2024.0,1.0,0.225,0.225,0.0,0.001,2023.0,Chiefs,veteran,1.0
Justyn Ross,WR,Chiefs,2024.0,1.0,0.225,0.225,0.0,0.001,2022.0,Chiefs,veteran,2.0
Samori Toure,WR,Bears,2024.0,1.0,0.225,0.225,0.0,0.001,2022.0,Packers,veteran,2.0
Dennis Houston,WR,Buccaneers,2024.0,1.0,0.225,0.225,0.0,0.001,2022.0,Cowboys,veteran,2.0
Tulu Griffin,WR,Browns,2024.0,1.0,0.225,0.225,0.0,0.001,2024.0,Raiders,rookie,0.0
Jaelen Gill,WR,Browns,2024.0,1.0,0.225,0.225,0.0,0.001,2024.0,Chargers,rookie,0.0
Danny Gray,WR,Eagles,2024.0,1.0,0.225,0.225,0.0,0.001,2022.0,49ers,veteran,2.0
John Jiles,WR,Patriots,2024.0,1.0,0.225,0.225,0.0,0.001,2024.0,Giants,rookie,0.0
Trishton Jackson,WR,Vikings,2024.0,1.0,0.225,0.225,0.0,0.001,2020.0,Rams,veteran,4.0
Tanner Knue,WR,Buccaneers,2024.0,1.0,0.225,0.225,0.0,0.001,2024.0,Buccaneers,rookie,0.0
Xavier Johnson,WR,Texans,2024.0,1.0,0.225,0.225,0.0,0.001,2024.0,Bills,rookie,0.0
Jalen Wayne,WR,Packers,2024.0,1.0,0.225,0.225,0.0,0.001,2023.0,Bills,veteran,1.0
Johnny Johnson III,WR,Texans,2024.0,1.0,0.225,0.225,0.0,0.001,2022.0,Texans,veteran,2.0
Tyreik McAllister,WR,Raiders,2024.0,1.0,0.225,0.225,0.0,0.001,2022.0,Broncos,veteran,2.0
D.J. Montgomery,WR,Colts,2024.0,1.0,0.225,0.225,0.0,0.001,2019.0,Browns,veteran,5.0
A.T. Perry,WR,Broncos,2024.0,1.0,0.225,0.225,0.0,0.001,2023.0,Saints,veteran,1.0
Michael Tutsie,WR,Colts,2024.0,1.0,0.225,0.225,0.0,0.001,2023.0,Colts,veteran,1.0
Cam Johnson,WR,Panthers,2024.0,1.0,0.225,0.225,0.0,0.001,2024.0,Cowboys,rookie,0.0
Cornell Powell,WR,Chiefs,2024.0,1.0,0.225,0.225,0.0,0.001,2021.0,Chiefs,veteran,3.0
Seth Williams,WR,Cowboys,2024.0,1.0,0.225,0.225,0.0,0.001,2021.0,Broncos,veteran,3.0
Tyrell Shavers,WR,Bills,2024.0,1.0,0.225,0.225,0.0,0.001,2023.0,Bills,veteran,1.0
Xavier Smith,WR,Rams,2024.0,1.0,0.225,0.225,0.0,0.001,2023.0,Rams,veteran,1.0
Chris Blair,WR,Falcons,2024.0,1.0,0.225,0.225,0.0,0.001,2021.0,Packers,veteran,3.0
Jaxon Janke,WR,Texans,2024.0,1.0,0.225,0.225,0.0,0.001,2024.0,Texans,rookie,0.0
Erik Ezukanma,WR,Dolphins,2024.0,1.0,0.225,0.225,0.0,0.001,2022.0,Dolphins,veteran,2.0
Tejhaun Palmer,WR,Cardinals,2024.0,1.0,0.225,0.225,0.0,0.001,2024.0,Cardinals,rookie,0.0
Sam Wiglusz,WR,Rams,2024.0,1.0,0.225,0.225,0.0,0.001,2024.0,Rams,rookie,0.0
Drake Stoops,WR,Rams,2024.0,1.0,0.225,0.225,0.0,0.001,2024.0,Rams,rookie,0.0
Andre Baccellia,WR,Cardinals,2024.0,1.0,0.225,0.225,0.0,0.001,2020.0,Chiefs,veteran,4.0
Kaden Davis,WR,Broncos,2024.0,1.0,0.225,0.225,0.0,0.001,2022.0,Broncos,veteran,2.0
Zavier Scott,WR,Vikings,2024.0,1.0,0.225,0.225,0.0,0.001,2023.0,Colts,veteran,1.0
Jaylen Johnson,WR,Chargers,2024.0,1.0,0.225,0.225,0.0,0.001,2024.0,Chargers,rookie,0.0
Sam Pinckney,WR,Panthers,2024.0,1.0,0.225,0.225,0.0,0.001,2024.0,Panthers,rookie,0.0
Ty Scott,WR,Seahawks,2024.0,1.0,0.225,0.225,0.0,0.001,2023.0,Chiefs,veteran,1.0
Justin Shorter,WR,Raiders,2024.0,1.0,0.225,0.225,0.0,0.001,2023.0,Bills,veteran,1.0
Shaq Davis,WR,Steelers,2024.0,1.0,0.225,0.225,0.0,0.001,2023.0,Saints,veteran,1.0
Ryan Miller,WR,Buccaneers,2024.0,1.0,0.225,0.225,0.0,0.001,2023.0,Buccaneers,veteran,1.0
Dylan Drummond,WR,Falcons,2024.0,1.0,0.225,0.225,0.0,0.001,2023.0,Lions,veteran,1.0
Matt Landers,WR,Patriots,2024.0,1.0,0.225,0.225,0.0,0.001,2023.0,Seahawks,veteran,1.0
Braylon Sanders,WR,Patriots,2024.0,1.0,0.225,0.225,0.0,0.001,2022.0,Dolphins,veteran,2.0
Brandon Johnson,WR,Steelers,2024.0,1.0,0.225,0.225,0.0,0.001,2022.0,Broncos,veteran,2.0
Kevin Austin Jr.,WR,Saints,2024.0,1.0,0.225,0.225,0.0,0.001,2022.0,Jaguars,veteran,2.0
Dayton Wade,WR,Ravens,2024.0,1.0,0.225,0.225,0.0,0.001,2024.0,Ravens,rookie,0.0
Qadir Ismail,WR,Ravens,2024.0,1.0,0.225,0.225,0.0,0.001,2024.0,Ravens,rookie,0.0
Cody Thompson,WR,Buccaneers,2024.0,1.0,0.225,0.225,0.0,0.001,2019.0,Chiefs,veteran,5.0
Joseph Ngata,WR,Eagles,2024.0,1.0,0.225,0.225,0.0,0.001,2023.0,Eagles,veteran,1.0
Thayer Thomas,WR,Vikings,2024.0,1.0,0.225,0.225,0.0,0.001,2023.0,Vikings,veteran,1.0
Jalen Coker,WR,Panthers,2024.0,1.0,0.225,0.225,0.0,0.001,2024.0,Panthers,rookie,0.0
Jeshaun Jones,WR,Vikings,2024.0,1.0,0.225,0.225,0.0,0.001,2024.0,Vikings,rookie,0.0
Jesse Matthews,WR,Falcons,2024.0,1.0,0.225,0.225,0.0,0.001,2023.0,Texans,veteran,1.0
Lucky Jackson,WR,Vikings,2024.0,1.0,0.225,0.225,0.0,0.001,2023.0,Vikings,veteran,1.0
Montrell Washington,WR,Chiefs,2024.0,1.0,0.225,0.225,0.0,0.001,2022.0,Broncos,veteran,2.0
Ethan Fernea,WR,Colts,2024.0,1.0,0.225,0.225,0.0,0.001,2022.0,Colts,veteran,2.0
Josh Cephus,WR,Jaguars,2024.0,1.0,0.225,0.225,0.0,0.001,2024.0,Jaguars,rookie,0.0
Maurice Alexander,WR,Lions,2024.0,1.0,0.225,0.225,0.0,0.001,2022.0,Lions,veteran,2.0
Kyle Philips,WR,Eagles,2024.0,1.0,0.225,0.225,0.0,0.001,2022.0,Titans,veteran,2.0
Cornelius Johnson,WR,Packers,2024.0,1.0,0.225,0.225,0.0,0.001,2024.0,Chargers,rookie,0.0
Marcus Rosemy-Jacksaint,WR,Eagles,2024.0,1.0,0.225,0.225,0.0,0.001,2024.0,Commanders,rookie,0.0
Jaelon Darden,WR,Browns,2024.0,1.0,0.225,0.225,0.0,0.001,2021.0,Buccaneers,veteran,3.0
Dan Chisena,WR,Panthers,2024.0,1.0,0.225,0.225,0.0,0.001,2020.0,Vikings,veteran,4.0
Terique Owens,WR,49ers,2024.0,1.0,0.225,0.225,0.0,0.001,2024.0,49ers,rookie,0.0
Dez Fitzpatrick,WR,Chargers,2024.0,1.0,0.225,0.225,0.0,0.001,2021.0,Titans,veteran,3.0
Kendric Pryor,WR,Bengals,2024.0,1.0,0.225,0.225,0.0,0.001,2022.0,Bengals,veteran,2.0
Brandon Smith,WR,Jets,2024.0,1.0,0.225,0.225,0.0,0.001,2021.0,Cowboys,veteran,3.0
Michael Woods,WR,Browns,2024.0,1.0,0.225,0.225,0.0,0.001,2022.0,Browns,veteran,2.0
Brycen Tremayne,WR,Commanders,2024.0,1.0,0.225,0.225,0.0,0.001,2023.0,Commanders,veteran,1.0
Lance McCutcheon,WR,Jets,2024.0,1.0,0.225,0.225,0.0,0.001,2022.0,Rams,veteran,2.0
Cole Burgess,WR,Bengals,2024.0,1.0,0.225,0.225,0.0,0.001,2024.0,Bengals,rookie,0.0
Kearis Jackson,WR,Giants,2024.0,1.0,0.225,0.225,0.0,0.001,2023.0,Titans,veteran,1.0
Ramel Keyton,WR,Raiders,2024.0,1.0,0.225,0.225,0.0,0.001,2024.0,Raiders,rookie,0.0
James Proche,WR,Browns,2024.0,1.0,0.225,0.225,0.0,0.001,2020.0,Ravens,veteran,4.0
Austin Trammell,WR,Jaguars,2024.0,1.0,0.225,0.225,0.0,0.001,2021.0,Falcons,veteran,3.0
Praise Olatoke,WR,Panthers,2024.0,1.0,0.225,0.225,0.0,0.001,2024.0,Chargers,rookie,0.0
Velus Jones Jr.,WR,Jaguars,2024.0,1.0,0.225,0.225,0.0,0.001,2022.0,Bears,veteran,2.0
Jaray Jenkins,WR,Steelers,2024.0,1.0,0.225,0.225,0.0,0.001,2023.0,Jaguars,veteran,1.0
Malik Knowles,WR,Packers,2024.0,1.0,0.225,0.225,0.0,0.001,2023.0,Vikings,veteran,1.0
Ronnie Bell,WR,49ers,2024.0,1.0,0.225,0.225,0.0,0.001,2023.0,49ers,veteran,1.0
Alex Bachman,WR,Raiders,2024.0,1.0,0.225,0.225,0.0,0.001,2019.0,Rams,veteran,5.0
Jason Brownlee,WR,Chiefs,2024.0,1.0,0.225,0.225,0.0,0.001,2023.0,Jets,veteran,1.0
Mitchell Tinsley,WR,Commanders,2024.0,1.0,0.225,0.225,0.0,0.001,2023.0,Commanders,veteran,1.0
Julian Hicks,WR,Packers,2024.0,1.0,0.225,0.225,0.0,0.001,2024.0,Packers,rookie,0.0
Jared Wayne,WR,Texans,2024.0,1.0,0.225,0.225,0.0,0.001,2023.0,Texans,veteran,1.0
Elijah Cooks,WR,Eagles,2024.0,1.0,0.225,0.225,0.0,0.001,2023.0,Jaguars,veteran,1.0
Kazmeir Allen,WR,Commanders,2024.0,1.0,0.225,0.225,0.0,0.001,2023.0,Commanders,veteran,1.0
Alex McGough,WR,Packers,2024.0,1.0,0.225,0.225,0.0,0.001,2018.0,Seahawks,veteran,6.0
John Jackson,WR,Bears,2024.0,1.0,0.225,0.225,0.0,0.001,2024.0,Bears,rookie,0.0
Tom Kennedy,WR,Lions,2024.0,1.0,0.225,0.225,0.0,0.001,2019.0,Lions,veteran,5.0
Mason Kinsey,WR,Titans,2024.0,1.0,0.225,0.225,0.0,0.001,2020.0,Titans,veteran,4.0
Jermaine Jackson,WR,Saints,2024.0,1.0,0.225,0.225,0.0,0.001,2024.0,Saints,rookie,0.0
Bryce Oliver,WR,Titans,2024.0,1.0,0.225,0.225,0.0,0.001,2024.0,Titans,rookie,0.0
Easop Winston,WR,Seahawks,2024.0,1.0,0.225,0.225,0.0,0.001,2020.0,Rams,veteran,4.0
T.J. Luther,WR,Panthers,2024.0,1.0,0.225,0.225,0.0,0.001,2023.0,Jets,veteran,1.0
Tyquan Thornton,WR,Chiefs,2024.0,1.0,0.225,0.225,0.0,0.001,2022.0,Patriots,veteran,2.0
Kelvin Harmon,WR,Cowboys,2024.0,1.0,0.225,0.225,0.0,0.001,2019.0,Commanders,veteran,5.0
Jalen Moreno-Cropper,WR,Cowboys,2024.0,1.0,0.225,0.225,0.0,0.001,2023.0,Cowboys,veteran,1.0
Jalen Virgil,WR,Bills,2024.0,1.0,0.225,0.225,0.0,0.001,2022.0,Broncos,veteran,2.0
Tay Martin,WR,49ers,2024.0,1.0,0.225,0.225,0.0,0.001,2022.0,49ers,veteran,2.0
Michael Bandy,WR,Broncos,2024.0,1.0,0.225,0.225,0.0,0.001,2021.0,Chargers,veteran,3.0
Deven Thompkins,WR,Panthers,2024.0,1.0,0.225,0.225,0.0,0.001,2022.0,Buccaneers,veteran,2.0
Shedrick Jackson,WR,Raiders,2024.0,1.0,0.225,0.225,0.0,0.001,2023.0,Bengals,veteran,1.0
David Sills,WR,Broncos,2024.0,1.0,0.225,0.225,0.0,0.001,2019.0,Bills,veteran,5.0
Cody White,WR,Seahawks,2024.0,1.0,0.225,0.225,0.0,0.001,2020.0,Chiefs,veteran,4.0
David Bell,WR,Browns,2024.0,1.0,0.225,0.225,0.0,0.001,2022.0,Browns,veteran,2.0
Jace Billingsley,WR,Lions,2017.0,1.0,0.1445,0.1445,0.0,0.001,2016.0,Lions,veteran,1.0
Greg Ward,WR,Eagles,2017.0,1.0,0.1445,0.1445,0.0,0.001,2017.0,Eagles,rookie,0.0
DeAndre Carter,WR,Eagles,2018.0,1.0,0.153,0.153,0.0,0.001,2015.0,Ravens,veteran,3.0
Fred Brown,WR,Broncos,2020.0,1.0,0.170282,0.170282,0.0,0.001,2017.0,Colts,veteran,3.0
Jamaal Pritchett,WR,Jets,2025.0,1.0,0.234,0.234,0.0,0.001,2025.0,Jets,rookie,0.0
Colton Dowell,WR,Ravens,2025.0,1.0,0.234,0.234,0.0,0.001,2023.0,Titans,veteran,2.0
A.T. Perry,WR,Broncos,2025.0,1.0,0.234,0.234,0.0,0.001,2023.0,Saints,veteran,2.0
Jacoby Jones,WR,Commanders,2025.0,1.0,0.234,0.234,0.0,0.001,2025.0,Commanders,rookie,0.0
Jha'Quan Jackson,WR,Saints,2025.0,1.0,0.234,0.234,0.0,0.001,2024.0,Titans,veteran,1.0
Dennis Houston,WR,Buccaneers,2025.0,1.0,0.234,0.234,0.0,0.001,2022.0,Cowboys,veteran,3.0
Joaquin Davis,WR,Vikings,2025.0,1.0,0.234,0.234,0.0,0.001,2025.0,Broncos,rookie,0.0
Brenden Rice,WR,Patriots,2025.0,1.0,0.234,0.234,0.0,0.001,2024.0,Chargers,veteran,1.0
Tom Kennedy,WR,Lions,2025.0,1.0,0.234,0.234,0.0,0.001,2019.0,Lions,veteran,6.0
Ricky White,WR,Seahawks,2025.0,1.0,0.234,0.234,0.0,0.001,2025.0,Seahawks,rookie,0.0
David Sills,WR,Falcons,2025.0,1.0,0.234,0.234,0.0,0.001,2019.0,Bills,veteran,6.0
Tyler Kahmann,WR,Colts,2025.0,1.0,0.234,0.234,0.0,0.001,2025.0,Colts,rookie,0.0
Jackson Meeks,WR,Lions,2025.0,1.0,0.234,0.234,0.0,0.001,2025.0,Lions,rookie,0.0
Will Sheppard,WR,Packers,2025.0,1.0,0.234,0.234,0.0,0.001,2025.0,Packers,rookie,0.0
Isaiah Neyor,WR,Packers,2025.0,1.0,0.234,0.234,0.0,0.001,2025.0,49ers,rookie,0.0
Jared Wayne,WR,Texans,2025.0,1.0,0.234,0.234,0.0,0.001,2023.0,Texans,veteran,2.0
Mac Dalena,WR,Seahawks,2025.0,1.0,0.234,0.234,0.0,0.001,2025.0,Chiefs,rookie,0.0
Tay Martin,WR,Commanders,2025.0,1.0,0.234,0.234,0.0,0.001,2022.0,49ers,veteran,3.0
Traeshon Holden,WR,Cowboys,2025.0,1.0,0.234,0.234,0.0,0.001,2025.0,Cowboys,rookie,0.0
Alex Bachman,WR,Raiders,2025.0,1.0,0.234,0.234,0.0,0.001,2019.0,Rams,veteran,6.0
Montorie Foster,WR,Seahawks,2025.0,1.0,0.234,0.234,0.0,0.001,2025.0,Seahawks,rookie,0.0
Danny Gray,WR,Eagles,2025.0,1.0,0.234,0.234,0.0,0.001,2022.0,49ers,veteran,3.0
J.P. Richardson,WR,Bears,2025.0,1.0,0.234,0.234,0.0,0.001,2025.0,Bears,rookie,0.0
Ryan Flournoy,WR,Cowboys,2025.0,1.0,0.234,0.234,0.0,0.001,2024.0,Cowboys,veteran,1.0
Maurice Alexander,WR,Bears,2025.0,1.0,0.234,0.234,0.0,0.001,2022.0,Lions,veteran,3.0
Silas Bolden,WR,Texans,2025.0,1.0,0.234,0.234,0.0,0.001,2025.0,Vikings,rookie,0.0
Jaseem Reed,WR,Panthers,2025.0,1.0,0.234,0.234,0.0,0.001,2025.0,Browns,rookie,0.0
Jalen Moreno-Cropper,WR,Cowboys,2025.0,1.0,0.234,0.234,0.0,0.001,2023.0,Cowboys,veteran,2.0
Quentin Skinner,WR,Jets,2025.0,1.0,0.234,0.234,0.0,0.001,2025.0,Jets,rookie,0.0
Ke'Shawn Williams,WR,Steelers,2025.0,1.0,0.234,0.234,0.0,0.001,2025.0,Steelers,rookie,0.0
Junior Bergen,WR,49ers,2025.0,1.0,0.234,0.234,0.0,0.001,2025.0,49ers,rookie,0.0
Tanner Conner,WR,Giants,2025.0,1.0,0.234,0.234,0.0,0.001,2022.0,Dolphins,veteran,3.0
Dalen Cambre,WR,Giants,2025.0,1.0,0.234,0.234,0.0,0.001,2025.0,Giants,rookie,0.0
Malik Cunningham,WR,Lions,2025.0,1.0,0.234,0.234,0.0,0.001,2023.0,Patriots,veteran,2.0
Thayer Thomas,WR,Broncos,2025.0,1.0,0.234,0.234,0.0,0.001,2023.0,Vikings,veteran,2.0
Gage Larvadain,WR,Browns,2025.0,1.0,0.234,0.234,0.0,0.001,2025.0,Browns,rookie,0.0
Justin Barron,WR,Cowboys,2025.0,1.0,0.234,0.234,0.0,0.001,2025.0,Cowboys,rookie,0.0
Elijah Cooks,WR,Saints,2025.0,1.0,0.234,0.234,0.0,0.001,2023.0,Jaguars,veteran,2.0
Andrew Armstrong,WR,Lions,2025.0,1.0,0.234,0.234,0.0,0.001,2025.0,Dolphins,rookie,0.0
Kendric Pryor,WR,Bengals,2025.0,1.0,0.234,0.234,0.0,0.001,2022.0,Bengals,veteran,3.0
Kaden Davis,WR,Browns,2025.0,1.0,0.234,0.234,0.0,0.001,2022.0,Broncos,veteran,3.0
Jordan Moore,WR,Bengals,2025.0,1.0,0.234,0.234,0.0,0.001,2025.0,Bengals,rookie,0.0
Tyrone Broden,WR,Seahawks,2025.0,1.0,0.234,0.234,0.0,0.001,2025.0,Seahawks,rookie,0.0
Ja'Corey Brooks,WR,Commanders,2025.0,1.0,0.234,0.234,0.0,0.001,2025.0,Commanders,rookie,0.0
Chandler Brayboy,WR,Jaguars,2025.0,1.0,0.234,0.234,0.0,0.001,2025.0,Jaguars,rookie,0.0
Dalevon Campbell,WR,Chargers,2025.0,1.0,0.234,0.234,0.0,0.001,2025.0,Chargers,rookie,0.0
Nick Nash,WR,Falcons,2025.0,1.0,0.234,0.234,0.0,0.001,2025.0,Falcons,rookie,0.0
Jeremiah Webb,WR,Patriots,2025.0,1.0,0.234,0.234,0.0,0.001,2025.0,Patriots,rookie,0.0
Dylan Drummond,WR,Falcons,2025.0,1.0,0.234,0.234,0.0,0.001,2023.0,Lions,veteran,2.0
Chris Blair,WR,Falcons,2025.0,1.0,0.234,0.234,0.0,0.001,2021.0,Packers,veteran,4.0
John Jiles,WR,Patriots,2025.0,1.0,0.234,0.234,0.0,0.001,2024.0,Giants,veteran,1.0
Tejhaun Palmer,WR,Cardinals,2025.0,1.0,0.234,0.234,0.0,0.001,2024.0,Cardinals,veteran,1.0
Simi Fehoko,WR,Cardinals,2025.0,1.0,0.234,0.234,0.0,0.001,2021.0,Cowboys,veteran,4.0
Malachi Corley,WR,Browns,2025.0,1.0,0.234,0.234,0.0,0.001,2024.0,Jets,veteran,1.0
Andre Baccellia,WR,Cardinals,2025.0,1.0,0.234,0.234,0.0,0.001,2020.0,Chiefs,veteran,5.0
Kevin Austin Jr.,WR,Saints,2025.0,1.0,0.234,0.234,0.0,0.001,2022.0,Jaguars,veteran,3.0
Jeshaun Jones,WR,Vikings,2025.0,1.0,0.234,0.234,0.0,0.001,2024.0,Vikings,veteran,1.0
Michael Woods,WR,Packers,2025.0,1.0,0.234,0.234,0.0,0.001,2022.0,Browns,veteran,3.0
Bryson Green,WR,Cardinals,2025.0,1.0,0.234,0.234,0.0,0.001,2025.0,Cardinals,rookie,0.0
Stephen Gosnell,WR,Bills,2025.0,1.0,0.234,0.234,0.0,0.001,2025.0,Bills,rookie,0.0
Luke Grimm,WR,Chargers,2025.0,1.0,0.234,0.234,0.0,0.001,2025.0,Chargers,rookie,0.0
Kisean Johnson,WR,Packers,2025.0,1.0,0.234,0.234,0.0,0.001,2025.0,Browns,rookie,0.0
Julian Hicks,WR,Packers,2025.0,1.0,0.234,0.234,0.0,0.001,2024.0,Packers,veteran,1.0
Lance McCutcheon,WR,Titans,2025.0,1.0,0.234,0.234,0.0,0.001,2022.0,Rams,veteran,3.0
Eli Pancol,WR,Colts,2025.0,1.0,0.234,0.234,0.0,0.001,2025.0,Jaguars,rookie,0.0
Kyrese Rowan,WR,Broncos,2025.0,1.0,0.234,0.234,0.0,0.001,2025.0,Broncos,rookie,0.0
Courtney Jackson,WR,Seahawks,2025.0,1.0,0.234,0.234,0.0,0.001,2025.0,Broncos,rookie,0.0
Antwane Wells Jr.,WR,Giants,2025.0,1.0,0.234,0.234,0.0,0.001,2025.0,Giants,rookie,0.0
Jalen Brooks,WR,Cardinals,2025.0,1.0,0.234,0.234,0.0,0.001,2023.0,Cowboys,veteran,2.0
Ainias Smith,WR,Panthers,2025.0,1.0,0.234,0.234,0.0,0.001,2024.0,Eagles,veteran,1.0
JaQuae Jackson,WR,Chargers,2025.0,1.0,0.234,0.234,0.0,0.001,2024.0,Falcons,veteran,1.0
Josh Kelly,WR,Texans,2025.0,1.0,0.234,0.234,0.0,0.001,2025.0,Cowboys,rookie,0.0
Coleman Owen,WR,Colts,2025.0,1.0,0.234,0.234,0.0,0.001,2025.0,Colts,rookie,0.0
Rakim Jarrett,WR,Steelers,2025.0,1.0,0.234,0.234,0.0,0.001,2023.0,Buccaneers,veteran,2.0
Brandon Smith,WR,Patriots,2025.0,1.0,0.234,0.234,0.0,0.001,2021.0,Cowboys,veteran,4.0
Cornell Powell,WR,Steelers,2025.0,1.0,0.234,0.234,0.0,0.001,2021.0,Chiefs,veteran,4.0
Kristian Wilkerson,WR,Bills,2025.0,1.0,0.234,0.234,0.0,0.001,2020.0,Titans,veteran,5.0
Jimmy Holiday,WR,Seahawks,2025.0,1.0,0.234,0.234,0.0,0.001,2025.0,Chiefs,rookie,0.0
Samori Toure,WR,Saints,2025.0,1.0,0.234,0.234,0.0,0.001,2022.0,Packers,veteran,3.0
Mason Kinsey,WR,Titans,2025.0,1.0,0.234,0.234,0.0,0.001,2020.0,Titans,veteran,5.0
Xavier Gipson,WR,Giants,2025.0,1.0,0.234,0.234,0.0,0.001,2023.0,Jets,veteran,2.0
Dorian Singer,WR,Jaguars,2025.0,1.0,0.234,0.234,0.0,0.001,2025.0,Jaguars,rookie,0.0
Xavier Johnson,WR,Bengals,2025.0,1.0,0.234,0.234,0.0,0.001,2024.0,Bills,veteran,1.0
Isaiah Williams,WR,Jets,2025.0,1.0,0.234,0.234,0.0,0.001,2024.0,Lions,veteran,1.0
Justin Shorter,WR,Raiders,2025.0,1.0,0.234,0.234,0.0,0.001,2023.0,Bills,veteran,2.0
Javon Baker,WR,49ers,2025.0,1.0,0.234,0.234,0.0,0.001,2024.0,Patriots,veteran,1.0
Tyler Scott,WR,Colts,2025.0,1.0,0.234,0.234,0.0,0.001,2023.0,Bears,veteran,2.0
Tru Edwards,WR,Rams,2025.0,1.0,0.234,0.234,0.0,0.001,2025.0,Rams,rookie,0.0
Qadir Ismail,WR,Bears,2025.0,1.0,0.234,0.234,0.0,0.001,2024.0,Ravens,veteran,1.0
A.J. Henning,WR,Dolphins,2025.0,1.0,0.234,0.234,0.0,0.001,2025.0,Dolphins,rookie,0.0
Dontae Fleming,WR,Vikings,2025.0,1.0,0.234,0.234,0.0,0.001,2025.0,Vikings,rookie,0.0
Theo Wease Jr.,WR,Dolphins,2025.0,1.0,0.234,0.234,0.0,0.001,2025.0,Dolphins,rookie,0.0
Jakobie Keeney-James,WR,Packers,2025.0,1.0,0.234,0.234,0.0,0.001,2025.0,Lions,rookie,0.0
Xavier Restrepo,WR,Titans,2025.0,1.0,0.234,0.234,0.0,0.001,2025.0,Titans,rookie,0.0
Luke Floriea,WR,Browns,2025.0,1.0,0.234,0.234,0.0,0.001,2025.0,Browns,rookie,0.0
Lucky Jackson,WR,Vikings,2025.0,1.0,0.234,0.234,0.0,0.001,2023.0,Vikings,veteran,2.0
Jason Brownlee,WR,Chiefs,2025.0,1.0,0.234,0.234,0.0,0.001,2023.0,Jets,veteran,2.0
Erik Ezukanma,WR,Jaguars,2025.0,1.0,0.234,0.234,0.0,0.001,2022.0,Dolphins,veteran,3.0
Michael Bandy,WR,Broncos,2025.0,1.0,0.234,0.234,0.0,0.001,2021.0,Chargers,veteran,4.0
Hal Presley,WR,Titans,2025.0,1.0,0.234,0.234,0.0,0.001,2025.0,Bills,rookie,0.0
Austin Trammell,WR,Jaguars,2025.0,1.0,0.234,0.234,0.0,0.001,2021.0,Falcons,veteran,4.0
Brennan Presley,WR,Rams,2025.0,1.0,0.234,0.234,0.0,0.001,2025.0,Rams,rookie,0.0
Cody White,WR,Seahawks,2025.0,1.0,0.234,0.234,0.0,0.001,2020.0,Chiefs,veteran,5.0
Shedrick Jackson,WR,Raiders,2025.0,1.0,0.234,0.234,0.0,0.001,2023.0,Bengals,veteran,2.0
Cornelius Johnson,WR,Ravens,2025.0,1.0,0.234,0.234,0.0,0.001,2024.0,Chargers,veteran,1.0
Brandon Johnson,WR,Steelers,2025.0,1.0,0.234,0.234,0.0,0.001,2022.0,Broncos,veteran,3.0
Ronnie Bell,WR,Saints,2025.0,1.0,0.234,0.234,0.0,0.001,2023.0,49ers,veteran,2.0
Danny Coale,WR,DAL/IND,2013.0,1.0,0.102,0.102,0.0,0.001,2012.0,Cowboys,veteran,1.0
Adam Thielen,WR,Vikings,2013.0,1.0,0.102,0.102,0.0,0.001,2013.0,Vikings,rookie,0.0
Devon Wylie,WR,SEA/SF/TEN/PIT,2013.0,1.0,0.102,0.102,0.0,0.001,2012.0,Chiefs,veteran,1.0
Jeremy Ebert,WR,Jaguars,2013.0,1.0,0.102,0.102,0.0,0.001,2012.0,Patriots,veteran,1.0
Charles Johnson,WR,Packers,2013.0,1.0,0.102,0.102,0.0,0.001,2013.0,Packers,rookie,0.0
Tavarres King,WR,Broncos,2013.0,1.0,0.102,0.102,0.0,0.001,2013.0,Broncos,rookie,0.0
Toney Clemons,WR,LAC/CAR,2013.0,1.0,0.102,0.102,0.0,0.001,2012.0,Steelers,veteran,1.0
B.J. Cunningham,WR,Eagles,2013.0,1.0,0.102,0.102,0.0,0.001,2012.0,Dolphins,veteran,1.0
Cobi Hamilton,WR,Bengals,2013.0,1.0,0.102,0.102,0.0,0.001,2013.0,Bengals,rookie,0.0
Justin Brown,WR,Steelers,2013.0,1.0,0.102,0.102,0.0,0.001,2013.0,Steelers,rookie,0.0
Marvin McNutt,WR,Dolphins,2013.0,1.0,0.102,0.102,0.0,0.001,2012.0,Eagles,veteran,1.0
Corey Fuller,WR,Lions,2013.0,1.0,0.102,0.102,0.0,0.001,2013.0,Lions,rookie,0.0
Tommy Streeter,WR,Buccaneers,2013.0,1.0,0.102,0.102,0.0,0.001,2012.0,Ravens,veteran,1.0
Kamar Aiken,WR,Ravens,2013.0,1.0,0.102,0.102,0.0,0.001,2011.0,Bills,veteran,2.0
Marcus Johnson,WR,Colts,2019.0,1.0,0.153,0.153,0.0,0.001,2016.0,Eagles,veteran,3.0
Stephen Hill,WR,Panthers,2014.0,1.0,0.1071,0.1071,0.0,0.001,2012.0,Jets,veteran,2.0
Danny Coale,WR,Steelers,2014.0,1.0,0.1071,0.1071,0.0,0.001,2012.0,Cowboys,veteran,2.0
Juron Criner,WR,Giants,2014.0,1.0,0.1071,0.1071,0.0,0.001,2012.0,Raiders,veteran,2.0
Marvin McNutt,WR,Commanders,2014.0,1.0,0.1071,0.1071,0.0,0.001,2012.0,Eagles,veteran,2.0
Jalen Saunders,WR,SEA/ARI,2014.0,1.0,0.1071,0.1071,0.0,0.001,2014.0,Jets,rookie,0.0
Seth Roberts,WR,Raiders,2014.0,1.0,0.1071,0.1071,0.0,0.001,2014.0,Raiders,rookie,0.0
Tavarres King,WR,TB/CAR,2014.0,1.0,0.1071,0.1071,0.0,0.001,2013.0,Broncos,veteran,1.0
Tommy Streeter,WR,JAX/MIA,2014.0,1.0,0.1071,0.1071,0.0,0.001,2012.0,Ravens,veteran,2.0
Quincy Enunwa,WR,Jets,2014.0,1.0,0.1071,0.1071,0.0,0.001,2014.0,Jets,rookie,0.0
Aldrick Robinson,WR,Ravens,2014.0,1.0,0.1071,0.1071,0.0,0.001,2011.0,Commanders,veteran,3.0
Chris Harper,WR,Giants,2014.0,1.0,0.1071,0.1071,0.0,0.001,2013.0,Seahawks,veteran,1.0
Charles Johnson,WR,Browns,2014.0,1.0,0.1071,0.1071,0.0,0.001,2013.0,Packers,veteran,1.0
Willie Snead,WR,Saints,2014.0,1.0,0.1071,0.1071,0.0,0.001,2014.0,Browns,rookie,0.0
Josh Boyce,WR,Patriots,2014.0,1.0,0.1071,0.1071,0.0,0.001,2013.0,Patriots,veteran,1.0
Cobi Hamilton,WR,Bengals,2014.0,1.0,0.1071,0.1071,0.0,0.001,2013.0,Bengals,veteran,1.0
Kevin Dorsey,WR,Packers,2014.0,1.0,0.1071,0.1071,0.0,0.001,2013.0,Packers,veteran,1.0
B.J. Cunningham,WR,Bears,2014.0,1.0,0.1071,0.1071,0.0,0.001,2012.0,Dolphins,veteran,2.0
Ronald Johnson,WR,Eagles,2011.0,1.0,0.0969,0.0969,0.0,0.001,2011.0,,rookie,0.0
Andrew Hawkins,WR,Bengals,2011.0,1.0,0.0969,0.0969,0.0,0.001,2011.0,Rams,rookie,0.0
Aldrick Robinson,WR,Commanders,2011.0,1.0,0.0969,0.0969,0.0,0.001,2011.0,Commanders,rookie,0.0
Stephen Burton,WR,Vikings,2011.0,1.0,0.0969,0.0969,0.0,0.001,2011.0,Vikings,rookie,0.0
Andre Holmes,WR,Cowboys,2011.0,1.0,0.0969,0.0969,0.0,0.001,2011.0,Vikings,rookie,0.0
Scotty McKnight,WR,Jets,2011.0,1.0,0.0969,0.0969,0.0,0.001,2011.0,Jets,rookie,0.0
Kamar Aiken,WR,Bills,2011.0,1.0,0.0969,0.0969,0.0,0.001,2011.0,Bills,rookie,0.0
Chris Hogan,WR,NYG/MIA,2011.0,1.0,0.0969,0.0969,0.0,0.001,2011.0,,rookie,0.0
Trindon Holliday,WR,Texans,2011.0,1.0,0.0969,0.0969,0.0,0.001,2010.0,Texans,veteran,1.0
Dwayne Harris,WR,Cowboys,2011.0,1.0,0.0969,0.0969,0.0,0.001,2011.0,Cowboys,rookie,0.0
Andre Holmes,WR,Cowboys,2012.0,1.0,0.0969,0.0969,0.0,0.001,2011.0,Vikings,veteran,1.0
Kamar Aiken,WR,CHI/NE,2012.0,1.0,0.0969,0.0969,0.0,0.001,2011.0,Bills,veteran,1.0
Chris Hogan,WR,MIA/BUF,2012.0,1.0,0.0969,0.0969,0.0,0.001,2011.0,,veteran,1.0
Danny Coale,WR,Cowboys,2012.0,1.0,0.0969,0.0969,0.0,0.001,2012.0,Cowboys,rookie,0.0
Jermaine Kearse,WR,Seahawks,2012.0,1.0,0.0969,0.0969,0.0,0.001,2012.0,Seahawks,rookie,0.0
Junior Hemingway,WR,Chiefs,2012.0,1.0,0.0969,0.0969,0.0,0.001,2012.0,Chiefs,rookie,0.0
Toney Clemons,WR,Steelers,2012.0,1.0,0.0969,0.0969,0.0,0.001,2012.0,Steelers,rookie,0.0
Jordan White,WR,Jets,2012.0,1.0,0.0969,0.0969,0.0,0.001,2012.0,Jets,rookie,0.0
Kris Durham,WR,Lions,2012.0,1.0,0.0969,0.0969,0.0,0.001,2011.0,Seahawks,veteran,1.0
Marvin McNutt,WR,Eagles,2012.0,1.0,0.0969,0.0969,0.0,0.001,2012.0,Eagles,rookie,0.0
B.J. Cunningham,WR,Eagles,2012.0,1.0,0.0969,0.0969,0.0,0.001,2012.0,Dolphins,rookie,0.0
Robert Herron,WR,Dolphins,2015.0,1.0,0.1122,0.1122,0.0,0.001,2014.0,Buccaneers,veteran,1.0
Nick Toon,WR,Rams,2015.0,1.0,0.1122,0.1122,0.0,0.001,2012.0,Saints,veteran,3.0
Jared Abbrederis,WR,Packers,2015.0,1.0,0.1122,0.1122,0.0,0.001,2014.0,Packers,veteran,1.0
Alan Bonner,WR,Texans,2015.0,1.0,0.1122,0.1122,0.0,0.001,2013.0,Texans,veteran,2.0
Kaelin Clay,WR,Buccaneers,2015.0,1.0,0.1122,0.1122,0.0,0.001,2015.0,Buccaneers,rookie,0.0
Tavarres King,WR,Giants,2015.0,1.0,0.1122,0.1122,0.0,0.001,2013.0,Broncos,veteran,2.0
Evan Spencer,WR,Buccaneers,2015.0,1.0,0.1122,0.1122,0.0,0.001,2015.0,Commanders,rookie,0.0
Shaq Evans,WR,Jaguars,2015.0,1.0,0.1122,0.1122,0.0,0.001,2014.0,Jets,veteran,1.0
Jalen Saunders,WR,Bears,2015.0,1.0,0.1122,0.1122,0.0,0.001,2014.0,Jets,veteran,1.0
Freddie Martino,WR,Eagles,2015.0,1.0,0.1122,0.1122,0.0,0.001,2014.0,Falcons,veteran,1.0
Devon Wylie,WR,Falcons,2015.0,1.0,0.1122,0.1122,0.0,0.001,2012.0,Chiefs,veteran,3.0
Walt Powell,WR,Jets,2015.0,1.0,0.1122,0.1122,0.0,0.001,2014.0,Cardinals,veteran,1.0
Devon Wylie,WR,Rams,2014.0,1.0,0.102,0.102,0.0,0.001,2012.0,Chiefs,veteran,2.0
Matt Hazel,WR,Dolphins,2014.0,1.0,0.102,0.102,0.0,0.001,2014.0,Dolphins,rookie,0.0
Danny Amendola,WR,Cowboys,2008.0,1.0,0.0884,0.0884,0.0,0.001,2008.0,Cowboys,rookie,0.0
DeAndre Smelter,WR,49ers,2016.0,1.0,0.1173,0.1173,0.0,0.001,2015.0,,veteran,1.0
Josh Boyce,WR,Browns,2016.0,1.0,0.1173,0.1173,0.0,0.001,2013.0,Patriots,veteran,3.0
Shaq Evans,WR,Patriots,2016.0,1.0,0.1173,0.1173,0.0,0.001,2014.0,Jets,veteran,2.0
Kevin Norwood,WR,Giants,2016.0,1.0,0.1173,0.1173,0.0,0.001,2014.0,Seahawks,veteran,2.0
Devin Street,WR,Colts,2016.0,1.0,0.1173,0.1173,0.0,0.001,2014.0,Cowboys,veteran,2.0
Dominique Williams,WR,Chargers,2016.0,1.0,0.1173,0.1173,0.0,0.001,2016.0,Chargers,rookie,0.0
Kenny Bell,WR,Ravens,2016.0,1.0,0.1173,0.1173,0.0,0.001,2015.0,Buccaneers,veteran,1.0
Evan Spencer,WR,Buccaneers,2016.0,1.0,0.1173,0.1173,0.0,0.001,2015.0,Commanders,veteran,1.0
T.J. Jones,WR,Lions,2016.0,1.0,0.1173,0.1173,0.0,0.001,2014.0,Lions,veteran,2.0
Matt Hazel,WR,Commanders,2016.0,1.0,0.1173,0.1173,0.0,0.001,2014.0,Dolphins,veteran,2.0
Cobi Hamilton,WR,Steelers,2016.0,1.0,0.1173,0.1173,0.0,0.001,2013.0,Bengals,veteran,3.0
Michael Campanaro,WR,Ravens,2016.0,1.0,0.1173,0.1173,0.0,0.001,2014.0,Ravens,veteran,2.0
Geremy Davis,WR,Giants,2016.0,1.0,0.1173,0.1173,0.0,0.001,2015.0,Giants,veteran,1.0
Juwann Winfree,WR,Packers,2020.0,1.0,0.148906,0.148906,0.0,0.001,2019.0,Broncos,veteran,1.0
Adam Humphries,WR,Buccaneers,2015.0,1.0,0.1071,0.1071,0.0,0.001,2015.0,Buccaneers,rookie,0.0
Tyrell Williams,WR,Chargers,2015.0,1.0,0.1071,0.1071,0.0,0.001,2015.0,Chargers,rookie,0.0
Larry Pinkard,WR,Jaguars,2017.0,1.0,0.1224,0.1224,0.0,0.001,2015.0,Packers,veteran,2.0
Malachi Dupre,WR,Bills,2017.0,1.0,0.1224,0.1224,0.0,0.001,2017.0,Packers,rookie,0.0
Mario Alford,WR,Bears,2017.0,1.0,0.1224,0.1224,0.0,0.001,2015.0,Bengals,veteran,2.0
Marquis Bundy,WR,Giants,2017.0,1.0,0.1224,0.1224,0.0,0.001,2016.0,Cardinals,veteran,1.0
Mekale McKay,WR,Bears,2017.0,1.0,0.1224,0.1224,0.0,0.001,2016.0,Colts,veteran,1.0
Rannell Hall,WR,Browns,2017.0,1.0,0.1224,0.1224,0.0,0.001,2015.0,Buccaneers,veteran,2.0
Travin Dural,WR,Saints,2017.0,1.0,0.1224,0.1224,0.0,0.001,2017.0,Saints,rookie,0.0
Keon Hatcher,WR,Raiders,2017.0,1.0,0.1224,0.1224,0.0,0.001,2017.0,Raiders,rookie,0.0
Isaac Whitney,WR,Raiders,2017.0,1.0,0.1224,0.1224,0.0,0.001,2017.0,Raiders,rookie,0.0
DeAndrew White,WR,Texans,2017.0,1.0,0.1224,0.1224,0.0,0.001,2015.0,,veteran,2.0
Marcus Lucas,WR,Raiders,2017.0,1.0,0.1224,0.1224,0.0,0.001,2014.0,Panthers,veteran,3.0
Marcus Tucker,WR,Steelers,2017.0,1.0,0.1224,0.1224,0.0,0.001,2016.0,Steelers,veteran,1.0
DeAndre Carter,WR,49ers,2017.0,1.0,0.1224,0.1224,0.0,0.001,2015.0,Ravens,veteran,2.0
Darius Powe,WR,Giants,2017.0,1.0,0.1224,0.1224,0.0,0.001,2016.0,Giants,veteran,1.0
DeAndre Smelter,WR,49ers,2017.0,1.0,0.1224,0.1224,0.0,0.001,2015.0,,veteran,2.0
Montay Crockett,WR,Jaguars,2017.0,1.0,0.1224,0.1224,0.0,0.001,2017.0,Packers,rookie,0.0
Reggie Davis,WR,Falcons,2017.0,1.0,0.1224,0.1224,0.0,0.001,2017.0,Falcons,rookie,0.0
Shakeir Ryan,WR,Commanders,2017.0,1.0,0.1224,0.1224,0.0,0.001,2017.0,Rams,rookie,0.0
Colby Pearson,WR,Packers,2017.0,1.0,0.1224,0.1224,0.0,0.001,2017.0,Packers,rookie,0.0
K.J. Brent,WR,Colts,2017.0,1.0,0.1224,0.1224,0.0,0.001,2016.0,Raiders,veteran,1.0
Noel Thomas,WR,Lions,2017.0,1.0,0.1224,0.1224,0.0,0.001,2017.0,Lions,rookie,0.0
Bug Howard,WR,Browns,2017.0,1.0,0.1224,0.1224,0.0,0.001,2017.0,Colts,rookie,0.0
Kenny Bell,WR,Ravens,2017.0,1.0,0.1224,0.1224,0.0,0.001,2015.0,Buccaneers,veteran,2.0
DeAngelo Yancey,WR,Packers,2017.0,1.0,0.1224,0.1224,0.0,0.001,2017.0,Packers,rookie,0.0
Gehrig Dieter,WR,Chiefs,2017.0,1.0,0.1224,0.1224,0.0,0.001,2017.0,Chiefs,rookie,0.0
Rashad Ross,WR,Cardinals,2017.0,1.0,0.1224,0.1224,0.0,0.001,2013.0,Titans,veteran,4.0
Cayleb Jones,WR,Vikings,2017.0,1.0,0.1224,0.1224,0.0,0.001,2016.0,Eagles,veteran,1.0
Drew Morgan,WR,Dolphins,2017.0,1.0,0.1224,0.1224,0.0,0.001,2017.0,Dolphins,rookie,0.0
Kenny Lawler,WR,Seahawks,2017.0,1.0,0.1224,0.1224,0.0,0.001,2016.0,Seahawks,veteran,1.0
Malcolm Lewis,WR,Dolphins,2017.0,1.0,0.1224,0.1224,0.0,0.001,2017.0,Dolphins,rookie,0.0
DeMarcus Ayers,WR,Bears,2017.0,1.0,0.1224,0.1224,0.0,0.001,2016.0,Steelers,veteran,1.0
Damore'ea Stringfellow,WR,Jets,2017.0,1.0,0.1224,0.1224,0.0,0.001,2017.0,Dolphins,rookie,0.0
Paul McRoberts,WR,Rams,2017.0,1.0,0.1224,0.1224,0.0,0.001,2016.0,Rams,veteran,1.0
Justin Hardee,WR,Saints,2017.0,1.0,0.1224,0.1224,0.0,0.001,2017.0,Texans,rookie,0.0
Artavis Scott,WR,Chargers,2017.0,1.0,0.1224,0.1224,0.0,0.001,2017.0,Chargers,rookie,0.0
Andre Patton,WR,Chargers,2017.0,1.0,0.1224,0.1224,0.0,0.001,2017.0,Chargers,rookie,0.0
Jamaal Jones,WR,Panthers,2017.0,1.0,0.1224,0.1224,0.0,0.001,2016.0,Chargers,veteran,1.0
Rashawn Scott,WR,Dolphins,2017.0,1.0,0.1224,0.1224,0.0,0.001,2016.0,Dolphins,veteran,1.0
Justin Thomas,WR,Steelers,2017.0,1.0,0.1224,0.1224,0.0,0.001,2017.0,Saints,rookie,0.0
Quan Bray,WR,Bills,2017.0,1.0,0.1224,0.1224,0.0,0.001,2015.0,Colts,veteran,2.0
Nelson Spruce,WR,Bears,2017.0,1.0,0.1224,0.1224,0.0,0.001,2016.0,Rams,veteran,1.0
David Moore,WR,Seahawks,2017.0,1.0,0.1224,0.1224,0.0,0.001,2017.0,Seahawks,rookie,0.0
Daniel Williams,WR,Jets,2017.0,1.0,0.1224,0.1224,0.0,0.001,2017.0,Jets,rookie,0.0
Levonte Whitfield,WR,Bengals,2017.0,1.0,0.1224,0.1224,0.0,0.001,2017.0,Bears,rookie,0.0
Darius Jennings,WR,Titans,2017.0,1.0,0.1224,0.1224,0.0,0.001,2015.0,Browns,veteran,2.0
Zach Pascal,WR,Titans,2017.0,1.0,0.1224,0.1224,0.0,0.001,2017.0,Commanders,rookie,0.0
Dres Anderson,WR,Commanders,2017.0,1.0,0.1224,0.1224,0.0,0.001,2015.0,,veteran,2.0
Brian Brown,WR,Cowboys,2017.0,1.0,0.1224,0.1224,0.0,0.001,2017.0,Cowboys,rookie,0.0
Marcus Kemp,WR,Chiefs,2017.0,1.0,0.1224,0.1224,0.0,0.001,2017.0,Chiefs,rookie,0.0
Mose Frazier,WR,Panthers,2017.0,1.0,0.1224,0.1224,0.0,0.001,2016.0,Broncos,veteran,1.0
Matt Hazel,WR,Colts,2017.0,1.0,0.1224,0.1224,0.0,0.001,2014.0,Dolphins,veteran,3.0
Ed Eagan,WR,Giants,2017.0,1.0,0.1224,0.1224,0.0,0.001,2016.0,Cowboys,veteran,1.0
Kolby Listenbee,WR,Colts,2017.0,1.0,0.1224,0.1224,0.0,0.001,2016.0,Bills,veteran,1.0
Hunter Sharp,WR,Broncos,2017.0,1.0,0.1224,0.1224,0.0,0.001,2016.0,Eagles,veteran,1.0
Chris Thompson,WR,Texans,2017.0,1.0,0.1224,0.1224,0.0,0.001,2017.0,Texans,rookie,0.0
Dontez Ford,WR,Lions,2017.0,1.0,0.1224,0.1224,0.0,0.001,2017.0,Lions,rookie,0.0
Tim Patrick,WR,Broncos,2017.0,1.0,0.1224,0.1224,0.0,0.001,2017.0,Ravens,rookie,0.0
River Cracraft,WR,Broncos,2017.0,1.0,0.1224,0.1224,0.0,0.001,2017.0,Broncos,rookie,0.0
Rasheed Bailey,WR,Panthers,2017.0,1.0,0.1224,0.1224,0.0,0.001,2015.0,Eagles,veteran,2.0
Michael Clark,WR,Packers,2017.0,1.0,0.1224,0.1224,0.0,0.001,2017.0,Packers,rookie,0.0
Freddie Martino,WR,Buccaneers,2017.0,1.0,0.1224,0.1224,0.0,0.001,2014.0,Falcons,veteran,3.0
Riley McCarron,WR,Texans,2017.0,1.0,0.1224,0.1224,0.0,0.001,2017.0,Texans,rookie,0.0
Tanner Gentry,WR,Bears,2017.0,1.0,0.1224,0.1224,0.0,0.001,2017.0,Bears,rookie,0.0
Geremy Davis,WR,Chargers,2017.0,1.0,0.1224,0.1224,0.0,0.001,2015.0,Giants,veteran,2.0
KeVonn Mabon,WR,Colts,2017.0,1.0,0.1224,0.1224,0.0,0.001,2017.0,Titans,rookie,0.0
Bobo Wilson,WR,Buccaneers,2017.0,1.0,0.1224,0.1224,0.0,0.001,2017.0,Buccaneers,rookie,0.0
Daikiel Shorts,WR,Bills,2017.0,1.0,0.1224,0.1224,0.0,0.001,2017.0,Bills,rookie,0.0
Robert Davis,WR,Commanders,2017.0,1.0,0.1224,0.1224,0.0,0.001,2017.0,Commanders,rookie,0.0
C.J. Board,WR,Browns,2017.0,1.0,0.1224,0.1224,0.0,0.001,2017.0,Ravens,rookie,0.0
Maurice Harris,WR,Commanders,2017.0,1.0,0.1224,0.1224,0.0,0.001,2016.0,Commanders,veteran,1.0
Jake Kumerow,WR,Packers,2017.0,1.0,0.1224,0.1224,0.0,0.001,2015.0,Bengals,veteran,2.0
Tevaun Smith,WR,Jaguars,2017.0,1.0,0.1224,0.1224,0.0,0.001,2016.0,Colts,veteran,1.0
Darreus Rogers,WR,Bears,2017.0,1.0,0.1224,0.1224,0.0,0.001,2017.0,Seahawks,rookie,0.0
Carlton Agudosi,WR,Cardinals,2017.0,1.0,0.1224,0.1224,0.0,0.001,2017.0,Cardinals,rookie,0.0
Cobi Hamilton,WR,Texans,2017.0,1.0,0.1224,0.1224,0.0,0.001,2013.0,Bengals,veteran,4.0
Kalif Raymond,WR,Giants,2017.0,1.0,0.1224,0.1224,0.0,0.001,2016.0,Broncos,veteran,1.0
Keenan Reynolds,WR,Commanders,2017.0,1.0,0.1224,0.1224,0.0,0.001,2016.0,Ravens,veteran,1.0
Devin Lucien,WR,Texans,2017.0,1.0,0.1224,0.1224,0.0,0.001,2016.0,Patriots,veteran,1.0
Austin Duke,WR,Panthers,2017.0,1.0,0.1224,0.1224,0.0,0.001,2017.0,Panthers,rookie,0.0
Amba Etta-Tawo,WR,Chiefs,2017.0,1.0,0.1224,0.1224,0.0,0.001,2017.0,Jaguars,rookie,0.0
Fred Brown,WR,Colts,2017.0,1.0,0.1224,0.1224,0.0,0.001,2017.0,Colts,rookie,0.0
Rashard Davis,WR,Eagles,2017.0,1.0,0.1224,0.1224,0.0,0.001,2017.0,Eagles,rookie,0.0
Jaydon Mickens,WR,Jaguars,2017.0,1.0,0.1224,0.1224,0.0,0.001,2016.0,Raiders,veteran,1.0
Brandon Reilly,WR,Bills,2017.0,1.0,0.1224,0.1224,0.0,0.001,2017.0,Bills,rookie,0.0
Keyarris Garrett,WR,Panthers,2017.0,1.0,0.1224,0.1224,0.0,0.001,2016.0,Panthers,veteran,1.0
Krishawn Hogan,WR,Colts,2017.0,1.0,0.1224,0.1224,0.0,0.001,2017.0,Cardinals,rookie,0.0
Jake Lampman,WR,Buccaneers,2017.0,1.0,0.1224,0.1224,0.0,0.001,2016.0,Saints,veteran,1.0
Cyril Grayson,WR,Colts,2017.0,1.0,0.1224,0.1224,0.0,0.001,2016.0,Seahawks,veteran,1.0
Canaan Severin,WR,Giants,2017.0,1.0,0.1224,0.1224,0.0,0.001,2016.0,Steelers,veteran,1.0
Marvin Hall,WR,Falcons,2017.0,1.0,0.1224,0.1224,0.0,0.001,2016.0,Raiders,veteran,1.0
Deante Burton,WR,Falcons,2017.0,1.0,0.1224,0.1224,0.0,0.001,2017.0,Falcons,rookie,0.0
Jordan Leslie,WR,Broncos,2017.0,1.0,0.1224,0.1224,0.0,0.001,2015.0,Vikings,veteran,2.0
KD Cannon,WR,Cowboys,2017.0,1.0,0.1224,0.1224,0.0,0.001,2017.0,,rookie,0.0
Shane Wynn,WR,Saints,2018.0,1.0,0.1292,0.1292,0.0,0.001,2015.0,Falcons,veteran,3.0
Blake Jackson,WR,Browns,2018.0,1.0,0.1292,0.1292,0.0,0.001,2018.0,Browns,rookie,0.0
C.J. Board,WR,Jaguars,2018.0,1.0,0.1292,0.1292,0.0,0.001,2017.0,Ravens,veteran,1.0
Chris Lacy,WR,Lions,2018.0,1.0,0.1292,0.1292,0.0,0.001,2018.0,Patriots,rookie,0.0
Daniel Williams,WR,Browns,2018.0,1.0,0.1292,0.1292,0.0,0.001,2017.0,Jets,veteran,1.0
Janarion Grant,WR,Ravens,2018.0,1.0,0.1292,0.1292,0.0,0.001,2018.0,Ravens,rookie,0.0
Jester Weah,WR,Texans,2018.0,1.0,0.1292,0.1292,0.0,0.001,2018.0,Texans,rookie,0.0
J.J. Jones,WR,Jets,2018.0,1.0,0.1292,0.1292,0.0,0.001,2018.0,Chargers,rookie,0.0
Andre Patton,WR,Chargers,2018.0,1.0,0.1292,0.1292,0.0,0.001,2017.0,Chargers,veteran,1.0
Dylan Cantrell,WR,Chargers,2018.0,1.0,0.1292,0.1292,0.0,0.001,2018.0,Chargers,rookie,0.0
Krishawn Hogan,WR,Colts,2018.0,1.0,0.1292,0.1292,0.0,0.001,2017.0,Cardinals,veteran,1.0
Gehrig Dieter,WR,Chiefs,2018.0,1.0,0.1292,0.1292,0.0,0.001,2017.0,Chiefs,veteran,1.0
Josh Crockett,WR,Chiefs,2018.0,1.0,0.1292,0.1292,0.0,0.001,2018.0,Chiefs,rookie,0.0
Auden Tate,WR,Bengals,2018.0,1.0,0.1292,0.1292,0.0,0.001,2018.0,Bengals,rookie,0.0
Robert Foster,WR,Bills,2018.0,1.0,0.1292,0.1292,0.0,0.001,2018.0,Bills,rookie,0.0
Allen Lazard,WR,Jaguars,2018.0,1.0,0.1292,0.1292,0.0,0.001,2018.0,Jaguars,rookie,0.0
Steve Ishmael,WR,Colts,2018.0,1.0,0.1292,0.1292,0.0,0.001,2018.0,Colts,rookie,0.0
Daurice Fountain,WR,Colts,2018.0,1.0,0.1292,0.1292,0.0,0.001,2018.0,Colts,rookie,0.0
Jehu Chesson,WR,Commanders,2018.0,1.0,0.1292,0.1292,0.0,0.001,2017.0,Chiefs,veteran,1.0
Moritz Boehringer,WR,Bengals,2018.0,1.0,0.1292,0.1292,0.0,0.001,2016.0,Vikings,veteran,2.0
Corey Coleman,WR,Patriots,2018.0,1.0,0.1292,0.1292,0.0,0.001,2016.0,Browns,veteran,2.0
Tanner Gentry,WR,Bears,2018.0,1.0,0.1292,0.1292,0.0,0.001,2017.0,Bears,veteran,1.0
Kalif Raymond,WR,Titans,2018.0,1.0,0.1292,0.1292,0.0,0.001,2016.0,Broncos,veteran,2.0
Malcolm Lewis,WR,Dolphins,2018.0,1.0,0.1292,0.1292,0.0,0.001,2017.0,Dolphins,veteran,1.0
Andy Jones,WR,Lions,2018.0,1.0,0.1292,0.1292,0.0,0.001,2016.0,Cowboys,veteran,2.0
Mose Frazier,WR,Panthers,2018.0,1.0,0.1292,0.1292,0.0,0.001,2016.0,Broncos,veteran,2.0
Travis Rudolph,WR,Dolphins,2018.0,1.0,0.1292,0.1292,0.0,0.001,2017.0,Giants,veteran,1.0
Cam Phillips,WR,Bills,2018.0,1.0,0.1292,0.1292,0.0,0.001,2018.0,Bills,rookie,0.0
Terrell Sinkfield,WR,Raiders,2018.0,1.0,0.1292,0.1292,0.0,0.001,2013.0,Dolphins,veteran,5.0
Damoun Patterson,WR,Patriots,2018.0,1.0,0.1292,0.1292,0.0,0.001,2018.0,Steelers,rookie,0.0
Dres Anderson,WR,Cowboys,2018.0,1.0,0.1292,0.1292,0.0,0.001,2015.0,,veteran,3.0
Da'Mari Scott,WR,Browns,2018.0,1.0,0.1292,0.1292,0.0,0.001,2018.0,Browns,rookie,0.0
Brian Brown,WR,Lions,2018.0,1.0,0.1292,0.1292,0.0,0.001,2017.0,Cowboys,veteran,1.0
Daniel Braverman,WR,Cardinals,2018.0,1.0,0.1292,0.1292,0.0,0.001,2016.0,Bears,veteran,2.0
ArDarius Stewart,WR,Commanders,2018.0,1.0,0.1292,0.1292,0.0,0.001,2017.0,Jets,veteran,1.0
K.J. Brent,WR,Colts,2018.0,1.0,0.1292,0.1292,0.0,0.001,2016.0,Raiders,veteran,2.0
Levonte Whitfield,WR,Bengals,2018.0,1.0,0.1292,0.1292,0.0,0.001,2017.0,Bears,veteran,1.0
Carlos Henderson,WR,Commanders,2018.0,1.0,0.1292,0.1292,0.0,0.001,2017.0,Broncos,veteran,1.0
Devin Ross,WR,Titans,2018.0,1.0,0.1292,0.1292,0.0,0.001,2018.0,Titans,rookie,0.0
Damore'ea Stringfellow,WR,Seahawks,2018.0,1.0,0.1292,0.1292,0.0,0.001,2017.0,Dolphins,veteran,1.0
Aaron Burbridge,WR,49ers,2018.0,1.0,0.1292,0.1292,0.0,0.001,2016.0,,veteran,2.0
KhaDarel Hodge,WR,Rams,2018.0,1.0,0.1292,0.1292,0.0,0.001,2018.0,Rams,rookie,0.0
Steven Dunbar,WR,49ers,2018.0,1.0,0.1292,0.1292,0.0,0.001,2018.0,,rookie,0.0
Caleb Scott,WR,Seahawks,2018.0,1.0,0.1292,0.1292,0.0,0.001,2018.0,Seahawks,rookie,0.0
Keenan Reynolds,WR,Seahawks,2018.0,1.0,0.1292,0.1292,0.0,0.001,2016.0,Ravens,veteran,2.0
Frank Stephens,WR,49ers,2018.0,1.0,0.1292,0.1292,0.0,0.001,2018.0,,rookie,0.0
Jordan Smallwood,WR,49ers,2018.0,1.0,0.1292,0.1292,0.0,0.001,2018.0,Chiefs,rookie,0.0
Isaiah McKenzie,WR,Broncos,2018.0,1.0,0.1292,0.1292,0.0,0.001,2017.0,Broncos,veteran,1.0
Tevin Jones,WR,Steelers,2018.0,1.0,0.1292,0.1292,0.0,0.001,2016.0,Texans,veteran,2.0
Bobo Wilson,WR,Buccaneers,2018.0,1.0,0.1292,0.1292,0.0,0.001,2017.0,Buccaneers,veteran,1.0
Trey Griffey,WR,Steelers,2018.0,1.0,0.1292,0.1292,0.0,0.001,2017.0,Colts,veteran,1.0
Quadree Henderson,WR,Giants,2018.0,1.0,0.1292,0.1292,0.0,0.001,2018.0,Steelers,rookie,0.0
Andre Levrone,WR,Ravens,2018.0,1.0,0.1292,0.1292,0.0,0.001,2018.0,Ravens,rookie,0.0
Greg Ward,WR,Eagles,2018.0,1.0,0.1292,0.1292,0.0,0.001,2017.0,Eagles,veteran,1.0
Steven Mitchell,WR,Rams,2018.0,1.0,0.1292,0.1292,0.0,0.001,2018.0,Rams,rookie,0.0
Rashard Davis,WR,Eagles,2018.0,1.0,0.1292,0.1292,0.0,0.001,2017.0,Eagles,veteran,1.0
Jace Billingsley,WR,Patriots,2018.0,1.0,0.1292,0.1292,0.0,0.001,2016.0,Lions,veteran,2.0
Roger Lewis,WR,Titans,2018.0,1.0,0.1292,0.1292,0.0,0.001,2016.0,Giants,veteran,2.0
Isaac Whitney,WR,Texans,2018.0,1.0,0.1292,0.1292,0.0,0.001,2017.0,Raiders,veteran,1.0
Devin Gray,WR,Falcons,2018.0,1.0,0.1292,0.1292,0.0,0.001,2018.0,Falcons,rookie,0.0
Deante Burton,WR,Falcons,2018.0,1.0,0.1292,0.1292,0.0,0.001,2017.0,Falcons,veteran,1.0
Reggie Davis,WR,Cowboys,2018.0,1.0,0.1292,0.1292,0.0,0.001,2017.0,Falcons,veteran,1.0
Jalen Tolliver,WR,Cardinals,2018.0,1.0,0.1292,0.1292,0.0,0.001,2018.0,Cardinals,rookie,0.0
Francis Owusu,WR,Dolphins,2018.0,1.0,0.1292,0.1292,0.0,0.001,2017.0,Dolphins,veteran,1.0
Max McCaffrey,WR,49ers,2018.0,1.0,0.1292,0.1292,0.0,0.001,2016.0,Raiders,veteran,2.0
Keon Hatcher,WR,Packers,2018.0,1.0,0.1292,0.1292,0.0,0.001,2017.0,Raiders,veteran,1.0
Darvin Kidsy,WR,Commanders,2018.0,1.0,0.1292,0.1292,0.0,0.001,2018.0,Commanders,rookie,0.0
Simmie Cobbs Jr.,WR,Commanders,2018.0,1.0,0.1292,0.1292,0.0,0.001,2018.0,Commanders,rookie,0.0
Brandon Reilly,WR,Lions,2018.0,1.0,0.1292,0.1292,0.0,0.001,2017.0,Bills,veteran,1.0
Deontez Alexander,WR,Lions,2018.0,1.0,0.1292,0.1292,0.0,0.001,2018.0,Lions,rookie,0.0
Jeff Badet,WR,Vikings,2018.0,1.0,0.1292,0.1292,0.0,0.001,2018.0,Vikings,rookie,0.0
River Cracraft,WR,Broncos,2018.0,1.0,0.1292,0.1292,0.0,0.001,2017.0,Broncos,veteran,1.0
Braxton Miller,WR,Eagles,2018.0,1.0,0.1292,0.1292,0.0,0.001,2016.0,Texans,veteran,2.0
Christian Blake,WR,Falcons,2018.0,1.0,0.1292,0.1292,0.0,0.001,2018.0,Falcons,rookie,0.0
Chad Hansen,WR,Titans,2018.0,1.0,0.1292,0.1292,0.0,0.001,2017.0,Jets,veteran,1.0
Chad Beebe,WR,Vikings,2018.0,1.0,0.1292,0.1292,0.0,0.001,2018.0,Vikings,rookie,0.0
Jordan Veasy,WR,Jaguars,2018.0,1.0,0.1292,0.1292,0.0,0.001,2018.0,Titans,rookie,0.0
Austin Proehl,WR,Rams,2018.0,1.0,0.1292,0.1292,0.0,0.001,2018.0,Bills,rookie,0.0
Hunter Sharp,WR,Bengals,2018.0,1.0,0.1292,0.1292,0.0,0.001,2016.0,Eagles,veteran,2.0
Shay Fields,WR,Broncos,2018.0,1.0,0.1292,0.1292,0.0,0.001,2018.0,Commanders,rookie,0.0
Cyril Grayson,WR,Texans,2018.0,1.0,0.1292,0.1292,0.0,0.001,2016.0,Seahawks,veteran,2.0
Isaiah Ford,WR,Dolphins,2018.0,1.0,0.1292,0.1292,0.0,0.001,2017.0,Dolphins,veteran,1.0
Leonte Carroo,WR,Dolphins,2018.0,1.0,0.1292,0.1292,0.0,0.001,2016.0,Dolphins,veteran,2.0
Dorren Miller,WR,Eagles,2018.0,1.0,0.1292,0.1292,0.0,0.001,2018.0,Jaguars,rookie,0.0
Bernard Reedy,WR,Cardinals,2018.0,1.0,0.1292,0.1292,0.0,0.001,2014.0,Falcons,veteran,4.0
Malachi Dupre,WR,Texans,2018.0,1.0,0.1292,0.1292,0.0,0.001,2017.0,Packers,veteran,1.0
DeAndrew White,WR,Panthers,2018.0,1.0,0.1292,0.1292,0.0,0.001,2015.0,,veteran,3.0
Cameron Batson,WR,Titans,2018.0,1.0,0.1292,0.1292,0.0,0.001,2018.0,Titans,rookie,0.0
Teo Redding,WR,Commanders,2018.0,1.0,0.1292,0.1292,0.0,0.001,2018.0,Lions,rookie,0.0
Malik Turner,WR,Seahawks,2018.0,1.0,0.1292,0.1292,0.0,0.001,2018.0,Seahawks,rookie,0.0
Johnny Holton,WR,Raiders,2018.0,1.0,0.1292,0.1292,0.0,0.001,2016.0,Raiders,veteran,2.0
Marcell Ateman,WR,Raiders,2018.0,1.0,0.1292,0.1292,0.0,0.001,2018.0,Raiders,rookie,0.0
Julian Williams,WR,Falcons,2018.0,1.0,0.1292,0.1292,0.0,0.001,2018.0,Falcons,rookie,0.0
Riley McCarron,WR,Patriots,2018.0,1.0,0.1292,0.1292,0.0,0.001,2017.0,Texans,veteran,1.0
Alonzo Russell,WR,Giants,2018.0,1.0,0.1292,0.1292,0.0,0.001,2016.0,Bengals,veteran,2.0
Saeed Blacknall,WR,Raiders,2018.0,1.0,0.1292,0.1292,0.0,0.001,2018.0,Raiders,rookie,0.0
Montay Crockett,WR,Cardinals,2018.0,1.0,0.1292,0.1292,0.0,0.001,2017.0,Packers,veteran,1.0
Herb Waters,WR,Steelers,2018.0,1.0,0.1292,0.1292,0.0,0.001,2016.0,Packers,veteran,2.0
Jawill Davis,WR,Giants,2018.0,1.0,0.1292,0.1292,0.0,0.001,2018.0,Giants,rookie,0.0
DeAngelo Yancey,WR,Jets,2018.0,1.0,0.1292,0.1292,0.0,0.001,2017.0,Packers,veteran,1.0
Tanner McEvoy,WR,Saints,2018.0,1.0,0.1292,0.1292,0.0,0.001,2016.0,Seahawks,veteran,2.0
Marcus Lucas,WR,49ers,2018.0,1.0,0.1292,0.1292,0.0,0.001,2014.0,Panthers,veteran,4.0
Amba Etta-Tawo,WR,Texans,2018.0,1.0,0.1292,0.129,0.0,0.001,2017.0,Jaguars,veteran,1.0
Jalen Guyton,WR,Chargers,2019.0,1.0,0.136,0.136,0.0,0.001,2019.0,Cowboys,rookie,0.0
DaMarkus Lodge,WR,Bengals,2019.0,1.0,0.136,0.136,0.0,0.001,2019.0,Buccaneers,rookie,0.0
Kalif Raymond,WR,Titans,2019.0,1.0,0.136,0.136,0.0,0.001,2016.0,Broncos,veteran,3.0
Quincy Adeboyejo,WR,Patriots,2019.0,1.0,0.136,0.136,0.0,0.001,2017.0,Ravens,veteran,2.0
Darvin Kidsy,WR,Commanders,2019.0,1.0,0.136,0.136,0.0,0.001,2018.0,Commanders,veteran,1.0
J'Mon Moore,WR,Browns,2019.0,1.0,0.136,0.136,0.0,0.001,2018.0,Packers,veteran,1.0
Malik Henry,WR,49ers,2019.0,1.0,0.136,0.136,0.0,0.001,2019.0,,rookie,0.0
Jazz Ferguson,WR,Seahawks,2019.0,1.0,0.136,0.136,0.0,0.001,2019.0,Seahawks,rookie,0.0
Robert Davis,WR,Eagles,2019.0,1.0,0.136,0.136,0.0,0.001,2017.0,Commanders,veteran,2.0
Lil'Jordan Humphrey,WR,Saints,2019.0,1.0,0.136,0.136,0.0,0.001,2019.0,Saints,rookie,0.0
Marcell Ateman,WR,Raiders,2019.0,1.0,0.136,0.136,0.0,0.001,2018.0,Raiders,veteran,1.0
TJ Rahming,WR,Dolphins,2019.0,1.0,0.136,0.136,0.0,0.001,2019.0,Commanders,rookie,0.0
Anthony Johnson,WR,Chargers,2019.0,1.0,0.136,0.136,0.0,0.001,2019.0,Buccaneers,rookie,0.0
Spencer Schnell,WR,Buccaneers,2019.0,1.0,0.136,0.136,0.0,0.001,2019.0,Buccaneers,rookie,0.0
Trenton Irwin,WR,Bengals,2019.0,1.0,0.136,0.136,0.0,0.001,2019.0,Dolphins,rookie,0.0
Terry Godwin,WR,Jaguars,2019.0,1.0,0.136,0.136,0.0,0.001,2019.0,Panthers,rookie,0.0
Da'Mari Scott,WR,Giants,2019.0,1.0,0.136,0.136,0.0,0.001,2018.0,Browns,veteran,1.0
Ventell Bryant,WR,Cowboys,2019.0,1.0,0.136,0.136,0.0,0.001,2019.0,Bengals,rookie,0.0
Kelvin McKnight,WR,Broncos,2019.0,1.0,0.136,0.136,0.0,0.001,2019.0,Broncos,rookie,0.0
Christian Blake,WR,Falcons,2019.0,1.0,0.136,0.136,0.0,0.001,2018.0,Falcons,veteran,1.0
Rashard Davis,WR,Titans,2019.0,1.0,0.136,0.136,0.0,0.001,2017.0,Eagles,veteran,2.0
Krishawn Hogan,WR,Saints,2019.0,1.0,0.136,0.136,0.0,0.001,2017.0,Cardinals,veteran,2.0
Cedrick Wilson Jr.,WR,Cowboys,2019.0,1.0,0.136,0.136,0.0,0.001,2018.0,Cowboys,veteran,1.0
Anthony Ratliff-Williams,WR,Raiders,2019.0,1.0,0.136,0.136,0.0,0.001,2019.0,Titans,rookie,0.0
Victor Bolden,WR,Lions,2019.0,1.0,0.136,0.136,0.0,0.001,2017.0,49ers,veteran,2.0
Keon Hatcher,WR,Packers,2019.0,1.0,0.136,0.136,0.0,0.001,2017.0,Raiders,veteran,2.0
Chris Thompson,WR,49ers,2019.0,1.0,0.136,0.136,0.0,0.001,2017.0,Texans,veteran,2.0
Damion Jeanpiere,WR,Panthers,2019.0,1.0,0.136,0.136,0.0,0.001,2019.0,Panthers,rookie,0.0
Saeed Blacknall,WR,Cardinals,2019.0,1.0,0.136,0.136,0.0,0.001,2018.0,Raiders,veteran,1.0
Artavis Scott,WR,Chargers,2019.0,1.0,0.136,0.136,0.0,0.001,2017.0,Chargers,veteran,2.0
Bug Howard,WR,Broncos,2019.0,1.0,0.136,0.136,0.0,0.001,2017.0,Colts,veteran,2.0
Sean Modster,WR,Ravens,2019.0,1.0,0.136,0.136,0.0,0.001,2019.0,Ravens,rookie,0.0
De'Mornay Pierson-El,WR,Raiders,2019.0,1.0,0.136,0.136,0.0,0.001,2018.0,Commanders,veteran,1.0
Antoine Wesley,WR,Ravens,2019.0,1.0,0.136,0.136,0.0,0.001,2019.0,Ravens,rookie,0.0
David Sills,WR,Giants,2019.0,1.0,0.136,0.136,0.0,0.001,2019.0,Bills,rookie,0.0
Tavonn Salter,WR,Falcons,2019.0,1.0,0.136,0.136,0.0,0.001,2019.0,Falcons,rookie,0.0
Gehrig Dieter,WR,Chiefs,2019.0,1.0,0.136,0.136,0.0,0.001,2017.0,Chiefs,veteran,2.0
Reggie White,WR,Giants,2019.0,1.0,0.136,0.136,0.0,0.001,2019.0,Giants,rookie,0.0
Devin Gray,WR,Falcons,2019.0,1.0,0.136,0.136,0.0,0.001,2018.0,Falcons,veteran,1.0
Byron Pringle,WR,Chiefs,2019.0,1.0,0.136,0.136,0.0,0.001,2018.0,Chiefs,veteran,1.0
Alexander Hollins,WR,Vikings,2019.0,1.0,0.136,0.136,0.0,0.001,2019.0,Vikings,rookie,0.0
Emanuel Hall,WR,Buccaneers,2019.0,1.0,0.136,0.136,0.0,0.001,2019.0,Bears,rookie,0.0
Jehu Chesson,WR,Commanders,2019.0,1.0,0.136,0.136,0.0,0.001,2017.0,Chiefs,veteran,2.0
Jaydon Mickens,WR,Buccaneers,2019.0,1.0,0.136,0.136,0.0,0.001,2016.0,Raiders,veteran,3.0
Cody Thompson,WR,Seahawks,2019.0,1.0,0.136,0.136,0.0,0.001,2019.0,Chiefs,rookie,0.0
Terry Wright,WR,Dolphins,2019.0,1.0,0.136,0.136,0.0,0.001,2019.0,Seahawks,rookie,0.0
Darrius Shepherd,WR,Packers,2019.0,1.0,0.136,0.136,0.0,0.001,2019.0,Packers,rookie,0.0
Brandon Powell,WR,Falcons,2019.0,1.0,0.136,0.136,0.0,0.001,2018.0,Lions,veteran,1.0
Trevion Thompson,WR,Titans,2019.0,1.0,0.136,0.136,0.0,0.001,2019.0,Chargers,rookie,0.0
Ashton Dulin,WR,Colts,2019.0,1.0,0.136,0.136,0.0,0.001,2019.0,Colts,rookie,0.0
Michael Walker,WR,Jaguars,2019.0,1.0,0.136,0.136,0.0,0.001,2019.0,Jaguars,rookie,0.0
C.J. Board,WR,Jaguars,2019.0,1.0,0.136,0.136,0.0,0.001,2017.0,Ravens,veteran,2.0
Alex Wesley,WR,Bears,2019.0,1.0,0.136,0.136,0.0,0.001,2019.0,Giants,rookie,0.0
Tevin Jones,WR,Cowboys,2019.0,1.0,0.136,0.136,0.0,0.001,2016.0,Texans,veteran,3.0
Cody Hollister,WR,Titans,2019.0,1.0,0.136,0.136,0.0,0.001,2017.0,Patriots,veteran,2.0
Jamal Custis,WR,Steelers,2019.0,1.0,0.136,0.136,0.0,0.001,2019.0,Chiefs,rookie,0.0
Papi White,WR,Titans,2019.0,1.0,0.136,0.136,0.0,0.001,2019.0,Jaguars,rookie,0.0
Jester Weah,WR,Commanders,2019.0,1.0,0.136,0.136,0.0,0.001,2018.0,Texans,veteran,1.0
Tyron Johnson,WR,Texans,2019.0,1.0,0.136,0.136,0.0,0.001,2019.0,Texans,rookie,0.0
Jonathan Duhart,WR,Lions,2019.0,1.0,0.136,0.136,0.0,0.001,2019.0,Lions,rookie,0.0
Kabion Ento,WR,Packers,2019.0,1.0,0.136,0.136,0.0,0.001,2019.0,Packers,rookie,0.0
Allen Lazard,WR,Packers,2019.0,1.0,0.136,0.136,0.0,0.001,2018.0,Jaguars,veteran,1.0
Marvin Hall,WR,Lions,2019.0,1.0,0.136,0.136,0.0,0.001,2016.0,Raiders,veteran,3.0
Greg Dortch,WR,Panthers,2019.0,1.0,0.136,0.136,0.0,0.001,2019.0,Jets,rookie,0.0
Malik Taylor,WR,Packers,2019.0,1.0,0.136,0.136,0.0,0.001,2019.0,Buccaneers,rookie,0.0
Josh Smith,WR,Titans,2019.0,1.0,0.136,0.136,0.0,0.001,2018.0,Saints,veteran,1.0
Jason Moore,WR,Chargers,2019.0,1.0,0.136,0.136,0.0,0.001,2019.0,Chargers,rookie,0.0
Andre Patton,WR,Chargers,2019.0,1.0,0.136,0.136,0.0,0.001,2017.0,Chargers,veteran,2.0
Braxton Miller,WR,Panthers,2019.0,1.0,0.136,0.136,0.0,0.001,2016.0,Texans,veteran,3.0
Andy Jones,WR,Dolphins,2019.0,1.0,0.136,0.136,0.0,0.001,2016.0,Cowboys,veteran,3.0
Penny Hart,WR,Seahawks,2019.0,1.0,0.136,0.136,0.0,0.001,2019.0,Colts,rookie,0.0
A.J. Richardson,WR,Cardinals,2019.0,1.0,0.136,0.136,0.0,0.001,2019.0,Cardinals,rookie,0.0
Isaiah Ford,WR,Dolphins,2019.0,1.0,0.136,0.136,0.0,0.001,2017.0,Dolphins,veteran,2.0
Bobo Wilson,WR,Panthers,2019.0,1.0,0.136,0.136,0.0,0.001,2017.0,Buccaneers,veteran,2.0
Reggie Davis,WR,Bears,2019.0,1.0,0.136,0.136,0.0,0.001,2017.0,Falcons,veteran,2.0
Nick Easley,WR,Bills,2019.0,1.0,0.136,0.136,0.0,0.001,2019.0,Bills,rookie,0.0
Cyril Grayson,WR,Cowboys,2019.0,1.0,0.136,0.136,0.0,0.001,2016.0,Seahawks,veteran,3.0
Amara Darboh,WR,Steelers,2019.0,1.0,0.136,0.136,0.0,0.001,2017.0,Seahawks,veteran,2.0
Quadree Henderson,WR,Steelers,2019.0,1.0,0.136,0.136,0.0,0.001,2018.0,Steelers,veteran,1.0
Duke Williams,WR,Bills,2019.0,1.0,0.136,0.136,0.0,0.001,2016.0,Rams,veteran,3.0
Dillon Mitchell,WR,Vikings,2019.0,1.0,0.136,0.136,0.0,0.001,2019.0,Vikings,rookie,0.0
Johnnie Dixon,WR,Cardinals,2019.0,1.0,0.136,0.136,0.0,0.001,2019.0,Texans,rookie,0.0
Cam Sims,WR,Commanders,2019.0,1.0,0.136,0.136,0.0,0.001,2018.0,Commanders,veteran,1.0
Jordan Veasy,WR,Bills,2019.0,1.0,0.136,0.136,0.0,0.001,2018.0,Titans,veteran,1.0
Moritz Boehringer,WR,Bengals,2019.0,1.0,0.136,0.136,0.0,0.001,2016.0,Vikings,veteran,3.0
Davion Davis,WR,Vikings,2019.0,1.0,0.136,0.136,0.0,0.001,2019.0,Vikings,rookie,0.0
Ray-Ray McCloud,WR,Bills,2019.0,1.0,0.136,0.136,0.0,0.001,2018.0,Bills,veteran,1.0
Nsimba Webster,WR,Rams,2019.0,1.0,0.136,0.136,0.0,0.001,2019.0,Rams,rookie,0.0
Marcus Green,WR,Eagles,2019.0,1.0,0.136,0.136,0.0,0.001,2019.0,Falcons,rookie,0.0
Devin Ross,WR,Patriots,2019.0,1.0,0.136,0.136,0.0,0.001,2018.0,Titans,veteran,1.0
Johnny Holton,WR,Steelers,2019.0,1.0,0.136,0.136,0.0,0.001,2016.0,Raiders,veteran,3.0
Chad Hansen,WR,Texans,2019.0,1.0,0.136,0.136,0.0,0.001,2017.0,Jets,veteran,2.0
Damion Willis,WR,Bengals,2019.0,1.0,0.136,0.136,0.0,0.001,2019.0,Bengals,rookie,0.0
Thomas Ives,WR,Bears,2019.0,1.0,0.136,0.136,0.0,0.001,2019.0,Bears,rookie,0.0
Marken Michel,WR,Eagles,2019.0,1.0,0.136,0.136,0.0,0.001,2016.0,Vikings,veteran,3.0
Chad Williams,WR,Colts,2019.0,1.0,0.136,0.136,0.0,0.001,2017.0,Cardinals,veteran,2.0
DeAndrew White,WR,Panthers,2019.0,1.0,0.136,0.136,0.0,0.001,2015.0,,veteran,4.0
Tom Kennedy,WR,Lions,2019.0,1.0,0.136,0.136,0.0,0.001,2019.0,Lions,rookie,0.0
Shelton Gibson,WR,Browns,2019.0,1.0,0.136,0.136,0.0,0.001,2017.0,Eagles,veteran,2.0
Trinity Benson,WR,Broncos,2019.0,1.0,0.136,0.136,0.0,0.001,2019.0,Broncos,rookie,0.0
Derrick Willies,WR,Browns,2019.0,1.0,0.136,0.136,0.0,0.001,2018.0,Browns,veteran,1.0
Ishmael Hyman,WR,Buccaneers,2019.0,1.0,0.136,0.136,0.0,0.001,2019.0,Browns,rookie,0.0
Alex Bachman,WR,Giants,2019.0,1.0,0.136,0.136,0.0,0.001,2019.0,Rams,rookie,0.0
Deontay Burnett,WR,49ers,2019.0,1.0,0.136,0.136,0.0,0.001,2018.0,Titans,veteran,1.0
Chris Lacy,WR,Lions,2019.0,1.0,0.136,0.136,0.0,0.001,2018.0,Patriots,veteran,1.0
Stanley Morgan,WR,Bengals,2019.0,1.0,0.136,0.136,0.0,0.001,2019.0,Bengals,rookie,0.0
Deon Cain,WR,Colts,2019.0,1.0,0.136,0.136,0.0,0.001,2018.0,Colts,veteran,1.0
Aaron Parker,WR,Cowboys,2020.0,1.0,0.1428,0.1428,0.0,0.001,2020.0,Cowboys,rookie,0.0
Deon Cain,WR,Steelers,2020.0,1.0,0.1428,0.1428,0.0,0.001,2018.0,Colts,veteran,2.0
Tanner Gentry,WR,Bills,2020.0,1.0,0.1428,0.1428,0.0,0.001,2017.0,Bears,veteran,3.0
Jon'Vea Johnson,WR,Cowboys,2020.0,1.0,0.1428,0.1428,0.0,0.001,2019.0,Cowboys,veteran,1.0
Travis Fulgham,WR,Eagles,2020.0,1.0,0.1428,0.1428,0.0,0.001,2019.0,Lions,veteran,1.0
Deontay Burnett,WR,Eagles,2020.0,1.0,0.1428,0.1428,0.0,0.001,2018.0,Titans,veteran,2.0
D.J. Montgomery,WR,Jets,2020.0,1.0,0.1428,0.1428,0.0,0.001,2019.0,Browns,veteran,1.0
Darvin Kidsy,WR,Seahawks,2020.0,1.0,0.1428,0.1428,0.0,0.001,2018.0,Commanders,veteran,2.0
Trinity Benson,WR,Broncos,2020.0,1.0,0.1428,0.1428,0.0,0.001,2019.0,Broncos,veteran,1.0
Cody Hollister,WR,Titans,2020.0,1.0,0.1428,0.1428,0.0,0.001,2017.0,Patriots,veteran,3.0
Travis Jonsen,WR,Buccaneers,2020.0,1.0,0.1428,0.1428,0.0,0.001,2020.0,Buccaneers,rookie,0.0
Jake Lampman,WR,Saints,2020.0,1.0,0.1428,0.1428,0.0,0.001,2016.0,Saints,veteran,4.0
Ja'Marcus Bradley,WR,Browns,2020.0,1.0,0.1428,0.1428,0.0,0.001,2020.0,Browns,rookie,0.0
Aaron Fuller,WR,Seahawks,2020.0,1.0,0.1428,0.1428,0.0,0.001,2020.0,Seahawks,rookie,0.0
Artavis Scott,WR,Texans,2020.0,1.0,0.1428,0.1428,0.0,0.001,2017.0,Chargers,veteran,3.0
Tom Kennedy,WR,Lions,2020.0,1.0,0.1428,0.1428,0.0,0.001,2019.0,Lions,veteran,1.0
River Cracraft,WR,49ers,2020.0,1.0,0.1428,0.1428,0.0,0.001,2017.0,Broncos,veteran,3.0
Tyler Gaffney,WR,49ers,2020.0,1.0,0.1428,0.1428,0.0,0.001,2014.0,Panthers,veteran,6.0
Jauan Jennings,WR,49ers,2020.0,1.0,0.1428,0.1428,0.0,0.001,2020.0,49ers,rookie,0.0
Victor Bolden,WR,Lions,2020.0,1.0,0.1428,0.1428,0.0,0.001,2017.0,49ers,veteran,3.0
Derrick Willies,WR,Browns,2020.0,1.0,0.1428,0.1428,0.0,0.001,2018.0,Browns,veteran,2.0
Robert Davis,WR,Raiders,2020.0,1.0,0.1428,0.1428,0.0,0.001,2017.0,Commanders,veteran,3.0
Josh Malone,WR,Jets,2020.0,1.0,0.1428,0.1428,0.0,0.001,2017.0,Bengals,veteran,3.0
John Ursua,WR,Seahawks,2020.0,1.0,0.1428,0.1428,0.0,0.001,2019.0,Seahawks,veteran,1.0
Duke Williams,WR,Bills,2020.0,1.0,0.1428,0.1428,0.0,0.001,2016.0,Rams,veteran,4.0
Isaiah Zuber,WR,Patriots,2020.0,1.0,0.1428,0.1428,0.0,0.001,2020.0,Patriots,rookie,0.0
Ishmael Hyman,WR,Panthers,2020.0,1.0,0.1428,0.1428,0.0,0.001,2019.0,Browns,veteran,1.0
Jason Moore,WR,Chargers,2020.0,1.0,0.1428,0.1428,0.0,0.001,2019.0,Chargers,veteran,1.0
Devin Ross,WR,Patriots,2020.0,1.0,0.1428,0.1428,0.0,0.001,2018.0,Titans,veteran,2.0
Jaleel Scott,WR,Jets,2020.0,1.0,0.1428,0.1428,0.0,0.001,2018.0,Ravens,veteran,2.0
Anthony Johnson,WR,Steelers,2020.0,1.0,0.1428,0.1428,0.0,0.001,2019.0,Buccaneers,veteran,1.0
Rodney Adams,WR,Bears,2020.0,1.0,0.1428,0.1428,0.0,0.001,2017.0,Vikings,veteran,3.0
Robert Foster,WR,Packers,2020.0,1.0,0.1428,0.1428,0.0,0.001,2018.0,Bills,veteran,2.0
Alexander Hollins,WR,Vikings,2020.0,1.0,0.1428,0.1428,0.0,0.001,2019.0,Vikings,veteran,1.0
Krishawn Hogan,WR,Colts,2020.0,1.0,0.1428,0.1428,0.0,0.001,2017.0,Cardinals,veteran,3.0
Lil'Jordan Humphrey,WR,Saints,2020.0,1.0,0.1428,0.1428,0.0,0.001,2019.0,Saints,veteran,1.0
Marcus Johnson,WR,Titans,2020.0,1.0,0.1428,0.1428,0.0,0.001,2016.0,Eagles,veteran,4.0
J'Mon Moore,WR,Texans,2020.0,1.0,0.1428,0.1428,0.0,0.001,2018.0,Packers,veteran,2.0
Scotty Washington,WR,Bengals,2020.0,1.0,0.1428,0.1428,0.0,0.001,2020.0,Bengals,rookie,0.0
Lawrence Cager,WR,Jets,2020.0,1.0,0.1428,0.1428,0.0,0.001,2020.0,Jets,rookie,0.0
Stanley Morgan,WR,Bengals,2020.0,1.0,0.1428,0.1428,0.0,0.001,2019.0,Bengals,veteran,1.0
Binjimen Victor,WR,Giants,2020.0,1.0,0.1428,0.1428,0.0,0.001,2020.0,Giants,rookie,0.0
Trenton Irwin,WR,Bengals,2020.0,1.0,0.1428,0.1428,0.0,0.001,2019.0,Dolphins,veteran,1.0
Marcus Green,WR,Eagles,2020.0,1.0,0.1428,0.1428,0.0,0.001,2019.0,Falcons,veteran,1.0
Thomas Ives,WR,Bears,2020.0,1.0,0.1428,0.1428,0.0,0.001,2019.0,Bears,veteran,1.0
Jesper Horsted,WR,Bears,2020.0,1.0,0.1428,0.1428,0.0,0.001,2019.0,Bears,veteran,1.0
Cody White,WR,Steelers,2020.0,1.0,0.1428,0.1428,0.0,0.001,2020.0,Chiefs,rookie,0.0
Reggie Davis,WR,Bears,2020.0,1.0,0.1428,0.1428,0.0,0.001,2017.0,Falcons,veteran,3.0
Reggie Begelton,WR,Packers,2020.0,1.0,0.1428,0.1428,0.0,0.001,2020.0,Packers,rookie,0.0
Austin Mack,WR,Giants,2020.0,1.0,0.1428,0.1428,0.0,0.001,2020.0,Giants,rookie,0.0
Lance Lenoir,WR,Seahawks,2020.0,1.0,0.1428,0.1428,0.0,0.001,2017.0,Cowboys,veteran,3.0
Shelton Gibson,WR,Commanders,2020.0,1.0,0.1428,0.1428,0.0,0.001,2017.0,Eagles,veteran,3.0
Jake Kumerow,WR,Bills,2020.0,1.0,0.1428,0.1428,0.0,0.001,2015.0,Bengals,veteran,5.0
Tyron Johnson,WR,Chargers,2020.0,1.0,0.1428,0.1428,0.0,0.001,2019.0,Texans,veteran,1.0
Jeff Cotton,WR,Chargers,2020.0,1.0,0.1428,0.1428,0.0,0.001,2020.0,Chargers,rookie,0.0
Gary Jennings Jr.,WR,Bills,2020.0,1.0,0.1428,0.1428,0.0,0.001,2019.0,Seahawks,veteran,1.0
Trey Quinn,WR,Jaguars,2020.0,1.0,0.1428,0.1428,0.0,0.001,2018.0,Commanders,veteran,2.0
John Hurst,WR,Buccaneers,2020.0,1.0,0.1428,0.1428,0.0,0.001,2020.0,Buccaneers,rookie,0.0
Keelan Doss,WR,Raiders,2020.0,1.0,0.1428,0.1428,0.0,0.001,2019.0,Raiders,veteran,1.0
Greg Dortch,WR,Falcons,2020.0,1.0,0.1428,0.1428,0.0,0.001,2019.0,Jets,veteran,1.0
Marcell Ateman,WR,Raiders,2020.0,1.0,0.1428,0.1428,0.0,0.001,2018.0,Raiders,veteran,2.0
Kalija Lipscomb,WR,Chiefs,2020.0,1.0,0.1428,0.1428,0.0,0.001,2020.0,Chiefs,rookie,0.0
Rashard Davis,WR,Titans,2020.0,1.0,0.1428,0.1428,0.0,0.001,2017.0,Eagles,veteran,3.0
Jody Fortson,WR,Chiefs,2020.0,1.0,0.1428,0.1428,0.0,0.001,2019.0,Chiefs,veteran,1.0
Maurice Ffrench,WR,Chiefs,2020.0,1.0,0.1428,0.1428,0.0,0.001,2020.0,Chiefs,rookie,0.0
Shawn Poindexter,WR,49ers,2020.0,1.0,0.1428,0.1428,0.0,0.001,2019.0,,veteran,1.0
A.J. Richardson,WR,Cardinals,2020.0,1.0,0.1428,0.1428,0.0,0.001,2019.0,Cardinals,veteran,1.0
Amara Darboh,WR,Panthers,2020.0,1.0,0.1428,0.1428,0.0,0.001,2017.0,Seahawks,veteran,3.0
Tony Brown,WR,Commanders,2020.0,1.0,0.1428,0.1428,0.0,0.001,2020.0,Browns,rookie,0.0
Cameron Batson,WR,Titans,2020.0,1.0,0.1428,0.1428,0.0,0.001,2018.0,Titans,veteran,2.0
Jaylon Moore,WR,Ravens,2020.0,1.0,0.1428,0.1428,0.0,0.001,2020.0,Ravens,rookie,0.0
Bug Howard,WR,Jaguars,2020.0,1.0,0.1428,0.1428,0.0,0.001,2017.0,Colts,veteran,3.0
Isaiah Ford,WR,Dolphins,2020.0,1.0,0.1428,0.1428,0.0,0.001,2017.0,Dolphins,veteran,3.0
Ventell Bryant,WR,Panthers,2020.0,1.0,0.1428,0.1428,0.0,0.001,2019.0,Bengals,veteran,1.0
Matt Cole,WR,Dolphins,2020.0,1.0,0.1428,0.1428,0.0,0.001,2020.0,Dolphins,rookie,0.0
Chris Rowland,WR,Falcons,2020.0,1.0,0.1428,0.1428,0.0,0.001,2020.0,Falcons,rookie,0.0
Chris Finke,WR,49ers,2020.0,1.0,0.1428,0.1428,0.0,0.001,2020.0,49ers,rookie,0.0
Devin Gray,WR,Falcons,2020.0,1.0,0.1428,0.1428,0.0,0.001,2018.0,Falcons,veteran,2.0
Antonio Callaway,WR,Dolphins,2020.0,1.0,0.1428,0.1428,0.0,0.001,2018.0,Browns,veteran,2.0
Kristian Wilkerson,WR,Patriots,2020.0,1.0,0.1428,0.1428,0.0,0.001,2020.0,Titans,rookie,0.0
J.J. Koski,WR,Rams,2020.0,1.0,0.1428,0.1428,0.0,0.001,2020.0,Rams,rookie,0.0
JoJo Ward,WR,Cardinals,2020.0,1.0,0.1428,0.1428,0.0,0.001,2020.0,Cardinals,rookie,0.0
Gehrig Dieter,WR,Chiefs,2020.0,1.0,0.1428,0.1428,0.0,0.001,2017.0,Chiefs,veteran,3.0
Juwan Green,WR,Falcons,2020.0,1.0,0.1428,0.1428,0.0,0.001,2020.0,Falcons,rookie,0.0
Chad Williams,WR,Chiefs,2020.0,1.0,0.1428,0.1428,0.0,0.001,2017.0,Cardinals,veteran,3.0
Derrick Dillon,WR,Giants,2020.0,1.0,0.1428,0.1428,0.0,0.001,2020.0,Giants,rookie,0.0
Cam Sims,WR,Commanders,2020.0,1.0,0.1428,0.1428,0.0,0.001,2018.0,Commanders,veteran,2.0
Chad Hansen,WR,Texans,2020.0,1.0,0.1428,0.1428,0.0,0.001,2017.0,Jets,veteran,3.0
Andre Patton,WR,Dolphins,2020.0,1.0,0.1428,0.1428,0.0,0.001,2017.0,Chargers,veteran,3.0
De'Mornay Pierson-El,WR,Raiders,2020.0,1.0,0.1428,0.1428,0.0,0.001,2018.0,Commanders,veteran,2.0
Caleb Scott,WR,Packers,2020.0,1.0,0.1428,0.1428,0.0,0.001,2018.0,Seahawks,veteran,2.0
Chris Lacy,WR,Cowboys,2020.0,1.0,0.1428,0.1428,0.0,0.001,2018.0,Patriots,veteran,2.0
Darrius Shepherd,WR,Packers,2020.0,1.0,0.1428,0.1428,0.0,0.001,2019.0,Packers,veteran,1.0
Damion Willis,WR,Jaguars,2020.0,1.0,0.1428,0.1428,0.0,0.001,2019.0,Bengals,veteran,1.0
Cody Thompson,WR,Seahawks,2020.0,1.0,0.1428,0.1428,0.0,0.001,2019.0,Chiefs,veteran,1.0
Josh Pearson,WR,Buccaneers,2020.0,1.0,0.1428,0.1428,0.0,0.001,2020.0,Buccaneers,rookie,0.0
Steven Mitchell,WR,Texans,2020.0,1.0,0.1428,0.1428,0.0,0.001,2018.0,Rams,veteran,2.0
Malik Henry,WR,Saints,2020.0,1.0,0.1428,0.1428,0.0,0.001,2019.0,,veteran,1.0
Isaac Whitney,WR,Buccaneers,2020.0,1.0,0.1428,0.1428,0.0,0.001,2017.0,Raiders,veteran,3.0
Jeff Badet,WR,Commanders,2020.0,1.0,0.1428,0.1428,0.0,0.001,2018.0,Vikings,veteran,2.0
Josh Hammond,WR,Jaguars,2020.0,1.0,0.1428,0.1428,0.0,0.001,2020.0,Jaguars,rookie,0.0
Terry Godwin,WR,Jaguars,2020.0,1.0,0.1428,0.1428,0.0,0.001,2019.0,Panthers,veteran,1.0
Penny Hart,WR,Seahawks,2020.0,1.0,0.1428,0.1428,0.0,0.001,2019.0,Colts,veteran,1.0
Cyril Grayson,WR,Buccaneers,2020.0,1.0,0.1428,0.1428,0.0,0.001,2016.0,Seahawks,veteran,4.0
Tyler Simmons,WR,Texans,2020.0,1.0,0.1428,0.1428,0.0,0.001,2020.0,Texans,rookie,0.0
Damion Ratley,WR,Texans,2020.0,1.0,0.1428,0.1428,0.0,0.001,2018.0,Browns,veteran,2.0
Jaydon Mickens,WR,Buccaneers,2020.0,1.0,0.1428,0.1428,0.0,0.001,2016.0,Raiders,veteran,4.0
Nick Westbrook-Ikhine,WR,Titans,2020.0,1.0,0.1428,0.1428,0.0,0.001,2020.0,Titans,rookie,0.0
Manasseh Bailey,WR,Chargers,2020.0,1.0,0.1428,0.1428,0.0,0.001,2020.0,Eagles,rookie,0.0
Mason Kinsey,WR,Patriots,2020.0,1.0,0.1428,0.1428,0.0,0.001,2020.0,Titans,rookie,0.0
De'Michael Harris,WR,Colts,2020.0,1.0,0.1428,0.1428,0.0,0.001,2020.0,Colts,rookie,0.0
Kendall Hinton,WR,Broncos,2020.0,1.0,0.1428,0.1428,0.0,0.001,2020.0,Broncos,rookie,0.0
Danny Amendola,WR,Eagles,2009.0,1.0,0.0884,0.0884,0.0,0.001,2008.0,Cowboys,veteran,1.0
Marcus Kemp,WR,Chiefs,2020.0,1.0,0.140506,0.140506,0.0,0.001,2017.0,Chiefs,veteran,3.0
Walt Powell,WR,Jaguars,2018.0,1.0,0.1224,0.1224,0.0,0.001,2014.0,Cardinals,veteran,4.0
Alex Bachman,WR,Giants,2020.0,1.0,0.136682,0.136682,0.0,0.001,2019.0,Rams,veteran,1.0
Daurice Fountain,WR,Colts,2020.0,1.0,0.106906,0.106906,0.0,0.001,2018.0,Colts,veteran,2.0
Tim Benford,WR,Cowboys,2012.0,2.0,0.93,0.465,0.0,0.0,2012.0,Cowboys,rookie,0.0
Dan Buckner,WR,Cardinals,2013.0,2.0,0.93,0.465,0.0,0.0,2013.0,Cardinals,rookie,0.0
Alex Gillett,WR,Packers,2013.0,2.0,0.93,0.465,0.0,0.0,2013.0,Packers,rookie,0.0
Brandon Kaufman,WR,Bills,2013.0,2.0,0.93,0.465,0.0,0.0,2013.0,Bills,rookie,0.0
Charles Hawkins,WR,Saints,2013.0,2.0,0.93,0.465,0.0,0.0,2013.0,Cardinals,rookie,0.0
Lamont Bryant,WR,Titans,2012.0,2.0,0.93,0.465,0.0,0.0,2012.0,Panthers,rookie,0.0
Dominique Croom,WR,Falcons,2013.0,2.0,0.93,0.465,0.0,0.0,2013.0,Browns,rookie,0.0
Chad Bumphis,WR,Jaguars,2013.0,2.0,0.93,0.465,0.0,0.0,2013.0,Dolphins,rookie,0.0
Terrence Toliver,WR,Bears,2011.0,2.0,0.93,0.465,0.0,0.0,2011.0,Texans,rookie,0.0
Andy Tanner,WR,Saints,2010.0,2.0,0.93,0.465,0.0,0.0,2010.0,Saints,rookie,0.0
Chris Summers,WR,Bills,2012.0,2.0,0.93,0.465,0.0,0.0,2012.0,Bears,rookie,0.0
Solomon Patton,WR,Broncos,2014.0,2.0,0.93,0.465,0.0,0.0,2014.0,Buccaneers,rookie,0.0
Isaiah Williams,WR,Titans,2009.0,2.0,0.93,0.465,0.0,0.0,2009.0,Ravens,rookie,0.0
Arceto Clark,WR,Seahawks,2013.0,2.0,0.93,0.465,0.0,0.0,2013.0,Seahawks,rookie,0.0
Robert Meachem,WR,Saints,2007.0,1.0,0.855,0.855,0.0,0.0,2007.0,Saints,rookie,0.0
Derek Hagan,WR,Titans,2006.0,1.0,0.855,0.855,0.0,0.0,2006.0,Dolphins,rookie,0.0
Derek Moye,WR,Titans,2012.0,2.0,0.9,0.45,0.0,0.0,2012.0,Dolphins,rookie,0.0
Skye Dawson,WR,Lions,2013.0,2.0,1.11,0.555,0.0,0.0,2013.0,Commanders,rookie,0.0
Kamar Jorden,WR,Vikings,2012.0,2.0,0.93,0.465,0.0,0.0,2012.0,Vikings,rookie,0.0
Chris Givens,WR,Saints,2012.0,3.0,1.4425,0.480833,0.0025,0.0,2012.0,Saints,rookie,0.0
Lamaar Thomas,WR,Jaguars,2013.0,2.0,0.9,0.45,0.0,0.0,2013.0,Broncos,rookie,0.0
Michael Campbell,WR,Jets,2011.0,1.0,0.495,0.495,0.0,0.0,2011.0,Jets,rookie,0.0
Tori Gurley,WR,Bills,2011.0,1.0,0.495,0.495,0.0,0.0,2011.0,Packers,rookie,0.0
Sederrik Cunningham,WR,Packers,2013.0,3.0,1.485,0.495,0.0,0.0,2013.0,Packers,rookie,0.0
R.J. Webb,WR,Panthers,2013.0,3.0,1.485,0.495,0.0,0.0,2013.0,Panthers,rookie,0.0
Domenik Hixon,WR,Bears,2006.0,1.0,0.83,0.83,0.0,0.0,2006.0,Broncos,rookie,0.0
Nathan Slaughter,WR,Cardinals,2014.0,2.0,0.96,0.48,0.0,0.0,2014.0,Texans,rookie,0.0
Ryan Lankford,WR,Colts,2014.0,2.0,0.96,0.48,0.0,0.0,2014.0,Dolphins,rookie,0.0
Gerell Robinson,WR,Dolphins,2012.0,2.0,0.93,0.465,0.0,0.0,2012.0,Broncos,rookie,0.0
Emory Blake,WR,Rams,2013.0,2.0,0.96,0.48,0.0,0.0,2013.0,Rams,rookie,0.0
Colin Lockett,WR,Commanders,2014.0,2.0,0.96,0.48,0.0,0.0,2014.0,Bengals,rookie,0.0
Chandler Jones,WR,Buccaneers,2014.0,2.0,0.96,0.48,0.0,0.0,2014.0,Browns,rookie,0.0
Chris Boyd,WR,Cowboys,2014.0,2.0,0.96,0.48,0.0,0.0,2014.0,Cowboys,rookie,0.0
Reggie Dunn,WR,Cowboys,2013.0,2.0,0.96,0.48,0.0,0.0,2013.0,Steelers,rookie,0.0
Eric Ward,WR,Bengals,2014.0,2.0,0.96,0.48,0.0,0.0,2014.0,Titans,rookie,0.0
Tyler Rutenbeck,WR,Colts,2015.0,2.0,0.96,0.48,0.0,0.0,2015.0,Commanders,rookie,0.0
Andrew Peacock,WR,Lions,2014.0,2.0,0.96,0.48,0.0,0.0,2014.0,Lions,rookie,0.0
Jerry Rice,WR,49ers,1990.0,2.0,2.6,1.3,0.5,0.0,1985.0,,veteran,5.0
Brandon Carswell,WR,49ers,2012.0,2.0,0.9,0.45,0.0,0.0,2012.0,Raiders,rookie,0.0
Michael Preston,WR,Dolphins,2011.0,1.0,0.585,0.585,0.0,0.0,2011.0,Titans,rookie,0.0
Kassim Osgood,WR,49ers,2003.0,1.0,0.955,0.955,0.0,0.0,2003.0,Chargers,rookie,0.0
Josh Cribbs,WR,Colts,2005.0,1.0,0.97,0.97,0.0,0.0,2005.0,Browns,rookie,0.0
Plaxico Burress,WR,Steelers,2000.0,1.0,1.005,1.005,0.065,0.0,2000.0,Steelers,rookie,0.0
Brandon Lloyd,WR,49ers,2003.0,1.0,1.005,1.005,0.0,0.0,2003.0,,rookie,0.0
Tiquan Underwood,WR,Panthers,2009.0,2.0,2.1,1.05,0.3,0.0,2009.0,Jaguars,rookie,0.0
Brad Smith,WR,Eagles,2006.0,1.0,1.15,1.15,0.45,0.0,2006.0,Jets,rookie,0.0
Armon Binns,WR,Chiefs,2011.0,2.0,1.11,0.555,0.0,0.0,2011.0,Jaguars,rookie,0.0
Justin Veltung,WR,Rams,2013.0,1.0,0.495,0.495,0.0,0.0,2013.0,Seahawks,rookie,0.0
Drew Davis,WR,Falcons,2011.0,1.0,0.57,0.57,0.0,0.0,2011.0,Falcons,rookie,0.0
Jerry Rice,WR,49ers,1985.0,5.0,1.885,0.377,0.525,0.0,1985.0,,rookie,0.0
Naaman Roosevelt,WR,Bills,2010.0,1.0,0.57,0.57,0.0,0.0,2010.0,Bills,rookie,0.0
David Gettis,WR,Buccaneers,2010.0,1.0,0.57,0.57,0.0,0.0,2010.0,Panthers,rookie,0.0
Taylor Price,WR,Seahawks,2010.0,1.0,0.57,0.57,0.0,0.0,2010.0,Patriots,rookie,0.0
Julian Talley,WR,Giants,2012.0,2.0,1.11,0.555,0.0,0.0,2012.0,Giants,rookie,0.0
Brandon Stokley,WR,Broncos,2007.0,1.0,1.5,0.0,0.0,0.0,1999.0,Ravens,veteran,8.0
Jeremy Ebert,WR,Patriots,2012.0,1.0,0.0969,0.0,0.0,0.0,2012.0,Patriots,rookie,0.0
Donteea Dye,WR,Buccaneers,2018.0,1.0,0.63,0.0,0.0,0.0,2015.0,Buccaneers,veteran,3.0
Tevin Reese,WR,Bengals,2014.0,1.0,0.1071,0.0,0.0,0.0,2014.0,Chargers,rookie,0.0
Ed McCaffrey,WR,Giants,1991.0,3.0,0.925,0.308333,0.16,0.0,1991.0,Giants,rookie,0.0
Vidal Hazelton,WR,Jets,2011.0,1.0,0.405,0.405,0.0,0.0,2011.0,Chargers,rookie,0.0
Zach D'Orazio,WR,Patriots,2015.0,1.0,0.435,0.435,0.0,0.0,2015.0,Patriots,rookie,0.0
Greg Orton,WR,Patriots,2009.0,1.0,0.42,0.42,0.0,0.0,2009.0,Bengals,rookie,0.0
Michael Rios,WR,Dolphins,2013.0,1.0,0.42,0.42,0.0,0.0,2013.0,Cardinals,rookie,0.0
Chris Williams,WR,Bears,2009.0,1.0,0.42,0.42,0.0,0.0,2009.0,Dolphins,rookie,0.0
Lanear Sampson,WR,Steelers,2013.0,1.0,0.42,0.42,0.0,0.0,2013.0,Colts,rookie,0.0
Eric Page,WR,Buccaneers,2012.0,1.0,0.405,0.405,0.0,0.0,2012.0,Broncos,rookie,0.0
Jerrell Jackson,WR,Chiefs,2012.0,1.0,0.42,0.42,0.0,0.0,2012.0,Texans,rookie,0.0
Cody Wilson,WR,Lions,2013.0,1.0,0.42,0.42,0.0,0.0,2013.0,Lions,rookie,0.0
Andy Cruse,WR,Vikings,2013.0,1.0,0.42,0.42,0.0,0.0,2013.0,Texans,rookie,0.0
Jasper Collins,WR,Bengals,2013.0,1.0,0.42,0.42,0.0,0.0,2013.0,Dolphins,rookie,0.0
T.J. Moe,WR,Rams,2013.0,1.0,0.42,0.42,0.0,0.0,2013.0,Patriots,rookie,0.0
Mark Harrison,WR,Chiefs,2013.0,1.0,0.42,0.42,0.0,0.0,2013.0,Bears,rookie,0.0
Royce Adams,WR,Browns,2012.0,1.0,0.42,0.42,0.0,0.0,2012.0,Jets,rookie,0.0
Cordell Roberson,WR,Bills,2013.0,3.0,1.485,0.495,0.0,0.0,2013.0,Browns,rookie,0.0
Will Murphy,WR,Eagles,2013.0,3.0,1.575,0.525,0.0,0.0,2013.0,Eagles,rookie,0.0
Kasey Closs,WR,Jaguars,2015.0,3.0,1.575,0.525,0.0,0.0,2015.0,Jaguars,rookie,0.0
Mario Hull,WR,49ers,2015.0,3.0,1.575,0.525,0.0,0.0,2015.0,,rookie,0.0
Jarred Haggins,WR,Lions,2015.0,3.0,1.575,0.525,0.0,0.0,2015.0,Lions,rookie,0.0
Quron Pratt,WR,Eagles,2014.0,3.0,1.575,0.525,0.0,0.0,2014.0,Eagles,rookie,0.0
Daniel Rodriguez,WR,Rams,2015.0,3.0,1.575,0.525,0.0,0.0,2015.0,Rams,rookie,0.0
Preston Parker,WR,Giants,2010.0,2.0,1.23,0.615,0.0,0.0,2010.0,Buccaneers,rookie,0.0
Kai De la Cruz,WR,Dolphins,2015.0,3.0,1.575,0.525,0.0,0.0,2015.0,Dolphins,rookie,0.0
Jeret Smith,WR,Chiefs,2015.0,3.0,1.575,0.525,0.0,0.0,2015.0,Chiefs,rookie,0.0
Da'Rick Rogers,WR,Chiefs,2013.0,2.0,1.26,0.63,0.0,0.0,2013.0,Bills,rookie,0.0
Ify Umodu,WR,Bears,2015.0,3.0,1.575,0.525,0.0,0.0,2015.0,Bears,rookie,0.0
Lestar Jean,WR,Vikings,2011.0,1.0,0.635,0.635,0.01,0.0,2011.0,Texans,rookie,0.0
Stephen Williams,WR,Dolphins,2010.0,1.0,0.645,0.645,0.0,0.0,2010.0,Cardinals,rookie,0.0
Jacoby Ford,WR,Titans,2010.0,1.0,0.66,0.66,0.0,0.0,2010.0,Raiders,rookie,0.0
Jeff Maehl,WR,Eagles,2011.0,1.0,0.66,0.66,0.0,0.0,2011.0,Texans,rookie,0.0
Dezmon Briscoe,WR,Cowboys,2010.0,2.0,1.39,0.695,0.0,0.0,2010.0,Bengals,rookie,0.0
David Reed,WR,49ers,2010.0,1.0,0.73,0.73,0.0,0.0,2010.0,Ravens,rookie,0.0
Ramses Barden,WR,Jaguars,2009.0,1.0,0.73,0.73,0.0,0.0,2009.0,Giants,rookie,0.0
Malcome Kennedy,WR,Saints,2015.0,3.0,1.575,0.525,0.0,0.0,2015.0,Saints,rookie,0.0
Brian Robiskie,WR,Titans,2009.0,1.0,0.73,0.73,0.0,0.0,2009.0,Browns,rookie,0.0
Jimmy Jean,WR,Patriots,2015.0,3.0,1.58,0.526667,0.005,0.0,2015.0,Patriots,rookie,0.0
Patrick Edwards,WR,Lions,2012.0,2.0,1.08,0.54,0.0,0.0,2012.0,Lions,rookie,0.0
Jerry Rice,WR,49ers,1992.0,3.0,5.75,1.916667,0.0,0.0,1985.0,,veteran,7.0
Greg Hardin,WR,Broncos,2014.0,4.0,1.53,0.51,0.0,0.0,2014.0,Broncos,rookie,0.0
Chase Minnifield,WR,Commanders,2012.0,2.0,1.08,0.54,0.0,0.0,2012.0,Commanders,rookie,0.0
Jamar Newsome,WR,Cowboys,2011.0,2.0,1.08,0.54,0.0,0.0,2011.0,Jaguars,rookie,0.0
Vernon Johnson,WR,Lions,2015.0,3.0,1.585,0.528333,0.01,0.0,2015.0,Lions,rookie,0.0
Donatella Luckett,WR,Chiefs,2015.0,3.0,1.585,0.528333,0.01,0.0,2015.0,Chiefs,rookie,0.0
Jerry Rice,WR,49ers,1988.0,3.0,4.37,1.456667,0.0,0.0,1985.0,,veteran,3.0
Josh Harper,WR,Raiders,2015.0,3.0,1.5825,0.5275,0.0075,0.0,2015.0,Raiders,rookie,0.0
Antwan Goodley,WR,Cowboys,2015.0,3.0,1.5825,0.5275,0.0075,0.0,2015.0,Cowboys,rookie,0.0
Adrian Coxson,WR,Packers,2015.0,3.0,1.58,0.526667,0.005,0.0,2015.0,Packers,rookie,0.0
Milton Williams,WR,Raiders,2015.0,3.0,1.575,0.525,0.0,0.0,2015.0,Raiders,rookie,0.0
Ricky Collins,WR,Packers,2015.0,3.0,1.58,0.526667,0.005,0.0,2015.0,Packers,rookie,0.0
Marquez Clark,WR,Falcons,2015.0,3.0,1.5785,0.526167,0.0035,0.0,2015.0,Falcons,rookie,0.0
Darius Davis,WR,49ers,2015.0,3.0,1.578,0.526,0.003,0.0,2015.0,,rookie,0.0
Tony Jones,WR,Commanders,2015.0,3.0,1.5775,0.525833,0.0025,0.0,2015.0,Commanders,rookie,0.0
Matt Miller,WR,Broncos,2015.0,3.0,1.5775,0.525833,0.0025,0.0,2015.0,Broncos,rookie,0.0
Ezell Ruffin,WR,Colts,2015.0,3.0,1.577,0.525667,0.002,0.0,2015.0,Colts,rookie,0.0
Demetrius Wilson,WR,Chargers,2015.0,3.0,1.5765,0.5255,0.0015,0.0,2015.0,Chargers,rookie,0.0
Quinton Dunbar,WR,Commanders,2015.0,3.0,1.576,0.525333,0.001,0.0,2015.0,Commanders,rookie,0.0
Bud Sasser,WR,Rams,2015.0,4.0,2.393736,0.598434,0.113736,0.0,2015.0,Rams,rookie,0.0
Leon Brown,WR,Ravens,2015.0,3.0,1.575,0.525,0.0,0.0,2015.0,Ravens,rookie,0.0
Micheal Spurlock,WR,Bears,2006.0,1.0,0.73,0.73,0.0,0.0,2006.0,Cardinals,rookie,0.0
Jerry Rice,WR,49ers,1993.0,3.0,6.675,2.225,1.9,0.0,1985.0,,veteran,8.0
Austin Franklin,WR,Rams,2014.0,4.0,1.53,0.51,0.0,0.0,2014.0,Rams,rookie,0.0
Tramaine Thompson,WR,Falcons,2014.0,4.0,1.53,0.51,0.0,0.0,2014.0,Falcons,rookie,0.0
D.J. Coles,WR,Raiders,2014.0,4.0,1.53,0.51,0.0,0.0,2014.0,Raiders,rookie,0.0
Mike Davis,WR,Raiders,2014.0,4.0,1.53,0.51,0.0,0.0,2014.0,Raiders,rookie,0.0
Kerry Taylor,WR,Broncos,2011.0,1.0,0.51,0.51,0.0,0.0,2011.0,Packers,rookie,0.0
Brelan Chancellor,WR,Chargers,2014.0,4.0,1.53,0.51,0.0,0.0,2014.0,Chargers,rookie,0.0
Micah Hatfield,WR,Chargers,2014.0,4.0,1.53,0.51,0.0,0.0,2014.0,Chargers,rookie,0.0
Kenny Shaw,WR,Raiders,2014.0,3.0,1.53,0.51,0.0,0.0,2014.0,Browns,rookie,0.0
Geraldo Boldewijn,WR,Falcons,2014.0,4.0,1.53,0.51,0.0,0.0,2014.0,Falcons,rookie,0.0
Jaz Reynolds,WR,Titans,2014.0,4.0,1.53,0.51,0.0,0.0,2014.0,Titans,rookie,0.0
Lee Doss,WR,Browns,2014.0,4.0,1.53,0.51,0.0,0.0,2014.0,Commanders,rookie,0.0
Cody Hoffman,WR,Commanders,2014.0,4.0,1.53,0.51,0.0,0.0,2014.0,Commanders,rookie,0.0
Mario Manningham,WR,Giants,2008.0,1.0,0.795,0.795,0.025,0.0,2008.0,Giants,rookie,0.0
Alec Lemon,WR,Ravens,2013.0,3.0,1.488,0.496,0.003,0.0,2013.0,Texans,rookie,0.0
Javone Lawson,WR,Cardinals,2013.0,3.0,1.488,0.496,0.003,0.0,2013.0,Cardinals,rookie,0.0
Julian Jones,WR,Falcons,2014.0,4.0,1.53,0.51,0.0,0.0,2014.0,Falcons,rookie,0.0
Josh Stewart,WR,Titans,2014.0,3.0,1.5375,0.5125,0.0075,0.0,2014.0,Titans,rookie,0.0
Greg Moore,WR,Colts,2014.0,3.0,1.53,0.51,0.0,0.0,2014.0,Colts,rookie,0.0
Lance Lewis,WR,Saints,2012.0,1.0,0.51,0.51,0.0,0.0,2012.0,Commanders,rookie,0.0
Eric Thomas,WR,Bills,2014.0,4.0,1.53,0.51,0.0,0.0,2014.0,Colts,rookie,0.0
Darryl Surgent,WR,Chiefs,2014.0,4.0,1.53,0.51,0.0,0.0,2014.0,Chiefs,rookie,0.0
Dwight Jones,WR,Jets,2012.0,3.0,1.53,0.51,0.0,0.0,2012.0,Texans,rookie,0.0
Rantavious Wooten,WR,Dolphins,2014.0,4.0,1.53,0.51,0.0,0.0,2014.0,Dolphins,rookie,0.0
Mike Brown,WR,Panthers,2012.0,1.0,0.585,0.585,0.0,0.0,2012.0,Jaguars,rookie,0.0
Jordan Harris,WR,Rams,2014.0,3.0,1.53,0.51,0.0,0.0,2014.0,Colts,rookie,0.0
Darren Waller,TE,NYG/LV,2022.0,3.0,51.0,17.0,19.25,0.08199999999999999,2015.0,Ravens,veteran,7.0
Dallas Goedert,TE,Eagles,2021.0,4.0,57.0,14.25,14.877549,0.078,2018.0,Eagles,veteran,3.0
Mark Andrews,TE,Ravens,2021.0,4.0,56.0,14.0,30.083059,0.077,2018.0,Ravens,veteran,3.0
George Kittle,TE,49ers,2020.0,5.0,75.0,15.0,30.0,0.076,2017.0,49ers,veteran,3.0
Jimmy Graham,TE,NO/SEA,2014.0,4.0,40.0,10.0,13.0,0.075,2010.0,Saints,veteran,4.0
Rob Gronkowski,TE,NE/TB,2012.0,6.0,54.0,9.0,13.17,0.075,2010.0,Patriots,veteran,2.0
T.J. Hockenson,TE,Vikings,2023.0,4.0,66.0,16.5,29.292,0.073,2019.0,Lions,veteran,4.0
Travis Kelce,TE,Chiefs,2020.0,4.0,57.25,14.3125,21.0,0.07200000000000001,2013.0,Chiefs,veteran,7.0
Hunter Henry,TE,Patriots,2021.0,3.0,37.5,12.5,25.0,0.068,2016.0,Chargers,veteran,5.0
Jonnu Smith,TE,ATL/NE,2021.0,4.0,50.0,12.5,31.25,0.068,2017.0,Titans,veteran,4.0
George Kittle,TE,49ers,2025.0,4.0,76.4,19.1,35.0,0.068,2017.0,49ers,veteran,8.0
Trey McBride,TE,Cardinals,2025.0,4.0,76.0,19.0,32.5,0.068,2022.0,Cardinals,veteran,3.0
Travis Kelce,TE,Chiefs,2024.0,2.0,34.25,17.125,17.0,0.067,2013.0,Chiefs,veteran,11.0
Julius Thomas,TE,MIA/JAX,2015.0,5.0,46.0,9.2,21.0,0.064,2011.0,Broncos,veteran,4.0
Dawson Knox,TE,Bills,2022.0,4.0,52.0,13.0,19.92,0.062,2019.0,Bills,veteran,3.0
Jason Witten,TE,Cowboys,2011.0,5.0,37.0,7.4,13.532,0.061,2003.0,Cowboys,veteran,8.0
Travis Kelce,TE,Chiefs,2016.0,5.0,46.842,9.3684,10.517,0.06,2013.0,Chiefs,veteran,3.0
Shannon Sharpe,TE,Broncos,1997.0,3.0,7.5,2.5,1.8,0.06,1990.0,Broncos,veteran,7.0
Jordan Reed,TE,Commanders,2016.0,5.0,46.75,9.35,14.0,0.06,2013.0,Commanders,veteran,3.0
Jermichael Finley,TE,Packers,2012.0,2.0,14.0,7.0,5.45,0.057999999999999996,2008.0,Packers,veteran,4.0
Tony Gonzalez,TE,KC/ATL,2007.0,5.0,31.25,6.25,16.0,0.057,1997.0,Chiefs,veteran,10.0
Tony Gonzalez,TE,Falcons,2011.0,1.0,6.9,6.9,2.0,0.057,1997.0,Chiefs,veteran,14.0
Jared Cook,TE,Rams,2013.0,5.0,35.1,7.02,19.0,0.057,2009.0,Titans,veteran,4.0
Vernon Davis,TE,DEN/SF,2010.0,5.0,36.75,7.35,10.0,0.057,2006.0,,veteran,4.0
Tony Gonzalez,TE,Falcons,2013.0,2.0,14.0,7.0,3.5,0.057,1997.0,Chiefs,veteran,16.0
Marcedes Lewis,TE,Jaguars,2011.0,5.0,34.0,6.8,11.65,0.055999999999999994,2006.0,Jaguars,veteran,5.0
Zach Miller,TE,Seahawks,2011.0,5.0,34.0,6.8,13.0,0.055999999999999994,2007.0,Raiders,veteran,4.0
Jimmy Graham,TE,Packers,2018.0,3.0,30.0,10.0,11.0,0.055999999999999994,2010.0,Saints,veteran,8.0
Antonio Gates,TE,Chargers,2010.0,6.0,36.175,7.235,8.8,0.055999999999999994,2003.0,Chargers,veteran,7.0
Cole Kmet,TE,Bears,2023.0,4.0,50.0,12.5,22.893,0.055999999999999994,2020.0,Bears,veteran,3.0
Shannon Sharpe,TE,Ravens,2000.0,4.0,13.8,3.45,4.5,0.055,1990.0,Broncos,veteran,10.0
Daniel Graham,TE,Broncos,2007.0,5.0,30.0,6.0,15.0,0.055,2002.0,Patriots,veteran,5.0
Kyle Rudolph,TE,Vikings,2014.0,5.0,36.5,7.3,12.64,0.055,2011.0,Vikings,veteran,3.0
Heath Miller,TE,Steelers,2009.0,5.0,33.75,6.75,5.75,0.055,2005.0,Steelers,veteran,4.0
Taysom Hill,TE,Saints,2021.0,4.0,40.0,10.0,10.1,0.055,2017.0,Packers,veteran,4.0
Zach Ertz,TE,PHI/ARI,2016.0,5.0,42.5,8.5,13.318527,0.055,2013.0,Eagles,veteran,3.0
Kellen Winslow,TE,TB/SEA,2009.0,4.0,26.55,6.6375,11.891,0.054000000000000006,2004.0,Browns,veteran,5.0
Hunter Henry,TE,Chargers,2020.0,1.0,10.607,10.607,10.607,0.054000000000000006,2016.0,Chargers,veteran,4.0
Charles Clay,TE,Bills,2015.0,5.0,38.0,7.6,24.5,0.053,2011.0,Dolphins,veteran,4.0
Austin Hooper,TE,Browns,2020.0,4.0,42.0,10.5,18.5,0.053,2016.0,Falcons,veteran,4.0
Dalton Schultz,TE,Cowboys,2022.0,1.0,10.931,10.931,10.931,0.053,2018.0,Cowboys,veteran,4.0
David Njoku,TE,Browns,2022.0,1.0,10.931,10.931,0.0,0.053,2017.0,Browns,veteran,5.0
Mike Gesicki,TE,Dolphins,2022.0,1.0,10.931,10.931,10.931,0.053,2018.0,Dolphins,veteran,4.0
Greg Olsen,TE,Panthers,2015.0,3.0,22.5,7.5,12.0,0.052000000000000005,2007.0,Bears,veteran,8.0
Jordan Cameron,TE,Dolphins,2015.0,2.0,15.0,7.5,5.0,0.052000000000000005,2011.0,Browns,veteran,4.0
Zach Ertz,TE,Cardinals,2022.0,3.0,31.65,10.55,14.5,0.051,2013.0,Eagles,veteran,9.0
Evan Engram,TE,Jaguars,2023.0,1.0,11.345,11.345,0.0,0.05,2017.0,Giants,veteran,6.0
Kyle Pitts,TE,Falcons,2026.0,1.0,15.045,15.045,15.045,0.05,2021.0,Falcons,veteran,5.0
Greg Olsen,TE,Panthers,2018.0,2.0,17.1,8.55,12.115,0.048,2007.0,Bears,veteran,11.0
Dennis Pitta,TE,Ravens,2014.0,5.0,32.0,6.4,16.0,0.048,2010.0,Ravens,veteran,4.0
Delanie Walker,TE,Titans,2018.0,2.0,17.0,8.5,10.57,0.048,2006.0,,veteran,12.0
Kyle Rudolph,TE,Vikings,2019.0,4.0,36.1,9.025,9.0,0.048,2011.0,Vikings,veteran,8.0
Pat Freiermuth,TE,Steelers,2024.0,4.0,48.4,12.1,11.6,0.047,2021.0,Steelers,veteran,3.0
Greg Olsen,TE,Panthers,2011.0,4.0,22.8,5.7,2.5,0.047,2007.0,Bears,veteran,4.0
Dwayne Allen,TE,NE/IND,2016.0,4.0,29.4,7.35,11.5,0.047,2012.0,Colts,veteran,4.0
Dalton Schultz,TE,Texans,2024.0,3.0,36.0,12.0,23.5,0.047,2018.0,Cowboys,veteran,6.0
Mark Andrews,TE,Ravens,2025.0,3.0,39.267,13.089,20.944444,0.047,2018.0,Ravens,veteran,7.0
Coby Fleener,TE,Saints,2016.0,5.0,36.0,7.2,14.6,0.046,2012.0,Colts,veteran,4.0
Kellen Winslow,TE,Browns,2005.0,6.0,23.962212,3.933712,4.4125,0.046,2004.0,Browns,veteran,1.0
Owen Daniels,TE,Texans,2011.0,4.0,22.0,5.5,6.0,0.046,2006.0,Texans,veteran,5.0
Fred Davis,TE,Commanders,2012.0,1.0,5.446,5.446,5.446,0.045,2008.0,Commanders,veteran,4.0
Trey Burton,TE,Bears,2018.0,4.0,32.0,8.0,18.0,0.045,2014.0,Eagles,veteran,4.0
Jason Witten,TE,Cowboys,2006.0,6.0,27.6,4.6,12.0,0.045,2003.0,Cowboys,veteran,3.0
Kyle Pitts,TE,Falcons,2021.0,4.0,32.910496,8.227624,32.910496,0.045,2021.0,Falcons,rookie,0.0
Jake Ferguson,TE,Cowboys,2025.0,4.0,50.0,12.5,20.656,0.045,2022.0,Cowboys,veteran,3.0
Isaiah Likely,TE,Giants,2026.0,3.0,40.0,13.333333,20.5,0.044000000000000004,2022.0,Ravens,veteran,4.0
Logan Thomas,TE,Commanders,2021.0,3.0,24.065,8.021667,8.1,0.044000000000000004,2014.0,Cardinals,veteran,7.0
Antonio Gates,TE,Chargers,2005.0,6.0,22.5,3.75,6.38,0.044000000000000004,2003.0,Chargers,veteran,2.0
Rob Gronkowski,TE,Buccaneers,2021.0,1.0,8.0,8.0,8.0,0.044000000000000004,2010.0,Patriots,veteran,11.0
C.J. Fiedorowicz,TE,Texans,2017.0,3.0,21.75,7.25,10.097,0.043,2014.0,Texans,veteran,3.0
Evan Engram,TE,Jaguars,2022.0,1.0,9.0,9.0,8.25,0.043,2017.0,Giants,veteran,5.0
Delanie Walker,TE,Titans,2016.0,2.0,13.375,6.6875,6.7,0.043,2006.0,,veteran,10.0
Jonnu Smith,TE,Steelers,2025.0,1.0,12.01,12.01,7.745,0.043,2017.0,Titans,veteran,8.0
Tony Gonzalez,TE,Chiefs,2002.0,1.0,3.05,3.05,3.05,0.043,1997.0,Chiefs,veteran,5.0
Jermaine Gresham,TE,Cardinals,2017.0,4.0,28.0,7.0,13.0,0.042,2010.0,Bengals,veteran,7.0
Martellus Bennett,TE,Packers,2017.0,3.0,21.0,7.0,6.3,0.042,2008.0,Cowboys,veteran,9.0
Vance McDonald,TE,PIT/SF,2016.0,5.0,32.5,6.5,9.1,0.042,2013.0,,veteran,3.0
Dalton Schultz,TE,Texans,2026.0,1.0,12.6,12.6,17.6,0.042,2018.0,Cowboys,veteran,8.0
Martellus Bennett,TE,CHI/NE,2013.0,4.0,20.4,5.1,5.215,0.040999999999999995,2008.0,Cowboys,veteran,5.0
John Carlson,TE,Vikings,2012.0,5.0,25.0,5.0,7.9,0.040999999999999995,2008.0,Seahawks,veteran,4.0
Evan Engram,TE,Broncos,2025.0,2.0,23.0,11.5,16.5,0.040999999999999995,2017.0,Giants,veteran,8.0
Noah Fant,TE,Seahawks,2024.0,2.0,21.0,10.5,11.49,0.040999999999999995,2019.0,Broncos,veteran,5.0
Jimmy Graham,TE,Bears,2020.0,2.0,16.0,8.0,9.0,0.04,2010.0,Saints,veteran,10.0
Darren Waller,TE,Raiders,2019.0,4.0,30.300004,7.575001,3.220004,0.04,2015.0,Ravens,veteran,4.0
Jared Cook,TE,Saints,2019.0,2.0,15.0,7.5,8.0,0.04,2009.0,Titans,veteran,10.0
Travis Kelce,TE,Chiefs,2026.0,1.0,12.0,12.0,12.0,0.04,2013.0,Chiefs,veteran,13.0
Vernon Davis,TE,49ers,2006.0,5.0,20.275,4.055,11.88,0.04,2006.0,,rookie,0.0
Brent Celek,TE,Eagles,2009.0,6.0,29.25,4.875,10.824706,0.04,2007.0,Eagles,veteran,2.0
Jason Witten,TE,Cowboys,2017.0,4.0,26.0,6.5,0.0,0.039,2003.0,Cowboys,veteran,14.0
Jordan Cameron,TE,Dolphins,2016.0,1.0,6.0,6.0,5.0,0.039,2011.0,Browns,veteran,5.0
Tyler Higbee,TE,Rams,2019.0,4.0,29.0,7.25,10.025,0.039,2016.0,Rams,veteran,3.0
Dawson Knox,TE,Bills,2024.0,3.0,29.5,9.833333,12.75,0.039,2019.0,Bills,veteran,5.0
C.J. Uzomah,TE,Jets,2022.0,3.0,24.0,8.0,15.0,0.038,2015.0,Bengals,veteran,7.0
Will Dissly,TE,Seahawks,2022.0,3.0,24.0,8.0,10.34,0.038,2018.0,Seahawks,veteran,4.0
Cameron Brate,TE,Buccaneers,2018.0,6.0,40.8,6.8,7.0,0.038,2014.0,Buccaneers,veteran,4.0
Tyler Higbee,TE,Rams,2023.0,2.0,17.0,8.5,11.07598,0.038,2016.0,Rams,veteran,7.0
Jack Doyle,TE,Colts,2019.0,3.0,21.3,7.1,10.25,0.038,2013.0,Titans,veteran,6.0
Jack Doyle,TE,Colts,2017.0,3.0,18.9,6.3,7.5,0.038,2013.0,Titans,veteran,4.0
Juwan Johnson,TE,Saints,2025.0,3.0,30.75,10.25,21.25,0.037000000000000005,2020.0,Saints,veteran,5.0
Eric Ebron,TE,Colts,2018.0,2.0,13.0,6.5,6.0,0.037000000000000005,2014.0,Lions,veteran,4.0
Julius Thomas,TE,Dolphins,2017.0,2.0,12.2,6.1,3.0,0.037000000000000005,2011.0,Broncos,veteran,6.0
Dion Sims,TE,Bears,2017.0,3.0,18.0,6.0,6.0,0.036000000000000004,2013.0,Dolphins,veteran,4.0
Dallas Goedert,TE,Eagles,2025.0,1.0,10.0,10.0,10.0,0.036000000000000004,2018.0,Eagles,veteran,7.0
Nick Boyle,TE,Ravens,2021.0,2.0,13.0,6.5,10.5,0.036000000000000004,2015.0,Ravens,veteran,6.0
Delanie Walker,TE,Titans,2013.0,4.0,17.5,4.375,5.8,0.036000000000000004,2006.0,,veteran,7.0
Antonio Gates,TE,Chargers,2016.0,2.0,11.0,5.5,6.0,0.035,2003.0,Chargers,veteran,13.0
Greg Olsen,TE,Seahawks,2020.0,1.0,7.0,7.0,5.5,0.035,2007.0,Bears,veteran,13.0
Hunter Henry,TE,Patriots,2024.0,3.0,27.0,9.0,15.8,0.035,2016.0,Chargers,veteran,8.0
Darnell Washington,TE,Steelers,2026.0,4.0,42.0,10.5,11.25,0.035,2023.0,Steelers,veteran,3.0
Dustin Keller,TE,Dolphins,2013.0,1.0,4.25,4.25,2.25,0.035,2008.0,Jets,veteran,5.0
T.J. Hockenson,TE,Vikings,2026.0,1.0,10.25,10.25,10.15,0.034,2019.0,Lions,veteran,7.0
Jonnu Smith,TE,Falcons,2023.0,2.0,15.0,7.5,8.5,0.033,2017.0,Titans,veteran,6.0
Tyler Kroft,TE,Bills,2019.0,3.0,18.75,6.25,6.3,0.033,2015.0,Bengals,veteran,4.0
Cade Otton,TE,Buccaneers,2026.0,3.0,30.0,10.0,20.0,0.033,2022.0,Buccaneers,veteran,4.0
Cameron Brate,TE,Buccaneers,2021.0,3.0,18.05,6.016667,3.75,0.033,2014.0,Buccaneers,veteran,7.0
Gerald Everett,TE,Seahawks,2021.0,1.0,6.0,6.0,6.0,0.033,2017.0,Rams,veteran,4.0
Kyle Rudolph,TE,Giants,2021.0,2.0,12.0,6.0,4.5,0.033,2011.0,Vikings,veteran,10.0
Anthony Fasano,TE,Chiefs,2013.0,2.0,16.0,4.0,4.5,0.033,2006.0,Cowboys,veteran,7.0
Lance Kendricks,TE,Rams,2015.0,4.0,18.6,4.65,5.5,0.032,2011.0,Rams,veteran,4.0
Tyler Conklin,TE,Jets,2022.0,3.0,20.25,6.75,10.0,0.032,2018.0,Vikings,veteran,4.0
C.J. Uzomah,TE,Bengals,2019.0,3.0,18.3,6.1,6.25,0.032,2015.0,Bengals,veteran,4.0
Shannon Sharpe,TE,Broncos,2002.0,7.0,16.065,2.295,1.7,0.032,1990.0,Broncos,veteran,12.0
Hayden Hurst,TE,Panthers,2023.0,3.0,21.75,7.25,13.0,0.032,2018.0,Ravens,veteran,5.0
Ladarius Green,TE,Steelers,2016.0,4.0,20.0,5.0,4.75,0.032,2012.0,Chargers,veteran,4.0
Nick Boyle,TE,Ravens,2019.0,3.0,18.0,6.0,10.0,0.032,2015.0,Ravens,veteran,4.0
Tony Gonzalez,TE,Chiefs,1997.0,5.0,6.6,1.32,3.15,0.032,1997.0,Chiefs,rookie,0.0
Jared Cook,TE,Raiders,2017.0,2.0,10.6,5.3,5.0,0.032,2009.0,Titans,veteran,8.0
John Carlson,TE,Vikings,2013.0,4.0,15.55,3.8875,1.2,0.032,2008.0,Seahawks,veteran,5.0
Kellen Winslow,TE,Browns,2004.0,6.0,15.263,2.543833,11.1325,0.032,2004.0,Browns,rookie,0.0
Josh Oliver,TE,Vikings,2023.0,3.0,21.0,7.0,8.2,0.031,2019.0,Jaguars,veteran,4.0
Tyler Eifert,TE,Bengals,2018.0,1.0,5.5,5.5,3.0,0.031,2013.0,Bengals,veteran,5.0
Ben Watson,TE,Browns,2010.0,3.0,12.0,4.0,6.4,0.031,2004.0,Patriots,veteran,6.0
Dwayne Allen,TE,Patriots,2018.0,2.0,10.9,5.45,0.0,0.031,2012.0,Colts,veteran,6.0
Mike Gesicki,TE,Bengals,2025.0,3.0,25.5,8.5,6.5,0.03,2018.0,Dolphins,veteran,7.0
Eric Ebron,TE,Steelers,2020.0,2.0,12.0,6.0,5.0,0.03,2014.0,Lions,veteran,6.0
Heath Miller,TE,Steelers,2014.0,2.0,8.0,4.0,5.0,0.03,2005.0,Steelers,veteran,9.0
Brandon Pettigrew,TE,Lions,2014.0,4.0,16.0,4.0,5.2,0.03,2009.0,Lions,veteran,5.0
Jesse James,TE,Lions,2019.0,4.0,22.6,5.65,10.5,0.03,2015.0,Steelers,veteran,4.0
Vernon Davis,TE,Commanders,2017.0,3.0,15.0,5.0,7.5,0.03,2006.0,,veteran,11.0
Chigoziem Okonkwo,TE,Commanders,2026.0,3.0,27.0,9.0,16.7,0.03,2022.0,Titans,veteran,4.0
Craig Stevens,TE,Titans,2012.0,4.0,14.4,3.6,4.0,0.03,2008.0,Titans,veteran,4.0
Colby Parkinson,TE,Rams,2024.0,3.0,22.5,7.5,10.25,0.028999999999999998,2020.0,Seahawks,veteran,4.0
Gerald Everett,TE,Chargers,2022.0,2.0,12.0,6.0,8.0,0.028999999999999998,2017.0,Rams,veteran,5.0
Austin Hooper,TE,Titans,2022.0,1.0,6.0,6.0,6.0,0.028999999999999998,2016.0,Falcons,veteran,6.0
Gary Barnidge,TE,Browns,2015.0,3.0,12.3,4.1,3.25,0.028999999999999998,2008.0,Panthers,veteran,7.0
Owen Daniels,TE,Broncos,2015.0,3.0,12.25,4.083333,3.0,0.027999999999999997,2006.0,Texans,veteran,9.0
Austin Seferian-Jenkins,TE,Jaguars,2018.0,2.0,10.0,5.0,4.0,0.027999999999999997,2014.0,Buccaneers,veteran,4.0
Garrett Graham,TE,Texans,2014.0,3.0,11.25,3.75,4.5,0.027999999999999997,2010.0,Texans,veteran,4.0
Mo Alie-Cox,TE,Colts,2022.0,3.0,17.55,5.85,8.2,0.027999999999999997,2017.0,Colts,veteran,5.0
Dalton Schultz,TE,Texans,2023.0,1.0,6.25,6.25,6.0,0.027999999999999997,2018.0,Cowboys,veteran,5.0
Josh Oliver,TE,Vikings,2025.0,3.0,23.25,7.75,15.645,0.027999999999999997,2019.0,Jaguars,veteran,6.0
Blake Jarwin,TE,Cowboys,2020.0,4.0,22.0,5.5,6.25,0.027999999999999997,2017.0,Cowboys,veteran,3.0
Ian Thomas,TE,Panthers,2022.0,3.0,16.95,5.65,8.0,0.027000000000000003,2018.0,Panthers,veteran,4.0
Rhett Ellison,TE,Giants,2017.0,4.0,18.0,4.5,8.0,0.027000000000000003,2012.0,Vikings,veteran,5.0
Charlie Kolar,TE,Chargers,2026.0,3.0,24.3,8.1,17.0,0.027000000000000003,2022.0,Ravens,veteran,4.0
Juwan Johnson,TE,Saints,2023.0,2.0,12.01,6.005,8.51,0.027000000000000003,2020.0,Saints,veteran,3.0
T.J. Hockenson,TE,DET/MIN,2019.0,4.0,19.821226,4.955307,19.821226,0.026000000000000002,2019.0,Lions,rookie,0.0
Vance McDonald,TE,Steelers,2020.0,2.0,10.3,5.15,4.0,0.026000000000000002,2013.0,,veteran,7.0
Marcedes Lewis,TE,Jaguars,2016.0,3.0,12.0,4.0,5.0,0.026000000000000002,2006.0,Jaguars,veteran,10.0
Brent Celek,TE,Eagles,2016.0,3.0,12.0,4.0,5.0,0.026000000000000002,2007.0,Eagles,veteran,9.0
John Bates,TE,Commanders,2025.0,3.0,21.0,7.0,11.52,0.025,2021.0,Commanders,veteran,4.0
Jared Cook,TE,Chargers,2021.0,1.0,4.5,4.5,4.5,0.025,2009.0,Titans,veteran,12.0
Owen Daniels,TE,Texans,2010.0,1.0,3.168,3.168,0.0,0.025,2006.0,Texans,veteran,4.0
Fred Davis,TE,Commanders,2013.0,1.0,3.0,3.0,1.5,0.024,2008.0,Commanders,veteran,5.0
Tyler Eifert,TE,Jaguars,2020.0,2.0,9.5,4.75,3.25,0.024,2013.0,Bengals,veteran,7.0
Levine Toilolo,TE,Falcons,2017.0,3.0,12.0,4.0,4.5,0.024,2013.0,Falcons,veteran,4.0
Colston Loveland,TE,Bears,2025.0,4.0,26.636008,6.659002,26.636008,0.024,2025.0,Bears,rookie,0.0
Joel Dreessen,TE,Broncos,2012.0,3.0,8.5,2.833333,4.0,0.023,2005.0,Jets,veteran,7.0
Noah Gray,TE,Chiefs,2024.0,3.0,18.0,6.0,10.016,0.023,2021.0,Chiefs,veteran,3.0
Gerald Everett,TE,Bears,2024.0,2.0,12.0,6.0,6.06,0.023,2017.0,Rams,veteran,7.0
Daniel Bellinger,TE,Titans,2026.0,3.0,21.0,7.0,14.01,0.023,2022.0,Giants,veteran,4.0
Dallas Goedert,TE,Eagles,2026.0,1.0,7.0,7.0,7.0,0.023,2018.0,Eagles,veteran,8.0
Eric Ebron,TE,Lions,2014.0,4.0,12.249146,3.062287,12.249146,0.023,2014.0,Lions,rookie,0.0
Daniel Graham,TE,Titans,2011.0,3.0,8.25,2.75,2.0,0.023,2002.0,Patriots,veteran,9.0
Owen Daniels,TE,Texans,2009.0,1.0,2.792,2.792,0.0,0.023,2006.0,Texans,veteran,3.0
Scott Chandler,TE,Bills,2012.0,2.0,5.45,2.725,1.25,0.023,2007.0,Chargers,veteran,5.0
Jason Witten,TE,Cowboys,2019.0,1.0,4.25,4.25,0.0,0.023,2003.0,Cowboys,veteran,16.0
Darren Fells,TE,Browns,2018.0,3.0,12.0,4.0,4.65,0.023,2013.0,Seahawks,veteran,5.0
Ben Watson,TE,Ravens,2016.0,2.0,7.0,3.5,3.0,0.023,2004.0,Patriots,veteran,12.0
Jermaine Gresham,TE,Cardinals,2016.0,1.0,3.5,3.5,3.0,0.023,2010.0,Bengals,veteran,6.0
Zach Ertz,TE,Commanders,2025.0,1.0,6.25,6.25,5.59,0.022000000000000002,2013.0,Eagles,veteran,12.0
Dawson Knox,TE,Bills,2026.0,3.0,20.0,6.666667,10.0,0.022000000000000002,2019.0,Bills,veteran,7.0
Jacob Tamme,TE,Broncos,2012.0,3.0,8.0,2.666667,3.5,0.022000000000000002,2008.0,Colts,veteran,4.0
Marcedes Lewis,TE,Packers,2021.0,2.0,8.0,4.0,2.1,0.022000000000000002,2006.0,Jaguars,veteran,15.0
Jermaine Gresham,TE,Cardinals,2015.0,1.0,3.125,3.125,1.5,0.022000000000000002,2010.0,Bengals,veteran,5.0
Jeff Heuerman,TE,Broncos,2019.0,2.0,8.0,4.0,2.0,0.021,2015.0,Broncos,veteran,4.0
Tyler Eifert,TE,Bengals,2019.0,1.0,4.0,4.0,1.2,0.021,2013.0,Bengals,veteran,6.0
Tyler Eifert,TE,Bengals,2013.0,5.0,13.038001,2.6076,12.272592,0.021,2013.0,Bengals,rookie,0.0
Lee Smith,TE,Raiders,2015.0,3.0,9.1,3.033333,3.1,0.021,2011.0,Patriots,veteran,4.0
Brent Celek,TE,Eagles,2017.0,2.0,7.0,3.5,2.0,0.021,2007.0,Eagles,veteran,10.0
Jason Witten,TE,Raiders,2020.0,1.0,4.0,4.0,3.5,0.02,2003.0,Cowboys,veteran,17.0
Tyler Kroft,TE,Bills,2020.0,1.0,4.0,4.0,3.4,0.02,2015.0,Bengals,veteran,5.0
Ed Dickson,TE,Seahawks,2018.0,3.0,10.7,3.566667,3.6,0.02,2010.0,Ravens,veteran,8.0
Mike Gesicki,TE,Patriots,2023.0,1.0,4.5,4.5,3.55,0.02,2018.0,Dolphins,veteran,5.0
Craig Stevens,TE,Titans,2014.0,2.0,5.2,2.6,0.5,0.02,2008.0,Titans,veteran,6.0
Virgil Green,TE,Broncos,2015.0,3.0,8.4,2.8,2.5,0.02,2011.0,Broncos,veteran,4.0
Brandon Pettigrew,TE,Lions,2009.0,5.0,12.0,2.4,9.3965,0.02,2009.0,Lions,rookie,0.0
Zach Miller,TE,Bears,2016.0,2.0,6.0,3.0,3.0,0.019,2009.0,Jaguars,veteran,7.0
Jermaine Gresham,TE,Bengals,2010.0,5.0,12.4,2.48,8.2485,0.019,2010.0,Bengals,rookie,0.0
Cameron Brate,TE,Buccaneers,2022.0,2.0,8.0,4.0,4.0,0.019,2014.0,Buccaneers,veteran,8.0
Daniel Graham,TE,Patriots,2002.0,5.0,6.825,1.365,4.2,0.019,2002.0,Patriots,rookie,0.0
Adam Trautman,TE,Broncos,2026.0,3.0,17.0,5.666667,9.5,0.019,2020.0,Saints,veteran,6.0
Luke Farrell,TE,49ers,2025.0,3.0,15.75,5.25,6.0,0.019,2021.0,Jaguars,veteran,4.0
Tommy Tremble,TE,Panthers,2025.0,2.0,10.5,5.25,6.0,0.019,2021.0,Panthers,veteran,4.0
Tyler Warren,TE,Colts,2025.0,4.0,20.96065,5.240163,20.96065,0.019,2025.0,Colts,rookie,0.0
Kenyon Sadiq,TE,Jets,2026.0,4.0,22.344304,5.586076,22.344304,0.019,2026.0,Jets,rookie,0.0
Mo Alie-Cox,TE,Colts,2021.0,1.0,3.384,3.384,0.0,0.019,2017.0,Colts,veteran,4.0
Robert Tonyan,TE,Packers,2021.0,1.0,3.384,3.384,2.349,0.019,2017.0,Lions,veteran,4.0
Scott Chandler,TE,Patriots,2015.0,2.0,5.3,2.65,2.0,0.018000000000000002,2007.0,Chargers,veteran,8.0
Marcedes Lewis,TE,Jaguars,2015.0,1.0,2.65,2.65,0.75,0.018000000000000002,2006.0,Jaguars,veteran,9.0
Anthony Fasano,TE,Titans,2015.0,2.0,5.25,2.625,1.125,0.018000000000000002,2006.0,Cowboys,veteran,9.0
Brandon Myers,TE,Giants,2013.0,1.0,2.25,2.25,1.5,0.018000000000000002,2009.0,Raiders,veteran,4.0
Will Dissly,TE,Chargers,2024.0,3.0,14.0,4.666666,1.0,0.018000000000000002,2018.0,Seahawks,veteran,6.0
Chris Manhertz,TE,Jaguars,2021.0,2.0,6.65,3.325,4.25,0.018000000000000002,2014.0,Bills,veteran,7.0
Foster Moreau,TE,Saints,2023.0,3.0,12.234,4.078,8.02,0.018000000000000002,2019.0,Raiders,veteran,4.0
Robert Tonyan,TE,Packers,2022.0,1.0,3.75,3.75,1.0,0.018000000000000002,2017.0,Lions,veteran,5.0
Dennis Pitta,TE,Ravens,2017.0,2.0,6.0,3.0,0.0,0.018000000000000002,2010.0,Ravens,veteran,7.0
Ryan Griffin,TE,Texans,2017.0,3.0,9.0,3.0,3.225,0.018000000000000002,2013.0,Texans,veteran,4.0
Jeremy Ruckert,TE,Jets,2025.0,2.0,10.0,5.0,4.972157,0.018000000000000002,2022.0,Jets,veteran,3.0
Austin Hooper,TE,Patriots,2025.0,1.0,5.0,5.0,4.0,0.018000000000000002,2016.0,Falcons,veteran,9.0
Scott Chandler,TE,Bills,2014.0,2.0,4.75,2.375,1.2,0.018000000000000002,2007.0,Chargers,veteran,7.0
Brock Bowers,TE,Raiders,2024.0,4.0,18.138784,4.534696,18.138784,0.018000000000000002,2024.0,Raiders,rookie,0.0
James Hanna,TE,Cowboys,2016.0,3.0,8.25,2.75,2.25,0.018000000000000002,2012.0,Cowboys,veteran,4.0
Jared Cook,TE,Packers,2016.0,1.0,2.75,2.75,0.825,0.018000000000000002,2009.0,Titans,veteran,7.0
Geoff Swaim,TE,Jaguars,2019.0,2.0,6.6,3.3,1.25,0.018000000000000002,2015.0,Cowboys,veteran,4.0
Dwayne Allen,TE,Dolphins,2019.0,2.0,6.5,3.25,1.25,0.017,2012.0,Colts,veteran,7.0
Delanie Walker,TE,49ers,2008.0,3.0,6.0,2.0,1.8,0.017,2006.0,,veteran,2.0
Durham Smythe,TE,Dolphins,2023.0,2.0,7.75,3.875,5.5,0.017,2018.0,Dolphins,veteran,5.0
Lee Smith,TE,Raiders,2018.0,3.0,9.0,3.0,4.1,0.017,2011.0,Patriots,veteran,7.0
Geoff Swaim,TE,Titans,2022.0,1.0,3.5,3.5,3.4,0.017,2015.0,Cowboys,veteran,7.0
Durham Smythe,TE,Dolphins,2022.0,2.0,7.0,3.5,3.5,0.017,2018.0,Dolphins,veteran,4.0
Hayden Hurst,TE,Bengals,2022.0,1.0,3.5,3.5,2.0,0.017,2018.0,Ravens,veteran,4.0
Noah Fant,TE,DEN/SEA,2019.0,4.0,12.590724,3.147681,12.590724,0.017,2019.0,Broncos,rookie,0.0
Josh Hill,TE,Saints,2018.0,3.0,8.85,2.95,4.1,0.017,2013.0,Saints,veteran,5.0
O.J. Howard,TE,Buccaneers,2017.0,4.0,11.094856,2.773714,11.094856,0.017,2017.0,Buccaneers,rookie,0.0
Julian Hill,TE,Patriots,2026.0,3.0,15.0,5.0,7.5,0.017,2023.0,Dolphins,veteran,3.0
Anthony Fasano,TE,Dolphins,2017.0,1.0,2.75,2.75,1.25,0.016,2006.0,Cowboys,veteran,11.0
Dennis Pitta,TE,Ravens,2013.0,1.0,2.023,2.023,0.0,0.016,2010.0,Ravens,veteran,3.0
Jonnu Smith,TE,Dolphins,2024.0,1.0,8.4,4.2,3.96,0.016,2017.0,Titans,veteran,7.0
Trey Burton,TE,Eagles,2017.0,1.0,2.746,2.746,0.0,0.016,2014.0,Eagles,veteran,3.0
Jacob Hollister,TE,Seahawks,2020.0,1.0,3.259,3.259,0.0,0.016,2017.0,Patriots,veteran,3.0
Anthony Firkser,TE,Titans,2021.0,1.0,3.0,3.0,3.0,0.016,2017.0,Jets,veteran,4.0
Dan Arnold,TE,Panthers,2021.0,2.0,6.0,3.0,4.5,0.016,2017.0,Saints,veteran,4.0
Virgil Green,TE,Chargers,2018.0,3.0,8.6,2.866667,5.9,0.016,2011.0,Broncos,veteran,7.0
Heath Miller,TE,Steelers,2005.0,5.0,6.89,1.378,3.95,0.016,2005.0,Steelers,rookie,0.0
Garrett Celek,TE,49ers,2016.0,4.0,10.0,2.5,3.5,0.016,2012.0,,veteran,4.0
Ryan Hewitt,TE,Bengals,2016.0,3.0,7.5,2.5,1.5,0.016,2014.0,Bengals,veteran,2.0
Evan Engram,TE,Giants,2017.0,4.0,10.718546,2.679637,10.341925,0.016,2017.0,Giants,rookie,0.0
Demetrius Harris,TE,Browns,2019.0,2.0,6.0,3.0,3.25,0.016,2013.0,Chiefs,veteran,6.0
Lee Smith,TE,Bills,2019.0,3.0,9.0,3.0,4.9,0.016,2011.0,Patriots,veteran,8.0
Darren Fells,TE,Texans,2020.0,2.0,6.3,3.15,2.0,0.016,2013.0,Seahawks,veteran,7.0
Ed Dickson,TE,Panthers,2015.0,3.0,6.8,2.266667,2.0,0.016,2010.0,Ravens,veteran,5.0
Ben Watson,TE,Patriots,2004.0,6.0,7.575,1.2625,2.7,0.016,2004.0,Patriots,rookie,0.0
Charlie Woerner,TE,Falcons,2024.0,3.0,12.0,4.0,4.16,0.016,2020.0,49ers,veteran,4.0
Levine Toilolo,TE,Giants,2020.0,2.0,6.2,3.1,3.225,0.016,2013.0,Falcons,veteran,7.0
Hayden Hurst,TE,BAL/ATL,2018.0,4.0,11.036032,2.759008,10.40086,0.016,2018.0,Ravens,rookie,0.0
Logan Thomas,TE,Commanders,2020.0,2.0,6.145,3.0725,2.25,0.016,2014.0,Cardinals,veteran,6.0
Vernon Davis,TE,Commanders,2016.0,1.0,2.4,2.4,1.1,0.015,2006.0,,veteran,10.0
Josh Hill,TE,Saints,2016.0,3.0,7.1,2.366667,3.25,0.015,2013.0,Saints,veteran,3.0
Dalton Kincaid,TE,Bills,2023.0,4.0,13.42704,3.35676,13.42704,0.015,2023.0,Bills,rookie,0.0
Martellus Bennett,TE,Giants,2012.0,1.0,1.8,1.8,0.675,0.015,2008.0,Cowboys,veteran,4.0
Ian Thomas,TE,Panthers,2023.0,2.0,6.65,3.325,4.0,0.015,2018.0,Panthers,veteran,5.0
Adam Trautman,TE,Broncos,2024.0,2.0,7.5,3.75,5.0,0.015,2020.0,Saints,veteran,4.0
Dustin Keller,TE,Jets,2008.0,5.0,8.5,1.7,5.995,0.015,2008.0,Jets,rookie,0.0
Luke Stocker,TE,Falcons,2019.0,2.0,5.5,2.75,1.5,0.015,2011.0,Buccaneers,veteran,8.0
Nick Vannett,TE,Saints,2021.0,3.0,8.0,2.666667,3.8,0.015,2016.0,Seahawks,veteran,5.0
Marcedes Lewis,TE,Jaguars,2006.0,5.0,7.43,1.486,4.1475,0.015,2006.0,Jaguars,rookie,0.0
Noah Fant,TE,Saints,2026.0,2.0,8.75,4.375,4.5,0.015,2019.0,Broncos,veteran,7.0
Nick Vannett,TE,Broncos,2020.0,2.0,5.7,2.85,2.5,0.013999999999999999,2016.0,Seahawks,veteran,4.0
Greg Olsen,TE,Bears,2007.0,5.0,7.77445,1.55489,5.24875,0.013999999999999999,2007.0,Bears,rookie,0.0
David Njoku,TE,Browns,2017.0,4.0,9.525345,2.381336,8.191434,0.013999999999999999,2017.0,Browns,rookie,0.0
Cethan Carter,TE,Dolphins,2021.0,3.0,7.8,2.6,2.7,0.013999999999999999,2017.0,Bengals,veteran,4.0
Antonio Gates,TE,Chargers,2018.0,1.0,2.5,2.5,1.0,0.013999999999999999,2003.0,Chargers,veteran,15.0
Luke Willson,TE,Lions,2018.0,1.0,2.5,2.5,1.4,0.013999999999999999,2013.0,Seahawks,veteran,5.0
Niles Paul,TE,Commanders,2015.0,3.0,6.0,2.0,2.25,0.013999999999999999,2011.0,Commanders,veteran,4.0
Andrew Beck,TE,Texans,2023.0,2.0,6.25,3.125,4.0,0.013999999999999999,2019.0,Patriots,veteran,4.0
Drew Sample,TE,Bengals,2024.0,3.0,10.5,3.5,2.35,0.013999999999999999,2019.0,Bengals,veteran,5.0
Geoff Swaim,TE,Titans,2021.0,1.0,2.5,2.5,2.25,0.013999999999999999,2015.0,Cowboys,veteran,6.0
Ben Watson,TE,Saints,2013.0,3.0,4.95,1.65,1.2,0.013000000000000001,2004.0,Patriots,veteran,9.0
Niles Paul,TE,Jaguars,2018.0,2.0,4.75,2.375,1.5,0.013000000000000001,2011.0,Commanders,veteran,7.0
Chris Manhertz,TE,Broncos,2023.0,2.0,6.0,3.0,3.34,0.013000000000000001,2014.0,Bills,veteran,9.0
Luke Farrell,TE,49ers,2026.0,2.0,8.0,4.0,3.59,0.013000000000000001,2021.0,Jaguars,veteran,5.0
Jake Tonges,TE,49ers,2026.0,2.0,8.0,4.0,5.5,0.013000000000000001,2022.0,Bears,veteran,4.0
Jacob Tamme,TE,Broncos,2014.0,1.0,1.7,1.7,0.0,0.013000000000000001,2008.0,Colts,veteran,6.0
Harrison Bryant,TE,Raiders,2024.0,1.0,3.25,3.25,2.878,0.013000000000000001,2020.0,Browns,veteran,4.0
MyCole Pruitt,TE,Titans,2020.0,1.0,2.5,2.5,2.35,0.013000000000000001,2015.0,Vikings,veteran,5.0
Pharaoh Brown,TE,Seahawks,2024.0,1.0,3.2,3.2,2.69,0.013000000000000001,2017.0,Raiders,veteran,7.0
Cory Harkey,TE,Rams,2016.0,3.0,5.7,1.9,2.5,0.012,2012.0,Rams,veteran,4.0
Craig Stevens,TE,Titans,2016.0,1.0,1.9,1.9,0.0,0.012,2008.0,Titans,veteran,8.0
Adam Shaheen,TE,MIA/HOU,2020.0,2.0,4.85,2.425,3.247635,0.012,2017.0,Bears,veteran,3.0
Austin Hooper,TE,Raiders,2023.0,1.0,2.75,2.75,2.165,0.012,2016.0,Falcons,veteran,7.0
Brandon Myers,TE,Buccaneers,2014.0,2.0,3.25,1.625,0.5,0.012,2009.0,Raiders,veteran,5.0
John Carlson,TE,Cardinals,2014.0,2.0,3.2,1.6,0.1,0.012,2008.0,Seahawks,veteran,6.0
Lee Smith,TE,Raiders,2017.0,1.0,2.0,2.0,1.0,0.012,2011.0,Patriots,veteran,6.0
Lance Kendricks,TE,Packers,2017.0,2.0,4.0,2.0,1.2,0.012,2011.0,Rams,veteran,6.0
Marcedes Lewis,TE,Packers,2018.0,1.0,2.1,2.1,0.5,0.012,2006.0,Jaguars,veteran,12.0
Zach Miller,TE,Raiders,2007.0,4.0,5.152,1.288,3.487,0.012,2007.0,Raiders,rookie,0.0
Robert Tonyan,TE,Bears,2023.0,1.0,2.65,2.65,1.25,0.012,2017.0,Lions,veteran,6.0
Zach Ertz,TE,Commanders,2024.0,1.0,3.0,3.0,1.96,0.012,2013.0,Eagles,veteran,11.0
Austin Hooper,TE,Patriots,2024.0,1.0,3.0,3.0,2.41,0.012,2016.0,Falcons,veteran,8.0
Brock Wright,TE,Lions,2024.0,1.0,2.985,2.985,0.0,0.012,2021.0,Lions,veteran,3.0
Marcedes Lewis,TE,Packers,2020.0,1.0,2.3,2.3,1.05,0.012,2006.0,Jaguars,veteran,14.0
Ben Watson,TE,Saints,2018.0,1.0,2.0,2.0,0.645,0.011000000000000001,2004.0,Patriots,veteran,14.0
Mychal Rivera,TE,Jaguars,2017.0,2.0,3.75,1.875,0.75,0.011000000000000001,2013.0,Raiders,veteran,4.0
Jacob Tamme,TE,Falcons,2015.0,2.0,3.2,1.6,0.4,0.011000000000000001,2008.0,Colts,veteran,7.0
Craig Stevens,TE,Titans,2015.0,1.0,1.6,1.6,0.35,0.011000000000000001,2008.0,Titans,veteran,7.0
Luke Stocker,TE,Buccaneers,2015.0,3.0,4.8,1.6,0.5,0.011000000000000001,2011.0,Buccaneers,veteran,4.0
Marcedes Lewis,TE,Packers,2019.0,1.0,2.1,2.1,0.5,0.011000000000000001,2006.0,Jaguars,veteran,13.0
Coby Fleener,TE,Colts,2012.0,4.0,5.341648,1.335412,3.767638,0.011000000000000001,2012.0,Colts,rookie,0.0
Tyler Kroft,TE,Jets,2021.0,1.0,2.0,2.0,1.5,0.011000000000000001,2015.0,Bengals,veteran,6.0
Michael Hoomanawanui,TE,Saints,2016.0,3.0,5.1,1.7,1.85,0.011000000000000001,2010.0,Rams,veteran,6.0
Zach Ertz,TE,Eagles,2013.0,4.0,5.379198,1.3448,3.657854,0.011000000000000001,2013.0,Eagles,rookie,0.0
Ryan Griffin,TE,Bears,2022.0,1.0,2.25,2.25,0.75,0.011000000000000001,2013.0,Texans,veteran,9.0
Greg Dulcich,TE,Dolphins,2026.0,1.0,3.25,3.25,2.91,0.011000000000000001,2022.0,Broncos,veteran,4.0
Austin Hooper,TE,Falcons,2026.0,1.0,3.25,3.25,2.74,0.011000000000000001,2016.0,Falcons,veteran,10.0
Luke Willson,TE,Seahawks,2017.0,1.0,1.8,1.8,1.8,0.011000000000000001,2013.0,Seahawks,veteran,4.0
Jack Doyle,TE,Colts,2016.0,1.0,1.671,1.671,0.0,0.011000000000000001,2013.0,Titans,veteran,3.0
Larry Donnell,TE,Giants,2016.0,1.0,1.671,1.671,0.0,0.011000000000000001,2012.0,Giants,veteran,4.0
Chase Ford,TE,Browns,2016.0,1.0,1.671,1.671,0.0,0.011000000000000001,2012.0,Eagles,veteran,4.0
Cethan Carter,TE,Bengals,2020.0,1.0,2.133,2.133,0.0,0.011000000000000001,2017.0,Bengals,veteran,3.0
Neal Sterling,TE,Jets,2018.0,1.0,1.907,1.907,0.0,0.011000000000000001,2015.0,Jaguars,veteran,3.0
Ed Dickson,TE,Ravens,2013.0,1.0,1.323,1.323,0.0,0.011000000000000001,2010.0,Ravens,veteran,3.0
Tyler Conklin,TE,Chargers,2025.0,1.0,3.0,3.0,2.83,0.011000000000000001,2018.0,Vikings,veteran,7.0
Charles Clay,TE,Cardinals,2019.0,1.0,2.0,2.0,0.35,0.011000000000000001,2011.0,Dolphins,veteran,8.0
Sam LaPorta,TE,Lions,2023.0,4.0,9.465998,2.3665,7.825179,0.011000000000000001,2023.0,Lions,rookie,0.0
Jason Witten,TE,Cowboys,2003.0,4.0,3.153,0.78825,0.67,0.011000000000000001,2003.0,Cowboys,rookie,0.0
Foster Moreau,TE,Texans,2026.0,2.0,6.3,3.15,3.0,0.01,2019.0,Raiders,veteran,7.0
David Johnson,TE,Steelers,2012.0,1.0,1.26,1.26,0.0,0.01,2009.0,Steelers,veteran,3.0
Derek Carrier,TE,Raiders,2018.0,3.0,5.55,1.85,1.9,0.01,2012.0,Raiders,veteran,6.0
Michael Mayer,TE,Raiders,2023.0,4.0,9.313638,2.32841,7.596697,0.01,2023.0,Raiders,rookie,0.0
Hunter Henry,TE,Chargers,2016.0,4.0,6.380308,1.595077,4.030238,0.01,2016.0,Chargers,rookie,0.0
Gary Barnidge,TE,Browns,2013.0,3.0,3.75,1.25,0.65,0.01,2008.0,Panthers,veteran,5.0
Scott Chandler,TE,Bills,2011.0,1.0,1.2,1.2,0.0,0.01,2007.0,Chargers,veteran,4.0
David Njoku,TE,Chargers,2026.0,1.0,3.0,3.0,0.85,0.01,2017.0,Browns,veteran,9.0
Durham Smythe,TE,Ravens,2026.0,1.0,3.0,3.0,2.0,0.01,2018.0,Dolphins,veteran,8.0
Tyler Higbee,TE,Rams,2026.0,2.0,6.0,3.0,4.0,0.01,2016.0,Rams,veteran,10.0
Austin Seferian-Jenkins,TE,NYJ/TB,2014.0,4.0,5.254932,1.313733,3.220629,0.01,2014.0,Buccaneers,rookie,0.0
Demetrius Harris,TE,Chiefs,2016.0,3.0,4.6,1.533333,1.2,0.01,2013.0,Chiefs,veteran,3.0
Lee Smith,TE,Falcons,2021.0,1.0,1.8,1.8,1.8,0.01,2011.0,Patriots,veteran,10.0
Johnny Mundt,TE,Jaguars,2025.0,2.0,5.5,2.75,2.255,0.01,2017.0,Rams,veteran,8.0
Noah Fant,TE,Bengals,2025.0,1.0,2.75,2.75,1.0,0.01,2019.0,Broncos,veteran,6.0
Mike Gesicki,TE,Bengals,2024.0,1.0,2.5,2.5,0.4,0.01,2018.0,Dolphins,veteran,6.0
John Carlson,TE,Seahawks,2008.0,4.0,4.52025,1.130063,2.48,0.01,2008.0,Seahawks,rookie,0.0
Kyle Rudolph,TE,Vikings,2011.0,4.0,4.629851,1.157463,0.0,0.01,2011.0,Vikings,rookie,0.0
Kyle Rudolph,TE,Buccaneers,2022.0,1.0,2.0,2.0,1.5,0.01,2011.0,Vikings,veteran,11.0
Cole Kmet,TE,Bears,2020.0,4.0,7.577786,1.894447,4.635561,0.01,2020.0,Bears,rookie,0.0
Luke Musgrave,TE,Packers,2023.0,4.0,8.475742,2.118936,6.348437,0.009000000000000001,2023.0,Packers,rookie,0.0
Mason Taylor,TE,Jets,2025.0,4.0,10.466192,2.616548,9.559309,0.009000000000000001,2025.0,Jets,rookie,0.0
Mike Gesicki,TE,Dolphins,2018.0,4.0,6.611924,1.652981,4.149214,0.009000000000000001,2018.0,Dolphins,rookie,0.0
Anthony Fasano,TE,Dolphins,2010.0,1.0,1.176,1.176,0.0,0.009000000000000001,2006.0,Cowboys,veteran,4.0
Gerald Everett,TE,Rams,2017.0,4.0,6.044448,1.511112,3.740708,0.009000000000000001,2017.0,Rams,rookie,0.0
Jesse James,TE,Bears,2021.0,1.0,1.65,1.65,1.65,0.009000000000000001,2015.0,Steelers,veteran,6.0
Michael Hoomanawanui,TE,Saints,2014.0,2.0,2.4,1.2,0.5,0.009000000000000001,2010.0,Rams,veteran,4.0
Phillip Supernaw,TE,Titans,2017.0,2.0,3.0,1.5,0.6,0.009000000000000001,2012.0,Texans,veteran,5.0
Hunter Long,TE,Jaguars,2025.0,2.0,5.0,2.5,3.0,0.009000000000000001,2021.0,Dolphins,veteran,4.0
Durham Smythe,TE,Bears,2025.0,1.0,2.5,2.5,1.5,0.009000000000000001,2018.0,Dolphins,veteran,7.0
Mo Alie-Cox,TE,Colts,2026.0,1.0,2.6875,2.6875,2.1875,0.009000000000000001,2017.0,Colts,veteran,9.0
Marcedes Lewis,TE,Bears,2023.0,1.0,2.0,2.0,1.0,0.009000000000000001,2006.0,Jaguars,veteran,17.0
Adam Shaheen,TE,CHI/MIA,2017.0,4.0,5.910516,1.477629,3.637216,0.009000000000000001,2017.0,Bears,rookie,0.0
Lance Kendricks,TE,Rams,2011.0,4.0,4.226105,1.056526,0.0,0.009000000000000001,2011.0,Rams,rookie,0.0
Ross Dwelley,TE,49ers,2021.0,1.0,1.6,1.6,1.4,0.009000000000000001,2018.0,49ers,veteran,3.0
Levine Toilolo,TE,Giants,2021.0,1.0,1.6,1.6,0.65,0.009000000000000001,2013.0,Falcons,veteran,8.0
Pharaoh Brown,TE,Texans,2021.0,1.0,1.6,1.6,0.2,0.009000000000000001,2017.0,Raiders,veteran,4.0
Joel Dreessen,TE,Texans,2009.0,3.0,3.215,1.071667,0.945,0.009000000000000001,2005.0,Jets,veteran,4.0
James O'Shaughnessy,TE,Jaguars,2021.0,1.0,1.59,1.59,1.0,0.009000000000000001,2015.0,Chiefs,veteran,6.0
Terrance Ferguson,TE,Rams,2025.0,4.0,9.713466,2.428367,8.046753,0.009000000000000001,2025.0,Rams,rookie,0.0
Jordan Akins,TE,Browns,2023.0,2.0,3.9,1.95,1.73,0.009000000000000001,2018.0,Texans,veteran,5.0
Rob Gronkowski,TE,Patriots,2010.0,4.0,4.44,1.11,2.59,0.009000000000000001,2010.0,Patriots,rookie,0.0
Blake Bell,TE,Cowboys,2020.0,1.0,1.7,1.7,0.45,0.009000000000000001,2015.0,49ers,veteran,5.0
Gavin Escobar,TE,Cowboys,2013.0,4.0,4.210496,1.052624,2.213566,0.009000000000000001,2013.0,Cowboys,rookie,0.0
Levine Toilolo,TE,Lions,2018.0,1.0,1.5,1.5,0.4,0.008,2013.0,Falcons,veteran,5.0
Bradley Sowell,TE,Bears,2018.0,2.0,3.0,1.5,0.85,0.008,2012.0,Buccaneers,veteran,6.0
Derek Carrier,TE,WAS/LAR,2015.0,2.0,2.4,1.2,0.4,0.008,2012.0,Raiders,veteran,3.0
Demetrius Harris,TE,Bears,2020.0,1.0,1.65,1.65,0.5,0.008,2013.0,Chiefs,veteran,7.0
Pat Freiermuth,TE,Steelers,2021.0,4.0,6.02818,1.507045,3.33814,0.008,2021.0,Steelers,rookie,0.0
Brevin Jordan,TE,Texans,2024.0,1.0,2.1,2.1,0.85,0.008,2021.0,Texans,veteran,3.0
Daniel Graham,TE,Saints,2012.0,1.0,0.99,0.99,0.065,0.008,2002.0,Patriots,veteran,10.0
Jace Amaro,TE,Titans,2014.0,4.0,4.292996,1.073249,2.447316,0.008,2014.0,Jets,rookie,0.0
Darren Fells,TE,Texans,2019.0,1.0,1.5,1.5,0.1,0.008,2013.0,Seahawks,veteran,6.0
Brady Russell,TE,Seahawks,2026.0,2.0,4.8,2.4,2.145,0.008,2023.0,Eagles,veteran,3.0
Dallas Goedert,TE,Eagles,2018.0,4.0,5.624282,1.406071,3.386037,0.008,2018.0,Eagles,rookie,0.0
Elijah Arroyo,TE,Seahawks,2025.0,4.0,8.813372,2.203343,6.872548,0.008,2025.0,Seahawks,rookie,0.0
Mo Alie-Cox,TE,Colts,2025.0,1.0,2.2,2.2,1.1675,0.008,2017.0,Colts,veteran,8.0
Marcedes Lewis,TE,Bears,2024.0,1.0,2.0,2.0,1.0,0.008,2006.0,Jaguars,veteran,18.0
Johnny Mundt,TE,Vikings,2024.0,1.0,2.0,2.0,0.75,0.008,2017.0,Rams,veteran,7.0
Irv Smith Jr.,TE,Bengals,2023.0,1.0,1.75,1.75,0.4,0.008,2019.0,Vikings,veteran,4.0
Harrison Bryant,TE,Browns,2023.0,1.0,1.75,1.75,1.75,0.008,2020.0,Browns,veteran,3.0
Bradley Sowell,TE,Bears,2019.0,1.0,1.45,1.45,0.0,0.008,2012.0,Buccaneers,veteran,7.0
Irv Smith Jr.,TE,Vikings,2019.0,4.0,5.798444,1.449611,3.490614,0.008,2019.0,Vikings,rookie,0.0
Matt Spaeth,TE,Steelers,2015.0,2.0,2.2,1.1,0.275,0.008,2007.0,Steelers,veteran,8.0
Fred Davis,TE,Commanders,2008.0,4.0,3.517,0.87925,1.812,0.008,2008.0,Commanders,rookie,0.0
Rob Housler,TE,Cardinals,2011.0,4.0,3.645092,0.911273,0.684092,0.008,2011.0,Cardinals,rookie,0.0
Trey McBride,TE,Cardinals,2022.0,4.0,6.29966,1.574915,3.4579,0.008,2022.0,Cardinals,rookie,0.0
Troy Niklas,TE,Cardinals,2014.0,4.0,4.023298,1.005825,1.848913,0.008,2014.0,Cardinals,rookie,0.0
Geoff Swaim,TE,Cardinals,2023.0,1.0,1.7,1.7,0.45,0.008,2015.0,Cowboys,veteran,8.0
Ross Dwelley,TE,49ers,2023.0,1.0,1.7,1.7,0.7,0.008,2018.0,49ers,veteran,5.0
Anthony Fasano,TE,MIA/DAL,2006.0,4.0,3.07,0.7675,1.15,0.008,2006.0,Cowboys,rookie,0.0
Owen Daniels,TE,Ravens,2014.0,1.0,1.0,1.0,0.0,0.008,2006.0,Texans,veteran,8.0
Ben Watson,TE,Ravens,2017.0,1.0,1.25,1.25,0.75,0.006999999999999999,2004.0,Patriots,veteran,13.0
Connor Heyward,TE,Raiders,2026.0,2.0,4.5,2.25,2.0,0.006999999999999999,2022.0,Steelers,veteran,4.0
Andrew Ogletree,TE,Colts,2026.0,1.0,2.25,2.25,1.5,0.006999999999999999,2022.0,Colts,veteran,4.0
Matt LaCosse,TE,Patriots,2019.0,1.0,2.8,1.4,0.5,0.006999999999999999,2015.0,Giants,veteran,4.0
Eli Stowers,TE,Eagles,2026.0,4.0,8.892964,2.223241,7.277752,0.006999999999999999,2026.0,Eagles,rookie,0.0
Alex Smith,TE,Eagles,2009.0,1.0,0.9,0.9,0.05,0.006999999999999999,2005.0,Buccaneers,veteran,4.0
Vance McDonald,TE,49ers,2013.0,4.0,3.599178,0.899795,1.921183,0.006999999999999999,2013.0,,rookie,0.0
Drew Sample,TE,Bengals,2019.0,4.0,5.506296,1.376574,2.769866,0.006999999999999999,2019.0,Bengals,rookie,0.0
Ben Braunecker,TE,Bears,2019.0,2.0,2.7,1.35,0.55,0.006999999999999999,2016.0,Bears,veteran,3.0
Darren Waller,TE,Dolphins,2025.0,1.0,2.0,2.0,0.0,0.006999999999999999,2015.0,Ravens,veteran,10.0
Nate Boerkircher,TE,Jaguars,2026.0,4.0,8.538996,2.134749,6.737771,0.006999999999999999,2026.0,Jaguars,rookie,0.0
Ben Sinnott,TE,Commanders,2024.0,4.0,7.22795,1.806988,4.597851,0.006999999999999999,2024.0,Commanders,rookie,0.0
Maxx Williams,TE,Ravens,2015.0,4.0,4.052734,1.013184,1.826659,0.006999999999999999,2015.0,Ravens,rookie,0.0
Luke Schoonmaker,TE,Cowboys,2023.0,4.0,6.266678,1.56667,3.342433,0.006999999999999999,2023.0,Cowboys,rookie,0.0
Alex Smith,TE,Browns,2012.0,1.0,0.825,0.825,0.0,0.006999999999999999,2005.0,Buccaneers,veteran,7.0
Kellen Winslow,TE,Patriots,2012.0,1.0,0.825,0.825,0.0,0.006999999999999999,2004.0,Browns,veteran,8.0
Kellen Winslow,TE,Jets,2013.0,1.0,0.84,0.84,0.0,0.006999999999999999,2004.0,Browns,veteran,9.0
Hunter Long,TE,MIA/LAR,2021.0,4.0,4.968696,1.242174,0.973596,0.006999999999999999,2021.0,Dolphins,rookie,0.0
Rhett Ellison,TE,Vikings,2012.0,4.0,3.282584,0.820646,0.300584,0.006999999999999999,2012.0,Vikings,rookie,0.0
Brenton Strange,TE,Jaguars,2023.0,4.0,6.114342,1.528586,3.224717,0.006999999999999999,2023.0,Jaguars,rookie,0.0
Austin Hooper,TE,Falcons,2016.0,4.0,3.165524,1.055175,0.747524,0.006999999999999999,2016.0,Falcons,rookie,0.0
Marlin Klein,TE,Texans,2026.0,4.0,8.184982,2.046246,6.243882,0.006999999999999999,2026.0,Texans,rookie,0.0
Alex Smith,TE,NE/TB,2005.0,5.0,2.895,0.579,0.965,0.006999999999999999,2005.0,Buccaneers,rookie,0.0
MarQueis Gray,TE,Dolphins,2016.0,2.0,2.1,1.05,0.3,0.006999999999999999,2013.0,,veteran,3.0
Tommy Tremble,TE,Panthers,2021.0,4.0,4.926434,1.231609,0.94286,0.006999999999999999,2021.0,Panthers,rookie,0.0
Adam Trautman,TE,Broncos,2023.0,1.0,1.5,1.5,1.5,0.006999999999999999,2020.0,Saints,veteran,3.0
Max Klare,TE,Rams,2026.0,4.0,8.019796,2.004949,5.976625,0.006999999999999999,2026.0,Rams,rookie,0.0
Josh Hill,TE,Lions,2021.0,1.0,1.2125,1.2125,0.9875,0.006999999999999999,2013.0,Saints,veteran,8.0
Grant Calcaterra,TE,Eagles,2026.0,1.0,2.0,2.0,0.7,0.006999999999999999,2022.0,Eagles,veteran,4.0
Quintin Morris,TE,Jaguars,2026.0,1.0,2.0,2.0,1.7,0.006999999999999999,2021.0,Bills,veteran,5.0
Josh Whyle,TE,Packers,2026.0,1.0,2.0,2.0,0.37,0.006999999999999999,2023.0,Titans,veteran,3.0
Daniel Fells,TE,Giants,2015.0,1.0,0.95,0.95,0.08,0.006999999999999999,2006.0,Falcons,veteran,9.0
Tre' McKitty,TE,Chargers,2021.0,4.0,4.723233,1.180808,0.840616,0.006,2021.0,Chargers,rookie,0.0
Jelani Woods,TE,NYJ/IND,2022.0,4.0,5.372484,1.343121,1.08726,0.006,2022.0,Colts,rookie,0.0
Jimmy Graham,TE,Saints,2010.0,4.0,3.29814,0.825736,0.66514,0.006,2010.0,Saints,rookie,0.0
David Johnson,TE,Chargers,2014.0,2.0,1.7,0.85,0.0,0.006,2009.0,Steelers,veteran,5.0
Martellus Bennett,TE,Cowboys,2008.0,4.0,2.965,0.74125,1.26,0.006,2008.0,Cowboys,rookie,0.0
Dwayne Allen,TE,Colts,2012.0,4.0,3.080304,0.770076,0.703304,0.006,2012.0,Colts,rookie,0.0
Travis Kelce,TE,Chiefs,2013.0,4.0,3.126304,0.781576,0.703304,0.006,2013.0,Chiefs,rookie,0.0
Greg Dulcich,TE,NYG/DEN,2022.0,4.0,5.25914,1.314785,1.004828,0.006,2022.0,Broncos,rookie,0.0
Antony Auclair,TE,Buccaneers,2020.0,1.0,1.25,1.25,0.8,0.006,2017.0,Buccaneers,veteran,3.0
Kylen Granson,TE,Eagles,2025.0,1.0,1.75,1.75,1.0,0.006,2021.0,Colts,veteran,4.0
Kellen Davis,TE,Jets,2016.0,1.0,0.965,0.965,0.23,0.006,2008.0,Bears,veteran,8.0
Darrell Daniels,TE,Cardinals,2021.0,1.0,1.1275,1.1275,0.5625,0.006,2017.0,Colts,veteran,4.0
Blake Bell,TE,Chiefs,2021.0,1.0,1.1275,1.1275,0.8875,0.006,2015.0,49ers,veteran,6.0
Brevin Jordan,TE,Texans,2025.0,1.0,1.72,1.72,0.2,0.006,2021.0,Texans,veteran,4.0
Tucker Kraft,TE,Packers,2023.0,4.0,5.537932,1.384483,1.027588,0.006,2023.0,Packers,rookie,0.0
David Johnson,TE,Steelers,2017.0,2.0,2.05,1.025,0.235,0.006,2009.0,Steelers,veteran,8.0
Blake Bell,TE,Chiefs,2022.0,1.0,1.2725,1.2725,1.0475,0.006,2015.0,49ers,veteran,7.0
Chris Manhertz,TE,Panthers,2019.0,2.0,2.3,1.15,0.32,0.006,2014.0,Bills,veteran,5.0
Sam Roush,TE,Bears,2026.0,4.0,7.336666,1.834167,0.0,0.006,2026.0,Bears,rookie,0.0
Alex Smith,TE,WAS/NO,2015.0,1.0,0.87,0.87,0.0,0.006,2005.0,Buccaneers,veteran,10.0
Jeremy Ruckert,TE,Jets,2022.0,4.0,5.044903,1.261226,0.84902,0.006,2022.0,Jets,rookie,0.0
Harold Fannin Jr.,TE,Browns,2025.0,4.0,6.742886,1.685722,1.543916,0.006,2025.0,Browns,rookie,0.0
C.J. Fiedorowicz,TE,Texans,2014.0,4.0,3.195114,0.798779,0.703304,0.006,2014.0,Texans,rookie,0.0
Andrew Beck,TE,Broncos,2022.0,1.0,1.25,1.25,0.2,0.006,2019.0,Patriots,veteran,3.0
Darren Fells,TE,Lions,2017.0,1.0,1.0,1.0,0.1,0.006,2013.0,Seahawks,veteran,4.0
Oscar Delp,TE,Saints,2026.0,4.0,7.206404,1.801601,1.70102,0.006,2026.0,Saints,rookie,0.0
Ryan Griffin,TE,Jets,2019.0,1.0,1.125,1.125,0.0,0.006,2013.0,Texans,veteran,6.0
Ed Dickson,TE,Panthers,2014.0,1.0,0.795,0.795,0.065,0.006,2010.0,Ravens,veteran,4.0
Darnell Washington,TE,Steelers,2023.0,4.0,5.353912,1.338478,0.893752,0.006,2023.0,Steelers,rookie,0.0
Luke Stocker,TE,Titans,2017.0,2.0,1.975,0.9875,0.0,0.006,2011.0,Buccaneers,veteran,6.0
James O'Shaughnessy,TE,Jaguars,2019.0,2.0,2.225,1.1125,0.4,0.006,2015.0,Chiefs,veteran,4.0
Cameron Latu,TE,49ers,2023.0,4.0,5.304082,1.326021,0.857512,0.006,2023.0,49ers,rookie,0.0
Demetrius Harris,TE,Cardinals,2021.0,1.0,1.075,1.075,0.0,0.006,2013.0,Chiefs,veteran,8.0
Derek Carrier,TE,Raiders,2021.0,1.0,1.075,1.075,0.0,0.006,2012.0,Raiders,veteran,9.0
Blake Bell,TE,Chiefs,2023.0,1.0,1.3175,1.3175,0.0,0.006,2015.0,49ers,veteran,8.0
Jimmy Graham,TE,Saints,2023.0,1.0,1.3175,1.3175,0.1525,0.006,2010.0,Saints,veteran,13.0
Clive Walford,TE,LV/NYJ,2015.0,4.0,3.34545,0.836363,0.794504,0.006,2015.0,Raiders,rookie,0.0
Johnny Mundt,TE,Vikings,2022.0,2.0,2.415,1.2075,0.2,0.006,2017.0,Rams,veteran,5.0
Fred Davis,TE,Patriots,2015.0,1.0,0.825,0.825,0.0,0.006,2008.0,Commanders,veteran,7.0
Demarcus Dobbs,TE,Seahawks,2015.0,1.0,0.825,0.825,0.08,0.006,2011.0,,veteran,4.0
John Bates,TE,Commanders,2021.0,4.0,4.202416,1.050604,0.722416,0.006,2021.0,Commanders,rookie,0.0
Michael Egnew,TE,MIA/DET,2012.0,4.0,2.776456,0.694114,0.588956,0.006,2012.0,Dolphins,rookie,0.0
Tyler Kroft,TE,49ers,2022.0,1.0,1.195,1.195,0.0,0.006,2015.0,Bengals,veteran,7.0
Kylen Granson,TE,Colts,2021.0,4.0,4.186364,1.046591,0.706364,0.006,2021.0,Colts,rookie,0.0
Gary Barnidge,TE,Panthers,2011.0,1.0,0.69,0.69,0.05,0.006,2008.0,Panthers,veteran,3.0
Ricky Seals-Jones,TE,Giants,2022.0,1.0,1.1875,1.1875,0.3525,0.006,2017.0,Cardinals,veteran,5.0
Eric Saubert,TE,Broncos,2022.0,1.0,1.1875,1.1875,0.03,0.006,2017.0,Falcons,veteran,5.0
Jeremy Sprinkle,TE,Cowboys,2022.0,1.0,1.1875,1.1875,0.1525,0.006,2017.0,Commanders,veteran,5.0
Bear Pascoe,TE,Patriots,2016.0,1.0,0.885,0.885,0.0,0.006,2009.0,,veteran,7.0
Matthew Mulligan,TE,Lions,2016.0,1.0,0.885,0.885,0.0,0.006,2008.0,Dolphins,veteran,8.0
Alex Smith,TE,Browns,2011.0,1.0,0.685,0.685,0.0,0.006,2005.0,Buccaneers,veteran,6.0
Will Kacmarek,TE,Dolphins,2026.0,4.0,6.849462,1.712366,1.441428,0.006,2026.0,Dolphins,rookie,0.0
Logan Paulsen,TE,Falcons,2018.0,1.0,1.005,1.005,0.2,0.006,2010.0,Commanders,veteran,8.0
Tip Reiman,TE,Cardinals,2024.0,4.0,5.789912,1.447478,1.030844,0.006,2024.0,Cardinals,rookie,0.0
Josh Oliver,TE,JAX/BAL,2019.0,4.0,4.250844,1.062711,1.111524,0.006,2019.0,Jaguars,rookie,0.0
Donald Parham,TE,Chargers,2023.0,2.0,2.565,1.2675,0.4,0.006,2019.0,Lions,veteran,4.0
Devin Asiasi,TE,CIN/NE,2020.0,4.0,4.46627,1.116568,0.89296,0.006,2020.0,Patriots,rookie,0.0
Tyler Kroft,TE,Dolphins,2023.0,1.0,1.265,1.265,0.1,0.006,2015.0,Bengals,veteran,8.0
Jordan Reed,TE,Commanders,2013.0,4.0,2.76,0.69,0.549112,0.006,2013.0,Commanders,rookie,0.0
Stephen Anderson,TE,Cardinals,2022.0,1.0,1.167005,1.167005,0.0,0.006,2016.0,Texans,veteran,6.0
Eli Raridon,TE,Patriots,2026.0,4.0,6.748712,1.687178,1.368152,0.006,2026.0,Patriots,rookie,0.0
Kenny Yeboah,TE,Jets,2024.0,1.0,1.425,1.425,0.225,0.006,2021.0,Jets,veteran,3.0
Josiah Deguara,TE,Packers,2020.0,4.0,4.419685,1.104921,0.867468,0.006,2020.0,Packers,rookie,0.0
James Mitchell,TE,Panthers,2026.0,1.0,1.655,1.655,0.59,0.005,2022.0,Lions,veteran,4.0
O.J. Howard,TE,Raiders,2023.0,1.0,1.2325,1.2325,0.45125,0.005,2017.0,Buccaneers,veteran,6.0
Trevon Wesco,TE,Titans,2023.0,1.0,1.2325,1.2325,0.3525,0.005,2019.0,Jets,veteran,4.0
Drew Sample,TE,Bengals,2023.0,1.0,1.2325,1.2325,0.0525,0.005,2019.0,Bengals,veteran,4.0
Ko Kieft,TE,Buccaneers,2026.0,1.0,1.65,1.65,0.6,0.005,2022.0,Buccaneers,veteran,4.0
Ian Thomas,TE,Raiders,2025.0,1.0,1.5245,1.5245,0.5675,0.005,2018.0,Panthers,veteran,7.0
Jacob Harris,TE,Rams,2021.0,4.0,3.979344,0.994836,0.499344,0.005,2021.0,Rams,rookie,0.0
Dalton Keene,TE,Patriots,2020.0,4.0,4.314811,1.078703,0.832292,0.005,2020.0,Patriots,rookie,0.0
Adam Trautman,TE,Saints,2020.0,4.0,4.31121,1.077803,0.832292,0.005,2020.0,Saints,rookie,0.0
Cade Otton,TE,Buccaneers,2022.0,4.0,4.52394,1.130985,0.83394,0.005,2022.0,Buccaneers,rookie,0.0
Nate Adkins,TE,Broncos,2026.0,1.0,1.635,1.635,0.3,0.005,2023.0,Broncos,veteran,3.0
Ricky Seals-Jones,TE,Commanders,2021.0,1.0,0.99,0.99,0.0,0.005,2017.0,Cardinals,veteran,4.0
Jacob Hollister,TE,Jaguars,2021.0,1.0,0.99,0.99,0.0,0.005,2017.0,Patriots,veteran,4.0
Eric Saubert,TE,Broncos,2021.0,1.0,0.99,0.99,0.0,0.005,2017.0,Falcons,veteran,4.0
Kelvin Benjamin,TE,Giants,2021.0,1.0,0.99,0.99,0.0,0.005,2014.0,Panthers,veteran,7.0
Garrett Graham,TE,Broncos,2016.0,1.0,0.84,0.84,0.08,0.005,2010.0,Texans,veteran,6.0
David Johnson,TE,Steelers,2013.0,1.0,0.665,0.665,0.0,0.005,2009.0,Steelers,veteran,4.0
MyCole Pruitt,TE,Falcons,2023.0,1.0,1.215,1.215,0.0,0.005,2015.0,Vikings,veteran,8.0
Chris Manhertz,TE,Giants,2024.0,1.0,1.3775,1.3775,0.1175,0.005,2014.0,Bills,veteran,10.0
John Phillips,TE,Saints,2017.0,1.0,0.9,0.9,0.0,0.005,2009.0,Cowboys,veteran,8.0
Jesse James,TE,Browns,2022.0,1.0,1.12,1.12,0.0,0.005,2015.0,Steelers,veteran,7.0
John FitzPatrick,TE,Packers,2025.0,1.0,1.5,1.5,0.125,0.005,2022.0,Falcons,veteran,3.0
Ian Thomas,TE,Raiders,2026.0,1.0,1.615,1.615,0.6125,0.005,2018.0,Panthers,veteran,8.0
Daniel Bellinger,TE,Giants,2022.0,4.0,4.453112,1.113278,0.793112,0.005,2022.0,Giants,rookie,0.0
Dion Sims,TE,Dolphins,2013.0,4.0,2.627552,0.656888,0.467552,0.005,2013.0,Dolphins,rookie,0.0
Troy Niklas,TE,Patriots,2018.0,1.0,0.94,0.94,0.175,0.005,2014.0,Cardinals,veteran,4.0
Jordan Reed,TE,49ers,2020.0,1.0,1.05,1.05,0.0,0.005,2013.0,Commanders,veteran,7.0
Luke Stocker,TE,Falcons,2020.0,1.0,1.05,1.05,0.0,0.005,2011.0,Buccaneers,veteran,9.0
Ladarius Green,TE,Chargers,2012.0,4.0,2.5509,0.637725,0.4509,0.005,2012.0,Chargers,rookie,0.0
Nick O'Leary,TE,Raiders,2020.0,1.0,1.0475,1.0475,0.1375,0.005,2015.0,Bills,veteran,5.0
Luke Farrell,TE,Jaguars,2021.0,4.0,3.83802,0.959505,0.35802,0.005,2021.0,Jaguars,rookie,0.0
Brevin Jordan,TE,Texans,2021.0,4.0,3.832184,0.958046,0.325184,0.005,2021.0,Texans,rookie,0.0
Tim Wright,TE,Lions,2016.0,1.0,0.815,0.815,0.0,0.005,2013.0,Buccaneers,veteran,3.0
Orson Charles,TE,Bengals,2012.0,4.0,2.5293,0.632325,0.4293,0.005,2012.0,Bengals,rookie,0.0
Jake Ferguson,TE,Cowboys,2022.0,4.0,4.36488,1.09122,0.70488,0.005,2022.0,Cowboys,rookie,0.0
Charlie Kolar,TE,Ravens,2022.0,4.0,4.36488,1.09122,0.70488,0.005,2022.0,Ravens,rookie,0.0
Tyler Kroft,TE,Bengals,2015.0,4.0,3.001276,0.750319,0.647776,0.005,2015.0,Bengals,rookie,0.0
Jordan Cameron,TE,Browns,2011.0,4.0,2.5174,0.62935,0.4774,0.005,2011.0,Browns,rookie,0.0
D.J. Williams,TE,Buccaneers,2014.0,2.0,1.39,0.695,0.0,0.005,2011.0,Packers,veteran,3.0
Daniel Brown,TE,Bears,2018.0,1.0,0.925,0.925,0.07,0.005,2015.0,Ravens,veteran,3.0
Luke Stocker,TE,Buccaneers,2011.0,4.0,2.512688,0.628172,0.472688,0.005,2011.0,Buccaneers,rookie,0.0
Steve Maneri,TE,Jets,2015.0,1.0,0.745,0.745,0.0,0.005,2010.0,Texans,veteran,5.0
Tony Moeaki,TE,Falcons,2015.0,1.0,0.745,0.745,0.0,0.005,2010.0,Chiefs,veteran,5.0
Ryan Taylor,TE,Chiefs,2015.0,1.0,0.745,0.745,0.0,0.005,2011.0,Packers,veteran,4.0
Rob Housler,TE,Bears,2015.0,1.0,0.745,0.745,0.0,0.005,2011.0,Cardinals,veteran,4.0
Richard Gordon,TE,Broncos,2015.0,1.0,0.745,0.745,0.0,0.005,2011.0,Raiders,veteran,4.0
Noah Gray,TE,Chiefs,2021.0,4.0,3.79378,0.948445,0.31378,0.005,2021.0,Chiefs,rookie,0.0
Richard Rodgers,TE,Packers,2014.0,4.0,2.761016,0.690254,0.506016,0.005,2014.0,Packers,rookie,0.0
Craig Stevens,TE,Titans,2008.0,4.0,2.402,0.6005,0.697,0.005,2008.0,Titans,rookie,0.0
John Phillips,TE,Cardinals,2018.0,1.0,0.915,0.915,0.0,0.005,2009.0,Cowboys,veteran,9.0
Feleipe Franks,TE,Falcons,2025.0,1.0,1.44,1.44,0.2,0.005,2021.0,Falcons,veteran,4.0
Adrien Robinson,TE,Giants,2012.0,4.0,2.485652,0.621413,0.385652,0.005,2012.0,Giants,rookie,0.0
Jeff Heuerman,TE,Broncos,2015.0,4.0,2.945804,0.736451,0.620804,0.005,2015.0,Broncos,rookie,0.0
Jace Sternberger,TE,Packers,2019.0,4.0,3.865528,0.966382,1.006528,0.005,2019.0,Packers,rookie,0.0
Crockett Gillmore,TE,Ravens,2014.0,4.0,2.731016,0.682754,0.506016,0.005,2014.0,Ravens,rookie,0.0
Harrison Bryant,TE,Browns,2020.0,4.0,4.064032,1.016008,0.769032,0.005,2020.0,Browns,rookie,0.0
Zach Miller,TE,Buccaneers,2013.0,1.0,0.63,0.63,0.0,0.005,2009.0,Jaguars,veteran,4.0
Bradley Sowell,TE,Bears,2017.0,1.0,0.855,0.855,0.08,0.005,2012.0,Buccaneers,veteran,5.0
Albert Okwuegbunam,TE,DEN/PHI,2020.0,4.0,4.044044,1.011011,0.749044,0.005,2020.0,Broncos,rookie,0.0
Chris Manhertz,TE,Giants,2025.0,1.0,1.4225,1.4225,0.5675,0.005,2014.0,Bills,veteran,11.0
Ian Thomas,TE,Panthers,2024.0,1.0,1.3,1.3,1.3,0.005,2018.0,Panthers,veteran,6.0
Jermichael Finley,TE,Packers,2008.0,4.0,2.358,0.5895,0.653,0.005,2008.0,Packers,rookie,0.0
Tanner Hudson,TE,Bengals,2024.0,1.0,1.2925,1.2925,0.1675,0.005,2018.0,Buccaneers,veteran,6.0
Ross Dwelley,TE,Falcons,2024.0,1.0,1.2925,1.2925,0.0955,0.005,2018.0,49ers,veteran,6.0
Sean Culkin,TE,Chiefs,2021.0,1.0,0.92,0.92,0.0,0.005,2017.0,Chargers,veteran,4.0
Jordan Thomas,TE,Colts,2021.0,1.0,0.92,0.92,0.0,0.005,2018.0,Texans,veteran,3.0
Tim Tebow,TE,Jaguars,2021.0,1.0,0.92,0.92,0.0,0.005,2010.0,Broncos,veteran,11.0
Johnny Mundt,TE,Rams,2021.0,1.0,0.92,0.92,0.1,0.005,2017.0,Rams,veteran,4.0
Jordan Leggett,TE,Broncos,2021.0,1.0,0.92,0.92,0.0,0.005,2017.0,Jets,veteran,4.0
Gabe Holmes,TE,Dolphins,2021.0,1.0,0.92,0.92,0.0,0.005,2015.0,Raiders,veteran,6.0
Stephen Anderson,TE,Chargers,2021.0,1.0,0.92,0.92,0.0,0.005,2016.0,Texans,veteran,5.0
Jerell Adams,TE,Buccaneers,2021.0,1.0,0.92,0.92,0.0,0.005,2016.0,Giants,veteran,5.0
Julius Thomas,TE,Broncos,2011.0,4.0,2.424,0.606,0.384,0.005,2011.0,Broncos,rookie,0.0
Colby Parkinson,TE,Seahawks,2020.0,4.0,3.96544,0.99136,0.67044,0.005,2020.0,Seahawks,rookie,0.0
Levine Toilolo,TE,Falcons,2013.0,4.0,2.460584,0.615146,0.300584,0.005,2013.0,Falcons,rookie,0.0
Isaiah Likely,TE,Ravens,2022.0,4.0,4.164336,1.041084,0.504336,0.005,2022.0,Ravens,rookie,0.0
Chigoziem Okonkwo,TE,Titans,2022.0,4.0,4.164336,1.041084,0.504336,0.005,2022.0,Titans,rookie,0.0
Jesper Horsted,TE,Raiders,2023.0,1.0,1.12,1.12,0.03,0.005,2019.0,Bears,veteran,4.0
Johnny Mundt,TE,Eagles,2026.0,1.0,1.5,1.5,0.75,0.005,2017.0,Rams,veteran,9.0
Brycen Hopkins,TE,Rams,2020.0,4.0,3.948132,0.987033,0.653132,0.005,2020.0,Rams,rookie,0.0
Jared Cook,TE,Titans,2009.0,4.0,2.45,0.6125,0.7,0.005,2009.0,Titans,rookie,0.0
O.J. Howard,TE,Texans,2022.0,1.0,1.035,1.035,0.0,0.005,2017.0,Buccaneers,veteran,5.0
Pharaoh Brown,TE,Browns,2022.0,1.0,1.035,1.035,0.0,0.005,2017.0,Raiders,veteran,5.0
Christopher Herndon IV,TE,Saints,2022.0,1.0,1.035,1.035,0.0,0.005,2018.0,Jets,veteran,4.0
Eric Tomlinson,TE,Broncos,2022.0,1.0,1.035,1.035,0.0,0.005,2015.0,Eagles,veteran,7.0
Ross Dwelley,TE,49ers,2022.0,1.0,1.035,1.035,0.25,0.005,2018.0,49ers,veteran,4.0
Trey Edmunds,TE,Steelers,2022.0,1.0,1.035,1.035,0.0,0.005,2017.0,Saints,veteran,5.0
Deon Yelder,TE,Cardinals,2022.0,1.0,1.035,1.035,0.0,0.005,2018.0,Saints,veteran,4.0
Richard Rodgers,TE,Eagles,2018.0,1.0,0.88,0.88,0.245,0.005,2014.0,Packers,veteran,4.0
Garrett Celek,TE,49ers,2015.0,1.0,0.71,0.71,0.025,0.005,2012.0,,veteran,3.0
Lance Kendricks,TE,Chargers,2019.0,1.0,0.93,0.93,0.0,0.005,2011.0,Rams,veteran,8.0
Niles Paul,TE,49ers,2019.0,1.0,0.93,0.93,0.0,0.005,2011.0,Commanders,veteran,8.0
John Phillips,TE,Chiefs,2019.0,1.0,0.93,0.93,0.0,0.005,2009.0,Cowboys,veteran,10.0
Logan Paulsen,TE,Texans,2019.0,1.0,0.93,0.93,0.0,0.005,2010.0,Commanders,veteran,9.0
Andrew Beck,TE,Jets,2026.0,1.0,1.4875,1.4875,1.2625,0.005,2019.0,Patriots,veteran,7.0
Chris Manhertz,TE,Giants,2026.0,1.0,1.4875,1.4875,0.2625,0.005,2014.0,Bills,veteran,12.0
Ja'Tavion Sanders,TE,Panthers,2024.0,4.0,5.044236,1.261059,0.874236,0.005,2024.0,Panthers,rookie,0.0
MyCole Pruitt,TE,Steelers,2024.0,1.0,1.26,1.26,0.0,0.005,2015.0,Vikings,veteran,9.0
Nick Vannett,TE,SEA/PIT,2016.0,4.0,3.05688,0.76422,0.65688,0.005,2016.0,Seahawks,rookie,0.0
David Johnson,TE,Steelers,2016.0,1.0,0.76,0.76,0.0,0.005,2009.0,Steelers,veteran,7.0
Rob Housler,TE,Bears,2016.0,1.0,0.76,0.76,0.0,0.005,2011.0,Cardinals,veteran,5.0
Richard Gordon,TE,Broncos,2016.0,1.0,0.76,0.76,0.0,0.005,2011.0,Raiders,veteran,5.0
Tony Moeaki,TE,Bears,2016.0,1.0,0.76,0.76,0.0,0.005,2010.0,Chiefs,veteran,6.0
Jim Dray,TE,49ers,2016.0,1.0,0.76,0.76,0.0,0.005,2010.0,Cardinals,veteran,6.0
Andrew Quarless,TE,Lions,2016.0,1.0,0.76,0.76,0.0,0.005,2010.0,Packers,veteran,6.0
Chase Coffman,TE,Colts,2016.0,1.0,0.76,0.76,0.0,0.005,2009.0,Bengals,veteran,7.0
Alex Smith,TE,Browns,2010.0,1.0,0.63,0.63,0.0,0.005,2005.0,Buccaneers,veteran,5.0
D.J. Williams,TE,Patriots,2013.0,1.0,1.2,0.6,0.0,0.005,2011.0,Packers,veteran,2.0
Mark Andrews,TE,Ravens,2018.0,4.0,3.45316,0.86329,0.83666,0.005,2018.0,Ravens,rookie,0.0
Blake Bell,TE,SF/MIN,2015.0,4.0,2.785132,0.696283,0.505132,0.005,2015.0,49ers,rookie,0.0
Ed Dickson,TE,Ravens,2010.0,3.0,1.8775,0.625833,0.6625,0.005,2010.0,Ravens,rookie,0.0
Zach Miller,TE,Bears,2014.0,1.0,0.645,0.645,0.0,0.005,2009.0,Jaguars,veteran,5.0
Kahale Warring,TE,HOU/NE/IND,2019.0,4.0,3.640454,0.910114,0.892204,0.005,2019.0,Texans,rookie,0.0
Stone Smartt,TE,Jets,2025.0,1.0,1.35,1.35,0.25,0.005,2022.0,Chargers,veteran,3.0
Tommy Sweeney,TE,Giants,2023.0,1.0,1.08,1.08,0.0,0.005,2019.0,Bills,veteran,4.0
Mason Schreck,TE,Texans,2023.0,1.0,1.08,1.08,0.0,0.005,2017.0,Bengals,veteran,6.0
Ricky Seals-Jones,TE,Colts,2023.0,1.0,1.08,1.08,0.0,0.005,2017.0,Cardinals,veteran,6.0
Jacob Hollister,TE,Raiders,2023.0,1.0,1.08,1.08,0.0,0.005,2017.0,Patriots,veteran,6.0
Cole Turner,TE,Commanders,2022.0,4.0,3.99888,0.99972,0.33888,0.005,2022.0,Commanders,rookie,0.0
Kenny Yeboah,TE,Lions,2025.0,1.0,1.3375,1.3375,0.4825,0.005,2021.0,Jets,veteran,4.0
Andrew Beck,TE,Jets,2025.0,1.0,1.3375,1.3375,0.1675,0.005,2019.0,Patriots,veteran,6.0
Lee Smith,TE,BUF/NE,2011.0,4.0,2.298282,0.574571,0.17148,0.005,2011.0,Patriots,rookie,0.0
Taylor Thompson,TE,Titans,2012.0,4.0,2.298,0.5745,0.198,0.005,2012.0,Titans,rookie,0.0
Daniel Brown,TE,Jets,2019.0,1.0,0.895,0.895,0.15,0.005,2015.0,Ravens,veteran,4.0
Austin Seferian-Jenkins,TE,Patriots,2019.0,1.0,0.895,0.895,0.05,0.005,2014.0,Buccaneers,veteran,5.0
Levine Toilolo,TE,49ers,2019.0,1.0,0.895,0.895,0.0,0.005,2013.0,Falcons,veteran,6.0
Blake Bell,TE,Chiefs,2019.0,1.0,0.895,0.895,0.0,0.005,2015.0,49ers,veteran,4.0
Jonnu Smith,TE,Titans,2017.0,4.0,3.175913,0.793978,0.706288,0.005,2017.0,Titans,rookie,0.0
Luke Willson,TE,Seahawks,2013.0,4.0,2.338532,0.584633,0.178532,0.005,2013.0,Seahawks,rookie,0.0
Teagan Quitoriano,TE,Texans,2022.0,4.0,3.956148,0.989037,0.296148,0.005,2022.0,Texans,rookie,0.0
Theo Johnson,TE,Giants,2024.0,4.0,4.851436,1.212859,0.831436,0.005,2024.0,Giants,rookie,0.0
Lucas Krull,TE,Broncos,2026.0,1.0,1.43,1.43,0.1,0.005,2022.0,Saints,veteran,4.0
Owen Daniels,TE,Texans,2006.0,3.0,1.45,0.483333,0.37,0.005,2006.0,Texans,rookie,0.0
Nick Vannett,TE,Titans,2024.0,1.0,1.21,1.21,0.0,0.005,2016.0,Seahawks,veteran,8.0
Eric Saubert,TE,49ers,2024.0,1.0,1.21,1.21,0.0,0.005,2017.0,Falcons,veteran,7.0
Logan Thomas,TE,49ers,2024.0,1.0,1.21,1.21,0.0,0.005,2014.0,Cardinals,veteran,10.0
Scott Chandler,TE,Chargers,2007.0,4.0,2.0635,0.515875,0.3985,0.005,2007.0,Chargers,rookie,0.0
Erick All,TE,Bengals,2024.0,4.0,4.813104,1.203276,0.793104,0.005,2024.0,Bengals,rookie,0.0
Tyler Higbee,TE,Rams,2016.0,4.0,2.92086,0.730215,0.58086,0.005,2016.0,Rams,rookie,0.0
Jordan Akins,TE,Texans,2018.0,4.0,3.323516,0.830879,0.761516,0.005,2018.0,Texans,rookie,0.0
James Mitchell,TE,Lions,2022.0,4.0,3.902556,0.975639,0.242556,0.005,2022.0,Lions,rookie,0.0
Dawson Knox,TE,Bills,2019.0,4.0,3.5216,0.8804,0.82218,0.005,2019.0,Bills,rookie,0.0
A.J. Barner,TE,Seahawks,2024.0,4.0,4.775108,1.193777,0.755108,0.005,2024.0,Seahawks,rookie,0.0
Cade Stover,TE,Texans,2024.0,4.0,4.758936,1.189734,0.738936,0.005,2024.0,Texans,rookie,0.0
Jaeden Graham,TE,Falcons,2021.0,1.0,0.85,0.85,0.0,0.005,2018.0,Falcons,veteran,3.0
J.P. Holtz,TE,Bears,2021.0,1.0,0.85,0.85,0.0,0.005,2016.0,Browns,veteran,5.0
Jake Butt,TE,Bears,2021.0,1.0,0.85,0.85,0.0,0.005,2017.0,Broncos,veteran,4.0
Isaac Nauta,TE,Packers,2021.0,1.0,0.85,0.85,0.0,0.005,2019.0,Lions,veteran,2.0
Stephen Carlson,TE,Browns,2021.0,1.0,0.85,0.85,0.0,0.005,2019.0,Browns,veteran,2.0
Garrett Griffin,TE,Saints,2021.0,1.0,0.85,0.85,0.0,0.005,2016.0,Saints,veteran,5.0
Troy Fumagalli,TE,Patriots,2021.0,1.0,0.85,0.85,0.0,0.005,2018.0,Broncos,veteran,3.0
Evan Baylis,TE,Chiefs,2021.0,1.0,0.85,0.85,0.0,0.005,2017.0,Texans,veteran,4.0
Kylen Granson,TE,Titans,2026.0,1.0,1.4025,1.4025,0.625,0.005,2021.0,Colts,veteran,5.0
Eric Saubert,TE,Seahawks,2025.0,1.0,1.3,1.3,0.0,0.005,2017.0,Falcons,veteran,8.0
Gabe Miller,TE,Chiefs,2011.0,4.0,2.2385,0.559625,0.1985,0.005,2011.0,Chiefs,rookie,0.0
D.J. Williams,TE,JAX/GB,2011.0,4.0,2.238,0.5595,0.198,0.005,2011.0,Packers,rookie,0.0
Brandon Williams,TE,Colts,2017.0,1.0,0.775,0.775,0.0,0.005,2013.0,Panthers,veteran,4.0
Rob Housler,TE,Patriots,2017.0,1.0,0.775,0.775,0.0,0.005,2011.0,Cardinals,veteran,6.0
Jim Dray,TE,Cardinals,2017.0,1.0,0.775,0.775,0.0,0.005,2010.0,Cardinals,veteran,7.0
Clay Harbor,TE,Saints,2017.0,1.0,0.775,0.775,0.0,0.005,2010.0,Eagles,veteran,7.0
Jeff Cumberland,TE,Chargers,2017.0,1.0,0.775,0.775,0.0,0.005,2010.0,Jets,veteran,7.0
Larry Donnell,TE,Ravens,2017.0,1.0,0.775,0.775,0.0,0.005,2012.0,Giants,veteran,5.0
Logan Paulsen,TE,49ers,2017.0,1.0,0.775,0.775,0.0,0.005,2010.0,Commanders,veteran,7.0
Gavin Escobar,TE,Ravens,2017.0,1.0,0.775,0.775,0.0,0.005,2013.0,Cowboys,veteran,4.0
Nick Kasa,TE,Raiders,2013.0,4.0,2.2806,0.57015,0.1206,0.005,2013.0,Raiders,rookie,0.0
Alex Ellis,TE,Cardinals,2022.0,1.0,0.965,0.965,0.0,0.005,2016.0,Titans,veteran,6.0
Daniel Helm,TE,Falcons,2022.0,1.0,0.965,0.965,0.0,0.005,2019.0,Chargers,veteran,3.0
Jace Sternberger,TE,Steelers,2022.0,1.0,0.965,0.965,0.0,0.005,2019.0,Packers,veteran,3.0
Jordan Thomas,TE,Lions,2022.0,1.0,0.965,0.965,0.0,0.005,2018.0,Texans,veteran,4.0
Josh Whyle,TE,Titans,2023.0,4.0,4.165368,1.041342,0.325368,0.005,2023.0,Titans,rookie,0.0
Gunnar Helm,TE,Titans,2025.0,4.0,5.172908,1.293227,0.972908,0.005,2025.0,Titans,rookie,0.0
Tyler Davis,TE,Packers,2023.0,1.0,1.04,1.04,0.0,0.005,2020.0,Jaguars,veteran,3.0
Mitchell Wilcox,TE,Bengals,2023.0,1.0,1.04,1.04,0.025,0.005,2020.0,Bengals,veteran,3.0
Niles Paul,TE,Commanders,2011.0,4.0,2.221652,0.555413,0.181652,0.005,2011.0,Commanders,rookie,0.0
Jared Wiley,TE,Chiefs,2024.0,4.0,4.70862,1.177155,0.68862,0.005,2024.0,Chiefs,rookie,0.0
Andrew Ogletree,TE,Colts,2022.0,4.0,3.838192,0.959548,0.178192,0.005,2022.0,Colts,rookie,0.0
D.J. Williams,TE,Commanders,2015.0,1.0,0.66,0.66,0.0,0.005,2011.0,Packers,veteran,4.0
Allen Reisner,TE,Ravens,2015.0,1.0,0.66,0.66,0.0,0.005,2011.0,Vikings,veteran,4.0
Zach Miller,TE,Bears,2015.0,1.0,0.66,0.66,0.0,0.005,2009.0,Jaguars,veteran,6.0
Anthony McCoy,TE,Seahawks,2015.0,1.0,0.66,0.66,0.0,0.005,2010.0,Seahawks,veteran,5.0
Grant Calcaterra,TE,Eagles,2022.0,4.0,3.83414,0.958535,0.17414,0.005,2022.0,Eagles,rookie,0.0
Mychal Rivera,TE,Raiders,2013.0,4.0,2.264852,0.566213,0.104852,0.005,2013.0,Raiders,rookie,0.0
Will Mallory,TE,Colts,2023.0,4.0,4.130592,1.032648,0.290592,0.005,2023.0,Colts,rookie,0.0
MarQueis Gray,TE,49ers,2020.0,1.0,0.91,0.91,0.0,0.005,2013.0,,veteran,7.0
Richard Rodgers,TE,Eagles,2020.0,1.0,0.91,0.91,0.0,0.005,2014.0,Packers,veteran,6.0
Trey Burton,TE,Colts,2020.0,1.0,0.91,0.91,0.1,0.005,2014.0,Eagles,veteran,6.0
Geoff Swaim,TE,Titans,2020.0,1.0,0.91,0.91,0.0,0.005,2015.0,Cowboys,veteran,5.0
Jacob Tamme,TE,Colts,2008.0,4.0,2.126572,0.531643,0.421572,0.005,2008.0,Colts,rookie,0.0
Connor Heyward,TE,Steelers,2022.0,4.0,3.815224,0.953806,0.155224,0.005,2022.0,Steelers,rookie,0.0
James Hanna,TE,Cowboys,2012.0,4.0,2.204852,0.551213,0.104852,0.005,2012.0,Cowboys,rookie,0.0
Ko Kieft,TE,Buccaneers,2022.0,4.0,3.792012,0.948003,0.132012,0.005,2022.0,Buccaneers,rookie,0.0
John FitzPatrick,TE,Falcons,2022.0,4.0,3.792012,0.948003,0.132012,0.005,2022.0,Falcons,rookie,0.0
Ryan Griffin,TE,Texans,2013.0,4.0,2.23868,0.55967,0.07868,0.005,2013.0,Texans,rookie,0.0
Payne Durham,TE,Buccaneers,2023.0,4.0,4.08498,1.021245,0.24498,0.005,2023.0,Buccaneers,rookie,0.0
Davis Allen,TE,Rams,2023.0,4.0,4.08498,1.021245,0.24498,0.005,2023.0,Rams,rookie,0.0
Arthur Lynch,TE,MIA/NYJ,2014.0,4.0,2.4113,0.602825,0.1913,0.005,2014.0,Dolphins,rookie,0.0
Ian Thomas,TE,Panthers,2018.0,4.0,3.207992,0.801998,0.747992,0.005,2018.0,Panthers,rookie,0.0
Michael Williams,TE,Lions,2013.0,4.0,2.225148,0.556287,0.065148,0.005,2013.0,Lions,rookie,0.0
Jake Fisher,TE,Bills,2019.0,1.0,0.85,0.85,0.015,0.005,2015.0,Bengals,veteran,4.0
Richard Gordon,TE,PIT/KC,2013.0,1.0,0.555,0.555,0.0,0.005,2011.0,Raiders,veteran,2.0
Chris Gragg,TE,Bills,2013.0,4.0,2.219172,0.554794,0.059172,0.005,2013.0,Bills,rookie,0.0
Jordan Matthews,TE,Panthers,2025.0,1.0,1.255,1.255,0.0,0.004,2014.0,Eagles,veteran,11.0
Tanner Hudson,TE,Bengals,2025.0,1.0,1.255,1.255,0.0,0.004,2018.0,Buccaneers,veteran,7.0
Chris Myarick,TE,Giants,2023.0,1.0,1.01,1.01,0.0,0.004,2019.0,Dolphins,veteran,4.0
Kendall Blanton,TE,Chiefs,2023.0,1.0,1.01,1.01,0.0,0.004,2019.0,Rams,veteran,4.0
Daniel Helm,TE,Lions,2023.0,1.0,1.01,1.01,0.0,0.004,2019.0,Chargers,veteran,4.0
Kaden Smith,TE,Commanders,2023.0,1.0,1.01,1.01,0.0,0.004,2019.0,49ers,veteran,4.0
Jace Sternberger,TE,Bills,2023.0,1.0,1.01,1.01,0.0,0.004,2019.0,Packers,veteran,4.0
Ben Ellefson,TE,Vikings,2023.0,1.0,1.01,1.01,0.0,0.004,2020.0,Jaguars,veteran,3.0
Michael Roberts,TE,Lions,2017.0,4.0,2.999244,0.749811,0.599244,0.004,2017.0,Lions,rookie,0.0
Briley Moore,TE,Titans,2021.0,3.0,2.455,0.818333,0.18,0.004,2021.0,Titans,rookie,0.0
Tanner Hudson,TE,Bengals,2026.0,1.0,1.35,1.35,0.05,0.004,2018.0,Buccaneers,veteran,8.0
Christopher Herndon IV,TE,NYJ/MIN,2018.0,4.0,3.171368,0.792842,0.711368,0.004,2018.0,Jets,rookie,0.0
Bruno Labelle,TE,Cardinals,2021.0,3.0,2.4475,0.815833,0.0225,0.004,2021.0,Cardinals,rookie,0.0
Jack Stoll,TE,Eagles,2021.0,3.0,2.4475,0.815833,0.1225,0.004,2021.0,Eagles,rookie,0.0
Charles Clay,TE,Dolphins,2011.0,4.0,2.152,0.538,0.112,0.004,2011.0,Dolphins,rookie,0.0
Sammis Reyes,TE,Commanders,2021.0,3.0,2.445,0.815,0.3926,0.004,2021.0,Commanders,rookie,0.0
Dylan Soehner,TE,Saints,2021.0,3.0,2.445,0.815,0.12,0.004,2021.0,Saints,rookie,0.0
Orson Charles,TE,Browns,2018.0,1.0,0.79,0.79,0.0,0.004,2012.0,Bengals,veteran,6.0
Logan Thomas,TE,Bills,2018.0,1.0,0.79,0.79,0.0,0.004,2014.0,Cardinals,veteran,4.0
Gavin Escobar,TE,Dolphins,2018.0,1.0,0.79,0.79,0.0,0.004,2013.0,Cowboys,veteran,5.0
Zach Miller,TE,Bears,2018.0,1.0,0.79,0.79,0.0,0.004,2009.0,Jaguars,veteran,9.0
Pro Wells,TE,Bengals,2021.0,3.0,2.44,0.813333,0.015,0.004,2021.0,Bengals,rookie,0.0
Drake Dunsmore,TE,Buccaneers,2012.0,4.0,2.149,0.53725,0.049,0.004,2012.0,Buccaneers,rookie,0.0
Richard Gordon,TE,Raiders,2011.0,4.0,2.144852,0.536213,0.104852,0.004,2011.0,Raiders,rookie,0.0
David Paulson,TE,Steelers,2012.0,4.0,2.145896,0.536474,0.045896,0.004,2012.0,Steelers,rookie,0.0
Artayvious Lynn,TE,Cowboys,2021.0,3.0,2.43,0.81,0.06,0.004,2021.0,Cowboys,rookie,0.0
Logan Thomas,TE,Lions,2019.0,1.0,0.835,0.835,0.0,0.004,2014.0,Cardinals,veteran,5.0
Scooter Harrington,TE,Bears,2021.0,3.0,2.426,0.808667,0.001,0.004,2021.0,Bears,rookie,0.0
Daniel Crawford,TE,Packers,2021.0,3.0,2.425,0.808333,0.0,0.004,2021.0,Packers,rookie,0.0
Carson Williams,TE,Raiders,2021.0,3.0,2.425,0.808333,0.05,0.004,2021.0,Raiders,rookie,0.0
Cheyenne O'Grady,TE,Bengals,2021.0,3.0,2.425,0.808333,0.0,0.004,2021.0,Chiefs,rookie,0.0
Graham Adomitis,TE,Colts,2021.0,3.0,2.425,0.808333,0.0,0.004,2021.0,Colts,rookie,0.0
Kalif Jackson,TE,Dolphins,2021.0,3.0,2.425,0.808333,0.0,0.004,2021.0,Dolphins,rookie,0.0
Sal Cannella,TE,Dolphins,2021.0,3.0,2.425,0.808333,0.0,0.004,2021.0,Dolphins,rookie,0.0
Hunter Thedford,TE,Lions,2021.0,3.0,2.425,0.808333,0.0,0.004,2021.0,Lions,rookie,0.0
Jibri Blount,TE,Dolphins,2021.0,3.0,2.425,0.808333,0.0,0.004,2021.0,Dolphins,rookie,0.0
Ben Sims,TE,Dolphins,2026.0,1.0,1.3325,1.3325,0.1875,0.004,2023.0,Vikings,veteran,3.0
Irv Smith Jr.,TE,Texans,2025.0,1.0,1.23,1.23,0.015,0.004,2019.0,Vikings,veteran,6.0
Hayden Hurst,TE,Chargers,2024.0,1.0,1.125,1.125,0.0,0.004,2018.0,Ravens,veteran,6.0
Kevin Rader,TE,Saints,2024.0,1.0,1.125,1.125,0.0,0.004,2018.0,Packers,veteran,6.0
Jacob Hollister,TE,Panthers,2024.0,1.0,1.125,1.125,0.0,0.004,2017.0,Patriots,veteran,7.0
Jesper Horsted,TE,Saints,2024.0,1.0,1.125,1.125,0.0,0.004,2019.0,Bears,veteran,5.0
Garrett Graham,TE,Texans,2010.0,4.0,2.2701,0.567525,0.4801,0.004,2010.0,Texans,rookie,0.0
Joseph Fauria,TE,Cardinals,2015.0,2.0,1.26,0.63,0.0,0.004,2013.0,Lions,veteran,2.0
David Paulson,TE,Chargers,2015.0,2.0,1.26,0.63,0.0,0.004,2012.0,Steelers,veteran,3.0
Daniel Brown,TE,Jets,2020.0,1.0,0.87,0.87,0.0,0.004,2015.0,Ravens,veteran,5.0
Will Dissly,TE,Seahawks,2018.0,4.0,3.110268,0.777567,0.650268,0.004,2018.0,Seahawks,rookie,0.0
Charlie Woerner,TE,49ers,2020.0,4.0,3.476032,0.869008,0.181032,0.004,2020.0,49ers,rookie,0.0
Virgil Green,TE,Broncos,2011.0,4.0,2.109,0.52725,0.069,0.004,2011.0,Broncos,rookie,0.0
Jack Stoll,TE,Browns,2026.0,1.0,1.315,1.315,0.0,0.004,2021.0,Eagles,veteran,5.0
Durham Smythe,TE,Dolphins,2018.0,4.0,3.092232,0.773058,0.632232,0.004,2018.0,Dolphins,rookie,0.0
Ryan Taylor,TE,GB/CLE/BAL,2011.0,4.0,2.099176,0.524794,0.059176,0.004,2011.0,Packers,rookie,0.0
Brayden Willis,TE,49ers,2023.0,4.0,3.9199,0.979975,0.0799,0.004,2023.0,49ers,rookie,0.0
Tyler Davis,TE,Jaguars,2020.0,4.0,3.454548,0.863637,0.159548,0.004,2020.0,Jaguars,rookie,0.0
Xavier Grimble,TE,Colts,2019.0,1.0,0.82,0.82,0.0,0.004,2014.0,Giants,veteran,5.0
C.J. Uzomah,TE,Bengals,2015.0,4.0,2.492764,0.623191,0.212764,0.004,2015.0,Bengals,rookie,0.0
Konrad Reuland,TE,Colts,2016.0,1.0,0.675,0.675,0.0,0.004,2011.0,,veteran,5.0
Dominique Jones,TE,Dolphins,2016.0,1.0,0.675,0.675,0.0,0.004,2011.0,Colts,veteran,5.0
Greg Scruggs,TE,Patriots,2016.0,1.0,0.675,0.675,0.0,0.004,2012.0,Seahawks,veteran,4.0
Adrien Robinson,TE,Jets,2016.0,1.0,0.675,0.675,0.0,0.004,2012.0,Giants,veteran,4.0
Jesse James,TE,Steelers,2015.0,4.0,2.488912,0.622228,0.208912,0.004,2015.0,Steelers,rookie,0.0
Robert Tonyan,TE,Steelers,2026.0,1.0,1.3,1.3,0.0,0.004,2017.0,Lions,veteran,9.0
Tyler Conklin,TE,Lions,2026.0,1.0,1.3,1.3,0.0,0.004,2018.0,Vikings,veteran,8.0
Anthony Firkser,TE,Commanders,2026.0,1.0,1.3,1.3,0.0,0.004,2017.0,Jets,veteran,9.0
James O'Shaughnessy,TE,KC/NE/JAX,2015.0,4.0,2.473252,0.618313,0.166252,0.004,2015.0,Chiefs,rookie,0.0
Joel Dreessen,TE,Jets,2005.0,4.0,1.473,0.36825,0.088,0.004,2005.0,Jets,rookie,0.0
Kahale Warring,TE,Saints,2022.0,1.0,0.895,0.895,0.0,0.004,2019.0,Texans,veteran,3.0
Jesper Horsted,TE,Raiders,2022.0,1.0,0.895,0.895,0.0,0.004,2019.0,Bears,veteran,3.0
Donald Parham,TE,Chargers,2022.0,1.0,0.895,0.895,0.0,0.004,2019.0,Lions,veteran,3.0
Juwan Johnson,TE,Saints,2022.0,1.0,0.895,0.895,0.0,0.004,2020.0,Saints,veteran,2.0
Ryan Izzo,TE,Panthers,2022.0,1.0,0.895,0.895,0.0,0.004,2018.0,Patriots,veteran,4.0
Jaeden Graham,TE,Eagles,2022.0,1.0,0.895,0.895,0.0,0.004,2018.0,Falcons,veteran,4.0
Matthew Hibner,TE,Ravens,2026.0,4.0,5.169036,1.292259,0.789036,0.004,2026.0,Ravens,rookie,0.0
Trevon Wesco,TE,CHI/NYJ,2019.0,4.0,3.226572,0.806643,0.706572,0.004,2019.0,Jets,rookie,0.0
Stone Smartt,TE,Eagles,2026.0,1.0,1.29,1.29,0.225,0.004,2022.0,Chargers,veteran,4.0
Ryan Hewitt,TE,Titans,2019.0,1.0,0.805,0.805,0.0,0.004,2014.0,Bengals,veteran,5.0
Maxx Williams,TE,Cardinals,2019.0,1.0,0.805,0.805,0.25,0.004,2015.0,Ravens,veteran,4.0
Nick O'Leary,TE,Jaguars,2019.0,1.0,0.805,0.805,0.0,0.004,2015.0,Bills,veteran,4.0
Neal Sterling,TE,Chiefs,2019.0,1.0,0.805,0.805,0.0,0.004,2015.0,Jaguars,veteran,4.0
Luke Willson,TE,Seahawks,2019.0,1.0,0.805,0.805,0.0,0.004,2013.0,Seahawks,veteran,6.0
Scott Simonson,TE,Giants,2019.0,1.0,0.805,0.805,0.0,0.004,2014.0,Raiders,veteran,5.0
Richard Rodgers,TE,Eagles,2019.0,1.0,0.805,0.805,0.0,0.004,2014.0,Packers,veteran,5.0
Troy Niklas,TE,Buccaneers,2019.0,1.0,0.805,0.805,0.0,0.004,2014.0,Cardinals,veteran,5.0
Orson Charles,TE,Broncos,2019.0,1.0,0.805,0.805,0.0,0.004,2012.0,Bengals,veteran,7.0
Dylan Cantrell,TE,Commanders,2021.0,1.0,0.78,0.78,0.0,0.004,2018.0,Chargers,veteran,3.0
Tyrone Swoopes,TE,Commanders,2021.0,1.0,0.78,0.78,0.0,0.004,2017.0,Seahawks,veteran,4.0
Nick Keizer,TE,Chiefs,2021.0,1.0,0.78,0.78,0.0,0.004,2018.0,Ravens,veteran,3.0
Marcus Baugh,TE,Steelers,2021.0,1.0,0.78,0.78,0.0,0.004,2018.0,Raiders,veteran,3.0
Cole Hikutini,TE,Giants,2021.0,1.0,0.78,0.78,0.0,0.004,2017.0,49ers,veteran,4.0
Charles Jones,TE,Steelers,2021.0,1.0,0.78,0.78,0.0,0.004,2019.0,Jaguars,veteran,2.0
Lance Lenoir,TE,Bills,2021.0,1.0,0.78,0.78,0.0,0.004,2017.0,Cowboys,veteran,4.0
Nick Boyle,TE,Ravens,2015.0,4.0,2.446252,0.611563,0.166252,0.004,2015.0,Ravens,rookie,0.0
Ben Watson,TE,Patriots,2019.0,1.0,0.8,0.8,0.0,0.004,2004.0,Patriots,veteran,15.0
Nick Ralston,TE,Cowboys,2022.0,2.0,1.765,0.8825,0.0,0.004,2021.0,Cowboys,veteran,1.0
Tyler Davis,TE,Packers,2024.0,1.0,1.075,1.075,0.0,0.004,2020.0,Jaguars,veteran,4.0
Harrison Bryant,TE,Seahawks,2026.0,1.0,1.265,1.265,0.05,0.004,2020.0,Browns,veteran,6.0
Feleipe Franks,TE,Panthers,2026.0,1.0,1.265,1.265,0.0,0.004,2021.0,Falcons,veteran,5.0
Delanie Walker,TE,49ers,2006.0,4.0,1.712,0.428,0.1071,0.004,2006.0,,rookie,0.0
Brent Celek,TE,Eagles,2007.0,4.0,1.82718,0.456795,0.16218,0.004,2007.0,Eagles,rookie,0.0
Donald Parham,TE,Steelers,2025.0,1.0,1.17,1.17,0.0,0.004,2019.0,Lions,veteran,6.0
Malcolm Johnson,TE,Browns,2015.0,4.0,2.399452,0.599863,0.119452,0.004,2015.0,Browns,rookie,0.0
Randall Telfer,TE,CLE/IND/KC,2015.0,4.0,2.397536,0.599384,0.117536,0.004,2015.0,Browns,rookie,0.0
Jody Fortson,TE,Chiefs,2023.0,1.0,0.94,0.94,0.0,0.004,2019.0,Chiefs,veteran,4.0
Stephen Sullivan,TE,Panthers,2023.0,1.0,0.94,0.94,0.0,0.004,2020.0,Seahawks,veteran,3.0
Jared Pinkney,TE,Bears,2023.0,1.0,0.94,0.94,0.0,0.004,2020.0,Falcons,veteran,3.0
Dominique Dafney,TE,Buccaneers,2023.0,1.0,0.94,0.94,0.0,0.004,2020.0,Colts,veteran,3.0
Colin Thompson,TE,Vikings,2023.0,1.0,0.94,0.94,0.0,0.004,2017.0,Giants,veteran,6.0
Shane Zylstra,TE,Lions,2023.0,1.0,0.94,0.94,0.0,0.004,2021.0,Vikings,veteran,2.0
Brock Wright,TE,Lions,2023.0,1.0,0.94,0.94,0.0,0.004,2021.0,Lions,veteran,2.0
A.J. Derby,TE,MIA/DEN,2015.0,4.0,2.392052,0.598013,0.112052,0.004,2015.0,Patriots,rookie,0.0
Darren Waller,TE,Ravens,2015.0,4.0,2.386096,0.596524,0.111096,0.004,2015.0,Ravens,rookie,0.0
Emil Igwenagu,TE,Colts,2016.0,2.0,1.29,0.645,0.0,0.004,2012.0,Eagles,veteran,4.0
Justice Cunningham,TE,Rams,2016.0,2.0,1.29,0.645,0.0,0.004,2013.0,Colts,veteran,3.0
Orson Charles,TE,Lions,2016.0,2.0,1.29,0.645,0.0,0.004,2012.0,Bengals,veteran,4.0
Seth Green,TE,Cowboys,2023.0,2.0,1.665,0.9325,0.0,0.004,2022.0,Texans,veteran,1.0
Curtis Hodges,TE,Commanders,2022.0,3.0,2.585,0.861667,0.125,0.004,2022.0,Commanders,rookie,0.0
Tyree Jackson,TE,Eagles,2021.0,2.0,1.5102,0.7551,0.0252,0.004,2019.0,Bills,veteran,2.0
Justin Perillo,TE,Bears,2017.0,1.0,0.69,0.69,0.0,0.004,2014.0,Packers,veteran,3.0
Tim Wright,TE,Lions,2017.0,1.0,0.69,0.69,0.0,0.004,2013.0,Buccaneers,veteran,4.0
Cameron Brate,TE,Buccaneers,2017.0,1.0,0.69,0.69,0.0,0.004,2014.0,Buccaneers,veteran,3.0
Scott Simonson,TE,Panthers,2017.0,1.0,0.69,0.69,0.0,0.004,2014.0,Raiders,veteran,3.0
Asante Cleveland,TE,Chargers,2017.0,1.0,0.69,0.69,0.0,0.004,2014.0,,veteran,3.0
Chris Gragg,TE,Jets,2017.0,1.0,0.69,0.69,0.0,0.004,2013.0,Bills,veteran,4.0
Parker Hesse,TE,Lions,2024.0,1.0,1.055,1.055,0.0,0.004,2019.0,Titans,veteran,5.0
Jordan Thomas,TE,Falcons,2024.0,1.0,1.055,1.055,0.0,0.004,2018.0,Texans,veteran,6.0
Armani Rogers,TE,WAS/PHI,2022.0,3.0,2.5775,0.859167,0.0675,0.004,2022.0,Commanders,rookie,0.0
Jeremiah Hall,TE,Giants,2022.0,3.0,2.575,0.858333,0.03,0.004,2022.0,Giants,rookie,0.0
Peyton Hendershot,TE,Cowboys,2022.0,3.0,2.575,0.858333,0.165,0.004,2022.0,Cowboys,rookie,0.0
Teagan Quitoriano,TE,Cardinals,2026.0,1.0,1.24,1.24,0.0,0.004,2022.0,Texans,veteran,4.0
Nolan Givan,TE,Lions,2022.0,3.0,2.57,0.856667,0.01,0.004,2022.0,Lions,rookie,0.0
Tanner McLachlan,TE,Bengals,2024.0,4.0,4.203056,1.050764,0.183056,0.004,2024.0,Bengals,rookie,0.0
Mitchell Evans,TE,Panthers,2025.0,4.0,4.590968,1.147742,0.390968,0.004,2025.0,Panthers,rookie,0.0
Dalton Schultz,TE,Cowboys,2018.0,4.0,2.912356,0.728089,0.452356,0.004,2018.0,Cowboys,rookie,0.0
Jamal Pettigrew,TE,Rams,2022.0,3.0,2.565,0.855,0.005,0.004,2022.0,Rams,rookie,0.0
Stone Smartt,TE,Chargers,2022.0,3.0,2.565,0.855,0.005,0.004,2022.0,Chargers,rookie,0.0
Garrett Walston,TE,49ers,2022.0,3.0,2.565,0.855,0.005,0.004,2022.0,49ers,rookie,0.0
John Mitchell,TE,Seahawks,2022.0,3.0,2.565,0.855,0.005,0.004,2022.0,Seahawks,rookie,0.0
Ben Beise,TE,Buccaneers,2022.0,3.0,2.564,0.854667,0.004,0.004,2022.0,Buccaneers,rookie,0.0
Erik Krommenhoek,TE,Chargers,2022.0,3.0,2.5625,0.854167,0.0025,0.004,2022.0,Chargers,rookie,0.0
Grayson Gunter,TE,Jaguars,2022.0,3.0,2.56,0.853333,0.0,0.004,2022.0,Jaguars,rookie,0.0
Mark Vital,TE,Chiefs,2022.0,3.0,2.56,0.853333,0.0,0.004,2021.0,Seahawks,veteran,1.0
Travis Koontz,TE,Raiders,2022.0,3.0,2.56,0.853333,0.0,0.004,2022.0,Raiders,rookie,0.0
Marcus Santos-Silva,TE,Browns,2022.0,3.0,2.56,0.853333,0.0,0.004,2022.0,Browns,rookie,0.0
Naz Bohannon,TE,Jaguars,2022.0,3.0,2.56,0.853333,0.0,0.004,2022.0,Jaguars,rookie,0.0
Kehinde Oginni,TE,Chiefs,2022.0,3.0,2.56,0.853333,0.207,0.004,2022.0,Chiefs,rookie,0.0
Dennis Pitta,TE,Ravens,2010.0,3.0,1.586,0.528667,0.371,0.004,2010.0,Ravens,rookie,0.0
Oronde Gadsden II,TE,Chargers,2025.0,4.0,4.574036,1.143509,0.374036,0.004,2025.0,Chargers,rookie,0.0
Kevin Brock,TE,Saints,2015.0,1.0,0.585,0.585,0.0,0.004,2009.0,Panthers,veteran,6.0
Michael Egnew,TE,Steelers,2015.0,1.0,0.585,0.585,0.0,0.004,2012.0,Dolphins,veteran,3.0
Mickey Shuler,TE,Falcons,2015.0,1.0,0.585,0.585,0.0,0.004,2010.0,Vikings,veteran,5.0
Orson Charles,TE,Saints,2015.0,1.0,0.585,0.585,0.0,0.004,2012.0,Bengals,veteran,3.0
Gary Barnidge,TE,Panthers,2008.0,4.0,1.89425,0.473563,0.18925,0.004,2008.0,Panthers,rookie,0.0
Rysen John,TE,NYG/CHI,2021.0,2.0,1.49,0.745,0.005,0.004,2020.0,Giants,veteran,1.0
Geoff Swaim,TE,Cowboys,2015.0,4.0,2.334732,0.583683,0.054732,0.004,2015.0,Cowboys,rookie,0.0
Rory Anderson,TE,49ers,2015.0,4.0,2.332784,0.583196,0.052784,0.004,2015.0,,rookie,0.0
Gerald Christian,TE,Cardinals,2015.0,4.0,2.332784,0.583196,0.052784,0.004,2015.0,Cardinals,rookie,0.0
Donnie Ernsberger,TE,Titans,2021.0,2.0,1.485,0.7425,0.0,0.004,2018.0,Buccaneers,veteran,3.0
Nate Becker,TE,Bills,2021.0,2.0,1.485,0.7425,0.0,0.004,2019.0,Lions,veteran,2.0
Nate Wieting,TE,Giants,2021.0,2.0,1.485,0.7425,0.0,0.004,2020.0,Browns,veteran,1.0
MarQueis Gray,TE,Bills,2014.0,2.0,1.08,0.54,0.0,0.004,2013.0,,veteran,1.0
Justin Joly,TE,Broncos,2026.0,4.0,4.886104,1.221526,0.506104,0.004,2026.0,Broncos,rookie,0.0
Robbie Ouzts,TE,Seahawks,2025.0,4.0,4.520216,1.130054,0.320216,0.004,2025.0,Seahawks,rookie,0.0
Jackson Hawes,TE,Bills,2025.0,4.0,4.520216,1.130054,0.320216,0.004,2025.0,Bills,rookie,0.0
Jake Butt,TE,Broncos,2017.0,4.0,2.700948,0.675237,0.300948,0.004,2017.0,Broncos,rookie,0.0
George Kittle,TE,49ers,2017.0,4.0,2.698296,0.674574,0.298296,0.004,2017.0,49ers,rookie,0.0
Jaheim Bell,TE,Patriots,2024.0,4.0,4.126592,1.031648,0.106592,0.004,2024.0,Patriots,rookie,0.0
Josh Hill,TE,Saints,2013.0,3.0,1.49,0.496667,0.005,0.004,2013.0,Saints,rookie,0.0
Jack Doyle,TE,Colts,2013.0,3.0,1.49,0.496667,0.005,0.004,2013.0,Titans,rookie,0.0
Shane Zylstra,TE,Bills,2026.0,1.0,1.215,1.215,0.0,0.004,2021.0,Vikings,veteran,5.0
Sean McKeon,TE,Colts,2026.0,1.0,1.215,1.215,0.0,0.004,2020.0,Cowboys,veteran,6.0
Kenny Yeboah,TE,Cardinals,2026.0,1.0,1.215,1.215,0.0,0.004,2021.0,Jets,veteran,5.0
Albert Okwuegbunam,TE,Raiders,2026.0,1.0,1.215,1.215,0.0,0.004,2020.0,Broncos,veteran,6.0
Tanner Koziol,TE,Jaguars,2026.0,4.0,4.85684,1.21421,0.47684,0.004,2026.0,Jaguars,rookie,0.0
Temarrick Hemingway,TE,Rams,2016.0,4.0,2.499584,0.624896,0.159584,0.004,2016.0,Rams,rookie,0.0
Devin Culp,TE,Buccaneers,2024.0,4.0,4.106184,1.026546,0.086184,0.004,2024.0,Buccaneers,rookie,0.0
Michael Ezeike,TE,Chargers,2023.0,3.0,2.708,0.902667,0.013,0.004,2023.0,Chargers,rookie,0.0
Jordan Leggett,TE,NYJ/TB,2017.0,4.0,2.682052,0.670513,0.282052,0.004,2017.0,Jets,rookie,0.0
Julian Hill,TE,Dolphins,2023.0,3.0,2.7075,0.9025,0.0425,0.004,2023.0,Dolphins,rookie,0.0
Joel Honigford,TE,Cardinals,2023.0,3.0,2.705,0.901667,0.0075,0.004,2023.0,Cardinals,rookie,0.0
Thomas Greaney,TE,Browns,2023.0,3.0,2.705,0.901667,0.01,0.004,2023.0,Browns,rookie,0.0
Nate Adkins,TE,Broncos,2023.0,3.0,2.705,0.901667,0.075,0.004,2023.0,Broncos,rookie,0.0
Ben Sims,TE,Vikings,2023.0,3.0,2.705,0.901667,0.11,0.004,2023.0,Vikings,rookie,0.0
Jeremy Sprinkle,TE,Commanders,2017.0,4.0,2.676516,0.669129,0.276516,0.004,2017.0,Commanders,rookie,0.0
Kris Leach,TE,Broncos,2023.0,3.0,2.702,0.900667,0.007,0.004,2023.0,Broncos,rookie,0.0
Christian Sims,TE,Rams,2023.0,3.0,2.702,0.900667,0.007,0.004,2023.0,Rams,rookie,0.0
Leonard Taylor,TE,Jaguars,2023.0,3.0,2.7,0.9,0.08,0.004,2023.0,Jaguars,rookie,0.0
Riley Nowakowski,TE,Steelers,2026.0,4.0,4.823256,1.205814,0.443256,0.004,2026.0,Steelers,rookie,0.0
Christian Trahan,TE,Bengals,2023.0,3.0,2.6965,0.898833,0.0015,0.004,2023.0,Bengals,rookie,0.0
Jerell Adams,TE,Giants,2016.0,4.0,2.482856,0.620714,0.142856,0.004,2016.0,Giants,rookie,0.0
Brian Walker,TE,Ravens,2023.0,3.0,2.696,0.898667,0.001,0.004,2023.0,Ravens,rookie,0.0
Garrett Celek,TE,49ers,2012.0,3.0,1.446,0.482,0.006,0.004,2012.0,,rookie,0.0
Foster Moreau,TE,Raiders,2019.0,4.0,3.008392,0.752098,0.488392,0.004,2019.0,Raiders,rookie,0.0
Zach Ojile,TE,Vikings,2023.0,3.0,2.695,0.898333,0.0,0.004,2023.0,Vikings,rookie,0.0
Lachlan Pitts,TE,Bears,2023.0,3.0,2.695,0.898333,0.0,0.004,2023.0,Bears,rookie,0.0
Damien Caffery,TE,Bears,2023.0,3.0,2.695,0.898333,0.0,0.004,2023.0,Bears,rookie,0.0
Joe Royer,TE,Browns,2026.0,4.0,4.812596,1.203149,0.432596,0.004,2026.0,Browns,rookie,0.0
David Morgan,TE,Vikings,2016.0,4.0,2.475456,0.618864,0.135456,0.004,2016.0,Vikings,rookie,0.0
Tim Wright,TE,Chiefs,2018.0,1.0,0.705,0.705,0.0,0.004,2013.0,Buccaneers,veteran,5.0
Blake Bell,TE,Jaguars,2018.0,1.0,0.705,0.705,0.0,0.004,2015.0,49ers,veteran,3.0
Sean McGrath,TE,Lions,2018.0,1.0,0.705,0.705,0.0,0.004,2012.0,Seahawks,veteran,6.0
Scott Simonson,TE,Giants,2018.0,1.0,0.705,0.705,0.0,0.004,2014.0,Raiders,veteran,4.0
Clive Walford,TE,Colts,2018.0,1.0,0.705,0.705,0.0,0.004,2015.0,Raiders,veteran,3.0
Mitchell Wilcox,TE,Bengals,2022.0,1.0,0.825,0.825,0.0,0.004,2020.0,Bengals,veteran,2.0
Jody Fortson,TE,Chiefs,2022.0,1.0,0.825,0.825,0.0,0.004,2019.0,Chiefs,veteran,3.0
Brandon Dillon,TE,Saints,2022.0,1.0,0.825,0.825,0.0,0.004,2019.0,Vikings,veteran,3.0
Brock Wright,TE,Lions,2022.0,1.0,0.825,0.825,0.0,0.004,2021.0,Lions,veteran,1.0
Gavin Bartholomew,TE,Vikings,2025.0,4.0,4.415824,1.103956,0.215824,0.004,2025.0,Vikings,rookie,0.0
Chris Pantale,TE,Dolphins,2017.0,2.0,1.32,0.66,0.0,0.004,2013.0,Jets,veteran,4.0
Khari Lee,TE,Lions,2017.0,2.0,1.32,0.66,0.0,0.004,2015.0,Texans,veteran,2.0
Seydou Traore,TE,Dolphins,2026.0,4.0,4.759476,1.189869,0.379476,0.004,2026.0,Dolphins,rookie,0.0
Josh Cuevas,TE,Ravens,2026.0,4.0,4.759476,1.189869,0.379476,0.004,2026.0,Ravens,rookie,0.0
Seth DeValve,TE,JAX/CLE,2016.0,4.0,2.453392,0.613348,0.383392,0.004,2016.0,Browns,rookie,0.0
Tyree Jackson,TE,Commanders,2025.0,1.0,1.1,1.1,0.0,0.004,2019.0,Bills,veteran,6.0
Shane Zylstra,TE,Lions,2025.0,1.0,1.1,1.1,0.0,0.004,2021.0,Vikings,veteran,4.0
Tre' McKitty,TE,Browns,2025.0,1.0,1.1,1.1,0.0,0.004,2021.0,Chargers,veteran,4.0
Tyler Davis,TE,Patriots,2025.0,1.0,1.1,1.1,0.0,0.004,2020.0,Jaguars,veteran,5.0
Teagan Quitoriano,TE,Falcons,2025.0,1.0,1.1,1.1,0.0,0.004,2022.0,Texans,veteran,3.0
Eric Saubert,TE,NE/ATL,2017.0,4.0,2.6274,0.65685,0.2274,0.004,2017.0,Falcons,rookie,0.0
Jelani Woods,TE,Jets,2026.0,1.0,1.175,1.175,0.0,0.004,2022.0,Colts,veteran,4.0
Bauer Sharp,TE,Buccaneers,2026.0,4.0,4.69658,1.174145,0.31658,0.004,2026.0,Buccaneers,rookie,0.0
Thomas Fidone II,TE,Giants,2025.0,4.0,4.349516,1.087379,0.149516,0.004,2025.0,Giants,rookie,0.0
Thaddeus Moss,TE,WAS/CIN,2020.0,3.0,2.305,0.768333,0.02,0.004,2020.0,Commanders,rookie,0.0
Hunter Bryant,TE,Lions,2020.0,3.0,2.305,0.768333,0.06,0.004,2020.0,Lions,rookie,0.0
Brad Smelley,TE,Rams,2015.0,2.0,1.11,0.555,0.0,0.004,2012.0,Browns,veteran,3.0
Brandon Barden,TE,Cowboys,2015.0,2.0,1.11,0.555,0.0,0.004,2012.0,Titans,veteran,3.0
Kyle Miller,TE,Chargers,2015.0,2.0,1.11,0.555,0.0,0.004,2011.0,Jaguars,veteran,4.0
Sammis Reyes,TE,Jaguars,2023.0,1.0,0.87,0.87,0.0,0.004,2021.0,Commanders,veteran,2.0
Brandon Dillon,TE,Commanders,2023.0,1.0,0.87,0.87,0.0,0.004,2019.0,Vikings,veteran,4.0
Nick Muse,TE,Vikings,2023.0,1.0,0.87,0.87,0.0,0.004,2022.0,Vikings,veteran,1.0
Troy Fumagalli,TE,Broncos,2018.0,4.0,2.741804,0.685451,0.281804,0.004,2018.0,Broncos,rookie,0.0
Jacob Breeland,TE,Ravens,2020.0,3.0,2.3,0.766667,0.065,0.004,2020.0,Ravens,rookie,0.0
Cam Sutton,TE,Panthers,2020.0,3.0,2.3,0.766667,0.04,0.004,2020.0,Panthers,rookie,0.0
Tyler Conklin,TE,Vikings,2018.0,4.0,2.741032,0.685258,0.281032,0.004,2018.0,Vikings,rookie,0.0
Brian Leonhardt,TE,Vikings,2016.0,1.0,0.6,0.6,0.0,0.004,2013.0,Raiders,veteran,3.0
Darren Fells,TE,Cardinals,2016.0,1.0,0.6,0.6,0.0,0.004,2013.0,Seahawks,veteran,3.0
Brandon Bostick,TE,Jets,2016.0,1.0,0.6,0.6,0.0,0.004,2012.0,Packers,veteran,4.0
Zach Sudfeld,TE,Jets,2016.0,1.0,0.6,0.6,0.0,0.004,2013.0,Patriots,veteran,3.0
Nic Jacobs,TE,Jaguars,2016.0,1.0,0.6,0.6,0.0,0.004,2014.0,Saints,veteran,2.0
Sean McKeon,TE,Cowboys,2020.0,3.0,2.297,0.765667,0.112,0.004,2020.0,Cowboys,rookie,0.0
Noah Togiai,TE,Eagles,2020.0,3.0,2.295,0.765,0.1,0.004,2020.0,Eagles,rookie,0.0
Ryan Hewitt,TE,Bengals,2014.0,3.0,1.54,0.513333,0.01,0.004,2014.0,Bengals,rookie,0.0
David Wells,TE,Buccaneers,2024.0,1.0,0.985,0.985,0.0,0.004,2018.0,Cowboys,veteran,6.0
Quintin Morris,TE,Bills,2024.0,1.0,0.985,0.985,0.0,0.004,2021.0,Bills,veteran,3.0
Ryan Becker,TE,Cardinals,2020.0,3.0,2.293,0.764333,0.008,0.004,2020.0,Cardinals,rookie,0.0
Trey Burton,TE,Eagles,2014.0,3.0,1.5375,0.5125,0.02,0.004,2014.0,Eagles,rookie,0.0
Dylan Stapleton,TE,Texans,2020.0,3.0,2.29,0.763333,0.005,0.004,2020.0,Texans,rookie,0.0
Caleb Repp,TE,Falcons,2020.0,3.0,2.29,0.763333,0.005,0.004,2020.0,Falcons,rookie,0.0
Jordan Jones,TE,Packers,2020.0,3.0,2.2895,0.763167,0.0045,0.004,2020.0,Packers,rookie,0.0
Dominick Wood-Anderson,TE,Seahawks,2020.0,3.0,2.287,0.762333,0.002,0.004,2020.0,Seahawks,rookie,0.0
Jared Rice,TE,Chargers,2020.0,3.0,2.287,0.762333,0.002,0.004,2020.0,Chargers,rookie,0.0
Parker Houston,TE,Cardinals,2020.0,3.0,2.287,0.762333,0.002,0.004,2020.0,Cardinals,rookie,0.0
Joel Dreessen,TE,Texans,2008.0,1.0,0.445,0.445,0.0,0.004,2005.0,Jets,veteran,3.0
Jaylen Samuels,TE,Steelers,2018.0,4.0,2.718064,0.679516,0.258064,0.004,2018.0,Steelers,rookie,0.0
Michael Roberts,TE,Dolphins,2020.0,1.0,0.76,0.76,0.2,0.004,2017.0,Lions,veteran,3.0
Clive Walford,TE,Dolphins,2019.0,1.0,0.72,0.72,0.0,0.004,2015.0,Raiders,veteran,4.0
Brian Parker,TE,Saints,2019.0,1.0,0.72,0.72,0.0,0.004,2015.0,Chargers,veteran,4.0
Will Tye,TE,Eagles,2019.0,1.0,0.72,0.72,0.0,0.004,2015.0,Giants,veteran,4.0
A.J. Derby,TE,Saints,2019.0,1.0,0.72,0.72,0.0,0.004,2015.0,Patriots,veteran,4.0
Eric Tomlinson,TE,NYG/LV,2019.0,1.0,0.72,0.72,0.0,0.004,2015.0,Eagles,veteran,4.0
Gabe Holmes,TE,Colts,2019.0,1.0,0.72,0.72,0.0,0.004,2015.0,Raiders,veteran,4.0
Matt Lengel,TE,Colts,2019.0,1.0,0.72,0.72,0.0,0.004,2015.0,Bengals,veteran,4.0
Ben Koyack,TE,Jaguars,2019.0,1.0,0.72,0.72,0.0,0.004,2015.0,Jaguars,veteran,4.0
Zach Miller,TE,Jaguars,2009.0,4.0,1.8805,0.470125,0.1105,0.004,2009.0,Jaguars,rookie,0.0
Zach Gentry,TE,Steelers,2019.0,4.0,2.86446,0.716115,0.34446,0.004,2019.0,Steelers,rookie,0.0
Blake Whiteheart,TE,Browns,2026.0,1.0,1.145,1.145,0.0,0.004,2023.0,Cardinals,veteran,3.0
Stephen Carlson,TE,Bears,2026.0,1.0,1.145,1.145,0.0,0.004,2019.0,Browns,veteran,7.0
Deon Yelder,TE,Chiefs,2020.0,1.0,0.75,0.75,0.0,0.004,2018.0,Saints,veteran,2.0
Erik Swoope,TE,49ers,2020.0,1.0,0.75,0.75,0.0,0.004,2014.0,Colts,veteran,6.0
Ross Dwelley,TE,49ers,2020.0,1.0,0.75,0.75,0.0,0.004,2018.0,49ers,veteran,2.0
Johnny Mundt,TE,Rams,2020.0,1.0,0.75,0.75,0.0,0.004,2017.0,Rams,veteran,3.0
Robert Tonyan,TE,Packers,2020.0,1.0,0.75,0.75,0.0,0.004,2017.0,Lions,veteran,3.0
Quintin Morris,TE,Bills,2022.0,2.0,1.575,0.7875,0.0,0.004,2021.0,Bills,veteran,1.0
Codey McElroy,TE,Buccaneers,2022.0,2.0,1.575,0.7875,0.0,0.004,2018.0,Rams,veteran,4.0
Ian Bunting,TE,Cowboys,2022.0,2.0,1.575,0.7875,0.0,0.004,2019.0,Bears,veteran,3.0
Austin Fort,TE,Titans,2022.0,2.0,1.575,0.7875,0.0,0.004,2019.0,Broncos,veteran,3.0
Kyle Markway,TE,Rams,2022.0,2.0,1.575,0.7875,0.0,0.004,2020.0,Giants,veteran,2.0
Jack Endries,TE,Bengals,2026.0,4.0,4.551016,1.137754,0.171016,0.004,2026.0,Bengals,rookie,0.0
Jaren Kanak,TE,Titans,2026.0,4.0,4.543412,1.135853,0.001634,0.004,2026.0,Titans,rookie,0.0
Brandon Myers,TE,Raiders,2009.0,4.0,1.841,0.46025,0.091,0.004,2009.0,Raiders,rookie,0.0
Carsen Ryan,TE,Browns,2026.0,4.0,4.500488,1.125122,0.120488,0.004,2026.0,Browns,rookie,0.0
Dallen Bentley,TE,Broncos,2026.0,4.0,4.500488,1.125122,0.120488,0.004,2026.0,Broncos,rookie,0.0
D.C. Jefferson,TE,Panthers,2014.0,1.0,0.496,0.496,0.001,0.004,2013.0,Cardinals,veteran,1.0
Zach Davidson,TE,Bills,2023.0,2.0,1.674,0.837,0.009,0.004,2021.0,Vikings,veteran,2.0
Brevyn Spann-Ford,TE,Cowboys,2024.0,3.0,2.85,0.95,0.245,0.004,2024.0,Cowboys,rookie,0.0
Alex Ellis,TE,Eagles,2020.0,1.0,0.735,0.735,0.0,0.004,2016.0,Titans,veteran,4.0
Dallin Holker,TE,Saints,2024.0,3.0,2.84,0.946667,0.235,0.004,2024.0,Saints,rookie,0.0
Trey Knox,TE,Vikings,2024.0,3.0,2.84,0.946667,0.13,0.004,2024.0,Vikings,rookie,0.0
Jacob Warren,TE,Patriots,2024.0,3.0,2.84,0.946667,0.035,0.004,2024.0,Patriots,rookie,0.0
David Martin-Robinson,TE,Titans,2024.0,3.0,2.8375,0.945833,0.0175,0.004,2024.0,Titans,rookie,0.0
Roger Carter,TE,Rams,2023.0,2.0,1.665,0.8325,0.0,0.004,2022.0,Rams,veteran,1.0
Alize Mack,TE,Titans,2023.0,2.0,1.665,0.8325,0.0,0.004,2019.0,Saints,veteran,4.0
Justin Rigg,TE,Titans,2023.0,2.0,1.655,0.8325,0.0,0.004,2022.0,Bengals,veteran,1.0
Austin Stogner,TE,Falcons,2024.0,3.0,2.837,0.945667,0.007,0.004,2024.0,Falcons,rookie,0.0
Steven Stilianos,TE,Titans,2024.0,3.0,2.835,0.945,0.0125,0.004,2024.0,Titans,rookie,0.0
Dylan Leonard,TE,Broncos,2024.0,3.0,2.835,0.945,0.0325,0.004,2024.0,Broncos,rookie,0.0
Lincoln Sefcik,TE,Jets,2024.0,3.0,2.835,0.945,0.0125,0.004,2024.0,Jets,rookie,0.0
Zach Heins,TE,Chargers,2024.0,3.0,2.835,0.945,0.005,0.004,2024.0,Chargers,rookie,0.0
Riley Sharp,TE,Ravens,2024.0,3.0,2.8325,0.944167,0.0025,0.004,2024.0,Ravens,rookie,0.0
Mike Rigerman,TE,Ravens,2024.0,3.0,2.831,0.943667,0.001,0.004,2024.0,Ravens,rookie,0.0
Alec Holler,TE,Cowboys,2024.0,3.0,2.83,0.943333,0.0,0.004,2024.0,Cowboys,rookie,0.0
Geor'Quarius Spivey,TE,Chiefs,2024.0,3.0,2.83,0.943333,0.0,0.004,2024.0,Chiefs,rookie,0.0
Devon Garrison,TE,Seahawks,2024.0,3.0,2.83,0.943333,0.0,0.004,2024.0,Seahawks,rookie,0.0
Travis Vokolek,TE,Cardinals,2025.0,1.0,1.03,1.03,0.0,0.004,2023.0,Ravens,veteran,2.0
Tucker Fisk,TE,Chargers,2025.0,1.0,1.03,1.03,0.0,0.004,2022.0,Falcons,veteran,3.0
Blake Whiteheart,TE,Browns,2025.0,1.0,1.03,1.03,0.0,0.004,2023.0,Cardinals,veteran,2.0
Lucas Krull,TE,Broncos,2025.0,1.0,1.03,1.03,0.0,0.004,2022.0,Saints,veteran,3.0
Jake Tonges,TE,49ers,2025.0,1.0,1.03,1.03,0.0,0.004,2022.0,Bears,veteran,3.0
Dominique Dafney,TE,Panthers,2025.0,1.0,1.03,1.03,0.0,0.004,2020.0,Colts,veteran,5.0
James Mitchell,TE,Panthers,2025.0,1.0,1.03,1.03,0.0,0.004,2022.0,Lions,veteran,3.0
Brady Russell,TE,Seahawks,2025.0,1.0,1.03,1.03,0.0,0.004,2023.0,Eagles,veteran,2.0
Tyler Mabry,TE,Panthers,2025.0,1.0,1.03,1.03,0.0,0.004,2020.0,Seahawks,veteran,5.0
Mason Schreck,TE,Bengals,2017.0,4.0,2.464284,0.616071,0.064284,0.004,2017.0,Bengals,rookie,0.0
Malcolm Johnson,TE,Seahawks,2017.0,1.0,0.615,0.615,0.0,0.004,2015.0,Browns,veteran,2.0
Daniel Brown,TE,Bears,2017.0,1.0,0.615,0.615,0.0,0.004,2015.0,Ravens,veteran,2.0
Jake Stoneburner,TE,Saints,2017.0,1.0,0.615,0.615,0.0,0.004,2013.0,Packers,veteran,4.0
Sean McGrath,TE,Chargers,2017.0,2.0,0.615,0.615,0.0,0.004,2012.0,Seahawks,veteran,5.0
Cooper Helfet,TE,Raiders,2017.0,1.0,0.615,0.615,0.0,0.004,2012.0,Seahawks,veteran,5.0
Clay Burton,TE,Bills,2015.0,3.0,1.578,0.526,0.003,0.004,2015.0,Bills,rookie,0.0
Jack Tabb,TE,Saints,2015.0,3.0,1.578,0.526,0.003,0.004,2015.0,Saints,rookie,0.0
Blake Annen,TE,Bills,2016.0,2.0,1.14,0.57,0.0,0.004,2014.0,Eagles,veteran,2.0
Je'Ron Hamm,TE,49ers,2016.0,2.0,1.14,0.57,0.0,0.004,2014.0,Saints,veteran,2.0
Ray Hamilton,TE,Steelers,2015.0,3.0,1.5775,0.525833,0.0025,0.004,2015.0,Cowboys,rookie,0.0
Justin Sinz,TE,Colts,2015.0,3.0,1.577,0.525667,0.002,0.004,2015.0,Colts,rookie,0.0
Beau Gardner,TE,Falcons,2015.0,3.0,1.575,0.525,0.003,0.004,2015.0,Falcons,rookie,0.0
Ernst Brun,TE,Commanders,2015.0,3.0,1.575,0.525,0.0,0.004,2015.0,Commanders,rookie,0.0
Dan Light,TE,Broncos,2015.0,3.0,1.575,0.525,0.0,0.004,2015.0,Broncos,rookie,0.0
Anthony Ezeakunne,TE,Browns,2015.0,3.0,1.575,0.525,0.0,0.004,2015.0,Browns,rookie,0.0
Marcel Jensen,TE,Commanders,2015.0,3.0,1.575,0.525,0.0,0.004,2014.0,Jaguars,veteran,1.0
Jordan Thomas,TE,Texans,2018.0,4.0,2.578408,0.644602,0.118408,0.004,2018.0,Texans,rookie,0.0
Josh Pederson,TE,Saints,2021.0,1.0,0.66,0.66,0.0,0.004,2021.0,49ers,rookie,0.0
Ryan Becker,TE,Falcons,2021.0,1.0,0.66,0.66,0.0,0.004,2020.0,Cardinals,veteran,1.0
Cam Sutton,TE,Seahawks,2021.0,1.0,0.66,0.66,0.0,0.004,2020.0,Panthers,veteran,1.0
Connor Davis,TE,Browns,2021.0,1.0,0.66,0.66,0.0,0.004,2020.0,Jets,veteran,1.0
Matt Seybert,TE,Chargers,2021.0,1.0,0.66,0.66,0.0,0.004,2021.0,Chargers,rookie,0.0
Nick Bowers,TE,Raiders,2021.0,1.0,0.66,0.66,0.0,0.004,2020.0,Raiders,veteran,1.0
Dominick Wood-Anderson,TE,Seahawks,2021.0,1.0,0.66,0.66,0.0,0.004,2020.0,Seahawks,veteran,1.0
Chase Harrell,TE,49ers,2021.0,1.0,0.66,0.66,0.0,0.004,2020.0,,veteran,1.0
Giovanni Ricci,TE,Panthers,2021.0,1.0,0.66,0.66,0.0,0.004,2020.0,Panthers,veteran,1.0
Dax Raymond,TE,Steelers,2021.0,1.0,0.66,0.66,0.0,0.004,2019.0,Bears,veteran,2.0
Cary Angeline,TE,Eagles,2021.0,1.0,0.66,0.66,0.0,0.004,2021.0,Cardinals,rookie,0.0
Andrew Vollert,TE,Colts,2021.0,1.0,0.66,0.66,0.0,0.004,2018.0,Cardinals,veteran,3.0
Charlie Taumoepeau,TE,Lions,2021.0,1.0,0.66,0.66,0.0,0.004,2020.0,Cowboys,veteran,1.0
Carson Meier,TE,Dolphins,2021.0,1.0,0.66,0.66,0.0,0.004,2019.0,Jaguars,veteran,2.0
Kaden Smith,TE,NYG/SF,2019.0,4.0,2.720008,0.680002,0.200008,0.004,2019.0,49ers,rookie,0.0
Daniel Hardy,TE,Vikings,2012.0,2.0,0.87,0.435,0.0,0.004,2011.0,Buccaneers,veteran,1.0
E.J. Jenkins,TE,Eagles,2026.0,2.0,2.165333,1.082667,0.040333,0.004,2023.0,Jets,veteran,3.0
Curtis Hodges,TE,Panthers,2024.0,1.0,0.915,0.915,0.0,0.004,2022.0,Commanders,veteran,2.0
Dalton Keene,TE,Texans,2024.0,1.0,0.915,0.915,0.0,0.004,2020.0,Patriots,veteran,4.0
Tommy Hudson,TE,Saints,2024.0,1.0,0.915,0.915,0.0,0.004,2020.0,Titans,veteran,4.0
Josh Pederson,TE,Jaguars,2024.0,1.0,0.915,0.915,0.0,0.004,2021.0,49ers,veteran,3.0
Jake Tonges,TE,49ers,2024.0,1.0,0.915,0.915,0.0,0.004,2022.0,Bears,veteran,2.0
Noah Togiai,TE,Eagles,2024.0,1.0,0.915,0.915,0.0,0.004,2020.0,Eagles,veteran,4.0
Brady Russell,TE,Seahawks,2024.0,1.0,0.915,0.915,0.0,0.004,2023.0,Eagles,veteran,1.0
Antonio Gates,TE,Chargers,2003.0,2.0,0.537,0.2685,0.007,0.004,2003.0,Chargers,rookie,0.0
Jake Briningstool,TE,Chiefs,2025.0,3.0,2.995,0.998333,0.264,0.004,2025.0,Chiefs,rookie,0.0
DJ Thomas-Jones,TE,Steelers,2025.0,3.0,2.995,0.998333,0.03,0.004,2025.0,Steelers,rookie,0.0
Nick Kallerup,TE,Seahawks,2025.0,3.0,2.99,0.996667,0.259,0.004,2025.0,Seahawks,rookie,0.0
Jack Westover,TE,Patriots,2026.0,1.0,1.075,1.075,0.0,0.004,2024.0,Seahawks,veteran,2.0
Cole Turner,TE,Dolphins,2026.0,1.0,1.075,1.075,0.0,0.004,2022.0,Commanders,veteran,4.0
Brenden Bates,TE,Browns,2026.0,1.0,1.075,1.075,0.0,0.004,2024.0,Bears,veteran,2.0
Cam Grandy,TE,Bengals,2026.0,1.0,1.075,1.075,0.0,0.004,2024.0,Bengals,veteran,2.0
Ryan Izzo,TE,HOU/NE,2018.0,4.0,2.529072,0.632268,0.069072,0.004,2018.0,Patriots,rookie,0.0
Ben Yurosek,TE,Vikings,2025.0,3.0,2.985,0.995,0.254,0.004,2025.0,Vikings,rookie,0.0
Brock Lampe,TE,Patriots,2025.0,3.0,2.98,0.993333,0.055,0.004,2025.0,Patriots,rookie,0.0
Jalin Conyers,TE,Dolphins,2025.0,3.0,2.98,0.993333,0.115,0.004,2025.0,Dolphins,rookie,0.0
Jermaine Terry II,TE,Giants,2025.0,3.0,2.98,0.993333,0.065,0.004,2025.0,Giants,rookie,0.0
Ben Koyack,TE,Jaguars,2018.0,1.0,0.63,0.63,0.0,0.004,2015.0,Jaguars,veteran,3.0
Eric Tomlinson,TE,Jets,2018.0,1.0,0.63,0.63,0.0,0.004,2015.0,Eagles,veteran,3.0
Chris Manhertz,TE,Panthers,2018.0,1.0,0.63,0.63,0.0,0.004,2014.0,Bills,veteran,4.0
Jace Amaro,TE,Chiefs,2018.0,1.0,0.63,0.63,0.0,0.004,2014.0,Jets,veteran,4.0
Xavier Grimble,TE,Steelers,2018.0,1.0,0.63,0.63,0.0,0.004,2014.0,Giants,veteran,4.0
Anthony Torres,TE,Rams,2025.0,3.0,2.975,0.991667,0.01,0.004,2025.0,Rams,rookie,0.0
Tyler Neville,TE,Cowboys,2025.0,3.0,2.975,0.991667,0.1,0.004,2025.0,Cowboys,rookie,0.0
Oscar Cardenas,TE,Cardinals,2025.0,3.0,2.975,0.991667,0.06,0.004,2025.0,Cardinals,rookie,0.0
John Copenhaver,TE,Jaguars,2025.0,3.0,2.975,0.991667,0.11,0.004,2025.0,Jaguars,rookie,0.0
Pat Conroy,TE,Raiders,2025.0,3.0,2.975,0.991667,0.04,0.004,2025.0,Raiders,rookie,0.0
Kole Taylor,TE,Bengals,2025.0,3.0,2.975,0.991667,0.01,0.004,2025.0,Bengals,rookie,0.0
Stevo Klotz,TE,Chargers,2025.0,3.0,2.97,0.99,0.005,0.004,2025.0,Chargers,rookie,0.0
Anthony Landphere,TE,Buccaneers,2025.0,3.0,2.9675,0.989167,0.0025,0.004,2025.0,Buccaneers,rookie,0.0
Sam Pitz,TE,Ravens,2025.0,3.0,2.966,0.988667,0.001,0.004,2025.0,Ravens,rookie,0.0
Gunnar Oakes,TE,Lions,2025.0,3.0,2.965,0.988333,0.0,0.004,2025.0,Lions,rookie,0.0
Luke Deal,TE,Lions,2025.0,3.0,2.965,0.988333,0.0,0.004,2025.0,Lions,rookie,0.0
Jordan Petaia,TE,Chargers,2025.0,3.0,2.965,0.988333,0.0,0.004,2025.0,Chargers,rookie,0.0
Colin Granger,TE,Panthers,2025.0,3.0,2.965,0.988333,0.0,0.004,2025.0,Panthers,rookie,0.0
Zaire Mitchell-Paden,TE,Saints,2026.0,2.0,2.125,1.0625,0.0,0.004,2022.0,Browns,veteran,4.0
Princeton Fant,TE,Cowboys,2026.0,2.0,2.125,1.0625,0.0,0.004,2023.0,Cowboys,veteran,3.0
Cam Grandy,TE,Bengals,2025.0,1.0,0.98,0.98,0.0,0.004,2024.0,Bengals,veteran,1.0
Mo Alie-Cox,TE,Colts,2019.0,1.0,0.66,0.66,0.0,0.004,2017.0,Colts,veteran,2.0
Donald Parham,TE,Chargers,2020.0,2.0,1.39,0.695,0.0,0.004,2019.0,Lions,veteran,1.0
Kennard Backman,TE,Lions,2017.0,2.0,1.17,0.585,0.0,0.004,2015.0,Packers,veteran,2.0
E.J. Bibbs,TE,Jaguars,2017.0,2.0,1.17,0.585,0.0,0.004,2015.0,Browns,veteran,2.0
Connor Hamlett,TE,Cowboys,2017.0,2.0,1.17,0.585,0.0,0.004,2015.0,Jaguars,veteran,2.0
Cole Wick,TE,Lions,2016.0,3.0,1.63,0.543333,0.01,0.003,2016.0,Lions,rookie,0.0
Dillon Gordon,TE,Eagles,2016.0,3.0,1.63,0.543333,0.02,0.003,2016.0,Eagles,rookie,0.0
Darren Fells,TE,Cardinals,2014.0,2.0,0.93,0.465,0.0,0.003,2013.0,Seahawks,veteran,1.0
Stephen Anderson,TE,Texans,2016.0,3.0,1.625,0.541667,0.005,0.003,2016.0,Texans,rookie,0.0
Josh Perkins,TE,Falcons,2016.0,3.0,1.6225,0.540833,0.0025,0.003,2016.0,Falcons,rookie,0.0
Dan Villari,TE,Rams,2026.0,3.0,3.145,1.048333,0.045,0.003,2026.0,Rams,rookie,0.0
Benson Brown,TE,Rams,2016.0,3.0,1.62,0.54,0.0,0.003,2016.0,Rams,rookie,0.0
Jake Phillips,TE,Steelers,2016.0,3.0,1.62,0.54,0.0,0.003,2016.0,Steelers,rookie,0.0
Mandel Dixon,TE,Steelers,2016.0,3.0,1.62,0.54,0.0,0.003,2016.0,Steelers,rookie,0.0
Tim Brown,TE,Buccaneers,2016.0,3.0,1.62,0.54,0.0,0.003,2016.0,Buccaneers,rookie,0.0
Gabe Hughes,TE,Dolphins,2016.0,3.0,1.62,0.54,0.0,0.003,2016.0,Dolphins,rookie,0.0
Adam Fuehne,TE,Lions,2016.0,3.0,1.62,0.54,0.0,0.003,2016.0,Lions,rookie,0.0
Jay Rome,TE,Chargers,2016.0,3.0,1.62,0.54,0.0,0.003,2016.0,Chargers,rookie,0.0
Cedrick Lang,TE,Giants,2016.0,2.0,1.08,0.54,0.0,0.003,2016.0,Giants,rookie,0.0
Braxton Deaver,TE,Panthers,2016.0,3.0,1.62,0.54,0.0,0.003,2016.0,Panthers,rookie,0.0
David Grinnage,TE,Packers,2016.0,3.0,1.62,0.54,0.0,0.003,2016.0,Packers,rookie,0.0
Braedon Bowman,TE,Jets,2016.0,3.0,1.62,0.54,0.0,0.003,2016.0,Jaguars,rookie,0.0
Anthony Norris,TE,Broncos,2016.0,3.0,1.62,0.54,0.0,0.003,2016.0,Broncos,rookie,0.0
Ross Travis,TE,Chiefs,2016.0,3.0,1.62,0.54,0.0,0.003,2015.0,Chiefs,veteran,1.0
Ben McCord,TE,Lions,2016.0,3.0,1.62,0.54,0.0,0.003,2016.0,Lions,rookie,0.0
Paul Lang,TE,Steelers,2016.0,3.0,1.62,0.54,0.0,0.003,2016.0,Steelers,rookie,0.0
Tommy Sweeney,TE,Bills,2019.0,4.0,2.616552,0.654138,0.096552,0.003,2019.0,Bills,rookie,0.0
Michael Trigg,TE,Cowboys,2026.0,3.0,3.1325,1.044167,0.28,0.003,2026.0,Cowboys,rookie,0.0
Khalil Dinkins,TE,49ers,2026.0,3.0,3.1275,1.0425,0.275,0.003,2026.0,49ers,rookie,0.0
Dae'Quan Wright,TE,Eagles,2026.0,3.0,3.125,1.041667,0.05,0.003,2026.0,Eagles,rookie,0.0
D.J. Rogers,TE,Cowboys,2026.0,3.0,3.125,1.041667,0.2,0.003,2026.0,Cowboys,rookie,0.0
Lake McRee,TE,Steelers,2026.0,3.0,3.125,1.041667,0.025,0.003,2026.0,Steelers,rookie,0.0
John Michael Gyllenborg,TE,Chiefs,2026.0,3.0,3.12,1.04,0.2675,0.003,2026.0,Chiefs,rookie,0.0
Lance Mason,TE,Seahawks,2026.0,3.0,3.12,1.04,0.02,0.003,2026.0,Seahawks,rookie,0.0
Cody Hardy,TE,Saints,2026.0,3.0,3.12,1.04,0.17,0.003,2026.0,Saints,rookie,0.0
Quentin Moore,TE,Commanders,2026.0,3.0,3.12,1.04,0.27,0.003,2026.0,Commanders,rookie,0.0
Tanner Arkin,TE,Patriots,2026.0,3.0,3.1175,1.039167,0.1625,0.003,2026.0,Patriots,rookie,0.0
Josh Kattus,TE,Bengals,2026.0,3.0,3.115,1.038333,0.015,0.003,2026.0,Bengals,rookie,0.0
Brandon Frazier,TE,Falcons,2026.0,3.0,3.115,1.038333,0.015,0.003,2026.0,Falcons,rookie,0.0
R.J. Maryland,TE,Packers,2026.0,3.0,3.115,1.038333,0.015,0.003,2026.0,Packers,rookie,0.0
Jameson Geers,TE,Cardinals,2026.0,3.0,3.115,1.038333,0.125,0.003,2026.0,Cardinals,rookie,0.0
Evan Svoboda,TE,Chargers,2026.0,3.0,3.113,1.037667,0.013,0.003,2026.0,Chargers,rookie,0.0
Jerand Bradley,TE,Chargers,2026.0,3.0,3.112,1.037333,0.012,0.003,2026.0,Chargers,rookie,0.0
Ethan Conner,TE,Jaguars,2026.0,3.0,3.112,1.037333,0.012,0.003,2026.0,Jaguars,rookie,0.0
Carson Towt,TE,Colts,2026.0,3.0,3.11,1.036667,0.12,0.003,2026.0,Colts,rookie,0.0
Jack Velling,TE,Falcons,2026.0,3.0,3.11,1.036667,0.01,0.003,2026.0,Falcons,rookie,0.0
Chamon Metayer,TE,Steelers,2026.0,3.0,3.11,1.036667,0.01,0.003,2026.0,Steelers,rookie,0.0
Miles Kitselman,TE,Lions,2026.0,3.0,3.11,1.036667,0.115,0.003,2026.0,Lions,rookie,0.0
Rohan Jones,TE,Rams,2026.0,3.0,3.11,1.036667,0.01,0.003,2026.0,Rams,rookie,0.0
Hayden Large,TE,Bears,2026.0,3.0,3.1075,1.035833,0.0675,0.003,2026.0,Bears,rookie,0.0
Tyler Pezza,TE,Ravens,2026.0,3.0,3.1075,1.035833,0.0075,0.003,2026.0,Ravens,rookie,0.0
Jelani Woods,TE,Jets,2025.0,1.0,0.96,0.96,0.0,0.003,2022.0,Colts,veteran,3.0
Armani Rogers,TE,Bills,2025.0,1.0,0.96,0.96,0.0,0.003,2022.0,Commanders,veteran,3.0
Chase Curtis,TE,Jets,2026.0,3.0,3.105,1.035,0.005,0.003,2026.0,Jets,rookie,0.0
Kenny Fletcher Jr.,TE,Buccaneers,2026.0,3.0,3.103,1.034333,0.003,0.003,2026.0,Buccaneers,rookie,0.0
Louie Hansen,TE,Texans,2026.0,3.0,3.1,1.033333,0.0,0.003,2026.0,Texans,rookie,0.0
Matt Lauter,TE,Raiders,2026.0,3.0,3.1,1.033333,0.0,0.003,2026.0,Raiders,rookie,0.0
Layne Pryor,TE,Texans,2026.0,3.0,3.1,1.033333,0.0,0.003,2025.0,Texans,veteran,1.0
Johnny Pascuzzi,TE,Chargers,2026.0,3.0,3.1,1.033333,0.0,0.003,2026.0,Chargers,rookie,0.0
Patrick Gurd,TE,Raiders,2026.0,3.0,3.1,1.033333,0.0,0.003,2026.0,Raiders,rookie,0.0
Heinrich Haarberg,TE,Panthers,2026.0,3.0,3.1,1.033333,0.0,0.003,2026.0,Panthers,rookie,0.0
Malcolm Johnson,TE,Packers,2019.0,1.0,0.645,0.645,0.0,0.003,2015.0,Browns,veteran,4.0
Vince Mayle,TE,Chargers,2019.0,1.0,0.645,0.645,0.0,0.003,2015.0,Browns,veteran,4.0
Erik Swoope,TE,Raiders,2019.0,1.0,0.645,0.645,0.0,0.003,2014.0,Colts,veteran,5.0
Jerome Cunningham,TE,Commanders,2019.0,1.0,0.645,0.645,0.0,0.003,2014.0,Giants,veteran,5.0
Ricky Seals-Jones,TE,Cardinals,2019.0,1.0,0.645,0.645,0.0,0.003,2017.0,Cardinals,veteran,2.0
Ross Travis,TE,Colts,2019.0,1.0,0.645,0.645,0.0,0.003,2015.0,Chiefs,veteran,4.0
David Johnson,TE,Steelers,2009.0,3.0,1.2632,0.421067,0.0332,0.003,2009.0,Steelers,rookie,0.0
Rico Gathers,TE,Cowboys,2017.0,3.0,1.715,0.571667,0.05,0.003,2016.0,Cowboys,veteran,1.0
J.P. Holtz,TE,Bears,2020.0,1.0,0.675,0.675,0.0,0.003,2016.0,Browns,veteran,4.0
Ethan Wolf,TE,Saints,2022.0,1.0,0.705,0.705,0.0,0.003,2018.0,Titans,veteran,4.0
Alize Mack,TE,Packers,2022.0,1.0,0.705,0.705,0.0,0.003,2019.0,Saints,veteran,3.0
Josh Pederson,TE,Chiefs,2022.0,1.0,0.705,0.705,0.0,0.003,2021.0,49ers,veteran,1.0
Jake Hausmann,TE,Seahawks,2022.0,1.0,0.705,0.705,0.0,0.003,2021.0,Lions,veteran,1.0
Sal Cannella,TE,Packers,2022.0,1.0,0.705,0.705,0.0,0.003,2021.0,Dolphins,veteran,1.0
Ryan Becker,TE,Falcons,2022.0,1.0,0.705,0.705,0.0,0.003,2020.0,Cardinals,veteran,2.0
Cade Brewer,TE,Seahawks,2022.0,1.0,0.705,0.705,0.0,0.003,2022.0,Seahawks,rookie,0.0
Farrod Green,TE,Colts,2022.0,1.0,0.705,0.705,0.0,0.003,2020.0,Colts,veteran,2.0
Paul Quessenberry,TE,Texans,2022.0,1.0,0.705,0.705,0.0,0.003,2014.0,Texans,veteran,8.0
Tony Poljan,TE,Ravens,2022.0,1.0,0.705,0.705,0.0,0.003,2021.0,Ravens,veteran,1.0
Nate Becker,TE,Packers,2022.0,1.0,0.705,0.705,0.0,0.003,2019.0,Lions,veteran,3.0
Josh Hokit,TE,Cardinals,2022.0,1.0,0.705,0.705,0.0,0.003,2020.0,49ers,veteran,2.0
Michael Jacobson,TE,Colts,2022.0,1.0,0.705,0.705,0.0,0.003,2021.0,Seahawks,veteran,1.0
Eli Wolf,TE,Colts,2022.0,1.0,0.705,0.705,0.0,0.003,2020.0,Ravens,veteran,2.0
Josh Perkins,TE,Eagles,2018.0,2.0,1.2,0.6,0.0,0.003,2016.0,Falcons,veteran,2.0
Daniel Brown,TE,Bears,2016.0,1.0,0.525,0.525,0.0,0.003,2015.0,Ravens,veteran,1.0
Mitchell Henry,TE,Packers,2016.0,1.0,0.525,0.525,0.0,0.003,2015.0,Packers,veteran,1.0
Nick Kasa,TE,Broncos,2016.0,1.0,0.525,0.525,0.0,0.003,2013.0,Raiders,veteran,3.0
MyCole Pruitt,TE,Vikings,2016.0,1.0,0.524994,0.524994,0.0,0.003,2015.0,Vikings,veteran,1.0
Michael Williams,TE,DET/NE,2015.0,2.0,0.965,0.4825,0.005,0.003,2013.0,Lions,veteran,2.0
Antony Auclair,TE,Buccaneers,2017.0,3.0,1.685,0.561667,0.0812,0.003,2017.0,Buccaneers,rookie,0.0
Jake Murphy,TE,Broncos,2015.0,2.0,0.96,0.48,0.0,0.003,2014.0,Raiders,veteran,1.0
Ted Bolser,TE,Cardinals,2015.0,2.0,0.96,0.48,0.0,0.003,2014.0,Commanders,veteran,1.0
Jordan Thompson,TE,Lions,2015.0,2.0,0.96,0.48,0.0,0.003,2014.0,Lions,veteran,1.0
Sean Culkin,TE,Chargers,2017.0,3.0,1.677,0.559,0.012,0.003,2017.0,Chargers,rookie,0.0
Darrell Daniels,TE,IND/SEA,2017.0,3.0,1.675,0.558333,0.01,0.003,2017.0,Colts,rookie,0.0
Jacob Hollister,TE,Patriots,2017.0,3.0,1.675,0.558333,0.09,0.003,2017.0,Patriots,rookie,0.0
Keith Towbridge,TE,Bills,2017.0,3.0,1.6725,0.5575,0.0075,0.003,2017.0,Bills,rookie,0.0
Nikola Kalinic,TE,Bears,2026.0,1.0,1.005,1.005,0.0,0.003,2022.0,Colts,veteran,4.0
Jaheim Bell,TE,Steelers,2026.0,1.0,1.005,1.005,0.0,0.003,2024.0,Patriots,veteran,2.0
Messiah Swinson,TE,Packers,2026.0,1.0,1.005,1.005,0.0,0.003,2024.0,Packers,veteran,2.0
Tanner McLachlan,TE,Chargers,2026.0,1.0,1.005,1.005,0.0,0.003,2024.0,Bengals,veteran,2.0
Hayden Rucci,TE,49ers,2026.0,1.0,1.005,1.005,0.0,0.003,2024.0,Dolphins,veteran,2.0
Sal Cannella,TE,Seahawks,2023.0,1.0,0.75,0.75,0.0,0.003,2021.0,Dolphins,veteran,2.0
Chase Allen,TE,Bears,2023.0,1.0,0.75,0.75,0.0,0.003,2022.0,Bears,veteran,1.0
John Raine,TE,Falcons,2023.0,1.0,0.75,0.75,0.0,0.003,2021.0,Falcons,veteran,2.0
Jake Bargas,TE,Saints,2023.0,1.0,0.75,0.75,0.0,0.003,2020.0,Vikings,veteran,3.0
Camren McDonald,TE,Rams,2023.0,1.0,0.75,0.75,0.0,0.003,2023.0,Packers,rookie,0.0
Nick Guggemos,TE,Bills,2023.0,1.0,0.75,0.75,0.0,0.003,2021.0,Seahawks,veteran,2.0
Jalen Wydermyer,TE,Colts,2023.0,1.0,0.75,0.75,0.0,0.003,2022.0,Bills,veteran,1.0
Derrick Deese Jr.,TE,Lions,2023.0,1.0,0.75,0.75,0.0,0.003,2022.0,Lions,veteran,1.0
Nick Eubanks,TE,Colts,2023.0,1.0,0.75,0.75,0.0,0.003,2021.0,Cowboys,veteran,2.0
Cethan Carter,TE,Bengals,2017.0,3.0,1.671,0.557,0.006,0.003,2017.0,Bengals,rookie,0.0
Anthony Firkser,TE,Titans,2020.0,1.0,0.66,0.66,0.0,0.003,2017.0,Jets,veteran,3.0
Cole Wick,TE,Saints,2020.0,1.0,0.66,0.66,0.0,0.003,2016.0,Lions,veteran,4.0
Stephen Anderson,TE,Chargers,2020.0,1.0,0.66,0.66,0.0,0.003,2016.0,Texans,veteran,4.0
Phazahn Odom,TE,Steelers,2017.0,3.0,1.667,0.555666,0.002,0.003,2017.0,Steelers,rookie,0.0
Colin Jeter,TE,Colts,2017.0,3.0,1.666,0.555333,0.001,0.003,2017.0,Colts,rookie,0.0
Mike Estes,TE,Chargers,2017.0,3.0,1.665,0.555,0.0,0.003,2017.0,Chargers,rookie,0.0
Andrew Price,TE,Lions,2017.0,3.0,1.665,0.555,0.0,0.003,2017.0,Lions,rookie,0.0
Trey Edmunds,TE,Saints,2017.0,3.0,1.665,0.555,0.0,0.003,2017.0,Saints,rookie,0.0
Franko House,TE,Bears,2017.0,3.0,1.665,0.555,0.0,0.003,2017.0,Bears,rookie,0.0
Caleb Bluiett,TE,Jaguars,2017.0,3.0,1.665,0.555,0.0,0.003,2017.0,Jaguars,rookie,0.0
Josiah Price,TE,Vikings,2017.0,3.0,1.665,0.555,0.005,0.003,2017.0,Vikings,rookie,0.0
Sam Cotton,TE,Patriots,2017.0,3.0,1.665,0.555,0.0,0.003,2017.0,Patriots,rookie,0.0
DeSean Smith,TE,Panthers,2017.0,3.0,1.665,0.555,0.0,0.003,2017.0,Panthers,rookie,0.0
Taylor McNamara,TE,Browns,2017.0,3.0,1.665,0.555,0.0,0.003,2017.0,Browns,rookie,0.0
Adam Zaruba,TE,Eagles,2017.0,3.0,1.665,0.555,0.0,0.003,2017.0,Eagles,rookie,0.0
Nate Iese,TE,Browns,2017.0,3.0,1.665,0.555,0.0,0.003,2017.0,Browns,rookie,0.0
Aaron Peck,TE,Packers,2017.0,3.0,1.665,0.555,0.0,0.003,2017.0,Packers,rookie,0.0
Michael Jacobson,TE,Saints,2025.0,2.0,1.845,0.9225,0.0,0.003,2021.0,Seahawks,veteran,4.0
Zack Kuntz,TE,Jets,2025.0,2.0,1.845,0.9225,0.0,0.003,2023.0,Jets,veteran,2.0
Neal Johnson,TE,Jets,2025.0,2.0,1.845,0.9225,0.0,0.003,2024.0,Rams,veteran,1.0
Joel Dreessen,TE,Texans,2007.0,1.0,0.36,0.36,0.0,0.003,2005.0,Jets,veteran,2.0
MarQueis Gray,TE,Browns,2013.0,1.0,0.405,0.405,0.0,0.003,2013.0,,rookie,0.0
Garrett Griffin,TE,Saints,2019.0,2.0,1.23,0.615,0.0,0.003,2016.0,Saints,veteran,3.0
Dan Arnold,TE,Cardinals,2019.0,2.0,1.23,0.615,0.0,0.003,2017.0,Saints,veteran,2.0
Codey McElroy,TE,Rams,2018.0,3.0,1.73,0.576667,0.02,0.003,2018.0,Rams,rookie,0.0
Marcus Baugh,TE,Raiders,2018.0,3.0,1.7275,0.575833,0.0175,0.003,2018.0,Raiders,rookie,0.0
Hakeem Valles,TE,Lions,2017.0,1.0,0.540005,0.540005,0.0,0.003,2016.0,Cardinals,veteran,1.0
Xavier Grimble,TE,Steelers,2017.0,1.0,0.54,0.54,0.0,0.003,2014.0,Giants,veteran,3.0
Erik Swoope,TE,Colts,2017.0,1.0,0.54,0.54,0.0,0.003,2014.0,Colts,veteran,3.0
Gerald Christian,TE,Cardinals,2017.0,1.0,0.54,0.54,0.0,0.003,2015.0,Cardinals,veteran,2.0
Michael Williams,TE,Patriots,2017.0,1.0,0.54,0.54,0.0,0.003,2013.0,Lions,veteran,4.0
Keavon Milton,TE,Steelers,2017.0,1.0,0.54,0.54,0.0,0.003,2013.0,Saints,veteran,4.0
Tyler Hoppes,TE,Vikings,2018.0,3.0,1.716,0.572,0.006,0.003,2018.0,Vikings,rookie,0.0
Kevin Rader,TE,Packers,2018.0,3.0,1.715,0.571667,0.005,0.003,2018.0,Packers,rookie,0.0
Shane Wimann,TE,Patriots,2018.0,3.0,1.7125,0.570833,0.005,0.003,2018.0,Patriots,rookie,0.0
Ben Johnson,TE,Chargers,2018.0,3.0,1.712,0.570667,0.002,0.003,2018.0,Chargers,rookie,0.0
Jake Roh,TE,Falcons,2018.0,3.0,1.711,0.570333,0.001,0.003,2018.0,Falcons,rookie,0.0
Troy Mangen,TE,Falcons,2018.0,3.0,1.711,0.570333,0.001,0.003,2018.0,Falcons,rookie,0.0
Garrett Hudson,TE,Commanders,2018.0,3.0,1.71,0.57,0.0,0.003,2018.0,Commanders,rookie,0.0
Kent Taylor,TE,Panthers,2018.0,3.0,1.71,0.57,0.0,0.003,2017.0,Panthers,veteran,1.0
Cam Serigne,TE,Panthers,2018.0,3.0,1.71,0.57,0.0,0.003,2018.0,Panthers,rookie,0.0
Cole Hunt,TE,Chargers,2018.0,3.0,1.71,0.57,0.0,0.003,2018.0,Chargers,rookie,0.0
Blake Mack,TE,Chiefs,2018.0,3.0,1.71,0.57,0.0,0.003,2018.0,Chiefs,rookie,0.0
Clayton Wilson,TE,Seahawks,2018.0,3.0,1.71,0.57,0.0,0.003,2018.0,Seahawks,rookie,0.0
Austin Roberts,TE,Chargers,2018.0,3.0,1.71,0.57,0.0,0.003,2018.0,Chargers,rookie,0.0
Alec Bloom,TE,Cardinals,2018.0,3.0,1.71,0.57,0.0,0.003,2018.0,Cardinals,rookie,0.0
Ryan Smith,TE,Packers,2018.0,3.0,1.71,0.57,0.0,0.003,2018.0,Packers,rookie,0.0
Julian Allen,TE,Browns,2018.0,3.0,1.71,0.57,0.0,0.003,2018.0,Browns,rookie,0.0
Mark Redman,TE,Rams,2026.0,2.0,1.935,0.9675,0.0,0.003,2025.0,Rams,veteran,1.0
Caleb Lohner,TE,Broncos,2026.0,2.0,1.935,0.9675,0.0,0.003,2025.0,Broncos,veteran,1.0
Joel Wilson,TE,Titans,2026.0,2.0,1.935,0.9675,0.0,0.003,2023.0,Saints,veteran,3.0
Zack Kuntz,TE,Dolphins,2026.0,2.0,1.935,0.9675,0.0,0.003,2023.0,Jets,veteran,3.0
Chris Manhertz,TE,Panthers,2016.0,2.0,0.99,0.495,0.0,0.003,2014.0,Bills,veteran,2.0
Ben Koyack,TE,Jaguars,2016.0,2.0,0.995,0.495,0.0,0.003,2015.0,Jaguars,veteran,1.0
Jacob Maxwell,TE,Bills,2016.0,2.0,0.99,0.495,0.0,0.003,2014.0,Lions,veteran,2.0
Eric Tomlinson,TE,Jets,2016.0,2.0,0.99,0.495,0.0,0.003,2015.0,Eagles,veteran,1.0
Alan Cross,TE,Buccaneers,2016.0,2.0,0.99,0.495,0.0,0.003,2016.0,Buccaneers,rookie,0.0
Casey Pierce,TE,Lions,2016.0,2.0,0.99,0.495,0.0,0.003,2015.0,Lions,veteran,1.0
Ifeanyi Momah,TE,Cardinals,2016.0,1.0,0.99,0.495,0.0,0.003,2013.0,Eagles,veteran,3.0
Arthur Lynch,TE,Falcons,2016.0,2.0,0.99,0.495,0.0,0.003,2014.0,Dolphins,veteran,2.0
Hakeem Valles,TE,Cardinals,2016.0,2.0,0.99,0.495,0.0,0.003,2016.0,Cardinals,rookie,0.0
Ben Braunecker,TE,Bears,2016.0,2.0,0.99,0.495,0.0,0.003,2016.0,Bears,rookie,0.0
Alex Ellis,TE,Jaguars,2016.0,2.0,0.99,0.495,0.0,0.003,2016.0,Titans,rookie,0.0
Cameron Clear,TE,Colts,2016.0,2.0,0.99,0.495,0.0,0.003,2015.0,Steelers,veteran,1.0
Mike Miller,TE,Colts,2016.0,2.0,0.99,0.495,0.0,0.003,2016.0,Colts,rookie,0.0
Andrew Beck,TE,Patriots,2019.0,3.0,1.77,0.59,0.115,0.003,2019.0,Patriots,rookie,0.0
Hale Hentges,TE,Colts,2019.0,3.0,1.77,0.59,0.015,0.003,2019.0,Colts,rookie,0.0
Anthony Denham,TE,Eagles,2018.0,1.0,0.555,0.555,0.0,0.003,2014.0,Texans,veteran,4.0
Alex Ellis,TE,KC/NO,2018.0,1.0,0.555,0.555,0.0,0.003,2016.0,Titans,veteran,2.0
Ryan O'Malley,TE,Giants,2018.0,1.0,0.555,0.555,0.0,0.003,2016.0,Raiders,veteran,2.0
Braedon Bowman,TE,Chargers,2018.0,1.0,0.555,0.555,0.0,0.003,2016.0,Jaguars,veteran,2.0
Jerome Washington,TE,Cardinals,2019.0,3.0,1.766,0.588667,0.011,0.003,2019.0,Cardinals,rookie,0.0
Tyree Mayfield,TE,49ers,2019.0,3.0,1.765,0.588333,0.035,0.003,2019.0,,rookie,0.0
Kano Dillon,TE,Commanders,2019.0,3.0,1.765,0.588333,0.01,0.003,2019.0,Commanders,rookie,0.0
Davis Koppenhaver,TE,Packers,2019.0,3.0,1.762,0.587333,0.007,0.003,2019.0,Packers,rookie,0.0
Trevor Wood,TE,Steelers,2019.0,3.0,1.762,0.587333,0.007,0.003,2019.0,Steelers,rookie,0.0
Devon Johnson,TE,Falcons,2019.0,3.0,1.761,0.587,0.006,0.003,2019.0,Falcons,rookie,0.0
Justin Johnson,TE,Seahawks,2019.0,3.0,1.76,0.586667,0.005,0.003,2019.0,Seahawks,rookie,0.0
Jaelin Robinson,TE,Falcons,2019.0,3.0,1.759,0.586333,0.004,0.003,2019.0,Falcons,rookie,0.0
Austin Fort,TE,Broncos,2019.0,3.0,1.7585,0.586167,0.0035,0.003,2019.0,Broncos,rookie,0.0
Romello Brooker,TE,Rams,2019.0,3.0,1.758,0.586,0.003,0.003,2019.0,Rams,rookie,0.0
Hunter Kampmoyer,TE,Broncos,2024.0,1.0,0.795,0.795,0.0,0.003,2021.0,Chargers,veteran,3.0
Gerrit Prince,TE,Chiefs,2024.0,1.0,0.795,0.795,0.0,0.003,2022.0,Jaguars,veteran,2.0
Michael Ezeike,TE,Seahawks,2024.0,1.0,0.795,0.795,0.0,0.003,2023.0,Chargers,veteran,1.0
Ben Mason,TE,Chargers,2024.0,1.0,0.795,0.795,0.0,0.003,2021.0,Ravens,veteran,3.0
Sal Cannella,TE,Buccaneers,2024.0,1.0,0.795,0.795,0.0,0.003,2021.0,Dolphins,veteran,3.0
Isaac Rex,TE,Chargers,2024.0,1.0,0.795,0.795,0.0,0.003,2024.0,Lions,rookie,0.0
Sage Surratt,TE,Cardinals,2024.0,1.0,0.795,0.795,0.0,0.003,2021.0,Lions,veteran,3.0
Lanard Bonner,TE,Falcons,2019.0,3.0,1.7575,0.585667,0.002,0.003,2019.0,Falcons,rookie,0.0
Ellis Richardson,TE,Bears,2019.0,3.0,1.7565,0.5855,0.0015,0.003,2019.0,Bears,rookie,0.0
John Lovett,TE,Chiefs,2019.0,3.0,1.755,0.585,0.1075,0.003,2019.0,Chiefs,rookie,0.0
Micky Crum,TE,Steelers,2019.0,3.0,1.755,0.585,0.0,0.003,2019.0,Steelers,rookie,0.0
Michael Colubiale,TE,Jaguars,2019.0,3.0,1.755,0.585,0.0,0.003,2019.0,Jaguars,rookie,0.0
Jackson Harris,TE,Seahawks,2019.0,3.0,1.755,0.585,0.0,0.003,2019.0,Seahawks,rookie,0.0
Colin Thompson,TE,Panthers,2020.0,1.0,0.61,0.61,0.0,0.003,2017.0,Giants,veteran,3.0
John Peters,TE,Bengals,2016.0,1.0,0.475,0.475,0.0,0.003,2015.0,Bengals,veteran,1.0
Gannon Sinclair,TE,Jaguars,2017.0,2.0,1.02,0.51,0.0,0.003,2015.0,Cardinals,veteran,2.0
Steven Wroblewski,TE,Colts,2017.0,2.0,1.02,0.51,0.0,0.003,2017.0,Cardinals,rookie,0.0
Wes Saxton,TE,Commanders,2017.0,2.0,1.02,0.51,0.0,0.003,2015.0,Jets,veteran,2.0
Tevin Westbrook,TE,Buccaneers,2017.0,2.0,1.02,0.51,0.0,0.003,2015.0,Titans,veteran,2.0
Darion Griswold,TE,Falcons,2017.0,2.0,1.02,0.51,0.0,0.003,2016.0,Colts,veteran,1.0
Kivon Cartwright,TE,Buccaneers,2017.0,2.0,1.02,0.51,0.0,0.003,2016.0,Buccaneers,veteran,1.0
Andrew Bonnet,TE,Eagles,2017.0,2.0,1.02,0.51,0.0,0.003,2016.0,Panthers,veteran,1.0
Brian Vogler,TE,Falcons,2017.0,2.0,1.02,0.51,0.0,0.003,2015.0,Bears,veteran,2.0
Chris Briggs,TE,Colts,2017.0,2.0,1.02,0.51,0.0,0.003,2016.0,Seahawks,veteran,1.0
Patrick Herbert,TE,Jaguars,2026.0,1.0,0.918667,0.918667,0.033667,0.003,2025.0,Jaguars,veteran,1.0
Rob Blanchflower,TE,Steelers,2015.0,1.0,0.435,0.435,0.0,0.003,2014.0,Steelers,veteran,1.0
Logan Stokes,TE,Chargers,2015.0,1.0,0.435,0.435,0.0,0.003,2015.0,Patriots,rookie,0.0
Rico Gathers,TE,Browns,2019.0,1.0,0.57,0.57,0.0,0.003,2016.0,Cowboys,veteran,3.0
Robert Tonyan,TE,Packers,2019.0,1.0,0.57,0.57,0.0,0.003,2017.0,Lions,veteran,2.0
Thomas Duarte,TE,Falcons,2019.0,1.0,0.57,0.57,0.0,0.003,2016.0,Dolphins,veteran,3.0
Lance Lenoir,TE,Cowboys,2019.0,3.0,1.71,0.57,0.0,0.003,2017.0,Cowboys,veteran,2.0
Kyle Carter,TE,Bills,2019.0,1.0,0.57,0.57,0.0,0.003,2016.0,Vikings,veteran,3.0
Darion Clark,TE,Bears,2020.0,3.0,1.8,0.6,0.0,0.003,2020.0,Bears,rookie,0.0
Jordan Murray,TE,Bears,2025.0,1.0,0.84,0.84,0.0,0.003,2023.0,Texans,veteran,2.0
Mitchell Van Vooren,TE,Browns,2025.0,1.0,0.84,0.84,0.0,0.003,2025.0,Seahawks,rookie,0.0
Cole Fotheringham,TE,Broncos,2025.0,1.0,0.84,0.84,0.0,0.003,2022.0,Raiders,veteran,3.0
Baylor Cupp,TE,Chiefs,2025.0,1.0,0.84,0.84,0.0,0.003,2024.0,Chiefs,veteran,1.0
Steven Stilianos,TE,Lions,2025.0,1.0,0.84,0.84,0.0,0.003,2024.0,Titans,veteran,1.0
Mason Pline,TE,Saints,2025.0,1.0,0.84,0.84,0.0,0.003,2024.0,49ers,veteran,1.0
Shawn Bowman,TE,Jaguars,2025.0,1.0,0.84,0.84,0.0,0.003,2024.0,Jaguars,veteran,1.0
Johnny Lumpkin,TE,Packers,2025.0,1.0,0.84,0.84,0.0,0.003,2023.0,Patriots,veteran,2.0
Geor'Quarius Spivey,TE,Chiefs,2025.0,1.0,0.84,0.84,0.0,0.003,2024.0,Chiefs,veteran,1.0
Seth Green,TE,Saints,2025.0,1.0,0.84,0.84,0.0,0.003,2022.0,Texans,veteran,3.0
Bernhard Seikovits,TE,Cardinals,2025.0,1.0,0.84,0.84,0.0,0.003,2021.0,Cardinals,veteran,4.0
Kevin Foelsch,TE,Steelers,2025.0,1.0,0.84,0.84,0.0,0.003,2024.0,Panthers,veteran,1.0
Jason Croom,TE,Bills,2018.0,2.0,1.054,0.527,0.0,0.003,2017.0,Bills,veteran,1.0
Adam Zaruba,TE,Eagles,2018.0,2.0,1.0525,0.52625,0.0025,0.003,2017.0,Eagles,veteran,1.0
Stephen Baggett,TE,Browns,2018.0,2.0,1.05,0.525,0.0,0.003,2018.0,Giants,rookie,0.0
Johnny Mundt,TE,Rams,2018.0,2.0,1.05,0.525,0.0,0.003,2017.0,Rams,veteran,1.0
Zach Conque,TE,Texans,2018.0,2.0,1.05,0.525,0.0,0.003,2017.0,Texans,veteran,1.0
Anthony Firkser,TE,Titans,2018.0,2.0,1.05,0.525,0.0,0.003,2017.0,Jets,veteran,1.0
D.J. Tialavea,TE,Falcons,2016.0,2.0,0.915,0.4575,0.0,0.003,2014.0,Jaguars,veteran,2.0
Henry Krieger-Coble,TE,Colts,2016.0,2.0,0.915,0.4575,0.0,0.003,2016.0,Broncos,rookie,0.0
Marshall Lang,TE,Patriots,2026.0,1.0,0.885,0.885,0.0,0.003,2025.0,Seahawks,veteran,1.0
TJ Maguranyanga,TE,Commanders,2026.0,1.0,0.885,0.885,0.0,0.003,2025.0,Commanders,veteran,1.0
Zach Horton,TE,Lions,2026.0,1.0,0.885,0.885,0.0,0.003,2025.0,Lions,veteran,1.0
J.J. Galbreath,TE,Steelers,2026.0,1.0,0.885,0.885,0.0,0.003,2025.0,Steelers,veteran,1.0
Drake Dabney,TE,Packers,2026.0,1.0,0.885,0.885,0.0,0.003,2025.0,Titans,veteran,1.0
Tre Watson,TE,Chiefs,2026.0,1.0,0.885,0.885,0.0,0.003,2025.0,Chiefs,veteran,1.0
McCallan Castles,TE,Packers,2026.0,1.0,0.885,0.885,0.0,0.003,2024.0,Eagles,veteran,2.0
Bryce Pierre,TE,Panthers,2026.0,1.0,0.885,0.885,0.0,0.003,2025.0,Panthers,veteran,1.0
Thomas Yassmin,TE,Chargers,2026.0,1.0,0.885,0.885,0.0,0.003,2024.0,Broncos,veteran,2.0
Sal Cannella,TE,Browns,2026.0,1.0,0.885,0.885,0.0,0.003,2021.0,Dolphins,veteran,5.0
Caden Prieskorn,TE,Browns,2026.0,1.0,0.885,0.885,0.0,0.003,2025.0,Lions,veteran,1.0
Thomas Gordon,TE,Lions,2026.0,1.0,0.885,0.885,0.0,0.003,2025.0,Bears,veteran,1.0
Luke Lachey,TE,Texans,2026.0,1.0,0.885,0.885,0.0,0.003,2025.0,Texans,veteran,1.0
Joshua Simon,TE,Falcons,2026.0,1.0,0.885,0.885,0.0,0.003,2025.0,Falcons,veteran,1.0
Bryson Nesbit,TE,Vikings,2026.0,1.0,0.885,0.885,0.0,0.003,2025.0,Vikings,veteran,1.0
Joe Sommers,TE,Seahawks,2016.0,1.0,0.45,0.45,0.0,0.003,2016.0,Bears,rookie,0.0
Tim Semisch,TE,Chargers,2016.0,1.0,0.45,0.45,0.0,0.003,2015.0,Dolphins,veteran,1.0
Michael Cooper,TE,Steelers,2016.0,1.0,0.45,0.45,0.0,0.003,2016.0,Commanders,rookie,0.0
Jimmay Mundine,TE,Bills,2016.0,1.0,0.45,0.45,0.0,0.003,2015.0,Patriots,veteran,1.0
Harold Spears,TE,Ravens,2016.0,1.0,0.45,0.45,0.0,0.003,2015.0,Saints,veteran,1.0
Edawn Coughman,TE,Cardinals,2016.0,1.0,0.45,0.45,0.0,0.003,2012.0,Seahawks,veteran,4.0
Ronnie Shields,TE,Seahawks,2016.0,1.0,0.45,0.45,0.0,0.003,2015.0,Seahawks,veteran,1.0
David Reeves,TE,Browns,2016.0,1.0,0.45,0.45,0.0,0.003,2016.0,Steelers,rookie,0.0
Billy Brown,TE,Colts,2019.0,2.0,1.08,0.54,0.0,0.003,2017.0,Eagles,veteran,2.0
Pharoah McKever,TE,Packers,2019.0,2.0,1.08,0.54,0.0,0.003,2018.0,Steelers,veteran,1.0
Jaeden Graham,TE,Falcons,2019.0,2.0,1.08,0.54,0.0,0.003,2018.0,Falcons,veteran,1.0
Alex Gray,TE,Falcons,2019.0,2.0,1.08,0.54,0.0,0.003,2017.0,Falcons,veteran,2.0
Andrew Vollert,TE,Bengals,2019.0,2.0,1.08,0.54,0.0,0.003,2018.0,Cardinals,veteran,1.0
Cole Herdman,TE,Titans,2020.0,2.0,1.11,0.555,0.0,0.003,2019.0,Ravens,veteran,1.0
Wyatt Houston,TE,Panthers,2017.0,1.0,0.465,0.465,0.0,0.003,2017.0,Chiefs,rookie,0.0
Rory Anderson,TE,Bills,2017.0,1.0,0.465,0.465,0.0,0.003,2015.0,,veteran,2.0
Cedrick Lang,TE,Broncos,2017.0,1.0,0.465,0.465,0.0,0.003,2016.0,Giants,veteran,1.0
Matt Weiser,TE,Chargers,2017.0,1.0,0.465,0.465,0.0,0.003,2016.0,Chargers,veteran,1.0
M.J. McFarland,TE,Cowboys,2017.0,1.0,0.465,0.465,0.0,0.003,2016.0,Eagles,veteran,1.0
Jason Croom,TE,Bills,2017.0,1.0,0.465,0.465,0.0,0.003,2017.0,Bills,rookie,0.0
Bryce Williams,TE,Seahawks,2017.0,1.0,0.465,0.465,0.0,0.003,2016.0,Patriots,veteran,1.0
Steven Scheu,TE,Broncos,2017.0,1.0,0.465,0.465,0.0,0.003,2016.0,Patriots,veteran,1.0
Beau Sandland,TE,Packers,2017.0,1.0,0.465,0.465,0.0,0.003,2016.0,Panthers,veteran,1.0
Eric Wallace,TE,Panthers,2017.0,1.0,0.465,0.465,0.0,0.003,2016.0,Panthers,veteran,1.0
Jason Reese,TE,Panthers,2018.0,1.0,0.48,0.48,0.0,0.003,2018.0,Buccaneers,rookie,0.0
Brandon Barnes,TE,Lions,2018.0,1.0,0.48,0.48,0.0,0.003,2017.0,Lions,veteran,1.0
Bryce Williams,TE,Cardinals,2018.0,1.0,0.48,0.48,0.0,0.003,2016.0,Patriots,veteran,2.0
Colin Thompson,TE,Bears,2018.0,1.0,0.48,0.48,0.0,0.003,2017.0,Giants,veteran,1.0
Beau Sandland,TE,Cardinals,2018.0,1.0,0.48,0.48,0.0,0.003,2016.0,Panthers,veteran,2.0
Chris Bazile,TE,Cardinals,2018.0,1.0,0.48,0.48,0.0,0.003,2016.0,Commanders,veteran,2.0
Matt Weiser,TE,Buccaneers,2018.0,1.0,0.48,0.48,0.0,0.003,2016.0,Chargers,veteran,2.0
Robert Tonyan,TE,Packers,2018.0,1.0,0.48,0.48,0.0,0.003,2017.0,Lions,veteran,1.0
DeAndre Goolsby,TE,Jaguars,2018.0,1.0,0.48,0.48,0.0,0.003,2018.0,Lions,rookie,0.0
Scott Orndoff,TE,Jaguars,2018.0,1.0,0.48,0.48,0.0,0.003,2017.0,Steelers,veteran,1.0
Gannon Sinclair,TE,Eagles,2018.0,1.0,0.48,0.48,0.0,0.003,2015.0,Cardinals,veteran,3.0
Jake McGee,TE,Steelers,2018.0,1.0,0.48,0.48,0.0,0.003,2016.0,Panthers,veteran,2.0
Josiah Price,TE,Vikings,2018.0,1.0,0.48,0.48,0.0,0.003,2017.0,Vikings,veteran,1.0
Colin Jeter,TE,Buccaneers,2018.0,1.0,0.48,0.48,0.0,0.003,2017.0,Colts,veteran,1.0
Ryan Malleck,TE,Steelers,2018.0,1.0,0.48,0.48,0.0,0.003,2016.0,Giants,veteran,2.0
Wes Saxton,TE,Lions,2018.0,1.0,0.48,0.48,0.0,0.003,2015.0,Jets,veteran,3.0
Marcus Baugh,TE,Panthers,2019.0,1.0,0.5,0.5,0.005,0.003,2018.0,Raiders,veteran,1.0
Chris Myarick,TE,Dolphins,2019.0,1.0,0.495006,0.495006,0.0,0.003,2019.0,Dolphins,rookie,0.0
Nick Truesdell,TE,Jets,2019.0,1.0,0.495,0.495,0.0,0.003,2013.0,,veteran,6.0
Zach Conque,TE,Colts,2019.0,1.0,0.495,0.495,0.0,0.003,2017.0,Texans,veteran,2.0
Cole Hunt,TE,Panthers,2019.0,1.0,0.495,0.495,0.0,0.003,2018.0,Chargers,veteran,1.0
Bucky Hodges,TE,Jets,2019.0,1.0,0.495,0.495,0.0,0.003,2017.0,Vikings,veteran,2.0
Isaiah Searight,TE,Giants,2019.0,1.0,0.495,0.495,0.0,0.003,2019.0,Buccaneers,rookie,0.0
Brandon Barnes,TE,Raiders,2019.0,1.0,0.495,0.495,0.0,0.003,2017.0,Lions,veteran,2.0
Manasseh Garner,TE,Chiefs,2019.0,1.0,0.495,0.495,0.0,0.003,2015.0,Chiefs,veteran,4.0
Jake Powell,TE,Giants,2019.0,1.0,0.495,0.495,0.0,0.003,2019.0,Saints,rookie,0.0
Moral Stephens,TE,Broncos,2019.0,1.0,0.495,0.495,0.0,0.003,2019.0,Bills,rookie,0.0
David Wells,TE,Chiefs,2019.0,1.0,0.495,0.495,0.0,0.003,2018.0,Cowboys,veteran,1.0
Nick Keizer,TE,Chiefs,2019.0,1.0,0.495,0.495,0.0,0.003,2018.0,Ravens,veteran,1.0
Ben Johnson,TE,Chargers,2019.0,1.0,0.495,0.495,0.0,0.003,2018.0,Chargers,veteran,1.0
Mik'Quan Deane,TE,Bills,2019.0,1.0,0.495,0.495,0.0,0.003,2019.0,Seahawks,rookie,0.0
Donnie Ernsberger,TE,Jaguars,2019.0,2.0,0.975,0.4875,0.0,0.003,2018.0,Buccaneers,veteran,1.0
Ian Bunting,TE,Colts,2020.0,1.0,0.51,0.51,0.0,0.003,2019.0,Bears,veteran,1.0
Carson Meier,TE,Falcons,2020.0,1.0,0.51,0.51,0.0,0.003,2019.0,Jaguars,veteran,1.0
Christian Scotland-Williamson,TE,Steelers,2020.0,1.0,0.51,0.51,0.0,0.003,2018.0,Steelers,veteran,2.0
Alize Mack,TE,Chiefs,2020.0,1.0,0.51,0.51,0.0,0.003,2019.0,Saints,veteran,1.0
C.J. Conrad,TE,Giants,2020.0,1.0,0.51,0.51,0.0,0.003,2019.0,Giants,veteran,1.0
Nick Keizer,TE,Chiefs,2020.0,1.0,0.51,0.51,0.0,0.003,2018.0,Ravens,veteran,2.0
Charles Scarff,TE,Ravens,2020.0,1.0,0.51,0.51,0.0,0.003,2019.0,Ravens,veteran,1.0
Paul Butler,TE,Raiders,2020.0,1.0,0.51,0.51,0.0,0.003,2018.0,Raiders,veteran,2.0
Andre Smith,TE,Browns,2014.0,1.0,0.333,0.333,0.0,0.003,2011.0,Bears,veteran,3.0
Billy Brown,TE,Eagles,2017.0,1.0,0.34,0.345,0.0,0.002,2017.0,Eagles,rookie,0.0
Cole Hikutini,TE,Vikings,2018.0,1.0,0.34,0.34,0.0,0.002,2017.0,49ers,veteran,1.0
Anthony Firkser,TE,Falcons,2022.0,1.0,0.3582,0.3582,0.0,0.002,2017.0,Jets,veteran,5.0
MyCole Pruitt,TE,Falcons,2022.0,1.0,0.3582,0.3582,0.0,0.002,2015.0,Vikings,veteran,7.0
Mason Schreck,TE,Texans,2022.0,1.0,0.3582,0.3582,0.0,0.002,2017.0,Bengals,veteran,5.0
Richard Rodgers,TE,Raiders,2022.0,1.0,0.3582,0.3582,0.0,0.002,2014.0,Packers,veteran,8.0
Nick Boyle,TE,Ravens,2022.0,1.0,0.3582,0.3582,0.0,0.002,2015.0,Ravens,veteran,7.0
Jordan Akins,TE,Texans,2022.0,1.0,0.3582,0.3582,0.0,0.002,2018.0,Texans,veteran,4.0
Stephen Carlson,TE,Bears,2023.0,1.0,0.3708,0.3708,0.0,0.002,2019.0,Browns,veteran,4.0
Sean McKeon,TE,Cowboys,2023.0,1.0,0.3708,0.3708,0.0,0.002,2020.0,Cowboys,veteran,3.0
Eric Saubert,TE,Cowboys,2023.0,1.0,0.3708,0.3708,0.0,0.002,2017.0,Falcons,veteran,6.0
Sean McKeon,TE,Colts,2024.0,1.0,0.3834,0.3834,0.0,0.002,2020.0,Cowboys,veteran,4.0
Chris Myarick,TE,Texans,2024.0,1.0,0.3834,0.3834,0.0,0.002,2019.0,Dolphins,veteran,5.0
Donald Parham,TE,Broncos,2024.0,1.0,0.3834,0.3834,0.0,0.002,2019.0,Lions,veteran,5.0
Jody Fortson,TE,Chiefs,2024.0,1.0,0.3834,0.3834,0.0,0.002,2019.0,Chiefs,veteran,5.0
Eric Tomlinson,TE,Chargers,2024.0,1.0,0.3834,0.3834,0.0,0.002,2015.0,Eagles,veteran,9.0
Geoff Swaim,TE,Browns,2024.0,1.0,0.3834,0.3834,0.0,0.002,2015.0,Cowboys,veteran,9.0
Andrew Beck,TE,Packers,2024.0,1.0,0.3834,0.3834,0.0,0.002,2019.0,Patriots,veteran,5.0
Mitchell Wilcox,TE,Patriots,2024.0,1.0,0.3834,0.3834,0.0,0.002,2020.0,Bengals,veteran,4.0
Anthony Firkser,TE,Chiefs,2024.0,1.0,0.3834,0.3834,0.0,0.002,2017.0,Jets,veteran,7.0
Jordan Matthews,TE,Panthers,2024.0,1.0,0.3834,0.3834,0.0,0.002,2014.0,Eagles,veteran,10.0
Irv Smith Jr.,TE,Texans,2024.0,1.0,0.3834,0.3834,0.0,0.002,2019.0,Vikings,veteran,5.0
Stephen Carlson,TE,Bears,2024.0,1.0,0.3834,0.3834,0.0,0.002,2019.0,Browns,veteran,5.0
J.P. Holtz,TE,Saints,2022.0,1.0,0.306,0.306,0.0,0.001,2016.0,Browns,veteran,6.0
Jesse James,TE,Raiders,2023.0,1.0,0.3303,0.3303,0.0,0.001,2015.0,Steelers,veteran,8.0
Stephen Anderson,TE,Patriots,2018.0,1.0,0.255,0.255,0.0,0.001,2016.0,Texans,veteran,2.0
Stephen Carlson,TE,Bears,2025.0,1.0,0.396,0.396,0.0,0.001,2019.0,Browns,veteran,6.0
Harrison Bryant,TE,Texans,2025.0,1.0,0.396,0.396,0.0,0.001,2020.0,Browns,veteran,5.0
Greg Dulcich,TE,Dolphins,2025.0,1.0,0.396,0.396,0.0,0.001,2022.0,Broncos,veteran,3.0
Nick Vannett,TE,Vikings,2025.0,1.0,0.396,0.396,0.0,0.001,2016.0,Seahawks,veteran,9.0
Albert Okwuegbunam,TE,Raiders,2025.0,1.0,0.396,0.396,0.0,0.001,2020.0,Broncos,veteran,5.0
Sean McKeon,TE,Colts,2025.0,1.0,0.396,0.396,0.0,0.001,2020.0,Cowboys,veteran,5.0
J.P. Holtz,TE,Saints,2023.0,1.0,0.315,0.315,0.0,0.001,2016.0,Browns,veteran,7.0
Garrett Griffin,TE,Lions,2022.0,1.0,0.288,0.288,0.0,0.001,2016.0,Saints,veteran,6.0
Antony Auclair,TE,Texans,2021.0,1.0,0.252,0.252,0.0,0.001,2017.0,Buccaneers,veteran,4.0
Josh Perkins,TE,Jets,2021.0,1.0,0.252,0.252,0.0,0.001,2016.0,Falcons,veteran,5.0
MyCole Pruitt,TE,Titans,2021.0,1.0,0.252,0.252,0.0,0.001,2015.0,Vikings,veteran,6.0
Daniel Brown,TE,Jets,2021.0,1.0,0.252,0.252,0.0,0.001,2015.0,Ravens,veteran,6.0
Matt LaCosse,TE,Patriots,2021.0,1.0,0.252,0.252,0.0,0.001,2015.0,Giants,veteran,6.0
Ryan Izzo,TE,NYG/SEA,2021.0,1.0,0.252,0.252,0.0,0.001,2018.0,Patriots,veteran,3.0
Deon Yelder,TE,Giants,2021.0,1.0,0.252,0.252,0.0,0.001,2018.0,Saints,veteran,3.0
Jaylen Samuels,TE,Steelers,2021.0,1.0,0.252,0.252,0.0,0.001,2018.0,Steelers,veteran,3.0
Temarrick Hemingway,TE,Commanders,2021.0,1.0,0.252,0.252,0.0,0.001,2016.0,Rams,veteran,5.0
Richard Rodgers,TE,PHI/ARI,2021.0,1.0,0.252,0.252,0.0,0.001,2014.0,Packers,veteran,7.0
Eric Tomlinson,TE,Ravens,2021.0,1.0,0.252,0.252,0.0,0.001,2015.0,Eagles,veteran,6.0
Mason Schreck,TE,Bengals,2021.0,1.0,0.252,0.252,0.0,0.001,2017.0,Bengals,veteran,4.0
Luke Stocker,TE,Vikings,2021.0,1.0,0.252,0.252,0.0,0.001,2011.0,Buccaneers,veteran,10.0
Darren Fells,TE,Buccaneers,2021.0,1.0,0.252,0.252,0.0,0.001,2013.0,Seahawks,veteran,8.0
Jeremy Sprinkle,TE,Cowboys,2021.0,1.0,0.252,0.252,0.0,0.001,2017.0,Commanders,veteran,4.0
Ryan Griffin,TE,Buccaneers,2021.0,1.0,0.252,0.252,0.0,0.001,2013.0,Saints,veteran,8.0
Ross Travis,TE,Lions,2021.0,1.0,0.252,0.252,0.0,0.001,2015.0,Chiefs,veteran,6.0
Tanner Hudson,TE,Bengals,2023.0,1.0,0.306,0.306,0.0,0.001,2018.0,Buccaneers,veteran,5.0
James O'Shaughnessy,TE,Vikings,2022.0,1.0,0.2772,0.2772,0.0,0.001,2015.0,Chiefs,veteran,7.0
Darrell Daniels,TE,Colts,2022.0,1.0,0.2772,0.2772,0.0,0.001,2017.0,Colts,veteran,5.0
Nick Vannett,TE,Giants,2022.0,1.0,0.2772,0.2772,0.0,0.001,2016.0,Seahawks,veteran,6.0
Antony Auclair,TE,Titans,2022.0,1.0,0.2772,0.2772,0.0,0.001,2017.0,Buccaneers,veteran,5.0
Jacob Hollister,TE,Seahawks,2022.0,1.0,0.2772,0.2772,0.0,0.001,2017.0,Patriots,veteran,5.0
Maxx Williams,TE,Cardinals,2022.0,1.0,0.2772,0.2772,0.0,0.001,2015.0,Ravens,veteran,7.0
Troy Fumagalli,TE,49ers,2022.0,1.0,0.2772,0.2772,0.0,0.001,2018.0,Broncos,veteran,4.0
Nick Vannett,TE,Chargers,2023.0,1.0,0.2898,0.2898,0.0,0.001,2016.0,Seahawks,veteran,7.0
Darrell Daniels,TE,Lions,2023.0,1.0,0.2898,0.2898,0.0,0.001,2017.0,Colts,veteran,6.0
Pharaoh Brown,TE,Patriots,2023.0,1.0,0.2898,0.2898,0.0,0.001,2017.0,Raiders,veteran,6.0
Eric Tomlinson,TE,Colts,2023.0,1.0,0.2898,0.2898,0.0,0.001,2015.0,Eagles,veteran,8.0
Devin Asiasi,TE,Titans,2023.0,1.0,0.2898,0.2898,0.0,0.001,2020.0,Patriots,veteran,3.0
Stephen Anderson,TE,Chargers,2023.0,1.0,0.2898,0.2898,0.0,0.001,2016.0,Texans,veteran,7.0
Zach Gentry,TE,Bengals,2023.0,1.0,0.2898,0.2898,0.0,0.001,2019.0,Steelers,veteran,4.0
Kevin Rader,TE,Titans,2023.0,1.0,0.2898,0.2898,0.0,0.001,2018.0,Packers,veteran,5.0
Anthony Firkser,TE,Lions,2023.0,1.0,0.2898,0.2898,0.0,0.001,2017.0,Jets,veteran,6.0
Zach Ertz,TE,Lions,2023.0,1.0,0.2898,0.2898,0.0,0.001,2013.0,Eagles,veteran,10.0
Troy Fumagalli,TE,Vikings,2023.0,1.0,0.2898,0.2898,0.0,0.001,2018.0,Broncos,veteran,5.0
Juwan Johnson,TE,Saints,2020.0,1.0,0.252728,0.252728,0.0,0.001,2020.0,Saints,rookie,0.0
Jack Stoll,TE,Saints,2025.0,1.0,0.342,0.342,0.0,0.001,2021.0,Eagles,veteran,4.0
Thomas Duarte,TE,Dolphins,2017.0,1.0,0.204,0.204,0.0,0.001,2016.0,Dolphins,veteran,1.0
Michael Williams,TE,Lions,2014.0,1.0,0.162315,0.162315,0.0,0.001,2013.0,Lions,veteran,1.0
Tre' McKitty,TE,Browns,2024.0,1.0,0.3024,0.3024,0.0,0.001,2021.0,Chargers,veteran,3.0
Albert Okwuegbunam,TE,Colts,2024.0,1.0,0.3024,0.3024,0.0,0.001,2020.0,Broncos,veteran,4.0
Stephen Sullivan,TE,Panthers,2024.0,1.0,0.3024,0.3024,0.0,0.001,2020.0,Seahawks,veteran,4.0
Trevon Wesco,TE,Raiders,2024.0,1.0,0.3024,0.3024,0.0,0.001,2019.0,Jets,veteran,5.0
Jack Stoll,TE,Eagles,2024.0,1.0,0.3024,0.3024,0.0,0.001,2021.0,Eagles,veteran,3.0
C.J. Uzomah,TE,Eagles,2024.0,1.0,0.3024,0.3024,0.0,0.001,2015.0,Bengals,veteran,9.0
Josiah Deguara,TE,Jaguars,2024.0,1.0,0.3024,0.3024,0.0,0.001,2020.0,Packers,veteran,4.0
Tommy Sweeney,TE,Bears,2024.0,1.0,0.3024,0.3024,0.0,0.001,2019.0,Bills,veteran,5.0
Robert Tonyan,TE,Vikings,2024.0,1.0,0.3024,0.3024,0.0,0.001,2017.0,Lions,veteran,7.0
Ross Dwelley,TE,DET/CAR,2025.0,1.0,0.315,0.315,0.0,0.001,2018.0,49ers,veteran,7.0
Chris Myarick,TE,Dolphins,2025.0,1.0,0.315,0.315,0.0,0.001,2019.0,Dolphins,veteran,6.0
Robert Tonyan,TE,Chiefs,2025.0,1.0,0.315,0.315,0.0,0.001,2017.0,Lions,veteran,8.0
Jordan Akins,TE,Jaguars,2025.0,1.0,0.315,0.315,0.0,0.001,2018.0,Texans,veteran,7.0
Anthony Firkser,TE,Lions,2025.0,1.0,0.315,0.315,0.0,0.001,2017.0,Jets,veteran,8.0
Quintin Morris,TE,Jaguars,2025.0,1.0,0.315,0.315,0.0,0.001,2021.0,Bills,veteran,4.0
Nick Muse,TE,Rams,2025.0,1.0,0.315,0.315,0.0,0.001,2022.0,Vikings,veteran,3.0
Marcedes Lewis,TE,Broncos,2025.0,1.0,0.315,0.315,0.0,0.001,2006.0,Jaguars,veteran,19.0
Pharaoh Brown,TE,Cardinals,2025.0,1.0,0.315,0.315,0.0,0.001,2017.0,Raiders,veteran,8.0
Josiah Deguara,TE,Cardinals,2025.0,1.0,0.315,0.315,0.0,0.001,2020.0,Packers,veteran,5.0
Sean Culkin,TE,Ravens,2020.0,1.0,0.216529,0.216529,0.0,0.001,2017.0,Chargers,veteran,3.0
Isaac Nauta,TE,Lions,2019.0,1.0,0.204,0.204,0.0,0.001,2019.0,Lions,rookie,0.0
Ricky Seals-Jones,TE,Chiefs,2020.0,1.0,0.204,0.204,0.0,0.001,2017.0,Cardinals,veteran,3.0
Ross Travis,TE,Jets,2020.0,1.0,0.204,0.204,0.0,0.001,2015.0,Chiefs,veteran,5.0
Jordan Leggett,TE,Broncos,2020.0,1.0,0.204,0.204,0.0,0.001,2017.0,Jets,veteran,3.0
Luke Willson,TE,SEA/BAL,2020.0,1.0,0.204,0.204,0.0,0.001,2013.0,Seahawks,veteran,7.0
Khari Lee,TE,Lions,2020.0,1.0,0.204,0.204,0.0,0.001,2015.0,Texans,veteran,5.0
Xavier Grimble,TE,Colts,2020.0,1.0,0.204,0.204,0.0,0.001,2014.0,Giants,veteran,6.0
Eric Tomlinson,TE,Ravens,2020.0,1.0,0.204,0.204,0.0,0.001,2015.0,Eagles,veteran,5.0
Seth DeValve,TE,Panthers,2020.0,1.0,0.204,0.204,0.0,0.001,2016.0,Browns,veteran,4.0
Brandon Barnes,TE,Lions,2017.0,1.0,0.17,0.17,0.0,0.001,2017.0,Lions,rookie,0.0
Will Tye,TE,Patriots,2017.0,1.0,0.17,0.17,0.0,0.001,2015.0,Giants,veteran,2.0
Cole Hikutini,TE,49ers,2017.0,1.0,0.17,0.17,0.0,0.001,2017.0,49ers,rookie,0.0
Roger Carter,TE,Rams,2022.0,1.0,0.207,0.207,0.0,0.001,2022.0,Rams,rookie,0.0
Rodney Williams II,TE,Steelers,2022.0,1.0,0.207,0.207,0.0,0.001,2022.0,Broncos,rookie,0.0
Nick Bowers,TE,Bengals,2022.0,1.0,0.207,0.207,0.0,0.001,2020.0,Raiders,veteran,2.0
Jared Pinkney,TE,Rams,2022.0,1.0,0.207,0.207,0.0,0.001,2020.0,Falcons,veteran,2.0
Nick Guggemos,TE,Packers,2022.0,1.0,0.207,0.207,0.0,0.001,2021.0,Seahawks,veteran,1.0
Zach Davidson,TE,Bills,2022.0,1.0,0.207,0.207,0.0,0.001,2021.0,Vikings,veteran,1.0
Tucker Fisk,TE,Falcons,2022.0,1.0,0.207,0.207,0.0,0.001,2022.0,Falcons,rookie,0.0
Jake Bargas,TE,Dolphins,2022.0,1.0,0.207,0.207,0.0,0.001,2020.0,Vikings,veteran,2.0
Seth Green,TE,Cowboys,2022.0,1.0,0.207,0.207,0.0,0.001,2022.0,Texans,rookie,0.0
Nick Muse,TE,Vikings,2022.0,1.0,0.207,0.207,0.0,0.001,2022.0,Vikings,rookie,0.0
Sean McKeon,TE,Cowboys,2022.0,1.0,0.207,0.207,0.0,0.001,2020.0,Cowboys,veteran,2.0
Tanner Hudson,TE,Bengals,2022.0,1.0,0.207,0.207,0.0,0.001,2018.0,Buccaneers,veteran,4.0
Dylan Parham,TE,Broncos,2022.0,1.0,0.207,0.207,0.0,0.001,2022.0,Broncos,rookie,0.0
Derrick Deese Jr.,TE,Lions,2022.0,1.0,0.207,0.207,0.0,0.001,2022.0,Lions,rookie,0.0
Nikola Kalinic,TE,Colts,2022.0,1.0,0.207,0.207,0.0,0.001,2022.0,Colts,rookie,0.0
Jared Scott,TE,Colts,2022.0,1.0,0.207,0.207,0.0,0.001,2022.0,Panthers,rookie,0.0
Gerrit Prince,TE,Jaguars,2022.0,1.0,0.207,0.207,0.0,0.001,2022.0,Jaguars,rookie,0.0
Hunter Kampmoyer,TE,Chargers,2022.0,1.0,0.207,0.207,0.0,0.001,2021.0,Chargers,veteran,1.0
Jordan Franks,TE,Chiefs,2022.0,1.0,0.207,0.207,0.0,0.001,2018.0,Bengals,veteran,4.0
Thomas Odukoya,TE,Titans,2022.0,1.0,0.207,0.207,0.0,0.001,2022.0,Titans,rookie,0.0
Rashod Berry,TE,Jaguars,2022.0,1.0,0.207,0.207,0.0,0.001,2020.0,Patriots,veteran,2.0
Cole Fotheringham,TE,Raiders,2022.0,1.0,0.207,0.207,0.0,0.001,2022.0,Raiders,rookie,0.0
Shaun Beyer,TE,Packers,2022.0,1.0,0.207,0.207,0.0,0.001,2021.0,Broncos,veteran,1.0
Kevin Rader,TE,Titans,2022.0,1.0,0.207,0.207,0.0,0.001,2018.0,Packers,veteran,4.0
Kendall Blanton,TE,Chiefs,2022.0,1.0,0.207,0.207,0.0,0.001,2019.0,Rams,veteran,3.0
Matt Bushman,TE,Chiefs,2022.0,1.0,0.207,0.207,0.0,0.001,2021.0,Raiders,veteran,1.0
Colin Thompson,TE,Panthers,2022.0,1.0,0.207,0.207,0.0,0.001,2017.0,Giants,veteran,5.0
Chase Allen,TE,Bears,2022.0,1.0,0.207,0.207,0.0,0.001,2022.0,Bears,rookie,0.0
Sammis Reyes,TE,Bears,2022.0,1.0,0.207,0.207,0.0,0.001,2021.0,Commanders,veteran,1.0
Tyler Mabry,TE,Seahawks,2022.0,1.0,0.207,0.207,0.0,0.001,2020.0,Seahawks,veteran,2.0
Scotty Washington,TE,Patriots,2022.0,1.0,0.207,0.207,0.0,0.001,2020.0,Bengals,veteran,2.0
Thaddeus Moss,TE,Bengals,2022.0,1.0,0.207,0.207,0.0,0.001,2020.0,Commanders,veteran,2.0
JJ Howland,TE,Buccaneers,2022.0,1.0,0.207,0.207,0.0,0.001,2022.0,Buccaneers,rookie,0.0
Nakia Griffin-Stewart,TE,Colts,2022.0,1.0,0.207,0.207,0.0,0.001,2020.0,Vikings,veteran,2.0
Zaire Mitchell-Paden,TE,Browns,2022.0,1.0,0.207,0.207,0.0,0.001,2022.0,Browns,rookie,0.0
Lance Lenoir,TE,Rams,2022.0,1.0,0.207,0.207,0.0,0.001,2017.0,Cowboys,veteran,5.0
Dalton Keene,TE,Eagles,2022.0,1.0,0.207,0.207,0.0,0.001,2020.0,Patriots,veteran,2.0
John Raine,TE,Falcons,2022.0,1.0,0.207,0.207,0.0,0.001,2021.0,Falcons,veteran,1.0
Shane Zylstra,TE,Lions,2022.0,1.0,0.207,0.207,0.0,0.001,2021.0,Vikings,veteran,1.0
Josh Babicz,TE,Panthers,2022.0,1.0,0.207,0.207,0.0,0.001,2022.0,Panthers,rookie,0.0
Matt Sokol,TE,Patriots,2022.0,1.0,0.207,0.207,0.0,0.001,2019.0,Chargers,veteran,3.0
Noah Togiai,TE,Eagles,2022.0,1.0,0.207,0.207,0.0,0.001,2020.0,Eagles,veteran,2.0
Jalen Wydermyer,TE,NE/IND,2022.0,1.0,0.207,0.207,0.0,0.001,2022.0,Bills,rookie,0.0
David Wells,TE,Buccaneers,2022.0,1.0,0.207,0.207,0.0,0.001,2018.0,Cowboys,veteran,4.0
Chris Myarick,TE,Giants,2022.0,1.0,0.207,0.207,0.0,0.001,2019.0,Dolphins,veteran,3.0
Lucas Krull,TE,Saints,2022.0,1.0,0.207,0.207,0.0,0.001,2022.0,Saints,rookie,0.0
Dominique Dafney,TE,Colts,2022.0,1.0,0.207,0.207,0.0,0.001,2020.0,Colts,veteran,2.0
Justin Rigg,TE,Steelers,2022.0,1.0,0.207,0.207,0.0,0.001,2022.0,Bengals,rookie,0.0
Bernhard Seikovits,TE,Cardinals,2022.0,1.0,0.207,0.207,0.0,0.001,2021.0,Cardinals,veteran,1.0
Jake Tonges,TE,Bears,2022.0,1.0,0.207,0.207,0.0,0.001,2022.0,Bears,rookie,0.0
Nick Eubanks,TE,Texans,2022.0,1.0,0.207,0.207,0.0,0.001,2021.0,Cowboys,veteran,1.0
Miller Forristall,TE,Browns,2022.0,1.0,0.207,0.207,0.0,0.001,2021.0,Titans,veteran,1.0
Kenny Yeboah,TE,Jets,2022.0,1.0,0.207,0.207,0.0,0.001,2021.0,Jets,veteran,1.0
Austin Allen,TE,Packers,2022.0,1.0,0.207,0.207,0.0,0.001,2022.0,Giants,rookie,0.0
Thomas Odukoya,TE,Titans,2023.0,1.0,0.216,0.216,0.0,0.001,2022.0,Titans,veteran,1.0
Cole Fotheringham,TE,Raiders,2023.0,1.0,0.216,0.216,0.0,0.001,2022.0,Raiders,veteran,1.0
Lucas Krull,TE,Broncos,2023.0,1.0,0.216,0.216,0.0,0.001,2022.0,Saints,veteran,1.0
Michael Jacobson,TE,Saints,2023.0,1.0,0.216,0.216,0.0,0.001,2021.0,Seahawks,veteran,2.0
Jake Tonges,TE,49ers,2023.0,1.0,0.216,0.216,0.0,0.001,2022.0,Bears,veteran,1.0
Matt Bushman,TE,Chiefs,2023.0,1.0,0.216,0.216,0.0,0.001,2021.0,Raiders,veteran,2.0
Jordan Murray,TE,Colts,2023.0,1.0,0.216,0.216,0.0,0.001,2023.0,Texans,rookie,0.0
Austin Allen,TE,Packers,2023.0,1.0,0.216,0.216,0.0,0.001,2022.0,Giants,veteran,1.0
Miller Forristall,TE,Rams,2023.0,1.0,0.216,0.216,0.0,0.001,2021.0,Titans,veteran,2.0
Princeton Fant,TE,Cowboys,2023.0,1.0,0.216,0.216,0.0,0.001,2023.0,Cowboys,rookie,0.0
Tre' McKitty,TE,Bills,2023.0,1.0,0.216,0.216,0.0,0.001,2021.0,Chargers,veteran,2.0
Rodney Williams II,TE,Steelers,2023.0,1.0,0.216,0.216,0.0,0.001,2022.0,Broncos,veteran,1.0
Zack Kuntz,TE,Jets,2023.0,1.0,0.216,0.216,0.0,0.001,2023.0,Jets,rookie,0.0
Tommy Hudson,TE,Saints,2023.0,1.0,0.216,0.216,0.0,0.001,2020.0,Titans,veteran,3.0
La'Michael Pettway,TE,Patriots,2023.0,1.0,0.216,0.216,0.0,0.001,2023.0,Colts,rookie,0.0
Griffin Hebert,TE,Eagles,2023.0,1.0,0.216,0.216,0.0,0.001,2023.0,Seahawks,rookie,0.0
Tyler Mabry,TE,Seahawks,2023.0,1.0,0.216,0.216,0.0,0.001,2020.0,Seahawks,veteran,3.0
Dalton Keene,TE,Texans,2023.0,1.0,0.216,0.216,0.0,0.001,2020.0,Patriots,veteran,3.0
Brady Russell,TE,Eagles,2023.0,1.0,0.216,0.216,0.0,0.001,2023.0,Eagles,rookie,0.0
Joel Wilson,TE,Packers,2023.0,1.0,0.216,0.216,0.0,0.001,2023.0,Saints,rookie,0.0
Zaire Mitchell-Paden,TE,Browns,2023.0,1.0,0.216,0.216,0.0,0.001,2022.0,Browns,veteran,1.0
Nick Bowers,TE,Dolphins,2023.0,1.0,0.216,0.216,0.0,0.001,2020.0,Raiders,veteran,3.0
Parker Hesse,TE,Falcons,2023.0,1.0,0.216,0.216,0.0,0.001,2019.0,Titans,veteran,4.0
Ryan Jones,TE,Giants,2023.0,1.0,0.216,0.216,0.0,0.001,2023.0,Giants,rookie,0.0
Gerrit Prince,TE,Chiefs,2023.0,1.0,0.216,0.216,0.0,0.001,2022.0,Jaguars,veteran,1.0
Travis Vokolek,TE,Ravens,2023.0,1.0,0.216,0.216,0.0,0.001,2023.0,Ravens,rookie,0.0
Blake Whiteheart,TE,Cardinals,2023.0,1.0,0.216,0.216,0.0,0.001,2023.0,Cardinals,rookie,0.0
David Wells,TE,Buccaneers,2023.0,1.0,0.216,0.216,0.0,0.001,2018.0,Cowboys,veteran,5.0
Noah Togiai,TE,Raiders,2023.0,1.0,0.216,0.216,0.0,0.001,2020.0,Eagles,veteran,3.0
Johnny Lumpkin,TE,Colts,2023.0,1.0,0.216,0.216,0.0,0.001,2023.0,Patriots,rookie,0.0
Matt Sokol,TE,Patriots,2023.0,1.0,0.216,0.216,0.0,0.001,2019.0,Chargers,veteran,4.0
Tucker Fisk,TE,Falcons,2023.0,1.0,0.216,0.216,0.0,0.001,2022.0,Falcons,veteran,1.0
E.J. Jenkins,TE,Eagles,2023.0,1.0,0.216,0.216,0.0,0.001,2023.0,Jets,rookie,0.0
Tanner Taula,TE,Buccaneers,2023.0,1.0,0.216,0.216,0.0,0.001,2023.0,Buccaneers,rookie,0.0
Nikola Kalinic,TE,Rams,2023.0,1.0,0.216,0.216,0.0,0.001,2022.0,Colts,veteran,1.0
Tyree Jackson,TE,Giants,2023.0,1.0,0.216,0.216,0.0,0.001,2019.0,Bills,veteran,4.0
Hunter Kampmoyer,TE,Chargers,2023.0,1.0,0.216,0.216,0.0,0.001,2021.0,Chargers,veteran,2.0
Ben Mason,TE,Texans,2023.0,1.0,0.216,0.216,0.0,0.001,2021.0,Ravens,veteran,2.0
John Samuel Shenker,TE,Raiders,2023.0,1.0,0.216,0.216,0.0,0.001,2023.0,Raiders,rookie,0.0
Scotty Washington,TE,Ravens,2023.0,1.0,0.216,0.216,0.0,0.001,2020.0,Bengals,veteran,3.0
Josh Pederson,TE,Jaguars,2023.0,1.0,0.216,0.216,0.0,0.001,2021.0,49ers,veteran,2.0
Bernhard Seikovits,TE,Cardinals,2023.0,1.0,0.216,0.216,0.0,0.001,2021.0,Cardinals,veteran,2.0
Noah Gindorff,TE,Steelers,2023.0,1.0,0.216,0.216,0.0,0.001,2023.0,Seahawks,rookie,0.0
Kendall Blanton,TE,Rams,2021.0,1.0,0.1656,0.1656,0.0,0.001,2019.0,Rams,veteran,2.0
Jake Bargas,TE,Vikings,2021.0,1.0,0.1656,0.1656,0.0,0.001,2020.0,Vikings,veteran,1.0
Shane Zylstra,TE,Lions,2021.0,1.0,0.1656,0.1656,0.0,0.001,2021.0,Vikings,rookie,0.0
Ian Bunting,TE,Cowboys,2021.0,1.0,0.1656,0.1656,0.0,0.001,2019.0,Bears,veteran,2.0
Hunter Kampmoyer,TE,Chargers,2021.0,1.0,0.1656,0.1656,0.0,0.001,2021.0,Chargers,rookie,0.0
Kahale Warring,TE,Bills,2021.0,1.0,0.1656,0.1656,0.0,0.001,2019.0,Texans,veteran,2.0
Austin Fort,TE,Titans,2021.0,1.0,0.1656,0.1656,0.0,0.001,2019.0,Broncos,veteran,2.0
Chris Myarick,TE,Giants,2021.0,1.0,0.1656,0.1656,0.0,0.001,2019.0,Dolphins,veteran,2.0
Zach Davidson,TE,Vikings,2021.0,1.0,0.1656,0.1656,0.0,0.001,2021.0,Vikings,rookie,0.0
Mark Vital,TE,Seahawks,2021.0,1.0,0.1656,0.1656,0.0,0.001,2021.0,Seahawks,rookie,0.0
Ethan Wolf,TE,Saints,2021.0,1.0,0.1656,0.1656,0.0,0.001,2018.0,Titans,veteran,3.0
John Raine,TE,Falcons,2021.0,1.0,0.1656,0.1656,0.0,0.001,2021.0,Falcons,rookie,0.0
Colin Thompson,TE,Panthers,2021.0,1.0,0.1656,0.1656,0.0,0.001,2017.0,Giants,veteran,4.0
Kenny Yeboah,TE,Jets,2021.0,1.0,0.1656,0.1656,0.0,0.001,2021.0,Jets,rookie,0.0
Nakia Griffin-Stewart,TE,Chiefs,2021.0,1.0,0.1656,0.1656,0.0,0.001,2020.0,Vikings,veteran,1.0
Daniel Helm,TE,Raiders,2021.0,1.0,0.1656,0.1656,0.0,0.001,2019.0,Chargers,veteran,2.0
Tony Poljan,TE,Ravens,2021.0,1.0,0.1656,0.1656,0.0,0.001,2021.0,Ravens,rookie,0.0
Tanner Hudson,TE,49ers,2021.0,1.0,0.1656,0.1656,0.0,0.001,2018.0,Buccaneers,veteran,3.0
Matt Bushman,TE,Raiders,2021.0,1.0,0.1656,0.1656,0.0,0.001,2021.0,Raiders,rookie,0.0
Alex Ellis,TE,Cardinals,2021.0,1.0,0.1656,0.1656,0.0,0.001,2016.0,Titans,veteran,5.0
Matt Sokol,TE,Jaguars,2021.0,1.0,0.1656,0.1656,0.0,0.001,2019.0,Chargers,veteran,2.0
Jordan Franks,TE,Browns,2021.0,1.0,0.1656,0.1656,0.0,0.001,2018.0,Bengals,veteran,3.0
Thaddeus Moss,TE,Bengals,2021.0,1.0,0.1656,0.1656,0.0,0.001,2020.0,Commanders,veteran,1.0
Tyler Mabry,TE,Seahawks,2021.0,1.0,0.1656,0.1656,0.0,0.001,2020.0,Seahawks,veteran,1.0
Nick Ralston,TE,Cowboys,2021.0,1.0,0.1656,0.1656,0.0,0.001,2021.0,Cowboys,rookie,0.0
Quintin Morris,TE,Bills,2021.0,1.0,0.1656,0.1656,0.0,0.001,2021.0,Bills,rookie,0.0
Parker Hesse,TE,Falcons,2021.0,1.0,0.1656,0.1656,0.0,0.001,2019.0,Titans,veteran,2.0
Kevin Rader,TE,Steelers,2021.0,1.0,0.1656,0.1656,0.0,0.001,2018.0,Packers,veteran,3.0
Stephen Sullivan,TE,Panthers,2021.0,1.0,0.1656,0.1656,0.0,0.001,2020.0,Seahawks,veteran,1.0
Carl Tucker,TE,Dolphins,2021.0,1.0,0.1656,0.1656,0.0,0.001,2021.0,Dolphins,rookie,0.0
Jared Pinkney,TE,Rams,2021.0,1.0,0.1656,0.1656,0.0,0.001,2020.0,Falcons,veteran,1.0
Brandon Dillon,TE,Jets,2021.0,1.0,0.1656,0.1656,0.0,0.001,2019.0,Vikings,veteran,2.0
Tommy Hudson,TE,Titans,2021.0,1.0,0.1656,0.1656,0.0,0.001,2020.0,Titans,veteran,1.0
Rashod Berry,TE,Lions,2021.0,1.0,0.1656,0.1656,0.0,0.001,2020.0,Patriots,veteran,1.0
Miller Forristall,TE,Titans,2021.0,1.0,0.1656,0.1656,0.0,0.001,2021.0,Titans,rookie,0.0
Nick Guggemos,TE,Browns,2021.0,1.0,0.1656,0.1656,0.0,0.001,2021.0,Seahawks,rookie,0.0
Nick Eubanks,TE,Lions,2021.0,1.0,0.1656,0.1656,0.0,0.001,2021.0,Cowboys,rookie,0.0
Brock Wright,TE,Lions,2021.0,1.0,0.1656,0.1656,0.0,0.001,2021.0,Lions,rookie,0.0
Noah Togiai,TE,Eagles,2021.0,1.0,0.1656,0.1656,0.0,0.001,2020.0,Eagles,veteran,1.0
Alize Mack,TE,Lions,2021.0,1.0,0.1656,0.1656,0.0,0.001,2019.0,Saints,veteran,2.0
Farrod Green,TE,Colts,2021.0,1.0,0.1656,0.1656,0.0,0.001,2020.0,Colts,veteran,1.0
Jace Sternberger,TE,Seahawks,2021.0,1.0,0.1656,0.1656,0.0,0.001,2019.0,Packers,veteran,2.0
DeShon Williams,TE,Seahawks,2021.0,1.0,0.1656,0.1656,0.0,0.001,2021.0,Seahawks,rookie,0.0
Jake Hausmann,TE,Giants,2021.0,1.0,0.1656,0.1656,0.0,0.001,2021.0,Lions,rookie,0.0
Eli Wolf,TE,Colts,2021.0,1.0,0.1656,0.1656,0.0,0.001,2020.0,Ravens,veteran,1.0
Paul Quessenberry,TE,Texans,2021.0,1.0,0.1656,0.1656,0.0,0.001,2014.0,Texans,veteran,7.0
Shaun Beyer,TE,Broncos,2021.0,1.0,0.1656,0.1656,0.0,0.001,2021.0,Broncos,rookie,0.0
Bernhard Seikovits,TE,Cardinals,2021.0,1.0,0.1656,0.1656,0.0,0.001,2021.0,Cardinals,rookie,0.0
David Wells,TE,Cardinals,2021.0,1.0,0.1656,0.1656,0.0,0.001,2018.0,Cowboys,veteran,3.0
Caleb Wilson,TE,Broncos,2021.0,1.0,0.1656,0.1656,0.0,0.001,2019.0,Cardinals,veteran,2.0
Tyler Davis,TE,Colts,2021.0,1.0,0.1656,0.1656,0.0,0.001,2020.0,Jaguars,veteran,1.0
Michael Jacobson,TE,Seahawks,2021.0,1.0,0.1656,0.1656,0.0,0.001,2021.0,Seahawks,rookie,0.0
Kyle Markway,TE,Rams,2021.0,1.0,0.1656,0.1656,0.0,0.001,2020.0,Giants,veteran,1.0
Brandon Dillon,TE,Vikings,2019.0,1.0,0.17,0.17,0.0,0.001,2019.0,Vikings,rookie,0.0
Stephen Carlson,TE,Browns,2019.0,1.0,0.17,0.17,0.0,0.001,2019.0,Browns,rookie,0.0
Mason Fairchild,TE,Saints,2024.0,1.0,0.225,0.225,0.0,0.001,2024.0,Saints,rookie,0.0
Tanner Taula,TE,Buccaneers,2024.0,1.0,0.225,0.225,0.0,0.001,2023.0,Buccaneers,veteran,1.0
John FitzPatrick,TE,Falcons,2024.0,1.0,0.225,0.225,0.0,0.001,2022.0,Falcons,veteran,2.0
Kehinde Oginni,TE,Falcons,2024.0,1.0,0.225,0.225,0.0,0.001,2022.0,Chiefs,veteran,2.0
Sammis Reyes,TE,Vikings,2024.0,1.0,0.225,0.225,0.0,0.001,2021.0,Commanders,veteran,3.0
Michael Jacobson,TE,Saints,2024.0,1.0,0.225,0.225,0.0,0.001,2021.0,Seahawks,veteran,3.0
Tyree Jackson,TE,Commanders,2024.0,1.0,0.225,0.225,0.0,0.001,2019.0,Bills,veteran,5.0
Bernhard Seikovits,TE,Cardinals,2024.0,1.0,0.225,0.225,0.0,0.001,2021.0,Cardinals,veteran,3.0
Baylor Cupp,TE,Chiefs,2024.0,1.0,0.225,0.225,0.0,0.001,2024.0,Chiefs,rookie,0.0
Hayden Rucci,TE,Dolphins,2024.0,1.0,0.225,0.225,0.0,0.001,2024.0,Dolphins,rookie,0.0
Nikola Kalinic,TE,Rams,2024.0,1.0,0.225,0.225,0.0,0.001,2022.0,Colts,veteran,2.0
Rodney Williams II,TE,Steelers,2024.0,1.0,0.225,0.225,0.0,0.001,2022.0,Broncos,veteran,2.0
Scotty Washington,TE,Ravens,2024.0,1.0,0.225,0.225,0.0,0.001,2020.0,Bengals,veteran,4.0
Johnny Lumpkin,TE,Packers,2024.0,1.0,0.225,0.225,0.0,0.001,2023.0,Patriots,veteran,1.0
Cameron Latu,TE,Browns,2024.0,1.0,0.225,0.225,0.0,0.001,2023.0,49ers,veteran,1.0
Luke Benson,TE,Chargers,2024.0,1.0,0.225,0.225,0.0,0.001,2024.0,Chargers,rookie,0.0
Tucker Fisk,TE,Chargers,2024.0,1.0,0.225,0.225,0.0,0.001,2022.0,Falcons,veteran,2.0
Miller Forristall,TE,Rams,2024.0,1.0,0.225,0.225,0.0,0.001,2021.0,Titans,veteran,3.0
Treyton Welch,TE,Saints,2024.0,1.0,0.225,0.225,0.0,0.001,2024.0,Browns,rookie,0.0
Zach Davidson,TE,Bills,2024.0,1.0,0.225,0.225,0.0,0.001,2021.0,Vikings,veteran,3.0
Brenden Bates,TE,Jets,2024.0,1.0,0.225,0.225,0.0,0.001,2024.0,Bears,rookie,0.0
Princeton Fant,TE,Cowboys,2024.0,1.0,0.225,0.225,0.0,0.001,2023.0,Cowboys,veteran,1.0
Zaire Mitchell-Paden,TE,Ravens,2024.0,1.0,0.225,0.225,0.0,0.001,2022.0,Browns,veteran,2.0
Dominique Dafney,TE,Panthers,2024.0,1.0,0.225,0.225,0.0,0.001,2020.0,Colts,veteran,4.0
Jack Westover,TE,Patriots,2024.0,1.0,0.225,0.225,0.0,0.001,2024.0,Seahawks,rookie,0.0
E.J. Jenkins,TE,Eagles,2024.0,1.0,0.225,0.225,0.0,0.001,2023.0,Jets,veteran,1.0
Cam Grandy,TE,Bengals,2024.0,1.0,0.225,0.225,0.0,0.001,2024.0,Bengals,rookie,0.0
Brayden Willis,TE,49ers,2024.0,1.0,0.225,0.225,0.0,0.001,2023.0,49ers,veteran,1.0
Neal Johnson,TE,Jets,2024.0,1.0,0.225,0.225,0.0,0.001,2024.0,Rams,rookie,0.0
McCallan Castles,TE,Chargers,2024.0,1.0,0.225,0.225,0.0,0.001,2024.0,Eagles,rookie,0.0
Zack Kuntz,TE,Jets,2024.0,1.0,0.225,0.225,0.0,0.001,2023.0,Jets,veteran,1.0
Griffin Hebert,TE,Eagles,2024.0,1.0,0.225,0.225,0.0,0.001,2023.0,Seahawks,veteran,1.0
Kevin Foelsch,TE,Eagles,2024.0,1.0,0.225,0.225,0.0,0.001,2024.0,Panthers,rookie,0.0
Mason Pline,TE,49ers,2024.0,1.0,0.225,0.225,0.0,0.001,2024.0,49ers,rookie,0.0
Peyton Hendershot,TE,Chiefs,2024.0,1.0,0.225,0.225,0.0,0.001,2022.0,Cowboys,veteran,2.0
Shawn Bowman,TE,Jaguars,2024.0,1.0,0.225,0.225,0.0,0.001,2024.0,Jaguars,rookie,0.0
Joel Wilson,TE,Giants,2024.0,1.0,0.225,0.225,0.0,0.001,2023.0,Saints,veteran,1.0
Teagan Quitoriano,TE,Bears,2024.0,1.0,0.225,0.225,0.0,0.001,2022.0,Texans,veteran,2.0
Armani Rogers,TE,Falcons,2024.0,1.0,0.225,0.225,0.0,0.001,2022.0,Commanders,veteran,2.0
John Samuel Shenker,TE,Raiders,2024.0,1.0,0.225,0.225,0.0,0.001,2023.0,Raiders,veteran,1.0
Messiah Swinson,TE,Packers,2024.0,1.0,0.225,0.225,0.0,0.001,2024.0,Packers,rookie,0.0
Cole Fotheringham,TE,Texans,2024.0,1.0,0.225,0.225,0.0,0.001,2022.0,Raiders,veteran,2.0
Thomas Odukoya,TE,Titans,2024.0,1.0,0.225,0.225,0.0,0.001,2022.0,Titans,veteran,2.0
Cole Turner,TE,Commanders,2024.0,1.0,0.225,0.225,0.0,0.001,2022.0,Commanders,veteran,2.0
Matt Sokol,TE,Steelers,2024.0,1.0,0.225,0.225,0.0,0.001,2019.0,Chargers,veteran,5.0
Blake Whiteheart,TE,Browns,2024.0,1.0,0.225,0.225,0.0,0.001,2023.0,Cardinals,veteran,1.0
Nick Muse,TE,Vikings,2024.0,1.0,0.225,0.225,0.0,0.001,2022.0,Vikings,veteran,2.0
Thomas Yassmin,TE,Broncos,2024.0,1.0,0.225,0.225,0.0,0.001,2024.0,Broncos,rookie,0.0
James Mitchell,TE,Lions,2024.0,1.0,0.225,0.225,0.0,0.001,2022.0,Lions,veteran,2.0
Jordan Murray,TE,Giants,2024.0,1.0,0.225,0.225,0.0,0.001,2023.0,Texans,veteran,1.0
Shane Zylstra,TE,Lions,2024.0,1.0,0.225,0.225,0.0,0.001,2021.0,Vikings,veteran,3.0
Trent Pennix,TE,Colts,2024.0,1.0,0.225,0.225,0.0,0.001,2024.0,Colts,rookie,0.0
Tyler Mabry,TE,Seahawks,2024.0,1.0,0.225,0.225,0.0,0.001,2020.0,Seahawks,veteran,4.0
Chris Myarick,TE,Dolphins,2020.0,1.0,0.170282,0.170282,0.0,0.001,2019.0,Dolphins,veteran,1.0
Brandon Dillon,TE,Vikings,2020.0,1.0,0.170282,0.170282,0.0,0.001,2019.0,Vikings,veteran,1.0
Rashod Berry,TE,Patriots,2020.0,1.0,0.170282,0.170282,0.0,0.001,2020.0,Patriots,rookie,0.0
Jared Pinkney,TE,Falcons,2020.0,1.0,0.170282,0.170282,0.0,0.001,2020.0,Falcons,rookie,0.0
Dalton Keene,TE,Texans,2025.0,1.0,0.234,0.234,0.0,0.001,2020.0,Patriots,veteran,5.0
Princeton Fant,TE,Cowboys,2025.0,1.0,0.234,0.234,0.0,0.001,2023.0,Cowboys,veteran,2.0
Luke Lachey,TE,Texans,2025.0,1.0,0.234,0.234,0.0,0.001,2025.0,Texans,rookie,0.0
TJ Maguranyanga,TE,Commanders,2025.0,1.0,0.234,0.234,0.0,0.001,2025.0,Commanders,rookie,0.0
Zach Horton,TE,Lions,2025.0,1.0,0.234,0.234,0.0,0.001,2025.0,Lions,rookie,0.0
McCallan Castles,TE,Packers,2025.0,1.0,0.234,0.234,0.0,0.001,2024.0,Eagles,veteran,1.0
Tanner Taula,TE,Buccaneers,2025.0,1.0,0.234,0.234,0.0,0.001,2023.0,Buccaneers,veteran,2.0
Scotty Washington,TE,Ravens,2025.0,1.0,0.234,0.234,0.0,0.001,2020.0,Bengals,veteran,5.0
Matt Sokol,TE,Steelers,2025.0,1.0,0.234,0.234,0.0,0.001,2019.0,Chargers,veteran,6.0
Caleb Lohner,TE,Broncos,2025.0,1.0,0.234,0.234,0.0,0.001,2025.0,Broncos,rookie,0.0
Rivaldo Fairweather,TE,Cowboys,2025.0,1.0,0.234,0.234,0.0,0.001,2025.0,Cowboys,rookie,0.0
Sal Cannella,TE,Browns,2025.0,1.0,0.234,0.234,0.0,0.001,2021.0,Dolphins,veteran,4.0
J.J. Galbreath,TE,Steelers,2025.0,1.0,0.234,0.234,0.0,0.001,2025.0,Steelers,rookie,0.0
Cameron Latu,TE,Eagles,2025.0,1.0,0.234,0.234,0.0,0.001,2023.0,49ers,veteran,2.0
E.J. Jenkins,TE,Eagles,2025.0,1.0,0.234,0.234,0.0,0.001,2023.0,Jets,veteran,2.0
Bryce Pierre,TE,Panthers,2025.0,1.0,0.234,0.234,0.0,0.001,2025.0,Panthers,rookie,0.0
Tre Watson,TE,Chiefs,2025.0,1.0,0.234,0.234,0.0,0.001,2025.0,Chiefs,rookie,0.0
Layne Pryor,TE,Texans,2025.0,1.0,0.234,0.234,0.0,0.001,2025.0,Texans,rookie,0.0
Keleki Latu,TE,Bills,2025.0,1.0,0.234,0.234,0.0,0.001,2025.0,Bills,rookie,0.0
CJ Dippre,TE,Patriots,2025.0,1.0,0.234,0.234,0.0,0.001,2025.0,Patriots,rookie,0.0
Josh Whyle,TE,Packers,2025.0,1.0,0.234,0.234,0.0,0.001,2023.0,Titans,veteran,2.0
Joel Wilson,TE,Titans,2025.0,1.0,0.234,0.234,0.0,0.001,2023.0,Saints,veteran,2.0
Joshua Simon,TE,Falcons,2025.0,1.0,0.234,0.234,0.0,0.001,2025.0,Falcons,rookie,0.0
Treyton Welch,TE,Saints,2025.0,1.0,0.234,0.234,0.0,0.001,2024.0,Browns,veteran,1.0
Zaire Mitchell-Paden,TE,Ravens,2025.0,1.0,0.234,0.234,0.0,0.001,2022.0,Browns,veteran,3.0
Patrick Herbert,TE,Jaguars,2025.0,1.0,0.234,0.234,0.0,0.001,2025.0,Jaguars,rookie,0.0
Marshall Lang,TE,Patriots,2025.0,1.0,0.234,0.234,0.0,0.001,2025.0,Seahawks,rookie,0.0
Cole Turner,TE,Titans,2025.0,1.0,0.234,0.234,0.0,0.001,2022.0,Commanders,veteran,3.0
Messiah Swinson,TE,Packers,2025.0,1.0,0.234,0.234,0.0,0.001,2024.0,Packers,veteran,1.0
Brenden Bates,TE,Browns,2025.0,1.0,0.234,0.234,0.0,0.001,2024.0,Bears,veteran,1.0
Gee Scott Jr.,TE,Patriots,2025.0,1.0,0.234,0.234,0.0,0.001,2025.0,Patriots,rookie,0.0
Carter Runyon,TE,Raiders,2025.0,1.0,0.234,0.234,0.0,0.001,2025.0,Raiders,rookie,0.0
Bryson Nesbit,TE,Vikings,2025.0,1.0,0.234,0.234,0.0,0.001,2025.0,Vikings,rookie,0.0
Caden Prieskorn,TE,Buccaneers,2025.0,1.0,0.234,0.234,0.0,0.001,2025.0,Lions,rookie,0.0
Nikola Kalinic,TE,Bears,2025.0,1.0,0.234,0.234,0.0,0.001,2022.0,Colts,veteran,3.0
Thomas Yassmin,TE,Chargers,2025.0,1.0,0.234,0.234,0.0,0.001,2024.0,Broncos,veteran,1.0
Drake Dabney,TE,Packers,2025.0,1.0,0.234,0.234,0.0,0.001,2025.0,Titans,rookie,0.0
Thomas Gordon,TE,Bears,2025.0,1.0,0.234,0.234,0.0,0.001,2025.0,Bears,rookie,0.0
Hayden Rucci,TE,49ers,2025.0,1.0,0.234,0.234,0.0,0.001,2024.0,Dolphins,veteran,1.0
Tanner McLachlan,TE,Chargers,2025.0,1.0,0.234,0.234,0.0,0.001,2024.0,Bengals,veteran,1.0
Thomas Odukoya,TE,Titans,2025.0,1.0,0.234,0.234,0.0,0.001,2022.0,Titans,veteran,3.0
Maximilian Mang,TE,Giants,2025.0,1.0,0.234,0.234,0.0,0.001,2025.0,Colts,rookie,0.0
Moliki Matavao,TE,Saints,2025.0,1.0,0.234,0.234,0.0,0.001,2025.0,Saints,rookie,0.0
Jaheim Bell,TE,Eagles,2025.0,1.0,0.234,0.234,0.0,0.001,2024.0,Patriots,veteran,1.0
Mark Redman,TE,Rams,2025.0,1.0,0.234,0.234,0.0,0.001,2025.0,Rams,rookie,0.0
Zach Davidson,TE,Giants,2025.0,1.0,0.234,0.234,0.0,0.001,2021.0,Vikings,veteran,4.0
Brayden Willis,TE,49ers,2025.0,1.0,0.234,0.234,0.0,0.001,2023.0,49ers,veteran,2.0
Justice Cunningham,TE,IND/LAR,2013.0,1.0,0.102,0.102,0.0,0.001,2013.0,Colts,rookie,0.0
D.C. Jefferson,TE,Panthers,2013.0,1.0,0.102,0.102,0.0,0.001,2013.0,Cardinals,rookie,0.0
Brad Smelley,TE,LAR/HOU,2013.0,1.0,0.102,0.102,0.0,0.001,2012.0,Browns,veteran,1.0
Darren Fells,TE,Cardinals,2013.0,1.0,0.102,0.102,0.0,0.001,2013.0,Seahawks,rookie,0.0
Gabe Miller,TE,Commanders,2013.0,1.0,0.102,0.102,0.0,0.001,2011.0,Chiefs,veteran,2.0
Cameron Brate,TE,Buccaneers,2014.0,1.0,0.1071,0.1071,0.0,0.001,2014.0,Buccaneers,rookie,0.0
Michael Egnew,TE,Jaguars,2014.0,1.0,0.1071,0.1071,0.0,0.001,2012.0,Dolphins,veteran,2.0
David Paulson,TE,Chargers,2014.0,1.0,0.1071,0.1071,0.0,0.001,2012.0,Steelers,veteran,2.0
Gabe Miller,TE,Commanders,2014.0,1.0,0.1071,0.1071,0.0,0.001,2011.0,Chiefs,veteran,3.0
Ted Bolser,TE,Commanders,2014.0,1.0,0.1071,0.1071,0.0,0.001,2014.0,Commanders,rookie,0.0
Orson Charles,TE,Titans,2014.0,1.0,0.1071,0.1071,0.0,0.001,2012.0,Bengals,veteran,2.0
Rob Blanchflower,TE,Steelers,2014.0,1.0,0.1071,0.1071,0.0,0.001,2014.0,Steelers,rookie,0.0
Brad Smelley,TE,Rams,2014.0,1.0,0.1071,0.1071,0.0,0.001,2012.0,Browns,veteran,2.0
Justice Cunningham,TE,Rams,2014.0,1.0,0.1071,0.1071,0.0,0.001,2013.0,Colts,veteran,1.0
Daniel Hardy,TE,Saints,2011.0,1.0,0.0969,0.0969,0.0,0.001,2011.0,Buccaneers,rookie,0.0
Brad Smelley,TE,Browns,2012.0,1.0,0.0969,0.0969,0.0,0.001,2012.0,Browns,rookie,0.0
Gabe Miller,TE,Seahawks,2012.0,1.0,0.0969,0.0969,0.0,0.001,2011.0,Chiefs,veteran,1.0
Daniel Brown,TE,Ravens,2015.0,2.0,0.2295,0.11475,0.0,0.001,2015.0,Ravens,rookie,0.0
Justice Cunningham,TE,Rams,2015.0,1.0,0.1122,0.1122,0.0,0.001,2013.0,Colts,veteran,2.0
Cameron Brate,TE,NO/TB,2015.0,1.0,0.1122,0.1122,0.0,0.001,2014.0,Buccaneers,veteran,1.0
Vince Mayle,TE,Cowboys,2015.0,1.0,0.1122,0.1122,0.0,0.001,2015.0,Browns,rookie,0.0
Arthur Lynch,TE,Broncos,2015.0,1.0,0.1122,0.1122,0.0,0.001,2014.0,Dolphins,veteran,1.0
Logan Thomas,TE,Lions,2016.0,1.0,0.1173,0.1173,0.0,0.001,2014.0,Cardinals,veteran,2.0
Malcolm Johnson,TE,Seahawks,2016.0,1.0,0.1173,0.1173,0.0,0.001,2015.0,Browns,veteran,1.0
Gerald Christian,TE,Bills,2016.0,1.0,0.1173,0.1173,0.0,0.001,2015.0,Cardinals,veteran,1.0
Vince Mayle,TE,Cowboys,2016.0,1.0,0.1173,0.1173,0.0,0.001,2015.0,Browns,veteran,1.0
David Grinnage,TE,Jaguars,2017.0,1.0,0.1224,0.1224,0.0,0.001,2016.0,Packers,veteran,1.0
Anthony Denham,TE,Cardinals,2017.0,1.0,0.1224,0.1224,0.0,0.001,2014.0,Texans,veteran,3.0
Ben Braunecker,TE,Bears,2017.0,1.0,0.1224,0.1224,0.0,0.001,2016.0,Bears,veteran,1.0
Josh Perkins,TE,Falcons,2017.0,1.0,0.1224,0.1224,0.0,0.001,2016.0,Falcons,veteran,1.0
Robert Tonyan,TE,Packers,2017.0,1.0,0.1224,0.1224,0.0,0.001,2017.0,Lions,rookie,0.0
Travis Wilson,TE,Rams,2017.0,1.0,0.1224,0.1224,0.0,0.001,2016.0,,veteran,1.0
Orson Charles,TE,Chiefs,2017.0,1.0,0.1224,0.1224,0.0,0.001,2012.0,Bengals,veteran,5.0
Emanuel Byrd,TE,Packers,2017.0,1.0,0.1224,0.1224,0.0,0.001,2017.0,Chiefs,rookie,0.0
Johnny Mundt,TE,Rams,2017.0,1.0,0.1224,0.1224,0.0,0.001,2017.0,Rams,rookie,0.0
Kyle Carter,TE,Vikings,2017.0,1.0,0.1224,0.1224,0.0,0.001,2016.0,Vikings,veteran,1.0
Zach Conque,TE,Texans,2017.0,1.0,0.1224,0.1224,0.0,0.001,2017.0,Texans,rookie,0.0
Henry Krieger-Coble,TE,Rams,2017.0,1.0,0.1224,0.1224,0.0,0.001,2016.0,Broncos,veteran,1.0
Ryan Malleck,TE,Texans,2017.0,1.0,0.1224,0.1224,0.0,0.001,2016.0,Giants,veteran,1.0
Pharaoh Brown,TE,Raiders,2017.0,1.0,0.1224,0.1224,0.0,0.001,2017.0,Raiders,rookie,0.0
Steve Donatell,TE,Seahawks,2017.0,1.0,0.1224,0.1224,0.0,0.001,2017.0,Seahawks,rookie,0.0
Garrett Griffin,TE,Saints,2017.0,1.0,0.1224,0.1224,0.0,0.001,2016.0,Saints,veteran,1.0
Evan Baylis,TE,Colts,2017.0,1.0,0.1224,0.1224,0.0,0.001,2017.0,Texans,rookie,0.0
Alex Gray,TE,Falcons,2017.0,1.0,0.1224,0.1224,0.0,0.001,2017.0,Falcons,rookie,0.0
Alex Ellis,TE,Saints,2017.0,1.0,0.1224,0.1224,0.0,0.001,2016.0,Titans,veteran,1.0
Gabe Holmes,TE,Cardinals,2017.0,1.0,0.1224,0.1224,0.0,0.001,2015.0,Raiders,veteran,2.0
Tyrone Swoopes,TE,Seahawks,2017.0,1.0,0.1224,0.1224,0.0,0.001,2017.0,Seahawks,rookie,0.0
Colin Thompson,TE,Bears,2017.0,1.0,0.1224,0.1224,0.0,0.001,2017.0,Giants,rookie,0.0
Bucky Hodges,TE,Panthers,2017.0,1.0,0.1224,0.1224,0.0,0.001,2017.0,Vikings,rookie,0.0
Jake McGee,TE,Steelers,2017.0,1.0,0.1224,0.1224,0.0,0.001,2016.0,Panthers,veteran,1.0
Matt Lengel,TE,Browns,2017.0,1.0,0.1224,0.1224,0.0,0.001,2015.0,Bengals,veteran,2.0
Manasseh Garner,TE,Commanders,2017.0,1.0,0.1224,0.1224,0.0,0.001,2015.0,Chiefs,veteran,2.0
Ricky Seals-Jones,TE,Cardinals,2017.0,1.0,0.1224,0.1224,0.0,0.001,2017.0,Cardinals,rookie,0.0
Scott Orndoff,TE,Bengals,2017.0,1.0,0.1224,0.1224,0.0,0.001,2017.0,Steelers,rookie,0.0
Jason Vander Laan,TE,Colts,2017.0,1.0,0.1224,0.1224,0.0,0.001,2016.0,Jets,veteran,1.0
Neal Sterling,TE,Chiefs,2017.0,1.0,0.1224,0.1224,0.0,0.001,2015.0,Jaguars,veteran,2.0
Mo Alie-Cox,TE,Colts,2017.0,1.0,0.1224,0.1224,0.0,0.001,2017.0,Colts,rookie,0.0
MyCole Pruitt,TE,Bills,2017.0,1.0,0.1224,0.1224,0.0,0.001,2015.0,Vikings,veteran,2.0
Matt LaCosse,TE,Giants,2017.0,1.0,0.1224,0.1224,0.0,0.001,2015.0,Giants,veteran,2.0
Blake Jarwin,TE,Cowboys,2017.0,1.0,0.1224,0.1224,0.0,0.001,2017.0,Cowboys,rookie,0.0
Lance Lenoir,TE,Cowboys,2017.0,1.0,0.1224,0.1224,0.0,0.001,2017.0,Cowboys,rookie,0.0
D.J. Tialavea,TE,Bears,2017.0,1.0,0.1224,0.1224,0.0,0.001,2014.0,Jaguars,veteran,3.0
J.P. Holtz,TE,Browns,2017.0,1.0,0.1224,0.1224,0.0,0.001,2016.0,Browns,veteran,1.0
Brian Parker,TE,Broncos,2017.0,1.0,0.1224,0.1224,0.0,0.001,2015.0,Chargers,veteran,2.0
Braedon Bowman,TE,Chargers,2017.0,1.0,0.1224,0.1224,0.0,0.001,2016.0,Jaguars,veteran,1.0
Ryan O'Malley,TE,Giants,2017.0,1.0,0.1224,0.1224,0.0,0.001,2016.0,Raiders,veteran,1.0
Jerome Cunningham,TE,Titans,2017.0,1.0,0.1224,0.1224,0.0,0.001,2014.0,Giants,veteran,3.0
Dillon Gordon,TE,Chiefs,2017.0,1.0,0.1224,0.1224,0.0,0.001,2016.0,Eagles,veteran,1.0
Cole Wick,TE,Lions,2017.0,1.0,0.1224,0.1224,0.0,0.001,2016.0,Lions,veteran,1.0
Austin Traylor,TE,Broncos,2017.0,1.0,0.1224,0.1224,0.0,0.001,2016.0,Cowboys,veteran,1.0
Kent Taylor,TE,Panthers,2017.0,1.0,0.1224,0.1224,0.0,0.001,2017.0,Panthers,rookie,0.0
MyCole Pruitt,TE,Texans,2018.0,1.0,0.1292,0.1292,0.0,0.001,2015.0,Vikings,veteran,3.0
Matt Lengel,TE,Texans,2018.0,1.0,0.1292,0.1292,0.0,0.001,2015.0,Bengals,veteran,3.0
Will Tye,TE,Eagles,2018.0,1.0,0.1292,0.1292,0.0,0.001,2015.0,Giants,veteran,3.0
Cole Wick,TE,49ers,2018.0,1.0,0.1292,0.1292,0.0,0.001,2016.0,Lions,veteran,2.0
David Grinnage,TE,Jaguars,2018.0,1.0,0.1292,0.1292,0.0,0.001,2016.0,Packers,veteran,2.0
Brian Parker,TE,Broncos,2018.0,1.0,0.1292,0.1292,0.0,0.001,2015.0,Chargers,veteran,3.0
Vince Mayle,TE,Chargers,2018.0,1.0,0.1292,0.1292,0.0,0.001,2015.0,Browns,veteran,3.0
Trey Edmunds,TE,Steelers,2018.0,1.0,0.1292,0.1292,0.0,0.001,2017.0,Saints,veteran,1.0
J.P. Holtz,TE,Commanders,2018.0,1.0,0.1292,0.1292,0.0,0.001,2016.0,Browns,veteran,2.0
Darrell Daniels,TE,Seahawks,2018.0,1.0,0.1292,0.1292,0.0,0.001,2017.0,Colts,veteran,1.0
Kyle Carter,TE,Bills,2018.0,1.0,0.1292,0.1292,0.0,0.001,2016.0,Vikings,veteran,2.0
Pharaoh Brown,TE,Browns,2018.0,1.0,0.1292,0.1292,0.0,0.001,2017.0,Raiders,veteran,1.0
Jordan Franks,TE,Bengals,2018.0,1.0,0.1292,0.1292,0.0,0.001,2018.0,Bengals,rookie,0.0
Je'Ron Hamm,TE,Colts,2018.0,1.0,0.1292,0.1292,0.0,0.001,2014.0,Saints,veteran,4.0
Jason Vander Laan,TE,Panthers,2018.0,1.0,0.1292,0.1292,0.0,0.001,2016.0,Jets,veteran,2.0
Nick O'Leary,TE,Dolphins,2018.0,1.0,0.1292,0.1292,0.0,0.001,2015.0,Bills,veteran,3.0
Lance Lenoir,TE,Cowboys,2018.0,1.0,0.1292,0.1292,0.0,0.001,2017.0,Cowboys,veteran,1.0
Thomas Duarte,TE,Chargers,2018.0,1.0,0.1292,0.1292,0.0,0.001,2016.0,Dolphins,veteran,2.0
Evan Baylis,TE,Packers,2018.0,1.0,0.1292,0.1292,0.0,0.001,2017.0,Texans,veteran,1.0
Garrett Griffin,TE,Saints,2018.0,1.0,0.1292,0.1292,0.0,0.001,2016.0,Saints,veteran,2.0
Nate Wozniak,TE,Saints,2018.0,1.0,0.1292,0.1292,0.0,0.001,2018.0,Saints,rookie,0.0
Henry Krieger-Coble,TE,Rams,2018.0,1.0,0.1292,0.1292,0.0,0.001,2016.0,Broncos,veteran,2.0
Gabe Holmes,TE,Cardinals,2018.0,1.0,0.1292,0.1292,0.0,0.001,2015.0,Raiders,veteran,3.0
Nick Keizer,TE,Ravens,2018.0,1.0,0.1292,0.1292,0.0,0.001,2018.0,Ravens,rookie,0.0
Malcolm Johnson,TE,Packers,2018.0,1.0,0.1292,0.1292,0.0,0.001,2015.0,Browns,veteran,3.0
David Wells,TE,Chiefs,2018.0,1.0,0.1292,0.1292,0.0,0.001,2018.0,Cowboys,rookie,0.0
Andrew Vollert,TE,Cardinals,2018.0,1.0,0.1292,0.1292,0.0,0.001,2018.0,Cardinals,rookie,0.0
Donnie Ernsberger,TE,Buccaneers,2018.0,1.0,0.1292,0.1292,0.0,0.001,2018.0,Buccaneers,rookie,0.0
Ethan Wolf,TE,Packers,2018.0,1.0,0.1292,0.1292,0.0,0.001,2018.0,Titans,rookie,0.0
Pharoah McKever,TE,Jaguars,2018.0,1.0,0.1292,0.1292,0.0,0.001,2018.0,Steelers,rookie,0.0
Jaeden Graham,TE,Falcons,2018.0,1.0,0.1292,0.1292,0.0,0.001,2018.0,Falcons,rookie,0.0
Alex Gray,TE,Falcons,2018.0,1.0,0.1292,0.1292,0.0,0.001,2017.0,Falcons,veteran,1.0
Temarrick Hemingway,TE,Broncos,2018.0,1.0,0.1292,0.1292,0.0,0.001,2016.0,Rams,veteran,2.0
Darren Waller,TE,Ravens,2018.0,1.0,0.1292,0.1292,0.0,0.001,2015.0,Ravens,veteran,3.0
Tyrone Swoopes,TE,Seahawks,2018.0,1.0,0.1292,0.1292,0.0,0.001,2017.0,Seahawks,veteran,1.0
Jerell Adams,TE,Texans,2018.0,1.0,0.1292,0.1292,0.0,0.001,2016.0,Giants,veteran,2.0
Hakeem Valles,TE,Giants,2018.0,1.0,0.1292,0.1292,0.0,0.001,2016.0,Cardinals,veteran,2.0
Bucky Hodges,TE,Steelers,2018.0,1.0,0.1292,0.1292,0.0,0.001,2017.0,Vikings,veteran,1.0
Matt Flanagan,TE,Commanders,2018.0,1.0,0.1292,0.1292,0.0,0.001,2018.0,Commanders,rookie,0.0
Paul Butler,TE,Raiders,2018.0,1.0,0.1292,0.1292,0.0,0.001,2018.0,Raiders,rookie,0.0
Billy Brown,TE,Eagles,2018.0,1.0,0.1292,0.1292,0.0,0.001,2017.0,Eagles,veteran,1.0
Deon Yelder,TE,Chiefs,2018.0,1.0,0.1292,0.1292,0.0,0.001,2018.0,Saints,rookie,0.0
Garrett Dickerson,TE,Giants,2018.0,1.0,0.1292,0.1292,0.0,0.001,2018.0,Giants,rookie,0.0
Christian Scotland-Williamson,TE,Steelers,2018.0,1.0,0.1292,0.1292,0.0,0.001,2018.0,Steelers,rookie,0.0
Erik Swoope,TE,Colts,2018.0,1.0,0.1292,0.1292,0.0,0.001,2014.0,Colts,veteran,4.0
Tanner Hudson,TE,Buccaneers,2018.0,1.0,0.1292,0.1292,0.0,0.001,2018.0,Buccaneers,rookie,0.0
Mo Alie-Cox,TE,Colts,2018.0,1.0,0.1292,0.1292,0.0,0.001,2017.0,Colts,veteran,1.0
Jerome Cunningham,TE,Titans,2018.0,1.0,0.1292,0.1292,0.0,0.001,2014.0,Giants,veteran,4.0
Keith Towbridge,TE,Bills,2018.0,1.0,0.1292,0.1292,0.0,0.001,2017.0,Bills,veteran,1.0
Tim Semisch,TE,Broncos,2018.0,1.0,0.1292,0.1292,0.0,0.001,2015.0,Dolphins,veteran,3.0
Ross Dwelley,TE,49ers,2018.0,1.0,0.1292,0.1292,0.0,0.001,2018.0,49ers,rookie,0.0
Paul Butler,TE,Raiders,2019.0,1.0,0.136,0.136,0.0,0.001,2018.0,Raiders,veteran,1.0
Kendall Blanton,TE,Rams,2019.0,1.0,0.136,0.136,0.0,0.001,2019.0,Rams,rookie,0.0
Matt Sokol,TE,Chargers,2019.0,1.0,0.136,0.136,0.0,0.001,2019.0,Chargers,rookie,0.0
Jerell Adams,TE,Texans,2019.0,1.0,0.136,0.136,0.0,0.001,2016.0,Giants,veteran,3.0
C.J. Conrad,TE,Giants,2019.0,1.0,0.136,0.136,0.0,0.001,2019.0,Giants,rookie,0.0
Josh Perkins,TE,Eagles,2019.0,1.0,0.136,0.136,0.0,0.001,2016.0,Falcons,veteran,3.0
Trey Edmunds,TE,Steelers,2019.0,1.0,0.136,0.136,0.0,0.001,2017.0,Saints,veteran,2.0
Scott Orndoff,TE,Eagles,2019.0,1.0,0.136,0.136,0.0,0.001,2017.0,Steelers,veteran,2.0
Christian Scotland-Williamson,TE,Steelers,2019.0,1.0,0.136,0.136,0.0,0.001,2018.0,Steelers,veteran,1.0
Daniel Helm,TE,49ers,2019.0,1.0,0.136,0.136,0.0,0.001,2019.0,Chargers,rookie,0.0
Jacob Hollister,TE,Seahawks,2019.0,1.0,0.136,0.136,0.0,0.001,2017.0,Patriots,veteran,2.0
Austin Traylor,TE,Lions,2019.0,1.0,0.136,0.136,0.0,0.001,2016.0,Cowboys,veteran,3.0
Caleb Wilson,TE,Cardinals,2019.0,1.0,0.136,0.136,0.0,0.001,2019.0,Cardinals,rookie,0.0
Charles Jones,TE,Jaguars,2019.0,1.0,0.136,0.136,0.0,0.001,2019.0,Jaguars,rookie,0.0
Kevin Rader,TE,Steelers,2019.0,1.0,0.136,0.136,0.0,0.001,2018.0,Packers,veteran,1.0
Darrell Daniels,TE,Cardinals,2019.0,1.0,0.136,0.136,0.0,0.001,2017.0,Colts,veteran,2.0
Dax Raymond,TE,Bears,2019.0,1.0,0.136,0.136,0.0,0.001,2019.0,Bears,rookie,0.0
Cole Hikutini,TE,Cowboys,2019.0,1.0,0.136,0.136,0.0,0.001,2017.0,49ers,veteran,2.0
Parker Hesse,TE,Titans,2019.0,1.0,0.136,0.136,0.0,0.001,2019.0,Titans,rookie,0.0
Ethan Wolf,TE,GB/LAR,2019.0,1.0,0.136,0.136,0.0,0.001,2018.0,Titans,veteran,1.0
Evan Baylis,TE,Packers,2019.0,1.0,0.136,0.136,0.0,0.001,2017.0,Texans,veteran,2.0
Codey McElroy,TE,Buccaneers,2019.0,1.0,0.136,0.136,0.0,0.001,2018.0,Rams,veteran,1.0
Donald Parham,TE,Commanders,2019.0,1.0,0.136,0.136,0.0,0.001,2019.0,Lions,rookie,0.0
J.P. Holtz,TE,Commanders,2019.0,1.0,0.136,0.136,0.0,0.001,2016.0,Browns,veteran,3.0
Wes Saxton,TE,Seahawks,2019.0,1.0,0.136,0.136,0.0,0.001,2015.0,Jets,veteran,4.0
Alex Ellis,TE,Eagles,2019.0,1.0,0.136,0.136,0.0,0.001,2016.0,Titans,veteran,3.0
Alize Mack,TE,Chiefs,2019.0,1.0,0.136,0.136,0.0,0.001,2019.0,Saints,rookie,0.0
Cole Herdman,TE,Lions,2019.0,1.0,0.136,0.136,0.0,0.001,2019.0,Ravens,rookie,0.0
Drew Belcher,TE,Commanders,2019.0,1.0,0.136,0.136,0.0,0.001,2019.0,Cardinals,rookie,0.0
Nate Wozniak,TE,Saints,2019.0,1.0,0.136,0.136,0.0,0.001,2018.0,Saints,veteran,1.0
Temarrick Hemingway,TE,Panthers,2019.0,1.0,0.136,0.136,0.0,0.001,2016.0,Rams,veteran,3.0
Charles Scarff,TE,Ravens,2019.0,1.0,0.136,0.136,0.0,0.001,2019.0,Ravens,rookie,0.0
Keith Towbridge,TE,Commanders,2019.0,1.0,0.136,0.136,0.0,0.001,2017.0,Bills,veteran,2.0
Garrett Dickerson,TE,Giants,2019.0,1.0,0.136,0.136,0.0,0.001,2018.0,Giants,veteran,1.0
Mason Schreck,TE,Bengals,2019.0,1.0,0.136,0.136,0.0,0.001,2017.0,Bengals,veteran,2.0
Jordan Franks,TE,Bengals,2019.0,1.0,0.136,0.136,0.0,0.001,2018.0,Bengals,veteran,1.0
Tyrone Swoopes,TE,Seahawks,2019.0,1.0,0.136,0.136,0.0,0.001,2017.0,Seahawks,veteran,2.0
Nate Becker,TE,Bills,2019.0,1.0,0.136,0.136,0.0,0.001,2019.0,Lions,rookie,0.0
Jordan Leggett,TE,Buccaneers,2019.0,1.0,0.136,0.136,0.0,0.001,2017.0,Jets,veteran,2.0
Eric Saubert,TE,Raiders,2019.0,1.0,0.136,0.136,0.0,0.001,2017.0,Falcons,veteran,2.0
Cole Wick,TE,Raiders,2019.0,1.0,0.136,0.136,0.0,0.001,2016.0,Lions,veteran,3.0
Carson Meier,TE,Falcons,2019.0,1.0,0.136,0.136,0.0,0.001,2019.0,Jaguars,rookie,0.0
Ian Bunting,TE,Jets,2019.0,1.0,0.136,0.136,0.0,0.001,2019.0,Bears,rookie,0.0
Stephen Anderson,TE,Chargers,2019.0,1.0,0.136,0.136,0.0,0.001,2016.0,Texans,veteran,3.0
Jason Vander Laan,TE,Patriots,2019.0,1.0,0.136,0.136,0.0,0.001,2016.0,Jets,veteran,3.0
Marcus Baugh,TE,Commanders,2020.0,1.0,0.1428,0.1428,0.0,0.001,2018.0,Raiders,veteran,2.0
Pharaoh Brown,TE,Texans,2020.0,1.0,0.1428,0.1428,0.0,0.001,2017.0,Raiders,veteran,3.0
Cole Hikutini,TE,Cowboys,2020.0,1.0,0.1428,0.1428,0.0,0.001,2017.0,49ers,veteran,3.0
Caleb Wilson,TE,Eagles,2020.0,1.0,0.1428,0.1428,0.0,0.001,2019.0,Cardinals,veteran,1.0
Trey Edmunds,TE,Steelers,2020.0,1.0,0.1428,0.1428,0.0,0.001,2017.0,Saints,veteran,3.0
Connor Davis,TE,Jets,2020.0,1.0,0.1428,0.1428,0.0,0.001,2020.0,Jets,rookie,0.0
Codey McElroy,TE,Buccaneers,2020.0,1.0,0.1428,0.1428,0.0,0.001,2018.0,Rams,veteran,2.0
Jordan Franks,TE,Eagles,2020.0,1.0,0.1428,0.1428,0.0,0.001,2018.0,Bengals,veteran,2.0
Nate Wieting,TE,Giants,2020.0,1.0,0.1428,0.1428,0.0,0.001,2020.0,Browns,rookie,0.0
Mitchell Wilcox,TE,Bengals,2020.0,1.0,0.1428,0.1428,0.0,0.001,2020.0,Bengals,rookie,0.0
Dominique Dafney,TE,Packers,2020.0,1.0,0.1428,0.1428,0.0,0.001,2020.0,Colts,rookie,0.0
Jake Bargas,TE,Vikings,2020.0,1.0,0.1428,0.1428,0.0,0.001,2020.0,Vikings,rookie,0.0
Mason Schreck,TE,Bengals,2020.0,1.0,0.1428,0.1428,0.0,0.001,2017.0,Bengals,veteran,3.0
Jake Burt,TE,Patriots,2020.0,1.0,0.1428,0.1428,0.0,0.001,2020.0,Patriots,rookie,0.0
Eli Wolf,TE,Ravens,2020.0,1.0,0.1428,0.1428,0.0,0.001,2020.0,Ravens,rookie,0.0
David Wells,TE,Patriots,2020.0,1.0,0.1428,0.1428,0.0,0.001,2018.0,Cowboys,veteran,2.0
Nate Becker,TE,Bills,2020.0,1.0,0.1428,0.1428,0.0,0.001,2019.0,Lions,veteran,1.0
Paul Quessenberry,TE,Patriots,2020.0,1.0,0.1428,0.1428,0.0,0.001,2014.0,Texans,veteran,6.0
Rysen John,TE,Giants,2020.0,1.0,0.1428,0.1428,0.0,0.001,2020.0,Giants,rookie,0.0
Giovanni Ricci,TE,Panthers,2020.0,1.0,0.1428,0.1428,0.0,0.001,2020.0,Panthers,rookie,0.0
Garrett Griffin,TE,Saints,2020.0,1.0,0.1428,0.1428,0.0,0.001,2016.0,Saints,veteran,4.0
Chase Harrell,TE,49ers,2020.0,1.0,0.1428,0.1428,0.0,0.001,2020.0,,rookie,0.0
Dax Raymond,TE,Packers,2020.0,1.0,0.1428,0.1428,0.0,0.001,2019.0,Bears,veteran,1.0
Charles Jones,TE,Steelers,2020.0,1.0,0.1428,0.1428,0.0,0.001,2019.0,Jaguars,veteran,1.0
Kendall Blanton,TE,Rams,2020.0,1.0,0.1428,0.1428,0.0,0.001,2019.0,Rams,veteran,1.0
Nick Bowers,TE,Raiders,2020.0,1.0,0.1428,0.1428,0.0,0.001,2020.0,Raiders,rookie,0.0
Nakia Griffin-Stewart,TE,Giants,2020.0,1.0,0.1428,0.1428,0.0,0.001,2020.0,Vikings,rookie,0.0
Jordan Thomas,TE,Cardinals,2020.0,1.0,0.1428,0.1428,0.0,0.001,2018.0,Texans,veteran,2.0
Gabe Nabers,TE,Chargers,2020.0,1.0,0.1428,0.1428,0.0,0.001,2020.0,Chargers,rookie,0.0
Evan Baylis,TE,Cardinals,2020.0,1.0,0.1428,0.1428,0.0,0.001,2017.0,Texans,veteran,3.0
Isaac Nauta,TE,Packers,2020.0,1.0,0.1428,0.1428,0.0,0.001,2019.0,Lions,veteran,1.0
Andrew Vollert,TE,Colts,2020.0,1.0,0.1428,0.1428,0.0,0.001,2018.0,Cardinals,veteran,2.0
Justin Johnson,TE,Cardinals,2020.0,1.0,0.1428,0.1428,0.0,0.001,2019.0,Seahawks,veteran,1.0
Kyle Markway,TE,Browns,2020.0,1.0,0.1428,0.1428,0.0,0.001,2020.0,Giants,rookie,0.0
Troy Fumagalli,TE,Broncos,2020.0,1.0,0.1428,0.1428,0.0,0.001,2018.0,Broncos,veteran,2.0
Ethan Wolf,TE,Colts,2020.0,1.0,0.1428,0.1428,0.0,0.001,2018.0,Titans,veteran,2.0
Eric Saubert,TE,Jaguars,2020.0,1.0,0.1428,0.1428,0.0,0.001,2017.0,Falcons,veteran,3.0
Matt Flanagan,TE,Jaguars,2020.0,1.0,0.1428,0.1428,0.0,0.001,2018.0,Commanders,veteran,2.0
Tanner Hudson,TE,Buccaneers,2020.0,1.0,0.1428,0.1428,0.0,0.001,2018.0,Buccaneers,veteran,2.0
Jason Croom,TE,Eagles,2020.0,1.0,0.1428,0.1428,0.0,0.001,2017.0,Bills,veteran,3.0
Kevin Rader,TE,Steelers,2020.0,1.0,0.1428,0.1428,0.0,0.001,2018.0,Packers,veteran,2.0
Tyler Mabry,TE,Seahawks,2020.0,1.0,0.1428,0.1428,0.0,0.001,2020.0,Seahawks,rookie,0.0
Stephen Sullivan,TE,Seahawks,2020.0,1.0,0.1428,0.1428,0.0,0.001,2020.0,Seahawks,rookie,0.0
Dylan Cantrell,TE,Commanders,2020.0,1.0,0.1428,0.1428,0.0,0.001,2018.0,Chargers,veteran,2.0
Tyrone Swoopes,TE,Commanders,2020.0,1.0,0.1428,0.1428,0.0,0.001,2017.0,Seahawks,veteran,3.0
John Lovett,TE,Packers,2020.0,1.0,0.1428,0.1428,0.0,0.001,2019.0,Chiefs,veteran,1.0
Ben Ellefson,TE,Jaguars,2020.0,1.0,0.1428,0.1428,0.0,0.001,2020.0,Jaguars,rookie,0.0
Hakeem Butler,TE,Eagles,2020.0,1.0,0.1428,0.1428,0.0,0.001,2019.0,Cardinals,veteran,1.0
Tommy Hudson,TE,Titans,2020.0,1.0,0.1428,0.1428,0.0,0.001,2020.0,Titans,rookie,0.0
Farrod Green,TE,Colts,2020.0,1.0,0.1428,0.1428,0.0,0.001,2020.0,Colts,rookie,0.0
Jerell Adams,TE,Lions,2020.0,1.0,0.1428,0.1428,0.0,0.001,2016.0,Giants,veteran,4.0
Matt Sokol,TE,Chargers,2020.0,1.0,0.1428,0.1428,0.0,0.001,2019.0,Chargers,veteran,1.0
Temarrick Hemingway,TE,Commanders,2020.0,1.0,0.1428,0.1428,0.0,0.001,2016.0,Rams,veteran,4.0
Daniel Helm,TE,49ers,2020.0,1.0,0.1428,0.1428,0.0,0.001,2019.0,Chargers,veteran,1.0
Hale Hentges,TE,Commanders,2020.0,1.0,0.1428,0.1428,0.0,0.001,2019.0,Colts,veteran,1.0
Parker Hesse,TE,Titans,2020.0,1.0,0.1428,0.1428,0.0,0.001,2019.0,Titans,veteran,1.0
Charlie Taumoepeau,TE,49ers,2020.0,1.0,0.1428,0.1428,0.0,0.001,2020.0,Cowboys,rookie,0.0
Scott Chandler,TE,Cowboys,2009.0,1.0,0.0884,0.0884,0.0,0.001,2007.0,Chargers,veteran,2.0
Tim Semisch,TE,Titans,2017.0,1.0,0.1152,0.1152,0.0,0.001,2015.0,Dolphins,veteran,2.0
Scott Chandler,TE,Cowboys,2010.0,1.0,0.0884,0.0884,0.0,0.001,2007.0,Chargers,veteran,3.0
Keenan Brown,TE,Texans,2019.0,1.0,0.096,0.096,0.0,0.001,2019.0,Rams,rookie,0.0
Luke Willson,TE,Seahawks,2021.0,1.0,0.0,0.0,0.0,0.0,2013.0,Seahawks,veteran,8.0
Allen Reisner,TE,Vikings,2011.0,2.0,0.0,0.0,0.0,0.0,2011.0,Vikings,rookie,0.0
Andre Smith,TE,Bears,2011.0,1.0,0.0,0.0,0.0,0.0,2011.0,Bears,rookie,0.0
Nick O'Leary,TE,Bills,2015.0,4.0,0.0,0.0,0.0,0.0,2015.0,Bills,rookie,0.0
Andre Smith,TE,Cowboys,2013.0,1.0,0.0,0.0,0.0,0.0,2011.0,Bears,veteran,2.0
Richard Gordon,TE,Titans,2014.0,1.0,0.0,0.0,0.0,0.0,2011.0,Raiders,veteran,3.0
Jake Byrne,TE,Texans,2013.0,1.0,0.0,0.0,0.0,0.0,2012.0,Saints,veteran,1.0
Colin Cochart,TE,Bengals,2011.0,3.0,0.0,0.0,0.0,0.0,2011.0,Bengals,rookie,0.0
Chase Dixon,TE,Commanders,2014.0,2.0,0.96,0.48,0.0,0.0,2014.0,Seahawks,rookie,0.0
Shannon Sharpe,TE,Broncos,1990.0,2.0,0.2585,0.12925,0.0225,0.0,1990.0,Broncos,rookie,0.0
Matt Veldman,TE,Commanders,2012.0,1.0,0.42,0.42,0.0,0.0,2012.0,Jaguars,rookie,0.0
Nathan Overbay,TE,Ravens,2010.0,1.0,0.42,0.42,0.0,0.0,2010.0,Broncos,rookie,0.0
Justin Jones,TE,Chiefs,2014.0,1.0,0.42,0.42,0.0,0.0,2014.0,Patriots,rookie,0.0
Matt Furstenburg,TE,Ravens,2013.0,1.0,0.42,0.42,0.0,0.0,2013.0,Ravens,rookie,0.0
Brett Brackett,TE,Titans,2011.0,1.0,0.42,0.42,0.0,0.0,2011.0,Dolphins,rookie,0.0
Martell Webb,TE,Browns,2011.0,1.0,0.42,0.42,0.0,0.0,2011.0,Eagles,rookie,0.0
Adam Nissley,TE,Falcons,2012.0,3.0,1.293,0.431,0.003,0.0,2012.0,Falcons,rookie,0.0
Eric Waters,TE,Steelers,2014.0,4.0,1.53,0.51,0.0,0.0,2014.0,Steelers,rookie,0.0
Brian Wozniak,TE,Falcons,2014.0,4.0,1.53,0.51,0.0,0.0,2014.0,Falcons,rookie,0.0
Jacob Pedersen,TE,Falcons,2014.0,4.0,1.53,0.51,0.0,0.0,2014.0,Falcons,rookie,0.0
Colin Anderson,TE,Jets,2013.0,3.0,1.53,0.51,0.0,0.0,2013.0,Vikings,rookie,0.0
Harold Hoskins,TE,Seahawks,2014.0,4.0,1.53,0.51,0.0,0.0,2014.0,Dolphins,rookie,0.0
Raymond Webber,TE,Dolphins,2011.0,1.0,0.42,0.42,0.0,0.0,2011.0,Buccaneers,rookie,0.0
Jordan Najvar,TE,Cowboys,2014.0,4.0,1.5315,0.5105,0.0015,0.0,2014.0,Cowboys,rookie,0.0
Adam Schiltz,TE,Chiefs,2013.0,2.0,0.96,0.48,0.0,0.0,2013.0,Texans,rookie,0.0
Asa Watson,TE,Cowboys,2014.0,2.0,0.93,0.465,0.0,0.0,2014.0,Patriots,rookie,0.0
Jamaal Johnson-Webb,TE,Giants,2013.0,2.0,0.93,0.465,0.0,0.0,2013.0,Cardinals,rookie,0.0
Rogers Gaines,TE,Giants,2013.0,2.0,0.93,0.465,0.0,0.0,2013.0,Ravens,rookie,0.0
Andre Hardy,TE,Cardinals,2012.0,2.0,0.93,0.465,0.0,0.0,2012.0,Raiders,rookie,0.0
Andrew Szczerba,TE,Falcons,2012.0,2.0,0.9,0.45,0.0,0.0,2012.0,Cowboys,rookie,0.0
Emmanuel Ogbuehi,TE,Buccaneers,2013.0,2.0,0.96,0.48,0.0,0.0,2013.0,Commanders,rookie,0.0
Jake Byrne,TE,Chargers,2012.0,2.0,0.9,0.45,0.0,0.0,2012.0,Saints,rookie,0.0
Josh Baker,TE,Buccaneers,2011.0,1.0,0.495,0.495,0.0,0.0,2011.0,Jets,rookie,0.0
David Mims,TE,Ravens,2011.0,1.0,0.495,0.495,0.0,0.0,2011.0,Chiefs,rookie,0.0
Kevin Perry,TE,Commanders,2014.0,4.0,1.53,0.51,0.0,0.0,2014.0,Commanders,rookie,0.0
David Wright,TE,Titans,2014.0,4.0,1.53,0.51,0.0,0.0,2014.0,Titans,rookie,0.0
Shannon Sharpe,TE,Broncos,1993.0,3.0,3.65,1.216667,0.4,0.0,1990.0,Broncos,veteran,3.0
Michael Flacco,TE,Jaguars,2014.0,4.0,1.53,0.51,0.0,0.0,2014.0,Chargers,rookie,0.0
Chris Coyle,TE,Texans,2014.0,3.0,1.53,0.51,0.0,0.0,2014.0,Texans,rookie,0.0
A.C. Leonard,TE,Vikings,2014.0,3.0,1.5325,0.510833,0.0025,0.0,2014.0,Vikings,rookie,0.0
Ryan Otten,TE,Vikings,2013.0,2.0,0.96,0.48,0.0,0.0,2013.0,Jaguars,rookie,0.0
Jeron Mastrud,TE,Bears,2010.0,1.0,0.73,0.73,0.0,0.0,2010.0,Buccaneers,rookie,0.0
Cameron Morrah,TE,Broncos,2009.0,1.0,0.645,0.645,0.0,0.0,2009.0,Seahawks,rookie,0.0
Zach Potter,TE,Texans,2009.0,1.0,0.645,0.645,0.0,0.0,2009.0,Jets,rookie,0.0
Weslye Saunders,TE,Colts,2011.0,1.0,0.645,0.645,0.0,0.0,2011.0,Steelers,rookie,0.0
Mike McNeill,TE,Panthers,2011.0,1.0,0.66,0.66,0.0,0.0,2011.0,Colts,rookie,0.0
Kory Sperry,TE,Vikings,2009.0,1.0,0.73,0.73,0.0,0.0,2009.0,Chargers,rookie,0.0
Fendi Onobun,TE,Jaguars,2010.0,1.0,0.57,0.57,0.0,0.0,2010.0,Rams,rookie,0.0
Dallas Clark,TE,Ravens,2003.0,1.0,1.005,1.005,0.0,0.0,2003.0,Colts,rookie,0.0
Ben Hartsock,TE,Panthers,2004.0,1.0,0.905,0.905,0.065,0.0,2004.0,Colts,rookie,0.0
Dante Rosario,TE,Bears,2007.0,1.0,0.87,0.87,0.0,0.0,2007.0,Panthers,rookie,0.0
Jake Ballard,TE,Cardinals,2010.0,1.0,0.795,0.795,0.065,0.0,2010.0,Giants,rookie,0.0
Travis Beckum,TE,Saints,2009.0,1.0,0.73,0.73,0.0,0.0,2009.0,Giants,rookie,0.0
Michael Palmer,TE,Steelers,2010.0,1.0,0.73,0.73,0.0,0.0,2010.0,Falcons,rookie,0.0
Jeff King,TE,Cardinals,2006.0,3.0,5.55,1.85,1.0,0.0,2006.0,Panthers,rookie,0.0
Reggie Jordan,TE,Jaguars,2014.0,3.0,1.5325,0.510833,0.0075,0.0,2014.0,Jaguars,rookie,0.0
Andrew Gleichert,TE,Eagles,2015.0,3.0,1.577,0.525667,0.002,0.0,2015.0,Eagles,rookie,0.0
Alex Bayer,TE,Rams,2014.0,3.0,1.54,0.513333,0.01,0.0,2014.0,Rams,rookie,0.0
Earnest Pettway,TE,Chiefs,2015.0,3.0,1.575,0.525,0.0,0.0,2015.0,Chiefs,rookie,0.0
Kevin Haplea,TE,Browns,2015.0,3.0,1.575,0.525,0.0,0.0,2015.0,Browns,rookie,0.0
Danny Noble,TE,Jaguars,2012.0,2.0,1.05,0.525,0.0,0.0,2012.0,Buccaneers,rookie,0.0
Eric Frohnapfel,TE,Chargers,2015.0,3.0,1.576,0.525333,0.001,0.0,2015.0,Chargers,rookie,0.0
Jean Sifrin,TE,Colts,2015.0,3.0,1.5775,0.525833,0.0025,0.0,2015.0,Colts,rookie,0.0
Kyle Adams,TE,Buccaneers,2011.0,1.0,0.555,0.555,0.0,0.0,2011.0,Bears,rookie,0.0
Devin Mahina,TE,Commanders,2015.0,3.0,1.5775,0.525833,0.0025,0.0,2015.0,Commanders,rookie,0.0
Oscar Johnson,TE,Panthers,2013.0,1.0,0.42,0.42,0.0,0.0,2013.0,Titans,rookie,0.0
Evan Wilson,TE,Raiders,2014.0,1.0,0.42,0.42,0.0,0.0,2014.0,Cowboys,rookie,0.0
Jameson Konz,TE,Broncos,2010.0,1.0,0.42,0.42,0.0,0.0,2010.0,Seahawks,rookie,0.0
Justin Tukes,TE,Eagles,2015.0,3.0,1.581,0.527,0.006,0.0,2015.0,Eagles,rookie,0.0
Shannon Sharpe,TE,Broncos,1992.0,2.0,0.685,0.3425,0.0,0.0,1990.0,Broncos,veteran,2.0
Mike Caussin,TE,Commanders,2010.0,1.0,0.645,0.645,0.0,0.0,2010.0,Jaguars,rookie,0.0
