player,team,season,week,game_type,result
Chris Chandler,ATL,2000,1,REG,W
Mark Brunell,JAX,2000,1,REG,W
Peyton Manning,IND,2000,1,REG,W
Daunte Culpepper,MIN,2000,1,REG,W
Shaun King,TB,2000,1,REG,W
Stoney Case,DET,2000,1,REG,W
Kerry Collins,NYG,2000,1,REG,W
Tony Banks,BAL,2000,1,REG,W
Brad Johnson,WAS,2000,1,REG,W
Donovan McNabb,PHI,2000,1,REG,W
Vinny Testaverde,NYJ,2000,1,REG,W
Jay Fiedler,MIA,2000,1,REG,W
Rich Gannon,OAK,2000,1,REG,W
Rob Johnson,BUF,2000,1,REG,W
Kurt Warner,STL,2000,1,REG,W
Rich Gannon,OAK,2000,2,REG,W
Tony Banks,BAL,2000,2,REG,W
Rob Johnson,BUF,2000,2,REG,W
Tim Couch,CLE,2000,2,REG,W
Daunte Culpepper,MIN,2000,2,REG,W
Kerry Collins,NYG,2000,2,REG,W
Shaun King,TB,2000,2,REG,W
Steve McNair,TEN,2000,2,REG,W
Brian Griese,DEN,2000,2,REG,W
Charlie Batch,DET,2000,2,REG,W
Jeff Blake,NO,2000,2,REG,W
Kurt Warner,STL,2000,2,REG,W
Steve Beuerlein,CAR,2000,2,REG,W
Jake Plummer,ARI,2000,2,REG,W
Vinny Testaverde,NYJ,2000,2,REG,W
Chris Chandler,ATL,2000,3,REG,W
Tim Couch,CLE,2000,3,REG,W
Shaun King,TB,2000,3,REG,W
Brett Favre,GB,2000,3,REG,W
Mark Brunell,JAX,2000,3,REG,W
Elvis Grbac,KC,2000,3,REG,W
Vinny Testaverde,NYJ,2000,3,REG,W
Kurt Warner,STL,2000,3,REG,W
Brian Griese,DEN,2000,3,REG,W
Kerry Collins,NYG,2000,3,REG,W
Daunte Culpepper,MIN,2000,3,REG,W
Jon Kitna,SEA,2000,3,REG,W
Jay Fiedler,MIA,2000,3,REG,W
Randall Cunningham,DAL,2000,3,REG,W
Kurt Warner,STL,2000,4,REG,W
Tony Banks,BAL,2000,4,REG,W
Charlie Batch,DET,2000,4,REG,W
Jeff Garcia,SF,2000,4,REG,W
Jay Fiedler,MIA,2000,4,REG,W
Donovan McNabb,PHI,2000,4,REG,W
Neil O'Donnell,TEN,2000,4,REG,W
Brett Favre,GB,2000,4,REG,W
Elvis Grbac,KC,2000,4,REG,W
Rich Gannon,OAK,2000,4,REG,W
Jon Kitna,SEA,2000,4,REG,W
Vinny Testaverde,NYJ,2000,4,REG,W
Brad Johnson,WAS,2000,4,REG,W
Peyton Manning,IND,2000,4,REG,W
Peyton Manning,IND,2000,5,REG,W
Troy Aikman,DAL,2000,5,REG,W
Tony Banks,BAL,2000,5,REG,W
Daunte Culpepper,MIN,2000,5,REG,W
Kordell Stewart,PIT,2000,5,REG,W
Kurt Warner,STL,2000,5,REG,W
Steve McNair,TEN,2000,5,REG,W
Jay Fiedler,MIA,2000,5,REG,W
Drew Bledsoe,NE,2000,5,REG,W
Cade McNown,CHI,2000,5,REG,W
Jeff Garcia,SF,2000,5,REG,W
Brad Johnson,WAS,2000,5,REG,W
Donovan McNabb,PHI,2000,5,REG,W
Elvis Grbac,KC,2000,5,REG,W
Jeff Blake,NO,2000,6,REG,W
Steve McNair,TEN,2000,6,REG,W
Charlie Batch,DET,2000,6,REG,W
Jay Fiedler,MIA,2000,6,REG,W
Drew Bledsoe,NE,2000,6,REG,W
Kordell Stewart,PIT,2000,6,REG,W
Brad Johnson,WAS,2000,6,REG,W
Jake Plummer,ARI,2000,6,REG,W
Kerry Collins,NYG,2000,6,REG,W
Steve Beuerlein,CAR,2000,6,REG,W
Brian Griese,DEN,2000,6,REG,W
Rich Gannon,OAK,2000,6,REG,W
Tony Banks,BAL,2000,6,REG,W
Daunte Culpepper,MIN,2000,6,REG,W
Rob Johnson,BUF,2000,7,REG,W
Rich Gannon,OAK,2000,7,REG,W
Jeff Blake,NO,2000,7,REG,W
Kerry Collins,NYG,2000,7,REG,W
Kent Graham,PIT,2000,7,REG,W
Kurt Warner,STL,2000,7,REG,W
Brad Johnson,WAS,2000,7,REG,W
Donovan McNabb,PHI,2000,7,REG,W
Brian Griese,DEN,2000,7,REG,W
Vinny Testaverde,NYJ,2000,7,REG,W
Peyton Manning,IND,2000,7,REG,W
Brett Favre,GB,2000,7,REG,W
Daunte Culpepper,MIN,2000,7,REG,W
Steve McNair,TEN,2000,7,REG,W
Charlie Batch,DET,2000,8,REG,W
Peyton Manning,IND,2000,8,REG,W
Jeff Blake,NO,2000,8,REG,W
Steve McNair,TEN,2000,8,REG,W
Steve Beuerlein,CAR,2000,8,REG,W
Akili Smith,CIN,2000,8,REG,W
Troy Aikman,DAL,2000,8,REG,W
Elvis Grbac,KC,2000,8,REG,W
Daunte Culpepper,MIN,2000,8,REG,W
Donovan McNabb,PHI,2000,8,REG,W
Rich Gannon,OAK,2000,8,REG,W
Kent Graham,PIT,2000,8,REG,W
Brad Johnson,WAS,2000,8,REG,W
Vinny Testaverde,NYJ,2000,8,REG,W
Chris Chandler,ATL,2000,9,REG,W
Kordell Stewart,PIT,2000,9,REG,W
Doug Flutie,BUF,2000,9,REG,W
Akili Smith,CIN,2000,9,REG,W
Peyton Manning,IND,2000,9,REG,W
Jay Fiedler,MIA,2000,9,REG,W
Shaun King,TB,2000,9,REG,W
Jeff Blake,NO,2000,9,REG,W
Kerry Collins,NYG,2000,9,REG,W
Trent Green,STL,2000,9,REG,W
Mark Brunell,JAX,2000,9,REG,W
Elvis Grbac,KC,2000,9,REG,W
Rich Gannon,OAK,2000,9,REG,W
Steve McNair,TEN,2000,9,REG,W
Shaun King,TB,2000,10,REG,W
Jim Miller,CHI,2000,10,REG,W
Trent Dilfer,BAL,2000,10,REG,W
Kerry Collins,NYG,2000,10,REG,W
Jay Fiedler,MIA,2000,10,REG,W
Doug Flutie,BUF,2000,10,REG,W
Jeff Blake,NO,2000,10,REG,W
Donovan McNabb,PHI,2000,10,REG,W
Steve McNair,TEN,2000,10,REG,W
Jake Plummer,ARI,2000,10,REG,W
Brian Griese,DEN,2000,10,REG,W
Rich Gannon,OAK,2000,10,REG,W
Jon Kitna,SEA,2000,10,REG,W
Steve Beuerlein,CAR,2000,10,REG,W
Brett Favre,GB,2000,10,REG,W
Doug Flutie,BUF,2000,11,REG,W
Jeff Blake,NO,2000,11,REG,W
Troy Aikman,DAL,2000,11,REG,W
Charlie Batch,DET,2000,11,REG,W
Jon Kitna,SEA,2000,11,REG,W
Daunte Culpepper,MIN,2000,11,REG,W
Donovan McNabb,PHI,2000,11,REG,W
Trent Dilfer,BAL,2000,11,REG,W
Doug Pederson,CLE,2000,11,REG,W
Jay Fiedler,MIA,2000,11,REG,W
Jeff Garcia,SF,2000,11,REG,W
Trent Green,STL,2000,11,REG,W
Shaun King,TB,2000,11,REG,W
Peyton Manning,IND,2000,11,REG,W
Brian Griese,DEN,2000,11,REG,W
Shane Matthews,CHI,2000,12,REG,W
Brett Favre,GB,2000,12,REG,W
Rob Johnson,BUF,2000,12,REG,W
Daunte Culpepper,MIN,2000,12,REG,W
Drew Bledsoe,NE,2000,12,REG,W
Rich Gannon,OAK,2000,12,REG,W
Charlie Batch,DET,2000,12,REG,W
Donovan McNabb,PHI,2000,12,REG,W
Steve McNair,TEN,2000,12,REG,W
Gus Frerotte,DEN,2000,12,REG,W
Vinny Testaverde,NYJ,2000,12,REG,W
Trent Dilfer,BAL,2000,12,REG,W
Jeff Garcia,SF,2000,12,REG,W
Mark Brunell,JAX,2000,12,REG,W
Jeff George,WAS,2000,12,REG,W
Charlie Batch,DET,2000,13,REG,W
Daunte Culpepper,MIN,2000,13,REG,W
Trent Dilfer,BAL,2000,13,REG,W
Kordell Stewart,PIT,2000,13,REG,W
Vinny Testaverde,NYJ,2000,13,REG,W
Aaron Brooks,NO,2000,13,REG,W
Shaun King,TB,2000,13,REG,W
Donovan McNabb,PHI,2000,13,REG,W
Rich Gannon,OAK,2000,13,REG,W
Damon Huard,MIA,2000,13,REG,W
Mark Brunell,JAX,2000,13,REG,W
Ryan Leaf,SD,2000,13,REG,W
Gus Frerotte,DEN,2000,13,REG,W
Kerry Collins,NYG,2000,13,REG,W
Steve Beuerlein,CAR,2000,13,REG,W
Daunte Culpepper,MIN,2000,14,REG,W
Jon Kitna,SEA,2000,14,REG,W
Jay Fiedler,MIA,2000,14,REG,W
Steve Beuerlein,CAR,2000,14,REG,W
Scott Mitchell,CIN,2000,14,REG,W
Gus Frerotte,DEN,2000,14,REG,W
Steve McNair,TEN,2000,14,REG,W
Kordell Stewart,PIT,2000,14,REG,W
Shaun King,TB,2000,14,REG,W
Kerry Collins,NYG,2000,14,REG,W
Jeff Garcia,SF,2000,14,REG,W
Mark Brunell,JAX,2000,14,REG,W
Vinny Testaverde,NYJ,2000,14,REG,W
Brett Favre,GB,2000,14,REG,W
Drew Bledsoe,NE,2000,14,REG,W
Trent Dilfer,BAL,2000,15,REG,W
Shane Matthews,CHI,2000,15,REG,W
Donovan McNabb,PHI,2000,15,REG,W
Brett Favre,GB,2000,15,REG,W
Mark Brunell,JAX,2000,15,REG,W
Elvis Grbac,KC,2000,15,REG,W
Shaun King,TB,2000,15,REG,W
Kerry Collins,NYG,2000,15,REG,W
Steve McNair,TEN,2000,15,REG,W
Gus Frerotte,DEN,2000,15,REG,W
Troy Aikman,DAL,2000,15,REG,W
Aaron Brooks,NO,2000,15,REG,W
Kurt Warner,STL,2000,15,REG,W
Rich Gannon,OAK,2000,15,REG,W
Peyton Manning,IND,2000,15,REG,W
Kordell Stewart,PIT,2000,16,REG,W
Jon Kitna,SEA,2000,16,REG,W
Drew Bledsoe,NE,2000,16,REG,W
Steve Beuerlein,CAR,2000,16,REG,W
Scott Mitchell,CIN,2000,16,REG,W
Steve McNair,TEN,2000,16,REG,W
Elvis Grbac,KC,2000,16,REG,W
Brett Favre,GB,2000,16,REG,W
Aaron Brooks,NO,2000,16,REG,W
Charlie Batch,DET,2000,16,REG,W
Jeff Garcia,SF,2000,16,REG,W
Trent Dilfer,BAL,2000,16,REG,W
Peyton Manning,IND,2000,16,REG,W
Kerry Collins,NYG,2000,16,REG,W
Shaun King,TB,2000,16,REG,W
Kerry Collins,NYG,2000,17,REG,W
Gus Frerotte,DEN,2000,17,REG,W
Doug Flutie,BUF,2000,17,REG,W
Chris Chandler,ATL,2000,17,REG,W
Trent Dilfer,BAL,2000,17,REG,W
Shane Matthews,CHI,2000,17,REG,W
Brett Favre,GB,2000,17,REG,W
Jay Fiedler,MIA,2000,17,REG,W
Kurt Warner,STL,2000,17,REG,W
Donovan McNabb,PHI,2000,17,REG,W
Brad Johnson,WAS,2000,17,REG,W
Kordell Stewart,PIT,2000,17,REG,W
Peyton Manning,IND,2000,17,REG,W
Rich Gannon,OAK,2000,17,REG,W
Steve McNair,TEN,2000,17,REG,W
Jay Fiedler,MIA,2000,18,WC,W
Aaron Brooks,NO,2000,18,WC,W
Trent Dilfer,BAL,2000,18,WC,W
Donovan McNabb,PHI,2000,18,WC,W
Daunte Culpepper,MIN,2000,19,DIV,W
Rich Gannon,OAK,2000,19,DIV,W
Trent Dilfer,BAL,2000,19,DIV,W
Kerry Collins,NYG,2000,19,DIV,W
Kerry Collins,NYG,2000,20,CON,W
Trent Dilfer,BAL,2000,20,CON,W
Trent Dilfer,BAL,2000,21,SB,W
Elvis Grbac,BAL,2001,1,REG,W
Aaron Brooks,NO,2001,1,REG,W
Jon Kitna,CIN,2001,1,REG,W
Matt Hasselbeck,SEA,2001,1,REG,W
Brad Johnson,TB,2001,1,REG,W
Brett Favre,GB,2001,1,REG,W
Mark Brunell,JAX,2001,1,REG,W
Rich Gannon,OAK,2001,1,REG,W
Chris Weinke,CAR,2001,1,REG,W
Peyton Manning,IND,2001,1,REG,W
Kurt Warner,STL,2001,1,REG,W
Doug Flutie,SD,2001,1,REG,W
Jeff Garcia,SF,2001,1,REG,W
Jay Fiedler,MIA,2001,1,REG,W
Brian Griese,DEN,2001,1,REG,W
Chris Chandler,ATL,2001,2,REG,W
Shane Matthews,CHI,2001,2,REG,W
Jon Kitna,CIN,2001,2,REG,W
Tim Couch,CLE,2001,2,REG,W
Doug Flutie,SD,2001,2,REG,W
Peyton Manning,IND,2001,2,REG,W
Mark Brunell,JAX,2001,2,REG,W
Kerry Collins,NYG,2001,2,REG,W
Jay Fiedler,MIA,2001,2,REG,W
Vinny Testaverde,NYJ,2001,2,REG,W
Donovan McNabb,PHI,2001,2,REG,W
Kurt Warner,STL,2001,2,REG,W
Brian Griese,DEN,2001,2,REG,W
Brett Favre,GB,2001,2,REG,W
Kordell Stewart,PIT,2001,3,REG,W
Brett Favre,GB,2001,3,REG,W
Daunte Culpepper,MIN,2001,3,REG,W
Tom Brady,NE,2001,3,REG,W
Kerry Collins,NYG,2001,3,REG,W
Kurt Warner,STL,2001,3,REG,W
Trent Green,KC,2001,3,REG,W
Chris Chandler,ATL,2001,3,REG,W
Elvis Grbac,BAL,2001,3,REG,W
Tim Couch,CLE,2001,3,REG,W
Rich Gannon,OAK,2001,3,REG,W
Doug Flutie,SD,2001,3,REG,W
Donovan McNabb,PHI,2001,3,REG,W
Jeff Garcia,SF,2001,3,REG,W
Jim Miller,CHI,2001,4,REG,W
Elvis Grbac,BAL,2001,4,REG,W
Tim Couch,CLE,2001,4,REG,W
Jay Fiedler,MIA,2001,4,REG,W
Aaron Brooks,NO,2001,4,REG,W
Kerry Collins,NYG,2001,4,REG,W
Jake Plummer,ARI,2001,4,REG,W
Kordell Stewart,PIT,2001,4,REG,W
Vinny Testaverde,NYJ,2001,4,REG,W
Brian Griese,DEN,2001,4,REG,W
Trent Dilfer,SEA,2001,4,REG,W
Rich Gannon,OAK,2001,4,REG,W
Brad Johnson,TB,2001,4,REG,W
Jeff Garcia,SF,2001,4,REG,W
Kurt Warner,STL,2001,4,REG,W
Jeff Garcia,SF,2001,5,REG,W
Aaron Brooks,NO,2001,5,REG,W
Jim Miller,CHI,2001,5,REG,W
Jon Kitna,CIN,2001,5,REG,W
Brett Favre,GB,2001,5,REG,W
Kordell Stewart,PIT,2001,5,REG,W
Daunte Culpepper,MIN,2001,5,REG,W
Tom Brady,NE,2001,5,REG,W
Kurt Warner,STL,2001,5,REG,W
Steve McNair,TEN,2001,5,REG,W
Vinny Testaverde,NYJ,2001,5,REG,W
Trent Dilfer,SEA,2001,5,REG,W
Rich Gannon,OAK,2001,5,REG,W
Anthony Wright,DAL,2001,5,REG,W
Rob Johnson,BUF,2001,6,REG,W
Jim Miller,CHI,2001,6,REG,W
Tim Couch,CLE,2001,6,REG,W
Steve McNair,TEN,2001,6,REG,W
Tom Brady,NE,2001,6,REG,W
Chris Chandler,ATL,2001,6,REG,W
Kurt Warner,STL,2001,6,REG,W
Kordell Stewart,PIT,2001,6,REG,W
Tony Banks,WAS,2001,6,REG,W
Jake Plummer,ARI,2001,6,REG,W
Doug Flutie,SD,2001,6,REG,W
Daunte Culpepper,MIN,2001,6,REG,W
Donovan McNabb,PHI,2001,6,REG,W
Peyton Manning,IND,2001,7,REG,W
Randall Cunningham,BAL,2001,7,REG,W
Vinny Testaverde,NYJ,2001,7,REG,W
Jim Miller,CHI,2001,7,REG,W
Jon Kitna,CIN,2001,7,REG,W
Aaron Brooks,NO,2001,7,REG,W
Brad Johnson,TB,2001,7,REG,W
Clint Stoerner,DAL,2001,7,REG,W
Tony Banks,WAS,2001,7,REG,W
Brian Griese,DEN,2001,7,REG,W
Rich Gannon,OAK,2001,7,REG,W
Doug Flutie,SD,2001,7,REG,W
Jay Fiedler,MIA,2001,7,REG,W
Kordell Stewart,PIT,2001,7,REG,W
Tom Brady,NE,2001,8,REG,W
Peyton Manning,IND,2001,8,REG,W
Brett Favre,GB,2001,8,REG,W
Jay Fiedler,MIA,2001,8,REG,W
Kerry Collins,NYG,2001,8,REG,W
Randall Cunningham,BAL,2001,8,REG,W
Steve McNair,TEN,2001,8,REG,W
Donovan McNabb,PHI,2001,8,REG,W
Jeff Garcia,SF,2001,8,REG,W
Shane Matthews,CHI,2001,8,REG,W
Trent Green,KC,2001,8,REG,W
Tony Banks,WAS,2001,8,REG,W
Vinny Testaverde,NYJ,2001,8,REG,W
Rich Gannon,OAK,2001,8,REG,W
Michael Vick,ATL,2001,9,REG,W
Brett Favre,GB,2001,9,REG,W
Kordell Stewart,PIT,2001,9,REG,W
Brad Johnson,TB,2001,9,REG,W
Jay Fiedler,MIA,2001,9,REG,W
Mark Brunell,JAX,2001,9,REG,W
Tom Brady,NE,2001,9,REG,W
Vinny Testaverde,NYJ,2001,9,REG,W
Kurt Warner,STL,2001,9,REG,W
Brian Griese,DEN,2001,9,REG,W
Kerry Collins,NYG,2001,9,REG,W
Donovan McNabb,PHI,2001,9,REG,W
Jeff Garcia,SF,2001,9,REG,W
Matt Hasselbeck,SEA,2001,9,REG,W
Elvis Grbac,BAL,2001,9,REG,W
Tim Couch,CLE,2001,10,REG,W
Matt Hasselbeck,SEA,2001,10,REG,W
Jeff Garcia,SF,2001,10,REG,W
Steve McNair,TEN,2001,10,REG,W
Donovan McNabb,PHI,2001,10,REG,W
Chris Chandler,ATL,2001,10,REG,W
Vinny Testaverde,NYJ,2001,10,REG,W
Aaron Brooks,NO,2001,10,REG,W
Rich Gannon,OAK,2001,10,REG,W
Kordell Stewart,PIT,2001,10,REG,W
Jake Plummer,ARI,2001,10,REG,W
Tony Banks,WAS,2001,10,REG,W
Jim Miller,CHI,2001,10,REG,W
Kurt Warner,STL,2001,10,REG,W
Daunte Culpepper,MIN,2001,10,REG,W
Brett Favre,GB,2001,11,REG,W
Brian Griese,DEN,2001,11,REG,W
Jay Fiedler,MIA,2001,11,REG,W
Chris Chandler,ATL,2001,11,REG,W
Tim Couch,CLE,2001,11,REG,W
Jeff Garcia,SF,2001,11,REG,W
Elvis Grbac,BAL,2001,11,REG,W
Trent Green,KC,2001,11,REG,W
Tony Banks,WAS,2001,11,REG,W
Kordell Stewart,PIT,2001,11,REG,W
Tom Brady,NE,2001,11,REG,W
Jake Plummer,ARI,2001,11,REG,W
Rich Gannon,OAK,2001,11,REG,W
Jim Miller,CHI,2001,11,REG,W
Brad Johnson,TB,2001,11,REG,W
Donovan McNabb,PHI,2001,12,REG,W
Elvis Grbac,BAL,2001,12,REG,W
Jim Miller,CHI,2001,12,REG,W
Brad Johnson,TB,2001,12,REG,W
Steve McNair,TEN,2001,12,REG,W
Jay Fiedler,MIA,2001,12,REG,W
Aaron Brooks,NO,2001,12,REG,W
Tom Brady,NE,2001,12,REG,W
Kordell Stewart,PIT,2001,12,REG,W
Matt Hasselbeck,SEA,2001,12,REG,W
Kurt Warner,STL,2001,12,REG,W
Jake Plummer,ARI,2001,12,REG,W
Quincy Carter,DAL,2001,12,REG,W
Jeff Garcia,SF,2001,12,REG,W
Brett Favre,GB,2001,12,REG,W
Aaron Brooks,NO,2001,13,REG,W
Alex Van Pelt,BUF,2001,13,REG,W
Mark Brunell,JAX,2001,13,REG,W
Quincy Carter,DAL,2001,13,REG,W
Brett Favre,GB,2001,13,REG,W
Todd Bouman,MIN,2001,13,REG,W
Tom Brady,NE,2001,13,REG,W
Donovan McNabb,PHI,2001,13,REG,W
Kurt Warner,STL,2001,13,REG,W
Brad Johnson,TB,2001,13,REG,W
Tony Banks,WAS,2001,13,REG,W
Rich Gannon,OAK,2001,13,REG,W
Kordell Stewart,PIT,2001,13,REG,W
Brian Griese,DEN,2001,13,REG,W
Jay Fiedler,MIA,2001,13,REG,W
Kerry Collins,NYG,2001,14,REG,W
Rich Gannon,OAK,2001,14,REG,W
Tom Brady,NE,2001,14,REG,W
Jim Miller,CHI,2001,14,REG,W
Mark Brunell,JAX,2001,14,REG,W
Mike McMahon,DET,2001,14,REG,W
Peyton Manning,IND,2001,14,REG,W
Trent Green,KC,2001,14,REG,W
Vinny Testaverde,NYJ,2001,14,REG,W
Donovan McNabb,PHI,2001,14,REG,W
Jeff Garcia,SF,2001,14,REG,W
Matt Hasselbeck,SEA,2001,14,REG,W
Steve McNair,TEN,2001,14,REG,W
Kordell Stewart,PIT,2001,14,REG,W
Kurt Warner,STL,2001,14,REG,W
Steve McNair,TEN,2001,15,REG,W
Tom Brady,NE,2001,15,REG,W
Jeff Garcia,SF,2001,15,REG,W
Chris Chandler,ATL,2001,15,REG,W
Elvis Grbac,BAL,2001,15,REG,W
Kurt Warner,STL,2001,15,REG,W
Trent Green,KC,2001,15,REG,W
Mark Brunell,JAX,2001,15,REG,W
Kerry Collins,NYG,2001,15,REG,W
Kordell Stewart,PIT,2001,15,REG,W
Brad Johnson,TB,2001,15,REG,W
Jim Miller,CHI,2001,15,REG,W
Jake Plummer,ARI,2001,15,REG,W
Brett Favre,GB,2001,15,REG,W
Vinny Testaverde,NYJ,2001,15,REG,W
Brad Johnson,TB,2001,16,REG,W
Jake Plummer,ARI,2001,16,REG,W
Jon Kitna,CIN,2001,16,REG,W
Quincy Carter,DAL,2001,16,REG,W
Jim Miller,CHI,2001,16,REG,W
Brett Favre,GB,2001,16,REG,W
Trent Green,KC,2001,16,REG,W
Jay Fiedler,MIA,2001,16,REG,W
Alex Van Pelt,BUF,2001,16,REG,W
Kurt Warner,STL,2001,16,REG,W
Tim Couch,CLE,2001,16,REG,W
Donovan McNabb,PHI,2001,16,REG,W
Brian Griese,DEN,2001,16,REG,W
Trent Dilfer,SEA,2001,16,REG,W
Tony Banks,WAS,2001,16,REG,W
Peyton Manning,IND,2001,17,REG,W
Tom Brady,NE,2001,17,REG,W
Jim Miller,CHI,2001,17,REG,W
Ty Detmer,DET,2001,17,REG,W
Jeff Garcia,SF,2001,17,REG,W
Brett Favre,GB,2001,17,REG,W
Kordell Stewart,PIT,2001,17,REG,W
Jon Kitna,CIN,2001,17,REG,W
Tony Banks,WAS,2001,17,REG,W
Kurt Warner,STL,2001,17,REG,W
Jay Fiedler,MIA,2001,17,REG,W
Vinny Testaverde,NYJ,2001,17,REG,W
Trent Dilfer,SEA,2001,17,REG,W
Koy Detmer,PHI,2001,17,REG,W
Elvis Grbac,BAL,2001,17,REG,W
Donovan McNabb,PHI,2001,18,WC,W
Rich Gannon,OAK,2001,18,WC,W
Brett Favre,GB,2001,18,WC,W
Elvis Grbac,BAL,2001,18,WC,W
Donovan McNabb,PHI,2001,19,DIV,W
Tom Brady,NE,2001,19,DIV,W
Kordell Stewart,PIT,2001,19,DIV,W
Kurt Warner,STL,2001,19,DIV,W
Tom Brady,NE,2001,20,CON,W
Kurt Warner,STL,2001,20,CON,W
Tom Brady,NE,2001,21,SB,W
Jeff Garcia,SF,2002,1,REG,W
Vinny Testaverde,NYJ,2002,1,REG,W
Rodney Peete,CAR,2002,1,REG,W
Jim Miller,CHI,2002,1,REG,W
Drew Brees,SD,2002,1,REG,W
Trent Green,KC,2002,1,REG,W
Brett Favre,GB,2002,1,REG,W
Peyton Manning,IND,2002,1,REG,W
Jay Fiedler,MIA,2002,1,REG,W
Steve McNair,TEN,2002,1,REG,W
Shane Matthews,WAS,2002,1,REG,W
Brian Griese,DEN,2002,1,REG,W
Rich Gannon,OAK,2002,1,REG,W
Aaron Brooks,NO,2002,1,REG,W
David Carr,HOU,2002,1,REG,W
Tom Brady,NE,2002,1,REG,W
Jim Miller,CHI,2002,2,REG,W
Brad Johnson,TB,2002,2,REG,W
Rodney Peete,CAR,2002,2,REG,W
Kelly Holcomb,CLE,2002,2,REG,W
Quincy Carter,DAL,2002,2,REG,W
Jay Fiedler,MIA,2002,2,REG,W
Mark Brunell,JAX,2002,2,REG,W
Aaron Brooks,NO,2002,2,REG,W
Tom Brady,NE,2002,2,REG,W
Jake Plummer,ARI,2002,2,REG,W
Kerry Collins,NYG,2002,2,REG,W
Drew Bledsoe,BUF,2002,2,REG,W
Drew Brees,SD,2002,2,REG,W
Brian Griese,DEN,2002,2,REG,W
Rich Gannon,OAK,2002,2,REG,W
Donovan McNabb,PHI,2002,2,REG,W
Aaron Brooks,NO,2002,3,REG,W
Peyton Manning,IND,2002,3,REG,W
Jay Fiedler,MIA,2002,3,REG,W
Rodney Peete,CAR,2002,3,REG,W
Tom Brady,NE,2002,3,REG,W
Donovan McNabb,PHI,2002,3,REG,W
Tim Couch,CLE,2002,3,REG,W
Drew Brees,SD,2002,3,REG,W
Brian Griese,DEN,2002,3,REG,W
Brett Favre,GB,2002,3,REG,W
Kerry Collins,NYG,2002,3,REG,W
Jeff Garcia,SF,2002,3,REG,W
Michael Vick,ATL,2002,3,REG,W
Brad Johnson,TB,2002,3,REG,W
Drew Bledsoe,BUF,2002,4,REG,W
Joey Harrington,DET,2002,4,REG,W
Brett Favre,GB,2002,4,REG,W
Mark Brunell,JAX,2002,4,REG,W
Trent Green,KC,2002,4,REG,W
Donovan McNabb,PHI,2002,4,REG,W
Kordell Stewart,PIT,2002,4,REG,W
Quincy Carter,DAL,2002,4,REG,W
Jake Plummer,ARI,2002,4,REG,W
Brad Johnson,TB,2002,4,REG,W
Rich Gannon,OAK,2002,4,REG,W
Drew Brees,SD,2002,4,REG,W
Trent Dilfer,SEA,2002,4,REG,W
Chris Redman,BAL,2002,4,REG,W
Brad Johnson,TB,2002,5,REG,W
Rich Gannon,OAK,2002,5,REG,W
Jake Plummer,ARI,2002,5,REG,W
Kerry Collins,NYG,2002,5,REG,W
Peyton Manning,IND,2002,5,REG,W
Jay Fiedler,MIA,2002,5,REG,W
Aaron Brooks,NO,2002,5,REG,W
Danny Wuerffel,WAS,2002,5,REG,W
Brian Griese,DEN,2002,5,REG,W
Trent Green,KC,2002,5,REG,W
Mark Brunell,JAX,2002,5,REG,W
Jeff Garcia,SF,2002,5,REG,W
Chris Redman,BAL,2002,5,REG,W
Brett Favre,GB,2002,5,REG,W
Tommy Maddox,PIT,2002,6,REG,W
Quincy Carter,DAL,2002,6,REG,W
Drew Bledsoe,BUF,2002,6,REG,W
Peyton Manning,IND,2002,6,REG,W
Daunte Culpepper,MIN,2002,6,REG,W
Brett Favre,GB,2002,6,REG,W
Doug Johnson,ATL,2002,6,REG,W
Brad Johnson,TB,2002,6,REG,W
Aaron Brooks,NO,2002,6,REG,W
Drew Brees,SD,2002,6,REG,W
Marc Bulger,STL,2002,6,REG,W
Steve McNair,TEN,2002,6,REG,W
Jay Fiedler,MIA,2002,6,REG,W
Jeff Garcia,SF,2002,6,REG,W
Michael Vick,ATL,2002,7,REG,W
Chris Redman,BAL,2002,7,REG,W
Joey Harrington,DET,2002,7,REG,W
Brian Griese,DEN,2002,7,REG,W
Drew Bledsoe,BUF,2002,7,REG,W
Aaron Brooks,NO,2002,7,REG,W
Chad Pennington,NYJ,2002,7,REG,W
Marc Bulger,STL,2002,7,REG,W
Tim Couch,CLE,2002,7,REG,W
Drew Brees,SD,2002,7,REG,W
Jake Plummer,ARI,2002,7,REG,W
Brett Favre,GB,2002,7,REG,W
Donovan McNabb,PHI,2002,7,REG,W
Tommy Maddox,PIT,2002,7,REG,W
Tommy Maddox,PIT,2002,8,REG,W
Drew Bledsoe,BUF,2002,8,REG,W
Rob Johnson,TB,2002,8,REG,W
Steve McNair,TEN,2002,8,REG,W
Trent Dilfer,SEA,2002,8,REG,W
Trent Green,KC,2002,8,REG,W
Daunte Culpepper,MIN,2002,8,REG,W
Michael Vick,ATL,2002,8,REG,W
Tim Couch,CLE,2002,8,REG,W
Jeff Garcia,SF,2002,8,REG,W
David Carr,HOU,2002,8,REG,W
Brian Griese,DEN,2002,8,REG,W
Shane Matthews,WAS,2002,8,REG,W
Donovan McNabb,PHI,2002,8,REG,W
Michael Vick,ATL,2002,9,REG,W
Tom Brady,NE,2002,9,REG,W
Donovan McNabb,PHI,2002,9,REG,W
Tommy Maddox,PIT,2002,9,REG,W
Joey Harrington,DET,2002,9,REG,W
Jon Kitna,CIN,2002,9,REG,W
Steve McNair,TEN,2002,9,REG,W
Brad Johnson,TB,2002,9,REG,W
Chad Pennington,NYJ,2002,9,REG,W
Marc Bulger,STL,2002,9,REG,W
Jeff Garcia,SF,2002,9,REG,W
Shane Matthews,WAS,2002,9,REG,W
Kerry Collins,NYG,2002,9,REG,W
Brett Favre,GB,2002,9,REG,W
Jeff Blake,BAL,2002,10,REG,W
Aaron Brooks,NO,2002,10,REG,W
Brett Favre,GB,2002,10,REG,W
Kerry Collins,NYG,2002,10,REG,W
Peyton Manning,IND,2002,10,REG,W
Tommy Maddox,PIT,2002,10,REG,W
Marc Bulger,STL,2002,10,REG,W
Steve McNair,TEN,2002,10,REG,W
Matt Hasselbeck,SEA,2002,10,REG,W
Mark Brunell,JAX,2002,10,REG,W
Tom Brady,NE,2002,10,REG,W
Jeff Garcia,SF,2002,10,REG,W
Chad Pennington,NYJ,2002,10,REG,W
Rich Gannon,OAK,2002,10,REG,W
Michael Vick,ATL,2002,11,REG,W
Tim Couch,CLE,2002,11,REG,W
Mark Brunell,JAX,2002,11,REG,W
Peyton Manning,IND,2002,11,REG,W
Trent Green,KC,2002,11,REG,W
Daunte Culpepper,MIN,2002,11,REG,W
Kerry Collins,NYG,2002,11,REG,W
Donovan McNabb,PHI,2002,11,REG,W
Steve McNair,TEN,2002,11,REG,W
Drew Brees,SD,2002,11,REG,W
Brad Johnson,TB,2002,11,REG,W
Chad Pennington,NYJ,2002,11,REG,W
Ray Lucas,MIA,2002,11,REG,W
Brian Griese,DEN,2002,11,REG,W
Rich Gannon,OAK,2002,11,REG,W
Marc Bulger,STL,2002,11,REG,W
Jeff Blake,BAL,2002,12,REG,W
Michael Vick,ATL,2002,12,REG,W
Chris Chandler,CHI,2002,12,REG,W
Chad Hutchinson,DAL,2002,12,REG,W
Ray Lucas,MIA,2002,12,REG,W
Tom Brady,NE,2002,12,REG,W
Tim Couch,CLE,2002,12,REG,W
Chad Pennington,NYJ,2002,12,REG,W
Kordell Stewart,PIT,2002,12,REG,W
Danny Wuerffel,WAS,2002,12,REG,W
Rich Gannon,OAK,2002,12,REG,W
Matt Hasselbeck,SEA,2002,12,REG,W
David Carr,HOU,2002,12,REG,W
Brad Johnson,TB,2002,12,REG,W
Peyton Manning,IND,2002,12,REG,W
Koy Detmer,PHI,2002,12,REG,W
Tom Brady,NE,2002,13,REG,W
Chad Hutchinson,DAL,2002,13,REG,W
Drew Bledsoe,BUF,2002,13,REG,W
Jeff Blake,BAL,2002,13,REG,W
Rodney Peete,CAR,2002,13,REG,W
Brett Favre,GB,2002,13,REG,W
Kordell Stewart,PIT,2002,13,REG,W
Trent Green,KC,2002,13,REG,W
Michael Vick,ATL,2002,13,REG,W
Steve McNair,TEN,2002,13,REG,W
Peyton Manning,IND,2002,13,REG,W
Drew Brees,SD,2002,13,REG,W
A.J. Feeley,PHI,2002,13,REG,W
Jeff Garcia,SF,2002,13,REG,W
Aaron Brooks,NO,2002,13,REG,W
Rich Gannon,OAK,2002,13,REG,W
Rodney Peete,CAR,2002,14,REG,W
Jeff Garcia,SF,2002,14,REG,W
Tim Couch,CLE,2002,14,REG,W
Trent Green,KC,2002,14,REG,W
Tom Brady,NE,2002,14,REG,W
David Carr,HOU,2002,14,REG,W
Brad Johnson,TB,2002,14,REG,W
Steve McNair,TEN,2002,14,REG,W
Kerry Collins,NYG,2002,14,REG,W
Jake Plummer,ARI,2002,14,REG,W
Aaron Brooks,NO,2002,14,REG,W
A.J. Feeley,PHI,2002,14,REG,W
Chad Pennington,NYJ,2002,14,REG,W
Rich Gannon,OAK,2002,14,REG,W
Brett Favre,GB,2002,14,REG,W
Jay Fiedler,MIA,2002,14,REG,W
Matt Hasselbeck,SEA,2002,15,REG,W
Drew Bledsoe,BUF,2002,15,REG,W
Chris Chandler,CHI,2002,15,REG,W
Mark Brunell,JAX,2002,15,REG,W
Peyton Manning,IND,2002,15,REG,W
Brad Johnson,TB,2002,15,REG,W
Jeff Blake,BAL,2002,15,REG,W
Jay Fiedler,MIA,2002,15,REG,W
Daunte Culpepper,MIN,2002,15,REG,W
A.J. Feeley,PHI,2002,15,REG,W
Tommy Maddox,PIT,2002,15,REG,W
Brian Griese,DEN,2002,15,REG,W
Kerry Collins,NYG,2002,15,REG,W
Brett Favre,GB,2002,15,REG,W
Marc Bulger,STL,2002,15,REG,W
Steve McNair,TEN,2002,15,REG,W
Daunte Culpepper,MIN,2002,16,REG,W
Jeff Garcia,SF,2002,16,REG,W
A.J. Feeley,PHI,2002,16,REG,W
Michael Vick,ATL,2002,16,REG,W
Rodney Peete,CAR,2002,16,REG,W
Jon Kitna,CIN,2002,16,REG,W
Brett Favre,GB,2002,16,REG,W
Kerry Collins,NYG,2002,16,REG,W
Steve McNair,TEN,2002,16,REG,W
Trent Green,KC,2002,16,REG,W
Patrick Ramsey,WAS,2002,16,REG,W
Matt Hasselbeck,SEA,2002,16,REG,W
Tim Couch,CLE,2002,16,REG,W
Rich Gannon,OAK,2002,16,REG,W
Chad Pennington,NYJ,2002,16,REG,W
Tommy Maddox,PIT,2002,16,REG,W
Kerry Collins,NYG,2002,17,REG,W
Rich Gannon,OAK,2002,17,REG,W
Drew Bledsoe,BUF,2002,17,REG,W
Kelly Holcomb,CLE,2002,17,REG,W
Daunte Culpepper,MIN,2002,17,REG,W
Steve McNair,TEN,2002,17,REG,W
Tom Brady,NE,2002,17,REG,W
Rodney Peete,CAR,2002,17,REG,W
Tommy Maddox,PIT,2002,17,REG,W
Patrick Ramsey,WAS,2002,17,REG,W
Peyton Manning,IND,2002,17,REG,W
Steve Beuerlein,DEN,2002,17,REG,W
Chad Pennington,NYJ,2002,17,REG,W
Matt Hasselbeck,SEA,2002,17,REG,W
Rob Johnson,TB,2002,17,REG,W
Jamie Martin,STL,2002,17,REG,W
Chad Pennington,NYJ,2002,18,WC,W
Michael Vick,ATL,2002,18,WC,W
Tommy Maddox,PIT,2002,18,WC,W
Jeff Garcia,SF,2002,18,WC,W
Steve McNair,TEN,2002,19,DIV,W
Donovan McNabb,PHI,2002,19,DIV,W
Brad Johnson,TB,2002,19,DIV,W
Rich Gannon,OAK,2002,19,DIV,W
Brad Johnson,TB,2002,20,CON,W
Rich Gannon,OAK,2002,20,CON,W
Brad Johnson,TB,2002,21,SB,W
Patrick Ramsey,WAS,2003,1,REG,W
Drew Bledsoe,BUF,2003,1,REG,W
Rodney Peete,CAR,2003,1,REG,W
Jake Plummer,DEN,2003,1,REG,W
Peyton Manning,IND,2003,1,REG,W
Joey Harrington,DET,2003,1,REG,W
Daunte Culpepper,MIN,2003,1,REG,W
Trent Green,KC,2003,1,REG,W
David Carr,HOU,2003,1,REG,W
Kerry Collins,NYG,2003,1,REG,W
Tommy Maddox,PIT,2003,1,REG,W
Doug Johnson,ATL,2003,1,REG,W
Matt Hasselbeck,SEA,2003,1,REG,W
Jeff Garcia,SF,2003,1,REG,W
Steve McNair,TEN,2003,1,REG,W
Brad Johnson,TB,2003,1,REG,W
Patrick Ramsey,WAS,2003,2,REG,W
Kyle Boller,BAL,2003,2,REG,W
Brett Favre,GB,2003,2,REG,W
Peyton Manning,IND,2003,2,REG,W
Drew Bledsoe,BUF,2003,2,REG,W
Trent Green,KC,2003,2,REG,W
Aaron Brooks,NO,2003,2,REG,W
Jay Fiedler,MIA,2003,2,REG,W
Marc Bulger,STL,2003,2,REG,W
Matt Hasselbeck,SEA,2003,2,REG,W
Jake Delhomme,CAR,2003,2,REG,W
Rich Gannon,OAK,2003,2,REG,W
Tom Brady,NE,2003,2,REG,W
Jake Plummer,DEN,2003,2,REG,W
Daunte Culpepper,MIN,2003,2,REG,W
Quincy Carter,DAL,2003,2,REG,W
Brad Johnson,TB,2003,3,REG,W
Tommy Maddox,PIT,2003,3,REG,W
Daunte Culpepper,MIN,2003,3,REG,W
Trent Green,KC,2003,3,REG,W
Peyton Manning,IND,2003,3,REG,W
Tom Brady,NE,2003,3,REG,W
Steve McNair,TEN,2003,3,REG,W
Jeff Blake,ARI,2003,3,REG,W
Matt Hasselbeck,SEA,2003,3,REG,W
Kerry Collins,NYG,2003,3,REG,W
Kyle Boller,BAL,2003,3,REG,W
Kelly Holcomb,CLE,2003,3,REG,W
Jay Fiedler,MIA,2003,3,REG,W
Jake Plummer,DEN,2003,3,REG,W
Donovan McNabb,PHI,2003,4,REG,W
Jon Kitna,CIN,2003,4,REG,W
David Carr,HOU,2003,4,REG,W
Gus Frerotte,MIN,2003,4,REG,W
Steve McNair,TEN,2003,4,REG,W
Marc Bulger,STL,2003,4,REG,W
Patrick Ramsey,WAS,2003,4,REG,W
Trent Green,KC,2003,4,REG,W
Rich Gannon,OAK,2003,4,REG,W
Jake Delhomme,CAR,2003,4,REG,W
Jake Plummer,DEN,2003,4,REG,W
Quincy Carter,DAL,2003,4,REG,W
Peyton Manning,IND,2003,4,REG,W
Brett Favre,GB,2003,4,REG,W
Gus Frerotte,MIN,2003,5,REG,W
Drew Bledsoe,BUF,2003,5,REG,W
Jake Delhomme,CAR,2003,5,REG,W
Kordell Stewart,CHI,2003,5,REG,W
Quincy Carter,DAL,2003,5,REG,W
Brett Favre,GB,2003,5,REG,W
Trent Green,KC,2003,5,REG,W
Tom Brady,NE,2003,5,REG,W
Jay Fiedler,MIA,2003,5,REG,W
Byron Leftwich,JAX,2003,5,REG,W
Donovan McNabb,PHI,2003,5,REG,W
Jeff Garcia,SF,2003,5,REG,W
Tim Couch,CLE,2003,5,REG,W
Peyton Manning,IND,2003,5,REG,W
Tim Couch,CLE,2003,6,REG,W
Quincy Carter,DAL,2003,6,REG,W
Trent Green,KC,2003,6,REG,W
Jake Delhomme,CAR,2003,6,REG,W
Jay Fiedler,MIA,2003,6,REG,W
Tom Brady,NE,2003,6,REG,W
Aaron Brooks,NO,2003,6,REG,W
Steve McNair,TEN,2003,6,REG,W
Brad Johnson,TB,2003,6,REG,W
Kyle Boller,BAL,2003,6,REG,W
Steve Beuerlein,DEN,2003,6,REG,W
Vinny Testaverde,NYJ,2003,6,REG,W
Matt Hasselbeck,SEA,2003,6,REG,W
Marc Bulger,STL,2003,6,REG,W
Aaron Brooks,NO,2003,7,REG,W
Steve McNair,TEN,2003,7,REG,W
Jon Kitna,CIN,2003,7,REG,W
Drew Brees,SD,2003,7,REG,W
Quincy Carter,DAL,2003,7,REG,W
Tom Brady,NE,2003,7,REG,W
Daunte Culpepper,MIN,2003,7,REG,W
Donovan McNabb,PHI,2003,7,REG,W
Marc Bulger,STL,2003,7,REG,W
Vinny Testaverde,NYJ,2003,7,REG,W
Drew Bledsoe,BUF,2003,7,REG,W
Matt Hasselbeck,SEA,2003,7,REG,W
Jeff Garcia,SF,2003,7,REG,W
Trent Green,KC,2003,7,REG,W
Kyle Boller,BAL,2003,8,REG,W
Chris Chandler,CHI,2003,8,REG,W
Jon Kitna,CIN,2003,8,REG,W
Steve McNair,TEN,2003,8,REG,W
Kerry Collins,NYG,2003,8,REG,W
Tom Brady,NE,2003,8,REG,W
Jake Delhomme,CAR,2003,8,REG,W
Marc Bulger,STL,2003,8,REG,W
Brad Johnson,TB,2003,8,REG,W
Jeff Blake,ARI,2003,8,REG,W
Peyton Manning,IND,2003,8,REG,W
Donovan McNabb,PHI,2003,8,REG,W
Trent Green,KC,2003,8,REG,W
Brian Griese,MIA,2003,8,REG,W
Kyle Boller,BAL,2003,9,REG,W
Chris Chandler,CHI,2003,9,REG,W
Joey Harrington,DET,2003,9,REG,W
Tony Banks,HOU,2003,9,REG,W
Peyton Manning,IND,2003,9,REG,W
Kerry Collins,NYG,2003,9,REG,W
Aaron Brooks,NO,2003,9,REG,W
Jeff Blake,ARI,2003,9,REG,W
Matt Hasselbeck,SEA,2003,9,REG,W
Donovan McNabb,PHI,2003,9,REG,W
Quincy Carter,DAL,2003,9,REG,W
Tim Rattay,SF,2003,9,REG,W
Brett Favre,GB,2003,9,REG,W
Tom Brady,NE,2003,9,REG,W
Jake Delhomme,CAR,2003,10,REG,W
Jon Kitna,CIN,2003,10,REG,W
Joey Harrington,DET,2003,10,REG,W
Byron Leftwich,JAX,2003,10,REG,W
Trent Green,KC,2003,10,REG,W
Kurt Kittner,ATL,2003,10,REG,W
Tommy Maddox,PIT,2003,10,REG,W
Steve McNair,TEN,2003,10,REG,W
Patrick Ramsey,WAS,2003,10,REG,W
Doug Flutie,SD,2003,10,REG,W
Quincy Carter,DAL,2003,10,REG,W
Chad Pennington,NYJ,2003,10,REG,W
Marc Bulger,STL,2003,10,REG,W
Donovan McNabb,PHI,2003,10,REG,W
David Carr,HOU,2003,11,REG,W
Jake Delhomme,CAR,2003,11,REG,W
Marc Bulger,STL,2003,11,REG,W
Jon Kitna,CIN,2003,11,REG,W
Kelly Holcomb,CLE,2003,11,REG,W
Brian Griese,MIA,2003,11,REG,W
Aaron Brooks,NO,2003,11,REG,W
Donovan McNabb,PHI,2003,11,REG,W
Steve McNair,TEN,2003,11,REG,W
Jake Plummer,DEN,2003,11,REG,W
Peyton Manning,IND,2003,11,REG,W
Rick Mirer,OAK,2003,11,REG,W
Matt Hasselbeck,SEA,2003,11,REG,W
Brett Favre,GB,2003,11,REG,W
Tom Brady,NE,2003,11,REG,W
Tim Rattay,SF,2003,11,REG,W
Anthony Wright,BAL,2003,12,REG,W
Peyton Manning,IND,2003,12,REG,W
Tommy Maddox,PIT,2003,12,REG,W
Quincy Carter,DAL,2003,12,REG,W
Brett Favre,GB,2003,12,REG,W
Tom Brady,NE,2003,12,REG,W
Daunte Culpepper,MIN,2003,12,REG,W
Chad Pennington,NYJ,2003,12,REG,W
Donovan McNabb,PHI,2003,12,REG,W
Marc Bulger,STL,2003,12,REG,W
Chris Chandler,CHI,2003,12,REG,W
Steve McNair,TEN,2003,12,REG,W
Trent Green,KC,2003,12,REG,W
Jon Kitna,CIN,2003,12,REG,W
Brian Griese,MIA,2003,12,REG,W
Brad Johnson,TB,2003,12,REG,W
Joey Harrington,DET,2003,13,REG,W
Jay Fiedler,MIA,2003,13,REG,W
Anthony Wright,BAL,2003,13,REG,W
Donovan McNabb,PHI,2003,13,REG,W
Kordell Stewart,CHI,2003,13,REG,W
Tony Banks,HOU,2003,13,REG,W
Tom Brady,NE,2003,13,REG,W
Drew Bledsoe,BUF,2003,13,REG,W
Jon Kitna,CIN,2003,13,REG,W
Marc Bulger,STL,2003,13,REG,W
Aaron Brooks,NO,2003,13,REG,W
Jake Plummer,DEN,2003,13,REG,W
Trent Green,KC,2003,13,REG,W
Matt Hasselbeck,SEA,2003,13,REG,W
Byron Leftwich,JAX,2003,13,REG,W
Chad Pennington,NYJ,2003,13,REG,W
Anthony Wright,BAL,2003,14,REG,W
Doug Flutie,SD,2003,14,REG,W
Brett Favre,GB,2003,14,REG,W
Byron Leftwich,JAX,2003,14,REG,W
Daunte Culpepper,MIN,2003,14,REG,W
Brad Johnson,TB,2003,14,REG,W
Tim Hasselbeck,WAS,2003,14,REG,W
Donovan McNabb,PHI,2003,14,REG,W
Tommy Maddox,PIT,2003,14,REG,W
Peyton Manning,IND,2003,14,REG,W
Jeff Garcia,SF,2003,14,REG,W
Drew Bledsoe,BUF,2003,14,REG,W
Jake Plummer,DEN,2003,14,REG,W
Tom Brady,NE,2003,14,REG,W
Michael Vick,ATL,2003,14,REG,W
Marc Bulger,STL,2003,14,REG,W
Rex Grossman,CHI,2003,15,REG,W
Jon Kitna,CIN,2003,15,REG,W
Peyton Manning,IND,2003,15,REG,W
Trent Green,KC,2003,15,REG,W
Tom Brady,NE,2003,15,REG,W
Chad Pennington,NYJ,2003,15,REG,W
Marc Bulger,STL,2003,15,REG,W
Brad Johnson,TB,2003,15,REG,W
Billy Volek,TEN,2003,15,REG,W
Jake Plummer,DEN,2003,15,REG,W
Rick Mirer,OAK,2003,15,REG,W
Jake Delhomme,CAR,2003,15,REG,W
Brett Favre,GB,2003,15,REG,W
Quincy Carter,DAL,2003,15,REG,W
Aaron Brooks,NO,2003,15,REG,W
Donovan McNabb,PHI,2003,15,REG,W
Michael Vick,ATL,2003,16,REG,W
Daunte Culpepper,MIN,2003,16,REG,W
Tom Brady,NE,2003,16,REG,W
Jay Fiedler,MIA,2003,16,REG,W
Jake Delhomme,CAR,2003,16,REG,W
Rex Grossman,CHI,2003,16,REG,W
Anthony Wright,BAL,2003,16,REG,W
Quincy Carter,DAL,2003,16,REG,W
Steve McNair,TEN,2003,16,REG,W
Byron Leftwich,JAX,2003,16,REG,W
Marc Bulger,STL,2003,16,REG,W
Tommy Maddox,PIT,2003,16,REG,W
Jeff Garcia,SF,2003,16,REG,W
Matt Hasselbeck,SEA,2003,16,REG,W
Jake Plummer,DEN,2003,16,REG,W
Brett Favre,GB,2003,16,REG,W
Tom Brady,NE,2003,17,REG,W
Matt Hasselbeck,SEA,2003,17,REG,W
Donovan McNabb,PHI,2003,17,REG,W
Michael Vick,ATL,2003,17,REG,W
Tim Couch,CLE,2003,17,REG,W
Joey Harrington,DET,2003,17,REG,W
Peyton Manning,IND,2003,17,REG,W
Trent Green,KC,2003,17,REG,W
Jay Fiedler,MIA,2003,17,REG,W
Aaron Brooks,NO,2003,17,REG,W
Neil O'Donnell,TEN,2003,17,REG,W
Josh McCown,ARI,2003,17,REG,W
Jake Delhomme,CAR,2003,17,REG,W
Brett Favre,GB,2003,17,REG,W
Drew Brees,SD,2003,17,REG,W
Anthony Wright,BAL,2003,17,REG,W
Steve McNair,TEN,2003,18,WC,W
Jake Delhomme,CAR,2003,18,WC,W
Brett Favre,GB,2003,18,WC,W
Peyton Manning,IND,2003,18,WC,W
Jake Delhomme,CAR,2003,19,DIV,W
Tom Brady,NE,2003,19,DIV,W
Peyton Manning,IND,2003,19,DIV,W
Donovan McNabb,PHI,2003,19,DIV,W
Tom Brady,NE,2003,20,CON,W
Jake Delhomme,CAR,2003,20,CON,W
Tom Brady,NE,2003,21,SB,W
Tom Brady,NE,2004,1,REG,W
Steve McNair,TEN,2004,1,REG,W
Byron Leftwich,JAX,2004,1,REG,W
Joey Harrington,DET,2004,1,REG,W
Jeff Garcia,CLE,2004,1,REG,W
Drew Brees,SD,2004,1,REG,W
Matt Hasselbeck,SEA,2004,1,REG,W
Chad Pennington,NYJ,2004,1,REG,W
Tommy Maddox,PIT,2004,1,REG,W
Marc Bulger,STL,2004,1,REG,W
Mark Brunell,WAS,2004,1,REG,W
Daunte Culpepper,MIN,2004,1,REG,W
Donovan McNabb,PHI,2004,1,REG,W
Michael Vick,ATL,2004,1,REG,W
Jake Plummer,DEN,2004,1,REG,W
Brett Favre,GB,2004,1,REG,W
Michael Vick,ATL,2004,2,REG,W
Kyle Boller,BAL,2004,2,REG,W
Joey Harrington,DET,2004,2,REG,W
Rex Grossman,CHI,2004,2,REG,W
Byron Leftwich,JAX,2004,2,REG,W
Jake Delhomme,CAR,2004,2,REG,W
Aaron Brooks,NO,2004,2,REG,W
Kurt Warner,NYG,2004,2,REG,W
Peyton Manning,IND,2004,2,REG,W
Matt Hasselbeck,SEA,2004,2,REG,W
Tom Brady,NE,2004,2,REG,W
Vinny Testaverde,DAL,2004,2,REG,W
Rich Gannon,OAK,2004,2,REG,W
Chad Pennington,NYJ,2004,2,REG,W
Carson Palmer,CIN,2004,2,REG,W
Donovan McNabb,PHI,2004,2,REG,W
Michael Vick,ATL,2004,3,REG,W
Kyle Boller,BAL,2004,3,REG,W
Donovan McNabb,PHI,2004,3,REG,W
David Carr,HOU,2004,3,REG,W
Daunte Culpepper,MIN,2004,3,REG,W
Kurt Warner,NYG,2004,3,REG,W
Aaron Brooks,NO,2004,3,REG,W
Byron Leftwich,JAX,2004,3,REG,W
Jake Plummer,DEN,2004,3,REG,W
Peyton Manning,IND,2004,3,REG,W
Matt Hasselbeck,SEA,2004,3,REG,W
Ben Roethlisberger,PIT,2004,3,REG,W
Rich Gannon,OAK,2004,3,REG,W
Vinny Testaverde,DAL,2004,3,REG,W
Tom Brady,NE,2004,4,REG,W
Donovan McNabb,PHI,2004,4,REG,W
Jeff Garcia,CLE,2004,4,REG,W
Kurt Warner,NYG,2004,4,REG,W
David Carr,HOU,2004,4,REG,W
Peyton Manning,IND,2004,4,REG,W
Ben Roethlisberger,PIT,2004,4,REG,W
Josh McCown,ARI,2004,4,REG,W
Michael Vick,ATL,2004,4,REG,W
Chad Pennington,NYJ,2004,4,REG,W
Drew Brees,SD,2004,4,REG,W
Jake Plummer,DEN,2004,4,REG,W
Marc Bulger,STL,2004,4,REG,W
Trent Green,KC,2004,4,REG,W
Joey Harrington,DET,2004,5,REG,W
Kurt Warner,NYG,2004,5,REG,W
Daunte Culpepper,MIN,2004,5,REG,W
Peyton Manning,IND,2004,5,REG,W
Tom Brady,NE,2004,5,REG,W
Chris Simms,TB,2004,5,REG,W
Ben Roethlisberger,PIT,2004,5,REG,W
Chad Pennington,NYJ,2004,5,REG,W
Drew Brees,SD,2004,5,REG,W
Jake Plummer,DEN,2004,5,REG,W
Marc Bulger,STL,2004,5,REG,W
Tim Rattay,SF,2004,5,REG,W
Kyle Boller,BAL,2004,5,REG,W
Steve McNair,TEN,2004,5,REG,W
Michael Vick,ATL,2004,6,REG,W
Drew Bledsoe,BUF,2004,6,REG,W
Mark Brunell,WAS,2004,6,REG,W
Jeff Garcia,CLE,2004,6,REG,W
Brett Favre,GB,2004,6,REG,W
Byron Leftwich,JAX,2004,6,REG,W
Tom Brady,NE,2004,6,REG,W
Chad Pennington,NYJ,2004,6,REG,W
Donovan McNabb,PHI,2004,6,REG,W
David Carr,HOU,2004,6,REG,W
Ben Roethlisberger,PIT,2004,6,REG,W
Jake Plummer,DEN,2004,6,REG,W
Daunte Culpepper,MIN,2004,6,REG,W
Marc Bulger,STL,2004,6,REG,W
Kyle Boller,BAL,2004,7,REG,W
Drew Brees,SD,2004,7,REG,W
Donovan McNabb,PHI,2004,7,REG,W
Byron Leftwich,JAX,2004,7,REG,W
Trent Green,KC,2004,7,REG,W
Jay Fiedler,MIA,2004,7,REG,W
Daunte Culpepper,MIN,2004,7,REG,W
Joey Harrington,DET,2004,7,REG,W
Brian Griese,TB,2004,7,REG,W
Tom Brady,NE,2004,7,REG,W
Josh McCown,ARI,2004,7,REG,W
Brett Favre,GB,2004,7,REG,W
Aaron Brooks,NO,2004,7,REG,W
Carson Palmer,CIN,2004,7,REG,W
Drew Bledsoe,BUF,2004,8,REG,W
Vinny Testaverde,DAL,2004,8,REG,W
David Carr,HOU,2004,8,REG,W
Trent Green,KC,2004,8,REG,W
Kurt Warner,NYG,2004,8,REG,W
Donovan McNabb,PHI,2004,8,REG,W
Billy Volek,TEN,2004,8,REG,W
Brett Favre,GB,2004,8,REG,W
Michael Vick,ATL,2004,8,REG,W
Matt Hasselbeck,SEA,2004,8,REG,W
Ben Roethlisberger,PIT,2004,8,REG,W
Drew Brees,SD,2004,8,REG,W
Craig Krenzel,CHI,2004,8,REG,W
Chad Pennington,NYJ,2004,8,REG,W
Drew Bledsoe,BUF,2004,9,REG,W
Kerry Collins,OAK,2004,9,REG,W
Carson Palmer,CIN,2004,9,REG,W
Mark Brunell,WAS,2004,9,REG,W
Josh McCown,ARI,2004,9,REG,W
Ben Roethlisberger,PIT,2004,9,REG,W
Brian Griese,TB,2004,9,REG,W
Craig Krenzel,CHI,2004,9,REG,W
Drew Brees,SD,2004,9,REG,W
Matt Hasselbeck,SEA,2004,9,REG,W
Jake Plummer,DEN,2004,9,REG,W
Tom Brady,NE,2004,9,REG,W
Kyle Boller,BAL,2004,9,REG,W
Peyton Manning,IND,2004,9,REG,W
Michael Vick,ATL,2004,10,REG,W
Ben Roethlisberger,PIT,2004,10,REG,W
Peyton Manning,IND,2004,10,REG,W
David Garrard,JAX,2004,10,REG,W
Aaron Brooks,NO,2004,10,REG,W
Kyle Boller,BAL,2004,10,REG,W
Marc Bulger,STL,2004,10,REG,W
Craig Krenzel,CHI,2004,10,REG,W
Carson Palmer,CIN,2004,10,REG,W
Josh McCown,ARI,2004,10,REG,W
Brett Favre,GB,2004,10,REG,W
Jake Delhomme,CAR,2004,10,REG,W
Tom Brady,NE,2004,10,REG,W
Donovan McNabb,PHI,2004,10,REG,W
Kyle Boller,BAL,2004,11,REG,W
Drew Bledsoe,BUF,2004,11,REG,W
Jake Delhomme,CAR,2004,11,REG,W
Peyton Manning,IND,2004,11,REG,W
Ben Roethlisberger,PIT,2004,11,REG,W
Quincy Carter,NYJ,2004,11,REG,W
Steve McNair,TEN,2004,11,REG,W
Daunte Culpepper,MIN,2004,11,REG,W
Jake Plummer,DEN,2004,11,REG,W
Brian Griese,TB,2004,11,REG,W
Drew Brees,SD,2004,11,REG,W
Trent Dilfer,SEA,2004,11,REG,W
Michael Vick,ATL,2004,11,REG,W
Donovan McNabb,PHI,2004,11,REG,W
Brett Favre,GB,2004,11,REG,W
Tom Brady,NE,2004,11,REG,W
Peyton Manning,IND,2004,12,REG,W
Drew Henson,DAL,2004,12,REG,W
Jake Delhomme,CAR,2004,12,REG,W
Carson Palmer,CIN,2004,12,REG,W
David Carr,HOU,2004,12,REG,W
Drew Brees,SD,2004,12,REG,W
Daunte Culpepper,MIN,2004,12,REG,W
Donovan McNabb,PHI,2004,12,REG,W
Ben Roethlisberger,PIT,2004,12,REG,W
Michael Vick,ATL,2004,12,REG,W
Quincy Carter,NYJ,2004,12,REG,W
Tom Brady,NE,2004,12,REG,W
Drew Bledsoe,BUF,2004,12,REG,W
A.J. Feeley,MIA,2004,12,REG,W
Kerry Collins,OAK,2004,12,REG,W
Brett Favre,GB,2004,12,REG,W
Carson Palmer,CIN,2004,13,REG,W
Chad Hutchinson,CHI,2004,13,REG,W
Tom Brady,NE,2004,13,REG,W
Joey Harrington,DET,2004,13,REG,W
Peyton Manning,IND,2004,13,REG,W
Drew Bledsoe,BUF,2004,13,REG,W
Jake Delhomme,CAR,2004,13,REG,W
Chad Pennington,NYJ,2004,13,REG,W
Marc Bulger,STL,2004,13,REG,W
Brian Griese,TB,2004,13,REG,W
Trent Green,KC,2004,13,REG,W
Drew Brees,SD,2004,13,REG,W
Donovan McNabb,PHI,2004,13,REG,W
Patrick Ramsey,WAS,2004,13,REG,W
Ben Roethlisberger,PIT,2004,13,REG,W
Vinny Testaverde,DAL,2004,13,REG,W
Michael Vick,ATL,2004,14,REG,W
Kyle Boller,BAL,2004,14,REG,W
Drew Bledsoe,BUF,2004,14,REG,W
Aaron Brooks,NO,2004,14,REG,W
Peyton Manning,IND,2004,14,REG,W
Byron Leftwich,JAX,2004,14,REG,W
Matt Hasselbeck,SEA,2004,14,REG,W
Tom Brady,NE,2004,14,REG,W
Jake Plummer,DEN,2004,14,REG,W
Ben Roethlisberger,PIT,2004,14,REG,W
Ken Dorsey,SF,2004,14,REG,W
Jake Delhomme,CAR,2004,14,REG,W
Brett Favre,GB,2004,14,REG,W
Drew Brees,SD,2004,14,REG,W
Donovan McNabb,PHI,2004,14,REG,W
Trent Green,KC,2004,14,REG,W
Ben Roethlisberger,PIT,2004,15,REG,W
Patrick Ramsey,WAS,2004,15,REG,W
Michael Vick,ATL,2004,15,REG,W
David Carr,HOU,2004,15,REG,W
Drew Bledsoe,BUF,2004,15,REG,W
Drew Brees,SD,2004,15,REG,W
Daunte Culpepper,MIN,2004,15,REG,W
Trent Green,KC,2004,15,REG,W
Chad Pennington,NYJ,2004,15,REG,W
Donovan McNabb,PHI,2004,15,REG,W
Josh McCown,ARI,2004,15,REG,W
Aaron Brooks,NO,2004,15,REG,W
Byron Leftwich,JAX,2004,15,REG,W
Kerry Collins,OAK,2004,15,REG,W
Peyton Manning,IND,2004,15,REG,W
A.J. Feeley,MIA,2004,15,REG,W
Brett Favre,GB,2004,16,REG,W
Trent Green,KC,2004,16,REG,W
Jake Plummer,DEN,2004,16,REG,W
Jon Kitna,CIN,2004,16,REG,W
Joey Harrington,DET,2004,16,REG,W
Peyton Manning,IND,2004,16,REG,W
David Carr,HOU,2004,16,REG,W
Aaron Brooks,NO,2004,16,REG,W
Ben Roethlisberger,PIT,2004,16,REG,W
Tom Brady,NE,2004,16,REG,W
Drew Bledsoe,BUF,2004,16,REG,W
Vinny Testaverde,DAL,2004,16,REG,W
Trent Dilfer,SEA,2004,16,REG,W
Jake Delhomme,CAR,2004,16,REG,W
A.J. Feeley,MIA,2004,16,REG,W
Marc Bulger,STL,2004,16,REG,W
Kyle Boller,BAL,2004,17,REG,W
Tommy Maddox,PIT,2004,17,REG,W
Aaron Brooks,NO,2004,17,REG,W
Brett Favre,GB,2004,17,REG,W
Kelly Holcomb,CLE,2004,17,REG,W
Tom Brady,NE,2004,17,REG,W
Jon Kitna,CIN,2004,17,REG,W
Marc Bulger,STL,2004,17,REG,W
Billy Volek,TEN,2004,17,REG,W
Patrick Ramsey,WAS,2004,17,REG,W
Josh McCown,ARI,2004,17,REG,W
Matt Hasselbeck,SEA,2004,17,REG,W
Jake Plummer,DEN,2004,17,REG,W
Byron Leftwich,JAX,2004,17,REG,W
Doug Flutie,SD,2004,17,REG,W
Eli Manning,NYG,2004,17,REG,W
Marc Bulger,STL,2004,18,WC,W
Chad Pennington,NYJ,2004,18,WC,W
Peyton Manning,IND,2004,18,WC,W
Daunte Culpepper,MIN,2004,18,WC,W
Ben Roethlisberger,PIT,2004,19,DIV,W
Michael Vick,ATL,2004,19,DIV,W
Donovan McNabb,PHI,2004,19,DIV,W
Tom Brady,NE,2004,19,DIV,W
Donovan McNabb,PHI,2004,20,CON,W
Tom Brady,NE,2004,20,CON,W
Tom Brady,NE,2004,21,SB,W
Tom Brady,NE,2005,1,REG,W
J.P. Losman,BUF,2005,1,REG,W
Aaron Brooks,NO,2005,1,REG,W
Carson Palmer,CIN,2005,1,REG,W
Byron Leftwich,JAX,2005,1,REG,W
Trent Green,KC,2005,1,REG,W
Gus Frerotte,MIA,2005,1,REG,W
Brian Griese,TB,2005,1,REG,W
Ben Roethlisberger,PIT,2005,1,REG,W
Patrick Ramsey,WAS,2005,1,REG,W
Joey Harrington,DET,2005,1,REG,W
Eli Manning,NYG,2005,1,REG,W
Drew Bledsoe,DAL,2005,1,REG,W
Tim Rattay,SF,2005,1,REG,W
Peyton Manning,IND,2005,1,REG,W
Michael Vick,ATL,2005,1,REG,W
Jake Delhomme,CAR,2005,2,REG,W
Kyle Orton,CHI,2005,2,REG,W
Carson Palmer,CIN,2005,2,REG,W
Ben Roethlisberger,PIT,2005,2,REG,W
Peyton Manning,IND,2005,2,REG,W
Donovan McNabb,PHI,2005,2,REG,W
Brian Griese,TB,2005,2,REG,W
Steve McNair,TEN,2005,2,REG,W
Marc Bulger,STL,2005,2,REG,W
Matt Hasselbeck,SEA,2005,2,REG,W
Jake Plummer,DEN,2005,2,REG,W
Trent Dilfer,CLE,2005,2,REG,W
Chad Pennington,NYJ,2005,2,REG,W
Trent Green,KC,2005,2,REG,W
Mark Brunell,WAS,2005,2,REG,W
Eli Manning,NYG,2005,2,REG,W
Michael Vick,ATL,2005,3,REG,W
Carson Palmer,CIN,2005,3,REG,W
Brian Griese,TB,2005,3,REG,W
Peyton Manning,IND,2005,3,REG,W
Gus Frerotte,MIA,2005,3,REG,W
Daunte Culpepper,MIN,2005,3,REG,W
Byron Leftwich,JAX,2005,3,REG,W
Donovan McNabb,PHI,2005,3,REG,W
Marc Bulger,STL,2005,3,REG,W
Matt Hasselbeck,SEA,2005,3,REG,W
Drew Bledsoe,DAL,2005,3,REG,W
Tom Brady,NE,2005,3,REG,W
Drew Brees,SD,2005,3,REG,W
Jake Plummer,DEN,2005,3,REG,W
Carson Palmer,CIN,2005,4,REG,W
Jake Plummer,DEN,2005,4,REG,W
Drew Brees,SD,2005,4,REG,W
Aaron Brooks,NO,2005,4,REG,W
Eli Manning,NYG,2005,4,REG,W
Brian Griese,TB,2005,4,REG,W
Peyton Manning,IND,2005,4,REG,W
Mark Brunell,WAS,2005,4,REG,W
Anthony Wright,BAL,2005,4,REG,W
Michael Vick,ATL,2005,4,REG,W
Donovan McNabb,PHI,2005,4,REG,W
Kerry Collins,OAK,2005,4,REG,W
Josh McCown,ARI,2005,4,REG,W
Jake Delhomme,CAR,2005,4,REG,W
Tom Brady,NE,2005,5,REG,W
Kelly Holcomb,BUF,2005,5,REG,W
Trent Dilfer,CLE,2005,5,REG,W
Joey Harrington,DET,2005,5,REG,W
Brett Favre,GB,2005,5,REG,W
Steve McNair,TEN,2005,5,REG,W
Vinny Testaverde,NYJ,2005,5,REG,W
Matt Hasselbeck,SEA,2005,5,REG,W
Peyton Manning,IND,2005,5,REG,W
Jake Delhomme,CAR,2005,5,REG,W
Drew Bledsoe,DAL,2005,5,REG,W
Jake Plummer,DEN,2005,5,REG,W
Byron Leftwich,JAX,2005,5,REG,W
Ben Roethlisberger,PIT,2005,5,REG,W
Anthony Wright,BAL,2005,6,REG,W
Kyle Orton,CHI,2005,6,REG,W
Drew Bledsoe,DAL,2005,6,REG,W
Jake Delhomme,CAR,2005,6,REG,W
Trent Green,KC,2005,6,REG,W
Michael Vick,ATL,2005,6,REG,W
Byron Leftwich,JAX,2005,6,REG,W
Brian Griese,TB,2005,6,REG,W
Carson Palmer,CIN,2005,6,REG,W
Kelly Holcomb,BUF,2005,6,REG,W
Jake Plummer,DEN,2005,6,REG,W
Drew Brees,SD,2005,6,REG,W
Matt Hasselbeck,SEA,2005,6,REG,W
Peyton Manning,IND,2005,6,REG,W
Trent Green,KC,2005,7,REG,W
Ben Roethlisberger,PIT,2005,7,REG,W
Jeff Garcia,DET,2005,7,REG,W
Peyton Manning,IND,2005,7,REG,W
Daunte Culpepper,MIN,2005,7,REG,W
Donovan McNabb,PHI,2005,7,REG,W
Jamie Martin,STL,2005,7,REG,W
Mark Brunell,WAS,2005,7,REG,W
Matt Hasselbeck,SEA,2005,7,REG,W
Josh McCown,ARI,2005,7,REG,W
Kyle Orton,CHI,2005,7,REG,W
Eli Manning,NYG,2005,7,REG,W
Kerry Collins,OAK,2005,7,REG,W
Michael Vick,ATL,2005,7,REG,W
Jake Delhomme,CAR,2005,8,REG,W
Carson Palmer,CIN,2005,8,REG,W
Drew Bledsoe,DAL,2005,8,REG,W
Kyle Orton,CHI,2005,8,REG,W
David Carr,HOU,2005,8,REG,W
Eli Manning,NYG,2005,8,REG,W
Jamie Martin,STL,2005,8,REG,W
Kerry Collins,OAK,2005,8,REG,W
Gus Frerotte,MIA,2005,8,REG,W
Drew Brees,SD,2005,8,REG,W
Jake Plummer,DEN,2005,8,REG,W
Ken Dorsey,SF,2005,8,REG,W
Tom Brady,NE,2005,8,REG,W
Ben Roethlisberger,PIT,2005,8,REG,W
Carson Palmer,CIN,2005,9,REG,W
Trent Dilfer,CLE,2005,9,REG,W
Byron Leftwich,JAX,2005,9,REG,W
Trent Green,KC,2005,9,REG,W
Michael Vick,ATL,2005,9,REG,W
Brad Johnson,MIN,2005,9,REG,W
Drew Brees,SD,2005,9,REG,W
Jake Delhomme,CAR,2005,9,REG,W
Matt Hasselbeck,SEA,2005,9,REG,W
Kyle Orton,CHI,2005,9,REG,W
Eli Manning,NYG,2005,9,REG,W
Charlie Batch,PIT,2005,9,REG,W
Mark Brunell,WAS,2005,9,REG,W
Peyton Manning,IND,2005,9,REG,W
Kelly Holcomb,BUF,2005,10,REG,W
Kyle Orton,CHI,2005,10,REG,W
Joey Harrington,DET,2005,10,REG,W
Peyton Manning,IND,2005,10,REG,W
Byron Leftwich,JAX,2005,10,REG,W
Tom Brady,NE,2005,10,REG,W
Brad Johnson,MIN,2005,10,REG,W
Jake Delhomme,CAR,2005,10,REG,W
Jake Plummer,DEN,2005,10,REG,W
Brett Favre,GB,2005,10,REG,W
Matt Hasselbeck,SEA,2005,10,REG,W
Chris Simms,TB,2005,10,REG,W
Charlie Batch,PIT,2005,10,REG,W
Drew Bledsoe,DAL,2005,10,REG,W
Chris Simms,TB,2005,11,REG,W
Kyle Boller,BAL,2005,11,REG,W
Kyle Orton,CHI,2005,11,REG,W
Trent Dilfer,CLE,2005,11,REG,W
Drew Bledsoe,DAL,2005,11,REG,W
Tom Brady,NE,2005,11,REG,W
Eli Manning,NYG,2005,11,REG,W
Kurt Warner,ARI,2005,11,REG,W
Byron Leftwich,JAX,2005,11,REG,W
Kerry Collins,OAK,2005,11,REG,W
Matt Hasselbeck,SEA,2005,11,REG,W
Peyton Manning,IND,2005,11,REG,W
Jake Plummer,DEN,2005,11,REG,W
Drew Brees,SD,2005,11,REG,W
Trent Green,KC,2005,11,REG,W
Brad Johnson,MIN,2005,11,REG,W
Michael Vick,ATL,2005,12,REG,W
Jake Plummer,DEN,2005,12,REG,W
Jake Delhomme,CAR,2005,12,REG,W
Carson Palmer,CIN,2005,12,REG,W
Jamie Martin,STL,2005,12,REG,W
Trent Green,KC,2005,12,REG,W
Brad Johnson,MIN,2005,12,REG,W
Kyle Orton,CHI,2005,12,REG,W
Steve McNair,TEN,2005,12,REG,W
Drew Brees,SD,2005,12,REG,W
Byron Leftwich,JAX,2005,12,REG,W
Gus Frerotte,MIA,2005,12,REG,W
Mike McMahon,PHI,2005,12,REG,W
Matt Hasselbeck,SEA,2005,12,REG,W
Aaron Brooks,NO,2005,12,REG,W
Peyton Manning,IND,2005,12,REG,W
Kyle Boller,BAL,2005,13,REG,W
Jake Delhomme,CAR,2005,13,REG,W
Kyle Orton,CHI,2005,13,REG,W
David Garrard,JAX,2005,13,REG,W
Brad Johnson,MIN,2005,13,REG,W
Peyton Manning,IND,2005,13,REG,W
Gus Frerotte,MIA,2005,13,REG,W
Chris Simms,TB,2005,13,REG,W
Eli Manning,NYG,2005,13,REG,W
Carson Palmer,CIN,2005,13,REG,W
Kurt Warner,ARI,2005,13,REG,W
Mark Brunell,WAS,2005,13,REG,W
Trent Green,KC,2005,13,REG,W
Tom Brady,NE,2005,13,REG,W
Drew Brees,SD,2005,13,REG,W
Matt Hasselbeck,SEA,2005,13,REG,W
Tom Brady,NE,2005,14,REG,W
Chris Simms,TB,2005,14,REG,W
Carson Palmer,CIN,2005,14,REG,W
Peyton Manning,IND,2005,14,REG,W
Brad Johnson,MIN,2005,14,REG,W
Brooks Bollinger,NYJ,2005,14,REG,W
Ben Roethlisberger,PIT,2005,14,REG,W
Steve McNair,TEN,2005,14,REG,W
Mark Brunell,WAS,2005,14,REG,W
Eli Manning,NYG,2005,14,REG,W
Matt Hasselbeck,SEA,2005,14,REG,W
Drew Bledsoe,DAL,2005,14,REG,W
Jake Plummer,DEN,2005,14,REG,W
Gus Frerotte,MIA,2005,14,REG,W
Brett Favre,GB,2005,14,REG,W
Michael Vick,ATL,2005,14,REG,W
Tom Brady,NE,2005,15,REG,W
Eli Manning,NYG,2005,15,REG,W
Jake Plummer,DEN,2005,15,REG,W
David Carr,HOU,2005,15,REG,W
Drew Brees,SD,2005,15,REG,W
David Garrard,JAX,2005,15,REG,W
Gus Frerotte,MIA,2005,15,REG,W
Ben Roethlisberger,PIT,2005,15,REG,W
Jake Delhomme,CAR,2005,15,REG,W
Mike McMahon,PHI,2005,15,REG,W
Matt Hasselbeck,SEA,2005,15,REG,W
Carson Palmer,CIN,2005,15,REG,W
Charlie Frye,CLE,2005,15,REG,W
Mark Brunell,WAS,2005,15,REG,W
Kyle Orton,CHI,2005,15,REG,W
Kyle Boller,BAL,2005,15,REG,W
Drew Bledsoe,DAL,2005,16,REG,W
Kelly Holcomb,BUF,2005,16,REG,W
Ben Roethlisberger,PIT,2005,16,REG,W
David Garrard,JAX,2005,16,REG,W
Trent Green,KC,2005,16,REG,W
Gus Frerotte,MIA,2005,16,REG,W
Joey Harrington,DET,2005,16,REG,W
Alex Smith,SF,2005,16,REG,W
Chris Simms,TB,2005,16,REG,W
Mark Brunell,WAS,2005,16,REG,W
Josh McCown,ARI,2005,16,REG,W
Jake Plummer,DEN,2005,16,REG,W
Matt Hasselbeck,SEA,2005,16,REG,W
Rex Grossman,CHI,2005,16,REG,W
Kyle Boller,BAL,2005,16,REG,W
Tom Brady,NE,2005,16,REG,W
Jake Plummer,DEN,2005,17,REG,W
Eli Manning,NYG,2005,17,REG,W
Jake Delhomme,CAR,2005,17,REG,W
Charlie Frye,CLE,2005,17,REG,W
Brett Favre,GB,2005,17,REG,W
Jim Sorgi,IND,2005,17,REG,W
Trent Green,KC,2005,17,REG,W
Gus Frerotte,MIA,2005,17,REG,W
Brooks Bollinger,NYJ,2005,17,REG,W
Ben Roethlisberger,PIT,2005,17,REG,W
Chris Simms,TB,2005,17,REG,W
David Garrard,JAX,2005,17,REG,W
Alex Smith,SF,2005,17,REG,W
Brad Johnson,MIN,2005,17,REG,W
Mark Brunell,WAS,2005,17,REG,W
Jamie Martin,STL,2005,17,REG,W
Mark Brunell,WAS,2005,18,WC,W
Tom Brady,NE,2005,18,WC,W
Jake Delhomme,CAR,2005,18,WC,W
Ben Roethlisberger,PIT,2005,18,WC,W
Matt Hasselbeck,SEA,2005,19,DIV,W
Jake Plummer,DEN,2005,19,DIV,W
Ben Roethlisberger,PIT,2005,19,DIV,W
Jake Delhomme,CAR,2005,19,DIV,W
Ben Roethlisberger,PIT,2005,20,CON,W
Matt Hasselbeck,SEA,2005,20,CON,W
Ben Roethlisberger,PIT,2005,21,SB,W
Charlie Batch,PIT,2006,1,REG,W
Michael Vick,ATL,2006,1,REG,W
Drew Brees,NO,2006,1,REG,W
Matt Hasselbeck,SEA,2006,1,REG,W
Donovan McNabb,PHI,2006,1,REG,W
Carson Palmer,CIN,2006,1,REG,W
Tom Brady,NE,2006,1,REG,W
Marc Bulger,STL,2006,1,REG,W
Steve McNair,BAL,2006,1,REG,W
Chad Pennington,NYJ,2006,1,REG,W
Kurt Warner,ARI,2006,1,REG,W
Rex Grossman,CHI,2006,1,REG,W
Byron Leftwich,JAX,2006,1,REG,W
Peyton Manning,IND,2006,1,REG,W
Brad Johnson,MIN,2006,1,REG,W
Philip Rivers,SD,2006,1,REG,W
Michael Vick,ATL,2006,2,REG,W
Steve McNair,BAL,2006,2,REG,W
Rex Grossman,CHI,2006,2,REG,W
Carson Palmer,CIN,2006,2,REG,W
Drew Brees,NO,2006,2,REG,W
Peyton Manning,IND,2006,2,REG,W
J.P. Losman,BUF,2006,2,REG,W
Brad Johnson,MIN,2006,2,REG,W
Eli Manning,NYG,2006,2,REG,W
Matt Hasselbeck,SEA,2006,2,REG,W
Alex Smith,SF,2006,2,REG,W
Jake Plummer,DEN,2006,2,REG,W
Tom Brady,NE,2006,2,REG,W
Philip Rivers,SD,2006,2,REG,W
Drew Bledsoe,DAL,2006,2,REG,W
Byron Leftwich,JAX,2006,2,REG,W
Chad Pennington,NYJ,2006,3,REG,W
Brett Favre,GB,2006,3,REG,W
Mark Brunell,WAS,2006,3,REG,W
Peyton Manning,IND,2006,3,REG,W
Daunte Culpepper,MIA,2006,3,REG,W
Rex Grossman,CHI,2006,3,REG,W
Carson Palmer,CIN,2006,3,REG,W
Jake Delhomme,CAR,2006,3,REG,W
Steve McNair,BAL,2006,3,REG,W
Marc Bulger,STL,2006,3,REG,W
Matt Hasselbeck,SEA,2006,3,REG,W
Donovan McNabb,PHI,2006,3,REG,W
Jake Plummer,DEN,2006,3,REG,W
Drew Brees,NO,2006,3,REG,W
Michael Vick,ATL,2006,4,REG,W
Steve McNair,BAL,2006,4,REG,W
J.P. Losman,BUF,2006,4,REG,W
Jake Delhomme,CAR,2006,4,REG,W
David Carr,HOU,2006,4,REG,W
Damon Huard,KC,2006,4,REG,W
Peyton Manning,IND,2006,4,REG,W
Drew Bledsoe,DAL,2006,4,REG,W
Marc Bulger,STL,2006,4,REG,W
Tom Brady,NE,2006,4,REG,W
Charlie Frye,CLE,2006,4,REG,W
Mark Brunell,WAS,2006,4,REG,W
Rex Grossman,CHI,2006,4,REG,W
Donovan McNabb,PHI,2006,4,REG,W
Jake Delhomme,CAR,2006,5,REG,W
Rex Grossman,CHI,2006,5,REG,W
Marc Bulger,STL,2006,5,REG,W
Peyton Manning,IND,2006,5,REG,W
Brad Johnson,MIN,2006,5,REG,W
Tom Brady,NE,2006,5,REG,W
Drew Brees,NO,2006,5,REG,W
Eli Manning,NYG,2006,5,REG,W
Damon Huard,KC,2006,5,REG,W
Byron Leftwich,JAX,2006,5,REG,W
Alex Smith,SF,2006,5,REG,W
Donovan McNabb,PHI,2006,5,REG,W
Philip Rivers,SD,2006,5,REG,W
Jake Plummer,DEN,2006,5,REG,W
Eli Manning,NYG,2006,6,REG,W
Jake Delhomme,CAR,2006,6,REG,W
Drew Bledsoe,DAL,2006,6,REG,W
Jon Kitna,DET,2006,6,REG,W
Drew Brees,NO,2006,6,REG,W
Matt Hasselbeck,SEA,2006,6,REG,W
Bruce Gradkowski,TB,2006,6,REG,W
Vince Young,TEN,2006,6,REG,W
Chad Pennington,NYJ,2006,6,REG,W
Ben Roethlisberger,PIT,2006,6,REG,W
Philip Rivers,SD,2006,6,REG,W
Jake Plummer,DEN,2006,6,REG,W
Rex Grossman,CHI,2006,6,REG,W
Michael Vick,ATL,2006,7,REG,W
Tom Brady,NE,2006,7,REG,W
Carson Palmer,CIN,2006,7,REG,W
David Carr,HOU,2006,7,REG,W
Damon Huard,KC,2006,7,REG,W
Brett Favre,GB,2006,7,REG,W
Chad Pennington,NYJ,2006,7,REG,W
Bruce Gradkowski,TB,2006,7,REG,W
Jake Plummer,DEN,2006,7,REG,W
Peyton Manning,IND,2006,7,REG,W
Andrew Walter,OAK,2006,7,REG,W
Brad Johnson,MIN,2006,7,REG,W
Eli Manning,NYG,2006,7,REG,W
Rex Grossman,CHI,2006,8,REG,W
Michael Vick,ATL,2006,8,REG,W
Brett Favre,GB,2006,8,REG,W
Damon Huard,KC,2006,8,REG,W
Steve McNair,BAL,2006,8,REG,W
Eli Manning,NYG,2006,8,REG,W
David Garrard,JAX,2006,8,REG,W
Vince Young,TEN,2006,8,REG,W
Philip Rivers,SD,2006,8,REG,W
Charlie Frye,CLE,2006,8,REG,W
Peyton Manning,IND,2006,8,REG,W
Andrew Walter,OAK,2006,8,REG,W
Tony Romo,DAL,2006,8,REG,W
Tom Brady,NE,2006,8,REG,W
Steve McNair,BAL,2006,9,REG,W
J.P. Losman,BUF,2006,9,REG,W
Joey Harrington,MIA,2006,9,REG,W
Jon Kitna,DET,2006,9,REG,W
David Garrard,JAX,2006,9,REG,W
Eli Manning,NYG,2006,9,REG,W
Damon Huard,KC,2006,9,REG,W
Drew Brees,NO,2006,9,REG,W
Mark Brunell,WAS,2006,9,REG,W
Alex Smith,SF,2006,9,REG,W
Jake Plummer,DEN,2006,9,REG,W
Philip Rivers,SD,2006,9,REG,W
Peyton Manning,IND,2006,9,REG,W
Seneca Wallace,SEA,2006,9,REG,W
Charlie Frye,CLE,2006,10,REG,W
Philip Rivers,SD,2006,10,REG,W
Alex Smith,SF,2006,10,REG,W
Peyton Manning,IND,2006,10,REG,W
David Carr,HOU,2006,10,REG,W
Joey Harrington,MIA,2006,10,REG,W
Brett Favre,GB,2006,10,REG,W
Chad Pennington,NYJ,2006,10,REG,W
Donovan McNabb,PHI,2006,10,REG,W
Steve McNair,BAL,2006,10,REG,W
Jake Plummer,DEN,2006,10,REG,W
Tony Romo,DAL,2006,10,REG,W
Ben Roethlisberger,PIT,2006,10,REG,W
Seneca Wallace,SEA,2006,10,REG,W
Rex Grossman,CHI,2006,10,REG,W
Jake Delhomme,CAR,2006,10,REG,W
Steve McNair,BAL,2006,11,REG,W
Jake Delhomme,CAR,2006,11,REG,W
Ben Roethlisberger,PIT,2006,11,REG,W
Tom Brady,NE,2006,11,REG,W
J.P. Losman,BUF,2006,11,REG,W
Trent Green,KC,2006,11,REG,W
Joey Harrington,MIA,2006,11,REG,W
Carson Palmer,CIN,2006,11,REG,W
Rex Grossman,CHI,2006,11,REG,W
Vince Young,TEN,2006,11,REG,W
Bruce Gradkowski,TB,2006,11,REG,W
Matt Leinart,ARI,2006,11,REG,W
Alex Smith,SF,2006,11,REG,W
Tony Romo,DAL,2006,11,REG,W
Philip Rivers,SD,2006,11,REG,W
David Garrard,JAX,2006,11,REG,W
Joey Harrington,MIA,2006,12,REG,W
Tony Romo,DAL,2006,12,REG,W
Trent Green,KC,2006,12,REG,W
Drew Brees,NO,2006,12,REG,W
Steve McNair,BAL,2006,12,REG,W
J.P. Losman,BUF,2006,12,REG,W
Carson Palmer,CIN,2006,12,REG,W
Brad Johnson,MIN,2006,12,REG,W
Chad Pennington,NYJ,2006,12,REG,W
Marc Bulger,STL,2006,12,REG,W
Jason Campbell,WAS,2006,12,REG,W
Philip Rivers,SD,2006,12,REG,W
Tom Brady,NE,2006,12,REG,W
Vince Young,TEN,2006,12,REG,W
Peyton Manning,IND,2006,12,REG,W
Matt Hasselbeck,SEA,2006,12,REG,W
Carson Palmer,CIN,2006,13,REG,W
Philip Rivers,SD,2006,13,REG,W
Rex Grossman,CHI,2006,13,REG,W
Charlie Frye,CLE,2006,13,REG,W
Chad Pennington,NYJ,2006,13,REG,W
Tom Brady,NE,2006,13,REG,W
Drew Brees,NO,2006,13,REG,W
Matt Leinart,ARI,2006,13,REG,W
Vince Young,TEN,2006,13,REG,W
Michael Vick,ATL,2006,13,REG,W
David Garrard,JAX,2006,13,REG,W
David Carr,HOU,2006,13,REG,W
Tony Romo,DAL,2006,13,REG,W
Ben Roethlisberger,PIT,2006,13,REG,W
Matt Hasselbeck,SEA,2006,13,REG,W
Jeff Garcia,PHI,2006,13,REG,W
Ben Roethlisberger,PIT,2006,14,REG,W
Eli Manning,NYG,2006,14,REG,W
Carson Palmer,CIN,2006,14,REG,W
Brad Johnson,MIN,2006,14,REG,W
Vince Young,TEN,2006,14,REG,W
David Garrard,JAX,2006,14,REG,W
Steve McNair,BAL,2006,14,REG,W
Joey Harrington,MIA,2006,14,REG,W
Michael Vick,ATL,2006,14,REG,W
Jeff Garcia,PHI,2006,14,REG,W
Matt Leinart,ARI,2006,14,REG,W
Brett Favre,GB,2006,14,REG,W
J.P. Losman,BUF,2006,14,REG,W
Philip Rivers,SD,2006,14,REG,W
Drew Brees,NO,2006,14,REG,W
Rex Grossman,CHI,2006,14,REG,W
Alex Smith,SF,2006,15,REG,W
Tony Romo,DAL,2006,15,REG,W
Steve McNair,BAL,2006,15,REG,W
J.P. Losman,BUF,2006,15,REG,W
Ben Roethlisberger,PIT,2006,15,REG,W
Rex Grossman,CHI,2006,15,REG,W
Brett Favre,GB,2006,15,REG,W
Chad Pennington,NYJ,2006,15,REG,W
Tom Brady,NE,2006,15,REG,W
Jason Campbell,WAS,2006,15,REG,W
Vince Young,TEN,2006,15,REG,W
Jay Cutler,DEN,2006,15,REG,W
Jeff Garcia,PHI,2006,15,REG,W
Marc Bulger,STL,2006,15,REG,W
Philip Rivers,SD,2006,15,REG,W
Peyton Manning,IND,2006,15,REG,W
Brett Favre,GB,2006,16,REG,W
Trent Green,KC,2006,16,REG,W
Chris Weinke,CAR,2006,16,REG,W
Vince Young,TEN,2006,16,REG,W
Tim Rattay,TB,2006,16,REG,W
Rex Grossman,CHI,2006,16,REG,W
David Carr,HOU,2006,16,REG,W
Tom Brady,NE,2006,16,REG,W
Drew Brees,NO,2006,16,REG,W
Steve McNair,BAL,2006,16,REG,W
Marc Bulger,STL,2006,16,REG,W
Matt Leinart,ARI,2006,16,REG,W
Jay Cutler,DEN,2006,16,REG,W
Philip Rivers,SD,2006,16,REG,W
Jeff Garcia,PHI,2006,16,REG,W
Chad Pennington,NYJ,2006,16,REG,W
Eli Manning,NYG,2006,17,REG,W
Ben Roethlisberger,PIT,2006,17,REG,W
Jon Kitna,DET,2006,17,REG,W
David Carr,HOU,2006,17,REG,W
Trent Green,KC,2006,17,REG,W
Marc Bulger,STL,2006,17,REG,W
Jake Delhomme,CAR,2006,17,REG,W
Chad Pennington,NYJ,2006,17,REG,W
Matt Hasselbeck,SEA,2006,17,REG,W
Tom Brady,NE,2006,17,REG,W
Steve McNair,BAL,2006,17,REG,W
Alex Smith,SF,2006,17,REG,W
Peyton Manning,IND,2006,17,REG,W
A.J. Feeley,PHI,2006,17,REG,W
Philip Rivers,SD,2006,17,REG,W
Brett Favre,GB,2006,17,REG,W
Peyton Manning,IND,2006,18,WC,W
Matt Hasselbeck,SEA,2006,18,WC,W
Tom Brady,NE,2006,18,WC,W
Jeff Garcia,PHI,2006,18,WC,W
Peyton Manning,IND,2006,19,DIV,W
Drew Brees,NO,2006,19,DIV,W
Rex Grossman,CHI,2006,19,DIV,W
Tom Brady,NE,2006,19,DIV,W
Rex Grossman,CHI,2006,20,CON,W
Peyton Manning,IND,2006,20,CON,W
Peyton Manning,IND,2006,21,SB,W
Peyton Manning,IND,2007,1,REG,W
Jay Cutler,DEN,2007,1,REG,W
Ben Roethlisberger,PIT,2007,1,REG,W
Brett Favre,GB,2007,1,REG,W
Matt Schaub,HOU,2007,1,REG,W
Vince Young,TEN,2007,1,REG,W
Tarvaris Jackson,MIN,2007,1,REG,W
Tom Brady,NE,2007,1,REG,W
Jake Delhomme,CAR,2007,1,REG,W
Jason Campbell,WAS,2007,1,REG,W
Jon Kitna,DET,2007,1,REG,W
Philip Rivers,SD,2007,1,REG,W
Matt Hasselbeck,SEA,2007,1,REG,W
Tony Romo,DAL,2007,1,REG,W
Carson Palmer,CIN,2007,1,REG,W
Alex Smith,SF,2007,1,REG,W
Matt Schaub,HOU,2007,2,REG,W
Derek Anderson,CLE,2007,2,REG,W
David Garrard,JAX,2007,2,REG,W
Brett Favre,GB,2007,2,REG,W
Ben Roethlisberger,PIT,2007,2,REG,W
Alex Smith,SF,2007,2,REG,W
Jeff Garcia,TB,2007,2,REG,W
Peyton Manning,IND,2007,2,REG,W
Matt Leinart,ARI,2007,2,REG,W
Jon Kitna,DET,2007,2,REG,W
Tony Romo,DAL,2007,2,REG,W
Kyle Boller,BAL,2007,2,REG,W
Rex Grossman,CHI,2007,2,REG,W
Jay Cutler,DEN,2007,2,REG,W
Tom Brady,NE,2007,2,REG,W
Jason Campbell,WAS,2007,2,REG,W
Steve McNair,BAL,2007,3,REG,W
Brett Favre,GB,2007,3,REG,W
Peyton Manning,IND,2007,3,REG,W
Damon Huard,KC,2007,3,REG,W
Tom Brady,NE,2007,3,REG,W
Chad Pennington,NYJ,2007,3,REG,W
Donovan McNabb,PHI,2007,3,REG,W
Ben Roethlisberger,PIT,2007,3,REG,W
Jeff Garcia,TB,2007,3,REG,W
David Garrard,JAX,2007,3,REG,W
Josh McCown,OAK,2007,3,REG,W
Matt Hasselbeck,SEA,2007,3,REG,W
Jake Delhomme,CAR,2007,3,REG,W
Eli Manning,NYG,2007,3,REG,W
Tony Romo,DAL,2007,3,REG,W
Vince Young,TEN,2007,3,REG,W
Joey Harrington,ATL,2007,4,REG,W
Trent Edwards,BUF,2007,4,REG,W
Derek Anderson,CLE,2007,4,REG,W
Tony Romo,DAL,2007,4,REG,W
Jon Kitna,DET,2007,4,REG,W
Daunte Culpepper,OAK,2007,4,REG,W
Brett Favre,GB,2007,4,REG,W
Jeff Garcia,TB,2007,4,REG,W
Matt Hasselbeck,SEA,2007,4,REG,W
Matt Leinart,ARI,2007,4,REG,W
Peyton Manning,IND,2007,4,REG,W
Damon Huard,KC,2007,4,REG,W
Eli Manning,NYG,2007,4,REG,W
Tom Brady,NE,2007,4,REG,W
Matt Schaub,HOU,2007,5,REG,W
David Garrard,JAX,2007,5,REG,W
Tom Brady,NE,2007,5,REG,W
David Carr,CAR,2007,5,REG,W
Eli Manning,NYG,2007,5,REG,W
Ben Roethlisberger,PIT,2007,5,REG,W
Matt Leinart,ARI,2007,5,REG,W
Vince Young,TEN,2007,5,REG,W
Jason Campbell,WAS,2007,5,REG,W
Peyton Manning,IND,2007,5,REG,W
Philip Rivers,SD,2007,5,REG,W
Steve McNair,BAL,2007,5,REG,W
Brian Griese,CHI,2007,5,REG,W
Tony Romo,DAL,2007,5,REG,W
Kyle Boller,BAL,2007,6,REG,W
Tarvaris Jackson,MIN,2007,6,REG,W
Derek Anderson,CLE,2007,6,REG,W
Brett Favre,GB,2007,6,REG,W
David Garrard,JAX,2007,6,REG,W
Damon Huard,KC,2007,6,REG,W
Donovan McNabb,PHI,2007,6,REG,W
Jeff Garcia,TB,2007,6,REG,W
Vinny Testaverde,CAR,2007,6,REG,W
Tom Brady,NE,2007,6,REG,W
Philip Rivers,SD,2007,6,REG,W
Drew Brees,NO,2007,6,REG,W
Eli Manning,NYG,2007,6,REG,W
Trent Edwards,BUF,2007,7,REG,W
Jon Kitna,DET,2007,7,REG,W
Kerry Collins,TEN,2007,7,REG,W
Tom Brady,NE,2007,7,REG,W
Drew Brees,NO,2007,7,REG,W
Eli Manning,NYG,2007,7,REG,W
Jason Campbell,WAS,2007,7,REG,W
Carson Palmer,CIN,2007,7,REG,W
Damon Huard,KC,2007,7,REG,W
Tony Romo,DAL,2007,7,REG,W
Brian Griese,CHI,2007,7,REG,W
Matt Hasselbeck,SEA,2007,7,REG,W
Jay Cutler,DEN,2007,7,REG,W
Peyton Manning,IND,2007,7,REG,W
Peyton Manning,IND,2007,8,REG,W
Jon Kitna,DET,2007,8,REG,W
Ben Roethlisberger,PIT,2007,8,REG,W
Eli Manning,NYG,2007,8,REG,W
Donovan McNabb,PHI,2007,8,REG,W
Derek Anderson,CLE,2007,8,REG,W
Vince Young,TEN,2007,8,REG,W
Trent Edwards,BUF,2007,8,REG,W
Philip Rivers,SD,2007,8,REG,W
Quinn Gray,JAX,2007,8,REG,W
Tom Brady,NE,2007,8,REG,W
Drew Brees,NO,2007,8,REG,W
Brett Favre,GB,2007,8,REG,W
Joey Harrington,ATL,2007,9,REG,W
J.P. Losman,BUF,2007,9,REG,W
Jon Kitna,DET,2007,9,REG,W
Brett Favre,GB,2007,9,REG,W
Tarvaris Jackson,MIN,2007,9,REG,W
Drew Brees,NO,2007,9,REG,W
Jason Campbell,WAS,2007,9,REG,W
Jeff Garcia,TB,2007,9,REG,W
Vince Young,TEN,2007,9,REG,W
Derek Anderson,CLE,2007,9,REG,W
Tom Brady,NE,2007,9,REG,W
Sage Rosenfels,HOU,2007,9,REG,W
Tony Romo,DAL,2007,9,REG,W
Ben Roethlisberger,PIT,2007,9,REG,W
Joey Harrington,ATL,2007,10,REG,W
Brett Favre,GB,2007,10,REG,W
Jay Cutler,DEN,2007,10,REG,W
J.P. Losman,BUF,2007,10,REG,W
Marc Bulger,STL,2007,10,REG,W
Ben Roethlisberger,PIT,2007,10,REG,W
Quinn Gray,JAX,2007,10,REG,W
Donovan McNabb,PHI,2007,10,REG,W
Carson Palmer,CIN,2007,10,REG,W
Kurt Warner,ARI,2007,10,REG,W
Tony Romo,DAL,2007,10,REG,W
Brian Griese,CHI,2007,10,REG,W
Philip Rivers,SD,2007,10,REG,W
Matt Hasselbeck,SEA,2007,10,REG,W
Jeff Garcia,TB,2007,11,REG,W
Derek Anderson,CLE,2007,11,REG,W
Kurt Warner,ARI,2007,11,REG,W
Eli Manning,NYG,2007,11,REG,W
Brett Favre,GB,2007,11,REG,W
Matt Schaub,HOU,2007,11,REG,W
Peyton Manning,IND,2007,11,REG,W
David Garrard,JAX,2007,11,REG,W
Tarvaris Jackson,MIN,2007,11,REG,W
Donovan McNabb,PHI,2007,11,REG,W
Kellen Clemens,NYJ,2007,11,REG,W
Tony Romo,DAL,2007,11,REG,W
Matt Hasselbeck,SEA,2007,11,REG,W
Marc Bulger,STL,2007,11,REG,W
Tom Brady,NE,2007,11,REG,W
Jay Cutler,DEN,2007,11,REG,W
Brett Favre,GB,2007,12,REG,W
Tony Romo,DAL,2007,12,REG,W
Peyton Manning,IND,2007,12,REG,W
Drew Brees,NO,2007,12,REG,W
Carson Palmer,CIN,2007,12,REG,W
Derek Anderson,CLE,2007,12,REG,W
David Garrard,JAX,2007,12,REG,W
Daunte Culpepper,OAK,2007,12,REG,W
Tarvaris Jackson,MIN,2007,12,REG,W
Matt Hasselbeck,SEA,2007,12,REG,W
Jeff Garcia,TB,2007,12,REG,W
Trent Dilfer,SF,2007,12,REG,W
Rex Grossman,CHI,2007,12,REG,W
Philip Rivers,SD,2007,12,REG,W
Tom Brady,NE,2007,12,REG,W
Ben Roethlisberger,PIT,2007,12,REG,W
Tony Romo,DAL,2007,13,REG,W
Vinny Testaverde,CAR,2007,13,REG,W
Peyton Manning,IND,2007,13,REG,W
Philip Rivers,SD,2007,13,REG,W
Kellen Clemens,NYJ,2007,13,REG,W
Tarvaris Jackson,MIN,2007,13,REG,W
Matt Hasselbeck,SEA,2007,13,REG,W
Gus Frerotte,STL,2007,13,REG,W
Vince Young,TEN,2007,13,REG,W
Trent Edwards,BUF,2007,13,REG,W
Kurt Warner,ARI,2007,13,REG,W
Josh McCown,OAK,2007,13,REG,W
Eli Manning,NYG,2007,13,REG,W
Luke McCown,TB,2007,13,REG,W
Ben Roethlisberger,PIT,2007,13,REG,W
Tom Brady,NE,2007,13,REG,W
Jason Campbell,WAS,2007,14,REG,W
Trent Edwards,BUF,2007,14,REG,W
Carson Palmer,CIN,2007,14,REG,W
Tony Romo,DAL,2007,14,REG,W
Brett Favre,GB,2007,14,REG,W
Sage Rosenfels,HOU,2007,14,REG,W
David Garrard,JAX,2007,14,REG,W
Eli Manning,NYG,2007,14,REG,W
Philip Rivers,SD,2007,14,REG,W
Matt Hasselbeck,SEA,2007,14,REG,W
Tarvaris Jackson,MIN,2007,14,REG,W
Jay Cutler,DEN,2007,14,REG,W
Tom Brady,NE,2007,14,REG,W
Derek Anderson,CLE,2007,14,REG,W
Peyton Manning,IND,2007,14,REG,W
Drew Brees,NO,2007,14,REG,W
Sage Rosenfels,HOU,2007,15,REG,W
Shaun Hill,SF,2007,15,REG,W
Matt Moore,CAR,2007,15,REG,W
Derek Anderson,CLE,2007,15,REG,W
Vince Young,TEN,2007,15,REG,W
Cleo Lemon,MIA,2007,15,REG,W
Tom Brady,NE,2007,15,REG,W
Drew Brees,NO,2007,15,REG,W
David Garrard,JAX,2007,15,REG,W
Brett Favre,GB,2007,15,REG,W
Jeff Garcia,TB,2007,15,REG,W
Peyton Manning,IND,2007,15,REG,W
Donovan McNabb,PHI,2007,15,REG,W
Philip Rivers,SD,2007,15,REG,W
Todd Collins,WAS,2007,15,REG,W
Tarvaris Jackson,MIN,2007,15,REG,W
Ben Roethlisberger,PIT,2007,16,REG,W
Tony Romo,DAL,2007,16,REG,W
Eli Manning,NYG,2007,16,REG,W
Kyle Orton,CHI,2007,16,REG,W
Carson Palmer,CIN,2007,16,REG,W
Jon Kitna,DET,2007,16,REG,W
Peyton Manning,IND,2007,16,REG,W
David Garrard,JAX,2007,16,REG,W
Donovan McNabb,PHI,2007,16,REG,W
Kurt Warner,ARI,2007,16,REG,W
Shaun Hill,SF,2007,16,REG,W
Tom Brady,NE,2007,16,REG,W
Matt Hasselbeck,SEA,2007,16,REG,W
Vince Young,TEN,2007,16,REG,W
Todd Collins,WAS,2007,16,REG,W
Philip Rivers,SD,2007,16,REG,W
Tom Brady,NE,2007,17,REG,W
Chris Redman,ATL,2007,17,REG,W
Kyle Orton,CHI,2007,17,REG,W
Derek Anderson,CLE,2007,17,REG,W
Brett Favre,GB,2007,17,REG,W
Sage Rosenfels,HOU,2007,17,REG,W
Carson Palmer,CIN,2007,17,REG,W
Donovan McNabb,PHI,2007,17,REG,W
Matt Moore,CAR,2007,17,REG,W
Kurt Warner,ARI,2007,17,REG,W
Troy Smith,BAL,2007,17,REG,W
Jay Cutler,DEN,2007,17,REG,W
Kellen Clemens,NYJ,2007,17,REG,W
Philip Rivers,SD,2007,17,REG,W
Todd Collins,WAS,2007,17,REG,W
Vince Young,TEN,2007,17,REG,W
Matt Hasselbeck,SEA,2007,18,WC,W
David Garrard,JAX,2007,18,WC,W
Eli Manning,NYG,2007,18,WC,W
Philip Rivers,SD,2007,18,WC,W
Brett Favre,GB,2007,19,DIV,W
Tom Brady,NE,2007,19,DIV,W
Philip Rivers,SD,2007,19,DIV,W
Eli Manning,NYG,2007,19,DIV,W
Tom Brady,NE,2007,20,CON,W
Eli Manning,NYG,2007,20,CON,W
Eli Manning,NYG,2007,21,SB,W
Eli Manning,NYG,2008,1,REG,W
Matt Ryan,ATL,2008,1,REG,W
Joe Flacco,BAL,2008,1,REG,W
Trent Edwards,BUF,2008,1,REG,W
Brett Favre,NYJ,2008,1,REG,W
Tom Brady,NE,2008,1,REG,W
Drew Brees,NO,2008,1,REG,W
Donovan McNabb,PHI,2008,1,REG,W
Ben Roethlisberger,PIT,2008,1,REG,W
Vince Young,TEN,2008,1,REG,W
Tony Romo,DAL,2008,1,REG,W
Jake Delhomme,CAR,2008,1,REG,W
Kurt Warner,ARI,2008,1,REG,W
Kyle Orton,CHI,2008,1,REG,W
Aaron Rodgers,GB,2008,1,REG,W
Jay Cutler,DEN,2008,1,REG,W
Jake Delhomme,CAR,2008,2,REG,W
Kerry Collins,TEN,2008,2,REG,W
Aaron Rodgers,GB,2008,2,REG,W
Trent Edwards,BUF,2008,2,REG,W
JaMarcus Russell,OAK,2008,2,REG,W
Peyton Manning,IND,2008,2,REG,W
Eli Manning,NYG,2008,2,REG,W
Jason Campbell,WAS,2008,2,REG,W
J.T. O'Sullivan,SF,2008,2,REG,W
Brian Griese,TB,2008,2,REG,W
Kurt Warner,ARI,2008,2,REG,W
Jay Cutler,DEN,2008,2,REG,W
Matt Cassel,NE,2008,2,REG,W
Ben Roethlisberger,PIT,2008,2,REG,W
Tony Romo,DAL,2008,2,REG,W
Matt Ryan,ATL,2008,3,REG,W
Trent Edwards,BUF,2008,3,REG,W
Brian Griese,TB,2008,3,REG,W
Gus Frerotte,MIN,2008,3,REG,W
Chad Pennington,MIA,2008,3,REG,W
Eli Manning,NYG,2008,3,REG,W
Kerry Collins,TEN,2008,3,REG,W
Jason Campbell,WAS,2008,3,REG,W
Jay Cutler,DEN,2008,3,REG,W
Matt Hasselbeck,SEA,2008,3,REG,W
J.T. O'Sullivan,SF,2008,3,REG,W
Joe Flacco,BAL,2008,3,REG,W
David Garrard,JAX,2008,3,REG,W
Donovan McNabb,PHI,2008,3,REG,W
Tony Romo,DAL,2008,3,REG,W
Philip Rivers,SD,2008,3,REG,W
Jake Delhomme,CAR,2008,4,REG,W
Derek Anderson,CLE,2008,4,REG,W
David Garrard,JAX,2008,4,REG,W
Damon Huard,KC,2008,4,REG,W
Drew Brees,NO,2008,4,REG,W
Brett Favre,NYJ,2008,4,REG,W
Brian Griese,TB,2008,4,REG,W
Kerry Collins,TEN,2008,4,REG,W
Philip Rivers,SD,2008,4,REG,W
Trent Edwards,BUF,2008,4,REG,W
Jason Campbell,WAS,2008,4,REG,W
Kyle Orton,CHI,2008,4,REG,W
Ben Roethlisberger,PIT,2008,4,REG,W
Kerry Collins,TEN,2008,5,REG,W
Jake Delhomme,CAR,2008,5,REG,W
Kyle Orton,CHI,2008,5,REG,W
Matt Ryan,ATL,2008,5,REG,W
Peyton Manning,IND,2008,5,REG,W
Chad Pennington,MIA,2008,5,REG,W
Eli Manning,NYG,2008,5,REG,W
Jason Campbell,WAS,2008,5,REG,W
Jay Cutler,DEN,2008,5,REG,W
Kurt Warner,ARI,2008,5,REG,W
Tony Romo,DAL,2008,5,REG,W
Matt Cassel,NE,2008,5,REG,W
Ben Roethlisberger,PIT,2008,5,REG,W
Gus Frerotte,MIN,2008,5,REG,W
Matt Ryan,ATL,2008,6,REG,W
Matt Schaub,HOU,2008,6,REG,W
Peyton Manning,IND,2008,6,REG,W
Gus Frerotte,MIN,2008,6,REG,W
Drew Brees,NO,2008,6,REG,W
Brett Favre,NYJ,2008,6,REG,W
Jeff Garcia,TB,2008,6,REG,W
Marc Bulger,STL,2008,6,REG,W
David Garrard,JAX,2008,6,REG,W
Kurt Warner,ARI,2008,6,REG,W
Aaron Rodgers,GB,2008,6,REG,W
Donovan McNabb,PHI,2008,6,REG,W
Philip Rivers,SD,2008,6,REG,W
Derek Anderson,CLE,2008,6,REG,W
Trent Edwards,BUF,2008,7,REG,W
Jake Delhomme,CAR,2008,7,REG,W
Kyle Orton,CHI,2008,7,REG,W
Ben Roethlisberger,PIT,2008,7,REG,W
Kerry Collins,TEN,2008,7,REG,W
Joe Flacco,BAL,2008,7,REG,W
Eli Manning,NYG,2008,7,REG,W
Marc Bulger,STL,2008,7,REG,W
Matt Schaub,HOU,2008,7,REG,W
Aaron Rodgers,GB,2008,7,REG,W
JaMarcus Russell,OAK,2008,7,REG,W
Jason Campbell,WAS,2008,7,REG,W
Jeff Garcia,TB,2008,7,REG,W
Matt Cassel,NE,2008,7,REG,W
Joe Flacco,BAL,2008,8,REG,W
Jake Delhomme,CAR,2008,8,REG,W
Brad Johnson,DAL,2008,8,REG,W
Jason Campbell,WAS,2008,8,REG,W
Chad Pennington,MIA,2008,8,REG,W
Matt Cassel,NE,2008,8,REG,W
Drew Brees,NO,2008,8,REG,W
Brett Favre,NYJ,2008,8,REG,W
Donovan McNabb,PHI,2008,8,REG,W
Matt Schaub,HOU,2008,8,REG,W
Derek Anderson,CLE,2008,8,REG,W
Eli Manning,NYG,2008,8,REG,W
Seneca Wallace,SEA,2008,8,REG,W
Kerry Collins,TEN,2008,8,REG,W
Brett Favre,NYJ,2008,9,REG,W
Kyle Orton,CHI,2008,9,REG,W
Ryan Fitzpatrick,CIN,2008,9,REG,W
Joe Flacco,BAL,2008,9,REG,W
Jeff Garcia,TB,2008,9,REG,W
Gus Frerotte,MIN,2008,9,REG,W
Kurt Warner,ARI,2008,9,REG,W
Kerry Collins,TEN,2008,9,REG,W
Chad Pennington,MIA,2008,9,REG,W
Eli Manning,NYG,2008,9,REG,W
Matt Ryan,ATL,2008,9,REG,W
Donovan McNabb,PHI,2008,9,REG,W
Peyton Manning,IND,2008,9,REG,W
Ben Roethlisberger,PIT,2008,9,REG,W
Jay Cutler,DEN,2008,10,REG,W
Matt Ryan,ATL,2008,10,REG,W
Kerry Collins,TEN,2008,10,REG,W
David Garrard,JAX,2008,10,REG,W
Joe Flacco,BAL,2008,10,REG,W
Chad Pennington,MIA,2008,10,REG,W
Gus Frerotte,MIN,2008,10,REG,W
Matt Cassel,NE,2008,10,REG,W
Brett Favre,NYJ,2008,10,REG,W
Jake Delhomme,CAR,2008,10,REG,W
Peyton Manning,IND,2008,10,REG,W
Philip Rivers,SD,2008,10,REG,W
Eli Manning,NYG,2008,10,REG,W
Kurt Warner,ARI,2008,10,REG,W
Brett Favre,NYJ,2008,11,REG,W
Jay Cutler,DEN,2008,11,REG,W
Jake Delhomme,CAR,2008,11,REG,W
Ryan Fitzpatrick,CIN,2008,11,REG,W
Aaron Rodgers,GB,2008,11,REG,W
Peyton Manning,IND,2008,11,REG,W
Drew Brees,NO,2008,11,REG,W
Chad Pennington,MIA,2008,11,REG,W
Eli Manning,NYG,2008,11,REG,W
Jeff Garcia,TB,2008,11,REG,W
Kurt Warner,ARI,2008,11,REG,W
Shaun Hill,SF,2008,11,REG,W
Kerry Collins,TEN,2008,11,REG,W
Ben Roethlisberger,PIT,2008,11,REG,W
Tony Romo,DAL,2008,11,REG,W
Brady Quinn,CLE,2008,11,REG,W
Ben Roethlisberger,PIT,2008,12,REG,W
Joe Flacco,BAL,2008,12,REG,W
Sage Rosenfels,HOU,2008,12,REG,W
Tony Romo,DAL,2008,12,REG,W
Jeff Garcia,TB,2008,12,REG,W
Gus Frerotte,MIN,2008,12,REG,W
Trent Edwards,BUF,2008,12,REG,W
Matt Cassel,NE,2008,12,REG,W
Kyle Orton,CHI,2008,12,REG,W
Brett Favre,NYJ,2008,12,REG,W
JaMarcus Russell,OAK,2008,12,REG,W
Eli Manning,NYG,2008,12,REG,W
Matt Ryan,ATL,2008,12,REG,W
Jason Campbell,WAS,2008,12,REG,W
Peyton Manning,IND,2008,12,REG,W
Drew Brees,NO,2008,12,REG,W
Kerry Collins,TEN,2008,13,REG,W
Tony Romo,DAL,2008,13,REG,W
Donovan McNabb,PHI,2008,13,REG,W
Shaun Hill,SF,2008,13,REG,W
Joe Flacco,BAL,2008,13,REG,W
Peyton Manning,IND,2008,13,REG,W
Jake Delhomme,CAR,2008,13,REG,W
Chad Pennington,MIA,2008,13,REG,W
Jeff Garcia,TB,2008,13,REG,W
Eli Manning,NYG,2008,13,REG,W
Matt Ryan,ATL,2008,13,REG,W
Ben Roethlisberger,PIT,2008,13,REG,W
Jay Cutler,DEN,2008,13,REG,W
Tyler Thigpen,KC,2008,13,REG,W
Gus Frerotte,MIN,2008,13,REG,W
Sage Rosenfels,HOU,2008,13,REG,W
Philip Rivers,SD,2008,14,REG,W
Kyle Orton,CHI,2008,14,REG,W
Gus Frerotte,MIN,2008,14,REG,W
Matt Schaub,HOU,2008,14,REG,W
Peyton Manning,IND,2008,14,REG,W
Drew Brees,NO,2008,14,REG,W
Donovan McNabb,PHI,2008,14,REG,W
Kerry Collins,TEN,2008,14,REG,W
Chad Pennington,MIA,2008,14,REG,W
Jay Cutler,DEN,2008,14,REG,W
Matt Cassel,NE,2008,14,REG,W
Shaun Hill,SF,2008,14,REG,W
Kurt Warner,ARI,2008,14,REG,W
Ben Roethlisberger,PIT,2008,14,REG,W
Joe Flacco,BAL,2008,14,REG,W
Jake Delhomme,CAR,2008,14,REG,W
Kyle Orton,CHI,2008,15,REG,W
Matt Ryan,ATL,2008,15,REG,W
Ryan Fitzpatrick,CIN,2008,15,REG,W
Matt Schaub,HOU,2008,15,REG,W
Peyton Manning,IND,2008,15,REG,W
David Garrard,JAX,2008,15,REG,W
Philip Rivers,SD,2008,15,REG,W
Chad Pennington,MIA,2008,15,REG,W
Brett Favre,NYJ,2008,15,REG,W
Seneca Wallace,SEA,2008,15,REG,W
Tarvaris Jackson,MIN,2008,15,REG,W
Ben Roethlisberger,PIT,2008,15,REG,W
Jake Delhomme,CAR,2008,15,REG,W
Matt Cassel,NE,2008,15,REG,W
Tony Romo,DAL,2008,15,REG,W
Donovan McNabb,PHI,2008,15,REG,W
Peyton Manning,IND,2008,16,REG,W
Joe Flacco,BAL,2008,16,REG,W
Ryan Fitzpatrick,CIN,2008,16,REG,W
Drew Brees,NO,2008,16,REG,W
Chad Pennington,MIA,2008,16,REG,W
Matt Cassel,NE,2008,16,REG,W
Shaun Hill,SF,2008,16,REG,W
Philip Rivers,SD,2008,16,REG,W
Kerry Collins,TEN,2008,16,REG,W
Trent Edwards,BUF,2008,16,REG,W
JaMarcus Russell,OAK,2008,16,REG,W
Seneca Wallace,SEA,2008,16,REG,W
Matt Ryan,ATL,2008,16,REG,W
Jason Campbell,WAS,2008,16,REG,W
Eli Manning,NYG,2008,16,REG,W
Kyle Orton,CHI,2008,16,REG,W
Matt Ryan,ATL,2008,17,REG,W
Matt Cassel,NE,2008,17,REG,W
Ryan Fitzpatrick,CIN,2008,17,REG,W
Aaron Rodgers,GB,2008,17,REG,W
Matt Schaub,HOU,2008,17,REG,W
Jim Sorgi,IND,2008,17,REG,W
Tarvaris Jackson,MIN,2008,17,REG,W
Jake Delhomme,CAR,2008,17,REG,W
Ben Roethlisberger,PIT,2008,17,REG,W
JaMarcus Russell,OAK,2008,17,REG,W
Kurt Warner,ARI,2008,17,REG,W
Joe Flacco,BAL,2008,17,REG,W
Chad Pennington,MIA,2008,17,REG,W
Donovan McNabb,PHI,2008,17,REG,W
Shaun Hill,SF,2008,17,REG,W
Philip Rivers,SD,2008,17,REG,W
Kurt Warner,ARI,2008,18,WC,W
Philip Rivers,SD,2008,18,WC,W
Joe Flacco,BAL,2008,18,WC,W
Donovan McNabb,PHI,2008,18,WC,W
Joe Flacco,BAL,2008,19,DIV,W
Kurt Warner,ARI,2008,19,DIV,W
Donovan McNabb,PHI,2008,19,DIV,W
Ben Roethlisberger,PIT,2008,19,DIV,W
Kurt Warner,ARI,2008,20,CON,W
Ben Roethlisberger,PIT,2008,20,CON,W
Ben Roethlisberger,PIT,2008,21,SB,W
Ben Roethlisberger,PIT,2009,1,REG,W
Matt Ryan,ATL,2009,1,REG,W
Joe Flacco,BAL,2009,1,REG,W
Donovan McNabb,PHI,2009,1,REG,W
Kyle Orton,DEN,2009,1,REG,W
Brett Favre,MIN,2009,1,REG,W
Mark Sanchez,NYJ,2009,1,REG,W
Peyton Manning,IND,2009,1,REG,W
Drew Brees,NO,2009,1,REG,W
Tony Romo,DAL,2009,1,REG,W
Shaun Hill,SF,2009,1,REG,W
Eli Manning,NYG,2009,1,REG,W
Matt Hasselbeck,SEA,2009,1,REG,W
Aaron Rodgers,GB,2009,1,REG,W
Tom Brady,NE,2009,1,REG,W
Philip Rivers,SD,2009,1,REG,W
Matt Ryan,ATL,2009,2,REG,W
Brett Favre,MIN,2009,2,REG,W
Carson Palmer,CIN,2009,2,REG,W
Kurt Warner,ARI,2009,2,REG,W
JaMarcus Russell,OAK,2009,2,REG,W
Mark Sanchez,NYJ,2009,2,REG,W
Drew Brees,NO,2009,2,REG,W
Matt Schaub,HOU,2009,2,REG,W
Jason Campbell,WAS,2009,2,REG,W
Trent Edwards,BUF,2009,2,REG,W
Shaun Hill,SF,2009,2,REG,W
Jay Cutler,CHI,2009,2,REG,W
Kyle Orton,DEN,2009,2,REG,W
Joe Flacco,BAL,2009,2,REG,W
Eli Manning,NYG,2009,2,REG,W
Peyton Manning,IND,2009,2,REG,W
Joe Flacco,BAL,2009,3,REG,W
Matthew Stafford,DET,2009,3,REG,W
David Garrard,JAX,2009,3,REG,W
Brett Favre,MIN,2009,3,REG,W
Tom Brady,NE,2009,3,REG,W
Mark Sanchez,NYJ,2009,3,REG,W
Kevin Kolb,PHI,2009,3,REG,W
Aaron Rodgers,GB,2009,3,REG,W
Eli Manning,NYG,2009,3,REG,W
Drew Brees,NO,2009,3,REG,W
Jay Cutler,CHI,2009,3,REG,W
Carson Palmer,CIN,2009,3,REG,W
Kyle Orton,DEN,2009,3,REG,W
Philip Rivers,SD,2009,3,REG,W
Peyton Manning,IND,2009,3,REG,W
Tony Romo,DAL,2009,3,REG,W
Jay Cutler,CHI,2009,4,REG,W
Carson Palmer,CIN,2009,4,REG,W
Matt Schaub,HOU,2009,4,REG,W
Peyton Manning,IND,2009,4,REG,W
David Garrard,JAX,2009,4,REG,W
Eli Manning,NYG,2009,4,REG,W
Tom Brady,NE,2009,4,REG,W
Jason Campbell,WAS,2009,4,REG,W
Chad Henne,MIA,2009,4,REG,W
Drew Brees,NO,2009,4,REG,W
Kyle Orton,DEN,2009,4,REG,W
Shaun Hill,SF,2009,4,REG,W
Ben Roethlisberger,PIT,2009,4,REG,W
Brett Favre,MIN,2009,4,REG,W
Carson Palmer,CIN,2009,5,REG,W
Derek Anderson,CLE,2009,5,REG,W
Jake Delhomme,CAR,2009,5,REG,W
Ben Roethlisberger,PIT,2009,5,REG,W
Tony Romo,DAL,2009,5,REG,W
Eli Manning,NYG,2009,5,REG,W
Donovan McNabb,PHI,2009,5,REG,W
Brett Favre,MIN,2009,5,REG,W
Matt Ryan,ATL,2009,5,REG,W
Kurt Warner,ARI,2009,5,REG,W
Kyle Orton,DEN,2009,5,REG,W
Matt Hasselbeck,SEA,2009,5,REG,W
Peyton Manning,IND,2009,5,REG,W
Chad Henne,MIA,2009,5,REG,W
Matt Schaub,HOU,2009,6,REG,W
Aaron Rodgers,GB,2009,6,REG,W
David Garrard,JAX,2009,6,REG,W
Brett Favre,MIN,2009,6,REG,W
Drew Brees,NO,2009,6,REG,W
Ben Roethlisberger,PIT,2009,6,REG,W
Jake Delhomme,CAR,2009,6,REG,W
Matt Cassel,KC,2009,6,REG,W
JaMarcus Russell,OAK,2009,6,REG,W
Kurt Warner,ARI,2009,6,REG,W
Tom Brady,NE,2009,6,REG,W
Trent Edwards,BUF,2009,6,REG,W
Matt Ryan,ATL,2009,6,REG,W
Kyle Orton,DEN,2009,6,REG,W
Aaron Rodgers,GB,2009,7,REG,W
Matt Schaub,HOU,2009,7,REG,W
Philip Rivers,SD,2009,7,REG,W
Ben Roethlisberger,PIT,2009,7,REG,W
Peyton Manning,IND,2009,7,REG,W
Tom Brady,NE,2009,7,REG,W
Ryan Fitzpatrick,BUF,2009,7,REG,W
Mark Sanchez,NYJ,2009,7,REG,W
Carson Palmer,CIN,2009,7,REG,W
Tony Romo,DAL,2009,7,REG,W
Drew Brees,NO,2009,7,REG,W
Kurt Warner,ARI,2009,7,REG,W
Donovan McNabb,PHI,2009,7,REG,W
Joe Flacco,BAL,2009,8,REG,W
Matt Schaub,HOU,2009,8,REG,W
Jay Cutler,CHI,2009,8,REG,W
Tony Romo,DAL,2009,8,REG,W
Marc Bulger,STL,2009,8,REG,W
Peyton Manning,IND,2009,8,REG,W
Chad Henne,MIA,2009,8,REG,W
Donovan McNabb,PHI,2009,8,REG,W
Philip Rivers,SD,2009,8,REG,W
Vince Young,TEN,2009,8,REG,W
Jake Delhomme,CAR,2009,8,REG,W
Brett Favre,MIN,2009,8,REG,W
Drew Brees,NO,2009,8,REG,W
Matt Ryan,ATL,2009,9,REG,W
Kurt Warner,ARI,2009,9,REG,W
Carson Palmer,CIN,2009,9,REG,W
Peyton Manning,IND,2009,9,REG,W
David Garrard,JAX,2009,9,REG,W
Tom Brady,NE,2009,9,REG,W
Josh Freeman,TB,2009,9,REG,W
Drew Brees,NO,2009,9,REG,W
Matt Hasselbeck,SEA,2009,9,REG,W
Philip Rivers,SD,2009,9,REG,W
Vince Young,TEN,2009,9,REG,W
Tony Romo,DAL,2009,9,REG,W
Ben Roethlisberger,PIT,2009,9,REG,W
Alex Smith,SF,2009,10,REG,W
Jake Delhomme,CAR,2009,10,REG,W
Chad Henne,MIA,2009,10,REG,W
Brett Favre,MIN,2009,10,REG,W
David Garrard,JAX,2009,10,REG,W
Carson Palmer,CIN,2009,10,REG,W
Drew Brees,NO,2009,10,REG,W
Vince Young,TEN,2009,10,REG,W
Jason Campbell,WAS,2009,10,REG,W
Matt Cassel,KC,2009,10,REG,W
Kurt Warner,ARI,2009,10,REG,W
Aaron Rodgers,GB,2009,10,REG,W
Philip Rivers,SD,2009,10,REG,W
Peyton Manning,IND,2009,10,REG,W
Joe Flacco,BAL,2009,10,REG,W
Chad Henne,MIA,2009,11,REG,W
Peyton Manning,IND,2009,11,REG,W
Tony Romo,DAL,2009,11,REG,W
Matthew Stafford,DET,2009,11,REG,W
Aaron Rodgers,GB,2009,11,REG,W
David Garrard,JAX,2009,11,REG,W
Matt Cassel,KC,2009,11,REG,W
Brett Favre,MIN,2009,11,REG,W
Eli Manning,NYG,2009,11,REG,W
Drew Brees,NO,2009,11,REG,W
Kurt Warner,ARI,2009,11,REG,W
Philip Rivers,SD,2009,11,REG,W
Tom Brady,NE,2009,11,REG,W
Bruce Gradkowski,OAK,2009,11,REG,W
Donovan McNabb,PHI,2009,11,REG,W
Vince Young,TEN,2009,11,REG,W
Aaron Rodgers,GB,2009,12,REG,W
Tony Romo,DAL,2009,12,REG,W
Kyle Orton,DEN,2009,12,REG,W
Matt Ryan,ATL,2009,12,REG,W
Ryan Fitzpatrick,BUF,2009,12,REG,W
Carson Palmer,CIN,2009,12,REG,W
Peyton Manning,IND,2009,12,REG,W
Mark Sanchez,NYJ,2009,12,REG,W
Donovan McNabb,PHI,2009,12,REG,W
Matt Hasselbeck,SEA,2009,12,REG,W
Philip Rivers,SD,2009,12,REG,W
Alex Smith,SF,2009,12,REG,W
Brett Favre,MIN,2009,12,REG,W
Vince Young,TEN,2009,12,REG,W
Joe Flacco,BAL,2009,12,REG,W
Drew Brees,NO,2009,12,REG,W
Mark Sanchez,NYJ,2009,13,REG,W
Donovan McNabb,PHI,2009,13,REG,W
Matt Moore,CAR,2009,13,REG,W
Jay Cutler,CHI,2009,13,REG,W
Carson Palmer,CIN,2009,13,REG,W
Peyton Manning,IND,2009,13,REG,W
David Garrard,JAX,2009,13,REG,W
Kyle Orton,DEN,2009,13,REG,W
Chad Henne,MIA,2009,13,REG,W
Bruce Gradkowski,OAK,2009,13,REG,W
Drew Brees,NO,2009,13,REG,W
Philip Rivers,SD,2009,13,REG,W
Eli Manning,NYG,2009,13,REG,W
Matt Hasselbeck,SEA,2009,13,REG,W
Kurt Warner,ARI,2009,13,REG,W
Aaron Rodgers,GB,2009,13,REG,W
Brady Quinn,CLE,2009,14,REG,W
Drew Brees,NO,2009,14,REG,W
Joe Flacco,BAL,2009,14,REG,W
Aaron Rodgers,GB,2009,14,REG,W
Matt Schaub,HOU,2009,14,REG,W
Peyton Manning,IND,2009,14,REG,W
Chad Henne,MIA,2009,14,REG,W
Ryan Fitzpatrick,BUF,2009,14,REG,W
Brett Favre,MIN,2009,14,REG,W
Tom Brady,NE,2009,14,REG,W
Kellen Clemens,NYJ,2009,14,REG,W
Jason Campbell,WAS,2009,14,REG,W
Vince Young,TEN,2009,14,REG,W
Philip Rivers,SD,2009,14,REG,W
Donovan McNabb,PHI,2009,14,REG,W
Alex Smith,SF,2009,14,REG,W
Peyton Manning,IND,2009,15,REG,W
Tony Romo,DAL,2009,15,REG,W
Tom Brady,NE,2009,15,REG,W
Kurt Warner,ARI,2009,15,REG,W
Brady Quinn,CLE,2009,15,REG,W
Matt Ryan,ATL,2009,15,REG,W
Matt Schaub,HOU,2009,15,REG,W
Vince Young,TEN,2009,15,REG,W
Charlie Frye,OAK,2009,15,REG,W
Philip Rivers,SD,2009,15,REG,W
Joe Flacco,BAL,2009,15,REG,W
Donovan McNabb,PHI,2009,15,REG,W
Ben Roethlisberger,PIT,2009,15,REG,W
Josh Freeman,TB,2009,15,REG,W
Matt Moore,CAR,2009,15,REG,W
Eli Manning,NYG,2009,15,REG,W
Philip Rivers,SD,2009,16,REG,W
Matt Ryan,ATL,2009,16,REG,W
Carson Palmer,CIN,2009,16,REG,W
Derek Anderson,CLE,2009,16,REG,W
Aaron Rodgers,GB,2009,16,REG,W
Matt Schaub,HOU,2009,16,REG,W
Tom Brady,NE,2009,16,REG,W
Josh Freeman,TB,2009,16,REG,W
Matt Moore,CAR,2009,16,REG,W
Ben Roethlisberger,PIT,2009,16,REG,W
Kurt Warner,ARI,2009,16,REG,W
Alex Smith,SF,2009,16,REG,W
Mark Sanchez,NYJ,2009,16,REG,W
Donovan McNabb,PHI,2009,16,REG,W
Tony Romo,DAL,2009,16,REG,W
Jay Cutler,CHI,2009,16,REG,W
Ryan Fitzpatrick,BUF,2009,17,REG,W
Matt Moore,CAR,2009,17,REG,W
Derek Anderson,CLE,2009,17,REG,W
Jay Cutler,CHI,2009,17,REG,W
Matt Schaub,HOU,2009,17,REG,W
Ben Roethlisberger,PIT,2009,17,REG,W
Brett Favre,MIN,2009,17,REG,W
Alex Smith,SF,2009,17,REG,W
Matt Ryan,ATL,2009,17,REG,W
Aaron Rodgers,GB,2009,17,REG,W
Tony Romo,DAL,2009,17,REG,W
Matt Cassel,KC,2009,17,REG,W
Joe Flacco,BAL,2009,17,REG,W
Billy Volek,SD,2009,17,REG,W
Vince Young,TEN,2009,17,REG,W
Mark Sanchez,NYJ,2009,17,REG,W
Mark Sanchez,NYJ,2009,18,WC,W
Tony Romo,DAL,2009,18,WC,W
Joe Flacco,BAL,2009,18,WC,W
Kurt Warner,ARI,2009,18,WC,W
Drew Brees,NO,2009,19,DIV,W
Peyton Manning,IND,2009,19,DIV,W
Brett Favre,MIN,2009,19,DIV,W
Mark Sanchez,NYJ,2009,19,DIV,W
Peyton Manning,IND,2009,20,CON,W
Drew Brees,NO,2009,20,CON,W
Drew Brees,NO,2009,21,SB,W
Drew Brees,NO,2010,1,REG,W
Chad Henne,MIA,2010,1,REG,W
Jay Cutler,CHI,2010,1,REG,W
Matt Schaub,HOU,2010,1,REG,W
David Garrard,JAX,2010,1,REG,W
Tom Brady,NE,2010,1,REG,W
Eli Manning,NYG,2010,1,REG,W
Dennis Dixon,PIT,2010,1,REG,W
Josh Freeman,TB,2010,1,REG,W
Vince Young,TEN,2010,1,REG,W
Aaron Rodgers,GB,2010,1,REG,W
Matt Hasselbeck,SEA,2010,1,REG,W
Derek Anderson,ARI,2010,1,REG,W
Donovan McNabb,WAS,2010,1,REG,W
Joe Flacco,BAL,2010,1,REG,W
Matt Cassel,KC,2010,1,REG,W
Matt Ryan,ATL,2010,2,REG,W
Josh Freeman,TB,2010,2,REG,W
Carson Palmer,CIN,2010,2,REG,W
Matt Cassel,KC,2010,2,REG,W
Jay Cutler,CHI,2010,2,REG,W
Michael Vick,PHI,2010,2,REG,W
Aaron Rodgers,GB,2010,2,REG,W
Chad Henne,MIA,2010,2,REG,W
Dennis Dixon,PIT,2010,2,REG,W
Kyle Orton,DEN,2010,2,REG,W
Jason Campbell,OAK,2010,2,REG,W
Mark Sanchez,NYJ,2010,2,REG,W
Philip Rivers,SD,2010,2,REG,W
Matt Schaub,HOU,2010,2,REG,W
Peyton Manning,IND,2010,2,REG,W
Drew Brees,NO,2010,2,REG,W
Joe Flacco,BAL,2010,3,REG,W
Carson Palmer,CIN,2010,3,REG,W
Tony Romo,DAL,2010,3,REG,W
Matt Cassel,KC,2010,3,REG,W
Brett Favre,MIN,2010,3,REG,W
Tom Brady,NE,2010,3,REG,W
Matt Ryan,ATL,2010,3,REG,W
Vince Young,TEN,2010,3,REG,W
Charlie Batch,PIT,2010,3,REG,W
Michael Vick,PHI,2010,3,REG,W
Sam Bradford,STL,2010,3,REG,W
Derek Anderson,ARI,2010,3,REG,W
Peyton Manning,IND,2010,3,REG,W
Matt Hasselbeck,SEA,2010,3,REG,W
Mark Sanchez,NYJ,2010,3,REG,W
Jay Cutler,CHI,2010,3,REG,W
Matt Ryan,ATL,2010,4,REG,W
Mark Sanchez,NYJ,2010,4,REG,W
Seneca Wallace,CLE,2010,4,REG,W
Aaron Rodgers,GB,2010,4,REG,W
Drew Brees,NO,2010,4,REG,W
Joe Flacco,BAL,2010,4,REG,W
Sam Bradford,STL,2010,4,REG,W
Kyle Orton,DEN,2010,4,REG,W
David Garrard,JAX,2010,4,REG,W
Matt Schaub,HOU,2010,4,REG,W
Donovan McNabb,WAS,2010,4,REG,W
Philip Rivers,SD,2010,4,REG,W
Eli Manning,NYG,2010,4,REG,W
Tom Brady,NE,2010,4,REG,W
Joe Flacco,BAL,2010,5,REG,W
David Garrard,JAX,2010,5,REG,W
Todd Collins,CHI,2010,5,REG,W
Josh Freeman,TB,2010,5,REG,W
Matt Ryan,ATL,2010,5,REG,W
Shaun Hill,DET,2010,5,REG,W
Eli Manning,NYG,2010,5,REG,W
Peyton Manning,IND,2010,5,REG,W
Donovan McNabb,WAS,2010,5,REG,W
Max Hall,ARI,2010,5,REG,W
Vince Young,TEN,2010,5,REG,W
Bruce Gradkowski,OAK,2010,5,REG,W
Kevin Kolb,PHI,2010,5,REG,W
Mark Sanchez,NYJ,2010,5,REG,W
Matt Hasselbeck,SEA,2010,6,REG,W
Chad Henne,MIA,2010,6,REG,W
Matt Schaub,HOU,2010,6,REG,W
Tom Brady,NE,2010,6,REG,W
Eli Manning,NYG,2010,6,REG,W
Kevin Kolb,PHI,2010,6,REG,W
Ben Roethlisberger,PIT,2010,6,REG,W
Sam Bradford,STL,2010,6,REG,W
Drew Brees,NO,2010,6,REG,W
Mark Sanchez,NYJ,2010,6,REG,W
Alex Smith,SF,2010,6,REG,W
Brett Favre,MIN,2010,6,REG,W
Peyton Manning,IND,2010,6,REG,W
Vince Young,TEN,2010,6,REG,W
Matt Ryan,ATL,2010,7,REG,W
Joe Flacco,BAL,2010,7,REG,W
Matt Moore,CAR,2010,7,REG,W
Donovan McNabb,WAS,2010,7,REG,W
Matt Cassel,KC,2010,7,REG,W
Ben Roethlisberger,PIT,2010,7,REG,W
Colt McCoy,CLE,2010,7,REG,W
Josh Freeman,TB,2010,7,REG,W
Kerry Collins,TEN,2010,7,REG,W
Matt Hasselbeck,SEA,2010,7,REG,W
Jason Campbell,OAK,2010,7,REG,W
Tom Brady,NE,2010,7,REG,W
Aaron Rodgers,GB,2010,7,REG,W
Eli Manning,NYG,2010,7,REG,W
Chad Henne,MIA,2010,8,REG,W
David Garrard,JAX,2010,8,REG,W
Matthew Stafford,DET,2010,8,REG,W
Matt Cassel,KC,2010,8,REG,W
Aaron Rodgers,GB,2010,8,REG,W
Troy Smith,SF,2010,8,REG,W
Sam Bradford,STL,2010,8,REG,W
Philip Rivers,SD,2010,8,REG,W
Josh Freeman,TB,2010,8,REG,W
Tom Brady,NE,2010,8,REG,W
Jason Campbell,OAK,2010,8,REG,W
Drew Brees,NO,2010,8,REG,W
Peyton Manning,IND,2010,8,REG,W
Matt Ryan,ATL,2010,9,REG,W
Joe Flacco,BAL,2010,9,REG,W
Jay Cutler,CHI,2010,9,REG,W
Drew Brees,NO,2010,9,REG,W
Colt McCoy,CLE,2010,9,REG,W
Mark Sanchez,NYJ,2010,9,REG,W
Philip Rivers,SD,2010,9,REG,W
Brett Favre,MIN,2010,9,REG,W
Eli Manning,NYG,2010,9,REG,W
Jason Campbell,OAK,2010,9,REG,W
Michael Vick,PHI,2010,9,REG,W
Aaron Rodgers,GB,2010,9,REG,W
Ben Roethlisberger,PIT,2010,9,REG,W
Matt Ryan,ATL,2010,10,REG,W
Ryan Fitzpatrick,BUF,2010,10,REG,W
Jay Cutler,CHI,2010,10,REG,W
Mark Sanchez,NYJ,2010,10,REG,W
Peyton Manning,IND,2010,10,REG,W
David Garrard,JAX,2010,10,REG,W
Chad Pennington,MIA,2010,10,REG,W
Josh Freeman,TB,2010,10,REG,W
Kyle Orton,DEN,2010,10,REG,W
Matt Hasselbeck,SEA,2010,10,REG,W
Jon Kitna,DAL,2010,10,REG,W
Troy Smith,SF,2010,10,REG,W
Tom Brady,NE,2010,10,REG,W
Michael Vick,PHI,2010,10,REG,W
Jay Cutler,CHI,2010,11,REG,W
Joe Flacco,BAL,2010,11,REG,W
Ryan Fitzpatrick,BUF,2010,11,REG,W
Jon Kitna,DAL,2010,11,REG,W
David Garrard,JAX,2010,11,REG,W
Matt Cassel,KC,2010,11,REG,W
Aaron Rodgers,GB,2010,11,REG,W
Mark Sanchez,NYJ,2010,11,REG,W
Ben Roethlisberger,PIT,2010,11,REG,W
Donovan McNabb,WAS,2010,11,REG,W
Drew Brees,NO,2010,11,REG,W
Josh Freeman,TB,2010,11,REG,W
Matt Ryan,ATL,2010,11,REG,W
Tom Brady,NE,2010,11,REG,W
Michael Vick,PHI,2010,11,REG,W
Philip Rivers,SD,2010,11,REG,W
Tom Brady,NE,2010,12,REG,W
Drew Brees,NO,2010,12,REG,W
Mark Sanchez,NYJ,2010,12,REG,W
Matt Ryan,ATL,2010,12,REG,W
Ben Roethlisberger,PIT,2010,12,REG,W
Jake Delhomme,CLE,2010,12,REG,W
Matt Schaub,HOU,2010,12,REG,W
Eli Manning,NYG,2010,12,REG,W
Brett Favre,MIN,2010,12,REG,W
Chad Henne,MIA,2010,12,REG,W
Matt Cassel,KC,2010,12,REG,W
Joe Flacco,BAL,2010,12,REG,W
Jay Cutler,CHI,2010,12,REG,W
Sam Bradford,STL,2010,12,REG,W
Philip Rivers,SD,2010,12,REG,W
Troy Smith,SF,2010,12,REG,W
Michael Vick,PHI,2010,13,REG,W
Drew Brees,NO,2010,13,REG,W
Jay Cutler,CHI,2010,13,REG,W
Aaron Rodgers,GB,2010,13,REG,W
Matt Cassel,KC,2010,13,REG,W
Jake Delhomme,CLE,2010,13,REG,W
Brett Favre,MIN,2010,13,REG,W
Eli Manning,NYG,2010,13,REG,W
David Garrard,JAX,2010,13,REG,W
Jason Campbell,OAK,2010,13,REG,W
Sam Bradford,STL,2010,13,REG,W
Jon Kitna,DAL,2010,13,REG,W
Matt Hasselbeck,SEA,2010,13,REG,W
Matt Ryan,ATL,2010,13,REG,W
Ben Roethlisberger,PIT,2010,13,REG,W
Tom Brady,NE,2010,13,REG,W
Peyton Manning,IND,2010,14,REG,W
Ryan Fitzpatrick,BUF,2010,14,REG,W
Matt Ryan,ATL,2010,14,REG,W
Drew Stanton,DET,2010,14,REG,W
David Garrard,JAX,2010,14,REG,W
Ben Roethlisberger,PIT,2010,14,REG,W
Josh Freeman,TB,2010,14,REG,W
Drew Brees,NO,2010,14,REG,W
Alex Smith,SF,2010,14,REG,W
John Skelton,ARI,2010,14,REG,W
Tom Brady,NE,2010,14,REG,W
Chad Henne,MIA,2010,14,REG,W
Philip Rivers,SD,2010,14,REG,W
Michael Vick,PHI,2010,14,REG,W
Eli Manning,NYG,2010,14,REG,W
Joe Flacco,BAL,2010,14,REG,W
Philip Rivers,SD,2010,15,REG,W
Joe Flacco,BAL,2010,15,REG,W
Jimmy Clausen,CAR,2010,15,REG,W
Carson Palmer,CIN,2010,15,REG,W
Jon Kitna,DAL,2010,15,REG,W
Peyton Manning,IND,2010,15,REG,W
Ryan Fitzpatrick,BUF,2010,15,REG,W
Michael Vick,PHI,2010,15,REG,W
Matt Cassel,KC,2010,15,REG,W
Drew Stanton,DET,2010,15,REG,W
Kerry Collins,TEN,2010,15,REG,W
Matt Ryan,ATL,2010,15,REG,W
Jason Campbell,OAK,2010,15,REG,W
Mark Sanchez,NYJ,2010,15,REG,W
Tom Brady,NE,2010,15,REG,W
Jay Cutler,CHI,2010,15,REG,W
Ben Roethlisberger,PIT,2010,16,REG,W
John Skelton,ARI,2010,16,REG,W
Tom Brady,NE,2010,16,REG,W
Jay Cutler,CHI,2010,16,REG,W
Joe Flacco,BAL,2010,16,REG,W
Rex Grossman,WAS,2010,16,REG,W
Matt Cassel,KC,2010,16,REG,W
Shaun Hill,DET,2010,16,REG,W
Sam Bradford,STL,2010,16,REG,W
Carson Palmer,CIN,2010,16,REG,W
Tim Tebow,DEN,2010,16,REG,W
Peyton Manning,IND,2010,16,REG,W
Aaron Rodgers,GB,2010,16,REG,W
Josh Freeman,TB,2010,16,REG,W
Drew Brees,NO,2010,16,REG,W
Joe Webb,MIN,2010,16,REG,W
Matt Ryan,ATL,2010,17,REG,W
Joe Flacco,BAL,2010,17,REG,W
Ben Roethlisberger,PIT,2010,17,REG,W
Shaun Hill,DET,2010,17,REG,W
Jason Campbell,OAK,2010,17,REG,W
Tom Brady,NE,2010,17,REG,W
Josh Freeman,TB,2010,17,REG,W
Mark Brunell,NYJ,2010,17,REG,W
Philip Rivers,SD,2010,17,REG,W
Aaron Rodgers,GB,2010,17,REG,W
Matt Schaub,HOU,2010,17,REG,W
Peyton Manning,IND,2010,17,REG,W
Stephen McGee,DAL,2010,17,REG,W
Alex Smith,SF,2010,17,REG,W
Eli Manning,NYG,2010,17,REG,W
Charlie Whitehurst,SEA,2010,17,REG,W
Matt Hasselbeck,SEA,2010,18,WC,W
Mark Sanchez,NYJ,2010,18,WC,W
Joe Flacco,BAL,2010,18,WC,W
Aaron Rodgers,GB,2010,18,WC,W
Ben Roethlisberger,PIT,2010,19,DIV,W
Aaron Rodgers,GB,2010,19,DIV,W
Jay Cutler,CHI,2010,19,DIV,W
Mark Sanchez,NYJ,2010,19,DIV,W
Aaron Rodgers,GB,2010,20,CON,W
Ben Roethlisberger,PIT,2010,20,CON,W
Aaron Rodgers,GB,2010,21,SB,W
Aaron Rodgers,GB,2011,1,REG,W
Joe Flacco,BAL,2011,1,REG,W
Jay Cutler,CHI,2011,1,REG,W
Andy Dalton,CIN,2011,1,REG,W
Matt Schaub,HOU,2011,1,REG,W
Luke McCown,JAX,2011,1,REG,W
Ryan Fitzpatrick,BUF,2011,1,REG,W
Michael Vick,PHI,2011,1,REG,W
Matthew Stafford,DET,2011,1,REG,W
Kevin Kolb,ARI,2011,1,REG,W
Philip Rivers,SD,2011,1,REG,W
Alex Smith,SF,2011,1,REG,W
Rex Grossman,WAS,2011,1,REG,W
Mark Sanchez,NYJ,2011,1,REG,W
Tom Brady,NE,2011,1,REG,W
Jason Campbell,OAK,2011,1,REG,W
Ryan Fitzpatrick,BUF,2011,2,REG,W
Aaron Rodgers,GB,2011,2,REG,W
Matthew Stafford,DET,2011,2,REG,W
Colt McCoy,CLE,2011,2,REG,W
Josh Freeman,TB,2011,2,REG,W
Drew Brees,NO,2011,2,REG,W
Mark Sanchez,NYJ,2011,2,REG,W
Ben Roethlisberger,PIT,2011,2,REG,W
Matt Hasselbeck,TEN,2011,2,REG,W
Rex Grossman,WAS,2011,2,REG,W
Tony Romo,DAL,2011,2,REG,W
Kyle Orton,DEN,2011,2,REG,W
Matt Schaub,HOU,2011,2,REG,W
Tom Brady,NE,2011,2,REG,W
Matt Ryan,ATL,2011,2,REG,W
Eli Manning,NYG,2011,2,REG,W
Ryan Fitzpatrick,BUF,2011,3,REG,W
Cam Newton,CAR,2011,3,REG,W
Alex Smith,SF,2011,3,REG,W
Colt McCoy,CLE,2011,3,REG,W
Matthew Stafford,DET,2011,3,REG,W
Drew Brees,NO,2011,3,REG,W
Eli Manning,NYG,2011,3,REG,W
Matt Hasselbeck,TEN,2011,3,REG,W
Jason Campbell,OAK,2011,3,REG,W
Philip Rivers,SD,2011,3,REG,W
Joe Flacco,BAL,2011,3,REG,W
Aaron Rodgers,GB,2011,3,REG,W
Tarvaris Jackson,SEA,2011,3,REG,W
Josh Freeman,TB,2011,3,REG,W
Ben Roethlisberger,PIT,2011,3,REG,W
Tony Romo,DAL,2011,3,REG,W
Jay Cutler,CHI,2011,4,REG,W
Andy Dalton,CIN,2011,4,REG,W
Matt Hasselbeck,TEN,2011,4,REG,W
Matthew Stafford,DET,2011,4,REG,W
Matt Schaub,HOU,2011,4,REG,W
Drew Brees,NO,2011,4,REG,W
Matt Cassel,KC,2011,4,REG,W
Alex Smith,SF,2011,4,REG,W
Rex Grossman,WAS,2011,4,REG,W
Eli Manning,NYG,2011,4,REG,W
Matt Ryan,ATL,2011,4,REG,W
Aaron Rodgers,GB,2011,4,REG,W
Tom Brady,NE,2011,4,REG,W
Philip Rivers,SD,2011,4,REG,W
Joe Flacco,BAL,2011,4,REG,W
Josh Freeman,TB,2011,4,REG,W
Ryan Fitzpatrick,BUF,2011,5,REG,W
Drew Brees,NO,2011,5,REG,W
Jason Campbell,OAK,2011,5,REG,W
Matt Cassel,KC,2011,5,REG,W
Andy Dalton,CIN,2011,5,REG,W
Donovan McNabb,MIN,2011,5,REG,W
Tarvaris Jackson,SEA,2011,5,REG,W
Ben Roethlisberger,PIT,2011,5,REG,W
Alex Smith,SF,2011,5,REG,W
Philip Rivers,SD,2011,5,REG,W
Tom Brady,NE,2011,5,REG,W
Aaron Rodgers,GB,2011,5,REG,W
Matthew Stafford,DET,2011,5,REG,W
Matt Ryan,ATL,2011,6,REG,W
Andy Dalton,CIN,2011,6,REG,W
Alex Smith,SF,2011,6,REG,W
Aaron Rodgers,GB,2011,6,REG,W
Eli Manning,NYG,2011,6,REG,W
Ben Roethlisberger,PIT,2011,6,REG,W
Michael Vick,PHI,2011,6,REG,W
Joe Flacco,BAL,2011,6,REG,W
Jason Campbell,OAK,2011,6,REG,W
Tom Brady,NE,2011,6,REG,W
Josh Freeman,TB,2011,6,REG,W
Jay Cutler,CHI,2011,6,REG,W
Mark Sanchez,NYJ,2011,6,REG,W
Cam Newton,CAR,2011,7,REG,W
Colt McCoy,CLE,2011,7,REG,W
Matt Ryan,ATL,2011,7,REG,W
Tim Tebow,DEN,2011,7,REG,W
Mark Sanchez,NYJ,2011,7,REG,W
Jay Cutler,CHI,2011,7,REG,W
Matt Schaub,HOU,2011,7,REG,W
Ben Roethlisberger,PIT,2011,7,REG,W
Matt Cassel,KC,2011,7,REG,W
Tony Romo,DAL,2011,7,REG,W
Aaron Rodgers,GB,2011,7,REG,W
Drew Brees,NO,2011,7,REG,W
Blaine Gabbert,JAX,2011,7,REG,W
Joe Flacco,BAL,2011,8,REG,W
Christian Ponder,MIN,2011,8,REG,W
Matt Schaub,HOU,2011,8,REG,W
Eli Manning,NYG,2011,8,REG,W
A.J. Feeley,STL,2011,8,REG,W
Matt Hasselbeck,TEN,2011,8,REG,W
Ryan Fitzpatrick,BUF,2011,8,REG,W
Matthew Stafford,DET,2011,8,REG,W
Ben Roethlisberger,PIT,2011,8,REG,W
Andy Dalton,CIN,2011,8,REG,W
Alex Smith,SF,2011,8,REG,W
Michael Vick,PHI,2011,8,REG,W
Matt Cassel,KC,2011,8,REG,W
Mark Sanchez,NYJ,2011,9,REG,W
Tony Romo,DAL,2011,9,REG,W
Matt Schaub,HOU,2011,9,REG,W
Matt Ryan,ATL,2011,9,REG,W
Matt Moore,MIA,2011,9,REG,W
Drew Brees,NO,2011,9,REG,W
Alex Smith,SF,2011,9,REG,W
Tim Tebow,DEN,2011,9,REG,W
Andy Dalton,CIN,2011,9,REG,W
John Skelton,ARI,2011,9,REG,W
Eli Manning,NYG,2011,9,REG,W
Aaron Rodgers,GB,2011,9,REG,W
Joe Flacco,BAL,2011,9,REG,W
Jay Cutler,CHI,2011,9,REG,W
Carson Palmer,OAK,2011,10,REG,W
Drew Brees,NO,2011,10,REG,W
Matt Hasselbeck,TEN,2011,10,REG,W
Ben Roethlisberger,PIT,2011,10,REG,W
Sam Bradford,STL,2011,10,REG,W
Tony Romo,DAL,2011,10,REG,W
Blaine Gabbert,JAX,2011,10,REG,W
Tim Tebow,DEN,2011,10,REG,W
Matt Moore,MIA,2011,10,REG,W
John Skelton,ARI,2011,10,REG,W
Matt Schaub,HOU,2011,10,REG,W
Tarvaris Jackson,SEA,2011,10,REG,W
Jay Cutler,CHI,2011,10,REG,W
Alex Smith,SF,2011,10,REG,W
Tom Brady,NE,2011,10,REG,W
Aaron Rodgers,GB,2011,10,REG,W
Tim Tebow,DEN,2011,11,REG,W
Joe Flacco,BAL,2011,11,REG,W
Colt McCoy,CLE,2011,11,REG,W
Matthew Stafford,DET,2011,11,REG,W
Aaron Rodgers,GB,2011,11,REG,W
Matt Moore,MIA,2011,11,REG,W
Carson Palmer,OAK,2011,11,REG,W
Tony Romo,DAL,2011,11,REG,W
Alex Smith,SF,2011,11,REG,W
Tarvaris Jackson,SEA,2011,11,REG,W
Matt Ryan,ATL,2011,11,REG,W
Jay Cutler,CHI,2011,11,REG,W
Vince Young,PHI,2011,11,REG,W
Tom Brady,NE,2011,11,REG,W
Aaron Rodgers,GB,2011,12,REG,W
Tony Romo,DAL,2011,12,REG,W
Joe Flacco,BAL,2011,12,REG,W
Matt Ryan,ATL,2011,12,REG,W
Andy Dalton,CIN,2011,12,REG,W
Cam Newton,CAR,2011,12,REG,W
Matt Leinart,HOU,2011,12,REG,W
Mark Sanchez,NYJ,2011,12,REG,W
John Skelton,ARI,2011,12,REG,W
Matt Hasselbeck,TEN,2011,12,REG,W
Carson Palmer,OAK,2011,12,REG,W
Rex Grossman,WAS,2011,12,REG,W
Tom Brady,NE,2011,12,REG,W
Tim Tebow,DEN,2011,12,REG,W
Ben Roethlisberger,PIT,2011,12,REG,W
Drew Brees,NO,2011,12,REG,W
Tarvaris Jackson,SEA,2011,13,REG,W
Matt Hasselbeck,TEN,2011,13,REG,W
Tyler Palko,KC,2011,13,REG,W
T.J. Yates,HOU,2011,13,REG,W
Matt Moore,MIA,2011,13,REG,W
Tim Tebow,DEN,2011,13,REG,W
Tom Brady,NE,2011,13,REG,W
Ben Roethlisberger,PIT,2011,13,REG,W
Cam Newton,CAR,2011,13,REG,W
Mark Sanchez,NYJ,2011,13,REG,W
Joe Flacco,BAL,2011,13,REG,W
Kevin Kolb,ARI,2011,13,REG,W
Aaron Rodgers,GB,2011,13,REG,W
Alex Smith,SF,2011,13,REG,W
Drew Brees,NO,2011,13,REG,W
Philip Rivers,SD,2011,13,REG,W
Ben Roethlisberger,PIT,2011,14,REG,W
Joe Flacco,BAL,2011,14,REG,W
Matt Ryan,ATL,2011,14,REG,W
T.J. Yates,HOU,2011,14,REG,W
Matthew Stafford,DET,2011,14,REG,W
Blaine Gabbert,JAX,2011,14,REG,W
Michael Vick,PHI,2011,14,REG,W
Mark Sanchez,NYJ,2011,14,REG,W
Drew Brees,NO,2011,14,REG,W
Tom Brady,NE,2011,14,REG,W
Kevin Kolb,ARI,2011,14,REG,W
Tim Tebow,DEN,2011,14,REG,W
Aaron Rodgers,GB,2011,14,REG,W
Philip Rivers,SD,2011,14,REG,W
Eli Manning,NYG,2011,14,REG,W
Tarvaris Jackson,SEA,2011,14,REG,W
Matt Ryan,ATL,2011,15,REG,W
Tony Romo,DAL,2011,15,REG,W
Matt Moore,MIA,2011,15,REG,W
Tarvaris Jackson,SEA,2011,15,REG,W
Cam Newton,CAR,2011,15,REG,W
Dan Orlovsky,IND,2011,15,REG,W
Kyle Orton,KC,2011,15,REG,W
Drew Brees,NO,2011,15,REG,W
Rex Grossman,WAS,2011,15,REG,W
Andy Dalton,CIN,2011,15,REG,W
Matthew Stafford,DET,2011,15,REG,W
John Skelton,ARI,2011,15,REG,W
Tom Brady,NE,2011,15,REG,W
Michael Vick,PHI,2011,15,REG,W
Philip Rivers,SD,2011,15,REG,W
Alex Smith,SF,2011,15,REG,W
Dan Orlovsky,IND,2011,16,REG,W
Joe Flacco,BAL,2011,16,REG,W
Ryan Fitzpatrick,BUF,2011,16,REG,W
Cam Newton,CAR,2011,16,REG,W
Andy Dalton,CIN,2011,16,REG,W
Carson Palmer,OAK,2011,16,REG,W
Tom Brady,NE,2011,16,REG,W
Eli Manning,NYG,2011,16,REG,W
Charlie Batch,PIT,2011,16,REG,W
Matt Hasselbeck,TEN,2011,16,REG,W
Christian Ponder,MIN,2011,16,REG,W
Matthew Stafford,DET,2011,16,REG,W
Michael Vick,PHI,2011,16,REG,W
Alex Smith,SF,2011,16,REG,W
Aaron Rodgers,GB,2011,16,REG,W
Drew Brees,NO,2011,16,REG,W
Matt Flynn,GB,2011,17,REG,W
Matt Hasselbeck,TEN,2011,17,REG,W
Blaine Gabbert,JAX,2011,17,REG,W
Matt Moore,MIA,2011,17,REG,W
Josh McCown,CHI,2011,17,REG,W
Tom Brady,NE,2011,17,REG,W
Drew Brees,NO,2011,17,REG,W
Michael Vick,PHI,2011,17,REG,W
Alex Smith,SF,2011,17,REG,W
John Skelton,ARI,2011,17,REG,W
Matt Ryan,ATL,2011,17,REG,W
Joe Flacco,BAL,2011,17,REG,W
Ben Roethlisberger,PIT,2011,17,REG,W
Kyle Orton,KC,2011,17,REG,W
Philip Rivers,SD,2011,17,REG,W
Eli Manning,NYG,2011,17,REG,W
T.J. Yates,HOU,2011,18,WC,W
Drew Brees,NO,2011,18,WC,W
Eli Manning,NYG,2011,18,WC,W
Tim Tebow,DEN,2011,18,WC,W
Alex Smith,SF,2011,19,DIV,W
Tom Brady,NE,2011,19,DIV,W
Joe Flacco,BAL,2011,19,DIV,W
Eli Manning,NYG,2011,19,DIV,W
Tom Brady,NE,2011,20,CON,W
Eli Manning,NYG,2011,20,CON,W
Eli Manning,NYG,2011,21,SB,W
Tony Romo,DAL,2012,1,REG,W
Jay Cutler,CHI,2012,1,REG,W
Michael Vick,PHI,2012,1,REG,W
Matthew Stafford,DET,2012,1,REG,W
Matt Schaub,HOU,2012,1,REG,W
Matt Ryan,ATL,2012,1,REG,W
Christian Ponder,MIN,2012,1,REG,W
Robert Griffin,WAS,2012,1,REG,W
Mark Sanchez,NYJ,2012,1,REG,W
Tom Brady,NE,2012,1,REG,W
John Skelton,ARI,2012,1,REG,W
Alex Smith,SF,2012,1,REG,W
Josh Freeman,TB,2012,1,REG,W
Peyton Manning,DEN,2012,1,REG,W
Joe Flacco,BAL,2012,1,REG,W
Philip Rivers,SD,2012,1,REG,W
Aaron Rodgers,GB,2012,2,REG,W
Ryan Fitzpatrick,BUF,2012,2,REG,W
Cam Newton,CAR,2012,2,REG,W
Andy Dalton,CIN,2012,2,REG,W
Andrew Luck,IND,2012,2,REG,W
Matt Schaub,HOU,2012,2,REG,W
Ryan Tannehill,MIA,2012,2,REG,W
Kevin Kolb,ARI,2012,2,REG,W
Eli Manning,NYG,2012,2,REG,W
Michael Vick,PHI,2012,2,REG,W
Russell Wilson,SEA,2012,2,REG,W
Sam Bradford,STL,2012,2,REG,W
Ben Roethlisberger,PIT,2012,2,REG,W
Philip Rivers,SD,2012,2,REG,W
Alex Smith,SF,2012,2,REG,W
Matt Ryan,ATL,2012,2,REG,W
Eli Manning,NYG,2012,3,REG,W
Jay Cutler,CHI,2012,3,REG,W
Ryan Fitzpatrick,BUF,2012,3,REG,W
Tony Romo,DAL,2012,3,REG,W
Blaine Gabbert,JAX,2012,3,REG,W
Mark Sanchez,NYJ,2012,3,REG,W
Christian Ponder,MIN,2012,3,REG,W
Matt Cassel,KC,2012,3,REG,W
Jake Locker,TEN,2012,3,REG,W
Andy Dalton,CIN,2012,3,REG,W
Kevin Kolb,ARI,2012,3,REG,W
Matt Ryan,ATL,2012,3,REG,W
Matt Schaub,HOU,2012,3,REG,W
Carson Palmer,OAK,2012,3,REG,W
Joe Flacco,BAL,2012,3,REG,W
Russell Wilson,SEA,2012,3,REG,W
Joe Flacco,BAL,2012,4,REG,W
Matt Ryan,ATL,2012,4,REG,W
Tom Brady,NE,2012,4,REG,W
Christian Ponder,MIN,2012,4,REG,W
Matt Schaub,HOU,2012,4,REG,W
Philip Rivers,SD,2012,4,REG,W
Alex Smith,SF,2012,4,REG,W
Sam Bradford,STL,2012,4,REG,W
Kevin Kolb,ARI,2012,4,REG,W
Peyton Manning,DEN,2012,4,REG,W
Andy Dalton,CIN,2012,4,REG,W
Aaron Rodgers,GB,2012,4,REG,W
Robert Griffin,WAS,2012,4,REG,W
Michael Vick,PHI,2012,4,REG,W
Jay Cutler,CHI,2012,4,REG,W
Sam Bradford,STL,2012,5,REG,W
Ryan Tannehill,MIA,2012,5,REG,W
Andrew Luck,IND,2012,5,REG,W
Joe Flacco,BAL,2012,5,REG,W
Eli Manning,NYG,2012,5,REG,W
Ben Roethlisberger,PIT,2012,5,REG,W
Matt Ryan,ATL,2012,5,REG,W
Russell Wilson,SEA,2012,5,REG,W
Jay Cutler,CHI,2012,5,REG,W
Christian Ponder,MIN,2012,5,REG,W
Tom Brady,NE,2012,5,REG,W
Alex Smith,SF,2012,5,REG,W
Drew Brees,NO,2012,5,REG,W
Matt Schaub,HOU,2012,5,REG,W
Matt Hasselbeck,TEN,2012,6,REG,W
Matt Ryan,ATL,2012,6,REG,W
Joe Flacco,BAL,2012,6,REG,W
Brandon Weeden,CLE,2012,6,REG,W
Ryan Tannehill,MIA,2012,6,REG,W
Mark Sanchez,NYJ,2012,6,REG,W
Matthew Stafford,DET,2012,6,REG,W
Josh Freeman,TB,2012,6,REG,W
Ryan Fitzpatrick,BUF,2012,6,REG,W
Russell Wilson,SEA,2012,6,REG,W
Eli Manning,NYG,2012,6,REG,W
Robert Griffin,WAS,2012,6,REG,W
Aaron Rodgers,GB,2012,6,REG,W
Peyton Manning,DEN,2012,6,REG,W
Alex Smith,SF,2012,7,REG,W
Matt Hasselbeck,TEN,2012,7,REG,W
Tony Romo,DAL,2012,7,REG,W
Matt Schaub,HOU,2012,7,REG,W
Andrew Luck,IND,2012,7,REG,W
Christian Ponder,MIN,2012,7,REG,W
Eli Manning,NYG,2012,7,REG,W
Aaron Rodgers,GB,2012,7,REG,W
Drew Brees,NO,2012,7,REG,W
Tom Brady,NE,2012,7,REG,W
Carson Palmer,OAK,2012,7,REG,W
Ben Roethlisberger,PIT,2012,7,REG,W
Jay Cutler,CHI,2012,7,REG,W
Josh Freeman,TB,2012,8,REG,W
Jay Cutler,CHI,2012,8,REG,W
Brandon Weeden,CLE,2012,8,REG,W
Matthew Stafford,DET,2012,8,REG,W
Aaron Rodgers,GB,2012,8,REG,W
Ryan Tannehill,MIA,2012,8,REG,W
Matt Ryan,ATL,2012,8,REG,W
Ben Roethlisberger,PIT,2012,8,REG,W
Tom Brady,NE,2012,8,REG,W
Andrew Luck,IND,2012,8,REG,W
Carson Palmer,OAK,2012,8,REG,W
Eli Manning,NYG,2012,8,REG,W
Peyton Manning,DEN,2012,8,REG,W
Alex Smith,SF,2012,8,REG,W
Philip Rivers,SD,2012,9,REG,W
Peyton Manning,DEN,2012,9,REG,W
Joe Flacco,BAL,2012,9,REG,W
Aaron Rodgers,GB,2012,9,REG,W
Matt Schaub,HOU,2012,9,REG,W
Andrew Luck,IND,2012,9,REG,W
Matthew Stafford,DET,2012,9,REG,W
Jay Cutler,CHI,2012,9,REG,W
Cam Newton,CAR,2012,9,REG,W
Josh Freeman,TB,2012,9,REG,W
Russell Wilson,SEA,2012,9,REG,W
Ben Roethlisberger,PIT,2012,9,REG,W
Matt Ryan,ATL,2012,9,REG,W
Drew Brees,NO,2012,9,REG,W
Andrew Luck,IND,2012,10,REG,W
Joe Flacco,BAL,2012,10,REG,W
Peyton Manning,DEN,2012,10,REG,W
Andy Dalton,CIN,2012,10,REG,W
Jake Locker,TEN,2012,10,REG,W
Christian Ponder,MIN,2012,10,REG,W
Tom Brady,NE,2012,10,REG,W
Drew Brees,NO,2012,10,REG,W
Josh Freeman,TB,2012,10,REG,W
Russell Wilson,SEA,2012,10,REG,W
Tony Romo,DAL,2012,10,REG,W
Alex Smith,SF,2012,10,REG,W
Matt Schaub,HOU,2012,10,REG,W
Ben Roethlisberger,PIT,2012,10,REG,W
Ryan Fitzpatrick,BUF,2012,11,REG,W
Matt Ryan,ATL,2012,11,REG,W
Josh Freeman,TB,2012,11,REG,W
Tony Romo,DAL,2012,11,REG,W
Aaron Rodgers,GB,2012,11,REG,W
Matt Schaub,HOU,2012,11,REG,W
Andy Dalton,CIN,2012,11,REG,W
Mark Sanchez,NYJ,2012,11,REG,W
Robert Griffin,WAS,2012,11,REG,W
Drew Brees,NO,2012,11,REG,W
Peyton Manning,DEN,2012,11,REG,W
Tom Brady,NE,2012,11,REG,W
Joe Flacco,BAL,2012,11,REG,W
Colin Kaepernick,SF,2012,11,REG,W
Matt Schaub,HOU,2012,12,REG,W
Robert Griffin,WAS,2012,12,REG,W
Tom Brady,NE,2012,12,REG,W
Jay Cutler,CHI,2012,12,REG,W
Andy Dalton,CIN,2012,12,REG,W
Brandon Weeden,CLE,2012,12,REG,W
Andrew Luck,IND,2012,12,REG,W
Chad Henne,JAX,2012,12,REG,W
Peyton Manning,DEN,2012,12,REG,W
Ryan Tannehill,MIA,2012,12,REG,W
Matt Ryan,ATL,2012,12,REG,W
Joe Flacco,BAL,2012,12,REG,W
Sam Bradford,STL,2012,12,REG,W
Colin Kaepernick,SF,2012,12,REG,W
Eli Manning,NYG,2012,12,REG,W
Cam Newton,CAR,2012,12,REG,W
Matt Ryan,ATL,2012,13,REG,W
Ryan Fitzpatrick,BUF,2012,13,REG,W
Russell Wilson,SEA,2012,13,REG,W
Andrew Luck,IND,2012,13,REG,W
Aaron Rodgers,GB,2012,13,REG,W
Brady Quinn,KC,2012,13,REG,W
Tom Brady,NE,2012,13,REG,W
Mark Sanchez,NYJ,2012,13,REG,W
Sam Bradford,STL,2012,13,REG,W
Matt Schaub,HOU,2012,13,REG,W
Peyton Manning,DEN,2012,13,REG,W
Charlie Batch,PIT,2012,13,REG,W
Brandon Weeden,CLE,2012,13,REG,W
Andy Dalton,CIN,2012,13,REG,W
Tony Romo,DAL,2012,13,REG,W
Robert Griffin,WAS,2012,13,REG,W
Peyton Manning,DEN,2012,14,REG,W
Sam Bradford,STL,2012,14,REG,W
Cam Newton,CAR,2012,14,REG,W
Tony Romo,DAL,2012,14,REG,W
Brandon Weeden,CLE,2012,14,REG,W
Andrew Luck,IND,2012,14,REG,W
Mark Sanchez,NYJ,2012,14,REG,W
Christian Ponder,MIN,2012,14,REG,W
Philip Rivers,SD,2012,14,REG,W
Nick Foles,PHI,2012,14,REG,W
Robert Griffin,WAS,2012,14,REG,W
Colin Kaepernick,SF,2012,14,REG,W
Eli Manning,NYG,2012,14,REG,W
Russell Wilson,SEA,2012,14,REG,W
Aaron Rodgers,GB,2012,14,REG,W
Tom Brady,NE,2012,14,REG,W
Andy Dalton,CIN,2012,15,REG,W
Matt Ryan,ATL,2012,15,REG,W
Peyton Manning,DEN,2012,15,REG,W
Aaron Rodgers,GB,2012,15,REG,W
Kirk Cousins,WAS,2012,15,REG,W
Matt Schaub,HOU,2012,15,REG,W
Ryan Tannehill,MIA,2012,15,REG,W
Drew Brees,NO,2012,15,REG,W
Christian Ponder,MIN,2012,15,REG,W
Ryan Lindley,ARI,2012,15,REG,W
Russell Wilson,SEA,2012,15,REG,W
Cam Newton,CAR,2012,15,REG,W
Tony Romo,DAL,2012,15,REG,W
Carson Palmer,OAK,2012,15,REG,W
Colin Kaepernick,SF,2012,15,REG,W
Jake Locker,TEN,2012,15,REG,W
Matt Ryan,ATL,2012,16,REG,W
Cam Newton,CAR,2012,16,REG,W
Drew Brees,NO,2012,16,REG,W
Aaron Rodgers,GB,2012,16,REG,W
Christian Ponder,MIN,2012,16,REG,W
Tom Brady,NE,2012,16,REG,W
Andrew Luck,IND,2012,16,REG,W
Ryan Tannehill,MIA,2012,16,REG,W
Philip Rivers,SD,2012,16,REG,W
Robert Griffin,WAS,2012,16,REG,W
Andy Dalton,CIN,2012,16,REG,W
Sam Bradford,STL,2012,16,REG,W
Peyton Manning,DEN,2012,16,REG,W
Jay Cutler,CHI,2012,16,REG,W
Joe Flacco,BAL,2012,16,REG,W
Russell Wilson,SEA,2012,16,REG,W
Josh Freeman,TB,2012,17,REG,W
Ryan Fitzpatrick,BUF,2012,17,REG,W
Andy Dalton,CIN,2012,17,REG,W
Jay Cutler,CHI,2012,17,REG,W
Andrew Luck,IND,2012,17,REG,W
Cam Newton,CAR,2012,17,REG,W
Eli Manning,NYG,2012,17,REG,W
Ben Roethlisberger,PIT,2012,17,REG,W
Jake Locker,TEN,2012,17,REG,W
Peyton Manning,DEN,2012,17,REG,W
Christian Ponder,MIN,2012,17,REG,W
Tom Brady,NE,2012,17,REG,W
Philip Rivers,SD,2012,17,REG,W
Russell Wilson,SEA,2012,17,REG,W
Colin Kaepernick,SF,2012,17,REG,W
Robert Griffin,WAS,2012,17,REG,W
Matt Schaub,HOU,2012,18,WC,W
Aaron Rodgers,GB,2012,18,WC,W
Joe Flacco,BAL,2012,18,WC,W
Russell Wilson,SEA,2012,18,WC,W
Joe Flacco,BAL,2012,19,DIV,W
Colin Kaepernick,SF,2012,19,DIV,W
Matt Ryan,ATL,2012,19,DIV,W
Tom Brady,NE,2012,19,DIV,W
Colin Kaepernick,SF,2012,20,CON,W
Joe Flacco,BAL,2012,20,CON,W
Joe Flacco,BAL,2012,21,SB,W
Peyton Manning,DEN,2013,1,REG,W
Tom Brady,NE,2013,1,REG,W
Russell Wilson,SEA,2013,1,REG,W
Jay Cutler,CHI,2013,1,REG,W
Ryan Tannehill,MIA,2013,1,REG,W
Matthew Stafford,DET,2013,1,REG,W
Andrew Luck,IND,2013,1,REG,W
Alex Smith,KC,2013,1,REG,W
Drew Brees,NO,2013,1,REG,W
Geno Smith,NYJ,2013,1,REG,W
Jake Locker,TEN,2013,1,REG,W
Colin Kaepernick,SF,2013,1,REG,W
Sam Bradford,STL,2013,1,REG,W
Tony Romo,DAL,2013,1,REG,W
Michael Vick,PHI,2013,1,REG,W
Matt Schaub,HOU,2013,1,REG,W
Tom Brady,NE,2013,2,REG,W
Matt Ryan,ATL,2013,2,REG,W
Joe Flacco,BAL,2013,2,REG,W
EJ Manuel,BUF,2013,2,REG,W
Jay Cutler,CHI,2013,2,REG,W
Aaron Rodgers,GB,2013,2,REG,W
Matt Schaub,HOU,2013,2,REG,W
Ryan Tannehill,MIA,2013,2,REG,W
Alex Smith,KC,2013,2,REG,W
Philip Rivers,SD,2013,2,REG,W
Carson Palmer,ARI,2013,2,REG,W
Drew Brees,NO,2013,2,REG,W
Peyton Manning,DEN,2013,2,REG,W
Terrelle Pryor,OAK,2013,2,REG,W
Russell Wilson,SEA,2013,2,REG,W
Andy Dalton,CIN,2013,2,REG,W
Alex Smith,KC,2013,3,REG,W
Joe Flacco,BAL,2013,3,REG,W
Cam Newton,CAR,2013,3,REG,W
Andy Dalton,CIN,2013,3,REG,W
Tony Romo,DAL,2013,3,REG,W
Brian Hoyer,CLE,2013,3,REG,W
Tom Brady,NE,2013,3,REG,W
Drew Brees,NO,2013,3,REG,W
Jake Locker,TEN,2013,3,REG,W
Matthew Stafford,DET,2013,3,REG,W
Ryan Tannehill,MIA,2013,3,REG,W
Geno Smith,NYJ,2013,3,REG,W
Russell Wilson,SEA,2013,3,REG,W
Andrew Luck,IND,2013,3,REG,W
Jay Cutler,CHI,2013,3,REG,W
Peyton Manning,DEN,2013,3,REG,W
Colin Kaepernick,SF,2013,4,REG,W
EJ Manuel,BUF,2013,4,REG,W
Brian Hoyer,CLE,2013,4,REG,W
Matthew Stafford,DET,2013,4,REG,W
Russell Wilson,SEA,2013,4,REG,W
Andrew Luck,IND,2013,4,REG,W
Alex Smith,KC,2013,4,REG,W
Matt Cassel,MIN,2013,4,REG,W
Carson Palmer,ARI,2013,4,REG,W
Jake Locker,TEN,2013,4,REG,W
Peyton Manning,DEN,2013,4,REG,W
Robert Griffin,WAS,2013,4,REG,W
Philip Rivers,SD,2013,4,REG,W
Tom Brady,NE,2013,4,REG,W
Drew Brees,NO,2013,4,REG,W
Brian Hoyer,CLE,2013,5,REG,W
Drew Brees,NO,2013,5,REG,W
Andy Dalton,CIN,2013,5,REG,W
Aaron Rodgers,GB,2013,5,REG,W
Andrew Luck,IND,2013,5,REG,W
Joe Flacco,BAL,2013,5,REG,W
Michael Vick,PHI,2013,5,REG,W
Sam Bradford,STL,2013,5,REG,W
Alex Smith,KC,2013,5,REG,W
Carson Palmer,ARI,2013,5,REG,W
Peyton Manning,DEN,2013,5,REG,W
Colin Kaepernick,SF,2013,5,REG,W
Terrelle Pryor,OAK,2013,5,REG,W
Geno Smith,NYJ,2013,5,REG,W
Jay Cutler,CHI,2013,6,REG,W
Aaron Rodgers,GB,2013,6,REG,W
Andy Dalton,CIN,2013,6,REG,W
Matthew Stafford,DET,2013,6,REG,W
Sam Bradford,STL,2013,6,REG,W
Alex Smith,KC,2013,6,REG,W
Cam Newton,CAR,2013,6,REG,W
Ben Roethlisberger,PIT,2013,6,REG,W
Nick Foles,PHI,2013,6,REG,W
Peyton Manning,DEN,2013,6,REG,W
Russell Wilson,SEA,2013,6,REG,W
Tom Brady,NE,2013,6,REG,W
Colin Kaepernick,SF,2013,6,REG,W
Tony Romo,DAL,2013,6,REG,W
Philip Rivers,SD,2013,6,REG,W
Russell Wilson,SEA,2013,7,REG,W
Matt Ryan,ATL,2013,7,REG,W
Cam Newton,CAR,2013,7,REG,W
Andy Dalton,CIN,2013,7,REG,W
Philip Rivers,SD,2013,7,REG,W
Thaddeus Lewis,BUF,2013,7,REG,W
Geno Smith,NYJ,2013,7,REG,W
Tony Romo,DAL,2013,7,REG,W
Robert Griffin,WAS,2013,7,REG,W
Colin Kaepernick,SF,2013,7,REG,W
Aaron Rodgers,GB,2013,7,REG,W
Alex Smith,KC,2013,7,REG,W
Ben Roethlisberger,PIT,2013,7,REG,W
Andrew Luck,IND,2013,7,REG,W
Eli Manning,NYG,2013,7,REG,W
Cam Newton,CAR,2013,8,REG,W
Matthew Stafford,DET,2013,8,REG,W
Colin Kaepernick,SF,2013,8,REG,W
Alex Smith,KC,2013,8,REG,W
Tom Brady,NE,2013,8,REG,W
Drew Brees,NO,2013,8,REG,W
Eli Manning,NYG,2013,8,REG,W
Andy Dalton,CIN,2013,8,REG,W
Terrelle Pryor,OAK,2013,8,REG,W
Carson Palmer,ARI,2013,8,REG,W
Peyton Manning,DEN,2013,8,REG,W
Aaron Rodgers,GB,2013,8,REG,W
Russell Wilson,SEA,2013,8,REG,W
Ryan Tannehill,MIA,2013,9,REG,W
Alex Smith,KC,2013,9,REG,W
Cam Newton,CAR,2013,9,REG,W
Tony Romo,DAL,2013,9,REG,W
Geno Smith,NYJ,2013,9,REG,W
Jake Locker,TEN,2013,9,REG,W
Robert Griffin,WAS,2013,9,REG,W
Nick Foles,PHI,2013,9,REG,W
Russell Wilson,SEA,2013,9,REG,W
Jason Campbell,CLE,2013,9,REG,W
Tom Brady,NE,2013,9,REG,W
Andrew Luck,IND,2013,9,REG,W
Josh McCown,CHI,2013,9,REG,W
Christian Ponder,MIN,2013,10,REG,W
Russell Wilson,SEA,2013,10,REG,W
Joe Flacco,BAL,2013,10,REG,W
Matthew Stafford,DET,2013,10,REG,W
Nick Foles,PHI,2013,10,REG,W
Kellen Clemens,STL,2013,10,REG,W
Eli Manning,NYG,2013,10,REG,W
Ben Roethlisberger,PIT,2013,10,REG,W
Chad Henne,JAX,2013,10,REG,W
Cam Newton,CAR,2013,10,REG,W
Carson Palmer,ARI,2013,10,REG,W
Peyton Manning,DEN,2013,10,REG,W
Drew Brees,NO,2013,10,REG,W
Mike Glennon,TB,2013,10,REG,W
Andrew Luck,IND,2013,11,REG,W
EJ Manuel,BUF,2013,11,REG,W
Josh McCown,CHI,2013,11,REG,W
Andy Dalton,CIN,2013,11,REG,W
Matt McGloin,OAK,2013,11,REG,W
Carson Palmer,ARI,2013,11,REG,W
Nick Foles,PHI,2013,11,REG,W
Ben Roethlisberger,PIT,2013,11,REG,W
Mike Glennon,TB,2013,11,REG,W
Ryan Tannehill,MIA,2013,11,REG,W
Drew Brees,NO,2013,11,REG,W
Eli Manning,NYG,2013,11,REG,W
Russell Wilson,SEA,2013,11,REG,W
Peyton Manning,DEN,2013,11,REG,W
Cam Newton,CAR,2013,11,REG,W
Drew Brees,NO,2013,12,REG,W
Joe Flacco,BAL,2013,12,REG,W
Ben Roethlisberger,PIT,2013,12,REG,W
Mike Glennon,TB,2013,12,REG,W
Scott Tolzien,GB,2013,12,REG,W
Chad Henne,JAX,2013,12,REG,W
Philip Rivers,SD,2013,12,REG,W
Cam Newton,CAR,2013,12,REG,W
Kellen Clemens,STL,2013,12,REG,W
Carson Palmer,ARI,2013,12,REG,W
Ryan Fitzpatrick,TEN,2013,12,REG,W
Tony Romo,DAL,2013,12,REG,W
Tom Brady,NE,2013,12,REG,W
Colin Kaepernick,SF,2013,12,REG,W
Matthew Stafford,DET,2013,13,REG,W
Tony Romo,DAL,2013,13,REG,W
Joe Flacco,BAL,2013,13,REG,W
Cam Newton,CAR,2013,13,REG,W
Chad Henne,JAX,2013,13,REG,W
Tom Brady,NE,2013,13,REG,W
Andrew Luck,IND,2013,13,REG,W
Christian Ponder,MIN,2013,13,REG,W
Ryan Tannehill,MIA,2013,13,REG,W
Nick Foles,PHI,2013,13,REG,W
Matt Ryan,ATL,2013,13,REG,W
Colin Kaepernick,SF,2013,13,REG,W
Peyton Manning,DEN,2013,13,REG,W
Andy Dalton,CIN,2013,13,REG,W
Eli Manning,NYG,2013,13,REG,W
Russell Wilson,SEA,2013,13,REG,W
Chad Henne,JAX,2013,14,REG,W
Joe Flacco,BAL,2013,14,REG,W
Andy Dalton,CIN,2013,14,REG,W
Matt Flynn,GB,2013,14,REG,W
Tom Brady,NE,2013,14,REG,W
Geno Smith,NYJ,2013,14,REG,W
Nick Foles,PHI,2013,14,REG,W
Ryan Tannehill,MIA,2013,14,REG,W
Mike Glennon,TB,2013,14,REG,W
Alex Smith,KC,2013,14,REG,W
Peyton Manning,DEN,2013,14,REG,W
Carson Palmer,ARI,2013,14,REG,W
Philip Rivers,SD,2013,14,REG,W
Colin Kaepernick,SF,2013,14,REG,W
Drew Brees,NO,2013,14,REG,W
Josh McCown,CHI,2013,14,REG,W
Philip Rivers,SD,2013,15,REG,W
Matt Ryan,ATL,2013,15,REG,W
Jay Cutler,CHI,2013,15,REG,W
Andrew Luck,IND,2013,15,REG,W
EJ Manuel,BUF,2013,15,REG,W
Ryan Tannehill,MIA,2013,15,REG,W
Matt Cassel,MIN,2013,15,REG,W
Russell Wilson,SEA,2013,15,REG,W
Colin Kaepernick,SF,2013,15,REG,W
Cam Newton,CAR,2013,15,REG,W
Alex Smith,KC,2013,15,REG,W
Matt Flynn,GB,2013,15,REG,W
Kellen Clemens,STL,2013,15,REG,W
Carson Palmer,ARI,2013,15,REG,W
Ben Roethlisberger,PIT,2013,15,REG,W
Joe Flacco,BAL,2013,15,REG,W
Thaddeus Lewis,BUF,2013,16,REG,W
Cam Newton,CAR,2013,16,REG,W
Andy Dalton,CIN,2013,16,REG,W
Peyton Manning,DEN,2013,16,REG,W
Ryan Fitzpatrick,TEN,2013,16,REG,W
Andrew Luck,IND,2013,16,REG,W
Geno Smith,NYJ,2013,16,REG,W
Kellen Clemens,STL,2013,16,REG,W
Tony Romo,DAL,2013,16,REG,W
Eli Manning,NYG,2013,16,REG,W
Carson Palmer,ARI,2013,16,REG,W
Tom Brady,NE,2013,16,REG,W
Ben Roethlisberger,PIT,2013,16,REG,W
Philip Rivers,SD,2013,16,REG,W
Nick Foles,PHI,2013,16,REG,W
Colin Kaepernick,SF,2013,16,REG,W
Cam Newton,CAR,2013,17,REG,W
Andy Dalton,CIN,2013,17,REG,W
Andrew Luck,IND,2013,17,REG,W
Geno Smith,NYJ,2013,17,REG,W
Matt Cassel,MIN,2013,17,REG,W
Eli Manning,NYG,2013,17,REG,W
Ben Roethlisberger,PIT,2013,17,REG,W
Ryan Fitzpatrick,TEN,2013,17,REG,W
Colin Kaepernick,SF,2013,17,REG,W
Aaron Rodgers,GB,2013,17,REG,W
Tom Brady,NE,2013,17,REG,W
Drew Brees,NO,2013,17,REG,W
Peyton Manning,DEN,2013,17,REG,W
Philip Rivers,SD,2013,17,REG,W
Russell Wilson,SEA,2013,17,REG,W
Nick Foles,PHI,2013,17,REG,W
Andrew Luck,IND,2013,18,WC,W
Drew Brees,NO,2013,18,WC,W
Philip Rivers,SD,2013,18,WC,W
Colin Kaepernick,SF,2013,18,WC,W
Russell Wilson,SEA,2013,19,DIV,W
Tom Brady,NE,2013,19,DIV,W
Colin Kaepernick,SF,2013,19,DIV,W
Peyton Manning,DEN,2013,19,DIV,W
Peyton Manning,DEN,2013,20,CON,W
Russell Wilson,SEA,2013,20,CON,W
Russell Wilson,SEA,2013,21,SB,W
Russell Wilson,SEA,2014,1,REG,W
Matt Ryan,ATL,2014,1,REG,W
Andy Dalton,CIN,2014,1,REG,W
EJ Manuel,BUF,2014,1,REG,W
Ryan Fitzpatrick,HOU,2014,1,REG,W
Jake Locker,TEN,2014,1,REG,W
Ryan Tannehill,MIA,2014,1,REG,W
Geno Smith,NYJ,2014,1,REG,W
Nick Foles,PHI,2014,1,REG,W
Ben Roethlisberger,PIT,2014,1,REG,W
Matt Cassel,MIN,2014,1,REG,W
Colin Kaepernick,SF,2014,1,REG,W
Derek Anderson,CAR,2014,1,REG,W
Peyton Manning,DEN,2014,1,REG,W
Matthew Stafford,DET,2014,1,REG,W
Carson Palmer,ARI,2014,1,REG,W
Joe Flacco,BAL,2014,2,REG,W
EJ Manuel,BUF,2014,2,REG,W
Cam Newton,CAR,2014,2,REG,W
Andy Dalton,CIN,2014,2,REG,W
Brian Hoyer,CLE,2014,2,REG,W
Tom Brady,NE,2014,2,REG,W
Drew Stanton,ARI,2014,2,REG,W
Tony Romo,DAL,2014,2,REG,W
Robert Griffin,WAS,2014,2,REG,W
Philip Rivers,SD,2014,2,REG,W
Austin Davis,STL,2014,2,REG,W
Peyton Manning,DEN,2014,2,REG,W
Aaron Rodgers,GB,2014,2,REG,W
Ryan Fitzpatrick,HOU,2014,2,REG,W
Jay Cutler,CHI,2014,2,REG,W
Nick Foles,PHI,2014,2,REG,W
Matt Ryan,ATL,2014,3,REG,W
Philip Rivers,SD,2014,3,REG,W
Andy Dalton,CIN,2014,3,REG,W
Joe Flacco,BAL,2014,3,REG,W
Matthew Stafford,DET,2014,3,REG,W
Andrew Luck,IND,2014,3,REG,W
Tom Brady,NE,2014,3,REG,W
Drew Brees,NO,2014,3,REG,W
Eli Manning,NYG,2014,3,REG,W
Nick Foles,PHI,2014,3,REG,W
Tony Romo,DAL,2014,3,REG,W
Drew Stanton,ARI,2014,3,REG,W
Alex Smith,KC,2014,3,REG,W
Russell Wilson,SEA,2014,3,REG,W
Ben Roethlisberger,PIT,2014,3,REG,W
Jay Cutler,CHI,2014,3,REG,W
Eli Manning,NYG,2014,4,REG,W
Joe Flacco,BAL,2014,4,REG,W
Aaron Rodgers,GB,2014,4,REG,W
Ryan Fitzpatrick,HOU,2014,4,REG,W
Andrew Luck,IND,2014,4,REG,W
Matthew Stafford,DET,2014,4,REG,W
Ryan Tannehill,MIA,2014,4,REG,W
Mike Glennon,TB,2014,4,REG,W
Philip Rivers,SD,2014,4,REG,W
Teddy Bridgewater,MIN,2014,4,REG,W
Colin Kaepernick,SF,2014,4,REG,W
Tony Romo,DAL,2014,4,REG,W
Alex Smith,KC,2014,4,REG,W
Aaron Rodgers,GB,2014,5,REG,W
Cam Newton,CAR,2014,5,REG,W
Tony Romo,DAL,2014,5,REG,W
Kyle Orton,BUF,2014,5,REG,W
Andrew Luck,IND,2014,5,REG,W
Ben Roethlisberger,PIT,2014,5,REG,W
Drew Brees,NO,2014,5,REG,W
Eli Manning,NYG,2014,5,REG,W
Nick Foles,PHI,2014,5,REG,W
Brian Hoyer,CLE,2014,5,REG,W
Peyton Manning,DEN,2014,5,REG,W
Philip Rivers,SD,2014,5,REG,W
Colin Kaepernick,SF,2014,5,REG,W
Tom Brady,NE,2014,5,REG,W
Russell Wilson,SEA,2014,5,REG,W
Andrew Luck,IND,2014,6,REG,W
Tom Brady,NE,2014,6,REG,W
Andy Dalton,CIN,2014,6,REG,W
Brian Hoyer,CLE,2014,6,REG,W
Aaron Rodgers,GB,2014,6,REG,W
Matthew Stafford,DET,2014,6,REG,W
Peyton Manning,DEN,2014,6,REG,W
Joe Flacco,BAL,2014,6,REG,W
Charlie Whitehurst,TEN,2014,6,REG,W
Philip Rivers,SD,2014,6,REG,W
Carson Palmer,ARI,2014,6,REG,W
Jay Cutler,CHI,2014,6,REG,W
Tony Romo,DAL,2014,6,REG,W
Nick Foles,PHI,2014,6,REG,W
Colin Kaepernick,SF,2014,6,REG,W
Tom Brady,NE,2014,7,REG,W
Joe Flacco,BAL,2014,7,REG,W
Kyle Orton,BUF,2014,7,REG,W
Ryan Tannehill,MIA,2014,7,REG,W
Matthew Stafford,DET,2014,7,REG,W
Aaron Rodgers,GB,2014,7,REG,W
Andrew Luck,IND,2014,7,REG,W
Blake Bortles,JAX,2014,7,REG,W
Austin Davis,STL,2014,7,REG,W
Kirk Cousins,WAS,2014,7,REG,W
Alex Smith,KC,2014,7,REG,W
Tony Romo,DAL,2014,7,REG,W
Carson Palmer,ARI,2014,7,REG,W
Peyton Manning,DEN,2014,7,REG,W
Ben Roethlisberger,PIT,2014,7,REG,W
Peyton Manning,DEN,2014,8,REG,W
Matthew Stafford,DET,2014,8,REG,W
Russell Wilson,SEA,2014,8,REG,W
Andy Dalton,CIN,2014,8,REG,W
Ryan Tannehill,MIA,2014,8,REG,W
Alex Smith,KC,2014,8,REG,W
Tom Brady,NE,2014,8,REG,W
Kyle Orton,BUF,2014,8,REG,W
Teddy Bridgewater,MIN,2014,8,REG,W
Ryan Fitzpatrick,HOU,2014,8,REG,W
Carson Palmer,ARI,2014,8,REG,W
Brian Hoyer,CLE,2014,8,REG,W
Ben Roethlisberger,PIT,2014,8,REG,W
Drew Brees,NO,2014,8,REG,W
Colt McCoy,WAS,2014,8,REG,W
Drew Brees,NO,2014,9,REG,W
Andy Dalton,CIN,2014,9,REG,W
Brian Hoyer,CLE,2014,9,REG,W
Carson Palmer,ARI,2014,9,REG,W
Nick Foles,PHI,2014,9,REG,W
Alex Smith,KC,2014,9,REG,W
Ryan Tannehill,MIA,2014,9,REG,W
Teddy Bridgewater,MIN,2014,9,REG,W
Austin Davis,STL,2014,9,REG,W
Tom Brady,NE,2014,9,REG,W
Russell Wilson,SEA,2014,9,REG,W
Ben Roethlisberger,PIT,2014,9,REG,W
Andrew Luck,IND,2014,9,REG,W
Brian Hoyer,CLE,2014,10,REG,W
Joe Flacco,BAL,2014,10,REG,W
Alex Smith,KC,2014,10,REG,W
Matthew Stafford,DET,2014,10,REG,W
Tony Romo,DAL,2014,10,REG,W
Colin Kaepernick,SF,2014,10,REG,W
Michael Vick,NYJ,2014,10,REG,W
Matt Ryan,ATL,2014,10,REG,W
Peyton Manning,DEN,2014,10,REG,W
Carson Palmer,ARI,2014,10,REG,W
Russell Wilson,SEA,2014,10,REG,W
Aaron Rodgers,GB,2014,10,REG,W
Mark Sanchez,PHI,2014,10,REG,W
Ryan Tannehill,MIA,2014,11,REG,W
Matt Ryan,ATL,2014,11,REG,W
Jay Cutler,CHI,2014,11,REG,W
Ryan Mallett,HOU,2014,11,REG,W
Alex Smith,KC,2014,11,REG,W
Andy Dalton,CIN,2014,11,REG,W
Colin Kaepernick,SF,2014,11,REG,W
Shaun Hill,STL,2014,11,REG,W
Josh McCown,TB,2014,11,REG,W
Philip Rivers,SD,2014,11,REG,W
Drew Stanton,ARI,2014,11,REG,W
Aaron Rodgers,GB,2014,11,REG,W
Tom Brady,NE,2014,11,REG,W
Ben Roethlisberger,PIT,2014,11,REG,W
Derek Carr,OAK,2014,12,REG,W
Brian Hoyer,CLE,2014,12,REG,W
Jay Cutler,CHI,2014,12,REG,W
Andy Dalton,CIN,2014,12,REG,W
Andrew Luck,IND,2014,12,REG,W
Aaron Rodgers,GB,2014,12,REG,W
Tom Brady,NE,2014,12,REG,W
Mark Sanchez,PHI,2014,12,REG,W
Philip Rivers,SD,2014,12,REG,W
Russell Wilson,SEA,2014,12,REG,W
Peyton Manning,DEN,2014,12,REG,W
Colin Kaepernick,SF,2014,12,REG,W
Tony Romo,DAL,2014,12,REG,W
Kyle Orton,BUF,2014,12,REG,W
Joe Flacco,BAL,2014,12,REG,W
Matthew Stafford,DET,2014,13,REG,W
Mark Sanchez,PHI,2014,13,REG,W
Russell Wilson,SEA,2014,13,REG,W
Philip Rivers,SD,2014,13,REG,W
Kyle Orton,BUF,2014,13,REG,W
Ryan Fitzpatrick,HOU,2014,13,REG,W
Andrew Luck,IND,2014,13,REG,W
Blake Bortles,JAX,2014,13,REG,W
Teddy Bridgewater,MIN,2014,13,REG,W
Drew Brees,NO,2014,13,REG,W
Shaun Hill,STL,2014,13,REG,W
Andy Dalton,CIN,2014,13,REG,W
Matt Ryan,ATL,2014,13,REG,W
Aaron Rodgers,GB,2014,13,REG,W
Peyton Manning,DEN,2014,13,REG,W
Ryan Tannehill,MIA,2014,13,REG,W
Tony Romo,DAL,2014,14,REG,W
Ben Roethlisberger,PIT,2014,14,REG,W
Andrew Luck,IND,2014,14,REG,W
Matthew Stafford,DET,2014,14,REG,W
Ryan Fitzpatrick,HOU,2014,14,REG,W
Joe Flacco,BAL,2014,14,REG,W
Teddy Bridgewater,MIN,2014,14,REG,W
Cam Newton,CAR,2014,14,REG,W
Eli Manning,NYG,2014,14,REG,W
Shaun Hill,STL,2014,14,REG,W
Drew Stanton,ARI,2014,14,REG,W
Peyton Manning,DEN,2014,14,REG,W
Derek Carr,OAK,2014,14,REG,W
Russell Wilson,SEA,2014,14,REG,W
Tom Brady,NE,2014,14,REG,W
Aaron Rodgers,GB,2014,14,REG,W
Drew Stanton,ARI,2014,15,REG,W
Ben Roethlisberger,PIT,2014,15,REG,W
Joe Flacco,BAL,2014,15,REG,W
Kyle Orton,BUF,2014,15,REG,W
Derek Anderson,CAR,2014,15,REG,W
Andy Dalton,CIN,2014,15,REG,W
Andrew Luck,IND,2014,15,REG,W
Alex Smith,KC,2014,15,REG,W
Tom Brady,NE,2014,15,REG,W
Eli Manning,NYG,2014,15,REG,W
Peyton Manning,DEN,2014,15,REG,W
Geno Smith,NYJ,2014,15,REG,W
Matthew Stafford,DET,2014,15,REG,W
Russell Wilson,SEA,2014,15,REG,W
Tony Romo,DAL,2014,15,REG,W
Drew Brees,NO,2014,15,REG,W
Blake Bortles,JAX,2014,16,REG,W
Robert Griffin,WAS,2014,16,REG,W
Philip Rivers,SD,2014,16,REG,W
Cam Newton,CAR,2014,16,REG,W
Matthew Stafford,DET,2014,16,REG,W
Case Keenum,HOU,2014,16,REG,W
Ryan Tannehill,MIA,2014,16,REG,W
Matt Ryan,ATL,2014,16,REG,W
Tom Brady,NE,2014,16,REG,W
Ben Roethlisberger,PIT,2014,16,REG,W
Aaron Rodgers,GB,2014,16,REG,W
Eli Manning,NYG,2014,16,REG,W
Tony Romo,DAL,2014,16,REG,W
Derek Carr,OAK,2014,16,REG,W
Russell Wilson,SEA,2014,16,REG,W
Andy Dalton,CIN,2014,16,REG,W
Joe Flacco,BAL,2014,17,REG,W
Case Keenum,HOU,2014,17,REG,W
Chase Daniel,KC,2014,17,REG,W
Geno Smith,NYJ,2014,17,REG,W
Teddy Bridgewater,MIN,2014,17,REG,W
Kyle Orton,BUF,2014,17,REG,W
Mark Sanchez,PHI,2014,17,REG,W
Drew Brees,NO,2014,17,REG,W
Andrew Luck,IND,2014,17,REG,W
Tony Romo,DAL,2014,17,REG,W
Cam Newton,CAR,2014,17,REG,W
Peyton Manning,DEN,2014,17,REG,W
Aaron Rodgers,GB,2014,17,REG,W
Russell Wilson,SEA,2014,17,REG,W
Colin Kaepernick,SF,2014,17,REG,W
Ben Roethlisberger,PIT,2014,17,REG,W
Cam Newton,CAR,2014,18,WC,W
Joe Flacco,BAL,2014,18,WC,W
Andrew Luck,IND,2014,18,WC,W
Tony Romo,DAL,2014,18,WC,W
Tom Brady,NE,2014,19,DIV,W
Russell Wilson,SEA,2014,19,DIV,W
Aaron Rodgers,GB,2014,19,DIV,W
Andrew Luck,IND,2014,19,DIV,W
Russell Wilson,SEA,2014,20,CON,W
Tom Brady,NE,2014,20,CON,W
Tom Brady,NE,2014,21,SB,W
Tom Brady,NE,2015,1,REG,W
Tyrod Taylor,BUF,2015,1,REG,W
Aaron Rodgers,GB,2015,1,REG,W
Alex Smith,KC,2015,1,REG,W
Cam Newton,CAR,2015,1,REG,W
Ryan Fitzpatrick,NYJ,2015,1,REG,W
Nick Foles,STL,2015,1,REG,W
Ryan Tannehill,MIA,2015,1,REG,W
Carson Palmer,ARI,2015,1,REG,W
Philip Rivers,SD,2015,1,REG,W
Peyton Manning,DEN,2015,1,REG,W
Andy Dalton,CIN,2015,1,REG,W
Marcus Mariota,TEN,2015,1,REG,W
Tony Romo,DAL,2015,1,REG,W
Matt Ryan,ATL,2015,1,REG,W
Colin Kaepernick,SF,2015,1,REG,W
Peyton Manning,DEN,2015,2,REG,W
Tom Brady,NE,2015,2,REG,W
Cam Newton,CAR,2015,2,REG,W
Carson Palmer,ARI,2015,2,REG,W
Andy Dalton,CIN,2015,2,REG,W
Johnny Manziel,CLE,2015,2,REG,W
Teddy Bridgewater,MIN,2015,2,REG,W
Jameis Winston,TB,2015,2,REG,W
Matt Ryan,ATL,2015,2,REG,W
Ben Roethlisberger,PIT,2015,2,REG,W
Kirk Cousins,WAS,2015,2,REG,W
Blake Bortles,JAX,2015,2,REG,W
Derek Carr,OAK,2015,2,REG,W
Tony Romo,DAL,2015,2,REG,W
Aaron Rodgers,GB,2015,2,REG,W
Ryan Fitzpatrick,NYJ,2015,2,REG,W
Eli Manning,NYG,2015,3,REG,W
Andy Dalton,CIN,2015,3,REG,W
Cam Newton,CAR,2015,3,REG,W
Derek Carr,OAK,2015,3,REG,W
Matt Ryan,ATL,2015,3,REG,W
Ryan Mallett,HOU,2015,3,REG,W
Teddy Bridgewater,MIN,2015,3,REG,W
Tom Brady,NE,2015,3,REG,W
Sam Bradford,PHI,2015,3,REG,W
Ben Roethlisberger,PIT,2015,3,REG,W
Andrew Luck,IND,2015,3,REG,W
Carson Palmer,ARI,2015,3,REG,W
Tyrod Taylor,BUF,2015,3,REG,W
Russell Wilson,SEA,2015,3,REG,W
Peyton Manning,DEN,2015,3,REG,W
Aaron Rodgers,GB,2015,3,REG,W
Joe Flacco,BAL,2015,4,REG,W
Ryan Fitzpatrick,NYJ,2015,4,REG,W
Matt Ryan,ATL,2015,4,REG,W
Eli Manning,NYG,2015,4,REG,W
Jay Cutler,CHI,2015,4,REG,W
Andy Dalton,CIN,2015,4,REG,W
Matt Hasselbeck,IND,2015,4,REG,W
Cam Newton,CAR,2015,4,REG,W
Kirk Cousins,WAS,2015,4,REG,W
Philip Rivers,SD,2015,4,REG,W
Nick Foles,STL,2015,4,REG,W
Peyton Manning,DEN,2015,4,REG,W
Aaron Rodgers,GB,2015,4,REG,W
Drew Brees,NO,2015,4,REG,W
Russell Wilson,SEA,2015,4,REG,W
Matt Hasselbeck,IND,2015,5,REG,W
Matt Ryan,ATL,2015,5,REG,W
Josh McCown,CLE,2015,5,REG,W
Andy Dalton,CIN,2015,5,REG,W
Aaron Rodgers,GB,2015,5,REG,W
Jay Cutler,CHI,2015,5,REG,W
Sam Bradford,PHI,2015,5,REG,W
Jameis Winston,TB,2015,5,REG,W
Tyrod Taylor,BUF,2015,5,REG,W
Carson Palmer,ARI,2015,5,REG,W
Tom Brady,NE,2015,5,REG,W
Peyton Manning,DEN,2015,5,REG,W
Eli Manning,NYG,2015,5,REG,W
Michael Vick,PIT,2015,5,REG,W
Drew Brees,NO,2015,6,REG,W
Andy Dalton,CIN,2015,6,REG,W
Peyton Manning,DEN,2015,6,REG,W
Matthew Stafford,DET,2015,6,REG,W
Brian Hoyer,HOU,2015,6,REG,W
Teddy Bridgewater,MIN,2015,6,REG,W
Ryan Fitzpatrick,NYJ,2015,6,REG,W
Michael Vick,PIT,2015,6,REG,W
Ryan Tannehill,MIA,2015,6,REG,W
Cam Newton,CAR,2015,6,REG,W
Aaron Rodgers,GB,2015,6,REG,W
Colin Kaepernick,SF,2015,6,REG,W
Tom Brady,NE,2015,6,REG,W
Sam Bradford,PHI,2015,6,REG,W
Russell Wilson,SEA,2015,7,REG,W
Blake Bortles,JAX,2015,7,REG,W
Teddy Bridgewater,MIN,2015,7,REG,W
Drew Brees,NO,2015,7,REG,W
Alex Smith,KC,2015,7,REG,W
Ryan Tannehill,MIA,2015,7,REG,W
Tom Brady,NE,2015,7,REG,W
Nick Foles,STL,2015,7,REG,W
Matt Ryan,ATL,2015,7,REG,W
Kirk Cousins,WAS,2015,7,REG,W
Derek Carr,OAK,2015,7,REG,W
Eli Manning,NYG,2015,7,REG,W
Cam Newton,CAR,2015,7,REG,W
Carson Palmer,ARI,2015,7,REG,W
Tom Brady,NE,2015,8,REG,W
Alex Smith,KC,2015,8,REG,W
Jameis Winston,TB,2015,8,REG,W
Joe Flacco,BAL,2015,8,REG,W
Teddy Bridgewater,MIN,2015,8,REG,W
Carson Palmer,ARI,2015,8,REG,W
Brian Hoyer,HOU,2015,8,REG,W
Drew Brees,NO,2015,8,REG,W
Andy Dalton,CIN,2015,8,REG,W
Nick Foles,STL,2015,8,REG,W
Derek Carr,OAK,2015,8,REG,W
Russell Wilson,SEA,2015,8,REG,W
Peyton Manning,DEN,2015,8,REG,W
Cam Newton,CAR,2015,8,REG,W
Andy Dalton,CIN,2015,9,REG,W
Tyrod Taylor,BUF,2015,9,REG,W
Cam Newton,CAR,2015,9,REG,W
Teddy Bridgewater,MIN,2015,9,REG,W
Tom Brady,NE,2015,9,REG,W
Marcus Mariota,TEN,2015,9,REG,W
Ryan Fitzpatrick,NYJ,2015,9,REG,W
Ben Roethlisberger,PIT,2015,9,REG,W
Blaine Gabbert,SF,2015,9,REG,W
Eli Manning,NYG,2015,9,REG,W
Andrew Luck,IND,2015,9,REG,W
Sam Bradford,PHI,2015,9,REG,W
Jay Cutler,CHI,2015,9,REG,W
Tyrod Taylor,BUF,2015,10,REG,W
Blake Bortles,JAX,2015,10,REG,W
Matthew Stafford,DET,2015,10,REG,W
Ryan Tannehill,MIA,2015,10,REG,W
Landry Jones,PIT,2015,10,REG,W
Jay Cutler,CHI,2015,10,REG,W
Jameis Winston,TB,2015,10,REG,W
Cam Newton,CAR,2015,10,REG,W
Kirk Cousins,WAS,2015,10,REG,W
Teddy Bridgewater,MIN,2015,10,REG,W
Alex Smith,KC,2015,10,REG,W
Tom Brady,NE,2015,10,REG,W
Carson Palmer,ARI,2015,10,REG,W
Brian Hoyer,HOU,2015,10,REG,W
Blake Bortles,JAX,2015,11,REG,W
Matt Hasselbeck,IND,2015,11,REG,W
Joe Flacco,BAL,2015,11,REG,W
Cam Newton,CAR,2015,11,REG,W
Brock Osweiler,DEN,2015,11,REG,W
Matthew Stafford,DET,2015,11,REG,W
T.J. Yates,HOU,2015,11,REG,W
Tony Romo,DAL,2015,11,REG,W
Jameis Winston,TB,2015,11,REG,W
Alex Smith,KC,2015,11,REG,W
Aaron Rodgers,GB,2015,11,REG,W
Russell Wilson,SEA,2015,11,REG,W
Carson Palmer,ARI,2015,11,REG,W
Tom Brady,NE,2015,11,REG,W
Matthew Stafford,DET,2015,12,REG,W
Cam Newton,CAR,2015,12,REG,W
Jay Cutler,CHI,2015,12,REG,W
Teddy Bridgewater,MIN,2015,12,REG,W
Andy Dalton,CIN,2015,12,REG,W
Brian Hoyer,HOU,2015,12,REG,W
Matt Hasselbeck,IND,2015,12,REG,W
Philip Rivers,SD,2015,12,REG,W
Alex Smith,KC,2015,12,REG,W
Ryan Fitzpatrick,NYJ,2015,12,REG,W
Derek Carr,OAK,2015,12,REG,W
Kirk Cousins,WAS,2015,12,REG,W
Carson Palmer,ARI,2015,12,REG,W
Russell Wilson,SEA,2015,12,REG,W
Brock Osweiler,DEN,2015,12,REG,W
Matt Schaub,BAL,2015,12,REG,W
Aaron Rodgers,GB,2015,13,REG,W
Tyrod Taylor,BUF,2015,13,REG,W
Blaine Gabbert,SF,2015,13,REG,W
Andy Dalton,CIN,2015,13,REG,W
Ryan Tannehill,MIA,2015,13,REG,W
Russell Wilson,SEA,2015,13,REG,W
Ryan Fitzpatrick,NYJ,2015,13,REG,W
Carson Palmer,ARI,2015,13,REG,W
Jameis Winston,TB,2015,13,REG,W
Marcus Mariota,TEN,2015,13,REG,W
Alex Smith,KC,2015,13,REG,W
Brock Osweiler,DEN,2015,13,REG,W
Sam Bradford,PHI,2015,13,REG,W
Cam Newton,CAR,2015,13,REG,W
Ben Roethlisberger,PIT,2015,13,REG,W
Matt Cassel,DAL,2015,13,REG,W
Carson Palmer,ARI,2015,14,REG,W
Russell Wilson,SEA,2015,14,REG,W
Cam Newton,CAR,2015,14,REG,W
Kirk Cousins,WAS,2015,14,REG,W
Ben Roethlisberger,PIT,2015,14,REG,W
Johnny Manziel,CLE,2015,14,REG,W
Blake Bortles,JAX,2015,14,REG,W
Alex Smith,KC,2015,14,REG,W
Ryan Fitzpatrick,NYJ,2015,14,REG,W
Sam Bradford,PHI,2015,14,REG,W
Case Keenum,STL,2015,14,REG,W
Drew Brees,NO,2015,14,REG,W
Derek Carr,OAK,2015,14,REG,W
Aaron Rodgers,GB,2015,14,REG,W
Tom Brady,NE,2015,14,REG,W
Eli Manning,NYG,2015,14,REG,W
Case Keenum,STL,2015,15,REG,W
Ryan Fitzpatrick,NYJ,2015,15,REG,W
Alex Smith,KC,2015,15,REG,W
T.J. Yates,HOU,2015,15,REG,W
Matt Ryan,ATL,2015,15,REG,W
Teddy Bridgewater,MIN,2015,15,REG,W
Tom Brady,NE,2015,15,REG,W
Cam Newton,CAR,2015,15,REG,W
Kirk Cousins,WAS,2015,15,REG,W
Aaron Rodgers,GB,2015,15,REG,W
Russell Wilson,SEA,2015,15,REG,W
Ben Roethlisberger,PIT,2015,15,REG,W
Philip Rivers,SD,2015,15,REG,W
A.J. McCarron,CIN,2015,15,REG,W
Carson Palmer,ARI,2015,15,REG,W
Matthew Stafford,DET,2015,15,REG,W
Derek Carr,OAK,2015,16,REG,W
Kirk Cousins,WAS,2015,16,REG,W
Matt Ryan,ATL,2015,16,REG,W
Ryan Mallett,BAL,2015,16,REG,W
Tyrod Taylor,BUF,2015,16,REG,W
Matthew Stafford,DET,2015,16,REG,W
Alex Smith,KC,2015,16,REG,W
Matt Hasselbeck,IND,2015,16,REG,W
Ryan Fitzpatrick,NYJ,2015,16,REG,W
Jay Cutler,CHI,2015,16,REG,W
Brandon Weeden,HOU,2015,16,REG,W
Drew Brees,NO,2015,16,REG,W
Carson Palmer,ARI,2015,16,REG,W
Case Keenum,STL,2015,16,REG,W
Teddy Bridgewater,MIN,2015,16,REG,W
Brock Osweiler,DEN,2015,16,REG,W
Drew Brees,NO,2015,17,REG,W
Tyrod Taylor,BUF,2015,17,REG,W
Matthew Stafford,DET,2015,17,REG,W
A.J. McCarron,CIN,2015,17,REG,W
Ben Roethlisberger,PIT,2015,17,REG,W
Kirk Cousins,WAS,2015,17,REG,W
Brian Hoyer,HOU,2015,17,REG,W
Josh Freeman,IND,2015,17,REG,W
Ryan Tannehill,MIA,2015,17,REG,W
Sam Bradford,PHI,2015,17,REG,W
Russell Wilson,SEA,2015,17,REG,W
Cam Newton,CAR,2015,17,REG,W
Brock Osweiler,DEN,2015,17,REG,W
Alex Smith,KC,2015,17,REG,W
Blaine Gabbert,SF,2015,17,REG,W
Teddy Bridgewater,MIN,2015,17,REG,W
Alex Smith,KC,2015,18,WC,W
Ben Roethlisberger,PIT,2015,18,WC,W
Russell Wilson,SEA,2015,18,WC,W
Aaron Rodgers,GB,2015,18,WC,W
Tom Brady,NE,2015,19,DIV,W
Carson Palmer,ARI,2015,19,DIV,W
Cam Newton,CAR,2015,19,DIV,W
Peyton Manning,DEN,2015,19,DIV,W
Peyton Manning,DEN,2015,20,CON,W
Cam Newton,CAR,2015,20,CON,W
Peyton Manning,DEN,2015,21,SB,W
Trevor Siemian,DEN,2016,1,REG,W
Jameis Winston,TB,2016,1,REG,W
Joe Flacco,BAL,2016,1,REG,W
Brock Osweiler,HOU,2016,1,REG,W
Aaron Rodgers,GB,2016,1,REG,W
Alex Smith,KC,2016,1,REG,W
Derek Carr,OAK,2016,1,REG,W
Andy Dalton,CIN,2016,1,REG,W
Carson Wentz,PHI,2016,1,REG,W
Shaun Hill,MIN,2016,1,REG,W
Russell Wilson,SEA,2016,1,REG,W
Eli Manning,NYG,2016,1,REG,W
Matthew Stafford,DET,2016,1,REG,W
Jimmy Garoppolo,NE,2016,1,REG,W
Ben Roethlisberger,PIT,2016,1,REG,W
Blaine Gabbert,SF,2016,1,REG,W
Ryan Fitzpatrick,NYJ,2016,2,REG,W
Carson Palmer,ARI,2016,2,REG,W
Cam Newton,CAR,2016,2,REG,W
Joe Flacco,BAL,2016,2,REG,W
Marcus Mariota,TEN,2016,2,REG,W
Brock Osweiler,HOU,2016,2,REG,W
Jimmy Garoppolo,NE,2016,2,REG,W
Eli Manning,NYG,2016,2,REG,W
Ben Roethlisberger,PIT,2016,2,REG,W
Dak Prescott,DAL,2016,2,REG,W
Case Keenum,LA,2016,2,REG,W
Trevor Siemian,DEN,2016,2,REG,W
Matt Ryan,ATL,2016,2,REG,W
Philip Rivers,SD,2016,2,REG,W
Sam Bradford,MIN,2016,2,REG,W
Carson Wentz,PHI,2016,2,REG,W
Jacoby Brissett,NE,2016,3,REG,W
Tyrod Taylor,BUF,2016,3,REG,W
Sam Bradford,MIN,2016,3,REG,W
Trevor Siemian,DEN,2016,3,REG,W
Aaron Rodgers,GB,2016,3,REG,W
Joe Flacco,BAL,2016,3,REG,W
Ryan Tannehill,MIA,2016,3,REG,W
Kirk Cousins,WAS,2016,3,REG,W
Derek Carr,OAK,2016,3,REG,W
Russell Wilson,SEA,2016,3,REG,W
Case Keenum,LA,2016,3,REG,W
Andrew Luck,IND,2016,3,REG,W
Alex Smith,KC,2016,3,REG,W
Carson Wentz,PHI,2016,3,REG,W
Dak Prescott,DAL,2016,3,REG,W
Matt Ryan,ATL,2016,3,REG,W
Andy Dalton,CIN,2016,4,REG,W
Blake Bortles,JAX,2016,4,REG,W
Matt Ryan,ATL,2016,4,REG,W
Derek Carr,OAK,2016,4,REG,W
Brian Hoyer,CHI,2016,4,REG,W
Brock Osweiler,HOU,2016,4,REG,W
Tyrod Taylor,BUF,2016,4,REG,W
Russell Wilson,SEA,2016,4,REG,W
Kirk Cousins,WAS,2016,4,REG,W
Trevor Siemian,DEN,2016,4,REG,W
Case Keenum,LA,2016,4,REG,W
Drew Brees,NO,2016,4,REG,W
Dak Prescott,DAL,2016,4,REG,W
Ben Roethlisberger,PIT,2016,4,REG,W
Sam Bradford,MIN,2016,4,REG,W
Drew Stanton,ARI,2016,5,REG,W
Kirk Cousins,WAS,2016,5,REG,W
Tom Brady,NE,2016,5,REG,W
Matthew Stafford,DET,2016,5,REG,W
Andrew Luck,IND,2016,5,REG,W
Marcus Mariota,TEN,2016,5,REG,W
Sam Bradford,MIN,2016,5,REG,W
Ben Roethlisberger,PIT,2016,5,REG,W
Matt Ryan,ATL,2016,5,REG,W
Dak Prescott,DAL,2016,5,REG,W
Tyrod Taylor,BUF,2016,5,REG,W
Derek Carr,OAK,2016,5,REG,W
Aaron Rodgers,GB,2016,5,REG,W
Jameis Winston,TB,2016,5,REG,W
Philip Rivers,SD,2016,6,REG,W
Tyrod Taylor,BUF,2016,6,REG,W
Blake Bortles,JAX,2016,6,REG,W
Matthew Stafford,DET,2016,6,REG,W
Ryan Tannehill,MIA,2016,6,REG,W
Tom Brady,NE,2016,6,REG,W
Drew Brees,NO,2016,6,REG,W
Eli Manning,NYG,2016,6,REG,W
Marcus Mariota,TEN,2016,6,REG,W
Kirk Cousins,WAS,2016,6,REG,W
Alex Smith,KC,2016,6,REG,W
Dak Prescott,DAL,2016,6,REG,W
Russell Wilson,SEA,2016,6,REG,W
Brock Osweiler,HOU,2016,6,REG,W
Carson Palmer,ARI,2016,6,REG,W
Aaron Rodgers,GB,2016,7,REG,W
Eli Manning,NYG,2016,7,REG,W
Andy Dalton,CIN,2016,7,REG,W
Matthew Stafford,DET,2016,7,REG,W
Derek Carr,OAK,2016,7,REG,W
Alex Smith,KC,2016,7,REG,W
Ryan Tannehill,MIA,2016,7,REG,W
Geno Smith,NYJ,2016,7,REG,W
Carson Wentz,PHI,2016,7,REG,W
Andrew Luck,IND,2016,7,REG,W
Philip Rivers,SD,2016,7,REG,W
Jameis Winston,TB,2016,7,REG,W
Tom Brady,NE,2016,7,REG,W
Carson Palmer,ARI,2016,7,REG,W
Trevor Siemian,DEN,2016,7,REG,W
Marcus Mariota,TEN,2016,8,REG,W
Andy Dalton,CIN,2016,8,REG,W
Tom Brady,NE,2016,8,REG,W
Cam Newton,CAR,2016,8,REG,W
Ryan Fitzpatrick,NYJ,2016,8,REG,W
Brock Osweiler,HOU,2016,8,REG,W
Alex Smith,KC,2016,8,REG,W
Drew Brees,NO,2016,8,REG,W
Derek Carr,OAK,2016,8,REG,W
Trevor Siemian,DEN,2016,8,REG,W
Matt Ryan,ATL,2016,8,REG,W
Dak Prescott,DAL,2016,8,REG,W
Jay Cutler,CHI,2016,8,REG,W
Matt Ryan,ATL,2016,9,REG,W
Joe Flacco,BAL,2016,9,REG,W
Dak Prescott,DAL,2016,9,REG,W
Nick Foles,KC,2016,9,REG,W
Ryan Tannehill,MIA,2016,9,REG,W
Matthew Stafford,DET,2016,9,REG,W
Eli Manning,NYG,2016,9,REG,W
Cam Newton,CAR,2016,9,REG,W
Drew Brees,NO,2016,9,REG,W
Andrew Luck,IND,2016,9,REG,W
Philip Rivers,SD,2016,9,REG,W
Derek Carr,OAK,2016,9,REG,W
Russell Wilson,SEA,2016,9,REG,W
Joe Flacco,BAL,2016,10,REG,W
Alex Smith,KC,2016,10,REG,W
Brock Osweiler,HOU,2016,10,REG,W
Trevor Siemian,DEN,2016,10,REG,W
Case Keenum,LA,2016,10,REG,W
Carson Wentz,PHI,2016,10,REG,W
Jameis Winston,TB,2016,10,REG,W
Marcus Mariota,TEN,2016,10,REG,W
Kirk Cousins,WAS,2016,10,REG,W
Ryan Tannehill,MIA,2016,10,REG,W
Carson Palmer,ARI,2016,10,REG,W
Dak Prescott,DAL,2016,10,REG,W
Russell Wilson,SEA,2016,10,REG,W
Eli Manning,NYG,2016,10,REG,W
Cam Newton,CAR,2016,11,REG,W
Tyrod Taylor,BUF,2016,11,REG,W
Ben Roethlisberger,PIT,2016,11,REG,W
Dak Prescott,DAL,2016,11,REG,W
Matthew Stafford,DET,2016,11,REG,W
Andrew Luck,IND,2016,11,REG,W
Jameis Winston,TB,2016,11,REG,W
Sam Bradford,MIN,2016,11,REG,W
Eli Manning,NYG,2016,11,REG,W
Ryan Tannehill,MIA,2016,11,REG,W
Russell Wilson,SEA,2016,11,REG,W
Tom Brady,NE,2016,11,REG,W
Kirk Cousins,WAS,2016,11,REG,W
Derek Carr,OAK,2016,11,REG,W
Matthew Stafford,DET,2016,12,REG,W
Dak Prescott,DAL,2016,12,REG,W
Ben Roethlisberger,PIT,2016,12,REG,W
Matt Ryan,ATL,2016,12,REG,W
Joe Flacco,BAL,2016,12,REG,W
Tyrod Taylor,BUF,2016,12,REG,W
Marcus Mariota,TEN,2016,12,REG,W
Eli Manning,NYG,2016,12,REG,W
Philip Rivers,SD,2016,12,REG,W
Ryan Tannehill,MIA,2016,12,REG,W
Drew Brees,NO,2016,12,REG,W
Jameis Winston,TB,2016,12,REG,W
Tom Brady,NE,2016,12,REG,W
Derek Carr,OAK,2016,12,REG,W
Alex Smith,KC,2016,12,REG,W
Aaron Rodgers,GB,2016,12,REG,W
Dak Prescott,DAL,2016,13,REG,W
Alex Smith,KC,2016,13,REG,W
Joe Flacco,BAL,2016,13,REG,W
Matt Barkley,CHI,2016,13,REG,W
Andy Dalton,CIN,2016,13,REG,W
Aaron Rodgers,GB,2016,13,REG,W
Paxton Lynch,DEN,2016,13,REG,W
Tom Brady,NE,2016,13,REG,W
Matthew Stafford,DET,2016,13,REG,W
Derek Carr,OAK,2016,13,REG,W
Carson Palmer,ARI,2016,13,REG,W
Ben Roethlisberger,PIT,2016,13,REG,W
Jameis Winston,TB,2016,13,REG,W
Russell Wilson,SEA,2016,13,REG,W
Andrew Luck,IND,2016,13,REG,W
Alex Smith,KC,2016,14,REG,W
Ben Roethlisberger,PIT,2016,14,REG,W
Cam Newton,CAR,2016,14,REG,W
Andy Dalton,CIN,2016,14,REG,W
Matthew Stafford,DET,2016,14,REG,W
Brock Osweiler,HOU,2016,14,REG,W
Sam Bradford,MIN,2016,14,REG,W
Ryan Tannehill,MIA,2016,14,REG,W
Kirk Cousins,WAS,2016,14,REG,W
Marcus Mariota,TEN,2016,14,REG,W
Bryce Petty,NYJ,2016,14,REG,W
Aaron Rodgers,GB,2016,14,REG,W
Matt Ryan,ATL,2016,14,REG,W
Jameis Winston,TB,2016,14,REG,W
Eli Manning,NYG,2016,14,REG,W
Tom Brady,NE,2016,14,REG,W
Russell Wilson,SEA,2016,15,REG,W
Matt Moore,MIA,2016,15,REG,W
Joe Flacco,BAL,2016,15,REG,W
Tyrod Taylor,BUF,2016,15,REG,W
Aaron Rodgers,GB,2016,15,REG,W
Ben Roethlisberger,PIT,2016,15,REG,W
Brock Osweiler,HOU,2016,15,REG,W
Marcus Mariota,TEN,2016,15,REG,W
Andrew Luck,IND,2016,15,REG,W
Eli Manning,NYG,2016,15,REG,W
Drew Brees,NO,2016,15,REG,W
Matt Ryan,ATL,2016,15,REG,W
Tom Brady,NE,2016,15,REG,W
Derek Carr,OAK,2016,15,REG,W
Dak Prescott,DAL,2016,15,REG,W
Cam Newton,CAR,2016,15,REG,W
Carson Wentz,PHI,2016,16,REG,W
Matt Moore,MIA,2016,16,REG,W
Matt Ryan,ATL,2016,16,REG,W
Kirk Cousins,WAS,2016,16,REG,W
Robert Griffin,CLE,2016,16,REG,W
Aaron Rodgers,GB,2016,16,REG,W
Blake Bortles,JAX,2016,16,REG,W
Tom Brady,NE,2016,16,REG,W
Derek Carr,OAK,2016,16,REG,W
Colin Kaepernick,SF,2016,16,REG,W
Drew Brees,NO,2016,16,REG,W
Carson Palmer,ARI,2016,16,REG,W
Tom Savage,HOU,2016,16,REG,W
Ben Roethlisberger,PIT,2016,16,REG,W
Alex Smith,KC,2016,16,REG,W
Dak Prescott,DAL,2016,16,REG,W
Andy Dalton,CIN,2016,17,REG,W
Andrew Luck,IND,2016,17,REG,W
Tom Brady,NE,2016,17,REG,W
Sam Bradford,MIN,2016,17,REG,W
Ryan Fitzpatrick,NYJ,2016,17,REG,W
Carson Wentz,PHI,2016,17,REG,W
Landry Jones,PIT,2016,17,REG,W
Jameis Winston,TB,2016,17,REG,W
Matt Cassel,TEN,2016,17,REG,W
Matt Ryan,ATL,2016,17,REG,W
Trevor Siemian,DEN,2016,17,REG,W
Carson Palmer,ARI,2016,17,REG,W
Alex Smith,KC,2016,17,REG,W
Russell Wilson,SEA,2016,17,REG,W
Eli Manning,NYG,2016,17,REG,W
Aaron Rodgers,GB,2016,17,REG,W
Brock Osweiler,HOU,2016,18,WC,W
Russell Wilson,SEA,2016,18,WC,W
Ben Roethlisberger,PIT,2016,18,WC,W
Aaron Rodgers,GB,2016,18,WC,W
Matt Ryan,ATL,2016,19,DIV,W
Tom Brady,NE,2016,19,DIV,W
Aaron Rodgers,GB,2016,19,DIV,W
Ben Roethlisberger,PIT,2016,19,DIV,W
Matt Ryan,ATL,2016,20,CON,W
Tom Brady,NE,2016,20,CON,W
Tom Brady,NE,2016,21,SB,W
Alex Smith,KC,2017,1,REG,W
Tyrod Taylor,BUF,2017,1,REG,W
Matt Ryan,ATL,2017,1,REG,W
Joe Flacco,BAL,2017,1,REG,W
Ben Roethlisberger,PIT,2017,1,REG,W
Matthew Stafford,DET,2017,1,REG,W
Blake Bortles,JAX,2017,1,REG,W
Derek Carr,OAK,2017,1,REG,W
Carson Wentz,PHI,2017,1,REG,W
Jared Goff,LA,2017,1,REG,W
Aaron Rodgers,GB,2017,1,REG,W
Cam Newton,CAR,2017,1,REG,W
Dak Prescott,DAL,2017,1,REG,W
Sam Bradford,MIN,2017,1,REG,W
Trevor Siemian,DEN,2017,1,REG,W
Deshaun Watson,HOU,2017,2,REG,W
Joe Flacco,BAL,2017,2,REG,W
Cam Newton,CAR,2017,2,REG,W
Carson Palmer,ARI,2017,2,REG,W
Marcus Mariota,TEN,2017,2,REG,W
Alex Smith,KC,2017,2,REG,W
Tom Brady,NE,2017,2,REG,W
Ben Roethlisberger,PIT,2017,2,REG,W
Jameis Winston,TB,2017,2,REG,W
Jay Cutler,MIA,2017,2,REG,W
Derek Carr,OAK,2017,2,REG,W
Trevor Siemian,DEN,2017,2,REG,W
Kirk Cousins,WAS,2017,2,REG,W
Russell Wilson,SEA,2017,2,REG,W
Matt Ryan,ATL,2017,2,REG,W
Matthew Stafford,DET,2017,2,REG,W
Jared Goff,LA,2017,3,REG,W
Tyrod Taylor,BUF,2017,3,REG,W
Drew Brees,NO,2017,3,REG,W
Mike Glennon,CHI,2017,3,REG,W
Matt Ryan,ATL,2017,3,REG,W
Jacoby Brissett,IND,2017,3,REG,W
Case Keenum,MIN,2017,3,REG,W
Tom Brady,NE,2017,3,REG,W
Josh McCown,NYJ,2017,3,REG,W
Carson Wentz,PHI,2017,3,REG,W
Marcus Mariota,TEN,2017,3,REG,W
Aaron Rodgers,GB,2017,3,REG,W
Alex Smith,KC,2017,3,REG,W
Kirk Cousins,WAS,2017,3,REG,W
Blake Bortles,JAX,2017,3,REG,W
Dak Prescott,DAL,2017,3,REG,W
Aaron Rodgers,GB,2017,4,REG,W
Tyrod Taylor,BUF,2017,4,REG,W
Ben Roethlisberger,PIT,2017,4,REG,W
Andy Dalton,CIN,2017,4,REG,W
Jared Goff,LA,2017,4,REG,W
Deshaun Watson,HOU,2017,4,REG,W
Matthew Stafford,DET,2017,4,REG,W
Cam Newton,CAR,2017,4,REG,W
Josh McCown,NYJ,2017,4,REG,W
Carson Palmer,ARI,2017,4,REG,W
Carson Wentz,PHI,2017,4,REG,W
Jameis Winston,TB,2017,4,REG,W
Trevor Siemian,DEN,2017,4,REG,W
Russell Wilson,SEA,2017,4,REG,W
Drew Brees,NO,2017,4,REG,W
Alex Smith,KC,2017,4,REG,W
Tom Brady,NE,2017,5,REG,W
Andy Dalton,CIN,2017,5,REG,W
Josh McCown,NYJ,2017,5,REG,W
Cam Newton,CAR,2017,5,REG,W
Jacoby Brissett,IND,2017,5,REG,W
Jay Cutler,MIA,2017,5,REG,W
Philip Rivers,LAC,2017,5,REG,W
Carson Wentz,PHI,2017,5,REG,W
Blake Bortles,JAX,2017,5,REG,W
Russell Wilson,SEA,2017,5,REG,W
Joe Flacco,BAL,2017,5,REG,W
Aaron Rodgers,GB,2017,5,REG,W
Alex Smith,KC,2017,5,REG,W
Sam Bradford,MIN,2017,5,REG,W
Carson Wentz,PHI,2017,6,REG,W
Jay Cutler,MIA,2017,6,REG,W
Mitch Trubisky,CHI,2017,6,REG,W
Deshaun Watson,HOU,2017,6,REG,W
Case Keenum,MIN,2017,6,REG,W
Drew Brees,NO,2017,6,REG,W
Tom Brady,NE,2017,6,REG,W
Kirk Cousins,WAS,2017,6,REG,W
Carson Palmer,ARI,2017,6,REG,W
Jared Goff,LA,2017,6,REG,W
Ben Roethlisberger,PIT,2017,6,REG,W
Philip Rivers,LAC,2017,6,REG,W
Eli Manning,NYG,2017,6,REG,W
Marcus Mariota,TEN,2017,6,REG,W
Derek Carr,OAK,2017,7,REG,W
Tyrod Taylor,BUF,2017,7,REG,W
Mitch Trubisky,CHI,2017,7,REG,W
Marcus Mariota,TEN,2017,7,REG,W
Drew Brees,NO,2017,7,REG,W
Blake Bortles,JAX,2017,7,REG,W
Jared Goff,LA,2017,7,REG,W
Jay Cutler,MIA,2017,7,REG,W
Case Keenum,MIN,2017,7,REG,W
Dak Prescott,DAL,2017,7,REG,W
Philip Rivers,LAC,2017,7,REG,W
Russell Wilson,SEA,2017,7,REG,W
Ben Roethlisberger,PIT,2017,7,REG,W
Tom Brady,NE,2017,7,REG,W
Carson Wentz,PHI,2017,7,REG,W
Joe Flacco,BAL,2017,8,REG,W
Tyrod Taylor,BUF,2017,8,REG,W
Andy Dalton,CIN,2017,8,REG,W
Tom Brady,NE,2017,8,REG,W
Drew Brees,NO,2017,8,REG,W
Matt Ryan,ATL,2017,8,REG,W
Carson Wentz,PHI,2017,8,REG,W
Cam Newton,CAR,2017,8,REG,W
Russell Wilson,SEA,2017,8,REG,W
Dak Prescott,DAL,2017,8,REG,W
Ben Roethlisberger,PIT,2017,8,REG,W
Case Keenum,MIN,2017,8,REG,W
Alex Smith,KC,2017,8,REG,W
Josh McCown,NYJ,2017,9,REG,W
Cam Newton,CAR,2017,9,REG,W
Jacoby Brissett,IND,2017,9,REG,W
Blake Bortles,JAX,2017,9,REG,W
Drew Brees,NO,2017,9,REG,W
Jared Goff,LA,2017,9,REG,W
Carson Wentz,PHI,2017,9,REG,W
Marcus Mariota,TEN,2017,9,REG,W
Kirk Cousins,WAS,2017,9,REG,W
Drew Stanton,ARI,2017,9,REG,W
Dak Prescott,DAL,2017,9,REG,W
Derek Carr,OAK,2017,9,REG,W
Matthew Stafford,DET,2017,9,REG,W
Russell Wilson,SEA,2017,10,REG,W
Drew Brees,NO,2017,10,REG,W
Brett Hundley,GB,2017,10,REG,W
Matthew Stafford,DET,2017,10,REG,W
Ben Roethlisberger,PIT,2017,10,REG,W
Blake Bortles,JAX,2017,10,REG,W
Ryan Fitzpatrick,TB,2017,10,REG,W
Marcus Mariota,TEN,2017,10,REG,W
Case Keenum,MIN,2017,10,REG,W
Jared Goff,LA,2017,10,REG,W
Matt Ryan,ATL,2017,10,REG,W
C.J. Beathard,SF,2017,10,REG,W
Tom Brady,NE,2017,10,REG,W
Cam Newton,CAR,2017,10,REG,W
Ben Roethlisberger,PIT,2017,11,REG,W
Matthew Stafford,DET,2017,11,REG,W
Blake Bortles,JAX,2017,11,REG,W
Joe Flacco,BAL,2017,11,REG,W
Tom Savage,HOU,2017,11,REG,W
Ryan Fitzpatrick,TB,2017,11,REG,W
Case Keenum,MIN,2017,11,REG,W
Drew Brees,NO,2017,11,REG,W
Eli Manning,NYG,2017,11,REG,W
Philip Rivers,LAC,2017,11,REG,W
Andy Dalton,CIN,2017,11,REG,W
Tom Brady,NE,2017,11,REG,W
Carson Wentz,PHI,2017,11,REG,W
Matt Ryan,ATL,2017,11,REG,W
Case Keenum,MIN,2017,12,REG,W
Philip Rivers,LAC,2017,12,REG,W
Kirk Cousins,WAS,2017,12,REG,W
Matt Ryan,ATL,2017,12,REG,W
Andy Dalton,CIN,2017,12,REG,W
Marcus Mariota,TEN,2017,12,REG,W
Tyrod Taylor,BUF,2017,12,REG,W
Tom Brady,NE,2017,12,REG,W
Cam Newton,CAR,2017,12,REG,W
Carson Wentz,PHI,2017,12,REG,W
Russell Wilson,SEA,2017,12,REG,W
Blaine Gabbert,ARI,2017,12,REG,W
Jared Goff,LA,2017,12,REG,W
Derek Carr,OAK,2017,12,REG,W
Ben Roethlisberger,PIT,2017,12,REG,W
Joe Flacco,BAL,2017,12,REG,W
Dak Prescott,DAL,2017,13,REG,W
Case Keenum,MIN,2017,13,REG,W
Joe Flacco,BAL,2017,13,REG,W
Tom Brady,NE,2017,13,REG,W
Jimmy Garoppolo,SF,2017,13,REG,W
Brett Hundley,GB,2017,13,REG,W
Blake Bortles,JAX,2017,13,REG,W
Jay Cutler,MIA,2017,13,REG,W
Josh McCown,NYJ,2017,13,REG,W
Marcus Mariota,TEN,2017,13,REG,W
Philip Rivers,LAC,2017,13,REG,W
Jared Goff,LA,2017,13,REG,W
Drew Brees,NO,2017,13,REG,W
Derek Carr,OAK,2017,13,REG,W
Russell Wilson,SEA,2017,13,REG,W
Ben Roethlisberger,PIT,2017,13,REG,W
Matt Ryan,ATL,2017,14,REG,W
Nathan Peterman,BUF,2017,14,REG,W
Cam Newton,CAR,2017,14,REG,W
Mitch Trubisky,CHI,2017,14,REG,W
Brett Hundley,GB,2017,14,REG,W
Jimmy Garoppolo,SF,2017,14,REG,W
Alex Smith,KC,2017,14,REG,W
Dak Prescott,DAL,2017,14,REG,W
Matthew Stafford,DET,2017,14,REG,W
Blaine Gabbert,ARI,2017,14,REG,W
Trevor Siemian,DEN,2017,14,REG,W
Philip Rivers,LAC,2017,14,REG,W
Blake Bortles,JAX,2017,14,REG,W
Carson Wentz,PHI,2017,14,REG,W
Ben Roethlisberger,PIT,2017,14,REG,W
Jay Cutler,MIA,2017,14,REG,W
Trevor Siemian,DEN,2017,15,REG,W
Matthew Stafford,DET,2017,15,REG,W
Alex Smith,KC,2017,15,REG,W
Tyrod Taylor,BUF,2017,15,REG,W
Cam Newton,CAR,2017,15,REG,W
Joe Flacco,BAL,2017,15,REG,W
Blake Bortles,JAX,2017,15,REG,W
Case Keenum,MIN,2017,15,REG,W
Drew Brees,NO,2017,15,REG,W
Nick Foles,PHI,2017,15,REG,W
Kirk Cousins,WAS,2017,15,REG,W
Jared Goff,LA,2017,15,REG,W
Tom Brady,NE,2017,15,REG,W
Jimmy Garoppolo,SF,2017,15,REG,W
Dak Prescott,DAL,2017,15,REG,W
Matt Ryan,ATL,2017,15,REG,W
Joe Flacco,BAL,2017,16,REG,W
Case Keenum,MIN,2017,16,REG,W
Cam Newton,CAR,2017,16,REG,W
Mitch Trubisky,CHI,2017,16,REG,W
Andy Dalton,CIN,2017,16,REG,W
Alex Smith,KC,2017,16,REG,W
Tom Brady,NE,2017,16,REG,W
Drew Brees,NO,2017,16,REG,W
Philip Rivers,LAC,2017,16,REG,W
Jared Goff,LA,2017,16,REG,W
Kirk Cousins,WAS,2017,16,REG,W
Jimmy Garoppolo,SF,2017,16,REG,W
Drew Stanton,ARI,2017,16,REG,W
Russell Wilson,SEA,2017,16,REG,W
Ben Roethlisberger,PIT,2017,16,REG,W
Nick Foles,PHI,2017,16,REG,W
Matthew Stafford,DET,2017,17,REG,W
Jacoby Brissett,IND,2017,17,REG,W
Case Keenum,MIN,2017,17,REG,W
Tom Brady,NE,2017,17,REG,W
Eli Manning,NYG,2017,17,REG,W
Dak Prescott,DAL,2017,17,REG,W
Landry Jones,PIT,2017,17,REG,W
Matt Ryan,ATL,2017,17,REG,W
Andy Dalton,CIN,2017,17,REG,W
Patrick Mahomes,KC,2017,17,REG,W
Jimmy Garoppolo,SF,2017,17,REG,W
Philip Rivers,LAC,2017,17,REG,W
Tyrod Taylor,BUF,2017,17,REG,W
Drew Stanton,ARI,2017,17,REG,W
Jameis Winston,TB,2017,17,REG,W
Marcus Mariota,TEN,2017,17,REG,W
Marcus Mariota,TEN,2017,18,WC,W
Matt Ryan,ATL,2017,18,WC,W
Blake Bortles,JAX,2017,18,WC,W
Drew Brees,NO,2017,18,WC,W
Nick Foles,PHI,2017,19,DIV,W
Tom Brady,NE,2017,19,DIV,W
Blake Bortles,JAX,2017,19,DIV,W
Case Keenum,MIN,2017,19,DIV,W
Tom Brady,NE,2017,20,CON,W
Nick Foles,PHI,2017,20,CON,W
Nick Foles,PHI,2017,21,SB,W
Nick Foles,PHI,2018,1,REG,W
Joe Flacco,BAL,2018,1,REG,W
Tyrod Taylor,CLE,2018,1,REG,W
Andy Dalton,CIN,2018,1,REG,W
Ryan Tannehill,MIA,2018,1,REG,W
Kirk Cousins,MIN,2018,1,REG,W
Tom Brady,NE,2018,1,REG,W
Ryan Fitzpatrick,TB,2018,1,REG,W
Blake Bortles,JAX,2018,1,REG,W
Patrick Mahomes,KC,2018,1,REG,W
Alex Smith,WAS,2018,1,REG,W
Cam Newton,CAR,2018,1,REG,W
Case Keenum,DEN,2018,1,REG,W
Aaron Rodgers,GB,2018,1,REG,W
Sam Darnold,NYJ,2018,1,REG,W
Jared Goff,LA,2018,1,REG,W
Andy Dalton,CIN,2018,2,REG,W
Matt Ryan,ATL,2018,2,REG,W
Philip Rivers,LAC,2018,2,REG,W
Aaron Rodgers,GB,2018,2,REG,W
Drew Brees,NO,2018,2,REG,W
Ryan Tannehill,MIA,2018,2,REG,W
Patrick Mahomes,KC,2018,2,REG,W
Ryan Fitzpatrick,TB,2018,2,REG,W
Blaine Gabbert,TEN,2018,2,REG,W
Andrew Luck,IND,2018,2,REG,W
Jared Goff,LA,2018,2,REG,W
Jimmy Garoppolo,SF,2018,2,REG,W
Case Keenum,DEN,2018,2,REG,W
Blake Bortles,JAX,2018,2,REG,W
Dak Prescott,DAL,2018,2,REG,W
Mitch Trubisky,CHI,2018,2,REG,W
Tyrod Taylor,CLE,2018,3,REG,W
Drew Brees,NO,2018,3,REG,W
Joe Flacco,BAL,2018,3,REG,W
Cam Newton,CAR,2018,3,REG,W
Eli Manning,NYG,2018,3,REG,W
Blaine Gabbert,TEN,2018,3,REG,W
Patrick Mahomes,KC,2018,3,REG,W
Ryan Tannehill,MIA,2018,3,REG,W
Josh Allen,BUF,2018,3,REG,W
Carson Wentz,PHI,2018,3,REG,W
Alex Smith,WAS,2018,3,REG,W
Jared Goff,LA,2018,3,REG,W
Mitch Trubisky,CHI,2018,3,REG,W
Russell Wilson,SEA,2018,3,REG,W
Matthew Stafford,DET,2018,3,REG,W
Ben Roethlisberger,PIT,2018,3,REG,W
Jared Goff,LA,2018,4,REG,W
Andy Dalton,CIN,2018,4,REG,W
Mitch Trubisky,CHI,2018,4,REG,W
Dak Prescott,DAL,2018,4,REG,W
Aaron Rodgers,GB,2018,4,REG,W
Deshaun Watson,HOU,2018,4,REG,W
Blake Bortles,JAX,2018,4,REG,W
Tom Brady,NE,2018,4,REG,W
Marcus Mariota,TEN,2018,4,REG,W
Russell Wilson,SEA,2018,4,REG,W
Derek Carr,OAK,2018,4,REG,W
Philip Rivers,LAC,2018,4,REG,W
Drew Brees,NO,2018,4,REG,W
Joe Flacco,BAL,2018,4,REG,W
Patrick Mahomes,KC,2018,4,REG,W
Tom Brady,NE,2018,5,REG,W
Josh Allen,BUF,2018,5,REG,W
Cam Newton,CAR,2018,5,REG,W
Andy Dalton,CIN,2018,5,REG,W
Baker Mayfield,CLE,2018,5,REG,W
Matthew Stafford,DET,2018,5,REG,W
Patrick Mahomes,KC,2018,5,REG,W
Sam Darnold,NYJ,2018,5,REG,W
Ben Roethlisberger,PIT,2018,5,REG,W
Philip Rivers,LAC,2018,5,REG,W
Kirk Cousins,MIN,2018,5,REG,W
Jared Goff,LA,2018,5,REG,W
Josh Rosen,ARI,2018,5,REG,W
Deshaun Watson,HOU,2018,5,REG,W
Drew Brees,NO,2018,5,REG,W
Carson Wentz,PHI,2018,6,REG,W
Matt Ryan,ATL,2018,6,REG,W
Ben Roethlisberger,PIT,2018,6,REG,W
Philip Rivers,LAC,2018,6,REG,W
Deshaun Watson,HOU,2018,6,REG,W
Brock Osweiler,MIA,2018,6,REG,W
Kirk Cousins,MIN,2018,6,REG,W
Sam Darnold,NYJ,2018,6,REG,W
Russell Wilson,SEA,2018,6,REG,W
Alex Smith,WAS,2018,6,REG,W
Jared Goff,LA,2018,6,REG,W
Dak Prescott,DAL,2018,6,REG,W
Joe Flacco,BAL,2018,6,REG,W
Tom Brady,NE,2018,6,REG,W
Aaron Rodgers,GB,2018,6,REG,W
Case Keenum,DEN,2018,7,REG,W
Tom Brady,NE,2018,7,REG,W
Andrew Luck,IND,2018,7,REG,W
Deshaun Watson,HOU,2018,7,REG,W
Matthew Stafford,DET,2018,7,REG,W
Kirk Cousins,MIN,2018,7,REG,W
Cam Newton,CAR,2018,7,REG,W
Jameis Winston,TB,2018,7,REG,W
Drew Brees,NO,2018,7,REG,W
Jared Goff,LA,2018,7,REG,W
Alex Smith,WAS,2018,7,REG,W
Patrick Mahomes,KC,2018,7,REG,W
Philip Rivers,LAC,2018,7,REG,W
Matt Ryan,ATL,2018,7,REG,W
Deshaun Watson,HOU,2018,8,REG,W
Cam Newton,CAR,2018,8,REG,W
Mitch Trubisky,CHI,2018,8,REG,W
Andy Dalton,CIN,2018,8,REG,W
Russell Wilson,SEA,2018,8,REG,W
Patrick Mahomes,KC,2018,8,REG,W
Alex Smith,WAS,2018,8,REG,W
Ben Roethlisberger,PIT,2018,8,REG,W
Andrew Luck,IND,2018,8,REG,W
Josh Rosen,ARI,2018,8,REG,W
Jared Goff,LA,2018,8,REG,W
Drew Brees,NO,2018,8,REG,W
Carson Wentz,PHI,2018,8,REG,W
Tom Brady,NE,2018,8,REG,W
Nick Mullens,SF,2018,9,REG,W
Ben Roethlisberger,PIT,2018,9,REG,W
Mitch Trubisky,CHI,2018,9,REG,W
Cam Newton,CAR,2018,9,REG,W
Patrick Mahomes,KC,2018,9,REG,W
Brock Osweiler,MIA,2018,9,REG,W
Kirk Cousins,MIN,2018,9,REG,W
Matt Ryan,ATL,2018,9,REG,W
Deshaun Watson,HOU,2018,9,REG,W
Philip Rivers,LAC,2018,9,REG,W
Drew Brees,NO,2018,9,REG,W
Tom Brady,NE,2018,9,REG,W
Marcus Mariota,TEN,2018,9,REG,W
Ben Roethlisberger,PIT,2018,10,REG,W
Mitch Trubisky,CHI,2018,10,REG,W
Drew Brees,NO,2018,10,REG,W
Baker Mayfield,CLE,2018,10,REG,W
Andrew Luck,IND,2018,10,REG,W
Patrick Mahomes,KC,2018,10,REG,W
Matt Barkley,BUF,2018,10,REG,W
Alex Smith,WAS,2018,10,REG,W
Marcus Mariota,TEN,2018,10,REG,W
Philip Rivers,LAC,2018,10,REG,W
Aaron Rodgers,GB,2018,10,REG,W
Jared Goff,LA,2018,10,REG,W
Dak Prescott,DAL,2018,10,REG,W
Eli Manning,NYG,2018,10,REG,W
Russell Wilson,SEA,2018,11,REG,W
Dak Prescott,DAL,2018,11,REG,W
Lamar Jackson,BAL,2018,11,REG,W
Matthew Stafford,DET,2018,11,REG,W
Andrew Luck,IND,2018,11,REG,W
Ben Roethlisberger,PIT,2018,11,REG,W
Eli Manning,NYG,2018,11,REG,W
Deshaun Watson,HOU,2018,11,REG,W
Derek Carr,OAK,2018,11,REG,W
Case Keenum,DEN,2018,11,REG,W
Drew Brees,NO,2018,11,REG,W
Mitch Trubisky,CHI,2018,11,REG,W
Jared Goff,LA,2018,11,REG,W
Chase Daniel,CHI,2018,12,REG,W
Dak Prescott,DAL,2018,12,REG,W
Drew Brees,NO,2018,12,REG,W
Lamar Jackson,BAL,2018,12,REG,W
Josh Allen,BUF,2018,12,REG,W
Russell Wilson,SEA,2018,12,REG,W
Baker Mayfield,CLE,2018,12,REG,W
Tom Brady,NE,2018,12,REG,W
Carson Wentz,PHI,2018,12,REG,W
Jameis Winston,TB,2018,12,REG,W
Philip Rivers,LAC,2018,12,REG,W
Case Keenum,DEN,2018,12,REG,W
Andrew Luck,IND,2018,12,REG,W
Kirk Cousins,MIN,2018,12,REG,W
Deshaun Watson,HOU,2018,12,REG,W
Dak Prescott,DAL,2018,13,REG,W
Lamar Jackson,BAL,2018,13,REG,W
Case Keenum,DEN,2018,13,REG,W
Jared Goff,LA,2018,13,REG,W
Josh Rosen,ARI,2018,13,REG,W
Deshaun Watson,HOU,2018,13,REG,W
Cody Kessler,JAX,2018,13,REG,W
Ryan Tannehill,MIA,2018,13,REG,W
Eli Manning,NYG,2018,13,REG,W
Jameis Winston,TB,2018,13,REG,W
Patrick Mahomes,KC,2018,13,REG,W
Marcus Mariota,TEN,2018,13,REG,W
Tom Brady,NE,2018,13,REG,W
Russell Wilson,SEA,2018,13,REG,W
Philip Rivers,LAC,2018,13,REG,W
Carson Wentz,PHI,2018,13,REG,W
Marcus Mariota,TEN,2018,14,REG,W
Sam Darnold,NYJ,2018,14,REG,W
Baker Mayfield,CLE,2018,14,REG,W
Aaron Rodgers,GB,2018,14,REG,W
Andrew Luck,IND,2018,14,REG,W
Patrick Mahomes,KC,2018,14,REG,W
Ryan Tannehill,MIA,2018,14,REG,W
Drew Brees,NO,2018,14,REG,W
Eli Manning,NYG,2018,14,REG,W
Philip Rivers,LAC,2018,14,REG,W
Nick Mullens,SF,2018,14,REG,W
Matthew Stafford,DET,2018,14,REG,W
Dak Prescott,DAL,2018,14,REG,W
Derek Carr,OAK,2018,14,REG,W
Mitch Trubisky,CHI,2018,14,REG,W
Russell Wilson,SEA,2018,14,REG,W
Philip Rivers,LAC,2018,15,REG,W
Deshaun Watson,HOU,2018,15,REG,W
Baker Mayfield,CLE,2018,15,REG,W
Matt Ryan,ATL,2018,15,REG,W
Lamar Jackson,BAL,2018,15,REG,W
Josh Allen,BUF,2018,15,REG,W
Mitch Trubisky,CHI,2018,15,REG,W
Jeff Driskel,CIN,2018,15,REG,W
Andrew Luck,IND,2018,15,REG,W
Josh Johnson,WAS,2018,15,REG,W
Kirk Cousins,MIN,2018,15,REG,W
Marcus Mariota,TEN,2018,15,REG,W
Nick Mullens,SF,2018,15,REG,W
Ben Roethlisberger,PIT,2018,15,REG,W
Nick Foles,PHI,2018,15,REG,W
Drew Brees,NO,2018,15,REG,W
Marcus Mariota,TEN,2018,16,REG,W
Lamar Jackson,BAL,2018,16,REG,W
Matt Ryan,ATL,2018,16,REG,W
Baker Mayfield,CLE,2018,16,REG,W
Dak Prescott,DAL,2018,16,REG,W
Kirk Cousins,MIN,2018,16,REG,W
Andrew Luck,IND,2018,16,REG,W
Cody Kessler,JAX,2018,16,REG,W
Tom Brady,NE,2018,16,REG,W
Aaron Rodgers,GB,2018,16,REG,W
Nick Foles,PHI,2018,16,REG,W
Jared Goff,LA,2018,16,REG,W
Mitch Trubisky,CHI,2018,16,REG,W
Drew Brees,NO,2018,16,REG,W
Russell Wilson,SEA,2018,16,REG,W
Derek Carr,OAK,2018,16,REG,W
Josh Allen,BUF,2018,17,REG,W
Matthew Stafford,DET,2018,17,REG,W
Deshaun Watson,HOU,2018,17,REG,W
Tom Brady,NE,2018,17,REG,W
Kyle Allen,CAR,2018,17,REG,W
Dak Prescott,DAL,2018,17,REG,W
Matt Ryan,ATL,2018,17,REG,W
Lamar Jackson,BAL,2018,17,REG,W
Philip Rivers,LAC,2018,17,REG,W
Patrick Mahomes,KC,2018,17,REG,W
Jared Goff,LA,2018,17,REG,W
Mitch Trubisky,CHI,2018,17,REG,W
Ben Roethlisberger,PIT,2018,17,REG,W
Russell Wilson,SEA,2018,17,REG,W
Nick Foles,PHI,2018,17,REG,W
Andrew Luck,IND,2018,17,REG,W
Andrew Luck,IND,2018,18,WC,W
Dak Prescott,DAL,2018,18,WC,W
Philip Rivers,LAC,2018,18,WC,W
Nick Foles,PHI,2018,18,WC,W
Patrick Mahomes,KC,2018,19,DIV,W
Jared Goff,LA,2018,19,DIV,W
Tom Brady,NE,2018,19,DIV,W
Drew Brees,NO,2018,19,DIV,W
Jared Goff,LA,2018,20,CON,W
Tom Brady,NE,2018,20,CON,W
Tom Brady,NE,2018,21,SB,W
Aaron Rodgers,GB,2019,1,REG,W
Jared Goff,LA,2019,1,REG,W
Marcus Mariota,TEN,2019,1,REG,W
Patrick Mahomes,KC,2019,1,REG,W
Lamar Jackson,BAL,2019,1,REG,W
Kirk Cousins,MIN,2019,1,REG,W
Josh Allen,BUF,2019,1,REG,W
Carson Wentz,PHI,2019,1,REG,W
Philip Rivers,LAC,2019,1,REG,W
Russell Wilson,SEA,2019,1,REG,W
Kyler Murray,ARI,2019,1,REG,W
Dak Prescott,DAL,2019,1,REG,W
Jimmy Garoppolo,SF,2019,1,REG,W
Tom Brady,NE,2019,1,REG,W
Drew Brees,NO,2019,1,REG,W
Derek Carr,OAK,2019,1,REG,W
Jameis Winston,TB,2019,2,REG,W
Lamar Jackson,BAL,2019,2,REG,W
Jimmy Garoppolo,SF,2019,2,REG,W
Matthew Stafford,DET,2019,2,REG,W
Aaron Rodgers,GB,2019,2,REG,W
Deshaun Watson,HOU,2019,2,REG,W
Tom Brady,NE,2019,2,REG,W
Josh Allen,BUF,2019,2,REG,W
Russell Wilson,SEA,2019,2,REG,W
Jacoby Brissett,IND,2019,2,REG,W
Dak Prescott,DAL,2019,2,REG,W
Patrick Mahomes,KC,2019,2,REG,W
Mitch Trubisky,CHI,2019,2,REG,W
Jared Goff,LA,2019,2,REG,W
Matt Ryan,ATL,2019,2,REG,W
Baker Mayfield,CLE,2019,2,REG,W
Gardner Minshew,JAX,2019,3,REG,W
Josh Allen,BUF,2019,3,REG,W
Dak Prescott,DAL,2019,3,REG,W
Aaron Rodgers,GB,2019,3,REG,W
Jacoby Brissett,IND,2019,3,REG,W
Patrick Mahomes,KC,2019,3,REG,W
Kirk Cousins,MIN,2019,3,REG,W
Tom Brady,NE,2019,3,REG,W
Matthew Stafford,DET,2019,3,REG,W
Kyle Allen,CAR,2019,3,REG,W
Daniel Jones,NYG,2019,3,REG,W
Deshaun Watson,HOU,2019,3,REG,W
Teddy Bridgewater,NO,2019,3,REG,W
Jimmy Garoppolo,SF,2019,3,REG,W
Jared Goff,LA,2019,3,REG,W
Mitch Trubisky,CHI,2019,3,REG,W
Carson Wentz,PHI,2019,4,REG,W
Marcus Mariota,TEN,2019,4,REG,W
Baker Mayfield,CLE,2019,4,REG,W
Tom Brady,NE,2019,4,REG,W
Patrick Mahomes,KC,2019,4,REG,W
Kyle Allen,CAR,2019,4,REG,W
Derek Carr,OAK,2019,4,REG,W
Philip Rivers,LAC,2019,4,REG,W
Daniel Jones,NYG,2019,4,REG,W
Russell Wilson,SEA,2019,4,REG,W
Jameis Winston,TB,2019,4,REG,W
Mitch Trubisky,CHI,2019,4,REG,W
Gardner Minshew,JAX,2019,4,REG,W
Teddy Bridgewater,NO,2019,4,REG,W
Mason Rudolph,PIT,2019,4,REG,W
Russell Wilson,SEA,2019,5,REG,W
Kyle Allen,CAR,2019,5,REG,W
Kyler Murray,ARI,2019,5,REG,W
Deshaun Watson,HOU,2019,5,REG,W
Teddy Bridgewater,NO,2019,5,REG,W
Kirk Cousins,MIN,2019,5,REG,W
Derek Carr,OAK,2019,5,REG,W
Carson Wentz,PHI,2019,5,REG,W
Lamar Jackson,BAL,2019,5,REG,W
Josh Allen,BUF,2019,5,REG,W
Tom Brady,NE,2019,5,REG,W
Joe Flacco,DEN,2019,5,REG,W
Aaron Rodgers,GB,2019,5,REG,W
Jacoby Brissett,IND,2019,5,REG,W
Jimmy Garoppolo,SF,2019,5,REG,W
Tom Brady,NE,2019,6,REG,W
Kyle Allen,CAR,2019,6,REG,W
Lamar Jackson,BAL,2019,6,REG,W
Russell Wilson,SEA,2019,6,REG,W
Teddy Bridgewater,NO,2019,6,REG,W
Deshaun Watson,HOU,2019,6,REG,W
Case Keenum,WAS,2019,6,REG,W
Kirk Cousins,MIN,2019,6,REG,W
Kyler Murray,ARI,2019,6,REG,W
Jimmy Garoppolo,SF,2019,6,REG,W
Joe Flacco,DEN,2019,6,REG,W
Sam Darnold,NYJ,2019,6,REG,W
Devlin Hodges,PIT,2019,6,REG,W
Aaron Rodgers,GB,2019,6,REG,W
Patrick Mahomes,KC,2019,7,REG,W
Jared Goff,LA,2019,7,REG,W
Josh Allen,BUF,2019,7,REG,W
Gardner Minshew,JAX,2019,7,REG,W
Kirk Cousins,MIN,2019,7,REG,W
Aaron Rodgers,GB,2019,7,REG,W
Jacoby Brissett,IND,2019,7,REG,W
Kyler Murray,ARI,2019,7,REG,W
Jimmy Garoppolo,SF,2019,7,REG,W
Ryan Tannehill,TEN,2019,7,REG,W
Teddy Bridgewater,NO,2019,7,REG,W
Lamar Jackson,BAL,2019,7,REG,W
Dak Prescott,DAL,2019,7,REG,W
Tom Brady,NE,2019,7,REG,W
Kirk Cousins,MIN,2019,8,REG,W
Russell Wilson,SEA,2019,8,REG,W
Carson Wentz,PHI,2019,8,REG,W
Philip Rivers,LAC,2019,8,REG,W
Matthew Stafford,DET,2019,8,REG,W
Jacoby Brissett,IND,2019,8,REG,W
Gardner Minshew,JAX,2019,8,REG,W
Jared Goff,LA,2019,8,REG,W
Drew Brees,NO,2019,8,REG,W
Ryan Tannehill,TEN,2019,8,REG,W
Jimmy Garoppolo,SF,2019,8,REG,W
Deshaun Watson,HOU,2019,8,REG,W
Tom Brady,NE,2019,8,REG,W
Aaron Rodgers,GB,2019,8,REG,W
Mason Rudolph,PIT,2019,8,REG,W
Jimmy Garoppolo,SF,2019,9,REG,W
Deshaun Watson,HOU,2019,9,REG,W
Josh Allen,BUF,2019,9,REG,W
Cam Newton,CAR,2019,9,REG,W
Matt Moore,KC,2019,9,REG,W
Ryan Fitzpatrick,MIA,2019,9,REG,W
Carson Wentz,PHI,2019,9,REG,W
Mason Rudolph,PIT,2019,9,REG,W
Derek Carr,OAK,2019,9,REG,W
Russell Wilson,SEA,2019,9,REG,W
Brandon Allen,DEN,2019,9,REG,W
Philip Rivers,LAC,2019,9,REG,W
Lamar Jackson,BAL,2019,9,REG,W
Dak Prescott,DAL,2019,9,REG,W
Derek Carr,OAK,2019,10,REG,W
Mitch Trubisky,CHI,2019,10,REG,W
Lamar Jackson,BAL,2019,10,REG,W
Baker Mayfield,CLE,2019,10,REG,W
Matt Ryan,ATL,2019,10,REG,W
Sam Darnold,NYJ,2019,10,REG,W
Jameis Winston,TB,2019,10,REG,W
Ryan Tannehill,TEN,2019,10,REG,W
Ryan Fitzpatrick,MIA,2019,10,REG,W
Aaron Rodgers,GB,2019,10,REG,W
Mason Rudolph,PIT,2019,10,REG,W
Kirk Cousins,MIN,2019,10,REG,W
Russell Wilson,SEA,2019,10,REG,W
Baker Mayfield,CLE,2019,11,REG,W
Lamar Jackson,BAL,2019,11,REG,W
Matt Ryan,ATL,2019,11,REG,W
Dak Prescott,DAL,2019,11,REG,W
Jacoby Brissett,IND,2019,11,REG,W
Josh Allen,BUF,2019,11,REG,W
Kirk Cousins,MIN,2019,11,REG,W
Drew Brees,NO,2019,11,REG,W
Sam Darnold,NYJ,2019,11,REG,W
Jimmy Garoppolo,SF,2019,11,REG,W
Derek Carr,OAK,2019,11,REG,W
Tom Brady,NE,2019,11,REG,W
Jared Goff,LA,2019,11,REG,W
Patrick Mahomes,KC,2019,11,REG,W
Deshaun Watson,HOU,2019,12,REG,W
Jameis Winston,TB,2019,12,REG,W
Josh Allen,BUF,2019,12,REG,W
Mitch Trubisky,CHI,2019,12,REG,W
Mason Rudolph,PIT,2019,12,REG,W
Baker Mayfield,CLE,2019,12,REG,W
Drew Brees,NO,2019,12,REG,W
Sam Darnold,NYJ,2019,12,REG,W
Russell Wilson,SEA,2019,12,REG,W
Dwayne Haskins,WAS,2019,12,REG,W
Ryan Tannehill,TEN,2019,12,REG,W
Tom Brady,NE,2019,12,REG,W
Jimmy Garoppolo,SF,2019,12,REG,W
Lamar Jackson,BAL,2019,12,REG,W
Mitch Trubisky,CHI,2019,13,REG,W
Josh Allen,BUF,2019,13,REG,W
Drew Brees,NO,2019,13,REG,W
Lamar Jackson,BAL,2019,13,REG,W
Dwayne Haskins,WAS,2019,13,REG,W
Andy Dalton,CIN,2019,13,REG,W
Ryan Tannehill,TEN,2019,13,REG,W
Jameis Winston,TB,2019,13,REG,W
Ryan Fitzpatrick,MIA,2019,13,REG,W
Aaron Rodgers,GB,2019,13,REG,W
Devlin Hodges,PIT,2019,13,REG,W
Jared Goff,LA,2019,13,REG,W
Drew Lock,DEN,2019,13,REG,W
Patrick Mahomes,KC,2019,13,REG,W
Deshaun Watson,HOU,2019,13,REG,W
Russell Wilson,SEA,2019,13,REG,W
Mitch Trubisky,CHI,2019,14,REG,W
Matt Ryan,ATL,2019,14,REG,W
Lamar Jackson,BAL,2019,14,REG,W
Baker Mayfield,CLE,2019,14,REG,W
Aaron Rodgers,GB,2019,14,REG,W
Drew Lock,DEN,2019,14,REG,W
Kirk Cousins,MIN,2019,14,REG,W
Jimmy Garoppolo,SF,2019,14,REG,W
Sam Darnold,NYJ,2019,14,REG,W
Jameis Winston,TB,2019,14,REG,W
Philip Rivers,LAC,2019,14,REG,W
Devlin Hodges,PIT,2019,14,REG,W
Patrick Mahomes,KC,2019,14,REG,W
Ryan Tannehill,TEN,2019,14,REG,W
Jared Goff,LA,2019,14,REG,W
Carson Wentz,PHI,2019,14,REG,W
Lamar Jackson,BAL,2019,15,REG,W
Russell Wilson,SEA,2019,15,REG,W
Tom Brady,NE,2019,15,REG,W
Jameis Winston,TB,2019,15,REG,W
Aaron Rodgers,GB,2019,15,REG,W
Patrick Mahomes,KC,2019,15,REG,W
Eli Manning,NYG,2019,15,REG,W
Deshaun Watson,HOU,2019,15,REG,W
Carson Wentz,PHI,2019,15,REG,W
Kyler Murray,ARI,2019,15,REG,W
Kirk Cousins,MIN,2019,15,REG,W
Gardner Minshew,JAX,2019,15,REG,W
Dak Prescott,DAL,2019,15,REG,W
Matt Ryan,ATL,2019,15,REG,W
Josh Allen,BUF,2019,15,REG,W
Drew Brees,NO,2019,15,REG,W
Deshaun Watson,HOU,2019,16,REG,W
Tom Brady,NE,2019,16,REG,W
Jimmy Garoppolo,SF,2019,16,REG,W
Matt Ryan,ATL,2019,16,REG,W
Lamar Jackson,BAL,2019,16,REG,W
Jacoby Brissett,IND,2019,16,REG,W
Ryan Fitzpatrick,MIA,2019,16,REG,W
Sam Darnold,NYJ,2019,16,REG,W
Drew Brees,NO,2019,16,REG,W
Daniel Jones,NYG,2019,16,REG,W
Drew Lock,DEN,2019,16,REG,W
Derek Carr,OAK,2019,16,REG,W
Carson Wentz,PHI,2019,16,REG,W
Kyler Murray,ARI,2019,16,REG,W
Patrick Mahomes,KC,2019,16,REG,W
Aaron Rodgers,GB,2019,16,REG,W
Sam Darnold,NYJ,2019,17,REG,W
Drew Brees,NO,2019,17,REG,W
Andy Dalton,CIN,2019,17,REG,W
Aaron Rodgers,GB,2019,17,REG,W
Patrick Mahomes,KC,2019,17,REG,W
Mitch Trubisky,CHI,2019,17,REG,W
Ryan Fitzpatrick,MIA,2019,17,REG,W
Matt Ryan,ATL,2019,17,REG,W
Robert Griffin,BAL,2019,17,REG,W
Dak Prescott,DAL,2019,17,REG,W
Drew Lock,DEN,2019,17,REG,W
Ryan Tannehill,TEN,2019,17,REG,W
Gardner Minshew,JAX,2019,17,REG,W
Jared Goff,LA,2019,17,REG,W
Carson Wentz,PHI,2019,17,REG,W
Jimmy Garoppolo,SF,2019,17,REG,W
Deshaun Watson,HOU,2019,18,WC,W
Ryan Tannehill,TEN,2019,18,WC,W
Kirk Cousins,MIN,2019,18,WC,W
Russell Wilson,SEA,2019,18,WC,W
Jimmy Garoppolo,SF,2019,19,DIV,W
Ryan Tannehill,TEN,2019,19,DIV,W
Patrick Mahomes,KC,2019,19,DIV,W
Aaron Rodgers,GB,2019,19,DIV,W
Patrick Mahomes,KC,2019,20,CON,W
Jimmy Garoppolo,SF,2019,20,CON,W
Patrick Mahomes,KC,2019,21,SB,W
Patrick Mahomes,KC,2020,1,REG,W
Russell Wilson,SEA,2020,1,REG,W
Lamar Jackson,BAL,2020,1,REG,W
Josh Allen,BUF,2020,1,REG,W
Derek Carr,LV,2020,1,REG,W
Mitch Trubisky,CHI,2020,1,REG,W
Gardner Minshew,JAX,2020,1,REG,W
Aaron Rodgers,GB,2020,1,REG,W
Cam Newton,NE,2020,1,REG,W
Dwayne Haskins,WAS,2020,1,REG,W
Tyrod Taylor,LAC,2020,1,REG,W
Drew Brees,NO,2020,1,REG,W
Kyler Murray,ARI,2020,1,REG,W
Jared Goff,LA,2020,1,REG,W
Ben Roethlisberger,PIT,2020,1,REG,W
Ryan Tannehill,TEN,2020,1,REG,W
Baker Mayfield,CLE,2020,2,REG,W
Mitch Trubisky,CHI,2020,2,REG,W
Dak Prescott,DAL,2020,2,REG,W
Aaron Rodgers,GB,2020,2,REG,W
Philip Rivers,IND,2020,2,REG,W
Josh Allen,BUF,2020,2,REG,W
Jimmy Garoppolo,SF,2020,2,REG,W
Jared Goff,LA,2020,2,REG,W
Ben Roethlisberger,PIT,2020,2,REG,W
Tom Brady,TB,2020,2,REG,W
Ryan Tannehill,TEN,2020,2,REG,W
Kyler Murray,ARI,2020,2,REG,W
Lamar Jackson,BAL,2020,2,REG,W
Patrick Mahomes,KC,2020,2,REG,W
Russell Wilson,SEA,2020,2,REG,W
Derek Carr,LV,2020,2,REG,W
Ryan Fitzpatrick,MIA,2020,3,REG,W
Mitch Trubisky,CHI,2020,3,REG,W
Josh Allen,BUF,2020,3,REG,W
Baker Mayfield,CLE,2020,3,REG,W
Ryan Tannehill,TEN,2020,3,REG,W
Cam Newton,NE,2020,3,REG,W
Nick Mullens,SF,2020,3,REG,W
Carson Wentz,PHI,2020,3,REG,W
Ben Roethlisberger,PIT,2020,3,REG,W
Philip Rivers,IND,2020,3,REG,W
Teddy Bridgewater,CAR,2020,3,REG,W
Matthew Stafford,DET,2020,3,REG,W
Tom Brady,TB,2020,3,REG,W
Russell Wilson,SEA,2020,3,REG,W
Aaron Rodgers,GB,2020,3,REG,W
Patrick Mahomes,KC,2020,3,REG,W
Brett Rypien,DEN,2020,4,REG,W
Teddy Bridgewater,CAR,2020,4,REG,W
Joe Burrow,CIN,2020,4,REG,W
Baker Mayfield,CLE,2020,4,REG,W
Drew Brees,NO,2020,4,REG,W
Kirk Cousins,MIN,2020,4,REG,W
Russell Wilson,SEA,2020,4,REG,W
Tom Brady,TB,2020,4,REG,W
Lamar Jackson,BAL,2020,4,REG,W
Jared Goff,LA,2020,4,REG,W
Philip Rivers,IND,2020,4,REG,W
Josh Allen,BUF,2020,4,REG,W
Carson Wentz,PHI,2020,4,REG,W
Patrick Mahomes,KC,2020,4,REG,W
Aaron Rodgers,GB,2020,4,REG,W
Nick Foles,CHI,2020,5,REG,W
Teddy Bridgewater,CAR,2020,5,REG,W
Lamar Jackson,BAL,2020,5,REG,W
Deshaun Watson,HOU,2020,5,REG,W
Derek Carr,LV,2020,5,REG,W
Kyler Murray,ARI,2020,5,REG,W
Ben Roethlisberger,PIT,2020,5,REG,W
Jared Goff,LA,2020,5,REG,W
Ryan Fitzpatrick,MIA,2020,5,REG,W
Baker Mayfield,CLE,2020,5,REG,W
Dak Prescott,DAL,2020,5,REG,W
Russell Wilson,SEA,2020,5,REG,W
Drew Brees,NO,2020,5,REG,W
Ryan Tannehill,TEN,2020,5,REG,W
Nick Foles,CHI,2020,6,REG,W
Philip Rivers,IND,2020,6,REG,W
Matthew Stafford,DET,2020,6,REG,W
Matt Ryan,ATL,2020,6,REG,W
Drew Lock,DEN,2020,6,REG,W
Daniel Jones,NYG,2020,6,REG,W
Lamar Jackson,BAL,2020,6,REG,W
Ben Roethlisberger,PIT,2020,6,REG,W
Ryan Tannehill,TEN,2020,6,REG,W
Ryan Fitzpatrick,MIA,2020,6,REG,W
Tom Brady,TB,2020,6,REG,W
Jimmy Garoppolo,SF,2020,6,REG,W
Patrick Mahomes,KC,2020,6,REG,W
Kyler Murray,ARI,2020,6,REG,W
Carson Wentz,PHI,2020,7,REG,W
Matthew Stafford,DET,2020,7,REG,W
Baker Mayfield,CLE,2020,7,REG,W
Aaron Rodgers,GB,2020,7,REG,W
Drew Brees,NO,2020,7,REG,W
Josh Allen,BUF,2020,7,REG,W
Ben Roethlisberger,PIT,2020,7,REG,W
Kyle Allen,WAS,2020,7,REG,W
Tom Brady,TB,2020,7,REG,W
Patrick Mahomes,KC,2020,7,REG,W
Justin Herbert,LAC,2020,7,REG,W
Jimmy Garoppolo,SF,2020,7,REG,W
Kyler Murray,ARI,2020,7,REG,W
Jared Goff,LA,2020,7,REG,W
Matt Ryan,ATL,2020,8,REG,W
Ben Roethlisberger,PIT,2020,8,REG,W
Josh Allen,BUF,2020,8,REG,W
Joe Burrow,CIN,2020,8,REG,W
Derek Carr,LV,2020,8,REG,W
Philip Rivers,IND,2020,8,REG,W
Kirk Cousins,MIN,2020,8,REG,W
Patrick Mahomes,KC,2020,8,REG,W
Tua Tagovailoa,MIA,2020,8,REG,W
Drew Lock,DEN,2020,8,REG,W
Drew Brees,NO,2020,8,REG,W
Russell Wilson,SEA,2020,8,REG,W
Carson Wentz,PHI,2020,8,REG,W
Tom Brady,TB,2020,8,REG,W
Aaron Rodgers,GB,2020,9,REG,W
Matt Ryan,ATL,2020,9,REG,W
Josh Allen,BUF,2020,9,REG,W
Lamar Jackson,BAL,2020,9,REG,W
Deshaun Watson,HOU,2020,9,REG,W
Patrick Mahomes,KC,2020,9,REG,W
Kirk Cousins,MIN,2020,9,REG,W
Ryan Tannehill,TEN,2020,9,REG,W
Daniel Jones,NYG,2020,9,REG,W
Derek Carr,LV,2020,9,REG,W
Tua Tagovailoa,MIA,2020,9,REG,W
Ben Roethlisberger,PIT,2020,9,REG,W
Drew Brees,NO,2020,9,REG,W
Cam Newton,NE,2020,9,REG,W
Philip Rivers,IND,2020,10,REG,W
Tom Brady,TB,2020,10,REG,W
Baker Mayfield,CLE,2020,10,REG,W
Matthew Stafford,DET,2020,10,REG,W
Aaron Rodgers,GB,2020,10,REG,W
Daniel Jones,NYG,2020,10,REG,W
Kyler Murray,ARI,2020,10,REG,W
Derek Carr,LV,2020,10,REG,W
Tua Tagovailoa,MIA,2020,10,REG,W
Jared Goff,LA,2020,10,REG,W
Drew Brees,NO,2020,10,REG,W
Ben Roethlisberger,PIT,2020,10,REG,W
Cam Newton,NE,2020,10,REG,W
Kirk Cousins,MIN,2020,10,REG,W
Russell Wilson,SEA,2020,11,REG,W
Ryan Tannehill,TEN,2020,11,REG,W
Phillip Walker,CAR,2020,11,REG,W
Baker Mayfield,CLE,2020,11,REG,W
Deshaun Watson,HOU,2020,11,REG,W
Ben Roethlisberger,PIT,2020,11,REG,W
Taysom Hill,NO,2020,11,REG,W
Alex Smith,WAS,2020,11,REG,W
Drew Lock,DEN,2020,11,REG,W
Justin Herbert,LAC,2020,11,REG,W
Philip Rivers,IND,2020,11,REG,W
Andy Dalton,DAL,2020,11,REG,W
Patrick Mahomes,KC,2020,11,REG,W
Jared Goff,LA,2020,11,REG,W
Deshaun Watson,HOU,2020,12,REG,W
Alex Smith,WAS,2020,12,REG,W
Matt Ryan,ATL,2020,12,REG,W
Josh Allen,BUF,2020,12,REG,W
Daniel Jones,NYG,2020,12,REG,W
Ryan Tannehill,TEN,2020,12,REG,W
Baker Mayfield,CLE,2020,12,REG,W
Kirk Cousins,MIN,2020,12,REG,W
Cam Newton,NE,2020,12,REG,W
Ryan Fitzpatrick,MIA,2020,12,REG,W
Taysom Hill,NO,2020,12,REG,W
Nick Mullens,SF,2020,12,REG,W
Patrick Mahomes,KC,2020,12,REG,W
Aaron Rodgers,GB,2020,12,REG,W
Russell Wilson,SEA,2020,12,REG,W
Ben Roethlisberger,PIT,2020,12,REG,W
Taysom Hill,NO,2020,13,REG,W
Matthew Stafford,DET,2020,13,REG,W
Philip Rivers,IND,2020,13,REG,W
Tua Tagovailoa,MIA,2020,13,REG,W
Kirk Cousins,MIN,2020,13,REG,W
Derek Carr,LV,2020,13,REG,W
Baker Mayfield,CLE,2020,13,REG,W
Jared Goff,LA,2020,13,REG,W
Colt McCoy,NYG,2020,13,REG,W
Aaron Rodgers,GB,2020,13,REG,W
Cam Newton,NE,2020,13,REG,W
Patrick Mahomes,KC,2020,13,REG,W
Alex Smith,WAS,2020,13,REG,W
Josh Allen,BUF,2020,13,REG,W
Lamar Jackson,BAL,2020,13,REG,W
Jared Goff,LA,2020,14,REG,W
Drew Lock,DEN,2020,14,REG,W
Mitch Trubisky,CHI,2020,14,REG,W
Andy Dalton,DAL,2020,14,REG,W
Ryan Tannehill,TEN,2020,14,REG,W
Patrick Mahomes,KC,2020,14,REG,W
Kyler Murray,ARI,2020,14,REG,W
Tom Brady,TB,2020,14,REG,W
Philip Rivers,IND,2020,14,REG,W
Russell Wilson,SEA,2020,14,REG,W
Aaron Rodgers,GB,2020,14,REG,W
Justin Herbert,LAC,2020,14,REG,W
Jalen Hurts,PHI,2020,14,REG,W
Alex Smith,WAS,2020,14,REG,W
Josh Allen,BUF,2020,14,REG,W
Lamar Jackson,BAL,2020,14,REG,W
Justin Herbert,LAC,2020,15,REG,W
Josh Allen,BUF,2020,15,REG,W
Aaron Rodgers,GB,2020,15,REG,W
Tom Brady,TB,2020,15,REG,W
Lamar Jackson,BAL,2020,15,REG,W
Andy Dalton,DAL,2020,15,REG,W
Philip Rivers,IND,2020,15,REG,W
Tua Tagovailoa,MIA,2020,15,REG,W
Mitch Trubisky,CHI,2020,15,REG,W
Ryan Tannehill,TEN,2020,15,REG,W
Russell Wilson,SEA,2020,15,REG,W
Kyler Murray,ARI,2020,15,REG,W
Sam Darnold,NYJ,2020,15,REG,W
Patrick Mahomes,KC,2020,15,REG,W
Baker Mayfield,CLE,2020,15,REG,W
Ryan Finley,CIN,2020,15,REG,W
Drew Brees,NO,2020,16,REG,W
Tom Brady,TB,2020,16,REG,W
C.J. Beathard,SF,2020,16,REG,W
Tua Tagovailoa,MIA,2020,16,REG,W
Lamar Jackson,BAL,2020,16,REG,W
Brandon Allen,CIN,2020,16,REG,W
Mitch Trubisky,CHI,2020,16,REG,W
Patrick Mahomes,KC,2020,16,REG,W
Sam Darnold,NYJ,2020,16,REG,W
Ben Roethlisberger,PIT,2020,16,REG,W
Justin Herbert,LAC,2020,16,REG,W
Teddy Bridgewater,CAR,2020,16,REG,W
Andy Dalton,DAL,2020,16,REG,W
Russell Wilson,SEA,2020,16,REG,W
Aaron Rodgers,GB,2020,16,REG,W
Josh Allen,BUF,2020,16,REG,W
Josh Allen,BUF,2020,17,REG,W
Lamar Jackson,BAL,2020,17,REG,W
Baker Mayfield,CLE,2020,17,REG,W
Kirk Cousins,MIN,2020,17,REG,W
Cam Newton,NE,2020,17,REG,W
Daniel Jones,NYG,2020,17,REG,W
Tom Brady,TB,2020,17,REG,W
Drew Brees,NO,2020,17,REG,W
Aaron Rodgers,GB,2020,17,REG,W
Derek Carr,LV,2020,17,REG,W
Ryan Tannehill,TEN,2020,17,REG,W
Philip Rivers,IND,2020,17,REG,W
Justin Herbert,LAC,2020,17,REG,W
John Wolford,LA,2020,17,REG,W
Russell Wilson,SEA,2020,17,REG,W
Alex Smith,WAS,2020,17,REG,W
Josh Allen,BUF,2020,18,WC,W
John Wolford,LA,2020,18,WC,W
Tom Brady,TB,2020,18,WC,W
Lamar Jackson,BAL,2020,18,WC,W
Drew Brees,NO,2020,18,WC,W
Baker Mayfield,CLE,2020,18,WC,W
Aaron Rodgers,GB,2020,19,DIV,W
Josh Allen,BUF,2020,19,DIV,W
Patrick Mahomes,KC,2020,19,DIV,W
Tom Brady,TB,2020,19,DIV,W
Tom Brady,TB,2020,20,CON,W
Patrick Mahomes,KC,2020,20,CON,W
Tom Brady,TB,2020,21,SB,W
Tom Brady,TB,2021,1,REG,W
Jalen Hurts,PHI,2021,1,REG,W
Ben Roethlisberger,PIT,2021,1,REG,W
Sam Darnold,CAR,2021,1,REG,W
Joe Burrow,CIN,2021,1,REG,W
Jimmy Garoppolo,SF,2021,1,REG,W
Tyrod Taylor,HOU,2021,1,REG,W
Russell Wilson,SEA,2021,1,REG,W
Kyler Murray,ARI,2021,1,REG,W
Justin Herbert,LAC,2021,1,REG,W
Patrick Mahomes,KC,2021,1,REG,W
Tua Tagovailoa,MIA,2021,1,REG,W
Jameis Winston,NO,2021,1,REG,W
Teddy Bridgewater,DEN,2021,1,REG,W
Matthew Stafford,LA,2021,1,REG,W
Derek Carr,LV,2021,1,REG,W
Taylor Heinicke,WAS,2021,2,REG,W
Sam Darnold,CAR,2021,2,REG,W
Andy Dalton,CHI,2021,2,REG,W
Baker Mayfield,CLE,2021,2,REG,W
Matthew Stafford,LA,2021,2,REG,W
Teddy Bridgewater,DEN,2021,2,REG,W
Josh Allen,BUF,2021,2,REG,W
Mac Jones,NE,2021,2,REG,W
Jimmy Garoppolo,SF,2021,2,REG,W
Derek Carr,LV,2021,2,REG,W
Kyler Murray,ARI,2021,2,REG,W
Tom Brady,TB,2021,2,REG,W
Dak Prescott,DAL,2021,2,REG,W
Ryan Tannehill,TEN,2021,2,REG,W
Lamar Jackson,BAL,2021,2,REG,W
Aaron Rodgers,GB,2021,2,REG,W
Sam Darnold,CAR,2021,3,REG,W
Josh Allen,BUF,2021,3,REG,W
Baker Mayfield,CLE,2021,3,REG,W
Lamar Jackson,BAL,2021,3,REG,W
Kyler Murray,ARI,2021,3,REG,W
Justin Herbert,LAC,2021,3,REG,W
Jameis Winston,NO,2021,3,REG,W
Matt Ryan,ATL,2021,3,REG,W
Joe Burrow,CIN,2021,3,REG,W
Ryan Tannehill,TEN,2021,3,REG,W
Teddy Bridgewater,DEN,2021,3,REG,W
Derek Carr,LV,2021,3,REG,W
Matthew Stafford,LA,2021,3,REG,W
Kirk Cousins,MIN,2021,3,REG,W
Aaron Rodgers,GB,2021,3,REG,W
Dak Prescott,DAL,2021,3,REG,W
Joe Burrow,CIN,2021,4,REG,W
Taylor Heinicke,WAS,2021,4,REG,W
Josh Allen,BUF,2021,4,REG,W
Justin Fields,CHI,2021,4,REG,W
Dak Prescott,DAL,2021,4,REG,W
Carson Wentz,IND,2021,4,REG,W
Baker Mayfield,CLE,2021,4,REG,W
Daniel Jones,NYG,2021,4,REG,W
Zach Wilson,NYJ,2021,4,REG,W
Patrick Mahomes,KC,2021,4,REG,W
Kyler Murray,ARI,2021,4,REG,W
Russell Wilson,SEA,2021,4,REG,W
Lamar Jackson,BAL,2021,4,REG,W
Aaron Rodgers,GB,2021,4,REG,W
Tom Brady,TB,2021,4,REG,W
Justin Herbert,LAC,2021,4,REG,W
Matthew Stafford,LA,2021,5,REG,W
Matt Ryan,ATL,2021,5,REG,W
Jalen Hurts,PHI,2021,5,REG,W
Aaron Rodgers,GB,2021,5,REG,W
Mac Jones,NE,2021,5,REG,W
Ryan Tannehill,TEN,2021,5,REG,W
Kirk Cousins,MIN,2021,5,REG,W
Ben Roethlisberger,PIT,2021,5,REG,W
Tom Brady,TB,2021,5,REG,W
Jameis Winston,NO,2021,5,REG,W
Justin Herbert,LAC,2021,5,REG,W
Justin Fields,CHI,2021,5,REG,W
Kyler Murray,ARI,2021,5,REG,W
Dak Prescott,DAL,2021,5,REG,W
Josh Allen,BUF,2021,5,REG,W
Lamar Jackson,BAL,2021,5,REG,W
Tom Brady,TB,2021,6,REG,W
Trevor Lawrence,JAX,2021,6,REG,W
Lamar Jackson,BAL,2021,6,REG,W
Kirk Cousins,MIN,2021,6,REG,W
Aaron Rodgers,GB,2021,6,REG,W
Joe Burrow,CIN,2021,6,REG,W
Carson Wentz,IND,2021,6,REG,W
Matthew Stafford,LA,2021,6,REG,W
Patrick Mahomes,KC,2021,6,REG,W
Kyler Murray,ARI,2021,6,REG,W
Derek Carr,LV,2021,6,REG,W
Dak Prescott,DAL,2021,6,REG,W
Ben Roethlisberger,PIT,2021,6,REG,W
Ryan Tannehill,TEN,2021,6,REG,W
Case Keenum,CLE,2021,7,REG,W
Joe Burrow,CIN,2021,7,REG,W
Aaron Rodgers,GB,2021,7,REG,W
Matt Ryan,ATL,2021,7,REG,W
Mac Jones,NE,2021,7,REG,W
Daniel Jones,NYG,2021,7,REG,W
Ryan Tannehill,TEN,2021,7,REG,W
Matthew Stafford,LA,2021,7,REG,W
Derek Carr,LV,2021,7,REG,W
Kyler Murray,ARI,2021,7,REG,W
Tom Brady,TB,2021,7,REG,W
Carson Wentz,IND,2021,7,REG,W
Jameis Winston,NO,2021,7,REG,W
Aaron Rodgers,GB,2021,8,REG,W
Sam Darnold,CAR,2021,8,REG,W
Josh Allen,BUF,2021,8,REG,W
Jimmy Garoppolo,SF,2021,8,REG,W
Ben Roethlisberger,PIT,2021,8,REG,W
Jalen Hurts,PHI,2021,8,REG,W
Matthew Stafford,LA,2021,8,REG,W
Ryan Tannehill,TEN,2021,8,REG,W
Mike White,NYJ,2021,8,REG,W
Mac Jones,NE,2021,8,REG,W
Geno Smith,SEA,2021,8,REG,W
Teddy Bridgewater,DEN,2021,8,REG,W
Jameis Winston,NO,2021,8,REG,W
Cooper Rush,DAL,2021,8,REG,W
Patrick Mahomes,KC,2021,8,REG,W
Carson Wentz,IND,2021,9,REG,W
Lamar Jackson,BAL,2021,9,REG,W
Mac Jones,NE,2021,9,REG,W
Baker Mayfield,CLE,2021,9,REG,W
Teddy Bridgewater,DEN,2021,9,REG,W
Trevor Lawrence,JAX,2021,9,REG,W
Jacoby Brissett,MIA,2021,9,REG,W
Matt Ryan,ATL,2021,9,REG,W
Daniel Jones,NYG,2021,9,REG,W
Justin Herbert,LAC,2021,9,REG,W
Patrick Mahomes,KC,2021,9,REG,W
Colt McCoy,ARI,2021,9,REG,W
Ryan Tannehill,TEN,2021,9,REG,W
Ben Roethlisberger,PIT,2021,9,REG,W
Jacoby Brissett,MIA,2021,10,REG,W
Dak Prescott,DAL,2021,10,REG,W
Carson Wentz,IND,2021,10,REG,W
Mac Jones,NE,2021,10,REG,W
Josh Allen,BUF,2021,10,REG,W
Mason Rudolph,PIT,2021,10,REG,W
Ryan Tannehill,TEN,2021,10,REG,W
Taylor Heinicke,WAS,2021,10,REG,W
Phillip Walker,CAR,2021,10,REG,W
Kirk Cousins,MIN,2021,10,REG,W
Jalen Hurts,PHI,2021,10,REG,W
Aaron Rodgers,GB,2021,10,REG,W
Patrick Mahomes,KC,2021,10,REG,W
Jimmy Garoppolo,SF,2021,10,REG,W
Mac Jones,NE,2021,11,REG,W
Carson Wentz,IND,2021,11,REG,W
Taylor Heinicke,WAS,2021,11,REG,W
Tyler Huntley,BAL,2021,11,REG,W
Baker Mayfield,CLE,2021,11,REG,W
Jimmy Garoppolo,SF,2021,11,REG,W
Kirk Cousins,MIN,2021,11,REG,W
Tua Tagovailoa,MIA,2021,11,REG,W
Jalen Hurts,PHI,2021,11,REG,W
Tyrod Taylor,HOU,2021,11,REG,W
Joe Burrow,CIN,2021,11,REG,W
Patrick Mahomes,KC,2021,11,REG,W
Colt McCoy,ARI,2021,11,REG,W
Justin Herbert,LAC,2021,11,REG,W
Tom Brady,TB,2021,11,REG,W
Andy Dalton,CHI,2021,12,REG,W
Derek Carr,LV,2021,12,REG,W
Josh Allen,BUF,2021,12,REG,W
Joe Burrow,CIN,2021,12,REG,W
Zach Wilson,NYJ,2021,12,REG,W
Tom Brady,TB,2021,12,REG,W
Matt Ryan,ATL,2021,12,REG,W
Tua Tagovailoa,MIA,2021,12,REG,W
Mac Jones,NE,2021,12,REG,W
Daniel Jones,NYG,2021,12,REG,W
Teddy Bridgewater,DEN,2021,12,REG,W
Aaron Rodgers,GB,2021,12,REG,W
Jimmy Garoppolo,SF,2021,12,REG,W
Lamar Jackson,BAL,2021,12,REG,W
Taylor Heinicke,WAS,2021,12,REG,W
Dak Prescott,DAL,2021,13,REG,W
Tom Brady,TB,2021,13,REG,W
Taysom Kyler Murray,ARI,2021,13,REG,W
Justin Herbert,LAC,2021,13,REG,W
Jared Goff,DET,2021,13,REG,W
Carson Wentz,IND,2021,13,REG,W
Tua Tagovailoa,MIA,2021,13,REG,W
Gardner Minshew,PHI,2021,13,REG,W
Matthew Stafford,LA,2021,13,REG,W
Taylor Heinicke,WAS,2021,13,REG,W
Ben Roethlisberger,PIT,2021,13,REG,W
Russell Wilson,SEA,2021,13,REG,W
Patrick Mahomes,KC,2021,13,REG,W
Mac Jones,NE,2021,13,REG,W
Kirk Cousins,MIN,2021,14,REG,W
Matt Ryan,ATL,2021,14,REG,W
Baker Mayfield,CLE,2021,14,REG,W
Russell Wilson,SEA,2021,14,REG,W
Patrick Mahomes,KC,2021,14,REG,W
Taysom Hill,NO,2021,14,REG,W
Ryan Tannehill,TEN,2021,14,REG,W
Dak Prescott,DAL,2021,14,REG,W
Teddy Bridgewater,DEN,2021,14,REG,W
Justin Herbert,LAC,2021,14,REG,W
Jimmy Garoppolo,SF,2021,14,REG,W
Tom Brady,TB,2021,14,REG,W
Aaron Rodgers,GB,2021,14,REG,W
Matthew Stafford,LA,2021,14,REG,W
Patrick Mahomes,KC,2021,15,REG,W
Carson Wentz,IND,2021,15,REG,W
Josh Allen,BUF,2021,15,REG,W
Jared Goff,DET,2021,15,REG,W
Davis Mills,HOU,2021,15,REG,W
Tua Tagovailoa,MIA,2021,15,REG,W
Dak Prescott,DAL,2021,15,REG,W
Ben Roethlisberger,PIT,2021,15,REG,W
Joe Burrow,CIN,2021,15,REG,W
Jimmy Garoppolo,SF,2021,15,REG,W
Aaron Rodgers,GB,2021,15,REG,W
Taysom Hill,NO,2021,15,REG,W
Derek Carr,LV,2021,15,REG,W
Kirk Cousins,MIN,2021,15,REG,W
Matthew Stafford,LA,2021,15,REG,W
Jalen Hurts,PHI,2021,15,REG,W
Ryan Tannehill,TEN,2021,16,REG,W
Aaron Rodgers,GB,2021,16,REG,W
Carson Wentz,IND,2021,16,REG,W
Matt Ryan,ATL,2021,16,REG,W
Tom Brady,TB,2021,16,REG,W
Joe Burrow,CIN,2021,16,REG,W
Davis Mills,HOU,2021,16,REG,W
Matthew Stafford,LA,2021,16,REG,W
Josh Allen,BUF,2021,16,REG,W
Zach Wilson,NYJ,2021,16,REG,W
Jalen Hurts,PHI,2021,16,REG,W
Nick Foles,CHI,2021,16,REG,W
Patrick Mahomes,KC,2021,16,REG,W
Derek Carr,LV,2021,16,REG,W
Dak Prescott,DAL,2021,16,REG,W
Tua Tagovailoa,MIA,2021,16,REG,W
Matthew Stafford,LA,2021,17,REG,W
Josh Allen,BUF,2021,17,REG,W
Andy Dalton,CHI,2021,17,REG,W
Joe Burrow,CIN,2021,17,REG,W
Derek Carr,LV,2021,17,REG,W
Mac Jones,NE,2021,17,REG,W
Tom Brady,TB,2021,17,REG,W
Ryan Tannehill,TEN,2021,17,REG,W
Jalen Hurts,PHI,2021,17,REG,W
Justin Herbert,LAC,2021,17,REG,W
Trey Lance,SF,2021,17,REG,W
Kyler Murray,ARI,2021,17,REG,W
Taysom Hill,NO,2021,17,REG,W
Russell Wilson,SEA,2021,17,REG,W
Aaron Rodgers,GB,2021,17,REG,W
Ben Roethlisberger,PIT,2021,17,REG,W
Patrick Mahomes,KC,2021,18,REG,W
Dak Prescott,DAL,2021,18,REG,W
Ben Roethlisberger,PIT,2021,18,REG,W
Case Keenum,CLE,2021,18,REG,W
Jared Goff,DET,2021,18,REG,W
Ryan Tannehill,TEN,2021,18,REG,W
Trevor Lawrence,JAX,2021,18,REG,W
Kirk Cousins,MIN,2021,18,REG,W
Taylor Heinicke,WAS,2021,18,REG,W
Russell Wilson,SEA,2021,18,REG,W
Taysom Hill,NO,2021,18,REG,W
Josh Allen,BUF,2021,18,REG,W
Jimmy Garoppolo,SF,2021,18,REG,W
Tua Tagovailoa,MIA,2021,18,REG,W
Tom Brady,TB,2021,18,REG,W
Derek Carr,LV,2021,18,REG,W
Joe Burrow,CIN,2021,19,WC,W
Josh Allen,BUF,2021,19,WC,W
Tom Brady,TB,2021,19,WC,W
Jimmy Garoppolo,SF,2021,19,WC,W
Patrick Mahomes,KC,2021,19,WC,W
Matthew Stafford,LA,2021,19,WC,W
Joe Burrow,CIN,2021,20,DIV,W
Jimmy Garoppolo,SF,2021,20,DIV,W
Matthew Stafford,LA,2021,20,DIV,W
Patrick Mahomes,KC,2021,20,DIV,W
Joe Burrow,CIN,2021,21,CON,W
Matthew Stafford,LA,2021,21,CON,W
Matthew Stafford,LA,2021,22,SB,W
Josh Allen,BUF,2022,1,REG,W
Jameis Winston,NO,2022,1,REG,W
Jacoby Brissett,CLE,2022,1,REG,W
Justin Fields,CHI,2022,1,REG,W
Mitch Trubisky,PIT,2022,1,REG,W
Jalen Hurts,PHI,2022,1,REG,W
Davis Mills,HOU,2022,1,REG,W
Tua Tagovailoa,MIA,2022,1,REG,W
Lamar Jackson,BAL,2022,1,REG,W
Carson Wentz,WAS,2022,1,REG,W
Patrick Mahomes,KC,2022,1,REG,W
Justin Herbert,LAC,2022,1,REG,W
Kirk Cousins,MIN,2022,1,REG,W
Daniel Jones,NYG,2022,1,REG,W
Tom Brady,TB,2022,1,REG,W
Geno Smith,SEA,2022,1,REG,W
Patrick Mahomes,KC,2022,2,REG,W
Tua Tagovailoa,MIA,2022,2,REG,W
Joe Flacco,NYJ,2022,2,REG,W
Jared Goff,DET,2022,2,REG,W
Trevor Lawrence,JAX,2022,2,REG,W
Tom Brady,TB,2022,2,REG,W
Daniel Jones,NYG,2022,2,REG,W
Mac Jones,NE,2022,2,REG,W
Matthew Stafford,LA,2022,2,REG,W
Trey Lance,SF,2022,2,REG,W
Cooper Rush,DAL,2022,2,REG,W
Russell Wilson,DEN,2022,2,REG,W
Kyler Murray,ARI,2022,2,REG,W
Aaron Rodgers,GB,2022,2,REG,W
Josh Allen,BUF,2022,2,REG,W
Jalen Hurts,PHI,2022,2,REG,W
Jacoby Brissett,CLE,2022,3,REG,W
Baker Mayfield,CAR,2022,3,REG,W
Justin Fields,CHI,2022,3,REG,W
Matt Ryan,IND,2022,3,REG,W
Tua Tagovailoa,MIA,2022,3,REG,W
Kirk Cousins,MIN,2022,3,REG,W
Lamar Jackson,BAL,2022,3,REG,W
Joe Burrow,CIN,2022,3,REG,W
Ryan Tannehill,TEN,2022,3,REG,W
Jalen Hurts,PHI,2022,3,REG,W
Trevor Lawrence,JAX,2022,3,REG,W
Matthew Stafford,LA,2022,3,REG,W
Marcus Mariota,ATL,2022,3,REG,W
Aaron Rodgers,GB,2022,3,REG,W
Russell Wilson,DEN,2022,3,REG,W
Cooper Rush,DAL,2022,3,REG,W
Joe Burrow,CIN,2022,4,REG,W
Kirk Cousins,MIN,2022,4,REG,W
Marcus Mariota,ATL,2022,4,REG,W
Josh Allen,BUF,2022,4,REG,W
Cooper Rush,DAL,2022,4,REG,W
Geno Smith,SEA,2022,4,REG,W
Justin Herbert,LAC,2022,4,REG,W
Ryan Tannehill,TEN,2022,4,REG,W
Daniel Jones,NYG,2022,4,REG,W
Jalen Hurts,PHI,2022,4,REG,W
Zach Wilson,NYJ,2022,4,REG,W
Kyler Murray,ARI,2022,4,REG,W
Aaron Rodgers,GB,2022,4,REG,W
Derek Carr,LV,2022,4,REG,W
Patrick Mahomes,KC,2022,4,REG,W
Jimmy Garoppolo,SF,2022,4,REG,W
Matt Ryan,IND,2022,5,REG,W
Daniel Jones,NYG,2022,5,REG,W
Josh Allen,BUF,2022,5,REG,W
Justin Herbert,LAC,2022,5,REG,W
Davis Mills,HOU,2022,5,REG,W
Kirk Cousins,MIN,2022,5,REG,W
Bailey Zappe,NE,2022,5,REG,W
Andy Dalton,NO,2022,5,REG,W
Zach Wilson,NYJ,2022,5,REG,W
Tom Brady,TB,2022,5,REG,W
Ryan Tannehill,TEN,2022,5,REG,W
Jimmy Garoppolo,SF,2022,5,REG,W
Jalen Hurts,PHI,2022,5,REG,W
Cooper Rush,DAL,2022,5,REG,W
Lamar Jackson,BAL,2022,5,REG,W
Patrick Mahomes,KC,2022,5,REG,W
Carson Wentz,WAS,2022,6,REG,W
Marcus Mariota,ATL,2022,6,REG,W
Bailey Zappe,NE,2022,6,REG,W
Zach Wilson,NYJ,2022,6,REG,W
Matt Ryan,IND,2022,6,REG,W
Kirk Cousins,MIN,2022,6,REG,W
Joe Burrow,CIN,2022,6,REG,W
Daniel Jones,NYG,2022,6,REG,W
Kenny Pickett,PIT,2022,6,REG,W
Matthew Stafford,LA,2022,6,REG,W
Geno Smith,SEA,2022,6,REG,W
Josh Allen,BUF,2022,6,REG,W
Jalen Hurts,PHI,2022,6,REG,W
Justin Herbert,LAC,2022,6,REG,W
Kyler Murray,ARI,2022,7,REG,W
Lamar Jackson,BAL,2022,7,REG,W
Phillip Walker,CAR,2022,7,REG,W
Joe Burrow,CIN,2022,7,REG,W
Dak Prescott,DAL,2022,7,REG,W
Daniel Jones,NYG,2022,7,REG,W
Ryan Tannehill,TEN,2022,7,REG,W
Taylor Heinicke,WAS,2022,7,REG,W
Zach Wilson,NYJ,2022,7,REG,W
Derek Carr,LV,2022,7,REG,W
Geno Smith,SEA,2022,7,REG,W
Patrick Mahomes,KC,2022,7,REG,W
Tua Tagovailoa,MIA,2022,7,REG,W
Justin Fields,CHI,2022,7,REG,W
Lamar Jackson,BAL,2022,8,REG,W
Russell Wilson,DEN,2022,8,REG,W
Marcus Mariota,ATL,2022,8,REG,W
Dak Prescott,DAL,2022,8,REG,W
Tua Tagovailoa,MIA,2022,8,REG,W
Kirk Cousins,MIN,2022,8,REG,W
Jameis Winston,NO,2022,8,REG,W
Mac Jones,NE,2022,8,REG,W
Jalen Hurts,PHI,2022,8,REG,W
Malik Willis,TEN,2022,8,REG,W
Taylor Heinicke,WAS,2022,8,REG,W
Jimmy Garoppolo,SF,2022,8,REG,W
Geno Smith,SEA,2022,8,REG,W
Josh Allen,BUF,2022,8,REG,W
Jacoby Brissett,CLE,2022,8,REG,W
Jalen Hurts,PHI,2022,9,REG,W
Justin Herbert,LAC,2022,9,REG,W
Tua Tagovailoa,MIA,2022,9,REG,W
Joe Burrow,CIN,2022,9,REG,W
Jared Goff,DET,2022,9,REG,W
Trevor Lawrence,JAX,2022,9,REG,W
Mac Jones,NE,2022,9,REG,W
Zach Wilson,NYJ,2022,9,REG,W
Kirk Cousins,MIN,2022,9,REG,W
Geno Smith,SEA,2022,9,REG,W
Tom Brady,TB,2022,9,REG,W
Patrick Mahomes,KC,2022,9,REG,W
Lamar Jackson,BAL,2022,9,REG,W
Phillip Walker,CAR,2022,10,REG,W
Tom Brady,TB,2022,10,REG,W
Kirk Cousins,MIN,2022,10,REG,W
Jared Goff,DET,2022,10,REG,W
Patrick Mahomes,KC,2022,10,REG,W
Tua Tagovailoa,MIA,2022,10,REG,W
Daniel Jones,NYG,2022,10,REG,W
Kenny Pickett,PIT,2022,10,REG,W
Ryan Tannehill,TEN,2022,10,REG,W
Matt Ryan,IND,2022,10,REG,W
Aaron Rodgers,GB,2022,10,REG,W
Colt McCoy,ARI,2022,10,REG,W
Jimmy Garoppolo,SF,2022,10,REG,W
Taylor Heinicke,WAS,2022,10,REG,W
Ryan Tannehill,TEN,2022,11,REG,W
Marcus Mariota,ATL,2022,11,REG,W
Lamar Jackson,BAL,2022,11,REG,W
Josh Allen,BUF,2022,11,REG,W
Taylor Heinicke,WAS,2022,11,REG,W
Jalen Hurts,PHI,2022,11,REG,W
Mac Jones,NE,2022,11,REG,W
Andy Dalton,NO,2022,11,REG,W
Jared Goff,DET,2022,11,REG,W
Derek Carr,LV,2022,11,REG,W
Dak Prescott,DAL,2022,11,REG,W
Joe Burrow,CIN,2022,11,REG,W
Patrick Mahomes,KC,2022,11,REG,W
Jimmy Garoppolo,SF,2022,11,REG,W
Josh Allen,BUF,2022,12,REG,W
Dak Prescott,DAL,2022,12,REG,W
Kirk Cousins,MIN,2022,12,REG,W
Sam Darnold,CAR,2022,12,REG,W
Jacoby Brissett,CLE,2022,12,REG,W
Trevor Lawrence,JAX,2022,12,REG,W
Tua Tagovailoa,MIA,2022,12,REG,W
Mike White,NYJ,2022,12,REG,W
Joe Burrow,CIN,2022,12,REG,W
Taylor Heinicke,WAS,2022,12,REG,W
Justin Herbert,LAC,2022,12,REG,W
Derek Carr,LV,2022,12,REG,W
Patrick Mahomes,KC,2022,12,REG,W
Jimmy Garoppolo,SF,2022,12,REG,W
Jalen Hurts,PHI,2022,12,REG,W
Kenny Pickett,PIT,2022,12,REG,W
Josh Allen,BUF,2022,13,REG,W
Kenny Pickett,PIT,2022,13,REG,W
Lamar Jackson,BAL,2022,13,REG,W
Aaron Rodgers,GB,2022,13,REG,W
Jared Goff,DET,2022,13,REG,W
Deshaun Watson,CLE,2022,13,REG,W
Kirk Cousins,MIN,2022,13,REG,W
Daniel Jones,NYG,2022,13,REG,W
Jalen Hurts,PHI,2022,13,REG,W
Geno Smith,SEA,2022,13,REG,W
Jimmy Garoppolo,SF,2022,13,REG,W
Joe Burrow,CIN,2022,13,REG,W
Derek Carr,LV,2022,13,REG,W
Dak Prescott,DAL,2022,13,REG,W
Tom Brady,TB,2022,13,REG,W
Baker Mayfield,LA,2022,14,REG,W
Josh Allen,BUF,2022,14,REG,W
Joe Burrow,CIN,2022,14,REG,W
Dak Prescott,DAL,2022,14,REG,W
Jared Goff,DET,2022,14,REG,W
Jalen Hurts,PHI,2022,14,REG,W
Tyler Huntley,BAL,2022,14,REG,W
Trevor Lawrence,JAX,2022,14,REG,W
Patrick Mahomes,KC,2022,14,REG,W
Sam Darnold,CAR,2022,14,REG,W
Brock Purdy,SF,2022,14,REG,W
Justin Herbert,LAC,2022,14,REG,W
Mac Jones,NE,2022,14,REG,W
Brock Purdy,SF,2022,15,REG,W
Kirk Cousins,MIN,2022,15,REG,W
Deshaun Watson,CLE,2022,15,REG,W
Josh Allen,BUF,2022,15,REG,W
Kenny Pickett,PIT,2022,15,REG,W
Jalen Hurts,PHI,2022,15,REG,W
Patrick Mahomes,KC,2022,15,REG,W
Trevor Lawrence,JAX,2022,15,REG,W
Andy Dalton,NO,2022,15,REG,W
Jared Goff,DET,2022,15,REG,W
Brett Rypien,DEN,2022,15,REG,W
Derek Carr,LV,2022,15,REG,W
Justin Herbert,LAC,2022,15,REG,W
Joe Burrow,CIN,2022,15,REG,W
Daniel Jones,NYG,2022,15,REG,W
Aaron Rodgers,GB,2022,15,REG,W
Trevor Lawrence,JAX,2022,16,REG,W
Tyler Huntley,BAL,2022,16,REG,W
Sam Darnold,CAR,2022,16,REG,W
Josh Allen,BUF,2022,16,REG,W
Andy Dalton,NO,2022,16,REG,W
Patrick Mahomes,KC,2022,16,REG,W
Kirk Cousins,MIN,2022,16,REG,W
Joe Burrow,CIN,2022,16,REG,W
Davis Mills,HOU,2022,16,REG,W
Brock Purdy,SF,2022,16,REG,W
Dak Prescott,DAL,2022,16,REG,W
Kenny Pickett,PIT,2022,16,REG,W
Aaron Rodgers,GB,2022,16,REG,W
Baker Mayfield,LA,2022,16,REG,W
Tom Brady,TB,2022,16,REG,W
Justin Herbert,LAC,2022,16,REG,W
Dak Prescott,DAL,2022,17,REG,W
Desmond Ridder,ATL,2022,17,REG,W
Jared Goff,DET,2022,17,REG,W
Trevor Lawrence,JAX,2022,17,REG,W
Patrick Mahomes,KC,2022,17,REG,W
Mac Jones,NE,2022,17,REG,W
Daniel Jones,NYG,2022,17,REG,W
Andy Dalton,NO,2022,17,REG,W
Tom Brady,TB,2022,17,REG,W
Deshaun Watson,CLE,2022,17,REG,W
Brock Purdy,SF,2022,17,REG,W
Geno Smith,SEA,2022,17,REG,W
Aaron Rodgers,GB,2022,17,REG,W
Justin Herbert,LAC,2022,17,REG,W
Kenny Pickett,PIT,2022,17,REG,W
Patrick Mahomes,KC,2022,18,REG,W
Trevor Lawrence,JAX,2022,18,REG,W
Desmond Ridder,ATL,2022,18,REG,W
Josh Allen,BUF,2022,18,REG,W
Kirk Cousins,MIN,2022,18,REG,W
Joe Burrow,CIN,2022,18,REG,W
Davis Mills,HOU,2022,18,REG,W
Skylar Thompson,MIA,2022,18,REG,W
Sam Darnold,CAR,2022,18,REG,W
Kenny Pickett,PIT,2022,18,REG,W
Russell Wilson,DEN,2022,18,REG,W
Jalen Hurts,PHI,2022,18,REG,W
Geno Smith,SEA,2022,18,REG,W
Brock Purdy,SF,2022,18,REG,W
Sam Howell,WAS,2022,18,REG,W
Jared Goff,DET,2022,18,REG,W
Brock Purdy,SF,2022,19,WC,W
Trevor Lawrence,JAX,2022,19,WC,W
Josh Allen,BUF,2022,19,WC,W
Daniel Jones,NYG,2022,19,WC,W
Joe Burrow,CIN,2022,19,WC,W
Dak Prescott,DAL,2022,19,WC,W
Patrick Mahomes,KC,2022,20,DIV,W
Jalen Hurts,PHI,2022,20,DIV,W
Joe Burrow,CIN,2022,20,DIV,W
Brock Purdy,SF,2022,20,DIV,W
Jalen Hurts,PHI,2022,21,CON,W
Patrick Mahomes,KC,2022,21,CON,W
Patrick Mahomes,KC,2022,22,SB,W
Jared Goff,DET,2023,1,REG,W
Desmond Ridder,ATL,2023,1,REG,W
Lamar Jackson,BAL,2023,1,REG,W
Deshaun Watson,CLE,2023,1,REG,W
Trevor Lawrence,JAX,2023,1,REG,W
Baker Mayfield,TB,2023,1,REG,W
Derek Carr,NO,2023,1,REG,W
Brock Purdy,SF,2023,1,REG,W
Sam Howell,WAS,2023,1,REG,W
Jordan Love,GB,2023,1,REG,W
Jimmy Garoppolo,LV,2023,1,REG,W
Tua Tagovailoa,MIA,2023,1,REG,W
Jalen Hurts,PHI,2023,1,REG,W
Matthew Stafford,LA,2023,1,REG,W
Dak Prescott,DAL,2023,1,REG,W
Aaron Rodgers,NYJ,2023,1,REG,W
Jalen Hurts,PHI,2023,2,REG,W
Desmond Ridder,ATL,2023,2,REG,W
Josh Allen,BUF,2023,2,REG,W
Lamar Jackson,BAL,2023,2,REG,W
Geno Smith,SEA,2023,2,REG,W
Anthony Richardson,IND,2023,2,REG,W
Patrick Mahomes,KC,2023,2,REG,W
Baker Mayfield,TB,2023,2,REG,W
Ryan Tannehill,TEN,2023,2,REG,W
Daniel Jones,NYG,2023,2,REG,W
Brock Purdy,SF,2023,2,REG,W
Dak Prescott,DAL,2023,2,REG,W
Sam Howell,WAS,2023,2,REG,W
Tua Tagovailoa,MIA,2023,2,REG,W
Derek Carr,NO,2023,2,REG,W
Kenny Pickett,PIT,2023,2,REG,W
Brock Purdy,SF,2023,3,REG,W
Gardner Minshew,IND,2023,3,REG,W
Deshaun Watson,CLE,2023,3,REG,W
Jared Goff,DET,2023,3,REG,W
Jordan Love,GB,2023,3,REG,W
C.J. Stroud,HOU,2023,3,REG,W
Tua Tagovailoa,MIA,2023,3,REG,W
Justin Herbert,LAC,2023,3,REG,W
Mac Jones,NE,2023,3,REG,W
Josh Allen,BUF,2023,3,REG,W
Geno Smith,SEA,2023,3,REG,W
Joshua Dobbs,ARI,2023,3,REG,W
Patrick Mahomes,KC,2023,3,REG,W
Kenny Pickett,PIT,2023,3,REG,W
Jalen Hurts,PHI,2023,3,REG,W
Joe Burrow,CIN,2023,3,REG,W
Jared Goff,DET,2023,4,REG,W
Trevor Lawrence,JAX,2023,4,REG,W
Josh Allen,BUF,2023,4,REG,W
Kirk Cousins,MIN,2023,4,REG,W
Russell Wilson,DEN,2023,4,REG,W
Lamar Jackson,BAL,2023,4,REG,W
C.J. Stroud,HOU,2023,4,REG,W
Matthew Stafford,LA,2023,4,REG,W
Baker Mayfield,TB,2023,4,REG,W
Jalen Hurts,PHI,2023,4,REG,W
Ryan Tannehill,TEN,2023,4,REG,W
Justin Herbert,LAC,2023,4,REG,W
Dak Prescott,DAL,2023,4,REG,W
Brock Purdy,SF,2023,4,REG,W
Patrick Mahomes,KC,2023,4,REG,W
Geno Smith,SEA,2023,4,REG,W
Justin Fields,CHI,2023,5,REG,W
Trevor Lawrence,JAX,2023,5,REG,W
Desmond Ridder,ATL,2023,5,REG,W
Jared Goff,DET,2023,5,REG,W
Anthony Richardson,IND,2023,5,REG,W
Tua Tagovailoa,MIA,2023,5,REG,W
Derek Carr,NO,2023,5,REG,W
Kenny Pickett,PIT,2023,5,REG,W
Joe Burrow,CIN,2023,5,REG,W
Jalen Hurts,PHI,2023,5,REG,W
Zach Wilson,NYJ,2023,5,REG,W
Patrick Mahomes,KC,2023,5,REG,W
Brock Purdy,SF,2023,5,REG,W
Jimmy Garoppolo,LV,2023,5,REG,W
Patrick Mahomes,KC,2023,6,REG,W
Lamar Jackson,BAL,2023,6,REG,W
Sam Howell,WAS,2023,6,REG,W
Kirk Cousins,MIN,2023,6,REG,W
Joe Burrow,CIN,2023,6,REG,W
Phillip Walker,CLE,2023,6,REG,W
C.J. Stroud,HOU,2023,6,REG,W
Trevor Lawrence,JAX,2023,6,REG,W
Tua Tagovailoa,MIA,2023,6,REG,W
Jimmy Garoppolo,LV,2023,6,REG,W
Matthew Stafford,LA,2023,6,REG,W
Zach Wilson,NYJ,2023,6,REG,W
Jared Goff,DET,2023,6,REG,W
Josh Allen,BUF,2023,6,REG,W
Dak Prescott,DAL,2023,6,REG,W
Trevor Lawrence,JAX,2023,7,REG,W
Lamar Jackson,BAL,2023,7,REG,W
Tyson Bagent,CHI,2023,7,REG,W
Deshaun Watson,CLE,2023,7,REG,W
Mac Jones,NE,2023,7,REG,W
Tyrod Taylor,NYG,2023,7,REG,W
Desmond Ridder,ATL,2023,7,REG,W
Kenny Pickett,PIT,2023,7,REG,W
Geno Smith,SEA,2023,7,REG,W
Russell Wilson,DEN,2023,7,REG,W
Patrick Mahomes,KC,2023,7,REG,W
Jalen Hurts,PHI,2023,7,REG,W
Kirk Cousins,MIN,2023,7,REG,W
Josh Allen,BUF,2023,8,REG,W
Bryce Young,CAR,2023,8,REG,W
Dak Prescott,DAL,2023,8,REG,W
Kirk Cousins,MIN,2023,8,REG,W
Derek Carr,NO,2023,8,REG,W
Tua Tagovailoa,MIA,2023,8,REG,W
Zach Wilson,NYJ,2023,8,REG,W
Trevor Lawrence,JAX,2023,8,REG,W
Will Levis,TEN,2023,8,REG,W
Jalen Hurts,PHI,2023,8,REG,W
Geno Smith,SEA,2023,8,REG,W
Lamar Jackson,BAL,2023,8,REG,W
Russell Wilson,DEN,2023,8,REG,W
Joe Burrow,CIN,2023,8,REG,W
Justin Herbert,LAC,2023,8,REG,W
Jared Goff,DET,2023,8,REG,W
Kenny Pickett,PIT,2023,9,REG,W
Patrick Mahomes,KC,2023,9,REG,W
Jaren Hall,MIN,2023,9,REG,W
Lamar Jackson,BAL,2023,9,REG,W
Deshaun Watson,CLE,2023,9,REG,W
Jordan Love,GB,2023,9,REG,W
C.J. Stroud,HOU,2023,9,REG,W
Sam Howell,WAS,2023,9,REG,W
Derek Carr,NO,2023,9,REG,W
Gardner Minshew,IND,2023,9,REG,W
Aidan O'Connell,LV,2023,9,REG,W
Jalen Hurts,PHI,2023,9,REG,W
Joe Burrow,CIN,2023,9,REG,W
Justin Herbert,LAC,2023,9,REG,W
Tyson Bagent,CHI,2023,10,REG,W
Gardner Minshew,IND,2023,10,REG,W
Deshaun Watson,CLE,2023,10,REG,W
C.J. Stroud,HOU,2023,10,REG,W
Brock Purdy,SF,2023,10,REG,W
Joshua Dobbs,MIN,2023,10,REG,W
Kenny Pickett,PIT,2023,10,REG,W
Baker Mayfield,TB,2023,10,REG,W
Kyler Murray,ARI,2023,10,REG,W
Jared Goff,DET,2023,10,REG,W
Dak Prescott,DAL,2023,10,REG,W
Geno Smith,SEA,2023,10,REG,W
Aidan O'Connell,LV,2023,10,REG,W
Russell Wilson,DEN,2023,10,REG,W
Lamar Jackson,BAL,2023,11,REG,W
Dak Prescott,DAL,2023,11,REG,W
Dorian Thompson-Robinson,CLE,2023,11,REG,W
Jared Goff,DET,2023,11,REG,W
Jordan Love,GB,2023,11,REG,W
C.J. Stroud,HOU,2023,11,REG,W
Trevor Lawrence,JAX,2023,11,REG,W
Tua Tagovailoa,MIA,2023,11,REG,W
Tommy DeVito,NYG,2023,11,REG,W
Brock Purdy,SF,2023,11,REG,W
Josh Allen,BUF,2023,11,REG,W
Matthew Stafford,LA,2023,11,REG,W
Russell Wilson,DEN,2023,11,REG,W
Jalen Hurts,PHI,2023,11,REG,W
Jordan Love,GB,2023,12,REG,W
Dak Prescott,DAL,2023,12,REG,W
Brock Purdy,SF,2023,12,REG,W
Tua Tagovailoa,MIA,2023,12,REG,W
Desmond Ridder,ATL,2023,12,REG,W
Kenny Pickett,PIT,2023,12,REG,W
Trevor Lawrence,JAX,2023,12,REG,W
Gardner Minshew,IND,2023,12,REG,W
Tommy DeVito,NYG,2023,12,REG,W
Will Levis,TEN,2023,12,REG,W
Matthew Stafford,LA,2023,12,REG,W
Russell Wilson,DEN,2023,12,REG,W
Patrick Mahomes,KC,2023,12,REG,W
Jalen Hurts,PHI,2023,12,REG,W
Lamar Jackson,BAL,2023,12,REG,W
Justin Fields,CHI,2023,12,REG,W
Dak Prescott,DAL,2023,13,REG,W
C.J. Stroud,HOU,2023,13,REG,W
Justin Herbert,LAC,2023,13,REG,W
Jared Goff,DET,2023,13,REG,W
Desmond Ridder,ATL,2023,13,REG,W
Kyler Murray,ARI,2023,13,REG,W
Gardner Minshew,IND,2023,13,REG,W
Tua Tagovailoa,MIA,2023,13,REG,W
Baker Mayfield,TB,2023,13,REG,W
Matthew Stafford,LA,2023,13,REG,W
Brock Purdy,SF,2023,13,REG,W
Jordan Love,GB,2023,13,REG,W
Jake Browning,CIN,2023,13,REG,W
Bailey Zappe,NE,2023,14,REG,W
Baker Mayfield,TB,2023,14,REG,W
Lamar Jackson,BAL,2023,14,REG,W
Justin Fields,CHI,2023,14,REG,W
Jake Browning,CIN,2023,14,REG,W
Joe Flacco,CLE,2023,14,REG,W
Derek Carr,NO,2023,14,REG,W
Zach Wilson,NYJ,2023,14,REG,W
Joshua Dobbs,MIN,2023,14,REG,W
Brock Purdy,SF,2023,14,REG,W
Josh Allen,BUF,2023,14,REG,W
Russell Wilson,DEN,2023,14,REG,W
Dak Prescott,DAL,2023,14,REG,W
Will Levis,TEN,2023,14,REG,W
Tommy DeVito,NYG,2023,14,REG,W
Aidan O'Connell,LV,2023,15,REG,W
Jake Browning,CIN,2023,15,REG,W
Gardner Minshew,IND,2023,15,REG,W
Jared Goff,DET,2023,15,REG,W
Bryce Young,CAR,2023,15,REG,W
Joe Flacco,CLE,2023,15,REG,W
Baker Mayfield,TB,2023,15,REG,W
Tua Tagovailoa,MIA,2023,15,REG,W
Patrick Mahomes,KC,2023,15,REG,W
Derek Carr,NO,2023,15,REG,W
Case Keenum,HOU,2023,15,REG,W
Brock Purdy,SF,2023,15,REG,W
Matthew Stafford,LA,2023,15,REG,W
Josh Allen,BUF,2023,15,REG,W
Lamar Jackson,BAL,2023,15,REG,W
Drew Lock,SEA,2023,15,REG,W
Matthew Stafford,LA,2023,16,REG,W
Mason Rudolph,PIT,2023,16,REG,W
Josh Allen,BUF,2023,16,REG,W
Taylor Heinicke,ATL,2023,16,REG,W
Jordan Love,GB,2023,16,REG,W
Joe Flacco,CLE,2023,16,REG,W
Jared Goff,DET,2023,16,REG,W
Trevor Siemian,NYJ,2023,16,REG,W
Geno Smith,SEA,2023,16,REG,W
Baker Mayfield,TB,2023,16,REG,W
Justin Fields,CHI,2023,16,REG,W
Tua Tagovailoa,MIA,2023,16,REG,W
Bailey Zappe,NE,2023,16,REG,W
Aidan O'Connell,LV,2023,16,REG,W
Jalen Hurts,PHI,2023,16,REG,W
Lamar Jackson,BAL,2023,16,REG,W
Joe Flacco,CLE,2023,17,REG,W
Dak Prescott,DAL,2023,17,REG,W
Lamar Jackson,BAL,2023,17,REG,W
Josh Allen,BUF,2023,17,REG,W
Justin Fields,CHI,2023,17,REG,W
C.J. Stroud,HOU,2023,17,REG,W
Gardner Minshew,IND,2023,17,REG,W
C.J. Beathard,JAX,2023,17,REG,W
Matthew Stafford,LA,2023,17,REG,W
Kyler Murray,ARI,2023,17,REG,W
Derek Carr,NO,2023,17,REG,W
Brock Purdy,SF,2023,17,REG,W
Mason Rudolph,PIT,2023,17,REG,W
Jarrett Stidham,DEN,2023,17,REG,W
Patrick Mahomes,KC,2023,17,REG,W
Jordan Love,GB,2023,17,REG,W
Mason Rudolph,PIT,2023,18,REG,W
C.J. Stroud,HOU,2023,18,REG,W
Baker Mayfield,TB,2023,18,REG,W
Jake Browning,CIN,2023,18,REG,W
Jared Goff,DET,2023,18,REG,W
Trevor Siemian,NYJ,2023,18,REG,W
Derek Carr,NO,2023,18,REG,W
Ryan Tannehill,TEN,2023,18,REG,W
Geno Smith,SEA,2023,18,REG,W
Jordan Love,GB,2023,18,REG,W
Blaine Gabbert,KC,2023,18,REG,W
Aidan O'Connell,LV,2023,18,REG,W
Tyrod Taylor,NYG,2023,18,REG,W
Carson Wentz,LA,2023,18,REG,W
Dak Prescott,DAL,2023,18,REG,W
Josh Allen,BUF,2023,18,REG,W
C.J. Stroud,HOU,2023,19,WC,W
Patrick Mahomes,KC,2023,19,WC,W
Jordan Love,GB,2023,19,WC,W
Jared Goff,DET,2023,19,WC,W
Josh Allen,BUF,2023,19,WC,W
Baker Mayfield,TB,2023,19,WC,W
Lamar Jackson,BAL,2023,20,DIV,W
Brock Purdy,SF,2023,20,DIV,W
Jared Goff,DET,2023,20,DIV,W
Patrick Mahomes,KC,2023,20,DIV,W
Patrick Mahomes,KC,2023,21,CON,W
Brock Purdy,SF,2023,21,CON,W
Patrick Mahomes,KC,2023,22,SB,W
Patrick Mahomes,KC,2024,1,REG,W
Jalen Hurts,PHI,2024,1,REG,W
Justin Fields,PIT,2024,1,REG,W
Josh Allen,BUF,2024,1,REG,W
Caleb Williams,CHI,2024,1,REG,W
Jacoby Brissett,NE,2024,1,REG,W
C.J. Stroud,HOU,2024,1,REG,W
Tua Tagovailoa,MIA,2024,1,REG,W
Derek Carr,NO,2024,1,REG,W
Sam Darnold,MIN,2024,1,REG,W
Justin Herbert,LAC,2024,1,REG,W
Geno Smith,SEA,2024,1,REG,W
Dak Prescott,DAL,2024,1,REG,W
Baker Mayfield,TB,2024,1,REG,W
Jared Goff,DET,2024,1,REG,W
Brock Purdy,SF,2024,1,REG,W
Josh Allen,BUF,2024,2,REG,W
Gardner Minshew,LV,2024,2,REG,W
Justin Herbert,LAC,2024,2,REG,W
Derek Carr,NO,2024,2,REG,W
Baker Mayfield,TB,2024,2,REG,W
Malik Willis,GB,2024,2,REG,W
Deshaun Watson,CLE,2024,2,REG,W
Sam Darnold,MIN,2024,2,REG,W
Geno Smith,SEA,2024,2,REG,W
Aaron Rodgers,NYJ,2024,2,REG,W
Jayden Daniels,WAS,2024,2,REG,W
Kyler Murray,ARI,2024,2,REG,W
Justin Fields,PIT,2024,2,REG,W
Patrick Mahomes,KC,2024,2,REG,W
C.J. Stroud,HOU,2024,2,REG,W
Kirk Cousins,ATL,2024,2,REG,W
Aaron Rodgers,NYJ,2024,3,REG,W
Daniel Jones,NYG,2024,3,REG,W
Anthony Richardson,IND,2024,3,REG,W
Sam Darnold,MIN,2024,3,REG,W
Jalen Hurts,PHI,2024,3,REG,W
Justin Fields,PIT,2024,3,REG,W
Bo Nix,DEN,2024,3,REG,W
Malik Willis,GB,2024,3,REG,W
Andy Dalton,CAR,2024,3,REG,W
Geno Smith,SEA,2024,3,REG,W
Jared Goff,DET,2024,3,REG,W
Lamar Jackson,BAL,2024,3,REG,W
Matthew Stafford,LA,2024,3,REG,W
Patrick Mahomes,KC,2024,3,REG,W
Josh Allen,BUF,2024,3,REG,W
Jayden Daniels,WAS,2024,3,REG,W
Dak Prescott,DAL,2024,4,REG,W
Kirk Cousins,ATL,2024,4,REG,W
Joe Burrow,CIN,2024,4,REG,W
Caleb Williams,CHI,2024,4,REG,W
Sam Darnold,MIN,2024,4,REG,W
C.J. Stroud,HOU,2024,4,REG,W
Anthony Richardson,IND,2024,4,REG,W
Bo Nix,DEN,2024,4,REG,W
Baker Mayfield,TB,2024,4,REG,W
Jayden Daniels,WAS,2024,4,REG,W
Brock Purdy,SF,2024,4,REG,W
Patrick Mahomes,KC,2024,4,REG,W
Gardner Minshew,LV,2024,4,REG,W
Lamar Jackson,BAL,2024,4,REG,W
Will Levis,TEN,2024,4,REG,W
Jared Goff,DET,2024,4,REG,W
Kirk Cousins,ATL,2024,5,REG,W
Sam Darnold,MIN,2024,5,REG,W
Caleb Williams,CHI,2024,5,REG,W
Lamar Jackson,BAL,2024,5,REG,W
C.J. Stroud,HOU,2024,5,REG,W
Trevor Lawrence,JAX,2024,5,REG,W
Tyler Huntley,MIA,2024,5,REG,W
Jayden Daniels,WAS,2024,5,REG,W
Bo Nix,DEN,2024,5,REG,W
Kyler Murray,ARI,2024,5,REG,W
Jordan Love,GB,2024,5,REG,W
Daniel Jones,NYG,2024,5,REG,W
Dak Prescott,DAL,2024,5,REG,W
Patrick Mahomes,KC,2024,5,REG,W
Brock Purdy,SF,2024,6,REG,W
Caleb Williams,CHI,2024,6,REG,W
Lamar Jackson,BAL,2024,6,REG,W
Jordan Love,GB,2024,6,REG,W
C.J. Stroud,HOU,2024,6,REG,W
Baker Mayfield,TB,2024,6,REG,W
Jalen Hurts,PHI,2024,6,REG,W
Joe Flacco,IND,2024,6,REG,W
Justin Herbert,LAC,2024,6,REG,W
Justin Fields,PIT,2024,6,REG,W
Kirk Cousins,ATL,2024,6,REG,W
Jared Goff,DET,2024,6,REG,W
Joe Burrow,CIN,2024,6,REG,W
Josh Allen,BUF,2024,6,REG,W
Bo Nix,DEN,2024,7,REG,W
Trevor Lawrence,JAX,2024,7,REG,W
Geno Smith,SEA,2024,7,REG,W
Josh Allen,BUF,2024,7,REG,W
Joe Burrow,CIN,2024,7,REG,W
Jordan Love,GB,2024,7,REG,W
Anthony Richardson,IND,2024,7,REG,W
Jared Goff,DET,2024,7,REG,W
Jalen Hurts,PHI,2024,7,REG,W
Matthew Stafford,LA,2024,7,REG,W
Jayden Daniels,WAS,2024,7,REG,W
Patrick Mahomes,KC,2024,7,REG,W
Russell Wilson,PIT,2024,7,REG,W
Lamar Jackson,BAL,2024,7,REG,W
Kyler Murray,ARI,2024,7,REG,W
Matthew Stafford,LA,2024,8,REG,W
Jalen Hurts,PHI,2024,8,REG,W
Jameis Winston,CLE,2024,8,REG,W
Jared Goff,DET,2024,8,REG,W
C.J. Stroud,HOU,2024,8,REG,W
Jordan Love,GB,2024,8,REG,W
Kyler Murray,ARI,2024,8,REG,W
Drake Maye,NE,2024,8,REG,W
Kirk Cousins,ATL,2024,8,REG,W
Justin Herbert,LAC,2024,8,REG,W
Josh Allen,BUF,2024,8,REG,W
Bo Nix,DEN,2024,8,REG,W
Patrick Mahomes,KC,2024,8,REG,W
Jayden Daniels,WAS,2024,8,REG,W
Brock Purdy,SF,2024,8,REG,W
Russell Wilson,PIT,2024,8,REG,W
Aaron Rodgers,NYJ,2024,9,REG,W
Kirk Cousins,ATL,2024,9,REG,W
Lamar Jackson,BAL,2024,9,REG,W
Josh Allen,BUF,2024,9,REG,W
Bryce Young,CAR,2024,9,REG,W
Joe Burrow,CIN,2024,9,REG,W
Justin Herbert,LAC,2024,9,REG,W
Marcus Mariota,WAS,2024,9,REG,W
Mason Rudolph,TEN,2024,9,REG,W
Kyler Murray,ARI,2024,9,REG,W
Jalen Hurts,PHI,2024,9,REG,W
Jared Goff,DET,2024,9,REG,W
Matthew Stafford,LA,2024,9,REG,W
Sam Darnold,MIN,2024,9,REG,W
Patrick Mahomes,KC,2024,9,REG,W
Lamar Jackson,BAL,2024,10,REG,W
Andy Dalton,CAR,2024,10,REG,W
Drake Maye,NE,2024,10,REG,W
Josh Allen,BUF,2024,10,REG,W
Sam Darnold,MIN,2024,10,REG,W
Patrick Mahomes,KC,2024,10,REG,W
Derek Carr,NO,2024,10,REG,W
Brock Purdy,SF,2024,10,REG,W
Russell Wilson,PIT,2024,10,REG,W
Justin Herbert,LAC,2024,10,REG,W
Kyler Murray,ARI,2024,10,REG,W
Jalen Hurts,PHI,2024,10,REG,W
Jared Goff,DET,2024,10,REG,W
Tua Tagovailoa,MIA,2024,10,REG,W
Jalen Hurts,PHI,2024,11,REG,W
Jordan Love,GB,2024,11,REG,W
Jared Goff,DET,2024,11,REG,W
Tua Tagovailoa,MIA,2024,11,REG,W
Matthew Stafford,LA,2024,11,REG,W
Derek Carr,NO,2024,11,REG,W
Joe Flacco,IND,2024,11,REG,W
Russell Wilson,PIT,2024,11,REG,W
Sam Darnold,MIN,2024,11,REG,W
Bo Nix,DEN,2024,11,REG,W
Geno Smith,SEA,2024,11,REG,W
Josh Allen,BUF,2024,11,REG,W
Justin Herbert,LAC,2024,11,REG,W
C.J. Stroud,HOU,2024,11,REG,W
Jameis Winston,CLE,2024,12,REG,W
Patrick Mahomes,KC,2024,12,REG,W
Sam Darnold,MIN,2024,12,REG,W
Mason Rudolph,TEN,2024,12,REG,W
Jared Goff,DET,2024,12,REG,W
Tua Tagovailoa,MIA,2024,12,REG,W
Baker Mayfield,TB,2024,12,REG,W
Cooper Rush,DAL,2024,12,REG,W
Bo Nix,DEN,2024,12,REG,W
Jordan Love,GB,2024,12,REG,W
Geno Smith,SEA,2024,12,REG,W
Jalen Hurts,PHI,2024,12,REG,W
Lamar Jackson,BAL,2024,12,REG,W
Jared Goff,DET,2024,13,REG,W
Cooper Rush,DAL,2024,13,REG,W
Jordan Love,GB,2024,13,REG,W
Patrick Mahomes,KC,2024,13,REG,W
Justin Herbert,LAC,2024,13,REG,W
Russell Wilson,PIT,2024,13,REG,W
C.J. Stroud,HOU,2024,13,REG,W
Sam Darnold,MIN,2024,13,REG,W
Joe Flacco,IND,2024,13,REG,W
Geno Smith,SEA,2024,13,REG,W
Marcus Mariota,WAS,2024,13,REG,W
Baker Mayfield,TB,2024,13,REG,W
Matthew Stafford,LA,2024,13,REG,W
Jalen Hurts,PHI,2024,13,REG,W
Josh Allen,BUF,2024,13,REG,W
Bo Nix,DEN,2024,13,REG,W
Jared Goff,DET,2024,14,REG,W
Tua Tagovailoa,MIA,2024,14,REG,W
Sam Darnold,MIN,2024,14,REG,W
Derek Carr,NO,2024,14,REG,W
Jalen Hurts,PHI,2024,14,REG,W
Russell Wilson,PIT,2024,14,REG,W
Baker Mayfield,TB,2024,14,REG,W
Mac Jones,JAX,2024,14,REG,W
Geno Smith,SEA,2024,14,REG,W
Matthew Stafford,LA,2024,14,REG,W
Brock Purdy,SF,2024,14,REG,W
Patrick Mahomes,KC,2024,14,REG,W
Joe Burrow,CIN,2024,14,REG,W
Matthew Stafford,LA,2024,15,REG,W
Cooper Rush,DAL,2024,15,REG,W
Patrick Mahomes,KC,2024,15,REG,W
C.J. Stroud,HOU,2024,15,REG,W
Aaron Rodgers,NYJ,2024,15,REG,W
Jayden Daniels,WAS,2024,15,REG,W
Lamar Jackson,BAL,2024,15,REG,W
Joe Burrow,CIN,2024,15,REG,W
Kyler Murray,ARI,2024,15,REG,W
Bo Nix,DEN,2024,15,REG,W
Josh Allen,BUF,2024,15,REG,W
Baker Mayfield,TB,2024,15,REG,W
Jalen Hurts,PHI,2024,15,REG,W
Jordan Love,GB,2024,15,REG,W
Sam Darnold,MIN,2024,15,REG,W
Kirk Cousins,ATL,2024,15,REG,W
Justin Herbert,LAC,2024,16,REG,W
Patrick Mahomes,KC,2024,16,REG,W
Lamar Jackson,BAL,2024,16,REG,W
Michael Penix Jr.,ATL,2024,16,REG,W
Bryce Young,CAR,2024,16,REG,W
Jared Goff,DET,2024,16,REG,W
Joe Burrow,CIN,2024,16,REG,W
Joe Flacco,IND,2024,16,REG,W
Matthew Stafford,LA,2024,16,REG,W
Jayden Daniels,WAS,2024,16,REG,W
Sam Darnold,MIN,2024,16,REG,W
Josh Allen,BUF,2024,16,REG,W
Aidan O'Connell,LV,2024,16,REG,W
Tua Tagovailoa,MIA,2024,16,REG,W
Cooper Rush,DAL,2024,16,REG,W
Jordan Love,GB,2024,16,REG,W
Patrick Mahomes,KC,2024,17,REG,W
Lamar Jackson,BAL,2024,17,REG,W
Geno Smith,SEA,2024,17,REG,W
Justin Herbert,LAC,2024,17,REG,W
Joe Burrow,CIN,2024,17,REG,W
Matthew Stafford,LA,2024,17,REG,W
Josh Allen,BUF,2024,17,REG,W
Mac Jones,JAX,2024,17,REG,W
Aidan O'Connell,LV,2024,17,REG,W
Tommy DeVito,NYG,2024,17,REG,W
Jalen Hurts,PHI,2024,17,REG,W
Baker Mayfield,TB,2024,17,REG,W
Tyler Huntley,MIA,2024,17,REG,W
Sam Darnold,MIN,2024,17,REG,W
Jayden Daniels,WAS,2024,17,REG,W
Jared Goff,DET,2024,17,REG,W
Lamar Jackson,BAL,2024,18,REG,W
Joe Burrow,CIN,2024,18,REG,W
Bryce Young,CAR,2024,18,REG,W
Jayden Daniels,WAS,2024,18,REG,W
Caleb Williams,CHI,2024,18,REG,W
Joe Flacco,IND,2024,18,REG,W
Joe Milton III,NE,2024,18,REG,W
Tanner McKee,PHI,2024,18,REG,W
Baker Mayfield,TB,2024,18,REG,W
Davis Mills,HOU,2024,18,REG,W
Kyler Murray,ARI,2024,18,REG,W
Bo Nix,DEN,2024,18,REG,W
Geno Smith,SEA,2024,18,REG,W
Justin Herbert,LAC,2024,18,REG,W
Aaron Rodgers,NYJ,2024,18,REG,W
Jared Goff,DET,2024,18,REG,W
C.J. Stroud,HOU,2024,19,WC,W
Lamar Jackson,BAL,2024,19,WC,W
Josh Allen,BUF,2024,19,WC,W
Jalen Hurts,PHI,2024,19,WC,W
Jayden Daniels,WAS,2024,19,WC,W
Matthew Stafford,LA,2024,19,WC,W
Patrick Mahomes,KC,2024,20,DIV,W
Jayden Daniels,WAS,2024,20,DIV,W
Jalen Hurts,PHI,2024,20,DIV,W
Josh Allen,BUF,2024,20,DIV,W
Jalen Hurts,PHI,2024,21,CON,W
Patrick Mahomes,KC,2024,21,CON,W
Jalen Hurts,PHI,2024,22,SB,W
Jalen Hurts,PHI,2025,1,REG,W
Justin Herbert,LAC,2025,1,REG,W
Baker Mayfield,TB,2025,1,REG,W
Joe Burrow,CIN,2025,1,REG,W
Daniel Jones,IND,2025,1,REG,W
Trevor Lawrence,JAX,2025,1,REG,W
Geno Smith,LV,2025,1,REG,W
Kyler Murray,ARI,2025,1,REG,W
Aaron Rodgers,PIT,2025,1,REG,W
Jayden Daniels,WAS,2025,1,REG,W
Bo Nix,DEN,2025,1,REG,W
Brock Purdy,SF,2025,1,REG,W
Jordan Love,GB,2025,1,REG,W
Matthew Stafford,LA,2025,1,REG,W
Josh Allen,BUF,2025,1,REG,W
J.J. McCarthy,MIN,2025,1,REG,W
Jordan Love,GB,2025,2,REG,W
Lamar Jackson,BAL,2025,2,REG,W
Joe Burrow,CIN,2025,2,REG,W
Dak Prescott,DAL,2025,2,REG,W
Jared Goff,DET,2025,2,REG,W
Drake Maye,NE,2025,2,REG,W
Mac Jones,SF,2025,2,REG,W
Josh Allen,BUF,2025,2,REG,W
Sam Darnold,SEA,2025,2,REG,W
Matthew Stafford,LA,2025,2,REG,W
Kyler Murray,ARI,2025,2,REG,W
Daniel Jones,IND,2025,2,REG,W
Jalen Hurts,PHI,2025,2,REG,W
Michael Penix,ATL,2025,2,REG,W
Baker Mayfield,TB,2025,2,REG,W
Justin Herbert,LAC,2025,2,REG,W
Josh Allen,BUF,2025,3,REG,W
Bryce Young,CAR,2025,3,REG,W
Joe Flacco,CLE,2025,3,REG,W
Trevor Lawrence,JAX,2025,3,REG,W
Carson Wentz,MIN,2025,3,REG,W
Aaron Rodgers,PIT,2025,3,REG,W
Jalen Hurts,PHI,2025,3,REG,W
Baker Mayfield,TB,2025,3,REG,W
Daniel Jones,IND,2025,3,REG,W
Marcus Mariota,WAS,2025,3,REG,W
Justin Herbert,LAC,2025,3,REG,W
Sam Darnold,SEA,2025,3,REG,W
Caleb Williams,CHI,2025,3,REG,W
Mac Jones,SF,2025,3,REG,W
Patrick Mahomes,KC,2025,3,REG,W
Jared Goff,DET,2025,3,REG,W
Sam Darnold,SEA,2025,4,REG,W
Aaron Rodgers,PIT,2025,4,REG,W
Michael Penix,ATL,2025,4,REG,W
Josh Allen,BUF,2025,4,REG,W
Jared Goff,DET,2025,4,REG,W
C.J. Stroud,HOU,2025,4,REG,W
Drake Maye,NE,2025,4,REG,W
Jaxson Dart,NYG,2025,4,REG,W
Jalen Hurts,PHI,2025,4,REG,W
Matthew Stafford,LA,2025,4,REG,W
Trevor Lawrence,JAX,2025,4,REG,W
Patrick Mahomes,KC,2025,4,REG,W
Caleb Williams,CHI,2025,4,REG,W
Dak Prescott,DAL,2025,4,REG,W
Tua Tagovailoa,MIA,2025,4,REG,W
Bo Nix,DEN,2025,4,REG,W
Mac Jones,SF,2025,5,REG,W
Carson Wentz,MIN,2025,5,REG,W
C.J. Stroud,HOU,2025,5,REG,W
Bryce Young,CAR,2025,5,REG,W
Daniel Jones,IND,2025,5,REG,W
Spencer Rattler,NO,2025,5,REG,W
Dak Prescott,DAL,2025,5,REG,W
Bo Nix,DEN,2025,5,REG,W
Cam Ward,TEN,2025,5,REG,W
Baker Mayfield,TB,2025,5,REG,W
Jared Goff,DET,2025,5,REG,W
Jayden Daniels,WAS,2025,5,REG,W
Drake Maye,NE,2025,5,REG,W
Trevor Lawrence,JAX,2025,5,REG,W
Jaxson Dart,NYG,2025,6,REG,W
Bo Nix,DEN,2025,6,REG,W
Matthew Stafford,LA,2025,6,REG,W
Bryce Young,CAR,2025,6,REG,W
Daniel Jones,IND,2025,6,REG,W
Sam Darnold,SEA,2025,6,REG,W
Justin Herbert,LAC,2025,6,REG,W
Drake Maye,NE,2025,6,REG,W
Aaron Rodgers,PIT,2025,6,REG,W
Geno Smith,LV,2025,6,REG,W
Jordan Love,GB,2025,6,REG,W
Baker Mayfield,TB,2025,6,REG,W
Patrick Mahomes,KC,2025,6,REG,W
Michael Penix,ATL,2025,6,REG,W
Caleb Williams,CHI,2025,6,REG,W
Joe Flacco,CIN,2025,7,REG,W
Matthew Stafford,LA,2025,7,REG,W
Caleb Williams,CHI,2025,7,REG,W
Dillon Gabriel,CLE,2025,7,REG,W
Patrick Mahomes,KC,2025,7,REG,W
Jalen Hurts,PHI,2025,7,REG,W
Bryce Young,CAR,2025,7,REG,W
Drake Maye,NE,2025,7,REG,W
Bo Nix,DEN,2025,7,REG,W
Daniel Jones,IND,2025,7,REG,W
Jordan Love,GB,2025,7,REG,W
Dak Prescott,DAL,2025,7,REG,W
Mac Jones,SF,2025,7,REG,W
Jared Goff,DET,2025,7,REG,W
Sam Darnold,SEA,2025,7,REG,W
Justin Herbert,LAC,2025,8,REG,W
Tua Tagovailoa,MIA,2025,8,REG,W
Tyler Huntley,BAL,2025,8,REG,W
Josh Allen,BUF,2025,8,REG,W
Justin Fields,NYJ,2025,8,REG,W
C.J. Stroud,HOU,2025,8,REG,W
Drake Maye,NE,2025,8,REG,W
Jalen Hurts,PHI,2025,8,REG,W
Baker Mayfield,TB,2025,8,REG,W
Bo Nix,DEN,2025,8,REG,W
Daniel Jones,IND,2025,8,REG,W
Jordan Love,GB,2025,8,REG,W
Patrick Mahomes,KC,2025,8,REG,W
Lamar Jackson,BAL,2025,9,REG,W
Caleb Williams,CHI,2025,9,REG,W
J.J. McCarthy,MIN,2025,9,REG,W
Bryce Young,CAR,2025,9,REG,W
Bo Nix,DEN,2025,9,REG,W
Drake Maye,NE,2025,9,REG,W
Mac Jones,SF,2025,9,REG,W
Aaron Rodgers,PIT,2025,9,REG,W
Justin Herbert,LAC,2025,9,REG,W
Matthew Stafford,LA,2025,9,REG,W
Trevor Lawrence,JAX,2025,9,REG,W
Josh Allen,BUF,2025,9,REG,W
Sam Darnold,SEA,2025,9,REG,W
Jacoby Brissett,ARI,2025,9,REG,W
Bo Nix,DEN,2025,10,REG,W
Daniel Jones,IND,2025,10,REG,W
Tyler Shough,NO,2025,10,REG,W
Caleb Williams,CHI,2025,10,REG,W
Davis Mills,HOU,2025,10,REG,W
Tua Tagovailoa,MIA,2025,10,REG,W
Lamar Jackson,BAL,2025,10,REG,W
Tyrod Taylor,NYJ,2025,10,REG,W
Drake Maye,NE,2025,10,REG,W
Sam Darnold,SEA,2025,10,REG,W
Matthew Stafford,LA,2025,10,REG,W
Jared Goff,DET,2025,10,REG,W
Justin Herbert,LAC,2025,10,REG,W
Jalen Hurts,PHI,2025,10,REG,W
Drake Maye,NE,2025,11,REG,W
Tua Tagovailoa,MIA,2025,11,REG,W
Bryce Young,CAR,2025,11,REG,W
Josh Allen,BUF,2025,11,REG,W
Trevor Lawrence,JAX,2025,11,REG,W
Caleb Williams,CHI,2025,11,REG,W
Jordan Love,GB,2025,11,REG,W
Aaron Rodgers,PIT,2025,11,REG,W
Davis Mills,HOU,2025,11,REG,W
Brock Purdy,SF,2025,11,REG,W
Matthew Stafford,LA,2025,11,REG,W
Lamar Jackson,BAL,2025,11,REG,W
Bo Nix,DEN,2025,11,REG,W
Jalen Hurts,PHI,2025,11,REG,W
Dak Prescott,DAL,2025,11,REG,W
Davis Mills,HOU,2025,12,REG,W
Lamar Jackson,BAL,2025,12,REG,W
Caleb Williams,CHI,2025,12,REG,W
Drake Maye,NE,2025,12,REG,W
Jared Goff,DET,2025,12,REG,W
Jordan Love,GB,2025,12,REG,W
Patrick Mahomes,KC,2025,12,REG,W
Sam Darnold,SEA,2025,12,REG,W
Trevor Lawrence,JAX,2025,12,REG,W
Shedeur Sanders,CLE,2025,12,REG,W
Dak Prescott,DAL,2025,12,REG,W
Kirk Cousins,ATL,2025,12,REG,W
Matthew Stafford,LA,2025,12,REG,W
Brock Purdy,SF,2025,12,REG,W
Jordan Love,GB,2025,13,REG,W
Dak Prescott,DAL,2025,13,REG,W
Joe Burrow,CIN,2025,13,REG,W
Caleb Williams,CHI,2025,13,REG,W
Bryce Young,CAR,2025,13,REG,W
Brock Purdy,SF,2025,13,REG,W
C.J. Stroud,HOU,2025,13,REG,W
Tua Tagovailoa,MIA,2025,13,REG,W
Tyrod Taylor,NYJ,2025,13,REG,W
Baker Mayfield,TB,2025,13,REG,W
Trevor Lawrence,JAX,2025,13,REG,W
Sam Darnold,SEA,2025,13,REG,W
Justin Herbert,LAC,2025,13,REG,W
Josh Allen,BUF,2025,13,REG,W
Bo Nix,DEN,2025,13,REG,W
Drake Maye,NE,2025,13,REG,W
Jared Goff,DET,2025,14,REG,W
Sam Darnold,SEA,2025,14,REG,W
Aaron Rodgers,PIT,2025,14,REG,W
Cam Ward,TEN,2025,14,REG,W
Jordan Love,GB,2025,14,REG,W
Trevor Lawrence,JAX,2025,14,REG,W
J.J. McCarthy,MIN,2025,14,REG,W
Tua Tagovailoa,MIA,2025,14,REG,W
Tyler Shough,NO,2025,14,REG,W
Bo Nix,DEN,2025,14,REG,W
Matthew Stafford,LA,2025,14,REG,W
Josh Allen,BUF,2025,14,REG,W
C.J. Stroud,HOU,2025,14,REG,W
Justin Herbert,LAC,2025,14,REG,W
Kirk Cousins,ATL,2025,15,REG,W
Caleb Williams,CHI,2025,15,REG,W
Lamar Jackson,BAL,2025,15,REG,W
C.J. Stroud,HOU,2025,15,REG,W
Trevor Lawrence,JAX,2025,15,REG,W
Justin Herbert,LAC,2025,15,REG,W
Josh Allen,BUF,2025,15,REG,W
Marcus Mariota,WAS,2025,15,REG,W
Jalen Hurts,PHI,2025,15,REG,W
Bo Nix,DEN,2025,15,REG,W
Matthew Stafford,LA,2025,15,REG,W
Tyler Shough,NO,2025,15,REG,W
Sam Darnold,SEA,2025,15,REG,W
Brock Purdy,SF,2025,15,REG,W
J.J. McCarthy,MIN,2025,15,REG,W
Aaron Rodgers,PIT,2025,15,REG,W
Sam Darnold,SEA,2025,16,REG,W
Caleb Williams,CHI,2025,16,REG,W
Jalen Hurts,PHI,2025,16,REG,W
Drake Maye,NE,2025,16,REG,W
Bryce Young,CAR,2025,16,REG,W
Josh Allen,BUF,2025,16,REG,W
Justin Herbert,LAC,2025,16,REG,W
Tyler Shough,NO,2025,16,REG,W
J.J. McCarthy,MIN,2025,16,REG,W
Cam Ward,TEN,2025,16,REG,W
Kirk Cousins,ATL,2025,16,REG,W
Trevor Lawrence,JAX,2025,16,REG,W
Aaron Rodgers,PIT,2025,16,REG,W
C.J. Stroud,HOU,2025,16,REG,W
Joe Burrow,CIN,2025,16,REG,W
Brock Purdy,SF,2025,16,REG,W
Dak Prescott,DAL,2025,17,REG,W
Max Brosmer,MIN,2025,17,REG,W
Bo Nix,DEN,2025,17,REG,W
Sam Darnold,SEA,2025,17,REG,W
Joe Burrow,CIN,2025,17,REG,W
Shedeur Sanders,CLE,2025,17,REG,W
Tyler Huntley,BAL,2025,17,REG,W
Trevor Lawrence,JAX,2025,17,REG,W
C.J. Stroud,HOU,2025,17,REG,W
Jaxson Dart,NYG,2025,17,REG,W
Quinn Ewers,MIA,2025,17,REG,W
Drake Maye,NE,2025,17,REG,W
Tyler Shough,NO,2025,17,REG,W
Jalen Hurts,PHI,2025,17,REG,W
Brock Purdy,SF,2025,17,REG,W
Kirk Cousins,ATL,2025,17,REG,W
Kirk Cousins,ATL,2025,18,REG,W
Mitchell Trubisky,BUF,2025,18,REG,W
Jared Goff,DET,2025,18,REG,W
Shedeur Sanders,CLE,2025,18,REG,W
Bo Nix,DEN,2025,18,REG,W
C.J. Stroud,HOU,2025,18,REG,W
Trevor Lawrence,JAX,2025,18,REG,W
Matthew Stafford,LA,2025,18,REG,W
Kenny Pickett,LV,2025,18,REG,W
J.J. McCarthy,MIN,2025,18,REG,W
Drake Maye,NE,2025,18,REG,W
Jaxson Dart,NYG,2025,18,REG,W
Josh Johnson,WAS,2025,18,REG,W
Aaron Rodgers,PIT,2025,18,REG,W
Sam Darnold,SEA,2025,18,REG,W
Baker Mayfield,TB,2025,18,REG,W
Caleb Williams,CHI,2025,19,WC,W
Josh Allen,BUF,2025,19,WC,W
Brock Purdy,SF,2025,19,WC,W
Drake Maye,NE,2025,19,WC,W
C.J. Stroud,HOU,2025,19,WC,W
Matthew Stafford,LA,2025,19,WC,W
Bo Nix,DEN,2025,20,DIV,W
Sam Darnold,SEA,2025,20,DIV,W
Matthew Stafford,LA,2025,20,DIV,W
Drake Maye,NE,2025,20,DIV,W
Drake Maye,NE,2025,21,CON,W
Sam Darnold,SEA,2025,21,CON,W
Sam Darnold,SEA,2025,22,SB,W
Jeff Garcia,SF,2000,1,REG,L
Tim Couch,CLE,2000,1,REG,L
Elvis Grbac,KC,2000,1,REG,L
Cade McNown,CHI,2000,1,REG,L
Drew Bledsoe,NE,2000,1,REG,L
Jeff Blake,NO,2000,1,REG,L
Jake Plummer,ARI,2000,1,REG,L
Kent Graham,PIT,2000,1,REG,L
Steve Beuerlein,CAR,2000,1,REG,L
Troy Aikman,DAL,2000,1,REG,L
Brett Favre,GB,2000,1,REG,L
Jon Kitna,SEA,2000,1,REG,L
Ryan Leaf,SD,2000,1,REG,L
Steve McNair,TEN,2000,1,REG,L
Brian Griese,DEN,2000,1,REG,L
Peyton Manning,IND,2000,2,REG,L
Mark Brunell,JAX,2000,2,REG,L
Brett Favre,GB,2000,2,REG,L
Akili Smith,CIN,2000,2,REG,L
Jay Fiedler,MIA,2000,2,REG,L
Donovan McNabb,PHI,2000,2,REG,L
Cade McNown,CHI,2000,2,REG,L
Elvis Grbac,KC,2000,2,REG,L
Chris Chandler,ATL,2000,2,REG,L
Brad Johnson,WAS,2000,2,REG,L
Ryan Leaf,SD,2000,2,REG,L
Jon Kitna,SEA,2000,2,REG,L
Jeff Garcia,SF,2000,2,REG,L
Randall Cunningham,DAL,2000,2,REG,L
Drew Bledsoe,NE,2000,2,REG,L
Steve Beuerlein,CAR,2000,3,REG,L
Kent Graham,PIT,2000,3,REG,L
Charlie Batch,DET,2000,3,REG,L
Donovan McNabb,PHI,2000,3,REG,L
Akili Smith,CIN,2000,3,REG,L
Moses Moreno,SD,2000,3,REG,L
Rob Johnson,BUF,2000,3,REG,L
Jeff Garcia,SF,2000,3,REG,L
Rich Gannon,OAK,2000,3,REG,L
Cade McNown,CHI,2000,3,REG,L
Drew Bledsoe,NE,2000,3,REG,L
Jeff Blake,NO,2000,3,REG,L
Tony Banks,BAL,2000,3,REG,L
Brad Johnson,WAS,2000,3,REG,L
Chris Chandler,ATL,2000,4,REG,L
Akili Smith,CIN,2000,4,REG,L
Cade McNown,CHI,2000,4,REG,L
Troy Aikman,DAL,2000,4,REG,L
Drew Bledsoe,NE,2000,4,REG,L
Jeff Blake,NO,2000,4,REG,L
Kent Graham,PIT,2000,4,REG,L
Jake Plummer,ARI,2000,4,REG,L
Gus Frerotte,DEN,2000,4,REG,L
Tim Couch,CLE,2000,4,REG,L
Ryan Leaf,SD,2000,4,REG,L
Shaun King,TB,2000,4,REG,L
Kerry Collins,NYG,2000,4,REG,L
Mark Brunell,JAX,2000,4,REG,L
Rob Johnson,BUF,2000,5,REG,L
Steve Beuerlein,CAR,2000,5,REG,L
Tim Couch,CLE,2000,5,REG,L
Charlie Batch,DET,2000,5,REG,L
Mark Brunell,JAX,2000,5,REG,L
Jim Harbaugh,SD,2000,5,REG,L
Kerry Collins,NYG,2000,5,REG,L
Akili Smith,CIN,2000,5,REG,L
Brian Griese,DEN,2000,5,REG,L
Brett Favre,GB,2000,5,REG,L
Jake Plummer,ARI,2000,5,REG,L
Shaun King,TB,2000,5,REG,L
Chris Chandler,ATL,2000,5,REG,L
Jon Kitna,SEA,2000,5,REG,L
Cade McNown,CHI,2000,6,REG,L
Akili Smith,CIN,2000,6,REG,L
Brett Favre,GB,2000,6,REG,L
Rob Johnson,BUF,2000,6,REG,L
Peyton Manning,IND,2000,6,REG,L
Ray Lucas,NYJ,2000,6,REG,L
Donovan McNabb,PHI,2000,6,REG,L
Tim Couch,CLE,2000,6,REG,L
Chris Chandler,ATL,2000,6,REG,L
Brock Huard,SEA,2000,6,REG,L
Jim Harbaugh,SD,2000,6,REG,L
Jeff Garcia,SF,2000,6,REG,L
Mark Brunell,JAX,2000,6,REG,L
Shaun King,TB,2000,6,REG,L
Jim Harbaugh,SD,2000,7,REG,L
Elvis Grbac,KC,2000,7,REG,L
Steve Beuerlein,CAR,2000,7,REG,L
Troy Aikman,DAL,2000,7,REG,L
Akili Smith,CIN,2000,7,REG,L
Chris Chandler,ATL,2000,7,REG,L
Tony Banks,BAL,2000,7,REG,L
Jake Plummer,ARI,2000,7,REG,L
Tim Couch,CLE,2000,7,REG,L
Drew Bledsoe,NE,2000,7,REG,L
Brock Huard,SEA,2000,7,REG,L
Jeff Garcia,SF,2000,7,REG,L
Cade McNown,CHI,2000,7,REG,L
Mark Brunell,JAX,2000,7,REG,L
Shaun King,TB,2000,8,REG,L
Drew Bledsoe,NE,2000,8,REG,L
Chris Chandler,ATL,2000,8,REG,L
Tony Banks,BAL,2000,8,REG,L
Jeff Garcia,SF,2000,8,REG,L
Brian Griese,DEN,2000,8,REG,L
Jake Plummer,ARI,2000,8,REG,L
Kurt Warner,STL,2000,8,REG,L
Doug Flutie,BUF,2000,8,REG,L
Cade McNown,CHI,2000,8,REG,L
Brock Huard,SEA,2000,8,REG,L
Doug Pederson,CLE,2000,8,REG,L
Mark Brunell,JAX,2000,8,REG,L
Jay Fiedler,MIA,2000,8,REG,L
Steve Beuerlein,CAR,2000,9,REG,L
Trent Dilfer,BAL,2000,9,REG,L
Vinny Testaverde,NYJ,2000,9,REG,L
Doug Pederson,CLE,2000,9,REG,L
Charlie Batch,DET,2000,9,REG,L
Brett Favre,GB,2000,9,REG,L
Daunte Culpepper,MIN,2000,9,REG,L
Jake Plummer,ARI,2000,9,REG,L
Donovan McNabb,PHI,2000,9,REG,L
Jeff Garcia,SF,2000,9,REG,L
Troy Aikman,DAL,2000,9,REG,L
Jon Kitna,SEA,2000,9,REG,L
Jim Harbaugh,SD,2000,9,REG,L
Brad Johnson,WAS,2000,9,REG,L
Chris Chandler,ATL,2000,10,REG,L
Peyton Manning,IND,2000,10,REG,L
Akili Smith,CIN,2000,10,REG,L
Doug Pederson,CLE,2000,10,REG,L
Charlie Batch,DET,2000,10,REG,L
Drew Bledsoe,NE,2000,10,REG,L
Jeff Garcia,SF,2000,10,REG,L
Randall Cunningham,DAL,2000,10,REG,L
Kordell Stewart,PIT,2000,10,REG,L
Jeff George,WAS,2000,10,REG,L
Vinny Testaverde,NYJ,2000,10,REG,L
Elvis Grbac,KC,2000,10,REG,L
Jim Harbaugh,SD,2000,10,REG,L
Trent Green,STL,2000,10,REG,L
Daunte Culpepper,MIN,2000,10,REG,L
Jim Miller,CHI,2000,11,REG,L
Steve Beuerlein,CAR,2000,11,REG,L
Akili Smith,CIN,2000,11,REG,L
Danny Kanell,ATL,2000,11,REG,L
Mark Brunell,JAX,2000,11,REG,L
Jake Plummer,ARI,2000,11,REG,L
Kordell Stewart,PIT,2000,11,REG,L
Steve McNair,TEN,2000,11,REG,L
Drew Bledsoe,NE,2000,11,REG,L
Moses Moreno,SD,2000,11,REG,L
Elvis Grbac,KC,2000,11,REG,L
Kerry Collins,NYG,2000,11,REG,L
Brett Favre,GB,2000,11,REG,L
Vinny Testaverde,NYJ,2000,11,REG,L
Rich Gannon,OAK,2000,11,REG,L
Shaun King,TB,2000,12,REG,L
Peyton Manning,IND,2000,12,REG,L
Elvis Grbac,KC,2000,12,REG,L
Steve Beuerlein,CAR,2000,12,REG,L
Scott Mitchell,CIN,2000,12,REG,L
Jeff Blake,NO,2000,12,REG,L
Kerry Collins,NYG,2000,12,REG,L
Jake Plummer,ARI,2000,12,REG,L
Doug Pederson,CLE,2000,12,REG,L
Ryan Leaf,SD,2000,12,REG,L
Damon Huard,MIA,2000,12,REG,L
Troy Aikman,DAL,2000,12,REG,L
Chris Chandler,ATL,2000,12,REG,L
Kordell Stewart,PIT,2000,12,REG,L
Trent Green,STL,2000,12,REG,L
Drew Bledsoe,NE,2000,13,REG,L
Troy Aikman,DAL,2000,13,REG,L
Doug Pederson,CLE,2000,13,REG,L
Akili Smith,CIN,2000,13,REG,L
Shane Matthews,CHI,2000,13,REG,L
Trent Green,STL,2000,13,REG,L
Rob Johnson,BUF,2000,13,REG,L
Jeff George,WAS,2000,13,REG,L
Chris Chandler,ATL,2000,13,REG,L
Peyton Manning,IND,2000,13,REG,L
Steve McNair,TEN,2000,13,REG,L
Warren Moon,KC,2000,13,REG,L
Brock Huard,SEA,2000,13,REG,L
Dave Brown,ARI,2000,13,REG,L
Brett Favre,GB,2000,13,REG,L
Charlie Batch,DET,2000,14,REG,L
Doug Johnson,ATL,2000,14,REG,L
Rob Johnson,BUF,2000,14,REG,L
Kurt Warner,STL,2000,14,REG,L
Jake Plummer,ARI,2000,14,REG,L
Aaron Brooks,NO,2000,14,REG,L
Donovan McNabb,PHI,2000,14,REG,L
Rich Gannon,OAK,2000,14,REG,L
Troy Aikman,DAL,2000,14,REG,L
Brad Johnson,WAS,2000,14,REG,L
Ryan Leaf,SD,2000,14,REG,L
Spergon Wynn,CLE,2000,14,REG,L
Peyton Manning,IND,2000,14,REG,L
Shane Matthews,CHI,2000,14,REG,L
Elvis Grbac,KC,2000,14,REG,L
Ryan Leaf,SD,2000,15,REG,L
Drew Bledsoe,NE,2000,15,REG,L
Doug Pederson,CLE,2000,15,REG,L
Charlie Batch,DET,2000,15,REG,L
Dave Brown,ARI,2000,15,REG,L
Steve Beuerlein,CAR,2000,15,REG,L
Jay Fiedler,MIA,2000,15,REG,L
Kordell Stewart,PIT,2000,15,REG,L
Scott Mitchell,CIN,2000,15,REG,L
Jon Kitna,SEA,2000,15,REG,L
Jeff George,WAS,2000,15,REG,L
Jeff Garcia,SF,2000,15,REG,L
Daunte Culpepper,MIN,2000,15,REG,L
Vinny Testaverde,NYJ,2000,15,REG,L
Rob Johnson,BUF,2000,15,REG,L
Jeff George,WAS,2000,16,REG,L
Rich Gannon,OAK,2000,16,REG,L
Rob Johnson,BUF,2000,16,REG,L
Ryan Leaf,SD,2000,16,REG,L
Mark Brunell,JAX,2000,16,REG,L
Doug Pederson,CLE,2000,16,REG,L
Gus Frerotte,DEN,2000,16,REG,L
Daunte Culpepper,MIN,2000,16,REG,L
Doug Johnson,ATL,2000,16,REG,L
Vinny Testaverde,NYJ,2000,16,REG,L
Cade McNown,CHI,2000,16,REG,L
Jake Plummer,ARI,2000,16,REG,L
Jay Fiedler,MIA,2000,16,REG,L
Anthony Wright,DAL,2000,16,REG,L
Kurt Warner,STL,2000,16,REG,L
Mark Brunell,JAX,2000,17,REG,L
Jeff Garcia,SF,2000,17,REG,L
Jon Kitna,SEA,2000,17,REG,L
Elvis Grbac,KC,2000,17,REG,L
Vinny Testaverde,NYJ,2000,17,REG,L
Stoney Case,DET,2000,17,REG,L
Shaun King,TB,2000,17,REG,L
Drew Bledsoe,NE,2000,17,REG,L
Aaron Brooks,NO,2000,17,REG,L
Scott Mitchell,CIN,2000,17,REG,L
Jake Plummer,ARI,2000,17,REG,L
Ryan Leaf,SD,2000,17,REG,L
Bubby Brewster,MIN,2000,17,REG,L
Steve Beuerlein,CAR,2000,17,REG,L
Anthony Wright,DAL,2000,17,REG,L
Peyton Manning,IND,2000,18,WC,L
Kurt Warner,STL,2000,18,WC,L
Gus Frerotte,DEN,2000,18,WC,L
Shaun King,TB,2000,18,WC,L
Aaron Brooks,NO,2000,19,DIV,L
Jay Fiedler,MIA,2000,19,DIV,L
Steve McNair,TEN,2000,19,DIV,L
Donovan McNabb,PHI,2000,19,DIV,L
Daunte Culpepper,MIN,2000,20,CON,L
Rich Gannon,OAK,2000,20,CON,L
Kerry Collins,NYG,2000,21,SB,L
Shane Matthews,CHI,2001,1,REG,L
Rob Johnson,BUF,2001,1,REG,L
Drew Bledsoe,NE,2001,1,REG,L
Tim Couch,CLE,2001,1,REG,L
Quincy Carter,DAL,2001,1,REG,L
Charlie Batch,DET,2001,1,REG,L
Kordell Stewart,PIT,2001,1,REG,L
Trent Green,KC,2001,1,REG,L
Daunte Culpepper,MIN,2001,1,REG,L
Vinny Testaverde,NYJ,2001,1,REG,L
Donovan McNabb,PHI,2001,1,REG,L
Jeff George,WAS,2001,1,REG,L
Chris Chandler,ATL,2001,1,REG,L
Steve McNair,TEN,2001,1,REG,L
Kerry Collins,NYG,2001,1,REG,L
Chris Weinke,CAR,2001,2,REG,L
Daunte Culpepper,MIN,2001,2,REG,L
Elvis Grbac,BAL,2001,2,REG,L
Ty Detmer,DET,2001,2,REG,L
Anthony Wright,DAL,2001,2,REG,L
Rob Johnson,BUF,2001,2,REG,L
Neil O'Donnell,TEN,2001,2,REG,L
Trent Green,KC,2001,2,REG,L
Rich Gannon,OAK,2001,2,REG,L
Drew Bledsoe,NE,2001,2,REG,L
Matt Hasselbeck,SEA,2001,2,REG,L
Jeff Garcia,SF,2001,2,REG,L
Jake Plummer,ARI,2001,2,REG,L
Jeff George,WAS,2001,2,REG,L
Rob Johnson,BUF,2001,3,REG,L
Chris Weinke,CAR,2001,3,REG,L
Brad Johnson,TB,2001,3,REG,L
Peyton Manning,IND,2001,3,REG,L
Aaron Brooks,NO,2001,3,REG,L
Jay Fiedler,MIA,2001,3,REG,L
Tony Banks,WAS,2001,3,REG,L
Jake Plummer,ARI,2001,3,REG,L
Brian Griese,DEN,2001,3,REG,L
Mark Brunell,JAX,2001,3,REG,L
Matt Hasselbeck,SEA,2001,3,REG,L
Jon Kitna,CIN,2001,3,REG,L
Anthony Wright,DAL,2001,3,REG,L
Vinny Testaverde,NYJ,2001,3,REG,L
Chris Chandler,ATL,2001,4,REG,L
Steve McNair,TEN,2001,4,REG,L
Doug Flutie,SD,2001,4,REG,L
Tom Brady,NE,2001,4,REG,L
Daunte Culpepper,MIN,2001,4,REG,L
Tony Banks,WAS,2001,4,REG,L
Donovan McNabb,PHI,2001,4,REG,L
Jon Kitna,CIN,2001,4,REG,L
Rob Johnson,BUF,2001,4,REG,L
Trent Green,KC,2001,4,REG,L
Mark Brunell,JAX,2001,4,REG,L
Quincy Carter,DAL,2001,4,REG,L
Brett Favre,GB,2001,4,REG,L
Chris Weinke,CAR,2001,4,REG,L
Ty Detmer,DET,2001,4,REG,L
Chris Chandler,ATL,2001,5,REG,L
Chris Weinke,CAR,2001,5,REG,L
Jake Plummer,ARI,2001,5,REG,L
Tim Couch,CLE,2001,5,REG,L
Elvis Grbac,BAL,2001,5,REG,L
Trent Green,KC,2001,5,REG,L
Charlie Batch,DET,2001,5,REG,L
Doug Flutie,SD,2001,5,REG,L
Kerry Collins,NYG,2001,5,REG,L
Brad Johnson,TB,2001,5,REG,L
Jay Fiedler,MIA,2001,5,REG,L
Brian Griese,DEN,2001,5,REG,L
Peyton Manning,IND,2001,5,REG,L
Tony Banks,WAS,2001,5,REG,L
Mark Brunell,JAX,2001,6,REG,L
Jon Kitna,CIN,2001,6,REG,L
Elvis Grbac,BAL,2001,6,REG,L
Charlie Batch,DET,2001,6,REG,L
Peyton Manning,IND,2001,6,REG,L
Aaron Brooks,NO,2001,6,REG,L
Vinny Testaverde,NYJ,2001,6,REG,L
Brad Johnson,TB,2001,6,REG,L
Chris Weinke,CAR,2001,6,REG,L
Trent Green,KC,2001,6,REG,L
Brian Griese,DEN,2001,6,REG,L
Brett Favre,GB,2001,6,REG,L
Kerry Collins,NYG,2001,6,REG,L
Trent Green,KC,2001,7,REG,L
Mark Brunell,JAX,2001,7,REG,L
Chris Weinke,CAR,2001,7,REG,L
Jeff Garcia,SF,2001,7,REG,L
Charlie Batch,DET,2001,7,REG,L
Kurt Warner,STL,2001,7,REG,L
Daunte Culpepper,MIN,2001,7,REG,L
Jake Plummer,ARI,2001,7,REG,L
Kerry Collins,NYG,2001,7,REG,L
Tom Brady,NE,2001,7,REG,L
Donovan McNabb,PHI,2001,7,REG,L
Rob Johnson,BUF,2001,7,REG,L
Matt Hasselbeck,SEA,2001,7,REG,L
Steve McNair,TEN,2001,7,REG,L
Chris Chandler,ATL,2001,8,REG,L
Rob Johnson,BUF,2001,8,REG,L
Brad Johnson,TB,2001,8,REG,L
Chris Weinke,CAR,2001,8,REG,L
Clint Stoerner,DAL,2001,8,REG,L
Kordell Stewart,PIT,2001,8,REG,L
Mark Brunell,JAX,2001,8,REG,L
Jake Plummer,ARI,2001,8,REG,L
Charlie Batch,DET,2001,8,REG,L
Tim Couch,CLE,2001,8,REG,L
Doug Flutie,SD,2001,8,REG,L
Matt Hasselbeck,SEA,2001,8,REG,L
Aaron Brooks,NO,2001,8,REG,L
Brian Griese,DEN,2001,8,REG,L
Ryan Leaf,DAL,2001,9,REG,L
Jim Miller,CHI,2001,9,REG,L
Tim Couch,CLE,2001,9,REG,L
Charlie Batch,DET,2001,9,REG,L
Peyton Manning,IND,2001,9,REG,L
Jon Kitna,CIN,2001,9,REG,L
Rob Johnson,BUF,2001,9,REG,L
Trent Green,KC,2001,9,REG,L
Matt Lytle,CAR,2001,9,REG,L
Doug Flutie,SD,2001,9,REG,L
Jake Plummer,ARI,2001,9,REG,L
Daunte Culpepper,MIN,2001,9,REG,L
Aaron Brooks,NO,2001,9,REG,L
Rich Gannon,OAK,2001,9,REG,L
Steve McNair,TEN,2001,9,REG,L
Elvis Grbac,BAL,2001,10,REG,L
Alex Van Pelt,BUF,2001,10,REG,L
Chris Weinke,CAR,2001,10,REG,L
Jon Kitna,CIN,2001,10,REG,L
Ryan Leaf,DAL,2001,10,REG,L
Brett Favre,GB,2001,10,REG,L
Jay Fiedler,MIA,2001,10,REG,L
Peyton Manning,IND,2001,10,REG,L
Doug Flutie,SD,2001,10,REG,L
Jonathan Quinn,JAX,2001,10,REG,L
Charlie Batch,DET,2001,10,REG,L
Brian Griese,DEN,2001,10,REG,L
Brad Johnson,TB,2001,10,REG,L
Tom Brady,NE,2001,10,REG,L
Kerry Collins,NYG,2001,10,REG,L
Charlie Batch,DET,2001,11,REG,L
Ryan Leaf,DAL,2001,11,REG,L
Alex Van Pelt,BUF,2001,11,REG,L
Chris Weinke,CAR,2001,11,REG,L
Jon Kitna,CIN,2001,11,REG,L
Peyton Manning,IND,2001,11,REG,L
Mark Brunell,JAX,2001,11,REG,L
Matt Hasselbeck,SEA,2001,11,REG,L
Donovan McNabb,PHI,2001,11,REG,L
Steve McNair,TEN,2001,11,REG,L
Aaron Brooks,NO,2001,11,REG,L
Doug Flutie,SD,2001,11,REG,L
Kerry Collins,NYG,2001,11,REG,L
Daunte Culpepper,MIN,2001,11,REG,L
Kurt Warner,STL,2001,11,REG,L
Trent Green,KC,2001,12,REG,L
Peyton Manning,IND,2001,12,REG,L
Charlie Batch,DET,2001,12,REG,L
Jon Kitna,CIN,2001,12,REG,L
Tim Couch,CLE,2001,12,REG,L
Brian Griese,DEN,2001,12,REG,L
Chris Weinke,CAR,2001,12,REG,L
Vinny Testaverde,NYJ,2001,12,REG,L
Daunte Culpepper,MIN,2001,12,REG,L
Doug Flutie,SD,2001,12,REG,L
Chris Chandler,ATL,2001,12,REG,L
Rich Gannon,OAK,2001,12,REG,L
Tony Banks,WAS,2001,12,REG,L
Alex Van Pelt,BUF,2001,12,REG,L
Mark Brunell,JAX,2001,12,REG,L
Chris Chandler,ATL,2001,13,REG,L
Chris Weinke,CAR,2001,13,REG,L
Jon Kitna,CIN,2001,13,REG,L
Kerry Collins,NYG,2001,13,REG,L
Jim Miller,CHI,2001,13,REG,L
Steve McNair,TEN,2001,13,REG,L
Tim Couch,CLE,2001,13,REG,L
Doug Flutie,SD,2001,13,REG,L
Jeff Garcia,SF,2001,13,REG,L
Mike McMahon,DET,2001,13,REG,L
Jake Plummer,ARI,2001,13,REG,L
Trent Green,KC,2001,13,REG,L
Vinny Testaverde,NYJ,2001,13,REG,L
Matt Hasselbeck,SEA,2001,13,REG,L
Peyton Manning,IND,2001,13,REG,L
Jake Plummer,ARI,2001,14,REG,L
Doug Flutie,SD,2001,14,REG,L
Alex Van Pelt,BUF,2001,14,REG,L
Brad Johnson,TB,2001,14,REG,L
Tim Couch,CLE,2001,14,REG,L
Todd Bouman,MIN,2001,14,REG,L
Chris Chandler,ATL,2001,14,REG,L
Gus Frerotte,DEN,2001,14,REG,L
Akili Smith,CIN,2001,14,REG,L
Tony Banks,WAS,2001,14,REG,L
Jay Fiedler,MIA,2001,14,REG,L
Quincy Carter,DAL,2001,14,REG,L
Brett Favre,GB,2001,14,REG,L
Elvis Grbac,BAL,2001,14,REG,L
Aaron Brooks,NO,2001,14,REG,L
Rich Gannon,OAK,2001,15,REG,L
Jay Fiedler,MIA,2001,15,REG,L
Donovan McNabb,PHI,2001,15,REG,L
Alex Van Pelt,BUF,2001,15,REG,L
Jon Kitna,CIN,2001,15,REG,L
Chris Weinke,CAR,2001,15,REG,L
Doug Flutie,SD,2001,15,REG,L
Todd Bouman,MIN,2001,15,REG,L
Matt Hasselbeck,SEA,2001,15,REG,L
Mike McMahon,DET,2001,15,REG,L
Aaron Brooks,NO,2001,15,REG,L
Tony Banks,WAS,2001,15,REG,L
Quincy Carter,DAL,2001,15,REG,L
Tim Couch,CLE,2001,15,REG,L
Peyton Manning,IND,2001,15,REG,L
Elvis Grbac,BAL,2001,16,REG,L
Chris Weinke,CAR,2001,16,REG,L
Kordell Stewart,PIT,2001,16,REG,L
Jeff Garcia,SF,2001,16,REG,L
Ty Detmer,DET,2001,16,REG,L
Spergon Wynn,MIN,2001,16,REG,L
Mark Brunell,JAX,2001,16,REG,L
Chris Chandler,ATL,2001,16,REG,L
Vinny Testaverde,NYJ,2001,16,REG,L
Peyton Manning,IND,2001,16,REG,L
Steve McNair,TEN,2001,16,REG,L
Kerry Collins,NYG,2001,16,REG,L
Rich Gannon,OAK,2001,16,REG,L
Doug Flutie,SD,2001,16,REG,L
Aaron Brooks,NO,2001,16,REG,L
Brian Griese,DEN,2001,17,REG,L
Chris Weinke,CAR,2001,17,REG,L
Mark Brunell,JAX,2001,17,REG,L
Quincy Carter,DAL,2001,17,REG,L
Aaron Brooks,NO,2001,17,REG,L
Kerry Collins,NYG,2001,17,REG,L
Tim Couch,CLE,2001,17,REG,L
Steve McNair,TEN,2001,17,REG,L
Jake Plummer,ARI,2001,17,REG,L
Michael Vick,ATL,2001,17,REG,L
Travis Brown,BUF,2001,17,REG,L
Rich Gannon,OAK,2001,17,REG,L
Trent Green,KC,2001,17,REG,L
Shaun King,TB,2001,17,REG,L
Spergon Wynn,MIN,2001,17,REG,L
Brad Johnson,TB,2001,18,WC,L
Vinny Testaverde,NYJ,2001,18,WC,L
Jeff Garcia,SF,2001,18,WC,L
Jay Fiedler,MIA,2001,18,WC,L
Jim Miller,CHI,2001,19,DIV,L
Rich Gannon,OAK,2001,19,DIV,L
Elvis Grbac,BAL,2001,19,DIV,L
Brett Favre,GB,2001,19,DIV,L
Kordell Stewart,PIT,2001,20,CON,L
Donovan McNabb,PHI,2001,20,CON,L
Kurt Warner,STL,2001,21,SB,L
Kerry Collins,NYG,2002,1,REG,L
Drew Bledsoe,BUF,2002,1,REG,L
Chris Redman,BAL,2002,1,REG,L
Daunte Culpepper,MIN,2002,1,REG,L
Gus Frerotte,CIN,2002,1,REG,L
Kelly Holcomb,CLE,2002,1,REG,L
Michael Vick,ATL,2002,1,REG,L
Mark Brunell,JAX,2002,1,REG,L
Mike McMahon,DET,2002,1,REG,L
Donovan McNabb,PHI,2002,1,REG,L
Jake Plummer,ARI,2002,1,REG,L
Kurt Warner,STL,2002,1,REG,L
Matt Hasselbeck,SEA,2002,1,REG,L
Brad Johnson,TB,2002,1,REG,L
Quincy Carter,DAL,2002,1,REG,L
Kordell Stewart,PIT,2002,1,REG,L
Michael Vick,ATL,2002,2,REG,L
Chris Redman,BAL,2002,2,REG,L
Mike McMahon,DET,2002,2,REG,L
Gus Frerotte,CIN,2002,2,REG,L
Steve McNair,TEN,2002,2,REG,L
Peyton Manning,IND,2002,2,REG,L
Trent Green,KC,2002,2,REG,L
Brett Favre,GB,2002,2,REG,L
Vinny Testaverde,NYJ,2002,2,REG,L
Trent Dilfer,SEA,2002,2,REG,L
Kurt Warner,STL,2002,2,REG,L
Daunte Culpepper,MIN,2002,2,REG,L
David Carr,HOU,2002,2,REG,L
Jeff Garcia,SF,2002,2,REG,L
Kordell Stewart,PIT,2002,2,REG,L
Shane Matthews,WAS,2002,2,REG,L
Jim Miller,CHI,2002,3,REG,L
David Carr,HOU,2002,3,REG,L
Vinny Testaverde,NYJ,2002,3,REG,L
Daunte Culpepper,MIN,2002,3,REG,L
Trent Green,KC,2002,3,REG,L
Quincy Carter,DAL,2002,3,REG,L
Steve McNair,TEN,2002,3,REG,L
Jake Plummer,ARI,2002,3,REG,L
Drew Bledsoe,BUF,2002,3,REG,L
Joey Harrington,DET,2002,3,REG,L
Trent Dilfer,SEA,2002,3,REG,L
Shane Matthews,WAS,2002,3,REG,L
Gus Frerotte,CIN,2002,3,REG,L
Kurt Warner,STL,2002,3,REG,L
Jim Miller,CHI,2002,4,REG,L
Aaron Brooks,NO,2002,4,REG,L
Rodney Peete,CAR,2002,4,REG,L
Vinny Testaverde,NYJ,2002,4,REG,L
Jay Fiedler,MIA,2002,4,REG,L
David Carr,HOU,2002,4,REG,L
Tim Couch,CLE,2002,4,REG,L
Kurt Warner,STL,2002,4,REG,L
Kerry Collins,NYG,2002,4,REG,L
Akili Smith,CIN,2002,4,REG,L
Steve McNair,TEN,2002,4,REG,L
Tom Brady,NE,2002,4,REG,L
Daunte Culpepper,MIN,2002,4,REG,L
Brian Griese,DEN,2002,4,REG,L
Michael Vick,ATL,2002,5,REG,L
Drew Bledsoe,BUF,2002,5,REG,L
Rodney Peete,CAR,2002,5,REG,L
Quincy Carter,DAL,2002,5,REG,L
Jon Kitna,CIN,2002,5,REG,L
Tom Brady,NE,2002,5,REG,L
Tommy Maddox,PIT,2002,5,REG,L
Steve McNair,TEN,2002,5,REG,L
Drew Brees,SD,2002,5,REG,L
Chad Pennington,NYJ,2002,5,REG,L
Donovan McNabb,PHI,2002,5,REG,L
Jamie Martin,STL,2002,5,REG,L
Tim Couch,CLE,2002,5,REG,L
Jim Miller,CHI,2002,5,REG,L
Jon Kitna,CIN,2002,6,REG,L
Rodney Peete,CAR,2002,6,REG,L
David Carr,HOU,2002,6,REG,L
Chris Redman,BAL,2002,6,REG,L
Joey Harrington,DET,2002,6,REG,L
Tom Brady,NE,2002,6,REG,L
Kerry Collins,NYG,2002,6,REG,L
Tim Couch,CLE,2002,6,REG,L
Patrick Ramsey,WAS,2002,6,REG,L
Trent Green,KC,2002,6,REG,L
Rich Gannon,OAK,2002,6,REG,L
Mark Brunell,JAX,2002,6,REG,L
Brian Griese,DEN,2002,6,REG,L
Trent Dilfer,SEA,2002,6,REG,L
Chris Weinke,CAR,2002,7,REG,L
Mark Brunell,JAX,2002,7,REG,L
Chris Chandler,CHI,2002,7,REG,L
Trent Green,KC,2002,7,REG,L
Ray Lucas,MIA,2002,7,REG,L
Jeff Garcia,SF,2002,7,REG,L
Daunte Culpepper,MIN,2002,7,REG,L
Trent Dilfer,SEA,2002,7,REG,L
David Carr,HOU,2002,7,REG,L
Rich Gannon,OAK,2002,7,REG,L
Quincy Carter,DAL,2002,7,REG,L
Patrick Ramsey,WAS,2002,7,REG,L
Brad Johnson,TB,2002,7,REG,L
Peyton Manning,IND,2002,7,REG,L
Jeff Blake,BAL,2002,8,REG,L
Joey Harrington,DET,2002,8,REG,L
Randy Fasani,CAR,2002,8,REG,L
Jon Kitna,CIN,2002,8,REG,L
Chad Hutchinson,DAL,2002,8,REG,L
Rich Gannon,OAK,2002,8,REG,L
Chris Chandler,CHI,2002,8,REG,L
Aaron Brooks,NO,2002,8,REG,L
Chad Pennington,NYJ,2002,8,REG,L
Jake Plummer,ARI,2002,8,REG,L
Mark Brunell,JAX,2002,8,REG,L
Tom Brady,NE,2002,8,REG,L
Peyton Manning,IND,2002,8,REG,L
Kerry Collins,NYG,2002,8,REG,L
Jeff Blake,BAL,2002,9,REG,L
Drew Bledsoe,BUF,2002,9,REG,L
Jim Miller,CHI,2002,9,REG,L
Tim Couch,CLE,2002,9,REG,L
Chad Hutchinson,DAL,2002,9,REG,L
David Carr,HOU,2002,9,REG,L
Peyton Manning,IND,2002,9,REG,L
Daunte Culpepper,MIN,2002,9,REG,L
Drew Brees,SD,2002,9,REG,L
Jake Plummer,ARI,2002,9,REG,L
Rich Gannon,OAK,2002,9,REG,L
Matt Hasselbeck,SEA,2002,9,REG,L
Mark Brunell,JAX,2002,9,REG,L
Ray Lucas,MIA,2002,9,REG,L
Jon Kitna,CIN,2002,10,REG,L
Rodney Peete,CAR,2002,10,REG,L
Joey Harrington,DET,2002,10,REG,L
Daunte Culpepper,MIN,2002,10,REG,L
Donovan McNabb,PHI,2002,10,REG,L
Tommy Maddox,PIT,2002,10,REG,L
Drew Brees,SD,2002,10,REG,L
David Carr,HOU,2002,10,REG,L
Jake Plummer,ARI,2002,10,REG,L
Shane Matthews,WAS,2002,10,REG,L
Chris Chandler,CHI,2002,10,REG,L
Trent Green,KC,2002,10,REG,L
Ray Lucas,MIA,2002,10,REG,L
Brian Griese,DEN,2002,10,REG,L
Aaron Brooks,NO,2002,11,REG,L
Jon Kitna,CIN,2002,11,REG,L
David Carr,HOU,2002,11,REG,L
Chad Hutchinson,DAL,2002,11,REG,L
Drew Bledsoe,BUF,2002,11,REG,L
Brett Favre,GB,2002,11,REG,L
Shane Matthews,WAS,2002,11,REG,L
Jake Plummer,ARI,2002,11,REG,L
Tommy Maddox,PIT,2002,11,REG,L
Jeff Garcia,SF,2002,11,REG,L
Rodney Peete,CAR,2002,11,REG,L
Joey Harrington,DET,2002,11,REG,L
Jeff Blake,BAL,2002,11,REG,L
Matt Hasselbeck,SEA,2002,11,REG,L
Tom Brady,NE,2002,11,REG,L
Chris Chandler,CHI,2002,11,REG,L
Steve McNair,TEN,2002,12,REG,L
Rodney Peete,CAR,2002,12,REG,L
Joey Harrington,DET,2002,12,REG,L
Mark Brunell,JAX,2002,12,REG,L
Drew Brees,SD,2002,12,REG,L
Daunte Culpepper,MIN,2002,12,REG,L
Aaron Brooks,NO,2002,12,REG,L
Drew Bledsoe,BUF,2002,12,REG,L
Jon Kitna,CIN,2002,12,REG,L
Kurt Warner,STL,2002,12,REG,L
Jake Plummer,ARI,2002,12,REG,L
Trent Green,KC,2002,12,REG,L
Kerry Collins,NYG,2002,12,REG,L
Brett Favre,GB,2002,12,REG,L
Steve Beuerlein,DEN,2002,12,REG,L
Jeff Garcia,SF,2002,12,REG,L
Joey Harrington,DET,2002,13,REG,L
Danny Wuerffel,WAS,2002,13,REG,L
Ray Lucas,MIA,2002,13,REG,L
Jon Kitna,CIN,2002,13,REG,L
Tim Couch,CLE,2002,13,REG,L
Jim Miller,CHI,2002,13,REG,L
Mark Brunell,JAX,2002,13,REG,L
Jake Plummer,ARI,2002,13,REG,L
Daunte Culpepper,MIN,2002,13,REG,L
Kerry Collins,NYG,2002,13,REG,L
David Carr,HOU,2002,13,REG,L
Steve Beuerlein,DEN,2002,13,REG,L
Kurt Warner,STL,2002,13,REG,L
Matt Hasselbeck,SEA,2002,13,REG,L
Brad Johnson,TB,2002,13,REG,L
Chad Pennington,NYJ,2002,13,REG,L
Jon Kitna,CIN,2002,14,REG,L
Chad Hutchinson,DAL,2002,14,REG,L
Mark Brunell,JAX,2002,14,REG,L
Jamie Martin,STL,2002,14,REG,L
Drew Bledsoe,BUF,2002,14,REG,L
Tommy Maddox,PIT,2002,14,REG,L
Michael Vick,ATL,2002,14,REG,L
Peyton Manning,IND,2002,14,REG,L
Danny Wuerffel,WAS,2002,14,REG,L
Joey Harrington,DET,2002,14,REG,L
Jeff Blake,BAL,2002,14,REG,L
Matt Hasselbeck,SEA,2002,14,REG,L
Brian Griese,DEN,2002,14,REG,L
Drew Brees,SD,2002,14,REG,L
Daunte Culpepper,MIN,2002,14,REG,L
Jim Miller,CHI,2002,14,REG,L
Michael Vick,ATL,2002,15,REG,L
Drew Brees,SD,2002,15,REG,L
Chad Pennington,NYJ,2002,15,REG,L
Jon Kitna,CIN,2002,15,REG,L
Tim Couch,CLE,2002,15,REG,L
Joey Harrington,DET,2002,15,REG,L
David Carr,HOU,2002,15,REG,L
Rich Gannon,OAK,2002,15,REG,L
Aaron Brooks,NO,2002,15,REG,L
Patrick Ramsey,WAS,2002,15,REG,L
Rodney Peete,CAR,2002,15,REG,L
Trent Green,KC,2002,15,REG,L
Chad Hutchinson,DAL,2002,15,REG,L
Jeff Garcia,SF,2002,15,REG,L
Jake Plummer,ARI,2002,15,REG,L
Tom Brady,NE,2002,15,REG,L
Jay Fiedler,MIA,2002,16,REG,L
Jake Plummer,ARI,2002,16,REG,L
Chad Hutchinson,DAL,2002,16,REG,L
Mike McMahon,DET,2002,16,REG,L
Chris Chandler,CHI,2002,16,REG,L
Aaron Brooks,NO,2002,16,REG,L
Drew Bledsoe,BUF,2002,16,REG,L
Peyton Manning,IND,2002,16,REG,L
Mark Brunell,JAX,2002,16,REG,L
Drew Brees,SD,2002,16,REG,L
David Carr,HOU,2002,16,REG,L
Marc Bulger,STL,2002,16,REG,L
Jeff Blake,BAL,2002,16,REG,L
Brian Griese,DEN,2002,16,REG,L
Tom Brady,NE,2002,16,REG,L
Shaun King,TB,2002,16,REG,L
A.J. Feeley,PHI,2002,17,REG,L
Trent Green,KC,2002,17,REG,L
Jon Kitna,CIN,2002,17,REG,L
Michael Vick,ATL,2002,17,REG,L
Mike McMahon,DET,2002,17,REG,L
David Carr,HOU,2002,17,REG,L
Jay Fiedler,MIA,2002,17,REG,L
Aaron Brooks,NO,2002,17,REG,L
Jeff Blake,BAL,2002,17,REG,L
Chad Hutchinson,DAL,2002,17,REG,L
David Garrard,JAX,2002,17,REG,L
Jake Plummer,ARI,2002,17,REG,L
Brett Favre,GB,2002,17,REG,L
Drew Brees,SD,2002,17,REG,L
Henry Burris,CHI,2002,17,REG,L
Tim Rattay,SF,2002,17,REG,L
Peyton Manning,IND,2002,18,WC,L
Brett Favre,GB,2002,18,WC,L
Kelly Holcomb,CLE,2002,18,WC,L
Kerry Collins,NYG,2002,18,WC,L
Tommy Maddox,PIT,2002,19,DIV,L
Michael Vick,ATL,2002,19,DIV,L
Jeff Garcia,SF,2002,19,DIV,L
Chad Pennington,NYJ,2002,19,DIV,L
Donovan McNabb,PHI,2002,20,CON,L
Steve McNair,TEN,2002,20,CON,L
Rich Gannon,OAK,2002,21,SB,L
Vinny Testaverde,NYJ,2003,1,REG,L
Tom Brady,NE,2003,1,REG,L
Mark Brunell,JAX,2003,1,REG,L
Jon Kitna,CIN,2003,1,REG,L
Kelly Holcomb,CLE,2003,1,REG,L
Jeff Blake,ARI,2003,1,REG,L
Brett Favre,GB,2003,1,REG,L
Drew Brees,SD,2003,1,REG,L
Jay Fiedler,MIA,2003,1,REG,L
Kurt Warner,STL,2003,1,REG,L
Kyle Boller,BAL,2003,1,REG,L
Quincy Carter,DAL,2003,1,REG,L
Aaron Brooks,NO,2003,1,REG,L
Kordell Stewart,CHI,2003,1,REG,L
Rich Gannon,OAK,2003,1,REG,L
Donovan McNabb,PHI,2003,1,REG,L
Doug Johnson,ATL,2003,2,REG,L
Kelly Holcomb,CLE,2003,2,REG,L
Joey Harrington,DET,2003,2,REG,L
Steve McNair,TEN,2003,2,REG,L
Mark Brunell,JAX,2003,2,REG,L
Tommy Maddox,PIT,2003,2,REG,L
David Carr,HOU,2003,2,REG,L
Vinny Testaverde,NYJ,2003,2,REG,L
Jeff Garcia,SF,2003,2,REG,L
Jeff Blake,ARI,2003,2,REG,L
Brad Johnson,TB,2003,2,REG,L
Jon Kitna,CIN,2003,2,REG,L
Donovan McNabb,PHI,2003,2,REG,L
Drew Brees,SD,2003,2,REG,L
Kordell Stewart,CHI,2003,2,REG,L
Kerry Collins,NYG,2003,2,REG,L
Doug Johnson,ATL,2003,3,REG,L
Jon Kitna,CIN,2003,3,REG,L
Joey Harrington,DET,2003,3,REG,L
David Carr,HOU,2003,3,REG,L
Mark Brunell,JAX,2003,3,REG,L
Vinny Testaverde,NYJ,2003,3,REG,L
Aaron Brooks,NO,2003,3,REG,L
Brett Favre,GB,2003,3,REG,L
Marc Bulger,STL,2003,3,REG,L
Patrick Ramsey,WAS,2003,3,REG,L
Drew Brees,SD,2003,3,REG,L
Jeff Garcia,SF,2003,3,REG,L
Drew Bledsoe,BUF,2003,3,REG,L
Rich Gannon,OAK,2003,3,REG,L
Drew Bledsoe,BUF,2003,4,REG,L
Tim Couch,CLE,2003,4,REG,L
Byron Leftwich,JAX,2003,4,REG,L
Jeff Garcia,SF,2003,4,REG,L
Tommy Maddox,PIT,2003,4,REG,L
Jeff Blake,ARI,2003,4,REG,L
Tom Brady,NE,2003,4,REG,L
Kyle Boller,BAL,2003,4,REG,L
Drew Brees,SD,2003,4,REG,L
Doug Johnson,ATL,2003,4,REG,L
Joey Harrington,DET,2003,4,REG,L
Vinny Testaverde,NYJ,2003,4,REG,L
Aaron Brooks,NO,2003,4,REG,L
Kordell Stewart,CHI,2003,4,REG,L
Doug Johnson,ATL,2003,5,REG,L
Jon Kitna,CIN,2003,5,REG,L
Aaron Brooks,NO,2003,5,REG,L
Rich Gannon,OAK,2003,5,REG,L
Jeff Blake,ARI,2003,5,REG,L
Matt Hasselbeck,SEA,2003,5,REG,L
Jake Plummer,DEN,2003,5,REG,L
Steve McNair,TEN,2003,5,REG,L
Kerry Collins,NYG,2003,5,REG,L
Drew Brees,SD,2003,5,REG,L
Patrick Ramsey,WAS,2003,5,REG,L
Joey Harrington,DET,2003,5,REG,L
Tommy Maddox,PIT,2003,5,REG,L
Brad Johnson,TB,2003,5,REG,L
Rich Gannon,OAK,2003,6,REG,L
Donovan McNabb,PHI,2003,6,REG,L
Brett Favre,GB,2003,6,REG,L
Peyton Manning,IND,2003,6,REG,L
Byron Leftwich,JAX,2003,6,REG,L
Kerry Collins,NYG,2003,6,REG,L
Kordell Stewart,CHI,2003,6,REG,L
David Carr,HOU,2003,6,REG,L
Patrick Ramsey,WAS,2003,6,REG,L
Jeff Blake,ARI,2003,6,REG,L
Tommy Maddox,PIT,2003,6,REG,L
Drew Bledsoe,BUF,2003,6,REG,L
Jeff Garcia,SF,2003,6,REG,L
Doug Johnson,ATL,2003,6,REG,L
Kurt Kittner,ATL,2003,7,REG,L
Jake Delhomme,CAR,2003,7,REG,L
Kyle Boller,BAL,2003,7,REG,L
Tim Couch,CLE,2003,7,REG,L
Joey Harrington,DET,2003,7,REG,L
Jay Fiedler,MIA,2003,7,REG,L
Steve Beuerlein,DEN,2003,7,REG,L
Kerry Collins,NYG,2003,7,REG,L
Brett Favre,GB,2003,7,REG,L
David Carr,HOU,2003,7,REG,L
Patrick Ramsey,WAS,2003,7,REG,L
Chris Chandler,CHI,2003,7,REG,L
Brad Johnson,TB,2003,7,REG,L
Rich Gannon,OAK,2003,7,REG,L
Danny Kanell,DEN,2003,8,REG,L
Joey Harrington,DET,2003,8,REG,L
Matt Hasselbeck,SEA,2003,8,REG,L
Byron Leftwich,JAX,2003,8,REG,L
Daunte Culpepper,MIN,2003,8,REG,L
Tim Couch,CLE,2003,8,REG,L
Aaron Brooks,NO,2003,8,REG,L
Tommy Maddox,PIT,2003,8,REG,L
Quincy Carter,DAL,2003,8,REG,L
Jeff Garcia,SF,2003,8,REG,L
David Carr,HOU,2003,8,REG,L
Vinny Testaverde,NYJ,2003,8,REG,L
Drew Bledsoe,BUF,2003,8,REG,L
Drew Brees,SD,2003,8,REG,L
Byron Leftwich,JAX,2003,9,REG,L
Drew Brees,SD,2003,9,REG,L
Marques Tuiasosopo,OAK,2003,9,REG,L
Jake Delhomme,CAR,2003,9,REG,L
Brian Griese,MIA,2003,9,REG,L
Chad Pennington,NYJ,2003,9,REG,L
Brad Johnson,TB,2003,9,REG,L
Jon Kitna,CIN,2003,9,REG,L
Tommy Maddox,PIT,2003,9,REG,L
Kurt Kittner,ATL,2003,9,REG,L
Patrick Ramsey,WAS,2003,9,REG,L
Marc Bulger,STL,2003,9,REG,L
Daunte Culpepper,MIN,2003,9,REG,L
Danny Kanell,DEN,2003,9,REG,L
Brad Johnson,TB,2003,10,REG,L
David Carr,HOU,2003,10,REG,L
Chris Chandler,CHI,2003,10,REG,L
Peyton Manning,IND,2003,10,REG,L
Kelly Holcomb,CLE,2003,10,REG,L
Kerry Collins,NYG,2003,10,REG,L
Jeff Blake,ARI,2003,10,REG,L
Brian Griese,MIA,2003,10,REG,L
Matt Hasselbeck,SEA,2003,10,REG,L
Daunte Culpepper,MIN,2003,10,REG,L
Drew Bledsoe,BUF,2003,10,REG,L
Rick Mirer,OAK,2003,10,REG,L
Kyle Boller,BAL,2003,10,REG,L
Brett Favre,GB,2003,10,REG,L
Drew Bledsoe,BUF,2003,11,REG,L
Patrick Ramsey,WAS,2003,11,REG,L
Chris Chandler,CHI,2003,11,REG,L
Trent Green,KC,2003,11,REG,L
Jeff Blake,ARI,2003,11,REG,L
Anthony Wright,BAL,2003,11,REG,L
Kurt Kittner,ATL,2003,11,REG,L
Kerry Collins,NYG,2003,11,REG,L
Byron Leftwich,JAX,2003,11,REG,L
Doug Flutie,SD,2003,11,REG,L
Chad Pennington,NYJ,2003,11,REG,L
Daunte Culpepper,MIN,2003,11,REG,L
Joey Harrington,DET,2003,11,REG,L
Brad Johnson,TB,2003,11,REG,L
Quincy Carter,DAL,2003,11,REG,L
Tommy Maddox,PIT,2003,11,REG,L
Matt Hasselbeck,SEA,2003,12,REG,L
Drew Bledsoe,BUF,2003,12,REG,L
Kelly Holcomb,CLE,2003,12,REG,L
Jake Delhomme,CAR,2003,12,REG,L
Tim Rattay,SF,2003,12,REG,L
Tony Banks,HOU,2003,12,REG,L
Joey Harrington,DET,2003,12,REG,L
Byron Leftwich,JAX,2003,12,REG,L
Aaron Brooks,NO,2003,12,REG,L
Jeff Blake,ARI,2003,12,REG,L
Jake Plummer,DEN,2003,12,REG,L
Doug Johnson,ATL,2003,12,REG,L
Rick Mirer,OAK,2003,12,REG,L
Doug Flutie,SD,2003,12,REG,L
Patrick Ramsey,WAS,2003,12,REG,L
Kerry Collins,NYG,2003,12,REG,L
Brett Favre,GB,2003,13,REG,L
Quincy Carter,DAL,2003,13,REG,L
Jeff Garcia,SF,2003,13,REG,L
Jake Delhomme,CAR,2003,13,REG,L
Jeff Blake,ARI,2003,13,REG,L
Doug Johnson,ATL,2003,13,REG,L
Peyton Manning,IND,2003,13,REG,L
Kerry Collins,NYG,2003,13,REG,L
Tommy Maddox,PIT,2003,13,REG,L
Daunte Culpepper,MIN,2003,13,REG,L
Tim Hasselbeck,WAS,2003,13,REG,L
Rick Mirer,OAK,2003,13,REG,L
Doug Flutie,SD,2003,13,REG,L
Kelly Holcomb,CLE,2003,13,REG,L
Brad Johnson,TB,2003,13,REG,L
Steve McNair,TEN,2003,13,REG,L
Jon Kitna,CIN,2003,14,REG,L
Joey Harrington,DET,2003,14,REG,L
Kordell Stewart,CHI,2003,14,REG,L
Dave Ragone,HOU,2003,14,REG,L
Matt Hasselbeck,SEA,2003,14,REG,L
Aaron Brooks,NO,2003,14,REG,L
Kerry Collins,NYG,2003,14,REG,L
Quincy Carter,DAL,2003,14,REG,L
Rick Mirer,OAK,2003,14,REG,L
Steve McNair,TEN,2003,14,REG,L
Jeff Blake,ARI,2003,14,REG,L
Chad Pennington,NYJ,2003,14,REG,L
Trent Green,KC,2003,14,REG,L
Jay Fiedler,MIA,2003,14,REG,L
Jake Delhomme,CAR,2003,14,REG,L
Kelly Holcomb,CLE,2003,14,REG,L
Daunte Culpepper,MIN,2003,15,REG,L
Jeff Garcia,SF,2003,15,REG,L
Michael Vick,ATL,2003,15,REG,L
Joey Harrington,DET,2003,15,REG,L
Byron Leftwich,JAX,2003,15,REG,L
Tommy Maddox,PIT,2003,15,REG,L
Matt Hasselbeck,SEA,2003,15,REG,L
Dave Ragone,HOU,2003,15,REG,L
Drew Bledsoe,BUF,2003,15,REG,L
Tim Couch,CLE,2003,15,REG,L
Anthony Wright,BAL,2003,15,REG,L
Josh McCown,ARI,2003,15,REG,L
Drew Brees,SD,2003,15,REG,L
Tim Hasselbeck,WAS,2003,15,REG,L
Jesse Palmer,NYG,2003,15,REG,L
Jay Fiedler,MIA,2003,15,REG,L
Brad Johnson,TB,2003,16,REG,L
Trent Green,KC,2003,16,REG,L
Chad Pennington,NYJ,2003,16,REG,L
Drew Bledsoe,BUF,2003,16,REG,L
Joey Harrington,DET,2003,16,REG,L
Tim Hasselbeck,WAS,2003,16,REG,L
Tim Couch,CLE,2003,16,REG,L
Jesse Palmer,NYG,2003,16,REG,L
David Carr,HOU,2003,16,REG,L
Aaron Brooks,NO,2003,16,REG,L
Jon Kitna,CIN,2003,16,REG,L
Drew Brees,SD,2003,16,REG,L
Donovan McNabb,PHI,2003,16,REG,L
Josh McCown,ARI,2003,16,REG,L
Peyton Manning,IND,2003,16,REG,L
Rick Mirer,OAK,2003,16,REG,L
Drew Bledsoe,BUF,2003,17,REG,L
Jeff Garcia,SF,2003,17,REG,L
Tim Hasselbeck,WAS,2003,17,REG,L
Byron Leftwich,JAX,2003,17,REG,L
Jon Kitna,CIN,2003,17,REG,L
Marc Bulger,STL,2003,17,REG,L
David Carr,HOU,2003,17,REG,L
Kordell Stewart,CHI,2003,17,REG,L
Chad Pennington,NYJ,2003,17,REG,L
Quincy Carter,DAL,2003,17,REG,L
Brad Johnson,TB,2003,17,REG,L
Daunte Culpepper,MIN,2003,17,REG,L
Jesse Palmer,NYG,2003,17,REG,L
Danny Kanell,DEN,2003,17,REG,L
Rick Mirer,OAK,2003,17,REG,L
Tommy Maddox,PIT,2003,17,REG,L
Anthony Wright,BAL,2003,18,WC,L
Quincy Carter,DAL,2003,18,WC,L
Matt Hasselbeck,SEA,2003,18,WC,L
Jake Plummer,DEN,2003,18,WC,L
Marc Bulger,STL,2003,19,DIV,L
Steve McNair,TEN,2003,19,DIV,L
Trent Green,KC,2003,19,DIV,L
Brett Favre,GB,2003,19,DIV,L
Peyton Manning,IND,2003,20,CON,L
Donovan McNabb,PHI,2003,20,CON,L
Jake Delhomme,CAR,2003,21,SB,L
Peyton Manning,IND,2004,1,REG,L
Jay Fiedler,MIA,2004,1,REG,L
Drew Bledsoe,BUF,2004,1,REG,L
Rex Grossman,CHI,2004,1,REG,L
Kyle Boller,BAL,2004,1,REG,L
David Carr,HOU,2004,1,REG,L
Aaron Brooks,NO,2004,1,REG,L
Carson Palmer,CIN,2004,1,REG,L
Rich Gannon,OAK,2004,1,REG,L
Josh McCown,ARI,2004,1,REG,L
Brad Johnson,TB,2004,1,REG,L
Vinny Testaverde,DAL,2004,1,REG,L
Kurt Warner,NYG,2004,1,REG,L
Tim Rattay,SF,2004,1,REG,L
Trent Green,KC,2004,1,REG,L
Jake Delhomme,CAR,2004,1,REG,L
Marc Bulger,STL,2004,2,REG,L
Tommy Maddox,PIT,2004,2,REG,L
David Carr,HOU,2004,2,REG,L
Brett Favre,GB,2004,2,REG,L
Jake Plummer,DEN,2004,2,REG,L
Trent Green,KC,2004,2,REG,L
Ken Dorsey,SF,2004,2,REG,L
Mark Brunell,WAS,2004,2,REG,L
Steve McNair,TEN,2004,2,REG,L
Brad Johnson,TB,2004,2,REG,L
Josh McCown,ARI,2004,2,REG,L
Jeff Garcia,CLE,2004,2,REG,L
Drew Bledsoe,BUF,2004,2,REG,L
Drew Brees,SD,2004,2,REG,L
A.J. Feeley,MIA,2004,2,REG,L
Daunte Culpepper,MIN,2004,2,REG,L
Josh McCown,ARI,2004,3,REG,L
Carson Palmer,CIN,2004,3,REG,L
Joey Harrington,DET,2004,3,REG,L
Trent Green,KC,2004,3,REG,L
Rex Grossman,CHI,2004,3,REG,L
Jeff Garcia,CLE,2004,3,REG,L
Marc Bulger,STL,2004,3,REG,L
Steve McNair,TEN,2004,3,REG,L
Drew Brees,SD,2004,3,REG,L
Brett Favre,GB,2004,3,REG,L
Ken Dorsey,SF,2004,3,REG,L
A.J. Feeley,MIA,2004,3,REG,L
Brad Johnson,TB,2004,3,REG,L
Mark Brunell,WAS,2004,3,REG,L
Drew Bledsoe,BUF,2004,4,REG,L
Jonathan Quinn,CHI,2004,4,REG,L
Mark Brunell,WAS,2004,4,REG,L
Brett Favre,GB,2004,4,REG,L
Kerry Collins,OAK,2004,4,REG,L
Byron Leftwich,JAX,2004,4,REG,L
Carson Palmer,CIN,2004,4,REG,L
Aaron Brooks,NO,2004,4,REG,L
Jake Delhomme,CAR,2004,4,REG,L
Jay Fiedler,MIA,2004,4,REG,L
Billy Volek,TEN,2004,4,REG,L
Brad Johnson,TB,2004,4,REG,L
Tim Rattay,SF,2004,4,REG,L
Kyle Boller,BAL,2004,4,REG,L
Michael Vick,ATL,2004,5,REG,L
Vinny Testaverde,DAL,2004,5,REG,L
David Carr,HOU,2004,5,REG,L
Kerry Collins,OAK,2004,5,REG,L
Jay Fiedler,MIA,2004,5,REG,L
Aaron Brooks,NO,2004,5,REG,L
Jeff Garcia,CLE,2004,5,REG,L
Drew Bledsoe,BUF,2004,5,REG,L
Byron Leftwich,JAX,2004,5,REG,L
Jake Delhomme,CAR,2004,5,REG,L
Matt Hasselbeck,SEA,2004,5,REG,L
Josh McCown,ARI,2004,5,REG,L
Mark Brunell,WAS,2004,5,REG,L
Brett Favre,GB,2004,5,REG,L
Drew Brees,SD,2004,6,REG,L
Jay Fiedler,MIA,2004,6,REG,L
Jonathan Quinn,CHI,2004,6,REG,L
Carson Palmer,CIN,2004,6,REG,L
Joey Harrington,DET,2004,6,REG,L
Trent Green,KC,2004,6,REG,L
Matt Hasselbeck,SEA,2004,6,REG,L
Tim Rattay,SF,2004,6,REG,L
Jake Delhomme,CAR,2004,6,REG,L
Steve McNair,TEN,2004,6,REG,L
Vinny Testaverde,DAL,2004,6,REG,L
Kerry Collins,OAK,2004,6,REG,L
Aaron Brooks,NO,2004,6,REG,L
Brian Griese,TB,2004,6,REG,L
Drew Bledsoe,BUF,2004,7,REG,L
Jake Delhomme,CAR,2004,7,REG,L
Jeff Garcia,CLE,2004,7,REG,L
Peyton Manning,IND,2004,7,REG,L
Michael Vick,ATL,2004,7,REG,L
Marc Bulger,STL,2004,7,REG,L
Steve McNair,TEN,2004,7,REG,L
Kurt Warner,NYG,2004,7,REG,L
Jonathan Quinn,CHI,2004,7,REG,L
Chad Pennington,NYJ,2004,7,REG,L
Matt Hasselbeck,SEA,2004,7,REG,L
Vinny Testaverde,DAL,2004,7,REG,L
Kerry Collins,OAK,2004,7,REG,L
Jake Plummer,DEN,2004,7,REG,L
Josh McCown,ARI,2004,8,REG,L
Joey Harrington,DET,2004,8,REG,L
Byron Leftwich,JAX,2004,8,REG,L
Peyton Manning,IND,2004,8,REG,L
Daunte Culpepper,MIN,2004,8,REG,L
Kyle Boller,BAL,2004,8,REG,L
Carson Palmer,CIN,2004,8,REG,L
Mark Brunell,WAS,2004,8,REG,L
Jake Plummer,DEN,2004,8,REG,L
Jake Delhomme,CAR,2004,8,REG,L
Tom Brady,NE,2004,8,REG,L
Kerry Collins,OAK,2004,8,REG,L
Ken Dorsey,SF,2004,8,REG,L
Jay Fiedler,MIA,2004,8,REG,L
Chad Pennington,NYJ,2004,9,REG,L
Jake Delhomme,CAR,2004,9,REG,L
Vinny Testaverde,DAL,2004,9,REG,L
Joey Harrington,DET,2004,9,REG,L
Jay Fiedler,MIA,2004,9,REG,L
Donovan McNabb,PHI,2004,9,REG,L
Trent Green,KC,2004,9,REG,L
Kurt Warner,NYG,2004,9,REG,L
Aaron Brooks,NO,2004,9,REG,L
Tim Rattay,SF,2004,9,REG,L
David Carr,HOU,2004,9,REG,L
Marc Bulger,STL,2004,9,REG,L
Jeff Garcia,CLE,2004,9,REG,L
Daunte Culpepper,MIN,2004,9,REG,L
Brian Griese,TB,2004,10,REG,L
Jeff Garcia,CLE,2004,10,REG,L
David Carr,HOU,2004,10,REG,L
Joey Harrington,DET,2004,10,REG,L
Trent Green,KC,2004,10,REG,L
Quincy Carter,NYJ,2004,10,REG,L
Matt Hasselbeck,SEA,2004,10,REG,L
Billy Volek,TEN,2004,10,REG,L
Mark Brunell,WAS,2004,10,REG,L
Kurt Warner,NYG,2004,10,REG,L
Daunte Culpepper,MIN,2004,10,REG,L
Tim Rattay,SF,2004,10,REG,L
Drew Bledsoe,BUF,2004,10,REG,L
Vinny Testaverde,DAL,2004,10,REG,L
Vinny Testaverde,DAL,2004,11,REG,L
Marc Bulger,STL,2004,11,REG,L
Shaun King,ARI,2004,11,REG,L
Craig Krenzel,CHI,2004,11,REG,L
Carson Palmer,CIN,2004,11,REG,L
Jeff Garcia,CLE,2004,11,REG,L
David Garrard,JAX,2004,11,REG,L
Joey Harrington,DET,2004,11,REG,L
Aaron Brooks,NO,2004,11,REG,L
Tim Rattay,SF,2004,11,REG,L
Kerry Collins,OAK,2004,11,REG,L
A.J. Feeley,MIA,2004,11,REG,L
Eli Manning,NYG,2004,11,REG,L
Patrick Ramsey,WAS,2004,11,REG,L
David Carr,HOU,2004,11,REG,L
Trent Green,KC,2004,11,REG,L
Joey Harrington,DET,2004,12,REG,L
Craig Krenzel,CHI,2004,12,REG,L
Brian Griese,TB,2004,12,REG,L
Kelly Holcomb,CLE,2004,12,REG,L
Steve McNair,TEN,2004,12,REG,L
Trent Green,KC,2004,12,REG,L
Byron Leftwich,JAX,2004,12,REG,L
Eli Manning,NYG,2004,12,REG,L
Patrick Ramsey,WAS,2004,12,REG,L
Aaron Brooks,NO,2004,12,REG,L
Shaun King,ARI,2004,12,REG,L
Kyle Boller,BAL,2004,12,REG,L
Matt Hasselbeck,SEA,2004,12,REG,L
Tim Rattay,SF,2004,12,REG,L
Jake Plummer,DEN,2004,12,REG,L
Marc Bulger,STL,2004,12,REG,L
Kyle Boller,BAL,2004,13,REG,L
Daunte Culpepper,MIN,2004,13,REG,L
Luke McCown,CLE,2004,13,REG,L
John Navarre,ARI,2004,13,REG,L
Billy Volek,TEN,2004,13,REG,L
A.J. Feeley,MIA,2004,13,REG,L
Aaron Brooks,NO,2004,13,REG,L
David Carr,HOU,2004,13,REG,L
Tim Rattay,SF,2004,13,REG,L
Michael Vick,ATL,2004,13,REG,L
Kerry Collins,OAK,2004,13,REG,L
Jake Plummer,DEN,2004,13,REG,L
Brett Favre,GB,2004,13,REG,L
Eli Manning,NYG,2004,13,REG,L
Byron Leftwich,JAX,2004,13,REG,L
Matt Hasselbeck,SEA,2004,13,REG,L
Kerry Collins,OAK,2004,14,REG,L
Eli Manning,NYG,2004,14,REG,L
Luke McCown,CLE,2004,14,REG,L
Vinny Testaverde,DAL,2004,14,REG,L
David Carr,HOU,2004,14,REG,L
Chad Hutchinson,CHI,2004,14,REG,L
Daunte Culpepper,MIN,2004,14,REG,L
Carson Palmer,CIN,2004,14,REG,L
A.J. Feeley,MIA,2004,14,REG,L
Chad Pennington,NYJ,2004,14,REG,L
Josh McCown,ARI,2004,14,REG,L
Chris Chandler,STL,2004,14,REG,L
Joey Harrington,DET,2004,14,REG,L
Brian Griese,TB,2004,14,REG,L
Patrick Ramsey,WAS,2004,14,REG,L
Billy Volek,TEN,2004,14,REG,L
Eli Manning,NYG,2004,15,REG,L
Ken Dorsey,SF,2004,15,REG,L
Jake Delhomme,CAR,2004,15,REG,L
Chad Hutchinson,CHI,2004,15,REG,L
Jon Kitna,CIN,2004,15,REG,L
Luke McCown,CLE,2004,15,REG,L
Joey Harrington,DET,2004,15,REG,L
Jake Plummer,DEN,2004,15,REG,L
Matt Hasselbeck,SEA,2004,15,REG,L
Vinny Testaverde,DAL,2004,15,REG,L
Chris Chandler,STL,2004,15,REG,L
Brian Griese,TB,2004,15,REG,L
Brett Favre,GB,2004,15,REG,L
Billy Volek,TEN,2004,15,REG,L
Kyle Boller,BAL,2004,15,REG,L
Tom Brady,NE,2004,15,REG,L
Daunte Culpepper,MIN,2004,16,REG,L
Kerry Collins,OAK,2004,16,REG,L
Billy Volek,TEN,2004,16,REG,L
Eli Manning,NYG,2004,16,REG,L
Chad Hutchinson,CHI,2004,16,REG,L
Drew Brees,SD,2004,16,REG,L
Byron Leftwich,JAX,2004,16,REG,L
Matt Schaub,ATL,2004,16,REG,L
Kyle Boller,BAL,2004,16,REG,L
Chad Pennington,NYJ,2004,16,REG,L
Ken Dorsey,SF,2004,16,REG,L
Patrick Ramsey,WAS,2004,16,REG,L
Josh McCown,ARI,2004,16,REG,L
Brian Griese,TB,2004,16,REG,L
Luke McCown,CLE,2004,16,REG,L
Donovan McNabb,PHI,2004,16,REG,L
Sage Rosenfels,MIA,2004,17,REG,L
Drew Bledsoe,BUF,2004,17,REG,L
Jake Delhomme,CAR,2004,17,REG,L
Chad Hutchinson,CHI,2004,17,REG,L
David Carr,HOU,2004,17,REG,L
Ken Dorsey,SF,2004,17,REG,L
Koy Detmer,PHI,2004,17,REG,L
Chad Pennington,NYJ,2004,17,REG,L
Joey Harrington,DET,2004,17,REG,L
Daunte Culpepper,MIN,2004,17,REG,L
Chris Simms,TB,2004,17,REG,L
Matt Schaub,ATL,2004,17,REG,L
Jim Sorgi,IND,2004,17,REG,L
Kerry Collins,OAK,2004,17,REG,L
Trent Green,KC,2004,17,REG,L
Vinny Testaverde,DAL,2004,17,REG,L
Matt Hasselbeck,SEA,2004,18,WC,L
Drew Brees,SD,2004,18,WC,L
Jake Plummer,DEN,2004,18,WC,L
Brett Favre,GB,2004,18,WC,L
Chad Pennington,NYJ,2004,19,DIV,L
Marc Bulger,STL,2004,19,DIV,L
Daunte Culpepper,MIN,2004,19,DIV,L
Peyton Manning,IND,2004,19,DIV,L
Michael Vick,ATL,2004,20,CON,L
Ben Roethlisberger,PIT,2004,20,CON,L
Donovan McNabb,PHI,2004,21,SB,L
Kerry Collins,OAK,2005,1,REG,L
David Carr,HOU,2005,1,REG,L
Jake Delhomme,CAR,2005,1,REG,L
Trent Dilfer,CLE,2005,1,REG,L
Matt Hasselbeck,SEA,2005,1,REG,L
Chad Pennington,NYJ,2005,1,REG,L
Jake Plummer,DEN,2005,1,REG,L
Daunte Culpepper,MIN,2005,1,REG,L
Steve McNair,TEN,2005,1,REG,L
Kyle Orton,CHI,2005,1,REG,L
Brett Favre,GB,2005,1,REG,L
Kurt Warner,ARI,2005,1,REG,L
Drew Brees,SD,2005,1,REG,L
Marc Bulger,STL,2005,1,REG,L
Kyle Boller,BAL,2005,1,REG,L
Donovan McNabb,PHI,2005,1,REG,L
Tom Brady,NE,2005,2,REG,L
Joey Harrington,DET,2005,2,REG,L
Daunte Culpepper,MIN,2005,2,REG,L
David Carr,HOU,2005,2,REG,L
Byron Leftwich,JAX,2005,2,REG,L
Tim Rattay,SF,2005,2,REG,L
J.P. Losman,BUF,2005,2,REG,L
Anthony Wright,BAL,2005,2,REG,L
Kurt Warner,ARI,2005,2,REG,L
Michael Vick,ATL,2005,2,REG,L
Drew Brees,SD,2005,2,REG,L
Brett Favre,GB,2005,2,REG,L
Gus Frerotte,MIA,2005,2,REG,L
Kerry Collins,OAK,2005,2,REG,L
Drew Bledsoe,DAL,2005,2,REG,L
Aaron Brooks,NO,2005,2,REG,L
J.P. Losman,BUF,2005,3,REG,L
Kyle Orton,CHI,2005,3,REG,L
Brett Favre,GB,2005,3,REG,L
Trent Dilfer,CLE,2005,3,REG,L
Jake Delhomme,CAR,2005,3,REG,L
Aaron Brooks,NO,2005,3,REG,L
Chad Pennington,NYJ,2005,3,REG,L
Kerry Collins,OAK,2005,3,REG,L
Steve McNair,TEN,2005,3,REG,L
Kurt Warner,ARI,2005,3,REG,L
Tim Rattay,SF,2005,3,REG,L
Ben Roethlisberger,PIT,2005,3,REG,L
Eli Manning,NYG,2005,3,REG,L
Trent Green,KC,2005,3,REG,L
David Carr,HOU,2005,4,REG,L
Byron Leftwich,JAX,2005,4,REG,L
Tom Brady,NE,2005,4,REG,L
J.P. Losman,BUF,2005,4,REG,L
Marc Bulger,STL,2005,4,REG,L
Joey Harrington,DET,2005,4,REG,L
Steve McNair,TEN,2005,4,REG,L
Matt Hasselbeck,SEA,2005,4,REG,L
Brooks Bollinger,NYJ,2005,4,REG,L
Daunte Culpepper,MIN,2005,4,REG,L
Trent Green,KC,2005,4,REG,L
Drew Bledsoe,DAL,2005,4,REG,L
Tim Rattay,SF,2005,4,REG,L
Brett Favre,GB,2005,4,REG,L
Matt Schaub,ATL,2005,5,REG,L
Gus Frerotte,MIA,2005,5,REG,L
Kyle Orton,CHI,2005,5,REG,L
Anthony Wright,BAL,2005,5,REG,L
Aaron Brooks,NO,2005,5,REG,L
David Carr,HOU,2005,5,REG,L
Brian Griese,TB,2005,5,REG,L
Marc Bulger,STL,2005,5,REG,L
Alex Smith,SF,2005,5,REG,L
Josh McCown,ARI,2005,5,REG,L
Donovan McNabb,PHI,2005,5,REG,L
Mark Brunell,WAS,2005,5,REG,L
Carson Palmer,CIN,2005,5,REG,L
Drew Brees,SD,2005,5,REG,L
Trent Dilfer,CLE,2005,6,REG,L
Daunte Culpepper,MIN,2005,6,REG,L
Eli Manning,NYG,2005,6,REG,L
Joey Harrington,DET,2005,6,REG,L
Mark Brunell,WAS,2005,6,REG,L
Aaron Brooks,NO,2005,6,REG,L
Tommy Maddox,PIT,2005,6,REG,L
Gus Frerotte,MIA,2005,6,REG,L
Steve McNair,TEN,2005,6,REG,L
Vinny Testaverde,NYJ,2005,6,REG,L
Tom Brady,NE,2005,6,REG,L
Kerry Collins,OAK,2005,6,REG,L
David Carr,HOU,2005,6,REG,L
Marc Bulger,STL,2005,6,REG,L
Gus Frerotte,MIA,2005,7,REG,L
Carson Palmer,CIN,2005,7,REG,L
Trent Dilfer,CLE,2005,7,REG,L
David Carr,HOU,2005,7,REG,L
Brett Favre,GB,2005,7,REG,L
Drew Brees,SD,2005,7,REG,L
Aaron Brooks,NO,2005,7,REG,L
Alex Smith,SF,2005,7,REG,L
Drew Bledsoe,DAL,2005,7,REG,L
Billy Volek,TEN,2005,7,REG,L
Anthony Wright,BAL,2005,7,REG,L
Jake Plummer,DEN,2005,7,REG,L
Kelly Holcomb,BUF,2005,7,REG,L
Vinny Testaverde,NYJ,2005,7,REG,L
Daunte Culpepper,MIN,2005,8,REG,L
Brett Favre,GB,2005,8,REG,L
Josh McCown,ARI,2005,8,REG,L
Jeff Garcia,DET,2005,8,REG,L
Trent Dilfer,CLE,2005,8,REG,L
Mark Brunell,WAS,2005,8,REG,L
Byron Leftwich,JAX,2005,8,REG,L
Steve McNair,TEN,2005,8,REG,L
Aaron Brooks,NO,2005,8,REG,L
Trent Green,KC,2005,8,REG,L
Donovan McNabb,PHI,2005,8,REG,L
Chris Simms,TB,2005,8,REG,L
Kelly Holcomb,BUF,2005,8,REG,L
Anthony Wright,BAL,2005,8,REG,L
Anthony Wright,BAL,2005,9,REG,L
Steve McNair,TEN,2005,9,REG,L
David Carr,HOU,2005,9,REG,L
Kerry Collins,OAK,2005,9,REG,L
Gus Frerotte,MIA,2005,9,REG,L
Joey Harrington,DET,2005,9,REG,L
Vinny Testaverde,NYJ,2005,9,REG,L
Chris Simms,TB,2005,9,REG,L
Kurt Warner,ARI,2005,9,REG,L
Aaron Brooks,NO,2005,9,REG,L
Cody Pickett,SF,2005,9,REG,L
Brett Favre,GB,2005,9,REG,L
Donovan McNabb,PHI,2005,9,REG,L
Tom Brady,NE,2005,9,REG,L
Trent Green,KC,2005,10,REG,L
Cody Pickett,SF,2005,10,REG,L
Kurt Warner,ARI,2005,10,REG,L
David Carr,HOU,2005,10,REG,L
Kyle Boller,BAL,2005,10,REG,L
Gus Frerotte,MIA,2005,10,REG,L
Eli Manning,NYG,2005,10,REG,L
Brooks Bollinger,NYJ,2005,10,REG,L
Kerry Collins,OAK,2005,10,REG,L
Michael Vick,ATL,2005,10,REG,L
Marc Bulger,STL,2005,10,REG,L
Mark Brunell,WAS,2005,10,REG,L
Trent Dilfer,CLE,2005,10,REG,L
Donovan McNabb,PHI,2005,10,REG,L
Michael Vick,ATL,2005,11,REG,L
Tommy Maddox,PIT,2005,11,REG,L
Jake Delhomme,CAR,2005,11,REG,L
Sage Rosenfels,MIA,2005,11,REG,L
Joey Harrington,DET,2005,11,REG,L
Aaron Brooks,NO,2005,11,REG,L
Mike McMahon,PHI,2005,11,REG,L
Marc Bulger,STL,2005,11,REG,L
Steve McNair,TEN,2005,11,REG,L
Mark Brunell,WAS,2005,11,REG,L
Ken Dorsey,SF,2005,11,REG,L
Carson Palmer,CIN,2005,11,REG,L
Brooks Bollinger,NYJ,2005,11,REG,L
J.P. Losman,BUF,2005,11,REG,L
David Carr,HOU,2005,11,REG,L
Brett Favre,GB,2005,11,REG,L
Joey Harrington,DET,2005,12,REG,L
Drew Bledsoe,DAL,2005,12,REG,L
J.P. Losman,BUF,2005,12,REG,L
Kyle Boller,BAL,2005,12,REG,L
David Carr,HOU,2005,12,REG,L
Tom Brady,NE,2005,12,REG,L
Trent Dilfer,CLE,2005,12,REG,L
Chris Simms,TB,2005,12,REG,L
Ken Dorsey,SF,2005,12,REG,L
Mark Brunell,WAS,2005,12,REG,L
Kurt Warner,ARI,2005,12,REG,L
Kerry Collins,OAK,2005,12,REG,L
Brett Favre,GB,2005,12,REG,L
Eli Manning,NYG,2005,12,REG,L
Brooks Bollinger,NYJ,2005,12,REG,L
Ben Roethlisberger,PIT,2005,12,REG,L
David Carr,HOU,2005,13,REG,L
Michael Vick,ATL,2005,13,REG,L
Brett Favre,GB,2005,13,REG,L
Charlie Frye,CLE,2005,13,REG,L
Jeff Garcia,DET,2005,13,REG,L
Steve McNair,TEN,2005,13,REG,L
J.P. Losman,BUF,2005,13,REG,L
Aaron Brooks,NO,2005,13,REG,L
Drew Bledsoe,DAL,2005,13,REG,L
Ben Roethlisberger,PIT,2005,13,REG,L
Alex Smith,SF,2005,13,REG,L
Ryan Fitzpatrick,STL,2005,13,REG,L
Jake Plummer,DEN,2005,13,REG,L
Brooks Bollinger,NYJ,2005,13,REG,L
Kerry Collins,OAK,2005,13,REG,L
Mike McMahon,PHI,2005,13,REG,L
J.P. Losman,BUF,2005,14,REG,L
Jake Delhomme,CAR,2005,14,REG,L
Charlie Frye,CLE,2005,14,REG,L
David Garrard,JAX,2005,14,REG,L
Ryan Fitzpatrick,STL,2005,14,REG,L
Marques Tuiasosopo,OAK,2005,14,REG,L
Kyle Orton,CHI,2005,14,REG,L
David Carr,HOU,2005,14,REG,L
Kurt Warner,ARI,2005,14,REG,L
Mike McMahon,PHI,2005,14,REG,L
Alex Smith,SF,2005,14,REG,L
Trent Green,KC,2005,14,REG,L
Kyle Boller,BAL,2005,14,REG,L
Drew Brees,SD,2005,14,REG,L
Jeff Garcia,DET,2005,14,REG,L
Aaron Brooks,NO,2005,14,REG,L
Chris Simms,TB,2005,15,REG,L
Trent Green,KC,2005,15,REG,L
Kelly Holcomb,BUF,2005,15,REG,L
Kurt Warner,ARI,2005,15,REG,L
Peyton Manning,IND,2005,15,REG,L
Alex Smith,SF,2005,15,REG,L
Brooks Bollinger,NYJ,2005,15,REG,L
Brad Johnson,MIN,2005,15,REG,L
Todd Bouman,NO,2005,15,REG,L
Ryan Fitzpatrick,STL,2005,15,REG,L
Steve McNair,TEN,2005,15,REG,L
Jeff Garcia,DET,2005,15,REG,L
Kerry Collins,OAK,2005,15,REG,L
Drew Bledsoe,DAL,2005,15,REG,L
Michael Vick,ATL,2005,15,REG,L
Brett Favre,GB,2005,15,REG,L
Jake Delhomme,CAR,2005,16,REG,L
Carson Palmer,CIN,2005,16,REG,L
Charlie Frye,CLE,2005,16,REG,L
David Carr,HOU,2005,16,REG,L
Drew Brees,SD,2005,16,REG,L
Steve McNair,TEN,2005,16,REG,L
Todd Bouman,NO,2005,16,REG,L
Jamie Martin,STL,2005,16,REG,L
Michael Vick,ATL,2005,16,REG,L
Eli Manning,NYG,2005,16,REG,L
Mike McMahon,PHI,2005,16,REG,L
Kerry Collins,OAK,2005,16,REG,L
Peyton Manning,IND,2005,16,REG,L
Brett Favre,GB,2005,16,REG,L
Brad Johnson,MIN,2005,16,REG,L
Brooks Bollinger,NYJ,2005,16,REG,L
Philip Rivers,SD,2005,17,REG,L
Kerry Collins,OAK,2005,17,REG,L
Michael Vick,ATL,2005,17,REG,L
Kyle Boller,BAL,2005,17,REG,L
Seneca Wallace,SEA,2005,17,REG,L
Josh McCown,ARI,2005,17,REG,L
Jon Kitna,CIN,2005,17,REG,L
Matt Cassel,NE,2005,17,REG,L
Kelly Holcomb,BUF,2005,17,REG,L
Joey Harrington,DET,2005,17,REG,L
Todd Bouman,NO,2005,17,REG,L
Matt Mauck,TEN,2005,17,REG,L
Tony Banks,HOU,2005,17,REG,L
Kyle Orton,CHI,2005,17,REG,L
Mike McMahon,PHI,2005,17,REG,L
Drew Bledsoe,DAL,2005,17,REG,L
Chris Simms,TB,2005,18,WC,L
Byron Leftwich,JAX,2005,18,WC,L
Eli Manning,NYG,2005,18,WC,L
Jon Kitna,CIN,2005,18,WC,L
Mark Brunell,WAS,2005,19,DIV,L
Tom Brady,NE,2005,19,DIV,L
Peyton Manning,IND,2005,19,DIV,L
Rex Grossman,CHI,2005,19,DIV,L
Jake Plummer,DEN,2005,20,CON,L
Jake Delhomme,CAR,2005,20,CON,L
Matt Hasselbeck,SEA,2005,21,SB,L
Daunte Culpepper,MIA,2006,1,REG,L
Jake Delhomme,CAR,2006,1,REG,L
Charlie Frye,CLE,2006,1,REG,L
Jon Kitna,DET,2006,1,REG,L
David Carr,HOU,2006,1,REG,L
Trent Green,KC,2006,1,REG,L
J.P. Losman,BUF,2006,1,REG,L
Jake Plummer,DEN,2006,1,REG,L
Chris Simms,TB,2006,1,REG,L
Kerry Collins,TEN,2006,1,REG,L
Alex Smith,SF,2006,1,REG,L
Brett Favre,GB,2006,1,REG,L
Drew Bledsoe,DAL,2006,1,REG,L
Eli Manning,NYG,2006,1,REG,L
Mark Brunell,WAS,2006,1,REG,L
Aaron Brooks,OAK,2006,1,REG,L
Chris Simms,TB,2006,2,REG,L
Andrew Walter,OAK,2006,2,REG,L
Jon Kitna,DET,2006,2,REG,L
Charlie Frye,CLE,2006,2,REG,L
Brett Favre,GB,2006,2,REG,L
David Carr,HOU,2006,2,REG,L
Daunte Culpepper,MIA,2006,2,REG,L
Jake Delhomme,CAR,2006,2,REG,L
Donovan McNabb,PHI,2006,2,REG,L
Kurt Warner,ARI,2006,2,REG,L
Marc Bulger,STL,2006,2,REG,L
Damon Huard,KC,2006,2,REG,L
Chad Pennington,NYJ,2006,2,REG,L
Kerry Collins,TEN,2006,2,REG,L
Mark Brunell,WAS,2006,2,REG,L
Ben Roethlisberger,PIT,2006,2,REG,L
J.P. Losman,BUF,2006,3,REG,L
Jon Kitna,DET,2006,3,REG,L
David Carr,HOU,2006,3,REG,L
Byron Leftwich,JAX,2006,3,REG,L
Kerry Collins,TEN,2006,3,REG,L
Brad Johnson,MIN,2006,3,REG,L
Ben Roethlisberger,PIT,2006,3,REG,L
Chris Simms,TB,2006,3,REG,L
Charlie Frye,CLE,2006,3,REG,L
Kurt Warner,ARI,2006,3,REG,L
Eli Manning,NYG,2006,3,REG,L
Alex Smith,SF,2006,3,REG,L
Tom Brady,NE,2006,3,REG,L
Michael Vick,ATL,2006,3,REG,L
Kurt Warner,ARI,2006,4,REG,L
Philip Rivers,SD,2006,4,REG,L
Brad Johnson,MIN,2006,4,REG,L
Drew Brees,NO,2006,4,REG,L
Daunte Culpepper,MIA,2006,4,REG,L
Alex Smith,SF,2006,4,REG,L
Chad Pennington,NYJ,2006,4,REG,L
Vince Young,TEN,2006,4,REG,L
Jon Kitna,DET,2006,4,REG,L
Carson Palmer,CIN,2006,4,REG,L
Andrew Walter,OAK,2006,4,REG,L
Byron Leftwich,JAX,2006,4,REG,L
Matt Hasselbeck,SEA,2006,4,REG,L
Brett Favre,GB,2006,4,REG,L
Charlie Frye,CLE,2006,5,REG,L
J.P. Losman,BUF,2006,5,REG,L
Brett Favre,GB,2006,5,REG,L
Vince Young,TEN,2006,5,REG,L
Jon Kitna,DET,2006,5,REG,L
Joey Harrington,MIA,2006,5,REG,L
Bruce Gradkowski,TB,2006,5,REG,L
Mark Brunell,WAS,2006,5,REG,L
Matt Leinart,ARI,2006,5,REG,L
Chad Pennington,NYJ,2006,5,REG,L
Andrew Walter,OAK,2006,5,REG,L
Drew Bledsoe,DAL,2006,5,REG,L
Ben Roethlisberger,PIT,2006,5,REG,L
Steve McNair,BAL,2006,5,REG,L
Michael Vick,ATL,2006,6,REG,L
Steve McNair,BAL,2006,6,REG,L
David Carr,HOU,2006,6,REG,L
J.P. Losman,BUF,2006,6,REG,L
Donovan McNabb,PHI,2006,6,REG,L
Marc Bulger,STL,2006,6,REG,L
Carson Palmer,CIN,2006,6,REG,L
Mark Brunell,WAS,2006,6,REG,L
Joey Harrington,MIA,2006,6,REG,L
Damon Huard,KC,2006,6,REG,L
Alex Smith,SF,2006,6,REG,L
Andrew Walter,OAK,2006,6,REG,L
Matt Leinart,ARI,2006,6,REG,L
Ben Roethlisberger,PIT,2006,7,REG,L
J.P. Losman,BUF,2006,7,REG,L
Jake Delhomme,CAR,2006,7,REG,L
Byron Leftwich,JAX,2006,7,REG,L
Philip Rivers,SD,2006,7,REG,L
Joey Harrington,MIA,2006,7,REG,L
Jon Kitna,DET,2006,7,REG,L
Donovan McNabb,PHI,2006,7,REG,L
Charlie Frye,CLE,2006,7,REG,L
Mark Brunell,WAS,2006,7,REG,L
Matt Leinart,ARI,2006,7,REG,L
Matt Hasselbeck,SEA,2006,7,REG,L
Drew Bledsoe,DAL,2006,7,REG,L
Alex Smith,SF,2006,8,REG,L
Carson Palmer,CIN,2006,8,REG,L
Matt Leinart,ARI,2006,8,REG,L
Seneca Wallace,SEA,2006,8,REG,L
Drew Brees,NO,2006,8,REG,L
Bruce Gradkowski,TB,2006,8,REG,L
Donovan McNabb,PHI,2006,8,REG,L
David Carr,HOU,2006,8,REG,L
Marc Bulger,STL,2006,8,REG,L
Chad Pennington,NYJ,2006,8,REG,L
Jake Plummer,DEN,2006,8,REG,L
Ben Roethlisberger,PIT,2006,8,REG,L
Jake Delhomme,CAR,2006,8,REG,L
Brad Johnson,MIN,2006,8,REG,L
Carson Palmer,CIN,2006,9,REG,L
Brett Favre,GB,2006,9,REG,L
Rex Grossman,CHI,2006,9,REG,L
Michael Vick,ATL,2006,9,REG,L
Vince Young,TEN,2006,9,REG,L
David Carr,HOU,2006,9,REG,L
Marc Bulger,STL,2006,9,REG,L
Bruce Gradkowski,TB,2006,9,REG,L
Tony Romo,DAL,2006,9,REG,L
Brad Johnson,MIN,2006,9,REG,L
Ben Roethlisberger,PIT,2006,9,REG,L
Charlie Frye,CLE,2006,9,REG,L
Tom Brady,NE,2006,9,REG,L
Andrew Walter,OAK,2006,9,REG,L
Michael Vick,ATL,2006,10,REG,L
Carson Palmer,CIN,2006,10,REG,L
Jon Kitna,DET,2006,10,REG,L
J.P. Losman,BUF,2006,10,REG,L
David Garrard,JAX,2006,10,REG,L
Damon Huard,KC,2006,10,REG,L
Brad Johnson,MIN,2006,10,REG,L
Tom Brady,NE,2006,10,REG,L
Mark Brunell,WAS,2006,10,REG,L
Vince Young,TEN,2006,10,REG,L
Andrew Walter,OAK,2006,10,REG,L
Matt Leinart,ARI,2006,10,REG,L
Drew Brees,NO,2006,10,REG,L
Marc Bulger,STL,2006,10,REG,L
Eli Manning,NYG,2006,10,REG,L
Bruce Gradkowski,TB,2006,10,REG,L
Michael Vick,ATL,2006,11,REG,L
Marc Bulger,STL,2006,11,REG,L
Charlie Frye,CLE,2006,11,REG,L
Brett Favre,GB,2006,11,REG,L
David Carr,HOU,2006,11,REG,L
Aaron Brooks,OAK,2006,11,REG,L
Brad Johnson,MIN,2006,11,REG,L
Drew Brees,NO,2006,11,REG,L
Chad Pennington,NYJ,2006,11,REG,L
Donovan McNabb,PHI,2006,11,REG,L
Jason Campbell,WAS,2006,11,REG,L
Jon Kitna,DET,2006,11,REG,L
Seneca Wallace,SEA,2006,11,REG,L
Peyton Manning,IND,2006,11,REG,L
Jake Plummer,DEN,2006,11,REG,L
Eli Manning,NYG,2006,11,REG,L
Jon Kitna,DET,2006,12,REG,L
Bruce Gradkowski,TB,2006,12,REG,L
Jake Plummer,DEN,2006,12,REG,L
Michael Vick,ATL,2006,12,REG,L
Ben Roethlisberger,PIT,2006,12,REG,L
David Garrard,JAX,2006,12,REG,L
Charlie Frye,CLE,2006,12,REG,L
Matt Leinart,ARI,2006,12,REG,L
David Carr,HOU,2006,12,REG,L
Alex Smith,SF,2006,12,REG,L
Jake Delhomme,CAR,2006,12,REG,L
Aaron Brooks,OAK,2006,12,REG,L
Rex Grossman,CHI,2006,12,REG,L
Eli Manning,NYG,2006,12,REG,L
Jeff Garcia,PHI,2006,12,REG,L
Brett Favre,GB,2006,12,REG,L
Steve McNair,BAL,2006,13,REG,L
J.P. Losman,BUF,2006,13,REG,L
Brad Johnson,MIN,2006,13,REG,L
Trent Green,KC,2006,13,REG,L
Brett Favre,GB,2006,13,REG,L
Jon Kitna,DET,2006,13,REG,L
Alex Smith,SF,2006,13,REG,L
Marc Bulger,STL,2006,13,REG,L
Peyton Manning,IND,2006,13,REG,L
Jason Campbell,WAS,2006,13,REG,L
Joey Harrington,MIA,2006,13,REG,L
Aaron Brooks,OAK,2006,13,REG,L
Eli Manning,NYG,2006,13,REG,L
Bruce Gradkowski,TB,2006,13,REG,L
Jay Cutler,DEN,2006,13,REG,L
Jake Delhomme,CAR,2006,13,REG,L
Derek Anderson,CLE,2006,14,REG,L
Chris Weinke,CAR,2006,14,REG,L
Aaron Brooks,OAK,2006,14,REG,L
Jon Kitna,DET,2006,14,REG,L
David Carr,HOU,2006,14,REG,L
Peyton Manning,IND,2006,14,REG,L
Trent Green,KC,2006,14,REG,L
Tom Brady,NE,2006,14,REG,L
Bruce Gradkowski,TB,2006,14,REG,L
Jason Campbell,WAS,2006,14,REG,L
Matt Hasselbeck,SEA,2006,14,REG,L
Alex Smith,SF,2006,14,REG,L
Chad Pennington,NYJ,2006,14,REG,L
Jay Cutler,DEN,2006,14,REG,L
Tony Romo,DAL,2006,14,REG,L
Marc Bulger,STL,2006,14,REG,L
Matt Hasselbeck,SEA,2006,15,REG,L
Michael Vick,ATL,2006,15,REG,L
Derek Anderson,CLE,2006,15,REG,L
Joey Harrington,MIA,2006,15,REG,L
Chris Weinke,CAR,2006,15,REG,L
Bruce Gradkowski,TB,2006,15,REG,L
Jon Kitna,DET,2006,15,REG,L
Brad Johnson,MIN,2006,15,REG,L
David Carr,HOU,2006,15,REG,L
Drew Brees,NO,2006,15,REG,L
David Garrard,JAX,2006,15,REG,L
Matt Leinart,ARI,2006,15,REG,L
Eli Manning,NYG,2006,15,REG,L
Aaron Brooks,OAK,2006,15,REG,L
Trent Green,KC,2006,15,REG,L
Carson Palmer,CIN,2006,15,REG,L
Tarvaris Jackson,MIN,2006,16,REG,L
Andrew Walter,OAK,2006,16,REG,L
Michael Vick,ATL,2006,16,REG,L
J.P. Losman,BUF,2006,16,REG,L
Derek Anderson,CLE,2006,16,REG,L
Jon Kitna,DET,2006,16,REG,L
Peyton Manning,IND,2006,16,REG,L
David Garrard,JAX,2006,16,REG,L
Eli Manning,NYG,2006,16,REG,L
Ben Roethlisberger,PIT,2006,16,REG,L
Jason Campbell,WAS,2006,16,REG,L
Alex Smith,SF,2006,16,REG,L
Carson Palmer,CIN,2006,16,REG,L
Matt Hasselbeck,SEA,2006,16,REG,L
Tony Romo,DAL,2006,16,REG,L
Joey Harrington,MIA,2006,16,REG,L
Jason Campbell,WAS,2006,17,REG,L
Carson Palmer,CIN,2006,17,REG,L
Tony Romo,DAL,2006,17,REG,L
Charlie Frye,CLE,2006,17,REG,L
Quinn Gray,JAX,2006,17,REG,L
Tarvaris Jackson,MIN,2006,17,REG,L
Jamie Martin,NO,2006,17,REG,L
Aaron Brooks,OAK,2006,17,REG,L
Tim Rattay,TB,2006,17,REG,L
Vince Young,TEN,2006,17,REG,L
J.P. Losman,BUF,2006,17,REG,L
Jay Cutler,DEN,2006,17,REG,L
Cleo Lemon,MIA,2006,17,REG,L
Matt Schaub,ATL,2006,17,REG,L
Kurt Warner,ARI,2006,17,REG,L
Rex Grossman,CHI,2006,17,REG,L
Trent Green,KC,2006,18,WC,L
Tony Romo,DAL,2006,18,WC,L
Chad Pennington,NYJ,2006,18,WC,L
Eli Manning,NYG,2006,18,WC,L
Steve McNair,BAL,2006,19,DIV,L
Jeff Garcia,PHI,2006,19,DIV,L
Matt Hasselbeck,SEA,2006,19,DIV,L
Philip Rivers,SD,2006,19,DIV,L
Drew Brees,NO,2006,20,CON,L
Tom Brady,NE,2006,20,CON,L
Rex Grossman,CHI,2006,21,SB,L
Drew Brees,NO,2007,1,REG,L
J.P. Losman,BUF,2007,1,REG,L
Charlie Frye,CLE,2007,1,REG,L
Donovan McNabb,PHI,2007,1,REG,L
Damon Huard,KC,2007,1,REG,L
David Garrard,JAX,2007,1,REG,L
Joey Harrington,ATL,2007,1,REG,L
Chad Pennington,NYJ,2007,1,REG,L
Marc Bulger,STL,2007,1,REG,L
Trent Green,MIA,2007,1,REG,L
Josh McCown,OAK,2007,1,REG,L
Rex Grossman,CHI,2007,1,REG,L
Jeff Garcia,TB,2007,1,REG,L
Eli Manning,NYG,2007,1,REG,L
Steve McNair,BAL,2007,1,REG,L
Matt Leinart,ARI,2007,1,REG,L
Jake Delhomme,CAR,2007,2,REG,L
Carson Palmer,CIN,2007,2,REG,L
Joey Harrington,ATL,2007,2,REG,L
Eli Manning,NYG,2007,2,REG,L
J.P. Losman,BUF,2007,2,REG,L
Marc Bulger,STL,2007,2,REG,L
Drew Brees,NO,2007,2,REG,L
Vince Young,TEN,2007,2,REG,L
Matt Hasselbeck,SEA,2007,2,REG,L
Tarvaris Jackson,MIN,2007,2,REG,L
Trent Green,MIA,2007,2,REG,L
Kellen Clemens,NYJ,2007,2,REG,L
Damon Huard,KC,2007,2,REG,L
Josh McCown,OAK,2007,2,REG,L
Philip Rivers,SD,2007,2,REG,L
Donovan McNabb,PHI,2007,2,REG,L
Matt Leinart,ARI,2007,3,REG,L
Philip Rivers,SD,2007,3,REG,L
Matt Schaub,HOU,2007,3,REG,L
Kelly Holcomb,MIN,2007,3,REG,L
J.P. Losman,BUF,2007,3,REG,L
Trent Green,MIA,2007,3,REG,L
Jon Kitna,DET,2007,3,REG,L
Alex Smith,SF,2007,3,REG,L
Marc Bulger,STL,2007,3,REG,L
Jay Cutler,DEN,2007,3,REG,L
Derek Anderson,CLE,2007,3,REG,L
Carson Palmer,CIN,2007,3,REG,L
Joey Harrington,ATL,2007,3,REG,L
Jason Campbell,WAS,2007,3,REG,L
Rex Grossman,CHI,2007,3,REG,L
Drew Brees,NO,2007,3,REG,L
Matt Schaub,HOU,2007,4,REG,L
Chad Pennington,NYJ,2007,4,REG,L
Steve McNair,BAL,2007,4,REG,L
Marc Bulger,STL,2007,4,REG,L
Brian Griese,CHI,2007,4,REG,L
Trent Green,MIA,2007,4,REG,L
Kelly Holcomb,MIN,2007,4,REG,L
David Carr,CAR,2007,4,REG,L
Alex Smith,SF,2007,4,REG,L
Ben Roethlisberger,PIT,2007,4,REG,L
Jay Cutler,DEN,2007,4,REG,L
Philip Rivers,SD,2007,4,REG,L
Donovan McNabb,PHI,2007,4,REG,L
Carson Palmer,CIN,2007,4,REG,L
Trent Green,MIA,2007,5,REG,L
Damon Huard,KC,2007,5,REG,L
Derek Anderson,CLE,2007,5,REG,L
Drew Brees,NO,2007,5,REG,L
Chad Pennington,NYJ,2007,5,REG,L
Matt Hasselbeck,SEA,2007,5,REG,L
Gus Frerotte,STL,2007,5,REG,L
Joey Harrington,ATL,2007,5,REG,L
Jon Kitna,DET,2007,5,REG,L
Jeff Garcia,TB,2007,5,REG,L
Jay Cutler,DEN,2007,5,REG,L
Trent Dilfer,SF,2007,5,REG,L
Brett Favre,GB,2007,5,REG,L
Trent Edwards,BUF,2007,5,REG,L
Gus Frerotte,STL,2007,6,REG,L
Brian Griese,CHI,2007,6,REG,L
Cleo Lemon,MIA,2007,6,REG,L
Jason Campbell,WAS,2007,6,REG,L
Matt Schaub,HOU,2007,6,REG,L
Carson Palmer,CIN,2007,6,REG,L
Chad Pennington,NYJ,2007,6,REG,L
Vince Young,TEN,2007,6,REG,L
Kurt Warner,ARI,2007,6,REG,L
Tony Romo,DAL,2007,6,REG,L
Daunte Culpepper,OAK,2007,6,REG,L
Matt Hasselbeck,SEA,2007,6,REG,L
Joey Harrington,ATL,2007,6,REG,L
Kyle Boller,BAL,2007,7,REG,L
Jeff Garcia,TB,2007,7,REG,L
Matt Schaub,HOU,2007,7,REG,L
Cleo Lemon,MIA,2007,7,REG,L
Byron Leftwich,ATL,2007,7,REG,L
Trent Dilfer,SF,2007,7,REG,L
Kurt Warner,ARI,2007,7,REG,L
Chad Pennington,NYJ,2007,7,REG,L
Daunte Culpepper,OAK,2007,7,REG,L
Tarvaris Jackson,MIN,2007,7,REG,L
Donovan McNabb,PHI,2007,7,REG,L
Marc Bulger,STL,2007,7,REG,L
Ben Roethlisberger,PIT,2007,7,REG,L
David Garrard,JAX,2007,7,REG,L
Vinny Testaverde,CAR,2007,8,REG,L
Brian Griese,CHI,2007,8,REG,L
Carson Palmer,CIN,2007,8,REG,L
Cleo Lemon,MIA,2007,8,REG,L
Kelly Holcomb,MIN,2007,8,REG,L
Marc Bulger,STL,2007,8,REG,L
Daunte Culpepper,OAK,2007,8,REG,L
Chad Pennington,NYJ,2007,8,REG,L
Matt Schaub,HOU,2007,8,REG,L
Jeff Garcia,TB,2007,8,REG,L
Jason Campbell,WAS,2007,8,REG,L
Alex Smith,SF,2007,8,REG,L
Jay Cutler,DEN,2007,8,REG,L
Alex Smith,SF,2007,9,REG,L
Carson Palmer,CIN,2007,9,REG,L
Jay Cutler,DEN,2007,9,REG,L
Damon Huard,KC,2007,9,REG,L
Philip Rivers,SD,2007,9,REG,L
Quinn Gray,JAX,2007,9,REG,L
Kellen Clemens,NYJ,2007,9,REG,L
Kurt Warner,ARI,2007,9,REG,L
David Carr,CAR,2007,9,REG,L
Matt Hasselbeck,SEA,2007,9,REG,L
Peyton Manning,IND,2007,9,REG,L
Josh McCown,OAK,2007,9,REG,L
Donovan McNabb,PHI,2007,9,REG,L
Steve McNair,BAL,2007,9,REG,L
Vinny Testaverde,CAR,2007,10,REG,L
Brooks Bollinger,MIN,2007,10,REG,L
Damon Huard,KC,2007,10,REG,L
Cleo Lemon,MIA,2007,10,REG,L
Drew Brees,NO,2007,10,REG,L
Derek Anderson,CLE,2007,10,REG,L
Vince Young,TEN,2007,10,REG,L
Jason Campbell,WAS,2007,10,REG,L
Steve McNair,BAL,2007,10,REG,L
Jon Kitna,DET,2007,10,REG,L
Eli Manning,NYG,2007,10,REG,L
Josh McCown,OAK,2007,10,REG,L
Peyton Manning,IND,2007,10,REG,L
Alex Smith,SF,2007,10,REG,L
Byron Leftwich,ATL,2007,11,REG,L
Kyle Boller,BAL,2007,11,REG,L
Carson Palmer,CIN,2007,11,REG,L
Jon Kitna,DET,2007,11,REG,L
Vinny Testaverde,CAR,2007,11,REG,L
Drew Brees,NO,2007,11,REG,L
Brodie Croyle,KC,2007,11,REG,L
Philip Rivers,SD,2007,11,REG,L
Daunte Culpepper,OAK,2007,11,REG,L
John Beck,MIA,2007,11,REG,L
Ben Roethlisberger,PIT,2007,11,REG,L
Jason Campbell,WAS,2007,11,REG,L
Rex Grossman,CHI,2007,11,REG,L
Trent Dilfer,SF,2007,11,REG,L
J.P. Losman,BUF,2007,11,REG,L
Vince Young,TEN,2007,11,REG,L
Jon Kitna,DET,2007,12,REG,L
Kellen Clemens,NYJ,2007,12,REG,L
Joey Harrington,ATL,2007,12,REG,L
David Carr,CAR,2007,12,REG,L
Vince Young,TEN,2007,12,REG,L
Matt Schaub,HOU,2007,12,REG,L
J.P. Losman,BUF,2007,12,REG,L
Brodie Croyle,KC,2007,12,REG,L
Eli Manning,NYG,2007,12,REG,L
Marc Bulger,STL,2007,12,REG,L
Jason Campbell,WAS,2007,12,REG,L
Kurt Warner,ARI,2007,12,REG,L
Jay Cutler,DEN,2007,12,REG,L
Kyle Boller,BAL,2007,12,REG,L
A.J. Feeley,PHI,2007,12,REG,L
John Beck,MIA,2007,12,REG,L
Brett Favre,GB,2007,13,REG,L
Trent Dilfer,SF,2007,13,REG,L
David Garrard,JAX,2007,13,REG,L
Damon Huard,KC,2007,13,REG,L
John Beck,MIA,2007,13,REG,L
Jon Kitna,DET,2007,13,REG,L
A.J. Feeley,PHI,2007,13,REG,L
Joey Harrington,ATL,2007,13,REG,L
Matt Schaub,HOU,2007,13,REG,L
Jason Campbell,WAS,2007,13,REG,L
Derek Anderson,CLE,2007,13,REG,L
Jay Cutler,DEN,2007,13,REG,L
Rex Grossman,CHI,2007,13,REG,L
Drew Brees,NO,2007,13,REG,L
Carson Palmer,CIN,2007,13,REG,L
Kyle Boller,BAL,2007,13,REG,L
Rex Grossman,CHI,2007,14,REG,L
John Beck,MIA,2007,14,REG,L
Brock Berlin,STL,2007,14,REG,L
Jon Kitna,DET,2007,14,REG,L
Josh McCown,OAK,2007,14,REG,L
Luke McCown,TB,2007,14,REG,L
Vinny Testaverde,CAR,2007,14,REG,L
Donovan McNabb,PHI,2007,14,REG,L
Vince Young,TEN,2007,14,REG,L
Kurt Warner,ARI,2007,14,REG,L
Trent Dilfer,SF,2007,14,REG,L
Brodie Croyle,KC,2007,14,REG,L
Ben Roethlisberger,PIT,2007,14,REG,L
Kellen Clemens,NYJ,2007,14,REG,L
Kyle Boller,BAL,2007,14,REG,L
Chris Redman,ATL,2007,14,REG,L
Jay Cutler,DEN,2007,15,REG,L
Carson Palmer,CIN,2007,15,REG,L
Matt Hasselbeck,SEA,2007,15,REG,L
Trent Edwards,BUF,2007,15,REG,L
Brodie Croyle,KC,2007,15,REG,L
Kyle Boller,BAL,2007,15,REG,L
Chad Pennington,NYJ,2007,15,REG,L
Kurt Warner,ARI,2007,15,REG,L
Ben Roethlisberger,PIT,2007,15,REG,L
Marc Bulger,STL,2007,15,REG,L
Chris Redman,ATL,2007,15,REG,L
Josh McCown,OAK,2007,15,REG,L
Tony Romo,DAL,2007,15,REG,L
Jon Kitna,DET,2007,15,REG,L
Eli Manning,NYG,2007,15,REG,L
Kyle Orton,CHI,2007,15,REG,L
Marc Bulger,STL,2007,16,REG,L
Matt Moore,CAR,2007,16,REG,L
Trent Edwards,BUF,2007,16,REG,L
Brett Favre,GB,2007,16,REG,L
Derek Anderson,CLE,2007,16,REG,L
Brodie Croyle,KC,2007,16,REG,L
Sage Rosenfels,HOU,2007,16,REG,L
Josh McCown,OAK,2007,16,REG,L
Drew Brees,NO,2007,16,REG,L
Chris Redman,ATL,2007,16,REG,L
Jeff Garcia,TB,2007,16,REG,L
Cleo Lemon,MIA,2007,16,REG,L
Troy Smith,BAL,2007,16,REG,L
Chad Pennington,NYJ,2007,16,REG,L
Tarvaris Jackson,MIN,2007,16,REG,L
Jay Cutler,DEN,2007,16,REG,L
Eli Manning,NYG,2007,17,REG,L
Matt Hasselbeck,SEA,2007,17,REG,L
Drew Brees,NO,2007,17,REG,L
Chris Weinke,SF,2007,17,REG,L
Jon Kitna,DET,2007,17,REG,L
Quinn Gray,JAX,2007,17,REG,L
Cleo Lemon,MIA,2007,17,REG,L
Trent Edwards,BUF,2007,17,REG,L
Luke McCown,TB,2007,17,REG,L
Marc Bulger,STL,2007,17,REG,L
Charlie Batch,PIT,2007,17,REG,L
Tarvaris Jackson,MIN,2007,17,REG,L
Brodie Croyle,KC,2007,17,REG,L
JaMarcus Russell,OAK,2007,17,REG,L
Tony Romo,DAL,2007,17,REG,L
Jim Sorgi,IND,2007,17,REG,L
Todd Collins,WAS,2007,18,WC,L
Ben Roethlisberger,PIT,2007,18,WC,L
Jeff Garcia,TB,2007,18,WC,L
Vince Young,TEN,2007,18,WC,L
Matt Hasselbeck,SEA,2007,19,DIV,L
David Garrard,JAX,2007,19,DIV,L
Peyton Manning,IND,2007,19,DIV,L
Tony Romo,DAL,2007,19,DIV,L
Philip Rivers,SD,2007,20,CON,L
Brett Favre,GB,2007,20,CON,L
Tom Brady,NE,2007,21,SB,L
Jason Campbell,WAS,2008,1,REG,L
Jon Kitna,DET,2008,1,REG,L
Carson Palmer,CIN,2008,1,REG,L
Matt Hasselbeck,SEA,2008,1,REG,L
Chad Pennington,MIA,2008,1,REG,L
Brodie Croyle,KC,2008,1,REG,L
Jeff Garcia,TB,2008,1,REG,L
Marc Bulger,STL,2008,1,REG,L
Matt Schaub,HOU,2008,1,REG,L
David Garrard,JAX,2008,1,REG,L
Derek Anderson,CLE,2008,1,REG,L
Philip Rivers,SD,2008,1,REG,L
J.T. O'Sullivan,SF,2008,1,REG,L
Peyton Manning,IND,2008,1,REG,L
Tarvaris Jackson,MIN,2008,1,REG,L
JaMarcus Russell,OAK,2008,1,REG,L
Kyle Orton,CHI,2008,2,REG,L
Carson Palmer,CIN,2008,2,REG,L
Jon Kitna,DET,2008,2,REG,L
David Garrard,JAX,2008,2,REG,L
Damon Huard,KC,2008,2,REG,L
Tarvaris Jackson,MIN,2008,2,REG,L
Marc Bulger,STL,2008,2,REG,L
Drew Brees,NO,2008,2,REG,L
Matt Hasselbeck,SEA,2008,2,REG,L
Matt Ryan,ATL,2008,2,REG,L
Chad Pennington,MIA,2008,2,REG,L
Philip Rivers,SD,2008,2,REG,L
Brett Favre,NYJ,2008,2,REG,L
Derek Anderson,CLE,2008,2,REG,L
Donovan McNabb,PHI,2008,2,REG,L
Tyler Thigpen,KC,2008,3,REG,L
JaMarcus Russell,OAK,2008,3,REG,L
Kyle Orton,CHI,2008,3,REG,L
Jake Delhomme,CAR,2008,3,REG,L
Matt Cassel,NE,2008,3,REG,L
Carson Palmer,CIN,2008,3,REG,L
Matt Schaub,HOU,2008,3,REG,L
Kurt Warner,ARI,2008,3,REG,L
Drew Brees,NO,2008,3,REG,L
Marc Bulger,STL,2008,3,REG,L
Jon Kitna,DET,2008,3,REG,L
Derek Anderson,CLE,2008,3,REG,L
Peyton Manning,IND,2008,3,REG,L
Ben Roethlisberger,PIT,2008,3,REG,L
Aaron Rodgers,GB,2008,3,REG,L
Brett Favre,NYJ,2008,3,REG,L
Matt Ryan,ATL,2008,4,REG,L
Ryan Fitzpatrick,CIN,2008,4,REG,L
Matt Schaub,HOU,2008,4,REG,L
Jay Cutler,DEN,2008,4,REG,L
J.T. O'Sullivan,SF,2008,4,REG,L
Kurt Warner,ARI,2008,4,REG,L
Aaron Rodgers,GB,2008,4,REG,L
Gus Frerotte,MIN,2008,4,REG,L
JaMarcus Russell,OAK,2008,4,REG,L
Trent Green,STL,2008,4,REG,L
Tony Romo,DAL,2008,4,REG,L
Donovan McNabb,PHI,2008,4,REG,L
Joe Flacco,BAL,2008,4,REG,L
Joe Flacco,BAL,2008,5,REG,L
Damon Huard,KC,2008,5,REG,L
Jon Kitna,DET,2008,5,REG,L
Aaron Rodgers,GB,2008,5,REG,L
Sage Rosenfels,HOU,2008,5,REG,L
Philip Rivers,SD,2008,5,REG,L
Matt Hasselbeck,SEA,2008,5,REG,L
Donovan McNabb,PHI,2008,5,REG,L
Brian Griese,TB,2008,5,REG,L
Trent Edwards,BUF,2008,5,REG,L
Carson Palmer,CIN,2008,5,REG,L
J.T. O'Sullivan,SF,2008,5,REG,L
David Garrard,JAX,2008,5,REG,L
Drew Brees,NO,2008,5,REG,L
Kyle Orton,CHI,2008,6,REG,L
Chad Pennington,MIA,2008,6,REG,L
Joe Flacco,BAL,2008,6,REG,L
Dan Orlovsky,DET,2008,6,REG,L
JaMarcus Russell,OAK,2008,6,REG,L
Ryan Fitzpatrick,CIN,2008,6,REG,L
Jake Delhomme,CAR,2008,6,REG,L
Jason Campbell,WAS,2008,6,REG,L
Jay Cutler,DEN,2008,6,REG,L
Tony Romo,DAL,2008,6,REG,L
Charlie Frye,SEA,2008,6,REG,L
J.T. O'Sullivan,SF,2008,6,REG,L
Matt Cassel,NE,2008,6,REG,L
Eli Manning,NYG,2008,6,REG,L
Philip Rivers,SD,2008,7,REG,L
Drew Brees,NO,2008,7,REG,L
Gus Frerotte,MIN,2008,7,REG,L
Ryan Fitzpatrick,CIN,2008,7,REG,L
Brodie Croyle,KC,2008,7,REG,L
Chad Pennington,MIA,2008,7,REG,L
J.T. O'Sullivan,SF,2008,7,REG,L
Brad Johnson,DAL,2008,7,REG,L
Dan Orlovsky,DET,2008,7,REG,L
Peyton Manning,IND,2008,7,REG,L
Brett Favre,NYJ,2008,7,REG,L
Derek Anderson,CLE,2008,7,REG,L
Seneca Wallace,SEA,2008,7,REG,L
Jay Cutler,DEN,2008,7,REG,L
JaMarcus Russell,OAK,2008,8,REG,L
Kurt Warner,ARI,2008,8,REG,L
Jeff Garcia,TB,2008,8,REG,L
Dan Orlovsky,DET,2008,8,REG,L
Trent Edwards,BUF,2008,8,REG,L
Marc Bulger,STL,2008,8,REG,L
Philip Rivers,SD,2008,8,REG,L
Tyler Thigpen,KC,2008,8,REG,L
Matt Ryan,ATL,2008,8,REG,L
Ryan Fitzpatrick,CIN,2008,8,REG,L
David Garrard,JAX,2008,8,REG,L
Ben Roethlisberger,PIT,2008,8,REG,L
J.T. O'Sullivan,SF,2008,8,REG,L
Peyton Manning,IND,2008,8,REG,L
Trent Edwards,BUF,2008,9,REG,L
Dan Orlovsky,DET,2008,9,REG,L
David Garrard,JAX,2008,9,REG,L
Derek Anderson,CLE,2008,9,REG,L
Tyler Thigpen,KC,2008,9,REG,L
Matt Schaub,HOU,2008,9,REG,L
Marc Bulger,STL,2008,9,REG,L
Aaron Rodgers,GB,2008,9,REG,L
Jay Cutler,DEN,2008,9,REG,L
Brad Johnson,DAL,2008,9,REG,L
JaMarcus Russell,OAK,2008,9,REG,L
Seneca Wallace,SEA,2008,9,REG,L
Matt Cassel,NE,2008,9,REG,L
Jason Campbell,WAS,2008,9,REG,L
Brady Quinn,CLE,2008,10,REG,L
Drew Brees,NO,2008,10,REG,L
Rex Grossman,CHI,2008,10,REG,L
Daunte Culpepper,DET,2008,10,REG,L
Sage Rosenfels,HOU,2008,10,REG,L
Seneca Wallace,SEA,2008,10,REG,L
Aaron Rodgers,GB,2008,10,REG,L
Trent Edwards,BUF,2008,10,REG,L
Marc Bulger,STL,2008,10,REG,L
Andrew Walter,OAK,2008,10,REG,L
Ben Roethlisberger,PIT,2008,10,REG,L
Tyler Thigpen,KC,2008,10,REG,L
Donovan McNabb,PHI,2008,10,REG,L
Shaun Hill,SF,2008,10,REG,L
Matt Cassel,NE,2008,11,REG,L
Matt Ryan,ATL,2008,11,REG,L
Daunte Culpepper,DET,2008,11,REG,L
Ryan Fitzpatrick,CIN,2008,11,REG,L
Kyle Orton,CHI,2008,11,REG,L
Sage Rosenfels,HOU,2008,11,REG,L
Tyler Thigpen,KC,2008,11,REG,L
JaMarcus Russell,OAK,2008,11,REG,L
Joe Flacco,BAL,2008,11,REG,L
Gus Frerotte,MIN,2008,11,REG,L
Matt Hasselbeck,SEA,2008,11,REG,L
Marc Bulger,STL,2008,11,REG,L
David Garrard,JAX,2008,11,REG,L
Philip Rivers,SD,2008,11,REG,L
Jason Campbell,WAS,2008,11,REG,L
Trent Edwards,BUF,2008,11,REG,L
Ryan Fitzpatrick,CIN,2008,12,REG,L
Donovan McNabb,PHI,2008,12,REG,L
Brady Quinn,CLE,2008,12,REG,L
Shaun Hill,SF,2008,12,REG,L
Daunte Culpepper,DET,2008,12,REG,L
David Garrard,JAX,2008,12,REG,L
Tyler Thigpen,KC,2008,12,REG,L
Chad Pennington,MIA,2008,12,REG,L
Marc Bulger,STL,2008,12,REG,L
Kerry Collins,TEN,2008,12,REG,L
Jay Cutler,DEN,2008,12,REG,L
Kurt Warner,ARI,2008,12,REG,L
Jake Delhomme,CAR,2008,12,REG,L
Matt Hasselbeck,SEA,2008,12,REG,L
Philip Rivers,SD,2008,12,REG,L
Aaron Rodgers,GB,2008,12,REG,L
Daunte Culpepper,DET,2008,13,REG,L
Matt Hasselbeck,SEA,2008,13,REG,L
Kurt Warner,ARI,2008,13,REG,L
Trent Edwards,BUF,2008,13,REG,L
Ryan Fitzpatrick,CIN,2008,13,REG,L
Derek Anderson,CLE,2008,13,REG,L
Aaron Rodgers,GB,2008,13,REG,L
Marc Bulger,STL,2008,13,REG,L
Drew Brees,NO,2008,13,REG,L
Jason Campbell,WAS,2008,13,REG,L
Philip Rivers,SD,2008,13,REG,L
Matt Cassel,NE,2008,13,REG,L
Brett Favre,NYJ,2008,13,REG,L
JaMarcus Russell,OAK,2008,13,REG,L
Kyle Orton,CHI,2008,13,REG,L
David Garrard,JAX,2008,13,REG,L
JaMarcus Russell,OAK,2008,14,REG,L
David Garrard,JAX,2008,14,REG,L
Daunte Culpepper,DET,2008,14,REG,L
Aaron Rodgers,GB,2008,14,REG,L
Ryan Fitzpatrick,CIN,2008,14,REG,L
Matt Ryan,ATL,2008,14,REG,L
Eli Manning,NYG,2008,14,REG,L
Ken Dorsey,CLE,2008,14,REG,L
J.P. Losman,BUF,2008,14,REG,L
Tyler Thigpen,KC,2008,14,REG,L
Seneca Wallace,SEA,2008,14,REG,L
Brett Favre,NYJ,2008,14,REG,L
Marc Bulger,STL,2008,14,REG,L
Tony Romo,DAL,2008,14,REG,L
Jason Campbell,WAS,2008,14,REG,L
Jeff Garcia,TB,2008,14,REG,L
Drew Brees,NO,2008,15,REG,L
Brian Griese,TB,2008,15,REG,L
Jason Campbell,WAS,2008,15,REG,L
Kerry Collins,TEN,2008,15,REG,L
Dan Orlovsky,DET,2008,15,REG,L
Aaron Rodgers,GB,2008,15,REG,L
Tyler Thigpen,KC,2008,15,REG,L
Shaun Hill,SF,2008,15,REG,L
J.P. Losman,BUF,2008,15,REG,L
Marc Bulger,STL,2008,15,REG,L
Kurt Warner,ARI,2008,15,REG,L
Joe Flacco,BAL,2008,15,REG,L
Jay Cutler,DEN,2008,15,REG,L
JaMarcus Russell,OAK,2008,15,REG,L
Eli Manning,NYG,2008,15,REG,L
Ken Dorsey,CLE,2008,15,REG,L
David Garrard,JAX,2008,16,REG,L
Tony Romo,DAL,2008,16,REG,L
Ken Dorsey,CLE,2008,16,REG,L
Dan Orlovsky,DET,2008,16,REG,L
Tyler Thigpen,KC,2008,16,REG,L
Kurt Warner,ARI,2008,16,REG,L
Marc Bulger,STL,2008,16,REG,L
Jeff Garcia,TB,2008,16,REG,L
Ben Roethlisberger,PIT,2008,16,REG,L
Jay Cutler,DEN,2008,16,REG,L
Matt Schaub,HOU,2008,16,REG,L
Brett Favre,NYJ,2008,16,REG,L
Tarvaris Jackson,MIN,2008,16,REG,L
Donovan McNabb,PHI,2008,16,REG,L
Jake Delhomme,CAR,2008,16,REG,L
Aaron Rodgers,GB,2008,16,REG,L
Marc Bulger,STL,2008,17,REG,L
Trent Edwards,BUF,2008,17,REG,L
Tyler Thigpen,KC,2008,17,REG,L
Dan Orlovsky,DET,2008,17,REG,L
Kyle Orton,CHI,2008,17,REG,L
Vince Young,TEN,2008,17,REG,L
Eli Manning,NYG,2008,17,REG,L
Drew Brees,NO,2008,17,REG,L
Bruce Gradkowski,CLE,2008,17,REG,L
Jeff Garcia,TB,2008,17,REG,L
Seneca Wallace,SEA,2008,17,REG,L
David Garrard,JAX,2008,17,REG,L
Brett Favre,NYJ,2008,17,REG,L
Tony Romo,DAL,2008,17,REG,L
Jason Campbell,WAS,2008,17,REG,L
Jay Cutler,DEN,2008,17,REG,L
Matt Ryan,ATL,2008,18,WC,L
Peyton Manning,IND,2008,18,WC,L
Chad Pennington,MIA,2008,18,WC,L
Tarvaris Jackson,MIN,2008,18,WC,L
Kerry Collins,TEN,2008,19,DIV,L
Jake Delhomme,CAR,2008,19,DIV,L
Eli Manning,NYG,2008,19,DIV,L
Philip Rivers,SD,2008,19,DIV,L
Donovan McNabb,PHI,2008,20,CON,L
Joe Flacco,BAL,2008,20,CON,L
Kurt Warner,ARI,2008,21,SB,L
Kerry Collins,TEN,2009,1,REG,L
Chad Pennington,MIA,2009,1,REG,L
Brodie Croyle,KC,2009,1,REG,L
Jake Delhomme,CAR,2009,1,REG,L
Carson Palmer,CIN,2009,1,REG,L
Brady Quinn,CLE,2009,1,REG,L
Matt Schaub,HOU,2009,1,REG,L
David Garrard,JAX,2009,1,REG,L
Matthew Stafford,DET,2009,1,REG,L
Byron Leftwich,TB,2009,1,REG,L
Kurt Warner,ARI,2009,1,REG,L
Jason Campbell,WAS,2009,1,REG,L
Marc Bulger,STL,2009,1,REG,L
Jay Cutler,CHI,2009,1,REG,L
Trent Edwards,BUF,2009,1,REG,L
JaMarcus Russell,OAK,2009,1,REG,L
Jake Delhomme,CAR,2009,2,REG,L
Matthew Stafford,DET,2009,2,REG,L
Aaron Rodgers,GB,2009,2,REG,L
David Garrard,JAX,2009,2,REG,L
Matt Cassel,KC,2009,2,REG,L
Tom Brady,NE,2009,2,REG,L
Kevin Kolb,PHI,2009,2,REG,L
Kerry Collins,TEN,2009,2,REG,L
Marc Bulger,STL,2009,2,REG,L
Byron Leftwich,TB,2009,2,REG,L
Matt Hasselbeck,SEA,2009,2,REG,L
Ben Roethlisberger,PIT,2009,2,REG,L
Brady Quinn,CLE,2009,2,REG,L
Philip Rivers,SD,2009,2,REG,L
Tony Romo,DAL,2009,2,REG,L
Chad Pennington,MIA,2009,2,REG,L
Brady Quinn,CLE,2009,3,REG,L
Jason Campbell,WAS,2009,3,REG,L
Matt Schaub,HOU,2009,3,REG,L
Shaun Hill,SF,2009,3,REG,L
Matt Ryan,ATL,2009,3,REG,L
Kerry Collins,TEN,2009,3,REG,L
Matt Cassel,KC,2009,3,REG,L
Marc Bulger,STL,2009,3,REG,L
Byron Leftwich,TB,2009,3,REG,L
Trent Edwards,BUF,2009,3,REG,L
Seneca Wallace,SEA,2009,3,REG,L
Ben Roethlisberger,PIT,2009,3,REG,L
JaMarcus Russell,OAK,2009,3,REG,L
Chad Pennington,MIA,2009,3,REG,L
Kurt Warner,ARI,2009,3,REG,L
Jake Delhomme,CAR,2009,3,REG,L
Matthew Stafford,DET,2009,4,REG,L
Derek Anderson,CLE,2009,4,REG,L
JaMarcus Russell,OAK,2009,4,REG,L
Seneca Wallace,SEA,2009,4,REG,L
Kerry Collins,TEN,2009,4,REG,L
Matt Cassel,KC,2009,4,REG,L
Joe Flacco,BAL,2009,4,REG,L
Josh Johnson,TB,2009,4,REG,L
Trent Edwards,BUF,2009,4,REG,L
Mark Sanchez,NYJ,2009,4,REG,L
Tony Romo,DAL,2009,4,REG,L
Kyle Boller,STL,2009,4,REG,L
Philip Rivers,SD,2009,4,REG,L
Aaron Rodgers,GB,2009,4,REG,L
Joe Flacco,BAL,2009,5,REG,L
Trent Edwards,BUF,2009,5,REG,L
Jason Campbell,WAS,2009,5,REG,L
Daunte Culpepper,DET,2009,5,REG,L
Matt Cassel,KC,2009,5,REG,L
JaMarcus Russell,OAK,2009,5,REG,L
Josh Johnson,TB,2009,5,REG,L
Kyle Boller,STL,2009,5,REG,L
Shaun Hill,SF,2009,5,REG,L
Matt Schaub,HOU,2009,5,REG,L
Tom Brady,NE,2009,5,REG,L
David Garrard,JAX,2009,5,REG,L
Kerry Collins,TEN,2009,5,REG,L
Mark Sanchez,NYJ,2009,5,REG,L
Carson Palmer,CIN,2009,6,REG,L
Daunte Culpepper,DET,2009,6,REG,L
Marc Bulger,STL,2009,6,REG,L
Joe Flacco,BAL,2009,6,REG,L
Eli Manning,NYG,2009,6,REG,L
Derek Anderson,CLE,2009,6,REG,L
Josh Johnson,TB,2009,6,REG,L
Jason Campbell,WAS,2009,6,REG,L
Donovan McNabb,PHI,2009,6,REG,L
Matt Hasselbeck,SEA,2009,6,REG,L
Kerry Collins,TEN,2009,6,REG,L
Mark Sanchez,NYJ,2009,6,REG,L
Jay Cutler,CHI,2009,6,REG,L
Philip Rivers,SD,2009,6,REG,L
Derek Anderson,CLE,2009,7,REG,L
Shaun Hill,SF,2009,7,REG,L
Matt Cassel,KC,2009,7,REG,L
Brett Favre,MIN,2009,7,REG,L
Marc Bulger,STL,2009,7,REG,L
Josh Johnson,TB,2009,7,REG,L
Jake Delhomme,CAR,2009,7,REG,L
JaMarcus Russell,OAK,2009,7,REG,L
Jay Cutler,CHI,2009,7,REG,L
Matt Ryan,ATL,2009,7,REG,L
Chad Henne,MIA,2009,7,REG,L
Eli Manning,NYG,2009,7,REG,L
Jason Campbell,WAS,2009,7,REG,L
Kyle Orton,DEN,2009,8,REG,L
Ryan Fitzpatrick,BUF,2009,8,REG,L
Derek Anderson,CLE,2009,8,REG,L
Matt Hasselbeck,SEA,2009,8,REG,L
Matthew Stafford,DET,2009,8,REG,L
Alex Smith,SF,2009,8,REG,L
Mark Sanchez,NYJ,2009,8,REG,L
Eli Manning,NYG,2009,8,REG,L
JaMarcus Russell,OAK,2009,8,REG,L
David Garrard,JAX,2009,8,REG,L
Kurt Warner,ARI,2009,8,REG,L
Aaron Rodgers,GB,2009,8,REG,L
Matt Ryan,ATL,2009,8,REG,L
Jason Campbell,WAS,2009,9,REG,L
Jay Cutler,CHI,2009,9,REG,L
Joe Flacco,BAL,2009,9,REG,L
Matt Schaub,HOU,2009,9,REG,L
Matt Cassel,KC,2009,9,REG,L
Chad Henne,MIA,2009,9,REG,L
Aaron Rodgers,GB,2009,9,REG,L
Jake Delhomme,CAR,2009,9,REG,L
Matthew Stafford,DET,2009,9,REG,L
Eli Manning,NYG,2009,9,REG,L
Alex Smith,SF,2009,9,REG,L
Donovan McNabb,PHI,2009,9,REG,L
Kyle Orton,DEN,2009,9,REG,L
Jay Cutler,CHI,2009,10,REG,L
Matt Ryan,ATL,2009,10,REG,L
Josh Freeman,TB,2009,10,REG,L
Matthew Stafford,DET,2009,10,REG,L
Mark Sanchez,NYJ,2009,10,REG,L
Ben Roethlisberger,PIT,2009,10,REG,L
Marc Bulger,STL,2009,10,REG,L
Trent Edwards,BUF,2009,10,REG,L
Kyle Orton,DEN,2009,10,REG,L
JaMarcus Russell,OAK,2009,10,REG,L
Matt Hasselbeck,SEA,2009,10,REG,L
Tony Romo,DAL,2009,10,REG,L
Donovan McNabb,PHI,2009,10,REG,L
Tom Brady,NE,2009,10,REG,L
Brady Quinn,CLE,2009,10,REG,L
Jake Delhomme,CAR,2009,11,REG,L
Joe Flacco,BAL,2009,11,REG,L
Jason Campbell,WAS,2009,11,REG,L
Brady Quinn,CLE,2009,11,REG,L
Alex Smith,SF,2009,11,REG,L
Ryan Fitzpatrick,BUF,2009,11,REG,L
Ben Roethlisberger,PIT,2009,11,REG,L
Matt Hasselbeck,SEA,2009,11,REG,L
Matt Ryan,ATL,2009,11,REG,L
Josh Freeman,TB,2009,11,REG,L
Marc Bulger,STL,2009,11,REG,L
Chris Simms,DEN,2009,11,REG,L
Mark Sanchez,NYJ,2009,11,REG,L
Carson Palmer,CIN,2009,11,REG,L
Jay Cutler,CHI,2009,11,REG,L
Matt Schaub,HOU,2009,11,REG,L
Matthew Stafford,DET,2009,12,REG,L
Bruce Gradkowski,OAK,2009,12,REG,L
Eli Manning,NYG,2009,12,REG,L
Josh Freeman,TB,2009,12,REG,L
Chad Henne,MIA,2009,12,REG,L
Brady Quinn,CLE,2009,12,REG,L
Matt Schaub,HOU,2009,12,REG,L
Jake Delhomme,CAR,2009,12,REG,L
Jason Campbell,WAS,2009,12,REG,L
Kyle Boller,STL,2009,12,REG,L
Matt Cassel,KC,2009,12,REG,L
David Garrard,JAX,2009,12,REG,L
Jay Cutler,CHI,2009,12,REG,L
Matt Leinart,ARI,2009,12,REG,L
Dennis Dixon,PIT,2009,12,REG,L
Tom Brady,NE,2009,12,REG,L
Ryan Fitzpatrick,BUF,2009,13,REG,L
Chris Redman,ATL,2009,13,REG,L
Josh Freeman,TB,2009,13,REG,L
Kyle Boller,STL,2009,13,REG,L
Matthew Stafford,DET,2009,13,REG,L
Vince Young,TEN,2009,13,REG,L
Matt Schaub,HOU,2009,13,REG,L
Matt Cassel,KC,2009,13,REG,L
Tom Brady,NE,2009,13,REG,L
Ben Roethlisberger,PIT,2009,13,REG,L
Jason Campbell,WAS,2009,13,REG,L
Brady Quinn,CLE,2009,13,REG,L
Tony Romo,DAL,2009,13,REG,L
Alex Smith,SF,2009,13,REG,L
Brett Favre,MIN,2009,13,REG,L
Joe Flacco,BAL,2009,13,REG,L
Ben Roethlisberger,PIT,2009,14,REG,L
Chris Redman,ATL,2009,14,REG,L
Daunte Culpepper,DET,2009,14,REG,L
Jay Cutler,CHI,2009,14,REG,L
Matt Hasselbeck,SEA,2009,14,REG,L
Kyle Orton,DEN,2009,14,REG,L
David Garrard,JAX,2009,14,REG,L
Matt Cassel,KC,2009,14,REG,L
Carson Palmer,CIN,2009,14,REG,L
Matt Moore,CAR,2009,14,REG,L
Josh Freeman,TB,2009,14,REG,L
Bruce Gradkowski,OAK,2009,14,REG,L
Keith Null,STL,2009,14,REG,L
Tony Romo,DAL,2009,14,REG,L
Eli Manning,NYG,2009,14,REG,L
Kurt Warner,ARI,2009,14,REG,L
David Garrard,JAX,2009,15,REG,L
Drew Brees,NO,2009,15,REG,L
Ryan Fitzpatrick,BUF,2009,15,REG,L
Daunte Culpepper,DET,2009,15,REG,L
Matt Cassel,KC,2009,15,REG,L
Mark Sanchez,NYJ,2009,15,REG,L
Keith Null,STL,2009,15,REG,L
Chad Henne,MIA,2009,15,REG,L
Kyle Orton,DEN,2009,15,REG,L
Carson Palmer,CIN,2009,15,REG,L
Jay Cutler,CHI,2009,15,REG,L
Alex Smith,SF,2009,15,REG,L
Aaron Rodgers,GB,2009,15,REG,L
Matt Hasselbeck,SEA,2009,15,REG,L
Brett Favre,MIN,2009,15,REG,L
Jason Campbell,WAS,2009,15,REG,L
Vince Young,TEN,2009,16,REG,L
Brian Brohm,BUF,2009,16,REG,L
Matt Cassel,KC,2009,16,REG,L
Charlie Frye,OAK,2009,16,REG,L
Matt Hasselbeck,SEA,2009,16,REG,L
Chad Henne,MIA,2009,16,REG,L
David Garrard,JAX,2009,16,REG,L
Drew Brees,NO,2009,16,REG,L
Eli Manning,NYG,2009,16,REG,L
Joe Flacco,BAL,2009,16,REG,L
Keith Null,STL,2009,16,REG,L
Drew Stanton,DET,2009,16,REG,L
Peyton Manning,IND,2009,16,REG,L
Kyle Orton,DEN,2009,16,REG,L
Jason Campbell,WAS,2009,16,REG,L
Brett Favre,MIN,2009,16,REG,L
Peyton Manning,IND,2009,17,REG,L
Mark Brunell,NO,2009,17,REG,L
David Garrard,JAX,2009,17,REG,L
Daunte Culpepper,DET,2009,17,REG,L
Tom Brady,NE,2009,17,REG,L
Chad Henne,MIA,2009,17,REG,L
Eli Manning,NYG,2009,17,REG,L
Keith Null,STL,2009,17,REG,L
Josh Freeman,TB,2009,17,REG,L
Kurt Warner,ARI,2009,17,REG,L
Donovan McNabb,PHI,2009,17,REG,L
Kyle Orton,DEN,2009,17,REG,L
Charlie Frye,OAK,2009,17,REG,L
Jason Campbell,WAS,2009,17,REG,L
Matt Hasselbeck,SEA,2009,17,REG,L
Carson Palmer,CIN,2009,17,REG,L
Carson Palmer,CIN,2009,18,WC,L
Donovan McNabb,PHI,2009,18,WC,L
Tom Brady,NE,2009,18,WC,L
Aaron Rodgers,GB,2009,18,WC,L
Kurt Warner,ARI,2009,19,DIV,L
Joe Flacco,BAL,2009,19,DIV,L
Tony Romo,DAL,2009,19,DIV,L
Philip Rivers,SD,2009,19,DIV,L
Mark Sanchez,NYJ,2009,20,CON,L
Brett Favre,MIN,2009,20,CON,L
Peyton Manning,IND,2009,21,SB,L
Brett Favre,MIN,2010,1,REG,L
Trent Edwards,BUF,2010,1,REG,L
Matthew Stafford,DET,2010,1,REG,L
Peyton Manning,IND,2010,1,REG,L
Kyle Orton,DEN,2010,1,REG,L
Carson Palmer,CIN,2010,1,REG,L
Matt Moore,CAR,2010,1,REG,L
Matt Ryan,ATL,2010,1,REG,L
Jake Delhomme,CLE,2010,1,REG,L
Jason Campbell,OAK,2010,1,REG,L
Kevin Kolb,PHI,2010,1,REG,L
Alex Smith,SF,2010,1,REG,L
Sam Bradford,STL,2010,1,REG,L
Tony Romo,DAL,2010,1,REG,L
Mark Sanchez,NYJ,2010,1,REG,L
Philip Rivers,SD,2010,1,REG,L
Derek Anderson,ARI,2010,2,REG,L
Matt Moore,CAR,2010,2,REG,L
Joe Flacco,BAL,2010,2,REG,L
Seneca Wallace,CLE,2010,2,REG,L
Tony Romo,DAL,2010,2,REG,L
Shaun Hill,DET,2010,2,REG,L
Trent Edwards,BUF,2010,2,REG,L
Brett Favre,MIN,2010,2,REG,L
Vince Young,TEN,2010,2,REG,L
Matt Hasselbeck,SEA,2010,2,REG,L
Sam Bradford,STL,2010,2,REG,L
Tom Brady,NE,2010,2,REG,L
David Garrard,JAX,2010,2,REG,L
Donovan McNabb,WAS,2010,2,REG,L
Eli Manning,NYG,2010,2,REG,L
Alex Smith,SF,2010,2,REG,L
Seneca Wallace,CLE,2010,3,REG,L
Jimmy Clausen,CAR,2010,3,REG,L
Matt Schaub,HOU,2010,3,REG,L
Alex Smith,SF,2010,3,REG,L
Shaun Hill,DET,2010,3,REG,L
Ryan Fitzpatrick,BUF,2010,3,REG,L
Drew Brees,NO,2010,3,REG,L
Eli Manning,NYG,2010,3,REG,L
Josh Freeman,TB,2010,3,REG,L
David Garrard,JAX,2010,3,REG,L
Donovan McNabb,WAS,2010,3,REG,L
Bruce Gradkowski,OAK,2010,3,REG,L
Kyle Orton,DEN,2010,3,REG,L
Philip Rivers,SD,2010,3,REG,L
Chad Henne,MIA,2010,3,REG,L
Aaron Rodgers,GB,2010,3,REG,L
Alex Smith,SF,2010,4,REG,L
Ryan Fitzpatrick,BUF,2010,4,REG,L
Carson Palmer,CIN,2010,4,REG,L
Shaun Hill,DET,2010,4,REG,L
Jimmy Clausen,CAR,2010,4,REG,L
Charlie Batch,PIT,2010,4,REG,L
Matt Hasselbeck,SEA,2010,4,REG,L
Vince Young,TEN,2010,4,REG,L
Peyton Manning,IND,2010,4,REG,L
Bruce Gradkowski,OAK,2010,4,REG,L
Michael Vick,PHI,2010,4,REG,L
Derek Anderson,ARI,2010,4,REG,L
Jay Cutler,CHI,2010,4,REG,L
Chad Henne,MIA,2010,4,REG,L
Kyle Orton,DEN,2010,5,REG,L
Ryan Fitzpatrick,BUF,2010,5,REG,L
Jimmy Clausen,CAR,2010,5,REG,L
Carson Palmer,CIN,2010,5,REG,L
Seneca Wallace,CLE,2010,5,REG,L
Sam Bradford,STL,2010,5,REG,L
Matt Schaub,HOU,2010,5,REG,L
Matt Cassel,KC,2010,5,REG,L
Aaron Rodgers,GB,2010,5,REG,L
Drew Brees,NO,2010,5,REG,L
Tony Romo,DAL,2010,5,REG,L
Philip Rivers,SD,2010,5,REG,L
Alex Smith,SF,2010,5,REG,L
Brett Favre,MIN,2010,5,REG,L
Jay Cutler,CHI,2010,6,REG,L
Aaron Rodgers,GB,2010,6,REG,L
Matt Cassel,KC,2010,6,REG,L
Joe Flacco,BAL,2010,6,REG,L
Shaun Hill,DET,2010,6,REG,L
Matt Ryan,ATL,2010,6,REG,L
Colt McCoy,CLE,2010,6,REG,L
Philip Rivers,SD,2010,6,REG,L
Josh Freeman,TB,2010,6,REG,L
Kyle Orton,DEN,2010,6,REG,L
Jason Campbell,OAK,2010,6,REG,L
Tony Romo,DAL,2010,6,REG,L
Donovan McNabb,WAS,2010,6,REG,L
David Garrard,JAX,2010,6,REG,L
Carson Palmer,CIN,2010,7,REG,L
Ryan Fitzpatrick,BUF,2010,7,REG,L
Alex Smith,SF,2010,7,REG,L
Jay Cutler,CHI,2010,7,REG,L
Todd Bouman,JAX,2010,7,REG,L
Chad Henne,MIA,2010,7,REG,L
Drew Brees,NO,2010,7,REG,L
Sam Bradford,STL,2010,7,REG,L
Kevin Kolb,PHI,2010,7,REG,L
Max Hall,ARI,2010,7,REG,L
Kyle Orton,DEN,2010,7,REG,L
Philip Rivers,SD,2010,7,REG,L
Brett Favre,MIN,2010,7,REG,L
Tony Romo,DAL,2010,7,REG,L
Carson Palmer,CIN,2010,8,REG,L
Jon Kitna,DAL,2010,8,REG,L
Donovan McNabb,WAS,2010,8,REG,L
Ryan Fitzpatrick,BUF,2010,8,REG,L
Mark Sanchez,NYJ,2010,8,REG,L
Kyle Orton,DEN,2010,8,REG,L
Matt Moore,CAR,2010,8,REG,L
Vince Young,TEN,2010,8,REG,L
Max Hall,ARI,2010,8,REG,L
Brett Favre,MIN,2010,8,REG,L
Matt Hasselbeck,SEA,2010,8,REG,L
Ben Roethlisberger,PIT,2010,8,REG,L
Matt Schaub,HOU,2010,8,REG,L
Josh Freeman,TB,2010,9,REG,L
Chad Henne,MIA,2010,9,REG,L
Ryan Fitzpatrick,BUF,2010,9,REG,L
Matt Moore,CAR,2010,9,REG,L
Tom Brady,NE,2010,9,REG,L
Matthew Stafford,DET,2010,9,REG,L
Matt Schaub,HOU,2010,9,REG,L
Derek Anderson,ARI,2010,9,REG,L
Charlie Whitehurst,SEA,2010,9,REG,L
Matt Cassel,KC,2010,9,REG,L
Peyton Manning,IND,2010,9,REG,L
Jon Kitna,DAL,2010,9,REG,L
Carson Palmer,CIN,2010,9,REG,L
Joe Flacco,BAL,2010,10,REG,L
Shaun Hill,DET,2010,10,REG,L
Brett Favre,MIN,2010,10,REG,L
Colt McCoy,CLE,2010,10,REG,L
Carson Palmer,CIN,2010,10,REG,L
Matt Schaub,HOU,2010,10,REG,L
Kerry Collins,TEN,2010,10,REG,L
Jimmy Clausen,CAR,2010,10,REG,L
Matt Cassel,KC,2010,10,REG,L
Derek Anderson,ARI,2010,10,REG,L
Eli Manning,NYG,2010,10,REG,L
Sam Bradford,STL,2010,10,REG,L
Ben Roethlisberger,PIT,2010,10,REG,L
Donovan McNabb,WAS,2010,10,REG,L
Tyler Thigpen,MIA,2010,11,REG,L
Brian St. Pierre,CAR,2010,11,REG,L
Carson Palmer,CIN,2010,11,REG,L
Shaun Hill,DET,2010,11,REG,L
Colt McCoy,CLE,2010,11,REG,L
Derek Anderson,ARI,2010,11,REG,L
Brett Favre,MIN,2010,11,REG,L
Matt Schaub,HOU,2010,11,REG,L
Jason Campbell,OAK,2010,11,REG,L
Vince Young,TEN,2010,11,REG,L
Matt Hasselbeck,SEA,2010,11,REG,L
Troy Smith,SF,2010,11,REG,L
Sam Bradford,STL,2010,11,REG,L
Peyton Manning,IND,2010,11,REG,L
Eli Manning,NYG,2010,11,REG,L
Kyle Orton,DEN,2010,11,REG,L
Shaun Hill,DET,2010,12,REG,L
Jon Kitna,DAL,2010,12,REG,L
Carson Palmer,CIN,2010,12,REG,L
Aaron Rodgers,GB,2010,12,REG,L
Ryan Fitzpatrick,BUF,2010,12,REG,L
Jimmy Clausen,CAR,2010,12,REG,L
Rusty Smith,TEN,2010,12,REG,L
David Garrard,JAX,2010,12,REG,L
Donovan McNabb,WAS,2010,12,REG,L
Bruce Gradkowski,OAK,2010,12,REG,L
Matt Hasselbeck,SEA,2010,12,REG,L
Josh Freeman,TB,2010,12,REG,L
Michael Vick,PHI,2010,12,REG,L
Kyle Orton,DEN,2010,12,REG,L
Peyton Manning,IND,2010,12,REG,L
Derek Anderson,ARI,2010,12,REG,L
Matt Schaub,HOU,2010,13,REG,L
Carson Palmer,CIN,2010,13,REG,L
Drew Stanton,DET,2010,13,REG,L
Troy Smith,SF,2010,13,REG,L
Kyle Orton,DEN,2010,13,REG,L
Chad Henne,MIA,2010,13,REG,L
Ryan Fitzpatrick,BUF,2010,13,REG,L
Donovan McNabb,WAS,2010,13,REG,L
Kerry Collins,TEN,2010,13,REG,L
Philip Rivers,SD,2010,13,REG,L
Derek Anderson,ARI,2010,13,REG,L
Peyton Manning,IND,2010,13,REG,L
Jimmy Clausen,CAR,2010,13,REG,L
Josh Freeman,TB,2010,13,REG,L
Joe Flacco,BAL,2010,13,REG,L
Mark Sanchez,NYJ,2010,13,REG,L
Kerry Collins,TEN,2010,14,REG,L
Jake Delhomme,CLE,2010,14,REG,L
Jimmy Clausen,CAR,2010,14,REG,L
Aaron Rodgers,GB,2010,14,REG,L
Jason Campbell,OAK,2010,14,REG,L
Carson Palmer,CIN,2010,14,REG,L
Donovan McNabb,WAS,2010,14,REG,L
Sam Bradford,STL,2010,14,REG,L
Matt Hasselbeck,SEA,2010,14,REG,L
Kyle Orton,DEN,2010,14,REG,L
Jay Cutler,CHI,2010,14,REG,L
Mark Sanchez,NYJ,2010,14,REG,L
Brodie Croyle,KC,2010,14,REG,L
Jon Kitna,DAL,2010,14,REG,L
Tarvaris Jackson,MIN,2010,14,REG,L
Matt Schaub,HOU,2010,14,REG,L
Alex Smith,SF,2010,15,REG,L
Drew Brees,NO,2010,15,REG,L
John Skelton,ARI,2010,15,REG,L
Colt McCoy,CLE,2010,15,REG,L
Rex Grossman,WAS,2010,15,REG,L
David Garrard,JAX,2010,15,REG,L
Chad Henne,MIA,2010,15,REG,L
Eli Manning,NYG,2010,15,REG,L
Sam Bradford,STL,2010,15,REG,L
Josh Freeman,TB,2010,15,REG,L
Matt Schaub,HOU,2010,15,REG,L
Matt Hasselbeck,SEA,2010,15,REG,L
Tim Tebow,DEN,2010,15,REG,L
Ben Roethlisberger,PIT,2010,15,REG,L
Matt Flynn,GB,2010,15,REG,L
Brett Favre,MIN,2010,15,REG,L
Jimmy Clausen,CAR,2010,16,REG,L
Jon Kitna,DAL,2010,16,REG,L
Ryan Fitzpatrick,BUF,2010,16,REG,L
Mark Sanchez,NYJ,2010,16,REG,L
Colt McCoy,CLE,2010,16,REG,L
David Garrard,JAX,2010,16,REG,L
Kerry Collins,TEN,2010,16,REG,L
Chad Henne,MIA,2010,16,REG,L
Troy Smith,SF,2010,16,REG,L
Philip Rivers,SD,2010,16,REG,L
Matt Schaub,HOU,2010,16,REG,L
Jason Campbell,OAK,2010,16,REG,L
Eli Manning,NYG,2010,16,REG,L
Matt Hasselbeck,SEA,2010,16,REG,L
Matt Ryan,ATL,2010,16,REG,L
Michael Vick,PHI,2010,16,REG,L
Jimmy Clausen,CAR,2010,17,REG,L
Carson Palmer,CIN,2010,17,REG,L
Colt McCoy,CLE,2010,17,REG,L
Joe Webb,MIN,2010,17,REG,L
Matt Cassel,KC,2010,17,REG,L
Chad Henne,MIA,2010,17,REG,L
Drew Brees,NO,2010,17,REG,L
Brian Brohm,BUF,2010,17,REG,L
Tim Tebow,DEN,2010,17,REG,L
Jay Cutler,CHI,2010,17,REG,L
Trent Edwards,JAX,2010,17,REG,L
Kerry Collins,TEN,2010,17,REG,L
Kevin Kolb,PHI,2010,17,REG,L
John Skelton,ARI,2010,17,REG,L
Rex Grossman,WAS,2010,17,REG,L
Sam Bradford,STL,2010,17,REG,L
Drew Brees,NO,2010,18,WC,L
Peyton Manning,IND,2010,18,WC,L
Matt Cassel,KC,2010,18,WC,L
Michael Vick,PHI,2010,18,WC,L
Joe Flacco,BAL,2010,19,DIV,L
Matt Ryan,ATL,2010,19,DIV,L
Matt Hasselbeck,SEA,2010,19,DIV,L
Tom Brady,NE,2010,19,DIV,L
Jay Cutler,CHI,2010,20,CON,L
Mark Sanchez,NYJ,2010,20,CON,L
Ben Roethlisberger,PIT,2010,21,SB,L
Drew Brees,NO,2011,1,REG,L
Ben Roethlisberger,PIT,2011,1,REG,L
Matt Ryan,ATL,2011,1,REG,L
Colt McCoy,CLE,2011,1,REG,L
Kerry Collins,IND,2011,1,REG,L
Matt Hasselbeck,TEN,2011,1,REG,L
Matt Cassel,KC,2011,1,REG,L
Sam Bradford,STL,2011,1,REG,L
Josh Freeman,TB,2011,1,REG,L
Cam Newton,CAR,2011,1,REG,L
Donovan McNabb,MIN,2011,1,REG,L
Tarvaris Jackson,SEA,2011,1,REG,L
Eli Manning,NYG,2011,1,REG,L
Tony Romo,DAL,2011,1,REG,L
Chad Henne,MIA,2011,1,REG,L
Kyle Orton,DEN,2011,1,REG,L
Jason Campbell,OAK,2011,2,REG,L
Cam Newton,CAR,2011,2,REG,L
Matt Cassel,KC,2011,2,REG,L
Kerry Collins,IND,2011,2,REG,L
Donovan McNabb,MIN,2011,2,REG,L
Jay Cutler,CHI,2011,2,REG,L
Luke McCown,JAX,2011,2,REG,L
Tarvaris Jackson,SEA,2011,2,REG,L
Joe Flacco,BAL,2011,2,REG,L
Kevin Kolb,ARI,2011,2,REG,L
Alex Smith,SF,2011,2,REG,L
Andy Dalton,CIN,2011,2,REG,L
Chad Henne,MIA,2011,2,REG,L
Philip Rivers,SD,2011,2,REG,L
Michael Vick,PHI,2011,2,REG,L
Sam Bradford,STL,2011,2,REG,L
Tom Brady,NE,2011,3,REG,L
Blaine Gabbert,JAX,2011,3,REG,L
Andy Dalton,CIN,2011,3,REG,L
Chad Henne,MIA,2011,3,REG,L
Donovan McNabb,MIN,2011,3,REG,L
Matt Schaub,HOU,2011,3,REG,L
Michael Vick,PHI,2011,3,REG,L
Kyle Orton,DEN,2011,3,REG,L
Mark Sanchez,NYJ,2011,3,REG,L
Matt Cassel,KC,2011,3,REG,L
Sam Bradford,STL,2011,3,REG,L
Jay Cutler,CHI,2011,3,REG,L
Kevin Kolb,ARI,2011,3,REG,L
Matt Ryan,ATL,2011,3,REG,L
Kerry Collins,IND,2011,3,REG,L
Rex Grossman,WAS,2011,3,REG,L
Cam Newton,CAR,2011,4,REG,L
Ryan Fitzpatrick,BUF,2011,4,REG,L
Colt McCoy,CLE,2011,4,REG,L
Tony Romo,DAL,2011,4,REG,L
Ben Roethlisberger,PIT,2011,4,REG,L
Blaine Gabbert,JAX,2011,4,REG,L
Donovan McNabb,MIN,2011,4,REG,L
Michael Vick,PHI,2011,4,REG,L
Sam Bradford,STL,2011,4,REG,L
Kevin Kolb,ARI,2011,4,REG,L
Tarvaris Jackson,SEA,2011,4,REG,L
Kyle Orton,DEN,2011,4,REG,L
Jason Campbell,OAK,2011,4,REG,L
Chad Henne,MIA,2011,4,REG,L
Mark Sanchez,NYJ,2011,4,REG,L
Curtis Painter,IND,2011,4,REG,L
Michael Vick,PHI,2011,5,REG,L
Cam Newton,CAR,2011,5,REG,L
Matt Schaub,HOU,2011,5,REG,L
Curtis Painter,IND,2011,5,REG,L
Blaine Gabbert,JAX,2011,5,REG,L
Kevin Kolb,ARI,2011,5,REG,L
Eli Manning,NYG,2011,5,REG,L
Matt Hasselbeck,TEN,2011,5,REG,L
Josh Freeman,TB,2011,5,REG,L
Kyle Orton,DEN,2011,5,REG,L
Mark Sanchez,NYJ,2011,5,REG,L
Matt Ryan,ATL,2011,5,REG,L
Jay Cutler,CHI,2011,5,REG,L
Cam Newton,CAR,2011,6,REG,L
Curtis Painter,IND,2011,6,REG,L
Matthew Stafford,DET,2011,6,REG,L
Sam Bradford,STL,2011,6,REG,L
Ryan Fitzpatrick,BUF,2011,6,REG,L
Blaine Gabbert,JAX,2011,6,REG,L
Rex Grossman,WAS,2011,6,REG,L
Matt Schaub,HOU,2011,6,REG,L
Colt McCoy,CLE,2011,6,REG,L
Tony Romo,DAL,2011,6,REG,L
Drew Brees,NO,2011,6,REG,L
Donovan McNabb,MIN,2011,6,REG,L
Matt Moore,MIA,2011,6,REG,L
John Beck,WAS,2011,7,REG,L
Charlie Whitehurst,SEA,2011,7,REG,L
Matthew Stafford,DET,2011,7,REG,L
Matt Moore,MIA,2011,7,REG,L
Philip Rivers,SD,2011,7,REG,L
Josh Freeman,TB,2011,7,REG,L
Matt Hasselbeck,TEN,2011,7,REG,L
Kevin Kolb,ARI,2011,7,REG,L
Kyle Boller,OAK,2011,7,REG,L
A.J. Feeley,STL,2011,7,REG,L
Christian Ponder,MIN,2011,7,REG,L
Curtis Painter,IND,2011,7,REG,L
Joe Flacco,BAL,2011,7,REG,L
Kevin Kolb,ARI,2011,8,REG,L
Cam Newton,CAR,2011,8,REG,L
Blaine Gabbert,JAX,2011,8,REG,L
Matt Moore,MIA,2011,8,REG,L
Drew Brees,NO,2011,8,REG,L
Curtis Painter,IND,2011,8,REG,L
John Beck,WAS,2011,8,REG,L
Tim Tebow,DEN,2011,8,REG,L
Tom Brady,NE,2011,8,REG,L
Charlie Whitehurst,SEA,2011,8,REG,L
Colt McCoy,CLE,2011,8,REG,L
Tony Romo,DAL,2011,8,REG,L
Philip Rivers,SD,2011,8,REG,L
Ryan Fitzpatrick,BUF,2011,9,REG,L
Tarvaris Jackson,SEA,2011,9,REG,L
Colt McCoy,CLE,2011,9,REG,L
Curtis Painter,IND,2011,9,REG,L
Matt Cassel,KC,2011,9,REG,L
Josh Freeman,TB,2011,9,REG,L
John Beck,WAS,2011,9,REG,L
Carson Palmer,OAK,2011,9,REG,L
Matt Hasselbeck,TEN,2011,9,REG,L
Sam Bradford,STL,2011,9,REG,L
Tom Brady,NE,2011,9,REG,L
Philip Rivers,SD,2011,9,REG,L
Ben Roethlisberger,PIT,2011,9,REG,L
Michael Vick,PHI,2011,9,REG,L
Philip Rivers,SD,2011,10,REG,L
Matt Ryan,ATL,2011,10,REG,L
Cam Newton,CAR,2011,10,REG,L
Andy Dalton,CIN,2011,10,REG,L
Colt McCoy,CLE,2011,10,REG,L
Ryan Fitzpatrick,BUF,2011,10,REG,L
Curtis Painter,IND,2011,10,REG,L
Matt Cassel,KC,2011,10,REG,L
Rex Grossman,WAS,2011,10,REG,L
Michael Vick,PHI,2011,10,REG,L
Josh Freeman,TB,2011,10,REG,L
Joe Flacco,BAL,2011,10,REG,L
Matthew Stafford,DET,2011,10,REG,L
Eli Manning,NYG,2011,10,REG,L
Mark Sanchez,NYJ,2011,10,REG,L
Christian Ponder,MIN,2011,10,REG,L
Mark Sanchez,NYJ,2011,11,REG,L
Andy Dalton,CIN,2011,11,REG,L
Blaine Gabbert,JAX,2011,11,REG,L
Cam Newton,CAR,2011,11,REG,L
Josh Freeman,TB,2011,11,REG,L
Ryan Fitzpatrick,BUF,2011,11,REG,L
Christian Ponder,MIN,2011,11,REG,L
Rex Grossman,WAS,2011,11,REG,L
John Skelton,ARI,2011,11,REG,L
Sam Bradford,STL,2011,11,REG,L
Matt Hasselbeck,TEN,2011,11,REG,L
Philip Rivers,SD,2011,11,REG,L
Eli Manning,NYG,2011,11,REG,L
Tyler Palko,KC,2011,11,REG,L
Matthew Stafford,DET,2011,12,REG,L
Matt Moore,MIA,2011,12,REG,L
Alex Smith,SF,2011,12,REG,L
Christian Ponder,MIN,2011,12,REG,L
Colt McCoy,CLE,2011,12,REG,L
Curtis Painter,IND,2011,12,REG,L
Blaine Gabbert,JAX,2011,12,REG,L
Ryan Fitzpatrick,BUF,2011,12,REG,L
Sam Bradford,STL,2011,12,REG,L
Josh Freeman,TB,2011,12,REG,L
Caleb Hanie,CHI,2011,12,REG,L
Tarvaris Jackson,SEA,2011,12,REG,L
Vince Young,PHI,2011,12,REG,L
Philip Rivers,SD,2011,12,REG,L
Tyler Palko,KC,2011,12,REG,L
Eli Manning,NYG,2011,12,REG,L
Vince Young,PHI,2011,13,REG,L
Ryan Fitzpatrick,BUF,2011,13,REG,L
Caleb Hanie,CHI,2011,13,REG,L
Matt Ryan,ATL,2011,13,REG,L
Carson Palmer,OAK,2011,13,REG,L
Christian Ponder,MIN,2011,13,REG,L
Dan Orlovsky,IND,2011,13,REG,L
Andy Dalton,CIN,2011,13,REG,L
Josh Johnson,TB,2011,13,REG,L
Rex Grossman,WAS,2011,13,REG,L
Colt McCoy,CLE,2011,13,REG,L
Tony Romo,DAL,2011,13,REG,L
Eli Manning,NYG,2011,13,REG,L
A.J. Feeley,STL,2011,13,REG,L
Matthew Stafford,DET,2011,13,REG,L
Blaine Gabbert,JAX,2011,13,REG,L
Colt McCoy,CLE,2011,14,REG,L
Dan Orlovsky,IND,2011,14,REG,L
Cam Newton,CAR,2011,14,REG,L
Andy Dalton,CIN,2011,14,REG,L
Christian Ponder,MIN,2011,14,REG,L
Josh Freeman,TB,2011,14,REG,L
Matt Moore,MIA,2011,14,REG,L
Tyler Palko,KC,2011,14,REG,L
Matt Hasselbeck,TEN,2011,14,REG,L
Rex Grossman,WAS,2011,14,REG,L
Alex Smith,SF,2011,14,REG,L
Caleb Hanie,CHI,2011,14,REG,L
Carson Palmer,OAK,2011,14,REG,L
Ryan Fitzpatrick,BUF,2011,14,REG,L
Tony Romo,DAL,2011,14,REG,L
Sam Bradford,STL,2011,14,REG,L
Blaine Gabbert,JAX,2011,15,REG,L
Josh Freeman,TB,2011,15,REG,L
Ryan Fitzpatrick,BUF,2011,15,REG,L
Caleb Hanie,CHI,2011,15,REG,L
T.J. Yates,HOU,2011,15,REG,L
Matt Hasselbeck,TEN,2011,15,REG,L
Aaron Rodgers,GB,2011,15,REG,L
Christian Ponder,MIN,2011,15,REG,L
Eli Manning,NYG,2011,15,REG,L
Kellen Clemens,STL,2011,15,REG,L
Carson Palmer,OAK,2011,15,REG,L
Seneca Wallace,CLE,2011,15,REG,L
Tim Tebow,DEN,2011,15,REG,L
Mark Sanchez,NYJ,2011,15,REG,L
Joe Flacco,BAL,2011,15,REG,L
Ben Roethlisberger,PIT,2011,15,REG,L
T.J. Yates,HOU,2011,16,REG,L
Seneca Wallace,CLE,2011,16,REG,L
Tim Tebow,DEN,2011,16,REG,L
Josh Freeman,TB,2011,16,REG,L
John Skelton,ARI,2011,16,REG,L
Kyle Orton,KC,2011,16,REG,L
Matt Moore,MIA,2011,16,REG,L
Mark Sanchez,NYJ,2011,16,REG,L
Kellen Clemens,STL,2011,16,REG,L
Blaine Gabbert,JAX,2011,16,REG,L
Rex Grossman,WAS,2011,16,REG,L
Philip Rivers,SD,2011,16,REG,L
Tony Romo,DAL,2011,16,REG,L
Tarvaris Jackson,SEA,2011,16,REG,L
Josh McCown,CHI,2011,16,REG,L
Matt Ryan,ATL,2011,16,REG,L
Matthew Stafford,DET,2011,17,REG,L
Jake Delhomme,HOU,2011,17,REG,L
Dan Orlovsky,IND,2011,17,REG,L
Mark Sanchez,NYJ,2011,17,REG,L
Joe Webb,MIN,2011,17,REG,L
Ryan Fitzpatrick,BUF,2011,17,REG,L
Cam Newton,CAR,2011,17,REG,L
Rex Grossman,WAS,2011,17,REG,L
Kellen Clemens,STL,2011,17,REG,L
Tarvaris Jackson,SEA,2011,17,REG,L
Josh Freeman,TB,2011,17,REG,L
Andy Dalton,CIN,2011,17,REG,L
Seneca Wallace,CLE,2011,17,REG,L
Tim Tebow,DEN,2011,17,REG,L
Carson Palmer,OAK,2011,17,REG,L
Tony Romo,DAL,2011,17,REG,L
Andy Dalton,CIN,2011,18,WC,L
Matthew Stafford,DET,2011,18,WC,L
Matt Ryan,ATL,2011,18,WC,L
Ben Roethlisberger,PIT,2011,18,WC,L
Drew Brees,NO,2011,19,DIV,L
Tim Tebow,DEN,2011,19,DIV,L
T.J. Yates,HOU,2011,19,DIV,L
Aaron Rodgers,GB,2011,19,DIV,L
Joe Flacco,BAL,2011,20,CON,L
Alex Smith,SF,2011,20,CON,L
Tom Brady,NE,2011,21,SB,L
Eli Manning,NYG,2012,1,REG,L
Andrew Luck,IND,2012,1,REG,L
Brandon Weeden,CLE,2012,1,REG,L
Sam Bradford,STL,2012,1,REG,L
Ryan Tannehill,MIA,2012,1,REG,L
Matt Cassel,KC,2012,1,REG,L
Blaine Gabbert,JAX,2012,1,REG,L
Drew Brees,NO,2012,1,REG,L
Ryan Fitzpatrick,BUF,2012,1,REG,L
Jake Locker,TEN,2012,1,REG,L
Russell Wilson,SEA,2012,1,REG,L
Aaron Rodgers,GB,2012,1,REG,L
Cam Newton,CAR,2012,1,REG,L
Ben Roethlisberger,PIT,2012,1,REG,L
Andy Dalton,CIN,2012,1,REG,L
Carson Palmer,OAK,2012,1,REG,L
Jay Cutler,CHI,2012,2,REG,L
Matt Cassel,KC,2012,2,REG,L
Drew Brees,NO,2012,2,REG,L
Brandon Weeden,CLE,2012,2,REG,L
Christian Ponder,MIN,2012,2,REG,L
Blaine Gabbert,JAX,2012,2,REG,L
Carson Palmer,OAK,2012,2,REG,L
Tom Brady,NE,2012,2,REG,L
Josh Freeman,TB,2012,2,REG,L
Joe Flacco,BAL,2012,2,REG,L
Tony Romo,DAL,2012,2,REG,L
Robert Griffin,WAS,2012,2,REG,L
Mark Sanchez,NYJ,2012,2,REG,L
Jake Locker,TEN,2012,2,REG,L
Matthew Stafford,DET,2012,2,REG,L
Peyton Manning,DEN,2012,2,REG,L
Cam Newton,CAR,2012,3,REG,L
Sam Bradford,STL,2012,3,REG,L
Brandon Weeden,CLE,2012,3,REG,L
Josh Freeman,TB,2012,3,REG,L
Andrew Luck,IND,2012,3,REG,L
Ryan Tannehill,MIA,2012,3,REG,L
Alex Smith,SF,2012,3,REG,L
Drew Brees,NO,2012,3,REG,L
Matthew Stafford,DET,2012,3,REG,L
Robert Griffin,WAS,2012,3,REG,L
Michael Vick,PHI,2012,3,REG,L
Philip Rivers,SD,2012,3,REG,L
Peyton Manning,DEN,2012,3,REG,L
Ben Roethlisberger,PIT,2012,3,REG,L
Tom Brady,NE,2012,3,REG,L
Aaron Rodgers,GB,2012,3,REG,L
Brandon Weeden,CLE,2012,4,REG,L
Cam Newton,CAR,2012,4,REG,L
Ryan Fitzpatrick,BUF,2012,4,REG,L
Matthew Stafford,DET,2012,4,REG,L
Jake Locker,TEN,2012,4,REG,L
Matt Cassel,KC,2012,4,REG,L
Mark Sanchez,NYJ,2012,4,REG,L
Russell Wilson,SEA,2012,4,REG,L
Ryan Tannehill,MIA,2012,4,REG,L
Carson Palmer,OAK,2012,4,REG,L
Blaine Gabbert,JAX,2012,4,REG,L
Drew Brees,NO,2012,4,REG,L
Josh Freeman,TB,2012,4,REG,L
Eli Manning,NYG,2012,4,REG,L
Tony Romo,DAL,2012,4,REG,L
Kevin Kolb,ARI,2012,5,REG,L
Andy Dalton,CIN,2012,5,REG,L
Aaron Rodgers,GB,2012,5,REG,L
Matt Cassel,KC,2012,5,REG,L
Brandon Weeden,CLE,2012,5,REG,L
Michael Vick,PHI,2012,5,REG,L
Robert Griffin,WAS,2012,5,REG,L
Cam Newton,CAR,2012,5,REG,L
Blaine Gabbert,JAX,2012,5,REG,L
Matt Hasselbeck,TEN,2012,5,REG,L
Peyton Manning,DEN,2012,5,REG,L
Ryan Fitzpatrick,BUF,2012,5,REG,L
Philip Rivers,SD,2012,5,REG,L
Mark Sanchez,NYJ,2012,5,REG,L
Ben Roethlisberger,PIT,2012,6,REG,L
Carson Palmer,OAK,2012,6,REG,L
Tony Romo,DAL,2012,6,REG,L
Andy Dalton,CIN,2012,6,REG,L
Sam Bradford,STL,2012,6,REG,L
Andrew Luck,IND,2012,6,REG,L
Michael Vick,PHI,2012,6,REG,L
Brady Quinn,KC,2012,6,REG,L
Kevin Kolb,ARI,2012,6,REG,L
Tom Brady,NE,2012,6,REG,L
Alex Smith,SF,2012,6,REG,L
Christian Ponder,MIN,2012,6,REG,L
Matt Schaub,HOU,2012,6,REG,L
Philip Rivers,SD,2012,6,REG,L
Russell Wilson,SEA,2012,7,REG,L
Ryan Fitzpatrick,BUF,2012,7,REG,L
Cam Newton,CAR,2012,7,REG,L
Joe Flacco,BAL,2012,7,REG,L
Brandon Weeden,CLE,2012,7,REG,L
John Skelton,ARI,2012,7,REG,L
Robert Griffin,WAS,2012,7,REG,L
Sam Bradford,STL,2012,7,REG,L
Josh Freeman,TB,2012,7,REG,L
Mark Sanchez,NYJ,2012,7,REG,L
Blaine Gabbert,JAX,2012,7,REG,L
Andy Dalton,CIN,2012,7,REG,L
Matthew Stafford,DET,2012,7,REG,L
Christian Ponder,MIN,2012,8,REG,L
Cam Newton,CAR,2012,8,REG,L
Philip Rivers,SD,2012,8,REG,L
Russell Wilson,SEA,2012,8,REG,L
Blaine Gabbert,JAX,2012,8,REG,L
Mark Sanchez,NYJ,2012,8,REG,L
Michael Vick,PHI,2012,8,REG,L
Robert Griffin,WAS,2012,8,REG,L
Sam Bradford,STL,2012,8,REG,L
Matt Hasselbeck,TEN,2012,8,REG,L
Brady Quinn,KC,2012,8,REG,L
Tony Romo,DAL,2012,8,REG,L
Drew Brees,NO,2012,8,REG,L
John Skelton,ARI,2012,8,REG,L
Matt Cassel,KC,2012,9,REG,L
Andy Dalton,CIN,2012,9,REG,L
Brandon Weeden,CLE,2012,9,REG,L
John Skelton,ARI,2012,9,REG,L
Ryan Fitzpatrick,BUF,2012,9,REG,L
Ryan Tannehill,MIA,2012,9,REG,L
Blaine Gabbert,JAX,2012,9,REG,L
Matt Hasselbeck,TEN,2012,9,REG,L
Robert Griffin,WAS,2012,9,REG,L
Carson Palmer,OAK,2012,9,REG,L
Christian Ponder,MIN,2012,9,REG,L
Eli Manning,NYG,2012,9,REG,L
Tony Romo,DAL,2012,9,REG,L
Michael Vick,PHI,2012,9,REG,L
Blaine Gabbert,JAX,2012,10,REG,L
Carson Palmer,OAK,2012,10,REG,L
Cam Newton,CAR,2012,10,REG,L
Eli Manning,NYG,2012,10,REG,L
Ryan Tannehill,MIA,2012,10,REG,L
Matthew Stafford,DET,2012,10,REG,L
Ryan Fitzpatrick,BUF,2012,10,REG,L
Matt Ryan,ATL,2012,10,REG,L
Philip Rivers,SD,2012,10,REG,L
Mark Sanchez,NYJ,2012,10,REG,L
Michael Vick,PHI,2012,10,REG,L
Alex Smith,SF,2012,10,REG,L
Jay Cutler,CHI,2012,10,REG,L
Matt Cassel,KC,2012,10,REG,L
Ryan Tannehill,MIA,2012,11,REG,L
John Skelton,ARI,2012,11,REG,L
Cam Newton,CAR,2012,11,REG,L
Brandon Weeden,CLE,2012,11,REG,L
Matthew Stafford,DET,2012,11,REG,L
Blaine Gabbert,JAX,2012,11,REG,L
Matt Cassel,KC,2012,11,REG,L
Sam Bradford,STL,2012,11,REG,L
Nick Foles,PHI,2012,11,REG,L
Carson Palmer,OAK,2012,11,REG,L
Philip Rivers,SD,2012,11,REG,L
Andrew Luck,IND,2012,11,REG,L
Byron Leftwich,PIT,2012,11,REG,L
Jason Campbell,CHI,2012,11,REG,L
Matthew Stafford,DET,2012,12,REG,L
Tony Romo,DAL,2012,12,REG,L
Mark Sanchez,NYJ,2012,12,REG,L
Christian Ponder,MIN,2012,12,REG,L
Carson Palmer,OAK,2012,12,REG,L
Charlie Batch,PIT,2012,12,REG,L
Ryan Fitzpatrick,BUF,2012,12,REG,L
Jake Locker,TEN,2012,12,REG,L
Brady Quinn,KC,2012,12,REG,L
Russell Wilson,SEA,2012,12,REG,L
Josh Freeman,TB,2012,12,REG,L
Philip Rivers,SD,2012,12,REG,L
Ryan Lindley,ARI,2012,12,REG,L
Drew Brees,NO,2012,12,REG,L
Aaron Rodgers,GB,2012,12,REG,L
Nick Foles,PHI,2012,12,REG,L
Drew Brees,NO,2012,13,REG,L
Chad Henne,JAX,2012,13,REG,L
Jay Cutler,CHI,2012,13,REG,L
Matthew Stafford,DET,2012,13,REG,L
Christian Ponder,MIN,2012,13,REG,L
Cam Newton,CAR,2012,13,REG,L
Ryan Tannehill,MIA,2012,13,REG,L
Ryan Lindley,ARI,2012,13,REG,L
Colin Kaepernick,SF,2012,13,REG,L
Jake Locker,TEN,2012,13,REG,L
Josh Freeman,TB,2012,13,REG,L
Joe Flacco,BAL,2012,13,REG,L
Carson Palmer,OAK,2012,13,REG,L
Philip Rivers,SD,2012,13,REG,L
Nick Foles,PHI,2012,13,REG,L
Eli Manning,NYG,2012,13,REG,L
Carson Palmer,OAK,2012,14,REG,L
Ryan Fitzpatrick,BUF,2012,14,REG,L
Matt Ryan,ATL,2012,14,REG,L
Andy Dalton,CIN,2012,14,REG,L
Brady Quinn,KC,2012,14,REG,L
Jake Locker,TEN,2012,14,REG,L
Chad Henne,JAX,2012,14,REG,L
Jay Cutler,CHI,2012,14,REG,L
Ben Roethlisberger,PIT,2012,14,REG,L
Josh Freeman,TB,2012,14,REG,L
Joe Flacco,BAL,2012,14,REG,L
Ryan Tannehill,MIA,2012,14,REG,L
Drew Brees,NO,2012,14,REG,L
John Skelton,ARI,2012,14,REG,L
Matthew Stafford,DET,2012,14,REG,L
Matt Schaub,HOU,2012,14,REG,L
Nick Foles,PHI,2012,15,REG,L
Eli Manning,NYG,2012,15,REG,L
Joe Flacco,BAL,2012,15,REG,L
Jay Cutler,CHI,2012,15,REG,L
Brandon Weeden,CLE,2012,15,REG,L
Andrew Luck,IND,2012,15,REG,L
Chad Henne,JAX,2012,15,REG,L
Josh Freeman,TB,2012,15,REG,L
Sam Bradford,STL,2012,15,REG,L
Matthew Stafford,DET,2012,15,REG,L
Ryan Fitzpatrick,BUF,2012,15,REG,L
Philip Rivers,SD,2012,15,REG,L
Ben Roethlisberger,PIT,2012,15,REG,L
Brady Quinn,KC,2012,15,REG,L
Tom Brady,NE,2012,15,REG,L
Mark Sanchez,NYJ,2012,15,REG,L
Matthew Stafford,DET,2012,16,REG,L
Carson Palmer,OAK,2012,16,REG,L
Tony Romo,DAL,2012,16,REG,L
Jake Locker,TEN,2012,16,REG,L
Matt Schaub,HOU,2012,16,REG,L
Chad Henne,JAX,2012,16,REG,L
Brady Quinn,KC,2012,16,REG,L
Ryan Fitzpatrick,BUF,2012,16,REG,L
Greg McElroy,NYJ,2012,16,REG,L
Nick Foles,PHI,2012,16,REG,L
Ben Roethlisberger,PIT,2012,16,REG,L
Josh Freeman,TB,2012,16,REG,L
Brandon Weeden,CLE,2012,16,REG,L
Ryan Lindley,ARI,2012,16,REG,L
Eli Manning,NYG,2012,16,REG,L
Colin Kaepernick,SF,2012,16,REG,L
Matt Ryan,ATL,2012,17,REG,L
Mark Sanchez,NYJ,2012,17,REG,L
Tyrod Taylor,BAL,2012,17,REG,L
Matthew Stafford,DET,2012,17,REG,L
Matt Schaub,HOU,2012,17,REG,L
Drew Brees,NO,2012,17,REG,L
Michael Vick,PHI,2012,17,REG,L
Thaddeus Lewis,CLE,2012,17,REG,L
Chad Henne,JAX,2012,17,REG,L
Brady Quinn,KC,2012,17,REG,L
Aaron Rodgers,GB,2012,17,REG,L
Ryan Tannehill,MIA,2012,17,REG,L
Terrelle Pryor,OAK,2012,17,REG,L
Sam Bradford,STL,2012,17,REG,L
Brian Hoyer,ARI,2012,17,REG,L
Tony Romo,DAL,2012,17,REG,L
Andy Dalton,CIN,2012,18,WC,L
Joe Webb,MIN,2012,18,WC,L
Andrew Luck,IND,2012,18,WC,L
Robert Griffin,WAS,2012,18,WC,L
Peyton Manning,DEN,2012,19,DIV,L
Aaron Rodgers,GB,2012,19,DIV,L
Russell Wilson,SEA,2012,19,DIV,L
Matt Schaub,HOU,2012,19,DIV,L
Matt Ryan,ATL,2012,20,CON,L
Tom Brady,NE,2012,20,CON,L
Colin Kaepernick,SF,2012,21,SB,L
Joe Flacco,BAL,2013,1,REG,L
EJ Manuel,BUF,2013,1,REG,L
Cam Newton,CAR,2013,1,REG,L
Andy Dalton,CIN,2013,1,REG,L
Brandon Weeden,CLE,2013,1,REG,L
Christian Ponder,MIN,2013,1,REG,L
Terrelle Pryor,OAK,2013,1,REG,L
Blaine Gabbert,JAX,2013,1,REG,L
Matt Ryan,ATL,2013,1,REG,L
Josh Freeman,TB,2013,1,REG,L
Ben Roethlisberger,PIT,2013,1,REG,L
Aaron Rodgers,GB,2013,1,REG,L
Carson Palmer,ARI,2013,1,REG,L
Eli Manning,NYG,2013,1,REG,L
Robert Griffin,WAS,2013,1,REG,L
Philip Rivers,SD,2013,1,REG,L
Geno Smith,NYJ,2013,2,REG,L
Sam Bradford,STL,2013,2,REG,L
Brandon Weeden,CLE,2013,2,REG,L
Cam Newton,CAR,2013,2,REG,L
Christian Ponder,MIN,2013,2,REG,L
Robert Griffin,WAS,2013,2,REG,L
Jake Locker,TEN,2013,2,REG,L
Andrew Luck,IND,2013,2,REG,L
Tony Romo,DAL,2013,2,REG,L
Michael Vick,PHI,2013,2,REG,L
Matthew Stafford,DET,2013,2,REG,L
Josh Freeman,TB,2013,2,REG,L
Eli Manning,NYG,2013,2,REG,L
Chad Henne,JAX,2013,2,REG,L
Colin Kaepernick,SF,2013,2,REG,L
Ben Roethlisberger,PIT,2013,2,REG,L
Michael Vick,PHI,2013,3,REG,L
Matt Schaub,HOU,2013,3,REG,L
Eli Manning,NYG,2013,3,REG,L
Aaron Rodgers,GB,2013,3,REG,L
Sam Bradford,STL,2013,3,REG,L
Christian Ponder,MIN,2013,3,REG,L
Josh Freeman,TB,2013,3,REG,L
Carson Palmer,ARI,2013,3,REG,L
Philip Rivers,SD,2013,3,REG,L
Robert Griffin,WAS,2013,3,REG,L
Matt Ryan,ATL,2013,3,REG,L
EJ Manuel,BUF,2013,3,REG,L
Chad Henne,JAX,2013,3,REG,L
Colin Kaepernick,SF,2013,3,REG,L
Ben Roethlisberger,PIT,2013,3,REG,L
Terrelle Pryor,OAK,2013,3,REG,L
Sam Bradford,STL,2013,4,REG,L
Joe Flacco,BAL,2013,4,REG,L
Andy Dalton,CIN,2013,4,REG,L
Jay Cutler,CHI,2013,4,REG,L
Matt Schaub,HOU,2013,4,REG,L
Blaine Gabbert,JAX,2013,4,REG,L
Eli Manning,NYG,2013,4,REG,L
Ben Roethlisberger,PIT,2013,4,REG,L
Mike Glennon,TB,2013,4,REG,L
Geno Smith,NYJ,2013,4,REG,L
Michael Vick,PHI,2013,4,REG,L
Matt Flynn,OAK,2013,4,REG,L
Tony Romo,DAL,2013,4,REG,L
Matt Ryan,ATL,2013,4,REG,L
Ryan Tannehill,MIA,2013,4,REG,L
EJ Manuel,BUF,2013,5,REG,L
Jay Cutler,CHI,2013,5,REG,L
Tom Brady,NE,2013,5,REG,L
Matthew Stafford,DET,2013,5,REG,L
Russell Wilson,SEA,2013,5,REG,L
Ryan Tannehill,MIA,2013,5,REG,L
Eli Manning,NYG,2013,5,REG,L
Blaine Gabbert,JAX,2013,5,REG,L
Ryan Fitzpatrick,TEN,2013,5,REG,L
Cam Newton,CAR,2013,5,REG,L
Tony Romo,DAL,2013,5,REG,L
Matt Schaub,HOU,2013,5,REG,L
Philip Rivers,SD,2013,5,REG,L
Matt Ryan,ATL,2013,5,REG,L
Eli Manning,NYG,2013,6,REG,L
Joe Flacco,BAL,2013,6,REG,L
Thaddeus Lewis,BUF,2013,6,REG,L
Brandon Weeden,CLE,2013,6,REG,L
Matt Schaub,HOU,2013,6,REG,L
Terrelle Pryor,OAK,2013,6,REG,L
Matt Cassel,MIN,2013,6,REG,L
Geno Smith,NYJ,2013,6,REG,L
Mike Glennon,TB,2013,6,REG,L
Chad Henne,JAX,2013,6,REG,L
Ryan Fitzpatrick,TEN,2013,6,REG,L
Drew Brees,NO,2013,6,REG,L
Carson Palmer,ARI,2013,6,REG,L
Robert Griffin,WAS,2013,6,REG,L
Andrew Luck,IND,2013,6,REG,L
Carson Palmer,ARI,2013,7,REG,L
Mike Glennon,TB,2013,7,REG,L
Sam Bradford,STL,2013,7,REG,L
Matthew Stafford,DET,2013,7,REG,L
Chad Henne,JAX,2013,7,REG,L
Ryan Tannehill,MIA,2013,7,REG,L
Tom Brady,NE,2013,7,REG,L
Nick Foles,PHI,2013,7,REG,L
Jay Cutler,CHI,2013,7,REG,L
Jake Locker,TEN,2013,7,REG,L
Brandon Weeden,CLE,2013,7,REG,L
Case Keenum,HOU,2013,7,REG,L
Joe Flacco,BAL,2013,7,REG,L
Peyton Manning,DEN,2013,7,REG,L
Josh Freeman,MIN,2013,7,REG,L
Mike Glennon,TB,2013,8,REG,L
Tony Romo,DAL,2013,8,REG,L
Chad Henne,JAX,2013,8,REG,L
Jason Campbell,CLE,2013,8,REG,L
Ryan Tannehill,MIA,2013,8,REG,L
Thaddeus Lewis,BUF,2013,8,REG,L
Michael Vick,PHI,2013,8,REG,L
Geno Smith,NYJ,2013,8,REG,L
Ben Roethlisberger,PIT,2013,8,REG,L
Matt Ryan,ATL,2013,8,REG,L
Robert Griffin,WAS,2013,8,REG,L
Christian Ponder,MIN,2013,8,REG,L
Kellen Clemens,STL,2013,8,REG,L
Andy Dalton,CIN,2013,9,REG,L
Jeff Tuel,BUF,2013,9,REG,L
Matt Ryan,ATL,2013,9,REG,L
Christian Ponder,MIN,2013,9,REG,L
Drew Brees,NO,2013,9,REG,L
Kellen Clemens,STL,2013,9,REG,L
Philip Rivers,SD,2013,9,REG,L
Terrelle Pryor,OAK,2013,9,REG,L
Mike Glennon,TB,2013,9,REG,L
Joe Flacco,BAL,2013,9,REG,L
Ben Roethlisberger,PIT,2013,9,REG,L
Case Keenum,HOU,2013,9,REG,L
Aaron Rodgers,GB,2013,9,REG,L
Robert Griffin,WAS,2013,10,REG,L
Matt Ryan,ATL,2013,10,REG,L
Andy Dalton,CIN,2013,10,REG,L
Jay Cutler,CHI,2013,10,REG,L
Seneca Wallace,GB,2013,10,REG,L
Andrew Luck,IND,2013,10,REG,L
Terrelle Pryor,OAK,2013,10,REG,L
EJ Manuel,BUF,2013,10,REG,L
Jake Locker,TEN,2013,10,REG,L
Colin Kaepernick,SF,2013,10,REG,L
Case Keenum,HOU,2013,10,REG,L
Philip Rivers,SD,2013,10,REG,L
Tony Romo,DAL,2013,10,REG,L
Ryan Tannehill,MIA,2013,10,REG,L
Ryan Fitzpatrick,TEN,2013,11,REG,L
Geno Smith,NYJ,2013,11,REG,L
Joe Flacco,BAL,2013,11,REG,L
Jason Campbell,CLE,2013,11,REG,L
Case Keenum,HOU,2013,11,REG,L
Chad Henne,JAX,2013,11,REG,L
Robert Griffin,WAS,2013,11,REG,L
Matthew Stafford,DET,2013,11,REG,L
Matt Ryan,ATL,2013,11,REG,L
Philip Rivers,SD,2013,11,REG,L
Colin Kaepernick,SF,2013,11,REG,L
Scott Tolzien,GB,2013,11,REG,L
Christian Ponder,MIN,2013,11,REG,L
Alex Smith,KC,2013,11,REG,L
Tom Brady,NE,2013,11,REG,L
Matt Ryan,ATL,2013,12,REG,L
Geno Smith,NYJ,2013,12,REG,L
Jason Campbell,CLE,2013,12,REG,L
Matthew Stafford,DET,2013,12,REG,L
Scott Tolzien,GB,2013,12,REG,L
Case Keenum,HOU,2013,12,REG,L
Alex Smith,KC,2013,12,REG,L
Ryan Tannehill,MIA,2013,12,REG,L
Josh McCown,CHI,2013,12,REG,L
Andrew Luck,IND,2013,12,REG,L
Matt McGloin,OAK,2013,12,REG,L
Eli Manning,NYG,2013,12,REG,L
Peyton Manning,DEN,2013,12,REG,L
Robert Griffin,WAS,2013,12,REG,L
Matt Flynn,GB,2013,13,REG,L
Matt McGloin,OAK,2013,13,REG,L
Ben Roethlisberger,PIT,2013,13,REG,L
Mike Glennon,TB,2013,13,REG,L
Brandon Weeden,CLE,2013,13,REG,L
Case Keenum,HOU,2013,13,REG,L
Ryan Fitzpatrick,TEN,2013,13,REG,L
Josh McCown,CHI,2013,13,REG,L
Geno Smith,NYJ,2013,13,REG,L
Carson Palmer,ARI,2013,13,REG,L
EJ Manuel,BUF,2013,13,REG,L
Kellen Clemens,STL,2013,13,REG,L
Alex Smith,KC,2013,13,REG,L
Philip Rivers,SD,2013,13,REG,L
Robert Griffin,WAS,2013,13,REG,L
Drew Brees,NO,2013,13,REG,L
Case Keenum,HOU,2013,14,REG,L
Matt Cassel,MIN,2013,14,REG,L
Andrew Luck,IND,2013,14,REG,L
Matt Ryan,ATL,2013,14,REG,L
Jason Campbell,CLE,2013,14,REG,L
Matt McGloin,OAK,2013,14,REG,L
Matthew Stafford,DET,2013,14,REG,L
Ben Roethlisberger,PIT,2013,14,REG,L
EJ Manuel,BUF,2013,14,REG,L
Robert Griffin,WAS,2013,14,REG,L
Ryan Fitzpatrick,TEN,2013,14,REG,L
Kellen Clemens,STL,2013,14,REG,L
Eli Manning,NYG,2013,14,REG,L
Russell Wilson,SEA,2013,14,REG,L
Cam Newton,CAR,2013,14,REG,L
Tony Romo,DAL,2013,14,REG,L
Peyton Manning,DEN,2013,15,REG,L
Kirk Cousins,WAS,2013,15,REG,L
Jason Campbell,CLE,2013,15,REG,L
Case Keenum,HOU,2013,15,REG,L
Chad Henne,JAX,2013,15,REG,L
Tom Brady,NE,2013,15,REG,L
Nick Foles,PHI,2013,15,REG,L
Eli Manning,NYG,2013,15,REG,L
Mike Glennon,TB,2013,15,REG,L
Geno Smith,NYJ,2013,15,REG,L
Matt McGloin,OAK,2013,15,REG,L
Tony Romo,DAL,2013,15,REG,L
Drew Brees,NO,2013,15,REG,L
Ryan Fitzpatrick,TEN,2013,15,REG,L
Andy Dalton,CIN,2013,15,REG,L
Matthew Stafford,DET,2013,15,REG,L
Ryan Tannehill,MIA,2013,16,REG,L
Drew Brees,NO,2013,16,REG,L
Matt Cassel,MIN,2013,16,REG,L
Matt Schaub,HOU,2013,16,REG,L
Chad Henne,JAX,2013,16,REG,L
Alex Smith,KC,2013,16,REG,L
Jason Campbell,CLE,2013,16,REG,L
Mike Glennon,TB,2013,16,REG,L
Kirk Cousins,WAS,2013,16,REG,L
Matthew Stafford,DET,2013,16,REG,L
Russell Wilson,SEA,2013,16,REG,L
Joe Flacco,BAL,2013,16,REG,L
Matt Flynn,GB,2013,16,REG,L
Matt McGloin,OAK,2013,16,REG,L
Jay Cutler,CHI,2013,16,REG,L
Matt Ryan,ATL,2013,16,REG,L
Matt Ryan,ATL,2013,17,REG,L
Joe Flacco,BAL,2013,17,REG,L
Chad Henne,JAX,2013,17,REG,L
Ryan Tannehill,MIA,2013,17,REG,L
Matthew Stafford,DET,2013,17,REG,L
Kirk Cousins,WAS,2013,17,REG,L
Jason Campbell,CLE,2013,17,REG,L
Matt Schaub,HOU,2013,17,REG,L
Carson Palmer,ARI,2013,17,REG,L
Jay Cutler,CHI,2013,17,REG,L
Thaddeus Lewis,BUF,2013,17,REG,L
Mike Glennon,TB,2013,17,REG,L
Terrelle Pryor,OAK,2013,17,REG,L
Chase Daniel,KC,2013,17,REG,L
Kellen Clemens,STL,2013,17,REG,L
Kyle Orton,DAL,2013,17,REG,L
Alex Smith,KC,2013,18,WC,L
Nick Foles,PHI,2013,18,WC,L
Andy Dalton,CIN,2013,18,WC,L
Aaron Rodgers,GB,2013,18,WC,L
Drew Brees,NO,2013,19,DIV,L
Andrew Luck,IND,2013,19,DIV,L
Cam Newton,CAR,2013,19,DIV,L
Philip Rivers,SD,2013,19,DIV,L
Tom Brady,NE,2013,20,CON,L
Colin Kaepernick,SF,2013,20,CON,L
Peyton Manning,DEN,2013,21,SB,L
Aaron Rodgers,GB,2014,1,REG,L
Drew Brees,NO,2014,1,REG,L
Joe Flacco,BAL,2014,1,REG,L
Jay Cutler,CHI,2014,1,REG,L
Robert Griffin,WAS,2014,1,REG,L
Alex Smith,KC,2014,1,REG,L
Tom Brady,NE,2014,1,REG,L
Derek Carr,OAK,2014,1,REG,L
Chad Henne,JAX,2014,1,REG,L
Brian Hoyer,CLE,2014,1,REG,L
Shaun Hill,STL,2014,1,REG,L
Tony Romo,DAL,2014,1,REG,L
Josh McCown,TB,2014,1,REG,L
Andrew Luck,IND,2014,1,REG,L
Eli Manning,NYG,2014,1,REG,L
Philip Rivers,SD,2014,1,REG,L
Ben Roethlisberger,PIT,2014,2,REG,L
Ryan Tannehill,MIA,2014,2,REG,L
Matthew Stafford,DET,2014,2,REG,L
Matt Ryan,ATL,2014,2,REG,L
Drew Brees,NO,2014,2,REG,L
Matt Cassel,MIN,2014,2,REG,L
Eli Manning,NYG,2014,2,REG,L
Jake Locker,TEN,2014,2,REG,L
Chad Henne,JAX,2014,2,REG,L
Russell Wilson,SEA,2014,2,REG,L
Josh McCown,TB,2014,2,REG,L
Alex Smith,KC,2014,2,REG,L
Geno Smith,NYJ,2014,2,REG,L
Derek Carr,OAK,2014,2,REG,L
Colin Kaepernick,SF,2014,2,REG,L
Andrew Luck,IND,2014,2,REG,L
Josh McCown,TB,2014,3,REG,L
EJ Manuel,BUF,2014,3,REG,L
Jake Locker,TEN,2014,3,REG,L
Brian Hoyer,CLE,2014,3,REG,L
Aaron Rodgers,GB,2014,3,REG,L
Chad Henne,JAX,2014,3,REG,L
Derek Carr,OAK,2014,3,REG,L
Matt Cassel,MIN,2014,3,REG,L
Ryan Fitzpatrick,HOU,2014,3,REG,L
Kirk Cousins,WAS,2014,3,REG,L
Austin Davis,STL,2014,3,REG,L
Colin Kaepernick,SF,2014,3,REG,L
Ryan Tannehill,MIA,2014,3,REG,L
Peyton Manning,DEN,2014,3,REG,L
Cam Newton,CAR,2014,3,REG,L
Geno Smith,NYJ,2014,3,REG,L
Kirk Cousins,WAS,2014,4,REG,L
Cam Newton,CAR,2014,4,REG,L
Jay Cutler,CHI,2014,4,REG,L
EJ Manuel,BUF,2014,4,REG,L
Charlie Whitehurst,TEN,2014,4,REG,L
Geno Smith,NYJ,2014,4,REG,L
Derek Carr,OAK,2014,4,REG,L
Ben Roethlisberger,PIT,2014,4,REG,L
Blake Bortles,JAX,2014,4,REG,L
Matt Ryan,ATL,2014,4,REG,L
Nick Foles,PHI,2014,4,REG,L
Drew Brees,NO,2014,4,REG,L
Tom Brady,NE,2014,4,REG,L
Christian Ponder,MIN,2014,5,REG,L
Jay Cutler,CHI,2014,5,REG,L
Ryan Fitzpatrick,HOU,2014,5,REG,L
Matthew Stafford,DET,2014,5,REG,L
Joe Flacco,BAL,2014,5,REG,L
Blake Bortles,JAX,2014,5,REG,L
Mike Glennon,TB,2014,5,REG,L
Matt Ryan,ATL,2014,5,REG,L
Austin Davis,STL,2014,5,REG,L
Jake Locker,TEN,2014,5,REG,L
Drew Stanton,ARI,2014,5,REG,L
Geno Smith,NYJ,2014,5,REG,L
Alex Smith,KC,2014,5,REG,L
Andy Dalton,CIN,2014,5,REG,L
Kirk Cousins,WAS,2014,5,REG,L
Ryan Fitzpatrick,HOU,2014,6,REG,L
Kyle Orton,BUF,2014,6,REG,L
Andy Dalton,CIN,2014,6,REG,L
Ben Roethlisberger,PIT,2014,6,REG,L
Ryan Tannehill,MIA,2014,6,REG,L
Teddy Bridgewater,MIN,2014,6,REG,L
Geno Smith,NYJ,2014,6,REG,L
Mike Glennon,TB,2014,6,REG,L
Blake Bortles,JAX,2014,6,REG,L
Derek Carr,OAK,2014,6,REG,L
Kirk Cousins,WAS,2014,6,REG,L
Matt Ryan,ATL,2014,6,REG,L
Russell Wilson,SEA,2014,6,REG,L
Eli Manning,NYG,2014,6,REG,L
Austin Davis,STL,2014,6,REG,L
Geno Smith,NYJ,2014,7,REG,L
Matt Ryan,ATL,2014,7,REG,L
Teddy Bridgewater,MIN,2014,7,REG,L
Jay Cutler,CHI,2014,7,REG,L
Drew Brees,NO,2014,7,REG,L
Cam Newton,CAR,2014,7,REG,L
Andy Dalton,CIN,2014,7,REG,L
Brian Hoyer,CLE,2014,7,REG,L
Russell Wilson,SEA,2014,7,REG,L
Charlie Whitehurst,TEN,2014,7,REG,L
Philip Rivers,SD,2014,7,REG,L
Eli Manning,NYG,2014,7,REG,L
Derek Carr,OAK,2014,7,REG,L
Colin Kaepernick,SF,2014,7,REG,L
Ryan Fitzpatrick,HOU,2014,7,REG,L
Philip Rivers,SD,2014,8,REG,L
Matt Ryan,ATL,2014,8,REG,L
Cam Newton,CAR,2014,8,REG,L
Joe Flacco,BAL,2014,8,REG,L
Blake Bortles,JAX,2014,8,REG,L
Austin Davis,STL,2014,8,REG,L
Jay Cutler,CHI,2014,8,REG,L
Geno Smith,NYJ,2014,8,REG,L
Mike Glennon,TB,2014,8,REG,L
Zach Mettenberger,TEN,2014,8,REG,L
Nick Foles,PHI,2014,8,REG,L
Derek Carr,OAK,2014,8,REG,L
Andrew Luck,IND,2014,8,REG,L
Aaron Rodgers,GB,2014,8,REG,L
Tony Romo,DAL,2014,8,REG,L
Cam Newton,CAR,2014,9,REG,L
Blake Bortles,JAX,2014,9,REG,L
Mike Glennon,TB,2014,9,REG,L
Brandon Weeden,DAL,2014,9,REG,L
Ryan Fitzpatrick,HOU,2014,9,REG,L
Michael Vick,NYJ,2014,9,REG,L
Philip Rivers,SD,2014,9,REG,L
Robert Griffin,WAS,2014,9,REG,L
Colin Kaepernick,SF,2014,9,REG,L
Peyton Manning,DEN,2014,9,REG,L
Derek Carr,OAK,2014,9,REG,L
Joe Flacco,BAL,2014,9,REG,L
Eli Manning,NYG,2014,9,REG,L
Andy Dalton,CIN,2014,10,REG,L
Zach Mettenberger,TEN,2014,10,REG,L
Kyle Orton,BUF,2014,10,REG,L
Ryan Tannehill,MIA,2014,10,REG,L
Blake Bortles,JAX,2014,10,REG,L
Drew Brees,NO,2014,10,REG,L
Ben Roethlisberger,PIT,2014,10,REG,L
Josh McCown,TB,2014,10,REG,L
Derek Carr,OAK,2014,10,REG,L
Austin Davis,STL,2014,10,REG,L
Eli Manning,NYG,2014,10,REG,L
Jay Cutler,CHI,2014,10,REG,L
Cam Newton,CAR,2014,10,REG,L
Kyle Orton,BUF,2014,11,REG,L
Cam Newton,CAR,2014,11,REG,L
Teddy Bridgewater,MIN,2014,11,REG,L
Brian Hoyer,CLE,2014,11,REG,L
Russell Wilson,SEA,2014,11,REG,L
Drew Brees,NO,2014,11,REG,L
Eli Manning,NYG,2014,11,REG,L
Peyton Manning,DEN,2014,11,REG,L
Robert Griffin,WAS,2014,11,REG,L
Derek Carr,OAK,2014,11,REG,L
Matthew Stafford,DET,2014,11,REG,L
Mark Sanchez,PHI,2014,11,REG,L
Andrew Luck,IND,2014,11,REG,L
Zach Mettenberger,TEN,2014,11,REG,L
Alex Smith,KC,2014,12,REG,L
Matt Ryan,ATL,2014,12,REG,L
Josh McCown,TB,2014,12,REG,L
Ryan Mallett,HOU,2014,12,REG,L
Blake Bortles,JAX,2014,12,REG,L
Teddy Bridgewater,MIN,2014,12,REG,L
Matthew Stafford,DET,2014,12,REG,L
Zach Mettenberger,TEN,2014,12,REG,L
Shaun Hill,STL,2014,12,REG,L
Drew Stanton,ARI,2014,12,REG,L
Ryan Tannehill,MIA,2014,12,REG,L
Robert Griffin,WAS,2014,12,REG,L
Eli Manning,NYG,2014,12,REG,L
Michael Vick,NYJ,2014,12,REG,L
Drew Brees,NO,2014,12,REG,L
Jay Cutler,CHI,2014,13,REG,L
Tony Romo,DAL,2014,13,REG,L
Colin Kaepernick,SF,2014,13,REG,L
Joe Flacco,BAL,2014,13,REG,L
Brian Hoyer,CLE,2014,13,REG,L
Zach Mettenberger,TEN,2014,13,REG,L
Colt McCoy,WAS,2014,13,REG,L
Eli Manning,NYG,2014,13,REG,L
Cam Newton,CAR,2014,13,REG,L
Ben Roethlisberger,PIT,2014,13,REG,L
Derek Carr,OAK,2014,13,REG,L
Josh McCown,TB,2014,13,REG,L
Drew Stanton,ARI,2014,13,REG,L
Tom Brady,NE,2014,13,REG,L
Alex Smith,KC,2014,13,REG,L
Geno Smith,NYJ,2014,13,REG,L
Jay Cutler,CHI,2014,14,REG,L
Andy Dalton,CIN,2014,14,REG,L
Brian Hoyer,CLE,2014,14,REG,L
Josh McCown,TB,2014,14,REG,L
Blake Bortles,JAX,2014,14,REG,L
Ryan Tannehill,MIA,2014,14,REG,L
Geno Smith,NYJ,2014,14,REG,L
Drew Brees,NO,2014,14,REG,L
Zach Mettenberger,TEN,2014,14,REG,L
Colt McCoy,WAS,2014,14,REG,L
Alex Smith,KC,2014,14,REG,L
Kyle Orton,BUF,2014,14,REG,L
Colin Kaepernick,SF,2014,14,REG,L
Mark Sanchez,PHI,2014,14,REG,L
Philip Rivers,SD,2014,14,REG,L
Matt Ryan,ATL,2014,14,REG,L
Shaun Hill,STL,2014,15,REG,L
Matt Ryan,ATL,2014,15,REG,L
Blake Bortles,JAX,2014,15,REG,L
Aaron Rodgers,GB,2014,15,REG,L
Josh McCown,TB,2014,15,REG,L
Johnny Manziel,CLE,2014,15,REG,L
Ryan Fitzpatrick,HOU,2014,15,REG,L
Derek Carr,OAK,2014,15,REG,L
Ryan Tannehill,MIA,2014,15,REG,L
Colt McCoy,WAS,2014,15,REG,L
Philip Rivers,SD,2014,15,REG,L
Jake Locker,TEN,2014,15,REG,L
Teddy Bridgewater,MIN,2014,15,REG,L
Colin Kaepernick,SF,2014,15,REG,L
Mark Sanchez,PHI,2014,15,REG,L
Jay Cutler,CHI,2014,15,REG,L
Charlie Whitehurst,TEN,2014,16,REG,L
Mark Sanchez,PHI,2014,16,REG,L
Colin Kaepernick,SF,2014,16,REG,L
Johnny Manziel,CLE,2014,16,REG,L
Jimmy Clausen,CHI,2014,16,REG,L
Joe Flacco,BAL,2014,16,REG,L
Teddy Bridgewater,MIN,2014,16,REG,L
Drew Brees,NO,2014,16,REG,L
Geno Smith,NYJ,2014,16,REG,L
Alex Smith,KC,2014,16,REG,L
Josh McCown,TB,2014,16,REG,L
Shaun Hill,STL,2014,16,REG,L
Andrew Luck,IND,2014,16,REG,L
Kyle Orton,BUF,2014,16,REG,L
Ryan Lindley,ARI,2014,16,REG,L
Peyton Manning,DEN,2014,16,REG,L
Connor Shaw,CLE,2014,17,REG,L
Blake Bortles,JAX,2014,17,REG,L
Philip Rivers,SD,2014,17,REG,L
Ryan Tannehill,MIA,2014,17,REG,L
Jay Cutler,CHI,2014,17,REG,L
Jimmy Garoppolo,NE,2014,17,REG,L
Eli Manning,NYG,2014,17,REG,L
Josh McCown,TB,2014,17,REG,L
Charlie Whitehurst,TEN,2014,17,REG,L
Robert Griffin,WAS,2014,17,REG,L
Matt Ryan,ATL,2014,17,REG,L
Derek Carr,OAK,2014,17,REG,L
Matthew Stafford,DET,2014,17,REG,L
Shaun Hill,STL,2014,17,REG,L
Ryan Lindley,ARI,2014,17,REG,L
Andy Dalton,CIN,2014,17,REG,L
Ryan Lindley,ARI,2014,18,WC,L
Ben Roethlisberger,PIT,2014,18,WC,L
Andy Dalton,CIN,2014,18,WC,L
Matthew Stafford,DET,2014,18,WC,L
Joe Flacco,BAL,2014,19,DIV,L
Cam Newton,CAR,2014,19,DIV,L
Tony Romo,DAL,2014,19,DIV,L
Peyton Manning,DEN,2014,19,DIV,L
Aaron Rodgers,GB,2014,20,CON,L
Andrew Luck,IND,2014,20,CON,L
Russell Wilson,SEA,2014,21,SB,L
Ben Roethlisberger,PIT,2015,1,REG,L
Andrew Luck,IND,2015,1,REG,L
Jay Cutler,CHI,2015,1,REG,L
Brian Hoyer,HOU,2015,1,REG,L
Blake Bortles,JAX,2015,1,REG,L
Josh McCown,CLE,2015,1,REG,L
Russell Wilson,SEA,2015,1,REG,L
Kirk Cousins,WAS,2015,1,REG,L
Drew Brees,NO,2015,1,REG,L
Matthew Stafford,DET,2015,1,REG,L
Joe Flacco,BAL,2015,1,REG,L
Derek Carr,OAK,2015,1,REG,L
Jameis Winston,TB,2015,1,REG,L
Eli Manning,NYG,2015,1,REG,L
Sam Bradford,PHI,2015,1,REG,L
Teddy Bridgewater,MIN,2015,1,REG,L
Alex Smith,KC,2015,2,REG,L
Tyrod Taylor,BUF,2015,2,REG,L
Ryan Mallett,HOU,2015,2,REG,L
Jay Cutler,CHI,2015,2,REG,L
Philip Rivers,SD,2015,2,REG,L
Marcus Mariota,TEN,2015,2,REG,L
Matthew Stafford,DET,2015,2,REG,L
Drew Brees,NO,2015,2,REG,L
Eli Manning,NYG,2015,2,REG,L
Colin Kaepernick,SF,2015,2,REG,L
Nick Foles,STL,2015,2,REG,L
Ryan Tannehill,MIA,2015,2,REG,L
Joe Flacco,BAL,2015,2,REG,L
Sam Bradford,PHI,2015,2,REG,L
Russell Wilson,SEA,2015,2,REG,L
Andrew Luck,IND,2015,2,REG,L
Kirk Cousins,WAS,2015,3,REG,L
Joe Flacco,BAL,2015,3,REG,L
Luke McCown,NO,2015,3,REG,L
Josh McCown,CLE,2015,3,REG,L
Brandon Weeden,DAL,2015,3,REG,L
Jameis Winston,TB,2015,3,REG,L
Philip Rivers,SD,2015,3,REG,L
Blake Bortles,JAX,2015,3,REG,L
Ryan Fitzpatrick,NYJ,2015,3,REG,L
Nick Foles,STL,2015,3,REG,L
Marcus Mariota,TEN,2015,3,REG,L
Colin Kaepernick,SF,2015,3,REG,L
Ryan Tannehill,MIA,2015,3,REG,L
Jimmy Clausen,CHI,2015,3,REG,L
Matthew Stafford,DET,2015,3,REG,L
Alex Smith,KC,2015,3,REG,L
Michael Vick,PIT,2015,4,REG,L
Ryan Tannehill,MIA,2015,4,REG,L
Ryan Mallett,HOU,2015,4,REG,L
Tyrod Taylor,BUF,2015,4,REG,L
Derek Carr,OAK,2015,4,REG,L
Alex Smith,KC,2015,4,REG,L
Blake Bortles,JAX,2015,4,REG,L
Jameis Winston,TB,2015,4,REG,L
Sam Bradford,PHI,2015,4,REG,L
Josh McCown,CLE,2015,4,REG,L
Carson Palmer,ARI,2015,4,REG,L
Teddy Bridgewater,MIN,2015,4,REG,L
Colin Kaepernick,SF,2015,4,REG,L
Brandon Weeden,DAL,2015,4,REG,L
Matthew Stafford,DET,2015,4,REG,L
Ryan Mallett,HOU,2015,5,REG,L
Kirk Cousins,WAS,2015,5,REG,L
Joe Flacco,BAL,2015,5,REG,L
Russell Wilson,SEA,2015,5,REG,L
Nick Foles,STL,2015,5,REG,L
Alex Smith,KC,2015,5,REG,L
Drew Brees,NO,2015,5,REG,L
Blake Bortles,JAX,2015,5,REG,L
Marcus Mariota,TEN,2015,5,REG,L
Matthew Stafford,DET,2015,5,REG,L
Brandon Weeden,DAL,2015,5,REG,L
Derek Carr,OAK,2015,5,REG,L
Colin Kaepernick,SF,2015,5,REG,L
Philip Rivers,SD,2015,5,REG,L
Matt Ryan,ATL,2015,6,REG,L
EJ Manuel,BUF,2015,6,REG,L
Josh McCown,CLE,2015,6,REG,L
Jay Cutler,CHI,2015,6,REG,L
Blake Bortles,JAX,2015,6,REG,L
Alex Smith,KC,2015,6,REG,L
Kirk Cousins,WAS,2015,6,REG,L
Carson Palmer,ARI,2015,6,REG,L
Marcus Mariota,TEN,2015,6,REG,L
Russell Wilson,SEA,2015,6,REG,L
Philip Rivers,SD,2015,6,REG,L
Joe Flacco,BAL,2015,6,REG,L
Andrew Luck,IND,2015,6,REG,L
Eli Manning,NYG,2015,6,REG,L
Colin Kaepernick,SF,2015,7,REG,L
EJ Manuel,BUF,2015,7,REG,L
Matthew Stafford,DET,2015,7,REG,L
Andrew Luck,IND,2015,7,REG,L
Landry Jones,PIT,2015,7,REG,L
Brian Hoyer,HOU,2015,7,REG,L
Ryan Fitzpatrick,NYJ,2015,7,REG,L
Josh McCown,CLE,2015,7,REG,L
Zach Mettenberger,TEN,2015,7,REG,L
Jameis Winston,TB,2015,7,REG,L
Philip Rivers,SD,2015,7,REG,L
Matt Cassel,DAL,2015,7,REG,L
Sam Bradford,PHI,2015,7,REG,L
Joe Flacco,BAL,2015,7,REG,L
Ryan Tannehill,MIA,2015,8,REG,L
Matthew Stafford,DET,2015,8,REG,L
Matt Ryan,ATL,2015,8,REG,L
Philip Rivers,SD,2015,8,REG,L
Jay Cutler,CHI,2015,8,REG,L
Josh McCown,CLE,2015,8,REG,L
Zach Mettenberger,TEN,2015,8,REG,L
Eli Manning,NYG,2015,8,REG,L
Ben Roethlisberger,PIT,2015,8,REG,L
Colin Kaepernick,SF,2015,8,REG,L
Ryan Fitzpatrick,NYJ,2015,8,REG,L
Matt Cassel,DAL,2015,8,REG,L
Aaron Rodgers,GB,2015,8,REG,L
Andrew Luck,IND,2015,8,REG,L
Johnny Manziel,CLE,2015,9,REG,L
Ryan Tannehill,MIA,2015,9,REG,L
Aaron Rodgers,GB,2015,9,REG,L
Nick Foles,STL,2015,9,REG,L
Kirk Cousins,WAS,2015,9,REG,L
Drew Brees,NO,2015,9,REG,L
Blake Bortles,JAX,2015,9,REG,L
Derek Carr,OAK,2015,9,REG,L
Matt Ryan,ATL,2015,9,REG,L
Jameis Winston,TB,2015,9,REG,L
Peyton Manning,DEN,2015,9,REG,L
Matt Cassel,DAL,2015,9,REG,L
Philip Rivers,SD,2015,9,REG,L
Ryan Fitzpatrick,NYJ,2015,10,REG,L
Joe Flacco,BAL,2015,10,REG,L
Aaron Rodgers,GB,2015,10,REG,L
Sam Bradford,PHI,2015,10,REG,L
Johnny Manziel,CLE,2015,10,REG,L
Nick Foles,STL,2015,10,REG,L
Matt Cassel,DAL,2015,10,REG,L
Marcus Mariota,TEN,2015,10,REG,L
Drew Brees,NO,2015,10,REG,L
Derek Carr,OAK,2015,10,REG,L
Peyton Manning,DEN,2015,10,REG,L
Eli Manning,NYG,2015,10,REG,L
Russell Wilson,SEA,2015,10,REG,L
Andy Dalton,CIN,2015,10,REG,L
Marcus Mariota,TEN,2015,11,REG,L
Matt Ryan,ATL,2015,11,REG,L
Case Keenum,STL,2015,11,REG,L
Kirk Cousins,WAS,2015,11,REG,L
Jay Cutler,CHI,2015,11,REG,L
Derek Carr,OAK,2015,11,REG,L
Ryan Fitzpatrick,NYJ,2015,11,REG,L
Ryan Tannehill,MIA,2015,11,REG,L
Mark Sanchez,PHI,2015,11,REG,L
Philip Rivers,SD,2015,11,REG,L
Teddy Bridgewater,MIN,2015,11,REG,L
Blaine Gabbert,SF,2015,11,REG,L
Andy Dalton,CIN,2015,11,REG,L
Tyrod Taylor,BUF,2015,11,REG,L
Mark Sanchez,PHI,2015,12,REG,L
Tony Romo,DAL,2015,12,REG,L
Aaron Rodgers,GB,2015,12,REG,L
Matt Ryan,ATL,2015,12,REG,L
Nick Foles,STL,2015,12,REG,L
Drew Brees,NO,2015,12,REG,L
Jameis Winston,TB,2015,12,REG,L
Blake Bortles,JAX,2015,12,REG,L
Tyrod Taylor,BUF,2015,12,REG,L
Ryan Tannehill,MIA,2015,12,REG,L
Marcus Mariota,TEN,2015,12,REG,L
Eli Manning,NYG,2015,12,REG,L
Blaine Gabbert,SF,2015,12,REG,L
Ben Roethlisberger,PIT,2015,12,REG,L
Tom Brady,NE,2015,12,REG,L
Josh McCown,CLE,2015,12,REG,L
Matthew Stafford,DET,2015,13,REG,L
Brian Hoyer,HOU,2015,13,REG,L
Jay Cutler,CHI,2015,13,REG,L
Austin Davis,CLE,2015,13,REG,L
Matt Schaub,BAL,2015,13,REG,L
Teddy Bridgewater,MIN,2015,13,REG,L
Eli Manning,NYG,2015,13,REG,L
Nick Foles,STL,2015,13,REG,L
Matt Ryan,ATL,2015,13,REG,L
Blake Bortles,JAX,2015,13,REG,L
Derek Carr,OAK,2015,13,REG,L
Philip Rivers,SD,2015,13,REG,L
Tom Brady,NE,2015,13,REG,L
Drew Brees,NO,2015,13,REG,L
Matt Hasselbeck,IND,2015,13,REG,L
Kirk Cousins,WAS,2015,13,REG,L
Teddy Bridgewater,MIN,2015,14,REG,L
Jimmy Clausen,BAL,2015,14,REG,L
Matt Ryan,ATL,2015,14,REG,L
Jay Cutler,CHI,2015,14,REG,L
Andy Dalton,CIN,2015,14,REG,L
Blaine Gabbert,SF,2015,14,REG,L
Matt Hasselbeck,IND,2015,14,REG,L
Philip Rivers,SD,2015,14,REG,L
Marcus Mariota,TEN,2015,14,REG,L
Tyrod Taylor,BUF,2015,14,REG,L
Matthew Stafford,DET,2015,14,REG,L
Jameis Winston,TB,2015,14,REG,L
Brock Osweiler,DEN,2015,14,REG,L
Matt Cassel,DAL,2015,14,REG,L
Brian Hoyer,HOU,2015,14,REG,L
Ryan Tannehill,MIA,2015,14,REG,L
Jameis Winston,TB,2015,15,REG,L
Matt Cassel,DAL,2015,15,REG,L
Jimmy Clausen,BAL,2015,15,REG,L
Matt Hasselbeck,IND,2015,15,REG,L
Blake Bortles,JAX,2015,15,REG,L
Jay Cutler,CHI,2015,15,REG,L
Marcus Mariota,TEN,2015,15,REG,L
Eli Manning,NYG,2015,15,REG,L
Tyrod Taylor,BUF,2015,15,REG,L
Derek Carr,OAK,2015,15,REG,L
Johnny Manziel,CLE,2015,15,REG,L
Brock Osweiler,DEN,2015,15,REG,L
Ryan Tannehill,MIA,2015,15,REG,L
Blaine Gabbert,SF,2015,15,REG,L
Sam Bradford,PHI,2015,15,REG,L
Drew Brees,NO,2015,15,REG,L
Philip Rivers,SD,2015,16,REG,L
Sam Bradford,PHI,2015,16,REG,L
Cam Newton,CAR,2015,16,REG,L
Ben Roethlisberger,PIT,2015,16,REG,L
Kellen Moore,DAL,2015,16,REG,L
Blaine Gabbert,SF,2015,16,REG,L
Johnny Manziel,CLE,2015,16,REG,L
Ryan Tannehill,MIA,2015,16,REG,L
Tom Brady,NE,2015,16,REG,L
Jameis Winston,TB,2015,16,REG,L
Zach Mettenberger,TEN,2015,16,REG,L
Blake Bortles,JAX,2015,16,REG,L
Aaron Rodgers,GB,2015,16,REG,L
Russell Wilson,SEA,2015,16,REG,L
Eli Manning,NYG,2015,16,REG,L
A.J. McCarron,CIN,2015,16,REG,L
Matt Ryan,ATL,2015,17,REG,L
Ryan Fitzpatrick,NYJ,2015,17,REG,L
Jay Cutler,CHI,2015,17,REG,L
Ryan Mallett,BAL,2015,17,REG,L
Austin Davis,CLE,2015,17,REG,L
Kellen Moore,DAL,2015,17,REG,L
Blake Bortles,JAX,2015,17,REG,L
Zach Mettenberger,TEN,2015,17,REG,L
Tom Brady,NE,2015,17,REG,L
Eli Manning,NYG,2015,17,REG,L
Carson Palmer,ARI,2015,17,REG,L
Jameis Winston,TB,2015,17,REG,L
Philip Rivers,SD,2015,17,REG,L
Derek Carr,OAK,2015,17,REG,L
Case Keenum,STL,2015,17,REG,L
Aaron Rodgers,GB,2015,17,REG,L
Brian Hoyer,HOU,2015,18,WC,L
A.J. McCarron,CIN,2015,18,WC,L
Teddy Bridgewater,MIN,2015,18,WC,L
Kirk Cousins,WAS,2015,18,WC,L
Alex Smith,KC,2015,19,DIV,L
Aaron Rodgers,GB,2015,19,DIV,L
Russell Wilson,SEA,2015,19,DIV,L
Ben Roethlisberger,PIT,2015,19,DIV,L
Tom Brady,NE,2015,20,CON,L
Carson Palmer,ARI,2015,20,CON,L
Cam Newton,CAR,2015,21,SB,L
Cam Newton,CAR,2016,1,REG,L
Matt Ryan,ATL,2016,1,REG,L
Tyrod Taylor,BUF,2016,1,REG,L
Jay Cutler,CHI,2016,1,REG,L
Blake Bortles,JAX,2016,1,REG,L
Philip Rivers,SD,2016,1,REG,L
Drew Brees,NO,2016,1,REG,L
Ryan Fitzpatrick,NYJ,2016,1,REG,L
Robert Griffin,CLE,2016,1,REG,L
Marcus Mariota,TEN,2016,1,REG,L
Ryan Tannehill,MIA,2016,1,REG,L
Dak Prescott,DAL,2016,1,REG,L
Andrew Luck,IND,2016,1,REG,L
Carson Palmer,ARI,2016,1,REG,L
Kirk Cousins,WAS,2016,1,REG,L
Case Keenum,LA,2016,1,REG,L
Tyrod Taylor,BUF,2016,2,REG,L
Jameis Winston,TB,2016,2,REG,L
Blaine Gabbert,SF,2016,2,REG,L
Josh McCown,CLE,2016,2,REG,L
Matthew Stafford,DET,2016,2,REG,L
Alex Smith,KC,2016,2,REG,L
Ryan Tannehill,MIA,2016,2,REG,L
Drew Brees,NO,2016,2,REG,L
Andy Dalton,CIN,2016,2,REG,L
Kirk Cousins,WAS,2016,2,REG,L
Russell Wilson,SEA,2016,2,REG,L
Andrew Luck,IND,2016,2,REG,L
Derek Carr,OAK,2016,2,REG,L
Blake Bortles,JAX,2016,2,REG,L
Aaron Rodgers,GB,2016,2,REG,L
Jay Cutler,CHI,2016,2,REG,L
Brock Osweiler,HOU,2016,3,REG,L
Carson Palmer,ARI,2016,3,REG,L
Cam Newton,CAR,2016,3,REG,L
Andy Dalton,CIN,2016,3,REG,L
Matthew Stafford,DET,2016,3,REG,L
Blake Bortles,JAX,2016,3,REG,L
Cody Kessler,CLE,2016,3,REG,L
Eli Manning,NYG,2016,3,REG,L
Marcus Mariota,TEN,2016,3,REG,L
Blaine Gabbert,SF,2016,3,REG,L
Jameis Winston,TB,2016,3,REG,L
Philip Rivers,SD,2016,3,REG,L
Ryan Fitzpatrick,NYJ,2016,3,REG,L
Ben Roethlisberger,PIT,2016,3,REG,L
Brian Hoyer,CHI,2016,3,REG,L
Drew Brees,NO,2016,3,REG,L
Ryan Tannehill,MIA,2016,4,REG,L
Andrew Luck,IND,2016,4,REG,L
Cam Newton,CAR,2016,4,REG,L
Joe Flacco,BAL,2016,4,REG,L
Matthew Stafford,DET,2016,4,REG,L
Marcus Mariota,TEN,2016,4,REG,L
Jacoby Brissett,NE,2016,4,REG,L
Ryan Fitzpatrick,NYJ,2016,4,REG,L
Cody Kessler,CLE,2016,4,REG,L
Jameis Winston,TB,2016,4,REG,L
Carson Palmer,ARI,2016,4,REG,L
Philip Rivers,SD,2016,4,REG,L
Blaine Gabbert,SF,2016,4,REG,L
Alex Smith,KC,2016,4,REG,L
Eli Manning,NYG,2016,4,REG,L
Blaine Gabbert,SF,2016,5,REG,L
Joe Flacco,BAL,2016,5,REG,L
Cody Kessler,CLE,2016,5,REG,L
Carson Wentz,PHI,2016,5,REG,L
Brian Hoyer,CHI,2016,5,REG,L
Ryan Tannehill,MIA,2016,5,REG,L
Brock Osweiler,HOU,2016,5,REG,L
Ryan Fitzpatrick,NYJ,2016,5,REG,L
Paxton Lynch,DEN,2016,5,REG,L
Andy Dalton,CIN,2016,5,REG,L
Case Keenum,LA,2016,5,REG,L
Philip Rivers,SD,2016,5,REG,L
Eli Manning,NYG,2016,5,REG,L
Derek Anderson,CAR,2016,5,REG,L
Trevor Siemian,DEN,2016,6,REG,L
Colin Kaepernick,SF,2016,6,REG,L
Brian Hoyer,CHI,2016,6,REG,L
Case Keenum,LA,2016,6,REG,L
Ben Roethlisberger,PIT,2016,6,REG,L
Andy Dalton,CIN,2016,6,REG,L
Cam Newton,CAR,2016,6,REG,L
Joe Flacco,BAL,2016,6,REG,L
Cody Kessler,CLE,2016,6,REG,L
Carson Wentz,PHI,2016,6,REG,L
Derek Carr,OAK,2016,6,REG,L
Aaron Rodgers,GB,2016,6,REG,L
Matt Ryan,ATL,2016,6,REG,L
Andrew Luck,IND,2016,6,REG,L
Ryan Fitzpatrick,NYJ,2016,6,REG,L
Brian Hoyer,CHI,2016,7,REG,L
Case Keenum,LA,2016,7,REG,L
Cody Kessler,CLE,2016,7,REG,L
Kirk Cousins,WAS,2016,7,REG,L
Blake Bortles,JAX,2016,7,REG,L
Drew Brees,NO,2016,7,REG,L
Tyrod Taylor,BUF,2016,7,REG,L
Joe Flacco,BAL,2016,7,REG,L
Sam Bradford,MIN,2016,7,REG,L
Marcus Mariota,TEN,2016,7,REG,L
Matt Ryan,ATL,2016,7,REG,L
Colin Kaepernick,SF,2016,7,REG,L
Landry Jones,PIT,2016,7,REG,L
Carson Palmer,ARI,2016,7,REG,L
Brock Osweiler,HOU,2016,7,REG,L
Blake Bortles,JAX,2016,8,REG,L
Andy Dalton,CIN,2016,8,REG,L
Tyrod Taylor,BUF,2016,8,REG,L
Carson Palmer,ARI,2016,8,REG,L
Josh McCown,CLE,2016,8,REG,L
Matthew Stafford,DET,2016,8,REG,L
Andrew Luck,IND,2016,8,REG,L
Russell Wilson,SEA,2016,8,REG,L
Jameis Winston,TB,2016,8,REG,L
Philip Rivers,SD,2016,8,REG,L
Aaron Rodgers,GB,2016,8,REG,L
Carson Wentz,PHI,2016,8,REG,L
Sam Bradford,MIN,2016,8,REG,L
Jameis Winston,TB,2016,9,REG,L
Ben Roethlisberger,PIT,2016,9,REG,L
Cody Kessler,CLE,2016,9,REG,L
Blake Bortles,JAX,2016,9,REG,L
Ryan Fitzpatrick,NYJ,2016,9,REG,L
Sam Bradford,MIN,2016,9,REG,L
Carson Wentz,PHI,2016,9,REG,L
Case Keenum,LA,2016,9,REG,L
Colin Kaepernick,SF,2016,9,REG,L
Aaron Rodgers,GB,2016,9,REG,L
Marcus Mariota,TEN,2016,9,REG,L
Trevor Siemian,DEN,2016,9,REG,L
Tyrod Taylor,BUF,2016,9,REG,L
Cody Kessler,CLE,2016,10,REG,L
Cam Newton,CAR,2016,10,REG,L
Blake Bortles,JAX,2016,10,REG,L
Drew Brees,NO,2016,10,REG,L
Bryce Petty,NYJ,2016,10,REG,L
Matt Ryan,ATL,2016,10,REG,L
Jay Cutler,CHI,2016,10,REG,L
Aaron Rodgers,GB,2016,10,REG,L
Sam Bradford,MIN,2016,10,REG,L
Philip Rivers,SD,2016,10,REG,L
Colin Kaepernick,SF,2016,10,REG,L
Ben Roethlisberger,PIT,2016,10,REG,L
Tom Brady,NE,2016,10,REG,L
Andy Dalton,CIN,2016,10,REG,L
Drew Brees,NO,2016,11,REG,L
Andy Dalton,CIN,2016,11,REG,L
Cody Kessler,CLE,2016,11,REG,L
Joe Flacco,BAL,2016,11,REG,L
Blake Bortles,JAX,2016,11,REG,L
Marcus Mariota,TEN,2016,11,REG,L
Alex Smith,KC,2016,11,REG,L
Carson Palmer,ARI,2016,11,REG,L
Jay Cutler,CHI,2016,11,REG,L
Jared Goff,LA,2016,11,REG,L
Carson Wentz,PHI,2016,11,REG,L
Colin Kaepernick,SF,2016,11,REG,L
Aaron Rodgers,GB,2016,11,REG,L
Brock Osweiler,HOU,2016,11,REG,L
Sam Bradford,MIN,2016,12,REG,L
Kirk Cousins,WAS,2016,12,REG,L
Scott Tolzien,IND,2016,12,REG,L
Carson Palmer,ARI,2016,12,REG,L
Andy Dalton,CIN,2016,12,REG,L
Blake Bortles,JAX,2016,12,REG,L
Matt Barkley,CHI,2016,12,REG,L
Josh McCown,CLE,2016,12,REG,L
Brock Osweiler,HOU,2016,12,REG,L
Colin Kaepernick,SF,2016,12,REG,L
Jared Goff,LA,2016,12,REG,L
Russell Wilson,SEA,2016,12,REG,L
Ryan Fitzpatrick,NYJ,2016,12,REG,L
Cam Newton,CAR,2016,12,REG,L
Trevor Siemian,DEN,2016,12,REG,L
Carson Wentz,PHI,2016,12,REG,L
Sam Bradford,MIN,2016,13,REG,L
Matt Ryan,ATL,2016,13,REG,L
Ryan Tannehill,MIA,2016,13,REG,L
Colin Kaepernick,SF,2016,13,REG,L
Carson Wentz,PHI,2016,13,REG,L
Brock Osweiler,HOU,2016,13,REG,L
Blake Bortles,JAX,2016,13,REG,L
Jared Goff,LA,2016,13,REG,L
Drew Brees,NO,2016,13,REG,L
Tyrod Taylor,BUF,2016,13,REG,L
Kirk Cousins,WAS,2016,13,REG,L
Eli Manning,NYG,2016,13,REG,L
Philip Rivers,SD,2016,13,REG,L
Cam Newton,CAR,2016,13,REG,L
Ryan Fitzpatrick,NYJ,2016,13,REG,L
Derek Carr,OAK,2016,14,REG,L
Tyrod Taylor,BUF,2016,14,REG,L
Philip Rivers,SD,2016,14,REG,L
Robert Griffin,CLE,2016,14,REG,L
Matt Barkley,CHI,2016,14,REG,L
Andrew Luck,IND,2016,14,REG,L
Blake Bortles,JAX,2016,14,REG,L
Carson Palmer,ARI,2016,14,REG,L
Carson Wentz,PHI,2016,14,REG,L
Trevor Siemian,DEN,2016,14,REG,L
Colin Kaepernick,SF,2016,14,REG,L
Russell Wilson,SEA,2016,14,REG,L
Jared Goff,LA,2016,14,REG,L
Drew Brees,NO,2016,14,REG,L
Dak Prescott,DAL,2016,14,REG,L
Joe Flacco,BAL,2016,14,REG,L
Jared Goff,LA,2016,15,REG,L
Bryce Petty,NYJ,2016,15,REG,L
Carson Wentz,PHI,2016,15,REG,L
Robert Griffin,CLE,2016,15,REG,L
Matt Barkley,CHI,2016,15,REG,L
Andy Dalton,CIN,2016,15,REG,L
Blake Bortles,JAX,2016,15,REG,L
Alex Smith,KC,2016,15,REG,L
Sam Bradford,MIN,2016,15,REG,L
Matthew Stafford,DET,2016,15,REG,L
Carson Palmer,ARI,2016,15,REG,L
Colin Kaepernick,SF,2016,15,REG,L
Trevor Siemian,DEN,2016,15,REG,L
Philip Rivers,SD,2016,15,REG,L
Jameis Winston,TB,2016,15,REG,L
Kirk Cousins,WAS,2016,15,REG,L
Eli Manning,NYG,2016,16,REG,L
Tyrod Taylor,BUF,2016,16,REG,L
Cam Newton,CAR,2016,16,REG,L
Matt Barkley,CHI,2016,16,REG,L
Philip Rivers,SD,2016,16,REG,L
Sam Bradford,MIN,2016,16,REG,L
Marcus Mariota,TEN,2016,16,REG,L
Bryce Petty,NYJ,2016,16,REG,L
Andrew Luck,IND,2016,16,REG,L
Jared Goff,LA,2016,16,REG,L
Jameis Winston,TB,2016,16,REG,L
Russell Wilson,SEA,2016,16,REG,L
Andy Dalton,CIN,2016,16,REG,L
Joe Flacco,BAL,2016,16,REG,L
Trevor Siemian,DEN,2016,16,REG,L
Matthew Stafford,DET,2016,16,REG,L
Joe Flacco,BAL,2016,17,REG,L
Blake Bortles,JAX,2016,17,REG,L
Matt Moore,MIA,2016,17,REG,L
Matt Barkley,CHI,2016,17,REG,L
EJ Manuel,BUF,2016,17,REG,L
Mark Sanchez,DAL,2016,17,REG,L
Robert Griffin,CLE,2016,17,REG,L
Cam Newton,CAR,2016,17,REG,L
Brock Osweiler,HOU,2016,17,REG,L
Drew Brees,NO,2016,17,REG,L
Matt McGloin,OAK,2016,17,REG,L
Jared Goff,LA,2016,17,REG,L
Philip Rivers,SD,2016,17,REG,L
Colin Kaepernick,SF,2016,17,REG,L
Kirk Cousins,WAS,2016,17,REG,L
Matthew Stafford,DET,2016,17,REG,L
Connor Cook,OAK,2016,18,WC,L
Matthew Stafford,DET,2016,18,WC,L
Matt Moore,MIA,2016,18,WC,L
Eli Manning,NYG,2016,18,WC,L
Russell Wilson,SEA,2016,19,DIV,L
Brock Osweiler,HOU,2016,19,DIV,L
Dak Prescott,DAL,2016,19,DIV,L
Alex Smith,KC,2016,19,DIV,L
Aaron Rodgers,GB,2016,20,CON,L
Ben Roethlisberger,PIT,2016,20,CON,L
Matt Ryan,ATL,2016,21,SB,L
Tom Brady,NE,2017,1,REG,L
Josh McCown,NYJ,2017,1,REG,L
Mike Glennon,CHI,2017,1,REG,L
Andy Dalton,CIN,2017,1,REG,L
DeShone Kizer,CLE,2017,1,REG,L
Carson Palmer,ARI,2017,1,REG,L
Tom Savage,HOU,2017,1,REG,L
Marcus Mariota,TEN,2017,1,REG,L
Kirk Cousins,WAS,2017,1,REG,L
Scott Tolzien,IND,2017,1,REG,L
Russell Wilson,SEA,2017,1,REG,L
Brian Hoyer,SF,2017,1,REG,L
Eli Manning,NYG,2017,1,REG,L
Drew Brees,NO,2017,1,REG,L
Philip Rivers,LAC,2017,1,REG,L
Andy Dalton,CIN,2017,2,REG,L
DeShone Kizer,CLE,2017,2,REG,L
Tyrod Taylor,BUF,2017,2,REG,L
Jacoby Brissett,IND,2017,2,REG,L
Blake Bortles,JAX,2017,2,REG,L
Carson Wentz,PHI,2017,2,REG,L
Drew Brees,NO,2017,2,REG,L
Case Keenum,MIN,2017,2,REG,L
Mike Glennon,CHI,2017,2,REG,L
Philip Rivers,LAC,2017,2,REG,L
Josh McCown,NYJ,2017,2,REG,L
Dak Prescott,DAL,2017,2,REG,L
Jared Goff,LA,2017,2,REG,L
Brian Hoyer,SF,2017,2,REG,L
Aaron Rodgers,GB,2017,2,REG,L
Eli Manning,NYG,2017,2,REG,L
Brian Hoyer,SF,2017,3,REG,L
Trevor Siemian,DEN,2017,3,REG,L
Cam Newton,CAR,2017,3,REG,L
Ben Roethlisberger,PIT,2017,3,REG,L
Matthew Stafford,DET,2017,3,REG,L
DeShone Kizer,CLE,2017,3,REG,L
Jameis Winston,TB,2017,3,REG,L
Deshaun Watson,HOU,2017,3,REG,L
Jay Cutler,MIA,2017,3,REG,L
Eli Manning,NYG,2017,3,REG,L
Russell Wilson,SEA,2017,3,REG,L
Andy Dalton,CIN,2017,3,REG,L
Philip Rivers,LAC,2017,3,REG,L
Derek Carr,OAK,2017,3,REG,L
Joe Flacco,BAL,2017,3,REG,L
Carson Palmer,ARI,2017,3,REG,L
Mike Glennon,CHI,2017,4,REG,L
Matt Ryan,ATL,2017,4,REG,L
Joe Flacco,BAL,2017,4,REG,L
DeShone Kizer,CLE,2017,4,REG,L
Dak Prescott,DAL,2017,4,REG,L
Marcus Mariota,TEN,2017,4,REG,L
Case Keenum,MIN,2017,4,REG,L
Tom Brady,NE,2017,4,REG,L
Blake Bortles,JAX,2017,4,REG,L
Brian Hoyer,SF,2017,4,REG,L
Philip Rivers,LAC,2017,4,REG,L
Eli Manning,NYG,2017,4,REG,L
Derek Carr,OAK,2017,4,REG,L
Jacoby Brissett,IND,2017,4,REG,L
Jay Cutler,MIA,2017,4,REG,L
Kirk Cousins,WAS,2017,4,REG,L
Jameis Winston,TB,2017,5,REG,L
Tyrod Taylor,BUF,2017,5,REG,L
DeShone Kizer,CLE,2017,5,REG,L
Matthew Stafford,DET,2017,5,REG,L
Brian Hoyer,SF,2017,5,REG,L
Matt Cassel,TEN,2017,5,REG,L
Eli Manning,NYG,2017,5,REG,L
Carson Palmer,ARI,2017,5,REG,L
Ben Roethlisberger,PIT,2017,5,REG,L
Jared Goff,LA,2017,5,REG,L
EJ Manuel,OAK,2017,5,REG,L
Dak Prescott,DAL,2017,5,REG,L
Deshaun Watson,HOU,2017,5,REG,L
Mitch Trubisky,CHI,2017,5,REG,L
Cam Newton,CAR,2017,6,REG,L
Matt Ryan,ATL,2017,6,REG,L
Joe Flacco,BAL,2017,6,REG,L
Kevin Hogan,CLE,2017,6,REG,L
Aaron Rodgers,GB,2017,6,REG,L
Matthew Stafford,DET,2017,6,REG,L
Josh McCown,NYJ,2017,6,REG,L
Brian Hoyer,SF,2017,6,REG,L
Jameis Winston,TB,2017,6,REG,L
Blake Bortles,JAX,2017,6,REG,L
Alex Smith,KC,2017,6,REG,L
Derek Carr,OAK,2017,6,REG,L
Trevor Siemian,DEN,2017,6,REG,L
Jacoby Brissett,IND,2017,6,REG,L
Alex Smith,KC,2017,7,REG,L
Jameis Winston,TB,2017,7,REG,L
Cam Newton,CAR,2017,7,REG,L
DeShone Kizer,CLE,2017,7,REG,L
Brett Hundley,GB,2017,7,REG,L
Jacoby Brissett,IND,2017,7,REG,L
Carson Palmer,ARI,2017,7,REG,L
Josh McCown,NYJ,2017,7,REG,L
Joe Flacco,BAL,2017,7,REG,L
C.J. Beathard,SF,2017,7,REG,L
Trevor Siemian,DEN,2017,7,REG,L
Eli Manning,NYG,2017,7,REG,L
Andy Dalton,CIN,2017,7,REG,L
Matt Ryan,ATL,2017,7,REG,L
Kirk Cousins,WAS,2017,7,REG,L
Matt Moore,MIA,2017,8,REG,L
Derek Carr,OAK,2017,8,REG,L
Jacoby Brissett,IND,2017,8,REG,L
Philip Rivers,LAC,2017,8,REG,L
Mitch Trubisky,CHI,2017,8,REG,L
Josh McCown,NYJ,2017,8,REG,L
C.J. Beathard,SF,2017,8,REG,L
Jameis Winston,TB,2017,8,REG,L
Deshaun Watson,HOU,2017,8,REG,L
Kirk Cousins,WAS,2017,8,REG,L
Matthew Stafford,DET,2017,8,REG,L
DeShone Kizer,CLE,2017,8,REG,L
Trevor Siemian,DEN,2017,8,REG,L
Tyrod Taylor,BUF,2017,9,REG,L
Matt Ryan,ATL,2017,9,REG,L
Tom Savage,HOU,2017,9,REG,L
Andy Dalton,CIN,2017,9,REG,L
Jameis Winston,TB,2017,9,REG,L
Eli Manning,NYG,2017,9,REG,L
Brock Osweiler,DEN,2017,9,REG,L
Joe Flacco,BAL,2017,9,REG,L
Russell Wilson,SEA,2017,9,REG,L
C.J. Beathard,SF,2017,9,REG,L
Alex Smith,KC,2017,9,REG,L
Jay Cutler,MIA,2017,9,REG,L
Brett Hundley,GB,2017,9,REG,L
Drew Stanton,ARI,2017,10,REG,L
Tyrod Taylor,BUF,2017,10,REG,L
Mitch Trubisky,CHI,2017,10,REG,L
DeShone Kizer,CLE,2017,10,REG,L
Jacoby Brissett,IND,2017,10,REG,L
Philip Rivers,LAC,2017,10,REG,L
Josh McCown,NYJ,2017,10,REG,L
Andy Dalton,CIN,2017,10,REG,L
Kirk Cousins,WAS,2017,10,REG,L
Tom Savage,HOU,2017,10,REG,L
Dak Prescott,DAL,2017,10,REG,L
Eli Manning,NYG,2017,10,REG,L
Brock Osweiler,DEN,2017,10,REG,L
Jay Cutler,MIA,2017,10,REG,L
Marcus Mariota,TEN,2017,11,REG,L
Mitch Trubisky,CHI,2017,11,REG,L
DeShone Kizer,CLE,2017,11,REG,L
Brett Hundley,GB,2017,11,REG,L
Blaine Gabbert,ARI,2017,11,REG,L
Jay Cutler,MIA,2017,11,REG,L
Jared Goff,LA,2017,11,REG,L
Kirk Cousins,WAS,2017,11,REG,L
Alex Smith,KC,2017,11,REG,L
Nathan Peterman,BUF,2017,11,REG,L
Brock Osweiler,DEN,2017,11,REG,L
Derek Carr,OAK,2017,11,REG,L
Dak Prescott,DAL,2017,11,REG,L
Russell Wilson,SEA,2017,11,REG,L
Matthew Stafford,DET,2017,12,REG,L
Dak Prescott,DAL,2017,12,REG,L
Eli Manning,NYG,2017,12,REG,L
Ryan Fitzpatrick,TB,2017,12,REG,L
DeShone Kizer,CLE,2017,12,REG,L
Jacoby Brissett,IND,2017,12,REG,L
Alex Smith,KC,2017,12,REG,L
Matt Moore,MIA,2017,12,REG,L
Josh McCown,NYJ,2017,12,REG,L
Mitch Trubisky,CHI,2017,12,REG,L
C.J. Beathard,SF,2017,12,REG,L
Blake Bortles,JAX,2017,12,REG,L
Drew Brees,NO,2017,12,REG,L
Paxton Lynch,DEN,2017,12,REG,L
Brett Hundley,GB,2017,12,REG,L
Tom Savage,HOU,2017,12,REG,L
Kirk Cousins,WAS,2017,13,REG,L
Matt Ryan,ATL,2017,13,REG,L
Matthew Stafford,DET,2017,13,REG,L
Tyrod Taylor,BUF,2017,13,REG,L
Mitch Trubisky,CHI,2017,13,REG,L
Jameis Winston,TB,2017,13,REG,L
Jacoby Brissett,IND,2017,13,REG,L
Trevor Siemian,DEN,2017,13,REG,L
Alex Smith,KC,2017,13,REG,L
Tom Savage,HOU,2017,13,REG,L
DeShone Kizer,CLE,2017,13,REG,L
Blaine Gabbert,ARI,2017,13,REG,L
Cam Newton,CAR,2017,13,REG,L
Geno Smith,NYG,2017,13,REG,L
Carson Wentz,PHI,2017,13,REG,L
Andy Dalton,CIN,2017,13,REG,L
Drew Brees,NO,2017,14,REG,L
Jacoby Brissett,IND,2017,14,REG,L
Case Keenum,MIN,2017,14,REG,L
Andy Dalton,CIN,2017,14,REG,L
DeShone Kizer,CLE,2017,14,REG,L
Tom Savage,HOU,2017,14,REG,L
Derek Carr,OAK,2017,14,REG,L
Eli Manning,NYG,2017,14,REG,L
Jameis Winston,TB,2017,14,REG,L
Marcus Mariota,TEN,2017,14,REG,L
Josh McCown,NYJ,2017,14,REG,L
Kirk Cousins,WAS,2017,14,REG,L
Russell Wilson,SEA,2017,14,REG,L
Jared Goff,LA,2017,14,REG,L
Joe Flacco,BAL,2017,14,REG,L
Tom Brady,NE,2017,14,REG,L
Jacoby Brissett,IND,2017,15,REG,L
Mitch Trubisky,CHI,2017,15,REG,L
Philip Rivers,LAC,2017,15,REG,L
Jay Cutler,MIA,2017,15,REG,L
Aaron Rodgers,GB,2017,15,REG,L
DeShone Kizer,CLE,2017,15,REG,L
T.J. Yates,HOU,2017,15,REG,L
Andy Dalton,CIN,2017,15,REG,L
Bryce Petty,NYJ,2017,15,REG,L
Eli Manning,NYG,2017,15,REG,L
Blaine Gabbert,ARI,2017,15,REG,L
Russell Wilson,SEA,2017,15,REG,L
Ben Roethlisberger,PIT,2017,15,REG,L
Marcus Mariota,TEN,2017,15,REG,L
Derek Carr,OAK,2017,15,REG,L
Jameis Winston,TB,2017,15,REG,L
Jacoby Brissett,IND,2017,16,REG,L
Brett Hundley,GB,2017,16,REG,L
Jameis Winston,TB,2017,16,REG,L
DeShone Kizer,CLE,2017,16,REG,L
Matthew Stafford,DET,2017,16,REG,L
Jay Cutler,MIA,2017,16,REG,L
Tyrod Taylor,BUF,2017,16,REG,L
Matt Ryan,ATL,2017,16,REG,L
Bryce Petty,NYJ,2017,16,REG,L
Marcus Mariota,TEN,2017,16,REG,L
Brock Osweiler,DEN,2017,16,REG,L
Blake Bortles,JAX,2017,16,REG,L
Eli Manning,NYG,2017,16,REG,L
Dak Prescott,DAL,2017,16,REG,L
T.J. Yates,HOU,2017,16,REG,L
Derek Carr,OAK,2017,16,REG,L
Brett Hundley,GB,2017,17,REG,L
T.J. Yates,HOU,2017,17,REG,L
Mitch Trubisky,CHI,2017,17,REG,L
Bryce Petty,NYJ,2017,17,REG,L
Kirk Cousins,WAS,2017,17,REG,L
Nick Foles,PHI,2017,17,REG,L
DeShone Kizer,CLE,2017,17,REG,L
Cam Newton,CAR,2017,17,REG,L
Joe Flacco,BAL,2017,17,REG,L
Paxton Lynch,DEN,2017,17,REG,L
Sean Mannion,LA,2017,17,REG,L
Derek Carr,OAK,2017,17,REG,L
Jay Cutler,MIA,2017,17,REG,L
Russell Wilson,SEA,2017,17,REG,L
Drew Brees,NO,2017,17,REG,L
Blake Bortles,JAX,2017,17,REG,L
Alex Smith,KC,2017,18,WC,L
Jared Goff,LA,2017,18,WC,L
Tyrod Taylor,BUF,2017,18,WC,L
Cam Newton,CAR,2017,18,WC,L
Matt Ryan,ATL,2017,19,DIV,L
Marcus Mariota,TEN,2017,19,DIV,L
Ben Roethlisberger,PIT,2017,19,DIV,L
Drew Brees,NO,2017,19,DIV,L
Blake Bortles,JAX,2017,20,CON,L
Case Keenum,MIN,2017,20,CON,L
Tom Brady,NE,2017,21,SB,L
Matt Ryan,ATL,2018,1,REG,L
Nathan Peterman,BUF,2018,1,REG,L
Tyrod Taylor,CLE,2018,1,REG,L
Andrew Luck,IND,2018,1,REG,L
Marcus Mariota,TEN,2018,1,REG,L
Jimmy Garoppolo,SF,2018,1,REG,L
Deshaun Watson,HOU,2018,1,REG,L
Drew Brees,NO,2018,1,REG,L
Eli Manning,NYG,2018,1,REG,L
Philip Rivers,LAC,2018,1,REG,L
Sam Bradford,ARI,2018,1,REG,L
Dak Prescott,DAL,2018,1,REG,L
Russell Wilson,SEA,2018,1,REG,L
Mitch Trubisky,CHI,2018,1,REG,L
Matthew Stafford,DET,2018,1,REG,L
Derek Carr,OAK,2018,1,REG,L
Joe Flacco,BAL,2018,2,REG,L
Cam Newton,CAR,2018,2,REG,L
Josh Allen,BUF,2018,2,REG,L
Aaron Rodgers,GB,2018,2,REG,L
Tyrod Taylor,CLE,2018,2,REG,L
Sam Darnold,NYJ,2018,2,REG,L
Ben Roethlisberger,PIT,2018,2,REG,L
Nick Foles,PHI,2018,2,REG,L
Deshaun Watson,HOU,2018,2,REG,L
Alex Smith,WAS,2018,2,REG,L
Sam Bradford,ARI,2018,2,REG,L
Matthew Stafford,DET,2018,2,REG,L
Derek Carr,OAK,2018,2,REG,L
Tom Brady,NE,2018,2,REG,L
Eli Manning,NYG,2018,2,REG,L
Russell Wilson,SEA,2018,2,REG,L
Sam Darnold,NYJ,2018,3,REG,L
Matt Ryan,ATL,2018,3,REG,L
Case Keenum,DEN,2018,3,REG,L
Andy Dalton,CIN,2018,3,REG,L
Deshaun Watson,HOU,2018,3,REG,L
Blake Bortles,JAX,2018,3,REG,L
Jimmy Garoppolo,SF,2018,3,REG,L
Derek Carr,OAK,2018,3,REG,L
Kirk Cousins,MIN,2018,3,REG,L
Andrew Luck,IND,2018,3,REG,L
Aaron Rodgers,GB,2018,3,REG,L
Philip Rivers,LAC,2018,3,REG,L
Sam Bradford,ARI,2018,3,REG,L
Dak Prescott,DAL,2018,3,REG,L
Tom Brady,NE,2018,3,REG,L
Ryan Fitzpatrick,TB,2018,3,REG,L
Kirk Cousins,MIN,2018,4,REG,L
Matt Ryan,ATL,2018,4,REG,L
Ryan Fitzpatrick,TB,2018,4,REG,L
Matthew Stafford,DET,2018,4,REG,L
Josh Allen,BUF,2018,4,REG,L
Andrew Luck,IND,2018,4,REG,L
Sam Darnold,NYJ,2018,4,REG,L
Ryan Tannehill,MIA,2018,4,REG,L
Carson Wentz,PHI,2018,4,REG,L
Josh Rosen,ARI,2018,4,REG,L
Baker Mayfield,CLE,2018,4,REG,L
C.J. Beathard,SF,2018,4,REG,L
Eli Manning,NYG,2018,4,REG,L
Ben Roethlisberger,PIT,2018,4,REG,L
Case Keenum,DEN,2018,4,REG,L
Andrew Luck,IND,2018,5,REG,L
Marcus Mariota,TEN,2018,5,REG,L
Eli Manning,NYG,2018,5,REG,L
Ryan Tannehill,MIA,2018,5,REG,L
Joe Flacco,BAL,2018,5,REG,L
Aaron Rodgers,GB,2018,5,REG,L
Blake Bortles,JAX,2018,5,REG,L
Case Keenum,DEN,2018,5,REG,L
Matt Ryan,ATL,2018,5,REG,L
Derek Carr,OAK,2018,5,REG,L
Carson Wentz,PHI,2018,5,REG,L
Russell Wilson,SEA,2018,5,REG,L
C.J. Beathard,SF,2018,5,REG,L
Dak Prescott,DAL,2018,5,REG,L
Alex Smith,WAS,2018,5,REG,L
Eli Manning,NYG,2018,6,REG,L
Jameis Winston,TB,2018,6,REG,L
Andy Dalton,CIN,2018,6,REG,L
Baker Mayfield,CLE,2018,6,REG,L
Josh Allen,BUF,2018,6,REG,L
Mitch Trubisky,CHI,2018,6,REG,L
Josh Rosen,ARI,2018,6,REG,L
Andrew Luck,IND,2018,6,REG,L
Derek Carr,OAK,2018,6,REG,L
Cam Newton,CAR,2018,6,REG,L
Case Keenum,DEN,2018,6,REG,L
Blake Bortles,JAX,2018,6,REG,L
Marcus Mariota,TEN,2018,6,REG,L
Patrick Mahomes,KC,2018,6,REG,L
C.J. Beathard,SF,2018,6,REG,L
Josh Rosen,ARI,2018,7,REG,L
Mitch Trubisky,CHI,2018,7,REG,L
Derek Anderson,BUF,2018,7,REG,L
Blake Bortles,JAX,2018,7,REG,L
Brock Osweiler,MIA,2018,7,REG,L
Sam Darnold,NYJ,2018,7,REG,L
Carson Wentz,PHI,2018,7,REG,L
Baker Mayfield,CLE,2018,7,REG,L
Joe Flacco,BAL,2018,7,REG,L
C.J. Beathard,SF,2018,7,REG,L
Dak Prescott,DAL,2018,7,REG,L
Andy Dalton,CIN,2018,7,REG,L
Marcus Mariota,TEN,2018,7,REG,L
Eli Manning,NYG,2018,7,REG,L
Brock Osweiler,MIA,2018,8,REG,L
Joe Flacco,BAL,2018,8,REG,L
Sam Darnold,NYJ,2018,8,REG,L
Jameis Winston,TB,2018,8,REG,L
Matthew Stafford,DET,2018,8,REG,L
Case Keenum,DEN,2018,8,REG,L
Eli Manning,NYG,2018,8,REG,L
Baker Mayfield,CLE,2018,8,REG,L
Derek Carr,OAK,2018,8,REG,L
C.J. Beathard,SF,2018,8,REG,L
Aaron Rodgers,GB,2018,8,REG,L
Kirk Cousins,MIN,2018,8,REG,L
Blake Bortles,JAX,2018,8,REG,L
Derek Anderson,BUF,2018,8,REG,L
Derek Carr,OAK,2018,9,REG,L
Joe Flacco,BAL,2018,9,REG,L
Nathan Peterman,BUF,2018,9,REG,L
Ryan Fitzpatrick,TB,2018,9,REG,L
Baker Mayfield,CLE,2018,9,REG,L
Sam Darnold,NYJ,2018,9,REG,L
Matthew Stafford,DET,2018,9,REG,L
Alex Smith,WAS,2018,9,REG,L
Case Keenum,DEN,2018,9,REG,L
Russell Wilson,SEA,2018,9,REG,L
Jared Goff,LA,2018,9,REG,L
Aaron Rodgers,GB,2018,9,REG,L
Dak Prescott,DAL,2018,9,REG,L
Cam Newton,CAR,2018,10,REG,L
Matthew Stafford,DET,2018,10,REG,L
Andy Dalton,CIN,2018,10,REG,L
Matt Ryan,ATL,2018,10,REG,L
Blake Bortles,JAX,2018,10,REG,L
Josh Rosen,ARI,2018,10,REG,L
Josh McCown,NYJ,2018,10,REG,L
Ryan Fitzpatrick,TB,2018,10,REG,L
Tom Brady,NE,2018,10,REG,L
Derek Carr,OAK,2018,10,REG,L
Brock Osweiler,MIA,2018,10,REG,L
Russell Wilson,SEA,2018,10,REG,L
Carson Wentz,PHI,2018,10,REG,L
Nick Mullens,SF,2018,10,REG,L
Aaron Rodgers,GB,2018,11,REG,L
Matt Ryan,ATL,2018,11,REG,L
Andy Dalton,CIN,2018,11,REG,L
Cam Newton,CAR,2018,11,REG,L
Marcus Mariota,TEN,2018,11,REG,L
Blake Bortles,JAX,2018,11,REG,L
Ryan Fitzpatrick,TB,2018,11,REG,L
Alex Smith,WAS,2018,11,REG,L
Josh Rosen,ARI,2018,11,REG,L
Philip Rivers,LAC,2018,11,REG,L
Carson Wentz,PHI,2018,11,REG,L
Kirk Cousins,MIN,2018,11,REG,L
Patrick Mahomes,KC,2018,11,REG,L
Matthew Stafford,DET,2018,12,REG,L
Colt McCoy,WAS,2018,12,REG,L
Matt Ryan,ATL,2018,12,REG,L
Derek Carr,OAK,2018,12,REG,L
Blake Bortles,JAX,2018,12,REG,L
Cam Newton,CAR,2018,12,REG,L
Andy Dalton,CIN,2018,12,REG,L
Josh McCown,NYJ,2018,12,REG,L
Eli Manning,NYG,2018,12,REG,L
Nick Mullens,SF,2018,12,REG,L
Josh Rosen,ARI,2018,12,REG,L
Ben Roethlisberger,PIT,2018,12,REG,L
Ryan Tannehill,MIA,2018,12,REG,L
Aaron Rodgers,GB,2018,12,REG,L
Marcus Mariota,TEN,2018,12,REG,L
Drew Brees,NO,2018,13,REG,L
Matt Ryan,ATL,2018,13,REG,L
Jeff Driskel,CIN,2018,13,REG,L
Matthew Stafford,DET,2018,13,REG,L
Aaron Rodgers,GB,2018,13,REG,L
Baker Mayfield,CLE,2018,13,REG,L
Andrew Luck,IND,2018,13,REG,L
Josh Allen,BUF,2018,13,REG,L
Chase Daniel,CHI,2018,13,REG,L
Cam Newton,CAR,2018,13,REG,L
Derek Carr,OAK,2018,13,REG,L
Josh McCown,NYJ,2018,13,REG,L
Kirk Cousins,MIN,2018,13,REG,L
Nick Mullens,SF,2018,13,REG,L
Ben Roethlisberger,PIT,2018,13,REG,L
Colt McCoy,WAS,2018,13,REG,L
Cody Kessler,JAX,2018,14,REG,L
Josh Allen,BUF,2018,14,REG,L
Cam Newton,CAR,2018,14,REG,L
Matt Ryan,ATL,2018,14,REG,L
Deshaun Watson,HOU,2018,14,REG,L
Lamar Jackson,BAL,2018,14,REG,L
Tom Brady,NE,2018,14,REG,L
Jameis Winston,TB,2018,14,REG,L
Mark Sanchez,WAS,2018,14,REG,L
Jeff Driskel,CIN,2018,14,REG,L
Case Keenum,DEN,2018,14,REG,L
Josh Rosen,ARI,2018,14,REG,L
Carson Wentz,PHI,2018,14,REG,L
Ben Roethlisberger,PIT,2018,14,REG,L
Jared Goff,LA,2018,14,REG,L
Kirk Cousins,MIN,2018,14,REG,L
Patrick Mahomes,KC,2018,15,REG,L
Sam Darnold,NYJ,2018,15,REG,L
Case Keenum,DEN,2018,15,REG,L
Josh Rosen,ARI,2018,15,REG,L
Jameis Winston,TB,2018,15,REG,L
Matthew Stafford,DET,2018,15,REG,L
Aaron Rodgers,GB,2018,15,REG,L
Derek Carr,OAK,2018,15,REG,L
Dak Prescott,DAL,2018,15,REG,L
Cody Kessler,JAX,2018,15,REG,L
Ryan Tannehill,MIA,2018,15,REG,L
Eli Manning,NYG,2018,15,REG,L
Russell Wilson,SEA,2018,15,REG,L
Tom Brady,NE,2018,15,REG,L
Jared Goff,LA,2018,15,REG,L
Cam Newton,CAR,2018,15,REG,L
Josh Johnson,WAS,2018,16,REG,L
Philip Rivers,LAC,2018,16,REG,L
Taylor Heinicke,CAR,2018,16,REG,L
Jeff Driskel,CIN,2018,16,REG,L
Jameis Winston,TB,2018,16,REG,L
Matthew Stafford,DET,2018,16,REG,L
Eli Manning,NYG,2018,16,REG,L
Ryan Tannehill,MIA,2018,16,REG,L
Josh Allen,BUF,2018,16,REG,L
Sam Darnold,NYJ,2018,16,REG,L
Deshaun Watson,HOU,2018,16,REG,L
Josh Rosen,ARI,2018,16,REG,L
Nick Mullens,SF,2018,16,REG,L
Ben Roethlisberger,PIT,2018,16,REG,L
Patrick Mahomes,KC,2018,16,REG,L
Case Keenum,DEN,2018,16,REG,L
Ryan Tannehill,MIA,2018,17,REG,L
DeShone Kizer,GB,2018,17,REG,L
Blake Bortles,JAX,2018,17,REG,L
Sam Darnold,NYJ,2018,17,REG,L
Teddy Bridgewater,NO,2018,17,REG,L
Eli Manning,NYG,2018,17,REG,L
Jameis Winston,TB,2018,17,REG,L
Baker Mayfield,CLE,2018,17,REG,L
Case Keenum,DEN,2018,17,REG,L
Derek Carr,OAK,2018,17,REG,L
Nick Mullens,SF,2018,17,REG,L
Kirk Cousins,MIN,2018,17,REG,L
Jeff Driskel,CIN,2018,17,REG,L
Josh Rosen,ARI,2018,17,REG,L
Josh Johnson,WAS,2018,17,REG,L
Blaine Gabbert,TEN,2018,17,REG,L
Deshaun Watson,HOU,2018,18,WC,L
Russell Wilson,SEA,2018,18,WC,L
Lamar Jackson,BAL,2018,18,WC,L
Mitch Trubisky,CHI,2018,18,WC,L
Andrew Luck,IND,2018,19,DIV,L
Dak Prescott,DAL,2018,19,DIV,L
Philip Rivers,LAC,2018,19,DIV,L
Nick Foles,PHI,2018,19,DIV,L
Drew Brees,NO,2018,20,CON,L
Patrick Mahomes,KC,2018,20,CON,L
Jared Goff,LA,2018,21,SB,L
Mitch Trubisky,CHI,2019,1,REG,L
Cam Newton,CAR,2019,1,REG,L
Baker Mayfield,CLE,2019,1,REG,L
Nick Foles,JAX,2019,1,REG,L
Ryan Fitzpatrick,MIA,2019,1,REG,L
Matt Ryan,ATL,2019,1,REG,L
Sam Darnold,NYJ,2019,1,REG,L
Case Keenum,WAS,2019,1,REG,L
Jacoby Brissett,IND,2019,1,REG,L
Andy Dalton,CIN,2019,1,REG,L
Kyler Murray,ARI,2019,1,REG,L
Eli Manning,NYG,2019,1,REG,L
Jameis Winston,TB,2019,1,REG,L
Ben Roethlisberger,PIT,2019,1,REG,L
Deshaun Watson,HOU,2019,1,REG,L
Joe Flacco,DEN,2019,1,REG,L
Cam Newton,CAR,2019,2,REG,L
Kyler Murray,ARI,2019,2,REG,L
Andy Dalton,CIN,2019,2,REG,L
Philip Rivers,LAC,2019,2,REG,L
Kirk Cousins,MIN,2019,2,REG,L
Gardner Minshew,JAX,2019,2,REG,L
Ryan Fitzpatrick,MIA,2019,2,REG,L
Eli Manning,NYG,2019,2,REG,L
Ben Roethlisberger,PIT,2019,2,REG,L
Marcus Mariota,TEN,2019,2,REG,L
Case Keenum,WAS,2019,2,REG,L
Derek Carr,OAK,2019,2,REG,L
Joe Flacco,DEN,2019,2,REG,L
Drew Brees,NO,2019,2,REG,L
Carson Wentz,PHI,2019,2,REG,L
Trevor Siemian,NYJ,2019,2,REG,L
Marcus Mariota,TEN,2019,3,REG,L
Andy Dalton,CIN,2019,3,REG,L
Josh Rosen,MIA,2019,3,REG,L
Joe Flacco,DEN,2019,3,REG,L
Matt Ryan,ATL,2019,3,REG,L
Lamar Jackson,BAL,2019,3,REG,L
Derek Carr,OAK,2019,3,REG,L
Luke Falk,NYJ,2019,3,REG,L
Carson Wentz,PHI,2019,3,REG,L
Kyler Murray,ARI,2019,3,REG,L
Jameis Winston,TB,2019,3,REG,L
Philip Rivers,LAC,2019,3,REG,L
Russell Wilson,SEA,2019,3,REG,L
Mason Rudolph,PIT,2019,3,REG,L
Baker Mayfield,CLE,2019,3,REG,L
Case Keenum,WAS,2019,3,REG,L
Aaron Rodgers,GB,2019,4,REG,L
Matt Ryan,ATL,2019,4,REG,L
Lamar Jackson,BAL,2019,4,REG,L
Josh Allen,BUF,2019,4,REG,L
Matthew Stafford,DET,2019,4,REG,L
Deshaun Watson,HOU,2019,4,REG,L
Jacoby Brissett,IND,2019,4,REG,L
Josh Rosen,MIA,2019,4,REG,L
Case Keenum,WAS,2019,4,REG,L
Kyler Murray,ARI,2019,4,REG,L
Jared Goff,LA,2019,4,REG,L
Kirk Cousins,MIN,2019,4,REG,L
Joe Flacco,DEN,2019,4,REG,L
Dak Prescott,DAL,2019,4,REG,L
Andy Dalton,CIN,2019,4,REG,L
Jared Goff,LA,2019,5,REG,L
Gardner Minshew,JAX,2019,5,REG,L
Andy Dalton,CIN,2019,5,REG,L
Matt Ryan,ATL,2019,5,REG,L
Jameis Winston,TB,2019,5,REG,L
Daniel Jones,NYG,2019,5,REG,L
Chase Daniel,CHI,2019,5,REG,L
Luke Falk,NYJ,2019,5,REG,L
Mason Rudolph,PIT,2019,5,REG,L
Marcus Mariota,TEN,2019,5,REG,L
Colt McCoy,WAS,2019,5,REG,L
Philip Rivers,LAC,2019,5,REG,L
Dak Prescott,DAL,2019,5,REG,L
Patrick Mahomes,KC,2019,5,REG,L
Baker Mayfield,CLE,2019,5,REG,L
Daniel Jones,NYG,2019,6,REG,L
Jameis Winston,TB,2019,6,REG,L
Andy Dalton,CIN,2019,6,REG,L
Baker Mayfield,CLE,2019,6,REG,L
Gardner Minshew,JAX,2019,6,REG,L
Patrick Mahomes,KC,2019,6,REG,L
Josh Rosen,MIA,2019,6,REG,L
Carson Wentz,PHI,2019,6,REG,L
Matt Ryan,ATL,2019,6,REG,L
Jared Goff,LA,2019,6,REG,L
Marcus Mariota,TEN,2019,6,REG,L
Dak Prescott,DAL,2019,6,REG,L
Philip Rivers,LAC,2019,6,REG,L
Matthew Stafford,DET,2019,6,REG,L
Joe Flacco,DEN,2019,7,REG,L
Matt Ryan,ATL,2019,7,REG,L
Ryan Fitzpatrick,MIA,2019,7,REG,L
Andy Dalton,CIN,2019,7,REG,L
Matthew Stafford,DET,2019,7,REG,L
Derek Carr,OAK,2019,7,REG,L
Deshaun Watson,HOU,2019,7,REG,L
Daniel Jones,NYG,2019,7,REG,L
Case Keenum,WAS,2019,7,REG,L
Philip Rivers,LAC,2019,7,REG,L
Mitch Trubisky,CHI,2019,7,REG,L
Russell Wilson,SEA,2019,7,REG,L
Carson Wentz,PHI,2019,7,REG,L
Sam Darnold,NYJ,2019,7,REG,L
Case Keenum,WAS,2019,8,REG,L
Matt Schaub,ATL,2019,8,REG,L
Josh Allen,BUF,2019,8,REG,L
Mitch Trubisky,CHI,2019,8,REG,L
Daniel Jones,NYG,2019,8,REG,L
Joe Flacco,DEN,2019,8,REG,L
Sam Darnold,NYJ,2019,8,REG,L
Andy Dalton,CIN,2019,8,REG,L
Kyler Murray,ARI,2019,8,REG,L
Jameis Winston,TB,2019,8,REG,L
Cam Newton,CAR,2019,8,REG,L
Derek Carr,OAK,2019,8,REG,L
Baker Mayfield,CLE,2019,8,REG,L
Matt Moore,KC,2019,8,REG,L
Ryan Fitzpatrick,MIA,2019,8,REG,L
Kyler Murray,ARI,2019,9,REG,L
Gardner Minshew,JAX,2019,9,REG,L
Dwayne Haskins,WAS,2019,9,REG,L
Ryan Tannehill,TEN,2019,9,REG,L
Kirk Cousins,MIN,2019,9,REG,L
Sam Darnold,NYJ,2019,9,REG,L
Mitch Trubisky,CHI,2019,9,REG,L
Jacoby Brissett,IND,2019,9,REG,L
Matthew Stafford,DET,2019,9,REG,L
Jameis Winston,TB,2019,9,REG,L
Baker Mayfield,CLE,2019,9,REG,L
Aaron Rodgers,GB,2019,9,REG,L
Tom Brady,NE,2019,9,REG,L
Daniel Jones,NYG,2019,9,REG,L
Philip Rivers,LAC,2019,10,REG,L
Jeff Driskel,DET,2019,10,REG,L
Ryan Finley,CIN,2019,10,REG,L
Josh Allen,BUF,2019,10,REG,L
Drew Brees,NO,2019,10,REG,L
Daniel Jones,NYG,2019,10,REG,L
Kyler Murray,ARI,2019,10,REG,L
Patrick Mahomes,KC,2019,10,REG,L
Brian Hoyer,IND,2019,10,REG,L
Kyle Allen,CAR,2019,10,REG,L
Jared Goff,LA,2019,10,REG,L
Dak Prescott,DAL,2019,10,REG,L
Jimmy Garoppolo,SF,2019,10,REG,L
Mason Rudolph,PIT,2019,11,REG,L
Deshaun Watson,HOU,2019,11,REG,L
Kyle Allen,CAR,2019,11,REG,L
Jeff Driskel,DET,2019,11,REG,L
Nick Foles,JAX,2019,11,REG,L
Ryan Fitzpatrick,MIA,2019,11,REG,L
Brandon Allen,DEN,2019,11,REG,L
Jameis Winston,TB,2019,11,REG,L
Dwayne Haskins,WAS,2019,11,REG,L
Kyler Murray,ARI,2019,11,REG,L
Ryan Finley,CIN,2019,11,REG,L
Carson Wentz,PHI,2019,11,REG,L
Mitch Trubisky,CHI,2019,11,REG,L
Philip Rivers,LAC,2019,11,REG,L
Jacoby Brissett,IND,2019,12,REG,L
Matt Ryan,ATL,2019,12,REG,L
Brandon Allen,DEN,2019,12,REG,L
Daniel Jones,NYG,2019,12,REG,L
Ryan Finley,CIN,2019,12,REG,L
Ryan Fitzpatrick,MIA,2019,12,REG,L
Kyle Allen,CAR,2019,12,REG,L
Derek Carr,OAK,2019,12,REG,L
Carson Wentz,PHI,2019,12,REG,L
Jeff Driskel,DET,2019,12,REG,L
Nick Foles,JAX,2019,12,REG,L
Dak Prescott,DAL,2019,12,REG,L
Aaron Rodgers,GB,2019,12,REG,L
Jared Goff,LA,2019,12,REG,L
David Blough,DET,2019,13,REG,L
Dak Prescott,DAL,2019,13,REG,L
Matt Ryan,ATL,2019,13,REG,L
Jimmy Garoppolo,SF,2019,13,REG,L
Kyle Allen,CAR,2019,13,REG,L
Sam Darnold,NYJ,2019,13,REG,L
Jacoby Brissett,IND,2019,13,REG,L
Nick Foles,JAX,2019,13,REG,L
Carson Wentz,PHI,2019,13,REG,L
Daniel Jones,NYG,2019,13,REG,L
Baker Mayfield,CLE,2019,13,REG,L
Kyler Murray,ARI,2019,13,REG,L
Philip Rivers,LAC,2019,13,REG,L
Derek Carr,OAK,2019,13,REG,L
Tom Brady,NE,2019,13,REG,L
Kirk Cousins,MIN,2019,13,REG,L
Dak Prescott,DAL,2019,14,REG,L
Kyle Allen,CAR,2019,14,REG,L
Josh Allen,BUF,2019,14,REG,L
Andy Dalton,CIN,2019,14,REG,L
Dwayne Haskins,WAS,2019,14,REG,L
Deshaun Watson,HOU,2019,14,REG,L
David Blough,DET,2019,14,REG,L
Drew Brees,NO,2019,14,REG,L
Ryan Fitzpatrick,MIA,2019,14,REG,L
Jacoby Brissett,IND,2019,14,REG,L
Gardner Minshew,JAX,2019,14,REG,L
Kyler Murray,ARI,2019,14,REG,L
Tom Brady,NE,2019,14,REG,L
Derek Carr,OAK,2019,14,REG,L
Russell Wilson,SEA,2019,14,REG,L
Eli Manning,NYG,2019,14,REG,L
Sam Darnold,NYJ,2019,15,REG,L
Kyle Allen,CAR,2019,15,REG,L
Andy Dalton,CIN,2019,15,REG,L
David Blough,DET,2019,15,REG,L
Mitch Trubisky,CHI,2019,15,REG,L
Drew Lock,DEN,2019,15,REG,L
Ryan Fitzpatrick,MIA,2019,15,REG,L
Ryan Tannehill,TEN,2019,15,REG,L
Dwayne Haskins,WAS,2019,15,REG,L
Baker Mayfield,CLE,2019,15,REG,L
Philip Rivers,LAC,2019,15,REG,L
Derek Carr,OAK,2019,15,REG,L
Jared Goff,LA,2019,15,REG,L
Jimmy Garoppolo,SF,2019,15,REG,L
Devlin Hodges,PIT,2019,15,REG,L
Jacoby Brissett,IND,2019,15,REG,L
Jameis Winston,TB,2019,16,REG,L
Josh Allen,BUF,2019,16,REG,L
Jared Goff,LA,2019,16,REG,L
Gardner Minshew,JAX,2019,16,REG,L
Baker Mayfield,CLE,2019,16,REG,L
Will Grier,CAR,2019,16,REG,L
Andy Dalton,CIN,2019,16,REG,L
Devlin Hodges,PIT,2019,16,REG,L
Ryan Tannehill,TEN,2019,16,REG,L
Dwayne Haskins,WAS,2019,16,REG,L
David Blough,DET,2019,16,REG,L
Philip Rivers,LAC,2019,16,REG,L
Dak Prescott,DAL,2019,16,REG,L
Russell Wilson,SEA,2019,16,REG,L
Mitch Trubisky,CHI,2019,16,REG,L
Kirk Cousins,MIN,2019,16,REG,L
Matt Barkley,BUF,2019,17,REG,L
Will Grier,CAR,2019,17,REG,L
Baker Mayfield,CLE,2019,17,REG,L
David Blough,DET,2019,17,REG,L
Philip Rivers,LAC,2019,17,REG,L
Sean Mannion,MIN,2019,17,REG,L
Tom Brady,NE,2019,17,REG,L
Jameis Winston,TB,2019,17,REG,L
Devlin Hodges,PIT,2019,17,REG,L
Case Keenum,WAS,2019,17,REG,L
Derek Carr,OAK,2019,17,REG,L
A.J. McCarron,HOU,2019,17,REG,L
Jacoby Brissett,IND,2019,17,REG,L
Kyler Murray,ARI,2019,17,REG,L
Daniel Jones,NYG,2019,17,REG,L
Russell Wilson,SEA,2019,17,REG,L
Josh Allen,BUF,2019,18,WC,L
Tom Brady,NE,2019,18,WC,L
Drew Brees,NO,2019,18,WC,L
Carson Wentz,PHI,2019,18,WC,L
Kirk Cousins,MIN,2019,19,DIV,L
Lamar Jackson,BAL,2019,19,DIV,L
Deshaun Watson,HOU,2019,19,DIV,L
Russell Wilson,SEA,2019,19,DIV,L
Ryan Tannehill,TEN,2019,20,CON,L
Aaron Rodgers,GB,2019,20,CON,L
Jimmy Garoppolo,SF,2019,21,SB,L
Deshaun Watson,HOU,2020,1,REG,L
Matt Ryan,ATL,2020,1,REG,L
Baker Mayfield,CLE,2020,1,REG,L
Sam Darnold,NYJ,2020,1,REG,L
Teddy Bridgewater,CAR,2020,1,REG,L
Matthew Stafford,DET,2020,1,REG,L
Philip Rivers,IND,2020,1,REG,L
Kirk Cousins,MIN,2020,1,REG,L
Ryan Fitzpatrick,MIA,2020,1,REG,L
Carson Wentz,PHI,2020,1,REG,L
Joe Burrow,CIN,2020,1,REG,L
Tom Brady,TB,2020,1,REG,L
Jimmy Garoppolo,SF,2020,1,REG,L
Dak Prescott,DAL,2020,1,REG,L
Daniel Jones,NYG,2020,1,REG,L
Drew Lock,DEN,2020,1,REG,L
Joe Burrow,CIN,2020,2,REG,L
Daniel Jones,NYG,2020,2,REG,L
Matt Ryan,ATL,2020,2,REG,L
Matthew Stafford,DET,2020,2,REG,L
Kirk Cousins,MIN,2020,2,REG,L
Ryan Fitzpatrick,MIA,2020,2,REG,L
Sam Darnold,NYJ,2020,2,REG,L
Carson Wentz,PHI,2020,2,REG,L
Drew Lock,DEN,2020,2,REG,L
Teddy Bridgewater,CAR,2020,2,REG,L
Gardner Minshew,JAX,2020,2,REG,L
Dwayne Haskins,WAS,2020,2,REG,L
Deshaun Watson,HOU,2020,2,REG,L
Justin Herbert,LAC,2020,2,REG,L
Cam Newton,NE,2020,2,REG,L
Drew Brees,NO,2020,2,REG,L
Gardner Minshew,JAX,2020,3,REG,L
Matt Ryan,ATL,2020,3,REG,L
Jared Goff,LA,2020,3,REG,L
Dwayne Haskins,WAS,2020,3,REG,L
Kirk Cousins,MIN,2020,3,REG,L
Derek Carr,LV,2020,3,REG,L
Daniel Jones,NYG,2020,3,REG,L
Carson Wentz,PHI,2020,3,REG,L
Deshaun Watson,HOU,2020,3,REG,L
Sam Darnold,NYJ,2020,3,REG,L
Justin Herbert,LAC,2020,3,REG,L
Kyler Murray,ARI,2020,3,REG,L
Jeff Driskel,DEN,2020,3,REG,L
Dak Prescott,DAL,2020,3,REG,L
Drew Brees,NO,2020,3,REG,L
Lamar Jackson,BAL,2020,3,REG,L
Sam Darnold,NYJ,2020,4,REG,L
Kyler Murray,ARI,2020,4,REG,L
Gardner Minshew II,JAX,2020,4,REG,L
Dak Prescott,DAL,2020,4,REG,L
Matthew Stafford,DET,2020,4,REG,L
Deshaun Watson,HOU,2020,4,REG,L
Ryan Fitzpatrick,MIA,2020,4,REG,L
Justin Herbert,LAC,2020,4,REG,L
Dwayne Haskins,WAS,2020,4,REG,L
Daniel Jones,NYG,2020,4,REG,L
Nick Foles,CHI,2020,4,REG,L
Derek Carr,LV,2020,4,REG,L
Nick Mullens,SF,2020,4,REG,L
Brian Hoyer,NE,2020,4,REG,L
Matt Ryan,ATL,2020,4,REG,L
Tom Brady,TB,2020,5,REG,L
Matt Ryan,ATL,2020,5,REG,L
Joe Burrow,CIN,2020,5,REG,L
Gardner Minshew II,JAX,2020,5,REG,L
Patrick Mahomes,KC,2020,5,REG,L
Joe Flacco,NYJ,2020,5,REG,L
Carson Wentz,PHI,2020,5,REG,L
Kyle Allen,WAS,2020,5,REG,L
Jimmy Garoppolo,SF,2020,5,REG,L
Philip Rivers,IND,2020,5,REG,L
Daniel Jones,NYG,2020,5,REG,L
Kirk Cousins,MIN,2020,5,REG,L
Justin Herbert,LAC,2020,5,REG,L
Josh Allen,BUF,2020,5,REG,L
Teddy Bridgewater,CAR,2020,6,REG,L
Joe Burrow,CIN,2020,6,REG,L
Gardner Minshew II,JAX,2020,6,REG,L
Kirk Cousins,MIN,2020,6,REG,L
Cam Newton,NE,2020,6,REG,L
Kyle Allen,WAS,2020,6,REG,L
Carson Wentz,PHI,2020,6,REG,L
Baker Mayfield,CLE,2020,6,REG,L
Deshaun Watson,HOU,2020,6,REG,L
Joe Flacco,NYJ,2020,6,REG,L
Aaron Rodgers,GB,2020,6,REG,L
Jared Goff,LA,2020,6,REG,L
Josh Allen,BUF,2020,6,REG,L
Andy Dalton,DAL,2020,6,REG,L
Daniel Jones,NYG,2020,7,REG,L
Matt Ryan,ATL,2020,7,REG,L
Joe Burrow,CIN,2020,7,REG,L
Deshaun Watson,HOU,2020,7,REG,L
Teddy Bridgewater,CAR,2020,7,REG,L
Sam Darnold,NYJ,2020,7,REG,L
Ryan Tannehill,TEN,2020,7,REG,L
Andy Dalton,DAL,2020,7,REG,L
Derek Carr,LV,2020,7,REG,L
Drew Lock,DEN,2020,7,REG,L
Gardner Minshew II,JAX,2020,7,REG,L
Cam Newton,NE,2020,7,REG,L
Russell Wilson,SEA,2020,7,REG,L
Nick Foles,CHI,2020,7,REG,L
Teddy Bridgewater,CAR,2020,8,REG,L
Lamar Jackson,BAL,2020,8,REG,L
Cam Newton,NE,2020,8,REG,L
Ryan Tannehill,TEN,2020,8,REG,L
Baker Mayfield,CLE,2020,8,REG,L
Matthew Stafford,DET,2020,8,REG,L
Aaron Rodgers,GB,2020,8,REG,L
Sam Darnold,NYJ,2020,8,REG,L
Jared Goff,LA,2020,8,REG,L
Justin Herbert,LAC,2020,8,REG,L
Nick Foles,CHI,2020,8,REG,L
Jimmy Garoppolo,SF,2020,8,REG,L
Ben DiNucci,DAL,2020,8,REG,L
Daniel Jones,NYG,2020,8,REG,L
Nick Mullens,SF,2020,9,REG,L
Drew Lock,DEN,2020,9,REG,L
Russell Wilson,SEA,2020,9,REG,L
Philip Rivers,IND,2020,9,REG,L
Jake Luton,JAX,2020,9,REG,L
Teddy Bridgewater,CAR,2020,9,REG,L
Matthew Stafford,DET,2020,9,REG,L
Nick Foles,CHI,2020,9,REG,L
Kyle Allen,WAS,2020,9,REG,L
Justin Herbert,LAC,2020,9,REG,L
Kyler Murray,ARI,2020,9,REG,L
Garrett Gilbert,DAL,2020,9,REG,L
Tom Brady,TB,2020,9,REG,L
Joe Flacco,NYJ,2020,9,REG,L
Ryan Tannehill,TEN,2020,10,REG,L
Teddy Bridgewater,CAR,2020,10,REG,L
Deshaun Watson,HOU,2020,10,REG,L
Alex Smith,WAS,2020,10,REG,L
Jake Luton,JAX,2020,10,REG,L
Carson Wentz,PHI,2020,10,REG,L
Josh Allen,BUF,2020,10,REG,L
Drew Lock,DEN,2020,10,REG,L
Justin Herbert,LAC,2020,10,REG,L
Russell Wilson,SEA,2020,10,REG,L
Nick Mullens,SF,2020,10,REG,L
Joe Burrow,CIN,2020,10,REG,L
Lamar Jackson,BAL,2020,10,REG,L
Nick Foles,CHI,2020,10,REG,L
Kyler Murray,ARI,2020,11,REG,L
Lamar Jackson,BAL,2020,11,REG,L
Matthew Stafford,DET,2020,11,REG,L
Carson Wentz,PHI,2020,11,REG,L
Cam Newton,NE,2020,11,REG,L
Jake Luton,JAX,2020,11,REG,L
Matt Ryan,ATL,2020,11,REG,L
Joe Burrow,CIN,2020,11,REG,L
Tua Tagovailoa,MIA,2020,11,REG,L
Joe Flacco,NYJ,2020,11,REG,L
Aaron Rodgers,GB,2020,11,REG,L
Kirk Cousins,MIN,2020,11,REG,L
Derek Carr,LV,2020,11,REG,L
Tom Brady,TB,2020,11,REG,L
Matthew Stafford,DET,2020,12,REG,L
Andy Dalton,DAL,2020,12,REG,L
Derek Carr,LV,2020,12,REG,L
Justin Herbert,LAC,2020,12,REG,L
Brandon Allen,CIN,2020,12,REG,L
Philip Rivers,IND,2020,12,REG,L
Mike Glennon,JAX,2020,12,REG,L
Teddy Bridgewater,CAR,2020,12,REG,L
Kyler Murray,ARI,2020,12,REG,L
Sam Darnold,NYJ,2020,12,REG,L
Kendall Hinton,DEN,2020,12,REG,L
Jared Goff,LA,2020,12,REG,L
Tom Brady,TB,2020,12,REG,L
Mitch Trubisky,CHI,2020,12,REG,L
Carson Wentz,PHI,2020,12,REG,L
Robert Griffin,BAL,2020,12,REG,L
Matt Ryan,ATL,2020,13,REG,L
Mitch Trubisky,CHI,2020,13,REG,L
Deshaun Watson,HOU,2020,13,REG,L
Brandon Allen,CIN,2020,13,REG,L
Mike Glennon,JAX,2020,13,REG,L
Sam Darnold,NYJ,2020,13,REG,L
Ryan Tannehill,TEN,2020,13,REG,L
Kyler Murray,ARI,2020,13,REG,L
Russell Wilson,SEA,2020,13,REG,L
Carson Wentz,PHI,2020,13,REG,L
Justin Herbert,LAC,2020,13,REG,L
Drew Lock,DEN,2020,13,REG,L
Ben Roethlisberger,PIT,2020,13,REG,L
Nick Mullens,SF,2020,13,REG,L
Andy Dalton,DAL,2020,13,REG,L
Cam Newton,NE,2020,14,REG,L
Teddy Bridgewater,CAR,2020,14,REG,L
Deshaun Watson,HOU,2020,14,REG,L
Brandon Allen,CIN,2020,14,REG,L
Mike Glennon,JAX,2020,14,REG,L
Tua Tagovailoa,MIA,2020,14,REG,L
Daniel Jones,NYG,2020,14,REG,L
Kirk Cousins,MIN,2020,14,REG,L
Derek Carr,LV,2020,14,REG,L
Sam Darnold,NYJ,2020,14,REG,L
Matthew Stafford,DET,2020,14,REG,L
Matt Ryan,ATL,2020,14,REG,L
Taysom Hill,NO,2020,14,REG,L
Nick Mullens,SF,2020,14,REG,L
Ben Roethlisberger,PIT,2020,14,REG,L
Baker Mayfield,CLE,2020,14,REG,L
Derek Carr,LV,2020,15,REG,L
Drew Lock,DEN,2020,15,REG,L
Teddy Bridgewater,CAR,2020,15,REG,L
Matt Ryan,ATL,2020,15,REG,L
Gardner Minshew II,JAX,2020,15,REG,L
Nick Mullens,SF,2020,15,REG,L
Deshaun Watson,HOU,2020,15,REG,L
Cam Newton,NE,2020,15,REG,L
Kirk Cousins,MIN,2020,15,REG,L
Matthew Stafford,DET,2020,15,REG,L
Dwayne Haskins,WAS,2020,15,REG,L
Jalen Hurts,PHI,2020,15,REG,L
Jared Goff,LA,2020,15,REG,L
Drew Brees,NO,2020,15,REG,L
Colt McCoy,NYG,2020,15,REG,L
Ben Roethlisberger,PIT,2020,15,REG,L
Kirk Cousins,MIN,2020,16,REG,L
Matthew Stafford,DET,2020,16,REG,L
Kyler Murray,ARI,2020,16,REG,L
Derek Carr,LV,2020,16,REG,L
Daniel Jones,NYG,2020,16,REG,L
Deshaun Watson,HOU,2020,16,REG,L
Mike Glennon,JAX,2020,16,REG,L
Matt Ryan,ATL,2020,16,REG,L
Baker Mayfield,CLE,2020,16,REG,L
Philip Rivers,IND,2020,16,REG,L
Drew Lock,DEN,2020,16,REG,L
Dwayne Haskins,WAS,2020,16,REG,L
Jalen Hurts,PHI,2020,16,REG,L
Jared Goff,LA,2020,16,REG,L
Ryan Tannehill,TEN,2020,16,REG,L
Cam Newton,NE,2020,16,REG,L
Tua Tagovailoa,MIA,2020,17,REG,L
Brandon Allen,CIN,2020,17,REG,L
Mason Rudolph,PIT,2020,17,REG,L
Matthew Stafford,DET,2020,17,REG,L
Sam Darnold,NYJ,2020,17,REG,L
Andy Dalton,DAL,2020,17,REG,L
Matt Ryan,ATL,2020,17,REG,L
Teddy Bridgewater,CAR,2020,17,REG,L
Mitch Trubisky,CHI,2020,17,REG,L
Drew Lock,DEN,2020,17,REG,L
Deshaun Watson,HOU,2020,17,REG,L
Mike Glennon,JAX,2020,17,REG,L
Chad Henne,KC,2020,17,REG,L
Kyler Murray,ARI,2020,17,REG,L
C.J. Beathard,SF,2020,17,REG,L
Jalen Hurts,PHI,2020,17,REG,L
Philip Rivers,IND,2020,18,WC,L
Russell Wilson,SEA,2020,18,WC,L
Taylor Heinicke,WAS,2020,18,WC,L
Ryan Tannehill,TEN,2020,18,WC,L
Mitch Trubisky,CHI,2020,18,WC,L
Ben Roethlisberger,PIT,2020,18,WC,L
Jared Goff,LA,2020,19,DIV,L
Lamar Jackson,BAL,2020,19,DIV,L
Baker Mayfield,CLE,2020,19,DIV,L
Drew Brees,NO,2020,19,DIV,L
Aaron Rodgers,GB,2020,20,CON,L
Josh Allen,BUF,2020,20,CON,L
Patrick Mahomes,KC,2020,21,SB,L
Dak Prescott,DAL,2021,1,REG,L
Matt Ryan,ATL,2021,1,REG,L
Josh Allen,BUF,2021,1,REG,L
Zach Wilson,NYJ,2021,1,REG,L
Kirk Cousins,MIN,2021,1,REG,L
Jared Goff,DET,2021,1,REG,L
Trevor Lawrence,JAX,2021,1,REG,L
Carson Wentz,IND,2021,1,REG,L
Ryan Tannehill,TEN,2021,1,REG,L
Ryan Fitzpatrick,WAS,2021,1,REG,L
Baker Mayfield,CLE,2021,1,REG,L
Mac Jones,NE,2021,1,REG,L
Aaron Rodgers,GB,2021,1,REG,L
Daniel Jones,NYG,2021,1,REG,L
Andy Dalton,CHI,2021,1,REG,L
Lamar Jackson,BAL,2021,1,REG,L
Daniel Jones,NYG,2021,2,REG,L
Jameis Winston,NO,2021,2,REG,L
Joe Burrow,CIN,2021,2,REG,L
Tyrod Taylor,HOU,2021,2,REG,L
Carson Wentz,IND,2021,2,REG,L
Trevor Lawrence,JAX,2021,2,REG,L
Tua Tagovailoa,MIA,2021,2,REG,L
Zach Wilson,NYJ,2021,2,REG,L
Jalen Hurts,PHI,2021,2,REG,L
Ben Roethlisberger,PIT,2021,2,REG,L
Kirk Cousins,MIN,2021,2,REG,L
Matt Ryan,ATL,2021,2,REG,L
Justin Herbert,LAC,2021,2,REG,L
Russell Wilson,SEA,2021,2,REG,L
Patrick Mahomes,KC,2021,2,REG,L
Jared Goff,DET,2021,2,REG,L
Davis Mills,HOU,2021,3,REG,L
Taylor Heinicke,WAS,2021,3,REG,L
Justin Fields,CHI,2021,3,REG,L
Jared Goff,DET,2021,3,REG,L
Trevor Lawrence,JAX,2021,3,REG,L
Patrick Mahomes,KC,2021,3,REG,L
Mac Jones,NE,2021,3,REG,L
Daniel Jones,NYG,2021,3,REG,L
Ben Roethlisberger,PIT,2021,3,REG,L
Carson Wentz,IND,2021,3,REG,L
Zach Wilson,NYJ,2021,3,REG,L
Jacoby Brissett,MIA,2021,3,REG,L
Tom Brady,TB,2021,3,REG,L
Russell Wilson,SEA,2021,3,REG,L
Jimmy Garoppolo,SF,2021,3,REG,L
Jalen Hurts,PHI,2021,3,REG,L
Trevor Lawrence,JAX,2021,4,REG,L
Matt Ryan,ATL,2021,4,REG,L
Davis Mills,HOU,2021,4,REG,L
Jared Goff,DET,2021,4,REG,L
Sam Darnold,CAR,2021,4,REG,L
Jacoby Brissett,MIA,2021,4,REG,L
Kirk Cousins,MIN,2021,4,REG,L
Jameis Winston,NO,2021,4,REG,L
Ryan Tannehill,TEN,2021,4,REG,L
Jalen Hurts,PHI,2021,4,REG,L
Matthew Stafford,LA,2021,4,REG,L
Jimmy Garoppolo,SF,2021,4,REG,L
Teddy Bridgewater,DEN,2021,4,REG,L
Ben Roethlisberger,PIT,2021,4,REG,L
Mac Jones,NE,2021,4,REG,L
Derek Carr,LV,2021,4,REG,L
Russell Wilson,SEA,2021,5,REG,L
Zach Wilson,NYJ,2021,5,REG,L
Sam Darnold,CAR,2021,5,REG,L
Joe Burrow,CIN,2021,5,REG,L
Davis Mills,HOU,2021,5,REG,L
Trevor Lawrence,JAX,2021,5,REG,L
Jared Goff,DET,2021,5,REG,L
Teddy Bridgewater,DEN,2021,5,REG,L
Jacoby Brissett,MIA,2021,5,REG,L
Taylor Heinicke,WAS,2021,5,REG,L
Baker Mayfield,CLE,2021,5,REG,L
Derek Carr,LV,2021,5,REG,L
Trey Lance,SF,2021,5,REG,L
Daniel Jones,NYG,2021,5,REG,L
Patrick Mahomes,KC,2021,5,REG,L
Carson Wentz,IND,2021,5,REG,L
Jalen Hurts,PHI,2021,6,REG,L
Tua Tagovailoa,MIA,2021,6,REG,L
Justin Herbert,LAC,2021,6,REG,L
Sam Darnold,CAR,2021,6,REG,L
Justin Fields,CHI,2021,6,REG,L
Jared Goff,DET,2021,6,REG,L
Davis Mills,HOU,2021,6,REG,L
Daniel Jones,NYG,2021,6,REG,L
Taylor Heinicke,WAS,2021,6,REG,L
Baker Mayfield,CLE,2021,6,REG,L
Teddy Bridgewater,DEN,2021,6,REG,L
Mac Jones,NE,2021,6,REG,L
Geno Smith,SEA,2021,6,REG,L
Josh Allen,BUF,2021,6,REG,L
Teddy Bridgewater,DEN,2021,7,REG,L
Lamar Jackson,BAL,2021,7,REG,L
Taylor Heinicke,WAS,2021,7,REG,L
Tua Tagovailoa,MIA,2021,7,REG,L
Zach Wilson,NYJ,2021,7,REG,L
Sam Darnold,CAR,2021,7,REG,L
Patrick Mahomes,KC,2021,7,REG,L
Jared Goff,DET,2021,7,REG,L
Jalen Hurts,PHI,2021,7,REG,L
Davis Mills,HOU,2021,7,REG,L
Justin Fields,CHI,2021,7,REG,L
Jimmy Garoppolo,SF,2021,7,REG,L
Geno Smith,SEA,2021,7,REG,L
Kyler Murray,ARI,2021,8,REG,L
Matt Ryan,ATL,2021,8,REG,L
Tua Tagovailoa,MIA,2021,8,REG,L
Justin Fields,CHI,2021,8,REG,L
Baker Mayfield,CLE,2021,8,REG,L
Jared Goff,DET,2021,8,REG,L
Davis Mills,HOU,2021,8,REG,L
Carson Wentz,IND,2021,8,REG,L
Joe Burrow,CIN,2021,8,REG,L
Justin Herbert,LAC,2021,8,REG,L
Trevor Lawrence,JAX,2021,8,REG,L
Taylor Heinicke,WAS,2021,8,REG,L
Tom Brady,TB,2021,8,REG,L
Kirk Cousins,MIN,2021,8,REG,L
Daniel Jones,NYG,2021,8,REG,L
Mike White,NYJ,2021,9,REG,L
Kirk Cousins,MIN,2021,9,REG,L
Sam Darnold,CAR,2021,9,REG,L
Joe Burrow,CIN,2021,9,REG,L
Dak Prescott,DAL,2021,9,REG,L
Josh Allen,BUF,2021,9,REG,L
Tyrod Taylor,HOU,2021,9,REG,L
Trevor Siemian,NO,2021,9,REG,L
Derek Carr,LV,2021,9,REG,L
Jalen Hurts,PHI,2021,9,REG,L
Jordan Love,GB,2021,9,REG,L
Jimmy Garoppolo,SF,2021,9,REG,L
Matthew Stafford,LA,2021,9,REG,L
Justin Fields,CHI,2021,9,REG,L
Lamar Jackson,BAL,2021,10,REG,L
Matt Ryan,ATL,2021,10,REG,L
Trevor Lawrence,JAX,2021,10,REG,L
Baker Mayfield,CLE,2021,10,REG,L
Mike White,NYJ,2021,10,REG,L
Mason Rudolph,PIT,2021,10,REG,L
Trevor Siemian,NO,2021,10,REG,L
Tom Brady,TB,2021,10,REG,L
Colt McCoy,ARI,2021,10,REG,L
Justin Herbert,LAC,2021,10,REG,L
Teddy Bridgewater,DEN,2021,10,REG,L
Russell Wilson,SEA,2021,10,REG,L
Derek Carr,LV,2021,10,REG,L
Matthew Stafford,LA,2021,10,REG,L
Matt Ryan,ATL,2021,11,REG,L
Josh Allen,BUF,2021,11,REG,L
Cam Newton,CAR,2021,11,REG,L
Justin Fields,CHI,2021,11,REG,L
Tim Boyle,DET,2021,11,REG,L
Trevor Lawrence,JAX,2021,11,REG,L
Aaron Rodgers,GB,2021,11,REG,L
Joe Flacco,NYJ,2021,11,REG,L
Trevor Siemian,NO,2021,11,REG,L
Ryan Tannehill,TEN,2021,11,REG,L
Derek Carr,LV,2021,11,REG,L
Dak Prescott,DAL,2021,11,REG,L
Russell Wilson,SEA,2021,11,REG,L
Ben Roethlisberger,PIT,2021,11,REG,L
Daniel Jones,NYG,2021,11,REG,L
Jared Goff,DET,2021,12,REG,L
Dak Prescott,DAL,2021,12,REG,L
Trevor Siemian,NO,2021,12,REG,L
Ben Roethlisberger,PIT,2021,12,REG,L
Tyrod Taylor,HOU,2021,12,REG,L
Carson Wentz,IND,2021,12,REG,L
Trevor Lawrence,JAX,2021,12,REG,L
Cam Newton,CAR,2021,12,REG,L
Ryan Tannehill,TEN,2021,12,REG,L
Jalen Hurts,PHI,2021,12,REG,L
Justin Herbert,LAC,2021,12,REG,L
Matthew Stafford,LA,2021,12,REG,L
Kirk Cousins,MIN,2021,12,REG,L
Baker Mayfield,CLE,2021,12,REG,L
Russell Wilson,SEA,2021,12,REG,L
Taysom Hill,NO,2021,13,REG,L
Matt Ryan,ATL,2021,13,REG,L
Andy Dalton,CHI,2021,13,REG,L
Joe Burrow,CIN,2021,13,REG,L
Kirk Cousins,MIN,2021,13,REG,L
Tyrod Taylor,HOU,2021,13,REG,L
Mike Glennon,NYG,2021,13,REG,L
Zach Wilson,NYJ,2021,13,REG,L
Trevor Lawrence,JAX,2021,13,REG,L
Derek Carr,LV,2021,13,REG,L
Lamar Jackson,BAL,2021,13,REG,L
Jimmy Garoppolo,SF,2021,13,REG,L
Teddy Bridgewater,DEN,2021,13,REG,L
Josh Allen,BUF,2021,13,REG,L
Ben Roethlisberger,PIT,2021,14,REG,L
Cam Newton,CAR,2021,14,REG,L
Lamar Jackson,BAL,2021,14,REG,L
Davis Mills,HOU,2021,14,REG,L
Derek Carr,LV,2021,14,REG,L
Zach Wilson,NYJ,2021,14,REG,L
Trevor Lawrence,JAX,2021,14,REG,L
Taylor Heinicke,WAS,2021,14,REG,L
Jared Goff,DET,2021,14,REG,L
Mike Glennon,NYG,2021,14,REG,L
Joe Burrow,CIN,2021,14,REG,L
Josh Allen,BUF,2021,14,REG,L
Justin Fields,CHI,2021,14,REG,L
Kyler Murray,ARI,2021,14,REG,L
Justin Herbert,LAC,2021,15,REG,L
Mac Jones,NE,2021,15,REG,L
Cam Newton,CAR,2021,15,REG,L
Kyler Murray,ARI,2021,15,REG,L
Trevor Lawrence,JAX,2021,15,REG,L
Zach Wilson,NYJ,2021,15,REG,L
Mike Glennon,NYG,2021,15,REG,L
Ryan Tannehill,TEN,2021,15,REG,L
Teddy Bridgewater,DEN,2021,15,REG,L
Matt Ryan,ATL,2021,15,REG,L
Tyler Huntley,BAL,2021,15,REG,L
Tom Brady,TB,2021,15,REG,L
Nick Mullens,CLE,2021,15,REG,L
Justin Fields,CHI,2021,15,REG,L
Russell Wilson,SEA,2021,15,REG,L
Garrett Gilbert,WAS,2021,15,REG,L
Jimmy Garoppolo,SF,2021,16,REG,L
Baker Mayfield,CLE,2021,16,REG,L
Kyler Murray,ARI,2021,16,REG,L
Tim Boyle,DET,2021,16,REG,L
Sam Darnold,CAR,2021,16,REG,L
Josh Johnson,BAL,2021,16,REG,L
Justin Herbert,LAC,2021,16,REG,L
Kirk Cousins,MIN,2021,16,REG,L
Mac Jones,NE,2021,16,REG,L
Trevor Lawrence,JAX,2021,16,REG,L
Jake Fromm,NYG,2021,16,REG,L
Russell Wilson,SEA,2021,16,REG,L
Ben Roethlisberger,PIT,2021,16,REG,L
Drew Lock,DEN,2021,16,REG,L
Taylor Heinicke,WAS,2021,16,REG,L
Ian Book,NO,2021,16,REG,L
Tyler Huntley,BAL,2021,17,REG,L
Matt Ryan,ATL,2021,17,REG,L
Mike Glennon,NYG,2021,17,REG,L
Patrick Mahomes,KC,2021,17,REG,L
Carson Wentz,IND,2021,17,REG,L
Trevor Lawrence,JAX,2021,17,REG,L
Zach Wilson,NYJ,2021,17,REG,L
Tua Tagovailoa,MIA,2021,17,REG,L
Taylor Heinicke,WAS,2021,17,REG,L
Drew Lock,DEN,2021,17,REG,L
Davis Mills,HOU,2021,17,REG,L
Dak Prescott,DAL,2021,17,REG,L
Sam Darnold,CAR,2021,17,REG,L
Tim Boyle,DET,2021,17,REG,L
Sean Mannion,MIN,2021,17,REG,L
Baker Mayfield,CLE,2021,17,REG,L
Drew Lock,DEN,2021,18,REG,L
Gardner Minshew,PHI,2021,18,REG,L
Tyler Huntley,BAL,2021,18,REG,L
Brandon Allen,CIN,2021,18,REG,L
Aaron Rodgers,GB,2021,18,REG,L
Davis Mills,HOU,2021,18,REG,L
Carson Wentz,IND,2021,18,REG,L
Andy Dalton,CHI,2021,18,REG,L
Jake Fromm,NYG,2021,18,REG,L
Kyler Murray,ARI,2021,18,REG,L
Matt Ryan,ATL,2021,18,REG,L
Zach Wilson,NYJ,2021,18,REG,L
Matthew Stafford,LA,2021,18,REG,L
Mac Jones,NE,2021,18,REG,L
Sam Darnold,CAR,2021,18,REG,L
Justin Herbert,LAC,2021,18,REG,L
Derek Carr,LV,2021,19,WC,L
Mac Jones,NE,2021,19,WC,L
Jalen Hurts,PHI,2021,19,WC,L
Dak Prescott,DAL,2021,19,WC,L
Ben Roethlisberger,PIT,2021,19,WC,L
Kyler Murray,ARI,2021,19,WC,L
Ryan Tannehill,TEN,2021,20,DIV,L
Aaron Rodgers,GB,2021,20,DIV,L
Tom Brady,TB,2021,20,DIV,L
Josh Allen,BUF,2021,20,DIV,L
Patrick Mahomes,KC,2021,21,CON,L
Jimmy Garoppolo,SF,2021,21,CON,L
Joe Burrow,CIN,2021,22,SB,L
Matthew Stafford,LA,2022,1,REG,L
Marcus Mariota,ATL,2022,1,REG,L
Baker Mayfield,CAR,2022,1,REG,L
Trey Lance,SF,2022,1,REG,L
Joe Burrow,CIN,2022,1,REG,L
Jared Goff,DET,2022,1,REG,L
Davis Mills,HOU,2022,1,REG,L
Mac Jones,NE,2022,1,REG,L
Joe Flacco,NYJ,2022,1,REG,L
Trevor Lawrence,JAX,2022,1,REG,L
Kyler Murray,ARI,2022,1,REG,L
Derek Carr,LV,2022,1,REG,L
Aaron Rodgers,GB,2022,1,REG,L
Ryan Tannehill,TEN,2022,1,REG,L
Dak Prescott,DAL,2022,1,REG,L
Russell Wilson,DEN,2022,1,REG,L
Justin Herbert,LAC,2022,2,REG,L
Lamar Jackson,BAL,2022,2,REG,L
Jacoby Brissett,CLE,2022,2,REG,L
Carson Wentz,WAS,2022,2,REG,L
Matt Ryan,IND,2022,2,REG,L
Jameis Winston,NO,2022,2,REG,L
Baker Mayfield,CAR,2022,2,REG,L
Mitch Trubisky,PIT,2022,2,REG,L
Marcus Mariota,ATL,2022,2,REG,L
Geno Smith,SEA,2022,2,REG,L
Joe Burrow,CIN,2022,2,REG,L
Davis Mills,HOU,2022,2,REG,L
Derek Carr,LV,2022,2,REG,L
Justin Fields,CHI,2022,2,REG,L
Ryan Tannehill,TEN,2022,2,REG,L
Kirk Cousins,MIN,2022,2,REG,L
Mitch Trubisky,PIT,2022,3,REG,L
Jameis Winston,NO,2022,3,REG,L
Davis Mills,HOU,2022,3,REG,L
Patrick Mahomes,KC,2022,3,REG,L
Josh Allen,BUF,2022,3,REG,L
Jared Goff,DET,2022,3,REG,L
Mac Jones,NE,2022,3,REG,L
Joe Flacco,NYJ,2022,3,REG,L
Derek Carr,LV,2022,3,REG,L
Carson Wentz,WAS,2022,3,REG,L
Justin Herbery,LAC,2022,3,REG,L
Kyler Murray,ARI,2022,3,REG,L
Geno Smith,SEA,2022,3,REG,L
Tom Brady,TB,2022,3,REG,L
Jimmy Garoppolo,SF,2022,3,REG,L
Daniel Jones,NYG,2022,3,REG,L
Tua Tagovailoa,MIA,2022,4,REG,L
Andy Dalton,NO,2022,4,REG,L
Jacoby Brissett,CLE,2022,4,REG,L
Lamar Jackson,BAL,2022,4,REG,L
Carson Wentz,WAS,2022,4,REG,L
Jared Goff,DET,2022,4,REG,L
Davis Mills,HOU,2022,4,REG,L
Matt Ryan,IND,2022,4,REG,L
Justin Fields,CHI,2022,4,REG,L
Trevor Lawrence,JAX,2022,4,REG,L
Mitch Trubisky,PIT,2022,4,REG,L
Baker Mayfield,CAR,2022,4,REG,L
Brian Hoyer,NE,2022,4,REG,L
Russell Wilson,DEN,2022,4,REG,L
Tom Brady,TB,2022,4,REG,L
Matthew Stafford,LA,2022,4,REG,L
Russell Wilson,DEN,2022,5,REG,L
Aaron Rodgers,GB,2022,5,REG,L
Kenny Pickett,PIT,2022,5,REG,L
Jacoby Brissett,CLE,2022,5,REG,L
Trevor Lawrence,JAX,2022,5,REG,L
Justin Fields,CHI,2022,5,REG,L
Jared Goff,DET,2022,5,REG,L
Geno Smith,SEA,2022,5,REG,L
Teddy Bridgewater,MIA,2022,5,REG,L
Marcus Mariota,ATL,2022,5,REG,L
Carson Wentz,WAS,2022,5,REG,L
Baker Mayfield,CAR,2022,5,REG,L
Kyler Murray,ARI,2022,5,REG,L
Matthew Stafford,LA,2022,5,REG,L
Joe Burrow,CIN,2022,5,REG,L
Derek Carr,LV,2022,5,REG,L
Justin Fields,CHI,2022,6,REG,L
Jimmy Garoppolo,SF,2022,6,REG,L
Jacoby Brissett,CLE,2022,6,REG,L
Aaron Rodgers,GB,2022,6,REG,L
Trevor Lawrence,JAX,2022,6,REG,L
Teddy Bridgewater,MIA,2022,6,REG,L
Andy Dalton,NO,2022,6,REG,L
Lamar Jackson,BAL,2022,6,REG,L
Tom Brady,TB,2022,6,REG,L
Phillip Walker,CAR,2022,6,REG,L
Kyler Murray,ARI,2022,6,REG,L
Patrick Mahomes,KC,2022,6,REG,L
Cooper Rush,DAL,2022,6,REG,L
Russell Wilson,DEN,2022,6,REG,L
Andy Dalton,NO,2022,7,REG,L
Jacoby Brissett,CLE,2022,7,REG,L
Tom Brady,TB,2022,7,REG,L
Marcus Mariota,ATL,2022,7,REG,L
Jared Goff,DET,2022,7,REG,L
Trevor Lawrence,JAX,2022,7,REG,L
Matt Ryan,IND,2022,7,REG,L
Aaron Rodgers,GB,2022,7,REG,L
Brett Rypien,DEN,2022,7,REG,L
Davis Mills,HOU,2022,7,REG,L
Justin Herbert,LAC,2022,7,REG,L
Jimmy Garoppolo,SF,2022,7,REG,L
Kenny Pickett,PIT,2022,7,REG,L
Mac Jones,NE,2022,7,REG,L
Tom Brady,TB,2022,8,REG,L
Trevor Lawrence,JAX,2022,8,REG,L
Phillip Walker,CAR,2022,8,REG,L
Justin Fields,CHI,2022,8,REG,L
Jared Goff,DET,2022,8,REG,L
Kyler Murray,ARI,2022,8,REG,L
Derek Carr,LV,2022,8,REG,L
Zach Wilson,NYJ,2022,8,REG,L
Kenny Pickett,PIT,2022,8,REG,L
Davis Mills,HOU,2022,8,REG,L
Sam Ehlinger,IND,2022,8,REG,L
Matthew Stafford,LA,2022,8,REG,L
Daniel Jones,NYG,2022,8,REG,L
Aaron Rodgers,GB,2022,8,REG,L
Joe Burrow,CIN,2022,8,REG,L
Davis Mills,HOU,2022,9,REG,L
Marcus Mariota,ATL,2022,9,REG,L
Justin Fields,CHI,2022,9,REG,L
Phillip Walker,CAR,2022,9,REG,L
Aaron Rodgers,GB,2022,9,REG,L
Derek Carr,LV,2022,9,REG,L
Sam Ehlinger,IND,2022,9,REG,L
Josh Allen,BUF,2022,9,REG,L
Taylor Heinicke,WAS,2022,9,REG,L
Kyler Murray,ARI,2022,9,REG,L
Matthew Stafford,LA,2022,9,REG,L
Malik Willis,TEN,2022,9,REG,L
Andy Dalton,NO,2022,9,REG,L
Marcus Mariota,ATL,2022,10,REG,L
Geno Smith,SEA,2022,10,REG,L
Josh Allen,BUF,2022,10,REG,L
Justin Fields,CHI,2022,10,REG,L
Trevor Lawrence,JAX,2022,10,REG,L
Jacoby Brissett,CLE,2022,10,REG,L
Davis Mills,HOU,2022,10,REG,L
Andy Dalton,NO,2022,10,REG,L
Russell Wilson,DEN,2022,10,REG,L
Derek Carr,LV,2022,10,REG,L
Dak Prescott,DAL,2022,10,REG,L
John Wolford,LA,2022,10,REG,L
Justin Herbert,LAC,2022,10,REG,L
Jalen Hurts,PHI,2022,10,REG,L
Aaron Rodgers,GB,2022,11,REG,L
Justin Fields,CHI,2022,11,REG,L
Phillip Walker,CAR,2022,11,REG,L
Jacoby Brissett,CLE,2022,11,REG,L
Davis Mills,HOU,2022,11,REG,L
Sam Ehlinger,IND,2022,11,REG,L
Zach Wilson,NYJ,2022,11,REG,L
Matthew Stafford,LA,2022,11,REG,L
Daniel Jones,NYG,2022,11,REG,L
Russell Wilson,DEN,2022,11,REG,L
Kirk Cousins,MIN,2022,11,REG,L
Kenny Pickett,PIT,2022,11,REG,L
Justin Herbert,LAC,2022,11,REG,L
Colt McCoy,ARI,2022,11,REG,L
Jared Goff,DET,2022,12,REG,L
Daniel Jones,NYG,2022,12,REG,L
Mac Jones,NE,2022,12,REG,L
Russell Wilson,DEN,2022,12,REG,L
Tom Brady,TB,2022,12,REG,L
Lamar Jackson,BAL,2022,12,REG,L
Kyle Allen,HOU,2022,12,REG,L
Trevor Siemian,CHI,2022,12,REG,L
Ryan Tannehill,TEN,2022,12,REG,L
Marcus Mariota,ATL,2022,12,REG,L
Kyler Murray,ARI,2022,12,REG,L
Geno Smith,SEA,2022,12,REG,L
Bryce Perkins,LA,2022,12,REG,L
Andy Dalton,NO,2022,12,REG,L
Aaron Rodgers,GB,2022,12,REG,L
Matt Ryan,IND,2022,12,REG,L
Mac Jones,NE,2022,13,REG,L
Marcus Mariota,ATL,2022,13,REG,L
Russell Wilson,DEN,2022,13,REG,L
Justin Fields,CHI,2022,13,REG,L
Trevor Lawrence,JAX,2022,13,REG,L
Kyle Allen,HOU,2022,13,REG,L
Mike White,NYJ,2022,13,REG,L
Daniel Jones,NYG,2022,13,REG,L
Ryan Tannehill,TEN,2022,13,REG,L
John Wolford,LA,2022,13,REG,L
Tua Tagovailoa,MIA,2022,13,REG,L
Patrick Mahomes,KC,2022,13,REG,L
Justin Herbert,LAC,2022,13,REG,L
Matt Ryan,IND,2022,13,REG,L
Andy Dalton,NO,2022,13,REG,L
Derek Carr,LV,2022,14,REG,L
Mike White,NYJ,2022,14,REG,L
Deshaun Watson,CLE,2022,14,REG,L
Davis Mills,HOU,2022,14,REG,L
Kirk Cousins,MIN,2022,14,REG,L
Daniel Jones,NYG,2022,14,REG,L
Kenny Pickett,PIT,2022,14,REG,L
Ryan Tannehill,TEN,2022,14,REG,L
Russell Wilson,DEN,2022,14,REG,L
Geno Smith,SEA,2022,14,REG,L
Tom Brady,TB,2022,14,REG,L
Tua Tagovailoa,MIA,2022,14,REG,L
Kyler Murray,ARI,2022,14,REG,L
Geno Smith,SEA,2022,15,REG,L
Matt Ryan,IND,2022,15,REG,L
Tyler Huntley,BAL,2022,15,REG,L
Tua Tagovailoa,MIA,2022,15,REG,L
Sam Darnold,CAR,2022,15,REG,L
Justin Fields,CHI,2022,15,REG,L
Davis Mills,HOU,2022,15,REG,L
Dak Prescott,DAL,2022,15,REG,L
Desmond Ridder,ATL,2022,15,REG,L
Zach Wilson,NYJ,2022,15,REG,L
Colt McCoy,ARI,2022,15,REG,L
Mac Jones,NE,2022,15,REG,L
Ryan Tannehill,TEN,2022,15,REG,L
Tom Brady,TB,2022,15,REG,L
Taylor Heinicke,WAS,2022,15,REG,L
Baker Mayfield,LA,2022,15,REG,L
Zach Wilson,NYJ,2022,16,REG,L
Desmond Ridder,ATL,2022,16,REG,L
Jared Goff,DET,2022,16,REG,L
Justin Fields,CHI,2022,16,REG,L
Deshaun Watson,CLE,2022,16,REG,L
Geno Smith,SEA,2022,16,REG,L
Daniel Jones,NYG,2022,16,REG,L
Mac Jones,NE,2022,16,REG,L
Malik Willis,TEN,2022,16,REG,L
Taylor Heinicke,WAS,2022,16,REG,L
Gardner Minshew,PHI,2022,16,REG,L
Derek Carr,LV,2022,16,REG,L
Tua Tagovailoa,MIA,2022,16,REG,L
Russell Wilson,DEN,2022,16,REG,L
Trace McSorley,ARI,2022,16,REG,L
Nick Foles,IND,2022,16,REG,L
Joshua Dobbs,TEN,2022,17,REG,L
David Blough,ARI,2022,17,REG,L
Justin Fields,CHI,2022,17,REG,L
Davis Mills,HOU,2022,17,REG,L
Russell Wilson,DEN,2022,17,REG,L
Teddy Bridgewater,MIA,2022,17,REG,L
Nick Foles,IND,2022,17,REG,L
Gardner Minshew,PHI,2022,17,REG,L
Sam Darnold,CAR,2022,17,REG,L
Carson Wentz,WAS,2022,17,REG,L
Jarrett Stidham,LV,2022,17,REG,L
Mike White,NYJ,2022,17,REG,L
Kirk Cousins,MIN,2022,17,REG,L
Baker Mayfield,LA,2022,17,REG,L
Tyler Huntley,BAL,2022,17,REG,L
Jarrett Stidham,LV,2022,18,REG,L
Joshua Dobbs,TEN,2022,18,REG,L
Blaine Gabbert,TB,2022,18,REG,L
Mac Jones,NE,2022,18,REG,L
Nathan Peterman,CHI,2022,18,REG,L
Anthony Brown,BAL,2022,18,REG,L
Sam Ehlinger,IND,2022,18,REG,L
Joe Flacco,NYJ,2022,18,REG,L
Andy Dalton,NO,2022,18,REG,L
Deshaun Watson,CLE,2022,18,REG,L
Justin Herbert,LAC,2022,18,REG,L
Davis Webb,NYG,2022,18,REG,L
Baker Mayfield,LA,2022,18,REG,L
David Blough,ARI,2022,18,REG,L
Dak Prescott,DAL,2022,18,REG,L
Aaron Rodgers,GB,2022,18,REG,L
Geno Smith,SEA,2022,19,WC,L
Justin Herbert,LAC,2022,19,WC,L
Skylar Thompson,MIA,2022,19,WC,L
Kirk Cousins,MIN,2022,19,WC,L
Tyler Huntley,BAL,2022,19,WC,L
Tom Brady,TB,2022,19,WC,L
Trevor Lawrence,JAX,2022,20,DIV,L
Daniel Jones,NYG,2022,20,DIV,L
Josh Allen,BUF,2022,20,DIV,L
Dak Prescott,DAL,2022,20,DIV,L
Brock Purdy,SF,2022,21,CON,L
Joe Burrow,CIN,2022,21,CON,L
Jalen Hurts,PHI,2022,22,SB,L
Patrick Mahomes,KC,2023,1,REG,L
Bryce Young,CAR,2023,1,REG,L
C.J. Stroud,HOU,2023,1,REG,L
Joe Burrow,CIN,2023,1,REG,L
Anthony Richardson,IND,2023,1,REG,L
Kirk Cousins,MIN,2023,1,REG,L
Ryan Tannehill,TEN,2023,1,REG,L
Kenny Pickett,PIT,2023,1,REG,L
Joshua Dobbs,ARI,2023,1,REG,L
Justin Fields,CHI,2023,1,REG,L
Russell Wilson,DEN,2023,1,REG,L
Justin Herbert,LAC,2023,1,REG,L
Mac Jones,NE,2023,1,REG,L
Geno Smith,SEA,2023,1,REG,L
Daniel Jones,NYG,2023,1,REG,L
Josh Allen,BUF,2023,1,REG,L
Kirk Cousins,MIN,2023,2,REG,L
Jordan Love,GB,2023,2,REG,L
Jimmy Garoppolo,LV,2023,2,REG,L
Joe Burrow,CIN,2023,2,REG,L
Jared Goff,DET,2023,2,REG,L
C.J. Stroud,HOU,2023,2,REG,L
Trevor Lawrence,JAX,2023,2,REG,L
Justin Fields,CHI,2023,2,REG,L
Justin Herbert,LAC,2023,2,REG,L
Joshua Dobbs,ARI,2023,2,REG,L
Matthew Stafford,LA,2023,2,REG,L
Zach Wilson,NYJ,2023,2,REG,L
Russell Wilson,DEN,2023,2,REG,L
Mac Jones,NE,2023,2,REG,L
Bryce Young,CAR,2023,2,REG,L
Deshaun Watson,CLE,2023,2,REG,L
Daniel Jones,NYG,2023,3,REG,L
Lamar Jackson,BAL,2023,3,REG,L
Ryan Tannehill,TEN,2023,3,REG,L
Desmond Ridder,ATL,2023,3,REG,L
Derek Carr,NO,2023,3,REG,L
Trevor Lawrence,JAX,2023,3,REG,L
Russell Wilson,DEN,2023,3,REG,L
Kirk Cousins,MIN,2023,3,REG,L
Zach Wilson,NYJ,2023,3,REG,L
Sam Howell,WAS,2023,3,REG,L
Andy Dalton,CAR,2023,3,REG,L
Dak Prescott,DAL,2023,3,REG,L
Justin Fields,CHI,2023,3,REG,L
Jimmy Garoppolo,LV,2023,3,REG,L
Baker Mayfield,TB,2023,3,REG,L
Matthew Stafford,LA,2023,3,REG,L
Jordan Love,GB,2023,4,REG,L
Desmond Ridder,ATL,2023,4,REG,L
Tua Tagovailoa,MIA,2023,4,REG,L
Bryce Young,CAR,2023,4,REG,L
Justin Fields,CHI,2023,4,REG,L
Dorian Thompson-Robinson,CLE,2023,4,REG,L
Kenny Pickett,PIT,2023,4,REG,L
Anthony Richardson,IND,2023,4,REG,L
Derek Carr,NO,2023,4,REG,L
Sam Howell,WAS,2023,4,REG,L
Joe Burrow,CIN,2023,4,REG,L
Aidan O'Connell,LV,2023,4,REG,L
Mac Jones,NE,2023,4,REG,L
Joshua Dobbs,ARI,2023,4,REG,L
Zach Wilson,NYJ,2023,4,REG,L
Daniel Jones,NYG,2023,4,REG,L
Sam Howell,WAS,2023,5,REG,L
Josh Allen,BUF,2023,5,REG,L
C.J. Stroud,HOU,2023,5,REG,L
Bryce Young,CAR,2023,5,REG,L
Ryan Tannehill,TEN,2023,5,REG,L
Daniel Jones,NYG,2023,5,REG,L
Mac Jones,NE,2023,5,REG,L
Lamar Jackson,BAL,2023,5,REG,L
Joshua Dobbs,ARI,2023,5,REG,L
Matthew Stafford,LA,2023,5,REG,L
Russell Wilson,DEN,2023,5,REG,L
Kirk Cousins,MIN,2023,5,REG,L
Dak Prescott,DAL,2023,5,REG,L
Jordan Love,GB,2023,5,REG,L
Russell Wilson,DEN,2023,6,REG,L
Ryan Tannehill,TEN,2023,6,REG,L
Desmond Ridder,ATL,2023,6,REG,L
Justin Fields,CHI,2023,6,REG,L
Geno Smith,SEA,2023,6,REG,L
Brock Purdy,SF,2023,6,REG,L
Derek Carr,NO,2023,6,REG,L
Gardner Minshew,IND,2023,6,REG,L
Bryce Young,CAR,2023,6,REG,L
Mac Jones,NE,2023,6,REG,L
Joshua Dobbs,ARI,2023,6,REG,L
Jalen Hurts,PHI,2023,6,REG,L
Baker Mayfield,TB,2023,6,REG,L
Tyrod Taylor,NYG,2023,6,REG,L
Justin Herbert,LAC,2023,6,REG,L
Derek Carr,NO,2023,7,REG,L
Jared Goff,DET,2023,7,REG,L
Brian Hoyer,LV,2023,7,REG,L
Gardner Minshew,IND,2023,7,REG,L
Josh Allen,BUF,2023,7,REG,L
Sam Howell,WAS,2023,7,REG,L
Baker Mayfield,TB,2023,7,REG,L
Matthew Stafford,LA,2023,7,REG,L
Joshua Dobbs,ARI,2023,7,REG,L
Jordan Love,GB,2023,7,REG,L
Justin Herbert,LAC,2023,7,REG,L
Tua Tagovailoa,MIA,2023,7,REG,L
Brock Purdy,SF,2023,7,REG,L
Baker Mayfield,TB,2023,8,REG,L
C.J. Stroud,HOU,2023,8,REG,L
Matthew Stafford,LA,2023,8,REG,L
Jordan Love,GB,2023,8,REG,L
Gardner Minshew,IND,2023,8,REG,L
Mac Jones,NE,2023,8,REG,L
Tyrod Taylor,NYG,2023,8,REG,L
Kenny Pickett,PIT,2023,8,REG,L
Desmond Ridder,ATL,2023,8,REG,L
Sam Howell,WAS,2023,8,REG,L
Phillip Walker,CLE,2023,8,REG,L
Joshua Dobbs,ARI,2023,8,REG,L
Patrick Mahomes,KC,2023,8,REG,L
Brock Purdy,SF,2023,8,REG,L
Tyson Bagent,CHI,2023,8,REG,L
Jimmy Garoppolo,LV,2023,8,REG,L
Will Levis,TEN,2023,9,REG,L
Tua Tagovailoa,MIA,2023,9,REG,L
Taylor Heinicke,ATL,2023,9,REG,L
Geno Smith,SEA,2023,9,REG,L
Clayton Tune,ARI,2023,9,REG,L
Brett Rypien,LA,2023,9,REG,L
Baker Mayfield,TB,2023,9,REG,L
Mac Jones,NE,2023,9,REG,L
Tyson Bagent,CHI,2023,9,REG,L
Bryce Young,CAR,2023,9,REG,L
Daniel Jones,NYG,2023,9,REG,L
Dak Prescott,DAL,2023,9,REG,L
Josh Allen,BUF,2023,9,REG,L
Zach Wilson,NYJ,2023,9,REG,L
Bryce Young,CAR,2023,10,REG,L
Mac Jones,NE,2023,10,REG,L
Lamar Jackson,BAL,2023,10,REG,L
Joe Burrow,CIN,2023,10,REG,L
Trevor Lawrence,JAX,2023,10,REG,L
Derek Carr,NO,2023,10,REG,L
Jordan Love,GB,2023,10,REG,L
Will Levis,TEN,2023,10,REG,L
Taylor Heinicke,ATL,2023,10,REG,L
Justin Herbert,LAC,2023,10,REG,L
Tommy DeVito,NYG,2023,10,REG,L
Sam Howell,WAS,2023,10,REG,L
Zach Wilson,NYJ,2023,10,REG,L
Josh Allen,BUF,2023,10,REG,L
Joe Burrow,CIN,2023,11,REG,L
Bryce Young,CAR,2023,11,REG,L
Kenny Pickett,PIT,2023,11,REG,L
Justin Fields,CHI,2023,11,REG,L
Justin Herbert,LAC,2023,11,REG,L
Kyler Murray,ARI,2023,11,REG,L
Will Levis,TEN,2023,11,REG,L
Aidan O'Connell,LV,2023,11,REG,L
Sam Howell,WAS,2023,11,REG,L
Baker Mayfield,TB,2023,11,REG,L
Zach Wilson,NYJ,2023,11,REG,L
Geno Smith,SEA,2023,11,REG,L
Joshua Dobbs,MIN,2023,11,REG,L
Patrick Mahomes,KC,2023,11,REG,L
Jared Goff,DET,2023,12,REG,L
Sam Howell,WAS,2023,12,REG,L
Geno Smith,SEA,2023,12,REG,L
Tim Boyle,NYJ,2023,12,REG,L
Derek Carr,NO,2023,12,REG,L
Jake Browning,CIN,2023,12,REG,L
C.J. Stroud,HOU,2023,12,REG,L
Baker Mayfield,TB,2023,12,REG,L
Mac Jones,NE,2023,12,REG,L
Bryce Young,CAR,2023,12,REG,L
Kyler Murray,ARI,2023,12,REG,L
Dorian Thompson-Robinson,CLE,2023,12,REG,L
Aidan O'Connell,LV,2023,12,REG,L
Josh Allen,BUF,2023,12,REG,L
Justin Herbert,LAC,2023,12,REG,L
Joshua Dobbs,MIN,2023,12,REG,L
Geno Smith,SEA,2023,13,REG,L
Russell Wilson,DEN,2023,13,REG,L
Bailey Zappe,NE,2023,13,REG,L
Derek Carr,NO,2023,13,REG,L
Tim Boyle,NYJ,2023,13,REG,L
Kenny Pickett,PIT,2023,13,REG,L
Will Levis,TEN,2023,13,REG,L
Sam Howell,WAS,2023,13,REG,L
Bryce Young,CAR,2023,13,REG,L
Joe Flacco,CLE,2023,13,REG,L
Jalen Hurts,PHI,2023,13,REG,L
Patrick Mahomes,KC,2023,13,REG,L
Trevor Lawrence,JAX,2023,13,REG,L
Mitchell Trubisky,PIT,2023,14,REG,L
Desmond Ridder,ATL,2023,14,REG,L
Matthew Stafford,LA,2023,14,REG,L
Jared Goff,DET,2023,14,REG,L
Gardner Minshew,IND,2023,14,REG,L
Trevor Lawrence,JAX,2023,14,REG,L
Bryce Young,CAR,2023,14,REG,L
C.J. Stroud,HOU,2023,14,REG,L
Aidan O'Connell,LV,2023,14,REG,L
Drew Lock,SEA,2023,14,REG,L
Patrick Mahomes,KC,2023,14,REG,L
Justin Herbert,LAC,2023,14,REG,L
Jalen Hurts,PHI,2023,14,REG,L
Tua Tagovailoa,MIA,2023,14,REG,L
Jordan Love,GB,2023,14,REG,L
Easton Stick,LAC,2023,15,REG,L
Nick Mullens,MIN,2023,15,REG,L
Mitchell Trubisky,PIT,2023,15,REG,L
Russell Wilson,DEN,2023,15,REG,L
Desmond Ridder,ATL,2023,15,REG,L
Justin Fields,CHI,2023,15,REG,L
Jordan Love,GB,2023,15,REG,L
Zach Wilson,NYJ,2023,15,REG,L
Bailey Zappe,NE,2023,15,REG,L
Tommy DeVito,NYG,2023,15,REG,L
Will Levis,TEN,2023,15,REG,L
Kyler Murray,ARI,2023,15,REG,L
Sam Howell,WAS,2023,15,REG,L
Dak Prescott,DAL,2023,15,REG,L
Trevor Lawrence,JAX,2023,15,REG,L
Jalen Hurts,PHI,2023,15,REG,L
Derek Carr,NO,2023,16,REG,L
Jake Browning,CIN,2023,16,REG,L
Easton Stick,LAC,2023,16,REG,L
Gardner Minshew,IND,2023,16,REG,L
Bryce Young,CAR,2023,16,REG,L
Case Keenum,HOU,2023,16,REG,L
Nick Mullens,MIN,2023,16,REG,L
Sam Howell,WAS,2023,16,REG,L
Ryan Tannehill,TEN,2023,16,REG,L
Trevor Lawrence,JAX,2023,16,REG,L
Kyler Murray,ARI,2023,16,REG,L
Dak Prescott,DAL,2023,16,REG,L
Russell Wilson,DEN,2023,16,REG,L
Patrick Mahomes,KC,2023,16,REG,L
Tommy DeVito,NYG,2023,16,REG,L
Brock Purdy,SF,2023,16,REG,L
Trevor Siemian,NYJ,2023,17,REG,L
Jared Goff,DET,2023,17,REG,L
Tua Tagovailoa,MIA,2023,17,REG,L
Bailey Zappe,NE,2023,17,REG,L
Taylor Heinicke,ATL,2023,17,REG,L
Will Levis,TEN,2023,17,REG,L
Aidan O'Connell,LV,2023,17,REG,L
Bryce Young,CAR,2023,17,REG,L
Tyrod Taylor,NYG,2023,17,REG,L
Jalen Hurts,PHI,2023,17,REG,L
Baker Mayfield,TB,2023,17,REG,L
Sam Howell,WAS,2023,17,REG,L
Geno Smith,SEA,2023,17,REG,L
Easton Stick,LAC,2023,17,REG,L
Jake Browning,CIN,2023,17,REG,L
Jaren Hall,MIN,2023,17,REG,L
Tyler Huntley,BAL,2023,18,REG,L
Gardner Minshew,IND,2023,18,REG,L
Bryce Young,CAR,2023,18,REG,L
Jeff Driskel,CLE,2023,18,REG,L
Nick Mullens,MIN,2023,18,REG,L
Bailey Zappe,NE,2023,18,REG,L
Desmond Ridder,ATL,2023,18,REG,L
Trevor Lawrence,JAX,2023,18,REG,L
Kyler Murray,ARI,2023,18,REG,L
Justin Fields,CHI,2023,18,REG,L
Easton Stick,LAC,2023,18,REG,L
Jarrett Stidham,DEN,2023,18,REG,L
Jalen Hurts,PHI,2023,18,REG,L
Sam Darnold,SF,2023,18,REG,L
Sam Howell,WAS,2023,18,REG,L
Tua Tagovailoa,MIA,2023,18,REG,L
Joe Flacco,CLE,2023,19,WC,L
Tua Tagovailoa,MIA,2023,19,WC,L
Dak Prescott,DAL,2023,19,WC,L
Matthew Stafford,LA,2023,19,WC,L
Mason Rudolph,PIT,2023,19,WC,L
Jalen Hurts,PHI,2023,19,WC,L
C.J. Stroud,HOU,2023,20,DIV,L
Jordan Love,GB,2023,20,DIV,L
Baker Mayfield,TB,2023,20,DIV,L
Josh Allen,BUF,2023,20,DIV,L
Lamar Jackson,BAL,2023,21,CON,L
Jared Goff,DET,2023,21,CON,L
Brock Purdy,SF,2023,22,SB,L
Lamar Jackson,BAL,2024,1,REG,L
Jordan Love,GB,2024,1,REG,L
Kirk Cousins,ATL,2024,1,REG,L
Kyler Murray,ARI,2024,1,REG,L
Will Levis,TEN,2024,1,REG,L
Joe Burrow,CIN,2024,1,REG,L
Anthony Richardson,IND,2024,1,REG,L
Trevor Lawrence,JAX,2024,1,REG,L
Bryce Young,CAR,2024,1,REG,L
Daniel Jones,NYG,2024,1,REG,L
Gardner Minshew,LV,2024,1,REG,L
Bo Nix,DEN,2024,1,REG,L
Deshaun Watson,CLE,2024,1,REG,L
Jayden Daniels,WAS,2024,1,REG,L
Matthew Stafford,LA,2024,1,REG,L
Aaron Rodgers,NYJ,2024,1,REG,L
Tua Tagovailoa,MIA,2024,2,REG,L
Lamar Jackson,BAL,2024,2,REG,L
Bryce Young,CAR,2024,2,REG,L
Dak Prescott,DAL,2024,2,REG,L
Jared Goff,DET,2024,2,REG,L
Anthony Richardson,IND,2024,2,REG,L
Trevor Lawrence,JAX,2024,2,REG,L
Brock Purdy,SF,2024,2,REG,L
Jacoby Brissett,NE,2024,2,REG,L
Will Levis,TEN,2024,2,REG,L
Daniel Jones,NYG,2024,2,REG,L
Matthew Stafford,LA,2024,2,REG,L
Bo Nix,DEN,2024,2,REG,L
Joe Burrow,CIN,2024,2,REG,L
Caleb Williams,CHI,2024,2,REG,L
Jalen Hurts,PHI,2024,2,REG,L
Jacoby Brissett,NE,2024,3,REG,L
Deshaun Watson,CLE,2024,3,REG,L
Caleb Williams,CHI,2024,3,REG,L
C.J. Stroud,HOU,2024,3,REG,L
Derek Carr,NO,2024,3,REG,L
Justin Herbert,LAC,2024,3,REG,L
Baker Mayfield,TB,2024,3,REG,L
Will Levis,TEN,2024,3,REG,L
Gardner Minshew,LV,2024,3,REG,L
Skylar Thompson,MIA,2024,3,REG,L
Kyler Murray,ARI,2024,3,REG,L
Dak Prescott,DAL,2024,3,REG,L
Brock Purdy,SF,2024,3,REG,L
Kirk Cousins,ATL,2024,3,REG,L
Trevor Lawrence,JAX,2024,3,REG,L
Joe Burrow,CIN,2024,3,REG,L
Daniel Jones,NYG,2024,4,REG,L
Derek Carr,NO,2024,4,REG,L
Andy Dalton,CAR,2024,4,REG,L
Matthew Stafford,LA,2024,4,REG,L
Jordan Love,GB,2024,4,REG,L
Trevor Lawrence,JAX,2024,4,REG,L
Justin Fields,PIT,2024,4,REG,L
Aaron Rodgers,NYJ,2024,4,REG,L
Jalen Hurts,PHI,2024,4,REG,L
Kyler Murray,ARI,2024,4,REG,L
Jacoby Brissett,NE,2024,4,REG,L
Justin Herbert,LAC,2024,4,REG,L
Deshaun Watson,CLE,2024,4,REG,L
Josh Allen,BUF,2024,4,REG,L
Tyler Huntley,MIA,2024,4,REG,L
Geno Smith,SEA,2024,4,REG,L
Baker Mayfield,TB,2024,5,REG,L
Aaron Rodgers,NYJ,2024,5,REG,L
Andy Dalton,CAR,2024,5,REG,L
Joe Burrow,CIN,2024,5,REG,L
Josh Allen,BUF,2024,5,REG,L
Joe Flacco,IND,2024,5,REG,L
Jacoby Brissett,NE,2024,5,REG,L
Deshaun Watson,CLE,2024,5,REG,L
Gardner Minshew,LV,2024,5,REG,L
Brock Purdy,SF,2024,5,REG,L
Matthew Stafford,LA,2024,5,REG,L
Geno Smith,SEA,2024,5,REG,L
Justin Fields,PIT,2024,5,REG,L
Derek Carr,NO,2024,5,REG,L
Geno Smith,SEA,2024,6,REG,L
Trevor Lawrence,JAX,2024,6,REG,L
Jayden Daniels,WAS,2024,6,REG,L
Kyler Murray,ARI,2024,6,REG,L
Drake Maye,NE,2024,6,REG,L
Spencer Rattler,NO,2024,6,REG,L
Deshaun Watson,CLE,2024,6,REG,L
Will Levis,TEN,2024,6,REG,L
Bo Nix,DEN,2024,6,REG,L
Aidan O'Connell,LV,2024,6,REG,L
Andy Dalton,CAR,2024,6,REG,L
Dak Prescott,DAL,2024,6,REG,L
Daniel Jones,NYG,2024,6,REG,L
Aaron Rodgers,NYJ,2024,6,REG,L
Spencer Rattler,NO,2024,7,REG,L
Drake Maye,NE,2024,7,REG,L
Kirk Cousins,ATL,2024,7,REG,L
Mason Rudolph,TEN,2024,7,REG,L
Deshaun Watson,CLE,2024,7,REG,L
C.J. Stroud,HOU,2024,7,REG,L
Tim Boyle,MIA,2024,7,REG,L
Sam Darnold,MIN,2024,7,REG,L
Daniel Jones,NYG,2024,7,REG,L
Aidan O'Connell,LV,2024,7,REG,L
Andy Dalton,CAR,2024,7,REG,L
Brock Purdy,SF,2024,7,REG,L
Aaron Rodgers,NYJ,2024,7,REG,L
Baker Mayfield,TB,2024,7,REG,L
Justin Herbert,LAC,2024,7,REG,L
Sam Darnold,MIN,2024,8,REG,L
Joe Burrow,CIN,2024,8,REG,L
Lamar Jackson,BAL,2024,8,REG,L
Mason Rudolph,TEN,2024,8,REG,L
Joe Flacco,IND,2024,8,REG,L
Trevor Lawrence,JAX,2024,8,REG,L
Tim Boyle,MIA,2024,8,REG,L
Aaron Rodgers,NYJ,2024,8,REG,L
Baker Mayfield,TB,2024,8,REG,L
Spencer Rattler,NO,2024,8,REG,L
Geno Smith,SEA,2024,8,REG,L
Bryce Young,CAR,2024,8,REG,L
Aidan O'Connell,LV,2024,8,REG,L
Caleb Williams,CHI,2024,8,REG,L
Dak Prescott,DAL,2024,8,REG,L
Daniel Jones,NYG,2024,8,REG,L
C.J. Stroud,HOU,2024,9,REG,L
Dak Prescott,DAL,2024,9,REG,L
Bo Nix,DEN,2024,9,REG,L
Tua Tagovailoa,MIA,2024,9,REG,L
Derek Carr,NO,2024,9,REG,L
Gardner Minshew,LV,2024,9,REG,L
Jameis Winston,CLE,2024,9,REG,L
Daniel Jones,NYG,2024,9,REG,L
Drake Maye,NE,2024,9,REG,L
Caleb Williams,CHI,2024,9,REG,L
Trevor Lawrence,JAX,2024,9,REG,L
Jordan Love,GB,2024,9,REG,L
Geno Smith,SEA,2024,9,REG,L
Joe Flacco,IND,2024,9,REG,L
Baker Mayfield,TB,2024,9,REG,L
Joe Burrow,CIN,2024,10,REG,L
Daniel Jones,NYG,2024,10,REG,L
Caleb Williams,CHI,2024,10,REG,L
Joe Flacco,IND,2024,10,REG,L
Mac Jones,JAX,2024,10,REG,L
Bo Nix,DEN,2024,10,REG,L
Kirk Cousins,ATL,2024,10,REG,L
Baker Mayfield,TB,2024,10,REG,L
Marcus Mariota,WAS,2024,10,REG,L
Mason Rudolph,TEN,2024,10,REG,L
Aaron Rodgers,NYJ,2024,10,REG,L
Cooper Rush,DAL,2024,10,REG,L
C.J. Stroud,HOU,2024,10,REG,L
Matthew Stafford,LA,2024,10,REG,L
Marcus Mariota,WAS,2024,11,REG,L
Caleb Williams,CHI,2024,11,REG,L
Mac Jones,JAX,2024,11,REG,L
Gardner Minshew,LV,2024,11,REG,L
Drake Maye,NE,2024,11,REG,L
Jameis Winston,CLE,2024,11,REG,L
Aaron Rodgers,NYJ,2024,11,REG,L
Lamar Jackson,BAL,2024,11,REG,L
Mason Rudolph,TEN,2024,11,REG,L
Kirk Cousins,ATL,2024,11,REG,L
Brock Purdy,SF,2024,11,REG,L
Patrick Mahomes,KC,2024,11,REG,L
Joe Burrow,CIN,2024,11,REG,L
Cooper Rush,DAL,2024,11,REG,L
Russell Wilson,PIT,2024,12,REG,L
Andy Dalton,CAR,2024,12,REG,L
Caleb Williams,CHI,2024,12,REG,L
C.J. Stroud,HOU,2024,12,REG,L
Joe Flacco,IND,2024,12,REG,L
Drake Maye,NE,2024,12,REG,L
Tommy DeVito,NYG,2024,12,REG,L
Marcus Mariota,WAS,2024,12,REG,L
Gardner Minshew,LV,2024,12,REG,L
Brandon Allen,SF,2024,12,REG,L
Kyler Murray,ARI,2024,12,REG,L
Matthew Stafford,LA,2024,12,REG,L
Justin Herbert,LAC,2024,12,REG,L
Caleb Williams,CHI,2024,13,REG,L
Drew Lock,NYG,2024,13,REG,L
Tua Tagovailoa,MIA,2024,13,REG,L
Gardner Minshew,LV,2024,13,REG,L
Kirk Cousins,ATL,2024,13,REG,L
Joe Burrow,CIN,2024,13,REG,L
Trevor Lawrence,JAX,2024,13,REG,L
Kyler Murray,ARI,2024,13,REG,L
Drake Maye,NE,2024,13,REG,L
Aaron Rodgers,NYJ,2024,13,REG,L
Mason Rudolph,TEN,2024,13,REG,L
Andy Dalton,CAR,2024,13,REG,L
Derek Carr,NO,2024,13,REG,L
Lamar Jackson,BAL,2024,13,REG,L
Brock Purdy,SF,2024,13,REG,L
Jameis Winston,CLE,2024,13,REG,L
Jordan Love,GB,2024,14,REG,L
Aaron Rodgers,NYJ,2024,14,REG,L
Kirk Cousins,ATL,2024,14,REG,L
Tommy DeVito,NYG,2024,14,REG,L
Andy Dalton,CAR,2024,14,REG,L
Jameis Winston,CLE,2024,14,REG,L
Gardner Minshew,LV,2024,14,REG,L
Mason Rudolph,TEN,2024,14,REG,L
Kyler Murray,ARI,2024,14,REG,L
Josh Allen,BUF,2024,14,REG,L
Caleb Williams,CHI,2024,14,REG,L
Justin Herbert,LAC,2024,14,REG,L
Cooper Rush,DAL,2024,14,REG,L
Brock Purdy,SF,2024,15,REG,L
Bryce Young,CAR,2024,15,REG,L
Jameis Winston,CLE,2024,15,REG,L
Tua Tagovailoa,MIA,2024,15,REG,L
Mac Jones,JAX,2024,15,REG,L
Jake Haener,NO,2024,15,REG,L
Tommy DeVito,NYG,2024,15,REG,L
Will Levis,TEN,2024,15,REG,L
Drake Maye,NE,2024,15,REG,L
Anthony Richardson,IND,2024,15,REG,L
Jared Goff,DET,2024,15,REG,L
Justin Herbert,LAC,2024,15,REG,L
Russell Wilson,PIT,2024,15,REG,L
Geno Smith,SEA,2024,15,REG,L
Caleb Williams,CHI,2024,15,REG,L
Aidan O'Connell,LV,2024,15,REG,L
Bo Nix,DEN,2024,16,REG,L
C.J. Stroud,HOU,2024,16,REG,L
Russell Wilson,PIT,2024,16,REG,L
Tommy DeVito,NYG,2024,16,REG,L
Kyler Murray,ARI,2024,16,REG,L
Caleb Williams,CHI,2024,16,REG,L
Jameis Winston,CLE,2024,16,REG,L
Mason Rudolph,TEN,2024,16,REG,L
Aaron Rodgers,NYJ,2024,16,REG,L
Jalen Hurts,PHI,2024,16,REG,L
Geno Smith,SEA,2024,16,REG,L
Drake Maye,NE,2024,16,REG,L
Mac Jones,JAX,2024,16,REG,L
Brock Purdy,SF,2024,16,REG,L
Baker Mayfield,TB,2024,16,REG,L
Jake Haener,NO,2024,16,REG,L
Russell Wilson,PIT,2024,17,REG,L
C.J. Stroud,HOU,2024,17,REG,L
Caleb Williams,CHI,2024,17,REG,L
Drake Maye,NE,2024,17,REG,L
Bo Nix,DEN,2024,17,REG,L
Kyler Murray,ARI,2024,17,REG,L
Aaron Rodgers,NYJ,2024,17,REG,L
Mason Rudolph,TEN,2024,17,REG,L
Jake Haener,NO,2024,17,REG,L
Joe Flacco,IND,2024,17,REG,L
Cooper Rush,DAL,2024,17,REG,L
Bryce Young,CAR,2024,17,REG,L
Jameis Winston,CLE,2024,17,REG,L
Jordan Love,GB,2024,17,REG,L
Michael Penix Jr.,ATL,2024,17,REG,L
Brock Purdy,SF,2024,17,REG,L
Bailey Zappe,CLE,2024,18,REG,L
Russell Wilson,PIT,2024,18,REG,L
Michael Penix Jr.,ATL,2024,18,REG,L
Trey Lance,DAL,2024,18,REG,L
Jordan Love,GB,2024,18,REG,L
Mac Jones,JAX,2024,18,REG,L
Mitchell Trubisky,BUF,2024,18,REG,L
Drew Lock,NYG,2024,18,REG,L
Spencer Rattler,NO,2024,18,REG,L
Mason Rudolph,TEN,2024,18,REG,L
Joshua Dobbs,SF,2024,18,REG,L
Carson Wentz,KC,2024,18,REG,L
Jimmy Garoppolo,LA,2024,18,REG,L
Aidan O'Connell,LV,2024,18,REG,L
Tua Tagovailoa,MIA,2024,18,REG,L
Sam Darnold,MIN,2024,18,REG,L
Justin Herbert,LAC,2024,19,WC,L
Russell Wilson,PIT,2024,19,WC,L
Bo Nix,DEN,2024,19,WC,L
Jordan Love,GB,2024,19,WC,L
Baker Mayfield,TB,2024,19,WC,L
Sam Darnold,MIN,2024,19,WC,L
C.J. Stroud,HOU,2024,20,DIV,L
Jared Goff,DET,2024,20,DIV,L
Matthew Stafford,LA,2024,20,DIV,L
Lamar Jackson,BAL,2024,20,DIV,L
Jayden Daniels,WAS,2024,21,CON,L
Josh Allen,BUF,2024,21,CON,L
Patrick Mahomes,KC,2024,22,SB,L
Dak Prescott,DAL,2025,1,REG,L
Patrick Mahomes,KC,2025,1,REG,L
Michael Penix,ATL,2025,1,REG,L
Joe Flacco,CLE,2025,1,REG,L
Tua Tagovailoa,MIA,2025,1,REG,L
Bryce Young,CAR,2025,1,REG,L
Drake Maye,NE,2025,1,REG,L
Spencer Rattler,NO,2025,1,REG,L
Justin Fields,NYJ,2025,1,REG,L
Russell Wilson,NYG,2025,1,REG,L
Cam Ward,TEN,2025,1,REG,L
Sam Darnold,SEA,2025,1,REG,L
Jared Goff,DET,2025,1,REG,L
C.J. Stroud,HOU,2025,1,REG,L
Lamar Jackson,BAL,2025,1,REG,L
Caleb Williams,CHI,2025,1,REG,L
Jayden Daniels,WAS,2025,2,REG,L
Joe Flacco,CLE,2025,2,REG,L
Trevor Lawrence,JAX,2025,2,REG,L
Russell Wilson,NYG,2025,2,REG,L
Caleb Williams,CHI,2025,2,REG,L
Tua Tagovailoa,MIA,2025,2,REG,L
Spencer Rattler,NO,2025,2,REG,L
Justin Fields,NYJ,2025,2,REG,L
Aaron Rodgers,PIT,2025,2,REG,L
Cam Ward,TEN,2025,2,REG,L
Bryce Young,CAR,2025,2,REG,L
Bo Nix,DEN,2025,2,REG,L
Patrick Mahomes,KC,2025,2,REG,L
J.J. McCarthy,MIN,2025,2,REG,L
C.J. Stroud,HOU,2025,2,REG,L
Geno Smith,LV,2025,2,REG,L
Tua Tagovailoa,MIA,2025,3,REG,L
Michael Penix,ATL,2025,3,REG,L
Jordan Love,GB,2025,3,REG,L
C.J. Stroud,HOU,2025,3,REG,L
Jake Browning,CIN,2025,3,REG,L
Drake Maye,NE,2025,3,REG,L
Matthew Stafford,LA,2025,3,REG,L
Tyrod Taylor,NYJ,2025,3,REG,L
Cam Ward,TEN,2025,3,REG,L
Geno Smith,LV,2025,3,REG,L
Bo Nix,DEN,2025,3,REG,L
Spencer Rattler,NO,2025,3,REG,L
Dak Prescott,DAL,2025,3,REG,L
Kyler Murray,ARI,2025,3,REG,L
Russell Wilson,NYG,2025,3,REG,L
Lamar Jackson,BAL,2025,3,REG,L
Kyler Murray,ARI,2025,4,REG,L
Carson Wentz,MIN,2025,4,REG,L
Jayden Daniels,WAS,2025,4,REG,L
Spencer Rattler,NO,2025,4,REG,L
Joe Flacco,CLE,2025,4,REG,L
Cam Ward,TEN,2025,4,REG,L
Bryce Young,CAR,2025,4,REG,L
Justin Herbert,LAC,2025,4,REG,L
Baker Mayfield,TB,2025,4,REG,L
Daniel Jones,IND,2025,4,REG,L
Brock Purdy,SF,2025,4,REG,L
Lamar Jackson,BAL,2025,4,REG,L
Geno Smith,LV,2025,4,REG,L
Dak Prescott,DAL,2025,4,REG,L
Justin Fields,NYJ,2025,4,REG,L
Jake Browning,CIN,2025,4,REG,L
Matthew Stafford,LA,2025,5,REG,L
Dillon Gabriel,CLE,2025,5,REG,L
Cooper Rush,BAL,2025,5,REG,L
Tua Tagovailoa,MIA,2025,5,REG,L
Geno Smith,LV,2025,5,REG,L
Jaxson Dart,NYG,2025,5,REG,L
Justin Fields,NYJ,2025,5,REG,L
Jalen Hurts,PHI,2025,5,REG,L
Kyler Murray,ARI,2025,5,REG,L
Sam Darnold,SEA,2025,5,REG,L
Jake Browning,CIN,2025,5,REG,L
Justin Herbert,LAC,2025,5,REG,L
Josh Allen,BUF,2025,5,REG,L
Patrick Mahomes,KC,2025,5,REG,L
Jalen Hurts,PHI,2025,6,REG,L
Justin Fields,NYJ,2025,6,REG,L
Cooper Rush,BAL,2025,6,REG,L
Dak Prescott,DAL,2025,6,REG,L
Jacoby Brissett,ARI,2025,6,REG,L
Trevor Lawrence,JAX,2025,6,REG,L
Tua Tagovailoa,MIA,2025,6,REG,L
Spencer Rattler,NO,2025,6,REG,L
Dillon Gabriel,CLE,2025,6,REG,L
Cam Ward,TEN,2025,6,REG,L
Joe Flacco,CIN,2025,6,REG,L
Mac Jones,SF,2025,6,REG,L
Jared Goff,DET,2025,6,REG,L
Josh Allen,BUF,2025,6,REG,L
Jayden Daniels,WAS,2025,6,REG,L
Aaron Rodgers,PIT,2025,7,REG,L
Trevor Lawrence,JAX,2025,7,REG,L
Spencer Rattler,NO,2025,7,REG,L
Tua Tagovailoa,MIA,2025,7,REG,L
Geno Smith,LV,2025,7,REG,L
Carson Wentz,MIN,2025,7,REG,L
Justin Fields,NYJ,2025,7,REG,L
Cam Ward,TEN,2025,7,REG,L
Jaxson Dart,NYG,2025,7,REG,L
Justin Herbert,LAC,2025,7,REG,L
Jacoby Brissett,ARI,2025,7,REG,L
Jayden Daniels,WAS,2025,7,REG,L
Michael Penix,ATL,2025,7,REG,L
Baker Mayfield,TB,2025,7,REG,L
C.J. Stroud,HOU,2025,7,REG,L
Carson Wentz,MIN,2025,8,REG,L
Kirk Cousins,ATL,2025,8,REG,L
Caleb Williams,CHI,2025,8,REG,L
Bryce Young,CAR,2025,8,REG,L
Joe Flacco,CIN,2025,8,REG,L
Mac Jones,SF,2025,8,REG,L
Dillon Gabriel,CLE,2025,8,REG,L
Jaxson Dart,NYG,2025,8,REG,L
Spencer Rattler,NO,2025,8,REG,L
Dak Prescott,DAL,2025,8,REG,L
Cam Ward,TEN,2025,8,REG,L
Aaron Rodgers,PIT,2025,8,REG,L
Jayden Daniels,WAS,2025,8,REG,L
Tua Tagovailoa,MIA,2025,9,REG,L
Joe Flacco,CIN,2025,9,REG,L
Jared Goff,DET,2025,9,REG,L
Jordan Love,GB,2025,9,REG,L
C.J. Stroud,HOU,2025,9,REG,L
Michael Penix,ATL,2025,9,REG,L
Jaxson Dart,NYG,2025,9,REG,L
Daniel Jones,IND,2025,9,REG,L
Cam Ward,TEN,2025,9,REG,L
Tyler Shough,NO,2025,9,REG,L
Geno Smith,LV,2025,9,REG,L
Patrick Mahomes,KC,2025,9,REG,L
Jayden Daniels,WAS,2025,9,REG,L
Dak Prescott,DAL,2025,9,REG,L
Geno Smith,LV,2025,10,REG,L
Michael Penix,ATL,2025,10,REG,L
Bryce Young,CAR,2025,10,REG,L
Jaxson Dart,NYG,2025,10,REG,L
Trevor Lawrence,JAX,2025,10,REG,L
Josh Allen,BUF,2025,10,REG,L
J.J. McCarthy,MIN,2025,10,REG,L
Dillon Gabriel,CLE,2025,10,REG,L
Baker Mayfield,TB,2025,10,REG,L
Jacoby Brissett,ARI,2025,10,REG,L
Mac Jones,SF,2025,10,REG,L
Marcus Mariota,WAS,2025,10,REG,L
Aaron Rodgers,PIT,2025,10,REG,L
Jordan Love,GB,2025,10,REG,L
Tyrod Taylor,NYJ,2025,11,REG,L
Marcus Mariota,WAS,2025,11,REG,L
Michael Penix,ATL,2025,11,REG,L
Baker Mayfield,TB,2025,11,REG,L
Justin Herbert,LAC,2025,11,REG,L
J.J. McCarthy,MIN,2025,11,REG,L
Jameis Winston,NYG,2025,11,REG,L
Joe Flacco,CIN,2025,11,REG,L
Cam Ward,TEN,2025,11,REG,L
Jacoby Brissett,ARI,2025,11,REG,L
Sam Darnold,SEA,2025,11,REG,L
Dillon Gabriel,CLE,2025,11,REG,L
Patrick Mahomes,KC,2025,11,REG,L
Jared Goff,DET,2025,11,REG,L
Geno Smith,LV,2025,11,REG,L
Josh Allen,BUF,2025,12,REG,L
Tyrod Taylor,NYJ,2025,12,REG,L
Mason Rudolph,PIT,2025,12,REG,L
Joe Flacco,CIN,2025,12,REG,L
Jameis Winston,NYG,2025,12,REG,L
J.J. McCarthy,MIN,2025,12,REG,L
Daniel Jones,IND,2025,12,REG,L
Cam Ward,TEN,2025,12,REG,L
Jacoby Brissett,ARI,2025,12,REG,L
Geno Smith,LV,2025,12,REG,L
Jalen Hurts,PHI,2025,12,REG,L
Tyler Shough,NO,2025,12,REG,L
Baker Mayfield,TB,2025,12,REG,L
Bryce Young,CAR,2025,12,REG,L
Jared Goff,DET,2025,13,REG,L
Patrick Mahomes,KC,2025,13,REG,L
Lamar Jackson,BAL,2025,13,REG,L
Jalen Hurts,PHI,2025,13,REG,L
Matthew Stafford,LA,2025,13,REG,L
Shedeur Sanders,CLE,2025,13,REG,L
Daniel Jones,IND,2025,13,REG,L
Tyler Shough,NO,2025,13,REG,L
Kirk Cousins,ATL,2025,13,REG,L
Jacoby Brissett,ARI,2025,13,REG,L
Cam Ward,TEN,2025,13,REG,L
Max Brosmer,MIN,2025,13,REG,L
Geno Smith,LV,2025,13,REG,L
Aaron Rodgers,PIT,2025,13,REG,L
Marcus Mariota,WAS,2025,13,REG,L
Jaxson Dart,NYG,2025,13,REG,L
Dak Prescott,DAL,2025,14,REG,L
Kirk Cousins,ATL,2025,14,REG,L
Lamar Jackson,BAL,2025,14,REG,L
Shedeur Sanders,CLE,2025,14,REG,L
Caleb Williams,CHI,2025,14,REG,L
Daniel Jones,IND,2025,14,REG,L
Marcus Mariota,WAS,2025,14,REG,L
Tyrod Taylor,NYJ,2025,14,REG,L
Baker Mayfield,TB,2025,14,REG,L
Geno Smith,LV,2025,14,REG,L
Jacoby Brissett,ARI,2025,14,REG,L
Joe Burrow,CIN,2025,14,REG,L
Patrick Mahomes,KC,2025,14,REG,L
Jalen Hurts,PHI,2025,14,REG,L
Baker Mayfield,TB,2025,15,REG,L
Shedeur Sanders,CLE,2025,15,REG,L
Joe Burrow,CIN,2025,15,REG,L
Jacoby Brissett,ARI,2025,15,REG,L
Brady Cook,NYJ,2025,15,REG,L
Patrick Mahomes,KC,2025,15,REG,L
Drake Maye,NE,2025,15,REG,L
Jaxson Dart,NYG,2025,15,REG,L
Kenny Pickett,LV,2025,15,REG,L
Jordan Love,GB,2025,15,REG,L
Jared Goff,DET,2025,15,REG,L
Bryce Young,CAR,2025,15,REG,L
Philip Rivers,IND,2025,15,REG,L
Cam Ward,TEN,2025,15,REG,L
Dak Prescott,DAL,2025,15,REG,L
Tua Tagovailoa,MIA,2025,15,REG,L
Matthew Stafford,LA,2025,16,REG,L
Jordan Love,GB,2025,16,REG,L
Marcus Mariota,WAS,2025,16,REG,L
Lamar Jackson,BAL,2025,16,REG,L
Baker Mayfield,TB,2025,16,REG,L
Shedeur Sanders,CLE,2025,16,REG,L
Dak Prescott,DAL,2025,16,REG,L
Tyrod Taylor,NYJ,2025,16,REG,L
Jaxson Dart,NYG,2025,16,REG,L
Gardner Minshew,KC,2025,16,REG,L
Jacoby Brissett,ARI,2025,16,REG,L
Bo Nix,DEN,2025,16,REG,L
Jared Goff,DET,2025,16,REG,L
Geno Smith,LV,2025,16,REG,L
Quinn Ewers,MIA,2025,16,REG,L
Philip Rivers,IND,2025,16,REG,L
Josh Johnson,WAS,2025,17,REG,L
Jared Goff,DET,2025,17,REG,L
Chris Oladokun,KC,2025,17,REG,L
Bryce Young,CAR,2025,17,REG,L
Jacoby Brissett,ARI,2025,17,REG,L
Aaron Rodgers,PIT,2025,17,REG,L
Malik Willis,GB,2025,17,REG,L
Philip Rivers,IND,2025,17,REG,L
Justin Herbert,LAC,2025,17,REG,L
Geno Smith,LV,2025,17,REG,L
Baker Mayfield,TB,2025,17,REG,L
Tyrod Taylor,NYJ,2025,17,REG,L
Cam Ward,TEN,2025,17,REG,L
Josh Allen,BUF,2025,17,REG,L
Caleb Williams,CHI,2025,17,REG,L
Matthew Stafford,LA,2025,17,REG,L
Tyler Shough,NO,2025,18,REG,L
Brady Cook,NYJ,2025,18,REG,L
Caleb Williams,CHI,2025,18,REG,L
Joe Burrow,CIN,2025,18,REG,L
Trey Lance,LAC,2025,18,REG,L
Riley Leonard,IND,2025,18,REG,L
Cam Ward,TEN,2025,18,REG,L
Jacoby Brissett,ARI,2025,18,REG,L
Chris Oladokun,KC,2025,18,REG,L
Clayton Tune,GB,2025,18,REG,L
Quinn Ewers,MIA,2025,18,REG,L
Dak Prescott,DAL,2025,18,REG,L
Tanner McKee,PHI,2025,18,REG,L
Lamar Jackson,BAL,2025,18,REG,L
Brock Purdy,SF,2025,18,REG,L
Bryce Young,CAR,2025,18,REG,L
Jordan Love,GB,2025,19,WC,L
Trevor Lawrence,JAX,2025,19,WC,L
Jalen Hurts,PHI,2025,19,WC,L
Justin Herbert,LAC,2025,19,WC,L
Aaron Rodgers,PIT,2025,19,WC,L
Bryce Young,CAR,2025,19,WC,L
Josh Allen,BUF,2025,20,DIV,L
Brock Purdy,SF,2025,20,DIV,L
Caleb Williams,CHI,2025,20,DIV,L
C.J. Stroud,HOU,2025,20,DIV,L
Jarrett Stidham,DEN,2025,21,CON,L
Matthew Stafford,LA,2025,21,CON,L
Drake Maye,NE,2025,22,SB,L
