team,season,gp_tot,cmp_tot,att_tot,p_yds_tot,p_tds_tot,int_tot,sacked_tot,p_airyds_tot,p_yac_tot,p_1sts_tot,p_epa_tot,carr_tot,ru_yds_tot,ru_tds_tot,ru_fumb_tot,ru_1sts_tot,ru_epa_tot,rec_tot,tgts_tot,rec_yds_tot,rec_tds_tot,rec_fumb_tot,rec_airyds_tot,rec_yac_tot,rec_1sts_tot,rec_epa_tot
ARI,2000,16,316,554,3478,16,24,35,241,3478,156,-62.4974304594512,343,1278,6,12,80,-70.75991958176138,316,542,3478,16,6,241,0,156,1.903431561215978
ARI,2001,16,304,526,3653,18,14,29,174,3653,177,39.79760293270837,400,1449,10,14,89,-63.02984262981325,304,513,3653,18,4,174,0,177,88.41751428906375
ARI,2002,16,291,548,3038,18,22,41,352,3038,148,-77.48663112968721,414,1823,10,14,106,-33.0789361582349,291,528,3038,18,1,352,0,148,19.75523315046393
ARI,2003,16,303,534,3270,18,22,43,0,3270,148,-96.05631849401881,404,1537,5,12,87,-68.25520174975014,303,0,3270,18,4,0,0,148,243.00805883594464
ARI,2004,16,299,533,3202,14,18,39,0,3202,153,-73.68851373004196,475,1668,15,8,93,-48.94135163148633,299,0,3202,14,4,0,0,153,245.0710628100744
ARI,2005,16,419,670,4719,21,21,45,0,4719,224,14.199671076323309,360,1138,2,10,67,-85.039757542053,419,0,4719,21,3,0,0,224,339.692105256787
ARI,2006,16,321,544,3919,17,17,34,4284,1603,187,13.125957288532796,421,1338,12,11,92,-62.5752625000947,321,0,3919,17,3,4284,1582,187,294.41473954424987
ARI,2007,16,357,591,4220,32,24,24,5048,1593,210,32.068676141912135,402,1450,9,14,83,-46.26599723060595,357,0,4220,32,7,5048,1588,210,313.77500853726065
ARI,2008,20,511,766,6021,42,18,33,5379,2846,283,141.48014283017483,451,1545,16,6,98,-58.481377772576714,511,2,6021,42,6,5379,2846,283,457.0204964183061
ARI,2009,18,446,664,4850,33,19,28,5063,2067,250,62.189655163452386,402,1746,18,14,95,-39.16348077682778,446,654,4850,33,7,5063,2067,250,93.50171101233344
ARI,2010,16,285,561,3264,10,19,50,5234,1080,154,-166.6219119015949,320,1388,9,7,74,-40.11929590492562,285,553,3264,10,4,5234,1080,154,-85.18928602623049
ARI,2011,16,307,550,3954,21,23,54,4876,1730,175,-67.98118410171392,389,1625,12,8,87,-14.740825557895226,307,541,3954,21,4,4876,1730,175,12.819638851276025
ARI,2012,16,337,608,3383,11,21,58,4862,1363,169,-187.42837781959682,352,1204,10,6,63,-75.3151613585965,337,605,3383,11,2,4862,1363,169,-81.37890261318896
ARI,2013,16,363,574,4291,24,22,41,5284,1756,205,10.817030994019262,422,1540,12,7,85,-48.296146123687286,363,562,4291,24,3,5284,1756,205,74.71127118970293
ARI,2014,17,336,596,4072,22,14,32,6277,1623,197,1.8993567532532403,412,1335,7,4,69,-68.99068055883782,336,589,4072,22,5,6277,1623,197,47.88038817729333
ARI,2015,18,401,644,5359,39,19,33,6955,2057,267,128.29267321174052,487,2017,17,8,102,-30.44879961907596,401,632,5359,39,4,6955,2057,267,185.9260714637027
ARI,2016,16,383,646,4425,28,17,41,6204,1747,231,19.32708969324939,399,1732,20,11,108,-33.14029407170747,383,636,4425,28,5,6204,1747,231,88.19401110443647
ARI,2017,16,339,598,3979,21,18,52,5807,1457,201,-79.08164990382774,409,1386,6,9,75,-81.77302357564938,339,592,3979,21,3,5807,1457,201,-7.616946862073659
ARI,2018,16,283,495,2884,15,18,52,3979,1257,137,-170.82654263643533,355,1342,9,6,82,-55.615197797077506,283,473,2884,15,2,3979,1254,137,-58.15908024894094
ARI,2019,16,355,554,3797,20,12,50,4195,1880,176,5.871072857913379,396,1990,18,3,114,3.9212366948558,355,529,3797,20,4,4195,1880,176,82.35727551558229
ARI,2020,16,387,575,4102,27,13,29,4475,1853,213,22.50569958927206,479,2237,22,9,144,28.93374210420849,387,545,4102,27,6,4475,1855,213,87.81020634280826
ARI,2021,18,434,625,4756,27,13,41,4704,2361,222,58.33678896652358,514,2137,24,15,149,-8.402779569208894,434,604,4756,27,2,4704,2356,222,143.55798556247558
ARI,2022,17,433,664,3966,17,17,46,4604,2058,189,-87.31055590684454,434,1873,15,10,126,-10.385701513462914,433,635,3966,17,4,4604,2058,189,11.884967730766586
ARI,2023,17,355,555,3430,18,12,42,4186,1669,174,-100.87641951710708,471,2365,17,8,135,18.66245397482521,355,540,3430,18,2,4186,1669,174,-9.63339648187834
ARI,2024,17,374,543,3859,21,11,30,3697,1974,191,64.52634920272747,463,2451,18,9,147,21.713928027453484,374,523,3859,21,5,3697,1972,191,109.59605451532238
ARI,2025,17,427,649,4354,29,11,59,4660,2111,216,4.7595797736981815,366,1583,9,5,97,-21.504854023401514,427,617,4354,29,1,4660,2111,216,136.9355351435437
ATL,2000,16,285,514,3166,14,20,61,248,3166,156,-127.06770844483009,350,1214,6,11,73,-68.52308592062957,285,498,3166,14,4,248,0,156,-11.977643167159044
ATL,2001,16,278,485,3695,19,17,64,225,3695,165,-24.231595747735888,439,1762,9,7,92,-36.822058177523296,278,480,3695,19,1,225,0,165,92.468519330522
ATL,2002,18,304,543,3789,19,14,39,240,3789,184,40.97527967229167,591,2653,24,12,147,-4.951697424286007,304,512,3789,19,6,240,0,184,117.33683798540056
ATL,2003,16,230,460,2631,14,21,35,0,2631,127,-125.74347574048798,435,1949,17,5,102,18.93048585782979,230,0,2631,14,2,0,0,127,179.98559287119735
ATL,2004,18,241,436,2911,17,17,54,0,2911,128,-88.27345214485283,591,3098,24,11,163,54.90250549156733,241,0,2911,17,2,0,0,128,207.9312055050682
ATL,2005,16,247,451,2907,19,13,40,0,2907,150,-13.557908493471349,530,2559,17,8,147,8.493470988538913,247,0,2907,19,5,0,0,150,221.5795202041679
ATL,2006,16,223,417,2682,21,15,47,4698,945,133,-72.24157579978657,537,2939,9,8,139,23.56241181819823,223,0,2682,21,3,4698,942,133,210.23393650603447
ATL,2007,16,336,556,3573,18,16,46,3849,1740,162,-83.27421723854167,385,1520,7,5,81,-62.71548416630007,336,1,3573,18,4,3849,1740,162,239.09512188261166
ATL,2008,17,291,474,3639,18,13,20,4310,1409,171,82.97754555618427,584,2503,24,8,146,-22.561143116637012,291,0,3639,18,4,4310,1409,171,287.3728394753211
ATL,2009,16,332,570,3697,26,17,27,4732,1520,193,47.479615663148536,451,1876,15,5,109,-21.815215857443224,332,548,3697,26,3,4732,1520,193,101.43137712029521
ATL,2010,17,381,606,3911,29,11,28,5061,1408,210,89.8244666317863,511,1936,15,5,117,-47.05259908158399,381,602,3911,29,4,5061,1408,210,125.77331129617555
ATL,2011,17,389,635,4564,29,13,28,5658,1837,225,75.46582817659322,474,1898,14,4,107,-48.436766633050325,389,621,4564,29,2,5658,1837,225,129.9159840254877
ATL,2012,18,476,692,5365,38,17,29,5924,2186,284,164.78920308470632,427,1645,12,5,84,-62.053954127718654,476,688,5365,38,3,5924,2182,284,205.93055324095556
ATL,2013,16,445,659,4541,26,17,44,4468,2138,227,38.28415113903888,321,1247,11,1,67,-23.908715022571908,445,649,4541,26,8,4468,2138,227,103.05227062275675
ATL,2014,16,418,632,4758,28,15,31,4896,2099,233,73.11575078734307,372,1498,11,4,79,-45.94399624130458,418,623,4758,28,7,4896,2099,233,124.41077783490624
ATL,2015,16,410,621,4602,21,17,32,4788,1856,231,72.34844252021891,420,1606,13,8,105,-73.04481076041117,410,617,4602,21,4,4788,1856,231,129.6925114210605
ATL,2016,19,444,635,5974,47,7,45,5575,2719,293,223.47113088253857,498,2232,24,5,130,-8.133137659676539,444,627,5974,47,1,5575,2719,293,303.8219237279412
ATL,2017,18,386,596,4574,23,12,30,5201,2108,224,79.5186153642347,489,2057,13,9,127,-44.357435734653244,386,582,4574,23,1,5201,2108,224,138.4358890045154
ATL,2018,16,428,617,4949,36,7,42,5270,2145,238,119.27982811379005,351,1573,11,4,93,-32.98608856333905,428,604,4949,36,7,5270,2145,238,200.56284835739433
ATL,2019,16,459,684,5049,29,15,50,5535,1899,258,42.52343380419819,362,1361,10,4,89,-39.79014250428645,459,655,5049,29,3,5535,1899,258,158.00480380849132
ATL,2020,16,408,628,4620,27,11,41,5417,1644,245,69.70619305056903,409,1532,13,5,88,-42.03289555989449,408,605,4620,27,5,5417,1644,245,153.39104475951243
ATL,2021,17,377,573,3987,20,15,40,4143,1732,198,-16.814218519930552,393,1451,11,9,83,-65.02302008257266,377,554,3987,20,7,4143,1732,198,55.5319448593675
ATL,2022,17,257,415,2927,17,9,37,4033,1240,148,12.696833167405426,559,2718,17,8,160,10.663464650738918,257,400,2927,17,4,4033,1240,148,59.432643429035295
ATL,2023,17,327,530,3775,17,17,40,4345,1769,182,-42.981411141401004,522,2159,14,13,134,-64.30003380636713,327,508,3775,17,2,4345,1769,182,33.96464728751216
ATL,2024,17,364,559,4283,21,19,32,4466,1958,199,34.316686777479276,495,2219,18,6,147,0.12841468861860506,364,539,4283,21,3,4466,1958,199,104.14479116310548
ATL,2025,17,332,545,3703,19,8,26,4170,1871,185,4.209096397094655,477,2138,17,6,119,-19.203365768931064,332,519,3703,19,4,4170,1871,185,65.36143829808668
BAL,2000,20,322,580,3692,23,20,53,360,3692,178,-40.02394099070577,651,2591,13,11,144,-46.67026753850359,322,564,3692,23,4,360,0,178,43.968748005522976
BAL,2001,18,373,650,4140,20,23,48,268,4140,207,-51.415432499177776,563,2133,14,15,121,-76.90934739104941,373,631,4140,20,5,268,0,207,23.48352690096242
BAL,2002,16,262,479,3118,20,14,41,212,3118,146,-32.26810893093469,427,1792,9,13,95,-30.140076201619983,262,471,3118,20,2,212,0,146,45.496992241225165
BAL,2003,17,237,452,2731,17,21,44,0,2731,133,-75.4271044365217,568,2717,18,21,130,-40.973709490598935,237,0,2731,17,1,0,0,133,227.46893265254877
BAL,2004,16,258,465,2559,13,11,35,0,2559,135,-79.27809729416064,491,2063,11,7,106,-37.53675479463123,258,0,2559,13,4,0,0,135,189.71167459646912
BAL,2005,16,335,562,3381,17,21,43,0,3381,163,-42.480660019787294,451,1611,5,10,101,-66.38701728076951,335,0,3381,17,5,0,0,163,237.66553914601815
BAL,2006,17,346,553,3708,21,16,19,4308,1445,185,41.561613422213625,496,1720,11,12,102,-80.74113691473305,346,0,3708,21,4,4308,1444,185,262.27705369230426
BAL,2007,16,341,557,3308,13,14,39,4444,1292,175,-64.58303381421868,446,1797,11,10,99,-50.89188799718693,341,0,3308,13,3,4444,1292,175,236.28264033820787
BAL,2008,19,294,508,3522,17,15,37,4735,1526,166,-12.563309569276347,679,2656,24,12,156,-41.22233091647615,294,1,3522,17,6,4735,1526,166,263.93399763343837
BAL,2009,18,345,555,3860,21,16,38,4723,1820,202,29.58792730465837,538,2527,26,7,136,12.697606664681961,345,552,3860,21,3,4723,1820,202,78.39222936800233
BAL,2010,18,349,555,4019,28,11,49,4833,1756,203,50.00555212923615,545,2008,13,8,111,-55.95158766323998,349,555,4019,28,4,4833,1756,203,129.30624817769825
BAL,2011,18,350,607,4111,25,13,41,5739,1765,204,32.97636586552813,521,2199,15,7,110,-38.010975811877906,350,604,4111,25,2,5739,1765,204,105.16416318071818
BAL,2012,20,407,686,5136,33,11,44,7039,1990,236,60.19291942501559,583,2440,20,7,131,-30.289646765980315,407,681,5136,33,2,7039,1990,236,132.6442556104868
BAL,2013,16,363,619,3914,19,23,48,5781,1754,189,-43.78032331970722,423,1328,7,2,72,-87.0824772733226,363,614,3914,19,1,5781,1751,189,29.959996118982417
BAL,2014,18,390,628,4537,33,14,20,5367,1969,221,97.41727878534303,501,2208,17,6,133,-33.60538000564929,390,615,4537,33,5,5367,1969,221,127.0657342918112
BAL,2015,16,426,676,4449,21,21,24,5083,2186,212,-18.648257388418454,383,1478,8,6,94,-54.862547191322236,426,668,4449,21,3,5083,2138,212,28.380959772126953
BAL,2016,16,439,679,4343,20,16,33,5042,2090,205,-31.265738911528324,367,1463,10,4,84,-24.79317505731096,439,665,4343,20,2,5042,2090,205,31.860270797177435
BAL,2017,16,363,567,3235,20,13,27,3842,1506,169,-43.72544367783466,460,1856,14,5,117,-32.31400918216221,363,561,3235,20,4,3842,1506,169,0.7452604708918109
BAL,2018,17,348,585,3902,20,10,39,5053,1648,191,9.264102750310576,570,2531,19,18,170,-14.040190315297622,348,565,3902,20,1,5053,1648,191,85.07160075857719
BAL,2019,17,320,499,3715,38,10,32,4485,1539,189,128.55686379876812,625,3481,21,11,207,63.98496602877612,320,477,3715,38,2,4485,1539,189,178.36219551021756
BAL,2020,18,294,467,3320,27,13,41,4033,1413,158,21.762451651513526,622,3457,26,13,200,75.61039698021247,294,451,3320,27,3,4033,1413,158,87.67450121792784
BAL,2021,17,396,611,4267,21,18,57,5232,1717,210,-0.7380056510154844,517,2479,18,7,165,10.518268495342522,396,591,4267,21,5,5232,1717,210,91.25577163917569
BAL,2022,18,317,517,3428,21,14,40,4205,1492,163,-13.773102307523407,561,2875,14,10,182,23.433295943415022,317,493,3428,21,6,4205,1496,163,44.37948459787067
BAL,2023,19,364,553,4305,30,8,48,4599,1998,201,61.74035820146857,599,2971,28,7,170,19.737008797746846,364,531,4305,30,7,4599,1998,201,153.17188573113964
BAL,2024,19,352,523,4618,45,5,27,4540,2257,219,184.47983067428933,634,3664,24,9,202,65.89837032874954,352,501,4618,45,3,4540,2257,219,240.87171751108056
BAL,2025,17,278,422,3278,23,11,45,3422,1361,142,4.510214603981404,507,2662,23,7,152,42.21306531138224,278,407,3278,23,6,3422,1361,142,76.0054389442312
BUF,2000,15,298,514,3714,20,9,53,118,3714,167,13.664498656057575,454,1846,10,8,112,-59.015575041357174,298,498,3714,20,6,118,0,167,81.79101101606379
BUF,2001,16,343,583,3872,19,22,50,326,3872,187,-32.72109441905072,427,1801,9,8,93,-35.00625634126697,343,559,3872,19,4,326,0,187,43.12515127046724
BUF,2002,16,377,612,4364,24,15,54,148,4364,218,57.56415576919807,388,1596,17,14,97,-37.35589892800359,377,602,4364,24,4,148,0,218,139.80443185137113
BUF,2003,16,293,502,3069,11,17,51,0,3069,150,-79.110693249291,427,1661,13,14,105,-36.831969595582684,293,0,3069,11,4,0,0,150,226.36827895296128
BUF,2004,16,262,460,3032,21,17,39,0,3032,149,-12.950873475370729,482,1889,15,9,112,-62.319350287267994,262,0,3032,21,4,0,0,149,261.4218878880761
BUF,2005,16,270,460,2852,18,16,42,0,2852,129,-41.292052666662734,429,1605,6,9,111,-55.89833606941501,270,0,2852,18,1,0,0,129,226.87051285274234
BUF,2006,16,269,432,3050,19,14,47,3833,1246,132,-28.48288438995995,420,1552,9,12,93,-60.58237762765728,269,0,3050,19,1,3833,1243,132,230.9914008752905
BUF,2007,16,263,445,2842,12,14,26,3314,1414,141,-64.801868943197,448,1800,8,5,98,-38.914256583658506,263,2,2842,12,4,3314,1414,141,174.69945476832132
BUF,2008,16,309,479,3302,14,15,38,3522,1366,168,-26.293096020950053,439,1842,16,7,113,-16.36059378103684,309,0,3302,14,7,3522,1366,168,232.02181214229452
BUF,2009,16,256,441,2789,17,19,46,3549,1374,127,-78.64933904147883,425,1867,6,6,85,-37.03394896109062,256,435,2789,17,2,3549,1351,127,-15.44641532065988
BUF,2010,16,296,519,3363,24,21,34,4511,1358,168,-36.75572981190194,401,1720,6,12,89,-47.74534296120835,296,513,3363,24,8,4511,1358,168,12.307653254722766
BUF,2011,16,356,578,3857,24,25,23,4426,1876,180,-14.97393077016669,391,1921,12,10,108,3.687518325266482,356,569,3857,24,1,4426,1876,180,20.797638508860576
BUF,2012,16,309,511,3430,24,17,30,3972,1805,176,4.3739206053212225,442,2217,12,7,107,-6.737750880071823,309,509,3430,24,7,3972,1805,176,47.06179228329404
BUF,2013,16,299,522,3373,16,15,48,4506,1508,149,-69.31410797939091,546,2307,15,12,120,-8.894589062783382,299,519,3373,16,5,4506,1508,149,-7.424145926313594
BUF,2014,16,363,579,3856,23,13,39,4173,2077,186,-6.710149598166309,402,1482,7,5,66,-58.21653767102459,363,572,3856,23,7,4173,2077,186,51.75655921752975
BUF,2015,16,295,465,3600,23,9,42,4737,1294,155,43.53203010535893,509,2432,19,8,131,8.106519793128053,295,462,3600,23,6,4737,1290,155,101.23467575160994
BUF,2016,16,286,474,3250,17,7,46,4480,1190,155,20.165317539858087,492,2630,29,11,155,43.77742129822451,286,459,3250,17,0,4480,1190,155,97.38414682833191
BUF,2017,17,306,515,3213,16,12,49,4376,1402,156,-43.06925595059039,519,2147,12,9,122,-35.281808461194004,306,503,3213,16,3,4376,1402,156,33.34232554874607
BUF,2018,16,270,498,3052,13,23,41,4943,1354,136,-111.36849755744882,468,1984,15,7,118,-28.235495994855675,270,479,3052,13,4,4943,1354,136,-43.695656367704366
BUF,2019,17,324,561,3756,22,12,43,5110,1666,176,-19.497445899699922,495,2226,13,14,139,-16.60028061986654,324,528,3756,22,0,5110,1666,176,82.82911438683257
BUF,2020,19,487,716,5603,45,12,35,6215,2241,284,177.5955298308162,466,1980,17,6,138,-16.450553331606667,487,685,5603,45,3,6215,2241,284,248.68287690514003
BUF,2021,19,463,717,5087,45,16,29,5883,1976,269,119.2391386955313,514,2492,23,8,163,53.73415626277313,463,685,5087,45,8,5883,1977,269,175.15992512391847
BUF,2022,18,409,655,4907,38,17,41,6276,1774,242,82.37144123128469,475,2403,17,13,149,13.648589063595074,409,628,4907,38,3,6276,1774,242,157.49489342385226
BUF,2023,19,432,648,4695,33,18,26,5459,2255,224,101.15974853776603,585,2573,25,9,187,48.49608144253743,432,612,4695,33,7,5459,2255,224,151.74070402119432
BUF,2024,20,387,602,4574,34,6,19,4936,2508,207,154.18843997347952,603,2734,38,5,181,58.7811343122702,387,572,4574,34,2,4936,2508,207,204.23623964209298
BUF,2025,19,397,569,4537,33,12,44,4251,2387,223,111.81160076905256,609,2976,32,15,175,46.03604324810201,397,553,4537,33,4,4251,2387,223,185.84492439895547
CAR,2000,16,340,566,3850,19,19,69,265,3850,202,-18.23767629981106,363,1186,7,3,66,-44.23245416781714,340,554,3850,19,6,265,0,202,82.95075011262061
CAR,2001,16,314,579,3098,12,22,32,276,3098,145,-128.51952893537407,354,1372,9,11,78,-69.15778013503247,314,568,3098,12,5,276,0,145,-67.891543227867
CAR,2002,16,255,464,2981,15,22,44,459,2981,133,-83.75302277419564,452,1586,11,9,88,-95.93824247867741,255,449,2981,15,3,459,0,133,15.0989495202822
CAR,2003,20,329,563,4225,25,17,34,0,4225,185,29.371677633822397,653,2665,13,15,152,-64.9621476336494,329,0,4225,25,7,0,0,185,310.4711321978984
CAR,2004,16,311,536,3889,29,15,33,0,3889,192,66.80133886905652,422,1582,10,5,91,-43.00824633335291,311,0,3889,29,3,0,0,192,328.2346043041094
CAR,2005,19,323,539,4140,30,20,34,0,4140,188,57.17861875711833,575,2061,18,7,106,-57.78874351200027,323,0,4140,30,4,0,0,188,347.45884373104786
CAR,2006,16,325,539,3486,19,17,32,4348,1555,158,-33.897049925327075,423,1659,7,7,105,-49.48371296357332,325,0,3486,19,2,4348,1553,158,230.43161863562307
CAR,2007,16,285,505,2918,19,17,33,4143,1307,143,-35.903251680552714,451,1824,7,7,91,-49.65980410149553,285,1,2934,19,7,4143,1285,143,210.4064383974342
CAR,2008,17,263,448,3489,16,17,22,4256,1336,163,12.8221630145554,519,2514,31,3,124,24.35780099982916,263,1,3489,16,4,4256,1327,163,259.18567636450814
CAR,2009,16,264,465,3070,16,20,33,4149,1275,152,-46.905853832793014,525,2498,18,11,128,-6.064149032305114,264,456,3070,16,3,4149,1240,152,24.93605066796712
CAR,2010,16,256,484,2635,9,21,50,3485,1292,125,-158.05366372323687,428,1846,7,16,90,-85.82681897991043,256,468,2635,9,2,3485,1290,125,-62.638859483804495
CAR,2011,16,312,519,4089,21,17,35,4902,1954,175,52.46459507540875,445,2408,26,3,147,67.52464252656142,312,512,4089,21,6,4902,1954,175,96.9936980663655
CAR,2012,16,284,490,3927,19,12,36,4562,1746,172,55.306715150574824,462,2088,21,8,127,1.575585064058476,284,485,3927,19,3,4562,1744,172,103.41600935514349
CAR,2013,17,308,498,3646,25,15,48,4477,1716,179,32.94754232440102,507,2119,14,4,132,5.416756565590824,308,492,3646,25,3,4477,1716,179,108.54086448710851
CAR,2014,18,368,613,4272,27,15,45,5899,1624,223,-0.46685199637793495,544,2356,11,12,146,-33.99616645449271,368,608,4272,27,4,5899,1624,223,81.15389651029346
CAR,2015,19,353,592,4634,38,12,42,6116,1806,230,93.06205352370316,631,2696,25,11,167,-1.8201590742836178,353,584,4634,38,3,6116,1806,230,160.8340562396488
CAR,2016,16,306,563,3962,21,19,36,5711,1471,194,-26.785400887122222,453,1814,16,6,105,-31.3604053792029,306,553,3962,21,1,5711,1471,194,43.8875802267394
CAR,2017,17,317,542,3668,24,16,39,4643,1762,183,-4.302385897007348,516,2209,15,10,134,-38.944005610750516,317,530,3668,24,1,4643,1762,183,67.04100105408675
CAR,2018,16,378,563,4071,28,16,32,4161,2053,213,34.44048032713061,416,2136,17,7,123,25.750446350916246,378,544,4071,28,6,4161,2053,213,90.53773957552015
CAR,2019,16,382,633,4134,17,21,58,5299,2032,230,-63.03101867745218,386,1819,20,7,87,-31.600989977620028,382,600,4134,17,2,5299,2032,230,74.13120192950734
CAR,2020,16,373,550,4129,16,16,36,4114,2035,193,12.220879834529828,407,1704,19,7,117,-8.140107134597995,373,527,4129,16,3,4114,2035,193,84.9433834493002
CAR,2021,17,348,599,3573,14,21,52,4417,1833,174,-132.20783896492762,455,1842,17,10,129,-18.567005636062472,348,575,3573,14,1,4417,1831,174,-29.884024487876903
CAR,2022,17,267,457,3246,16,13,36,3321,1734,138,-41.798702883362154,483,2210,16,9,125,7.885427261755588,267,427,3246,16,4,3321,1734,138,28.75208443025094
CAR,2023,17,350,586,3245,13,10,65,4482,1439,152,-156.66620068522246,445,1769,7,5,115,-33.242914613520114,350,534,3245,13,7,4482,1439,152,11.796640154834293
CAR,2024,17,341,547,3411,22,15,36,4464,1431,171,-49.31081541928742,410,1878,18,3,102,3.743683073065567,341,518,3411,22,6,4464,1431,171,28.487254593139067
CAR,2025,18,350,555,3568,25,13,37,3815,1754,182,-35.68549926673731,483,2060,12,6,121,-15.959821014730577,350,517,3568,25,3,3815,1755,182,68.78540168860116
CHI,2000,16,304,542,3005,12,16,34,287,3005,143,-83.38122528224085,417,1736,6,12,99,-39.11298339660544,304,525,3005,12,4,287,0,143,-32.731737979418696
CHI,2001,17,326,550,3161,20,19,19,271,3161,155,-35.13402453043963,498,1853,13,6,113,-42.25080227356531,326,545,3161,20,4,271,0,155,2.3970690622523065
CHI,2002,16,310,543,3316,22,18,44,263,3316,156,-79.34498932925385,382,1344,8,12,87,-60.738756454474824,310,533,3316,22,2,263,0,156,10.81513446468827
CHI,2003,16,271,515,2905,12,20,43,0,2905,143,-102.89372166874514,443,1763,13,10,113,8.819215222348745,271,0,2905,12,4,0,0,143,198.8748168337142
CHI,2004,16,249,471,2641,9,16,66,0,2641,121,-170.9306004381582,430,1624,10,10,92,-68.38450872515646,249,0,2641,9,3,0,0,121,158.67864712698125
CHI,2005,17,236,459,2393,12,16,32,0,2393,123,-82.8488281452401,515,2196,13,9,111,-61.405224761691265,236,0,2393,12,3,0,0,123,186.14674534016763
CHI,2006,19,334,606,4041,27,25,28,5353,1607,185,-54.23669112673295,603,2340,19,9,137,-32.29004121097902,334,0,4041,27,5,5353,1581,185,312.7319605456062
CHI,2007,16,326,568,3698,18,21,43,4612,1763,169,-62.45642174490705,424,1333,8,12,82,-76.010768129221,326,0,3698,18,4,4612,1756,169,262.54356601240914
CHI,2008,16,306,530,3236,20,14,29,4264,1490,155,-44.01484735611438,432,1666,15,4,103,-47.902064107371075,306,1,3236,20,5,4264,1490,155,230.9364354678744
CHI,2009,16,340,563,3677,27,27,34,4605,1600,170,-56.01783518576353,374,1491,6,10,76,-37.65408429345206,340,556,3677,27,3,4605,1600,170,-13.641503882739187
CHI,2010,18,310,533,3904,26,25,61,4755,1741,185,-52.043680554350935,483,1875,14,1,95,-31.17200653168114,310,523,3904,26,8,4755,1741,185,41.777989751213624
CHI,2011,16,268,473,3346,18,20,49,4190,1355,154,-60.71683474402725,456,2015,10,7,102,-35.7388912811104,268,466,3346,18,7,4190,1355,154,-2.8905310379189872
CHI,2012,16,287,485,3298,21,16,44,4830,1231,163,-35.6592117286879,470,1970,11,4,103,-25.12509232166836,287,484,3298,21,3,4830,1231,163,27.11309418050025
CHI,2013,16,373,579,4450,32,13,30,5030,1763,215,97.9972802333288,404,1828,13,4,107,-6.600688001320367,373,570,4450,32,5,5030,1763,215,152.612043032113
CHI,2014,16,396,609,4035,30,19,41,4474,2161,194,-34.89196256392273,355,1441,8,6,95,-11.417854594694727,396,608,4035,30,3,4474,2161,194,28.88177845244411
CHI,2015,16,334,523,3843,21,12,34,4327,1837,177,5.255541195294275,468,1854,13,5,112,-27.4487426756843,334,519,3843,21,4,4327,1841,177,76.43457412420683
CHI,2016,16,347,559,4139,19,19,28,5153,1654,212,7.397014502923129,380,1735,10,8,106,-37.862160134958685,347,550,4139,19,5,5153,1654,212,66.14462692413325
CHI,2017,16,291,473,3085,13,12,39,3487,1350,145,-61.606994263867605,422,1788,13,10,103,-35.60370339434523,291,468,3085,13,1,3487,1350,145,13.031072582322398
CHI,2018,17,370,555,4050,29,14,35,4948,1661,189,58.18781797329097,486,2003,16,9,120,-20.33043495446801,370,545,4050,29,4,4948,1661,189,104.2540156456347
CHI,2019,16,371,580,3573,20,12,45,4538,1538,178,-30.30932410801656,395,1458,8,5,91,-62.15958244832187,371,566,3573,20,1,4538,1538,178,53.971421947065004
CHI,2020,17,421,643,4124,27,16,37,5148,1775,226,-9.55198242362355,412,1695,12,1,100,-21.728175529922463,421,623,4124,27,5,5148,1778,226,57.655768076108984
CHI,2021,17,332,542,3635,16,20,58,4495,1600,180,-92.62039353184636,475,2018,14,5,128,-20.07169487785982,332,524,3635,16,1,4495,1600,180,39.8025206111685
CHI,2022,17,223,377,2598,19,15,58,3426,1150,110,-85.26358997559537,558,3014,18,10,162,50.40234103817224,223,359,2598,19,6,3426,1150,110,5.2453933549972485
CHI,2023,17,321,513,3421,19,15,50,3775,1722,169,-64.64965049815295,534,2399,16,5,144,20.403676121320277,321,477,3421,19,4,3775,1722,169,47.125878779109314
CHI,2024,17,353,566,3552,20,7,68,4534,1876,173,-53.31441120694819,431,1734,13,4,101,-27.37357769640331,353,526,3552,20,5,4534,1876,173,81.19006000928805
CHI,2025,19,381,664,4609,32,12,25,5886,2133,219,61.65275941550759,572,2704,20,9,166,24.506610628155403,381,620,4609,32,0,5886,2133,219,142.6453420367207
CIN,2000,16,207,454,2219,6,14,52,203,2219,109,-137.07744995170893,495,2301,13,13,130,-26.24664979229913,207,434,2219,6,2,203,0,109,-36.508409739098056
CIN,2001,16,342,634,3480,14,26,31,406,3480,187,-54.83832446443798,466,1809,13,13,115,-44.94800836078181,342,620,3480,14,3,406,0,187,2.914849277205361
CIN,2002,16,350,591,3732,17,22,37,325,3732,187,-76.98963686034881,426,1730,13,7,113,-2.250709206241594,350,571,3732,17,1,325,0,187,4.791772098969718
CIN,2003,16,325,521,3605,26,15,37,0,3605,181,48.47296262706061,479,1987,12,3,103,-15.761969140640506,325,0,3605,26,1,0,0,181,314.10477926219045
CIN,2004,16,324,536,3520,23,22,31,0,3520,173,-26.63773525058219,437,1839,14,8,98,-44.31113009868941,324,0,3520,23,2,0,0,173,283.08464596949847
CIN,2005,17,387,579,4198,33,16,26,0,4198,218,112.75840092493682,478,1997,16,3,115,1.5448615656540694,387,0,4198,33,9,0,0,218,334.2978224373304
CIN,2006,16,327,523,4067,28,13,37,5065,1466,201,65.55248731589448,434,1635,14,8,90,-38.523417858156535,327,0,4067,28,1,5065,1466,201,333.77847880186766
CIN,2007,16,373,575,4130,26,20,17,5041,1742,214,59.27981372071517,416,1556,10,6,85,-34.00593330592369,373,0,4130,26,5,5041,1742,214,319.7059769306367
CIN,2008,16,304,514,2682,11,15,51,3688,1179,146,-109.04241792507491,419,1515,6,10,87,-75.24258013929467,304,0,2682,11,2,3688,1179,146,187.59040055450546
CIN,2009,17,304,513,3280,22,14,32,4164,1369,166,21.108080884138136,527,2227,10,8,123,-23.60072545922436,304,504,3280,22,8,4164,1369,166,69.51009965610655
CIN,2010,16,365,590,3988,26,20,28,4951,1663,206,33.518565999705615,428,1522,8,11,90,-75.95383122028207,365,586,3988,26,4,4951,1663,206,60.57269738026447
CIN,2011,17,335,577,3764,21,17,29,4760,1537,172,-15.004811048197759,474,1854,11,8,108,-38.670420300880636,335,565,3764,21,2,4760,1537,172,33.49420667499701
CIN,2012,17,349,570,3934,28,17,48,5011,1735,179,-14.457012814398983,446,1825,11,4,104,-4.79879023605214,349,558,3934,28,6,5011,1735,179,55.956160743566095
CIN,2013,17,393,638,4652,34,22,32,5481,2212,225,59.15906702535121,506,1868,14,9,115,-31.717721604782234,393,622,4652,34,7,5481,2212,225,102.85547037424902
CIN,2014,17,341,538,3706,20,17,26,4194,1923,172,-14.832827503375892,513,2257,20,8,132,-7.98474409909039,341,527,3706,20,7,4194,1923,172,37.06932635297883
CIN,2015,17,357,546,4316,32,10,35,4748,1871,202,117.71021906809074,491,1896,19,10,118,-61.25314167704073,357,534,4316,32,4,4748,1871,202,181.07055371540997
CIN,2016,16,364,563,4206,18,8,41,4416,1820,204,63.68831079074759,446,1769,17,5,106,-10.034059794278486,364,542,4206,18,4,4416,1820,204,124.52038286332724
CIN,2017,16,304,510,3386,25,12,40,4169,1761,166,-33.58777376191097,377,1366,6,4,77,-56.391704858696585,304,488,3386,25,6,4169,1761,166,42.77886400464257
CIN,2018,16,331,542,3569,27,13,37,4359,1648,182,10.816216381055305,359,1682,13,2,99,-19.322158674434824,331,529,3569,27,2,4359,1648,182,82.57265040183565
CIN,2019,16,356,616,3994,18,16,48,5022,1753,191,-66.8005381422602,385,1517,9,3,90,-32.47349700284512,356,589,3994,18,7,5022,1753,191,29.79902846911644
CIN,2020,16,372,581,3793,19,11,48,4727,1792,201,15.570270283083765,411,1668,13,8,98,-46.78306225516812,372,566,3793,19,4,4727,1792,201,89.5061067279017
CIN,2021,21,482,698,5917,42,16,74,5282,3047,257,94.28214392540961,526,2085,17,2,122,-39.26552225712283,482,676,5917,42,5,5282,3047,257,221.6420552538285
CIN,2022,19,490,719,5241,39,14,54,4920,2490,257,103.53596045630754,468,1822,17,0,121,-14.557834325011866,490,695,5241,39,3,4920,2488,257,206.34804640199323
CIN,2023,17,420,615,4257,27,14,50,3878,2368,209,13.30173479314289,383,1527,12,1,90,-24.686269278267797,420,592,4257,27,3,3878,2368,209,115.47444194972783
CIN,2024,17,460,652,4918,43,9,48,4614,2192,254,115.12695542445556,380,1574,11,6,93,-9.513695408275204,460,628,4918,43,5,4614,2192,254,220.74357036180652
CIN,2025,17,412,640,4244,36,17,36,4707,1954,213,13.347914985647936,381,1591,11,4,102,7.009361444607248,412,608,4244,36,6,4707,1954,213,67.33135669777509
CLE,2000,16,278,483,2728,9,19,40,313,2728,110,-107.40274286691218,336,1085,7,5,62,-67.65680851427139,278,469,2728,9,6,313,0,110,-50.26828089303107
CLE,2001,16,298,503,3324,19,23,53,311,3324,148,-51.5834280093082,436,1449,8,12,96,-61.137284512281646,298,496,3324,19,5,311,0,148,13.449740973649682
CLE,2002,17,374,609,4167,31,23,40,403,4167,193,38.0552809112427,465,1810,12,5,91,-32.64247434149328,374,597,4167,31,3,403,0,193,89.00765614959656
CLE,2003,16,313,509,3116,17,18,40,0,3116,153,-68.03693786627365,412,1670,8,14,103,-53.23985375371285,313,0,3116,17,1,0,0,153,229.27086196770367
CLE,2004,16,251,439,3076,21,21,43,0,3076,125,-59.98163887853226,439,1657,6,14,106,-87.97555702941479,251,0,3076,21,2,0,0,125,217.07502255120914
CLE,2005,16,297,498,3323,15,18,46,0,3323,149,-61.12063176035424,394,1496,4,12,85,-66.26529797787873,297,0,3323,15,1,0,0,149,237.88665503808124
CLE,2006,16,317,510,3242,15,25,54,3766,1533,153,-113.21503098124771,373,1340,7,11,76,-74.83822769160507,317,0,3242,15,2,3766,1533,153,218.10157631041005
CLE,2007,16,305,545,3865,29,20,20,4294,1631,192,31.519182802731535,439,1901,13,7,116,-32.973503828822714,305,1,3865,29,6,4294,1631,192,321.38226936884115
CLE,2008,16,238,488,2541,11,20,25,3707,1204,127,-106.31381036895752,408,1604,6,8,94,-26.18948998104557,238,2,2541,11,4,3707,1194,127,193.631404129575
CLE,2009,16,219,443,2255,11,18,30,3719,1058,118,-124.37635286497613,498,2087,10,6,108,-37.72436498235167,219,437,2255,11,5,3719,1054,118,-76.88153067040918
CLE,2010,16,296,478,3203,13,18,35,3903,1485,154,-32.44302652409271,414,1647,13,14,91,-47.33635192001905,296,468,3203,13,4,3903,1485,154,18.558567755834257
CLE,2011,16,320,570,3300,16,13,39,4206,1391,174,-58.757190154329635,415,1531,4,10,86,-44.72744418455838,320,562,3300,16,2,4206,1391,174,4.064160187944124
CLE,2012,16,328,566,3668,16,18,36,4258,1860,185,-39.57353750670795,396,1593,12,7,80,-15.115092206431164,328,562,3668,16,4,4258,1900,185,8.913291385912963
CLE,2013,16,379,681,4372,26,20,49,5651,1991,201,-62.815684053827965,348,1383,4,2,80,-13.795837566017385,379,670,4372,26,2,5651,1975,201,22.40401421394764
CLE,2014,16,274,502,3678,12,16,31,5030,1544,179,-21.356714359421638,477,1728,17,7,94,-59.595383394823756,274,499,3678,12,0,5030,1544,179,31.847548598355814
CLE,2015,16,371,609,4156,20,12,53,4871,1956,192,-37.22303268052065,380,1529,5,5,86,-39.195723808453366,371,601,4156,20,6,4871,1953,192,67.73248023108955
CLE,2016,16,338,567,3693,15,14,66,4852,1694,181,-36.70367194272994,350,1712,13,12,94,-35.28605982442319,338,558,3693,15,2,4852,1694,181,90.02900915223834
CLE,2017,16,312,574,3537,15,28,50,5188,1743,157,-142.87584097321448,384,1714,11,5,107,-3.641922470474263,312,566,3537,15,4,5188,1743,157,-68.62397333405576
CLE,2018,16,353,574,4261,29,17,38,5450,1911,189,3.1866935959951324,411,1893,15,6,99,-14.529500230821816,353,557,4261,29,6,5450,1913,189,65.78894362949725
CLE,2019,16,318,539,3847,22,21,41,4633,1825,180,-13.09706275423963,393,1901,15,5,95,-23.539073847902323,318,517,3847,22,2,4633,1825,180,59.49902053764817
CLE,2020,18,359,572,4168,31,9,27,4656,1667,219,108.29045232546295,548,2613,24,7,153,1.3653322643171002,359,535,4168,31,7,4656,1667,219,170.39612321923218
CLE,2021,17,320,520,3619,21,14,49,4292,1760,177,-16.197115227810734,485,2471,20,5,142,26.72429170690463,320,499,3619,21,3,4292,1760,177,89.45269737984692
CLE,2022,17,335,540,3710,19,12,44,4453,1593,182,-10.125522165335099,532,2490,19,4,147,24.521146159148113,335,507,3710,19,3,4453,1593,182,71.33775779320604
CLE,2023,18,389,670,4318,25,25,49,5613,1983,187,-122.71311257382993,538,2073,16,8,137,-51.615593794274005,389,640,4318,25,5,5613,1983,187,-21.077062079780575
CLE,2024,17,395,661,3879,19,23,66,5139,1711,180,-175.00518532804432,391,1608,8,6,98,-25.846051966612833,395,634,3879,19,2,5139,1711,180,-37.57736932462585
CLE,2025,17,323,558,3152,16,18,51,3785,1732,134,-164.18732132383388,421,1649,10,1,105,-22.132469403225144,323,522,3152,16,3,3785,1732,134,-52.077358904856865
DAL,2000,16,255,445,2771,14,21,35,335,2771,128,-63.60189876133192,463,1953,15,13,125,-13.188822739504271,255,433,2771,14,3,335,0,128,-5.204294155895784
DAL,2001,16,210,413,2408,14,20,34,373,2408,110,-87.11508426607512,505,2184,8,10,125,-47.555139521347456,210,398,2408,14,1,373,0,110,-24.74874368809848
DAL,2002,16,252,471,3020,14,16,54,327,3020,129,-106.58763606063526,423,1754,7,6,98,-65.31013175976139,252,447,3020,14,5,327,0,129,7.648217340105555
DAL,2003,17,315,547,3501,17,22,40,0,3501,158,-62.84803564012512,533,2071,12,9,122,-49.394173950135965,315,0,3501,17,3,0,0,158,238.40502221356377
DAL,2004,16,308,519,3636,19,23,37,0,3636,172,-13.376730697991524,448,1773,14,10,105,-34.784389123666955,308,0,3636,19,5,0,0,172,269.7044150638415
DAL,2005,16,300,500,3639,23,17,50,0,3639,177,48.248974831889896,521,1861,13,14,109,-68.22172929236109,300,0,3639,23,4,0,0,177,289.6586610537578
DAL,2006,17,327,535,4256,27,21,39,4909,1526,206,78.4791231066512,499,2052,21,7,121,-13.347262331372809,327,0,4256,27,3,4909,1512,206,373.37577987603316
DAL,2007,17,360,567,4491,37,20,28,4765,1791,229,140.05079940822728,450,1897,15,2,94,-10.951546726513246,360,0,4491,37,4,4765,1791,229,382.41043651968533
DAL,2008,16,328,548,3988,29,20,31,4998,1790,172,20.42124558251426,401,1723,12,9,108,-19.505412463285502,328,0,3988,29,7,4998,1783,172,298.9693895916671
DAL,2009,18,392,620,4925,28,10,42,4518,2534,226,108.97100969070115,496,2393,16,7,133,-7.848883346785566,392,613,4925,28,3,4518,2534,226,181.0861860397627
DAL,2010,16,379,576,4208,29,19,31,3912,2279,202,42.93067253370502,428,1786,10,5,114,-18.244210861890004,379,568,4208,29,8,3912,2267,202,78.3161163391031
DAL,2011,16,376,570,4453,33,12,39,4366,2063,220,88.93281395789863,408,1807,5,8,95,-41.196248009815406,376,562,4453,33,4,4366,2063,220,147.3033845723754
DAL,2012,16,434,658,4992,29,19,36,5782,1976,237,91.26918574397078,355,1265,8,6,81,-35.173447437433,434,650,4992,29,4,5782,1976,237,147.1118166769291
DAL,2013,16,375,586,4226,33,12,35,4673,2007,214,62.85886148703783,336,1504,12,5,84,4.2787562320497425,375,580,4226,33,8,4673,2007,214,105.83205821321393
DAL,2014,18,362,526,4492,41,11,40,4648,2085,225,159.59239907122364,557,2572,18,10,127,-21.04410551004088,362,521,4492,41,5,4648,2085,225,211.77107746806448
DAL,2015,16,334,528,3677,16,22,33,4053,1769,175,-46.134787943346865,408,1890,8,7,98,-10.008070782013833,334,519,3677,16,4,4053,1769,175,-11.676417121798917
DAL,2016,17,349,521,4101,28,7,30,4289,1755,207,118.72822445563688,523,2534,24,8,157,28.097953922086756,349,516,4101,28,4,4289,1755,207,162.39366165892943
DAL,2017,16,309,493,3326,22,13,32,3943,1364,162,-36.44807288926489,480,2170,18,1,129,33.23809281150032,309,485,3326,22,1,3943,1364,162,20.90211064618847
DAL,2018,18,398,592,4377,24,9,58,4463,2110,207,28.194952583459816,495,2177,17,10,132,-0.46214572129246534,398,581,4377,24,4,4463,2110,207,123.09899292174582
DAL,2019,16,388,597,4902,30,11,23,5613,1880,229,124.23810016545302,449,2153,18,7,128,13.132384559621059,388,576,4902,30,4,5613,1880,229,176.02375217882204
DAL,2020,16,413,639,4511,25,13,44,4759,2060,231,-13.550194747103793,430,1788,14,7,119,-18.98596349659146,413,617,4511,25,3,4759,2060,231,85.27443060913703
DAL,2021,18,468,691,5233,41,12,38,5496,2370,261,111.11589184231423,494,2196,16,8,128,-23.282281563724176,468,679,5233,41,5,5496,2370,261,189.58433168687952
DAL,2022,19,403,626,4422,33,20,29,5041,1873,219,49.30945091348394,588,2502,25,2,146,-10.127234457570133,403,614,4422,33,2,5041,1873,219,95.17521561156592
DAL,2023,18,469,674,5063,39,12,44,5316,2194,256,113.23851394687627,493,2043,15,3,129,2.9510673435726726,469,663,5063,39,6,5316,2194,256,191.55653180776255
DAL,2024,17,398,637,4092,23,14,38,4686,2030,193,-46.17726065651339,429,1705,6,12,110,-51.73058314762088,398,622,4092,23,7,4686,2030,193,13.61085955954622
DAL,2025,17,419,624,4735,31,12,31,5069,2101,230,113.9334655651819,465,2136,18,9,128,-9.32354839500308,419,607,4735,31,8,5069,2099,230,161.14302527426963
DEN,2000,17,372,607,4642,28,13,35,152,4642,231,81.4252939847509,534,2366,21,9,130,-5.127083391243389,372,588,4642,28,1,152,0,231,157.54901485690087
DEN,2001,16,312,511,3208,26,19,42,235,3208,176,-3.7413027556378324,481,1877,7,8,113,-33.72367287997168,312,496,3208,26,6,235,0,176,59.168865481885504
DEN,2002,16,359,554,4139,21,20,46,248,4139,199,37.813093232448864,457,2266,21,11,132,28.35598014328592,359,541,4139,21,1,248,0,199,119.04438653231335
DEN,2003,17,303,509,3308,20,20,27,0,3308,171,-17.948464408114702,569,2775,20,11,150,40.74013133238058,303,0,3308,20,0,0,0,171,256.2545225810062
DEN,2004,17,327,556,4373,29,21,20,0,4373,201,77.16462363032758,553,2424,14,13,145,-24.01452561615447,327,0,4373,29,4,0,0,201,344.5889427948902
DEN,2005,18,312,521,3793,20,10,29,0,3793,180,50.80642987978628,594,2737,28,6,160,40.2359833203281,312,0,3793,20,6,0,0,180,281.3695644786415
DEN,2006,16,256,454,2995,20,18,31,4330,1235,152,-33.18408940084281,488,2152,12,12,113,-14.72525306819226,256,0,2995,20,5,4330,1233,152,229.9261216141952
DEN,2007,16,326,515,3759,21,15,32,4147,1662,187,41.24951360376586,429,1957,10,12,105,-23.997723518824603,326,0,3759,21,6,4147,1655,187,284.73568819819263
DEN,2008,16,386,620,4544,25,18,12,5517,1823,223,126.78841973625914,387,1863,15,8,111,5.646851501573742,386,0,4544,25,5,5517,1820,223,347.7606320183702
DEN,2009,16,341,558,3825,21,13,34,3944,1976,186,6.6937866801793895,440,1836,9,6,97,-38.50696806596454,341,554,3825,21,2,3944,1969,186,54.115106508373486
DEN,2010,16,334,580,4306,25,12,40,5563,1728,205,41.15831327184121,398,1544,13,13,88,-61.439596711918554,334,577,4306,25,5,5563,1718,205,95.20429459536231
DEN,2011,18,236,476,3160,22,13,47,5321,1167,146,-52.9484416398719,620,2907,13,13,146,-29.661678565659454,236,469,3160,22,6,5321,1167,146,29.032835964456982
DEN,2012,17,430,631,4961,40,13,24,5186,1986,247,163.42403144956762,522,1957,12,8,123,-64.31240726297445,430,627,4961,40,3,5186,1996,247,196.8162123998439
DEN,2013,19,552,803,6482,60,13,21,6196,3090,338,278.7578589245673,537,2140,17,11,134,-31.547668909280123,552,798,6482,60,6,6196,3093,338,304.7968030182284
DEN,2014,17,425,653,4990,41,15,19,5596,1990,237,106.66791167460345,463,1873,15,6,108,-27.263659585441545,425,648,4990,41,4,5596,1990,237,143.02952917703882
DEN,2015,19,419,698,4755,21,24,48,6397,2024,227,-47.672377273286315,502,2016,15,7,103,-72.0785153681824,419,695,4755,21,4,6397,2024,227,21.669020919631457
DEN,2016,16,339,570,3914,20,11,40,5004,1576,181,15.52678973406265,410,1484,11,5,80,-67.35255812955872,339,556,3914,20,8,5004,1576,181,59.621707246371415
DEN,2017,16,332,566,3668,19,22,52,4749,1627,180,-89.90077867784461,457,1852,8,5,96,-36.82411515554115,332,551,3668,19,3,4749,1627,180,-10.762910325954001
DEN,2018,16,367,588,3930,19,15,34,4396,1808,182,-14.6895449268278,393,1907,18,4,114,-1.2498540523445527,367,564,3930,19,3,4396,1808,182,52.29012548905675
DEN,2019,16,312,504,3401,16,10,41,3522,1701,163,-28.33134134045632,409,1662,11,2,87,-32.3444643914891,312,481,3401,16,4,3522,1701,163,60.47295605567137
DEN,2020,16,317,556,3673,21,23,32,5026,1623,177,-62.66279231749522,442,1918,13,7,106,-37.61954037784606,317,533,3673,21,6,5026,1623,177,7.279230389471614
DEN,2021,17,354,541,3856,20,9,40,4552,1744,179,43.70757981475442,455,2025,16,7,128,-34.38671498639965,354,517,3856,20,2,4552,1744,179,114.23809550810381
DEN,2022,17,345,571,4007,18,15,63,4998,1987,166,-86.17285779168034,444,1935,11,9,116,-37.283333607124504,345,541,4007,18,1,4998,1987,166,47.47486174688244
DEN,2023,17,337,513,3566,28,9,52,3754,2069,155,-10.123776328163341,451,1810,8,5,120,-34.849382130965544,337,477,3566,28,7,3754,2067,155,90.06171318554131
DEN,2024,18,393,593,3967,31,12,26,4405,2121,179,36.08624854124648,478,1987,12,5,131,-15.679238674003432,393,572,3967,31,6,4405,2121,179,74.96860716639435
DEN,2025,19,431,690,4343,29,13,26,4975,2281,217,46.76108021248643,502,2167,18,4,124,-15.135801698525123,431,653,4343,29,1,4975,2281,217,110.82719184661703
DET,2000,16,277,503,2992,14,19,53,297,2992,144,-96.54072576176429,448,1747,15,8,108,-35.370522164233385,277,491,2992,14,2,297,0,144,-25.52580287671426
DET,2001,16,343,609,3969,18,24,66,419,3969,185,-78.63928156108423,351,1398,8,4,80,-49.47349331599865,343,586,3969,18,4,419,0,185,47.282251983272786
DET,2002,16,277,577,3168,19,25,20,264,3168,150,-121.01120408653,358,1477,9,5,74,-41.855374697261546,277,559,3168,19,1,264,0,150,-59.309584060867756
DET,2003,16,319,588,2988,17,24,13,0,2988,152,-111.53470640903546,374,1350,5,7,77,-57.853241011930976,319,0,2988,17,2,0,0,152,215.34540215632234
DET,2004,16,285,505,3124,19,13,36,0,3124,142,-63.61058293108085,408,1777,7,3,94,-8.113890776775833,285,0,3124,19,2,0,0,142,220.22273064029787
DET,2005,16,298,521,3021,15,18,30,0,3021,151,-61.54030727748856,405,1471,10,4,73,-36.03572835409258,298,0,3021,15,5,0,0,151,203.39872517330258
DET,2006,16,372,596,4208,21,22,63,5040,1698,208,-34.93851609285423,304,1129,9,8,58,-60.86327257315555,372,0,4208,21,5,5040,1698,208,301.49284493564966
DET,2007,16,368,588,4214,19,23,51,5003,1700,206,-26.28596252706246,326,1288,13,14,81,-45.148191019332046,368,0,4214,19,6,5003,1649,206,294.9218620540604
DET,2008,16,281,509,3299,18,19,52,4915,1329,144,-109.60679338126492,352,1323,10,8,75,-22.224991015372932,281,0,3299,18,7,4915,1336,144,206.83009420133257
DET,2009,16,316,585,3471,16,32,42,4799,1702,169,-132.97945341457677,410,1616,9,7,86,-49.453387468272176,316,573,3471,16,4,4799,1702,169,-69.51739247841068
DET,2010,16,383,633,4001,26,16,27,4533,2144,199,18.133921244623185,404,1613,11,6,88,-39.5976649253597,383,622,4001,26,4,4533,2144,199,50.247573610101185
DET,2011,17,458,719,5513,44,18,38,5976,2412,267,110.6242497119763,370,1566,11,6,82,-14.599142416302419,458,711,5513,44,3,5976,2411,267,159.29345502211447
DET,2012,16,445,740,5139,22,17,29,6458,2095,274,47.23769929214753,391,1613,17,7,88,-31.723544331027128,445,730,5139,22,7,6458,2095,274,85.3332245250889
DET,2013,16,371,634,4650,29,19,23,5241,2270,221,55.888073760595454,445,1792,15,19,114,-50.13426020510404,371,623,4650,29,4,5241,2270,221,90.46223671836901
DET,2014,17,393,646,4607,23,13,48,5106,2446,225,35.61079964766787,418,1512,12,7,78,-53.08719571473906,393,632,4607,23,4,5106,2446,225,121.70281231883698
DET,2015,16,420,632,4463,33,14,44,4132,2495,237,24.72332787064752,354,1335,7,7,73,-38.17785450290883,420,622,4463,33,3,4132,2495,237,92.95934776346968
DET,2016,17,406,626,4532,24,10,40,4679,2337,227,66.75729176441769,365,1359,9,2,80,-37.1207216089871,406,612,4532,24,1,4679,2337,227,137.9825391211229
DET,2017,16,374,570,4470,29,11,47,4561,2123,210,31.85468669063099,363,1221,10,6,64,-82.67939167219504,374,565,4470,29,2,4561,2123,210,130.9074382089701
DET,2018,16,375,574,3844,22,12,41,3978,2059,201,-5.867742415598542,404,1660,11,3,95,-39.868522842346216,375,561,3844,22,3,3978,2059,201,73.65804918182369
DET,2019,16,344,571,4187,28,15,43,5458,1514,196,17.44645493569518,407,1649,7,5,90,-54.55554982394039,344,550,4187,28,2,5458,1514,196,96.79728782564831
DET,2020,16,374,582,4397,27,13,42,4981,1887,221,30.906355931784347,367,1499,17,5,96,-38.87968652914037,374,562,4397,27,1,4981,1884,221,107.38170392574595
DET,2021,17,396,593,3884,23,14,36,3783,2091,194,-20.95766867941608,427,1886,12,6,107,-38.1162811281006,396,565,3884,23,2,3783,2091,194,66.88978943930101
DET,2022,17,383,588,4444,29,7,24,4135,2285,228,104.07154651409064,480,2179,23,5,122,-36.788763026357394,383,563,4444,29,2,4135,2285,228,165.0825006733612
DET,2023,20,485,717,5443,34,12,38,4842,2596,278,109.43830118276563,580,2686,34,8,150,-18.625039787560926,485,682,5443,34,4,4842,2596,278,196.90466087898258
DET,2024,18,424,594,5054,40,16,35,3838,2845,261,164.55528620702637,557,2689,32,3,155,21.123342934662585,424,561,5054,40,2,3838,2845,261,236.31535816826405
DET,2025,17,394,582,4567,35,8,39,3732,2422,225,103.36001665264264,442,2041,21,7,111,-24.568552161037623,394,550,4567,35,1,3732,2422,225,201.03470354321308
GB,2000,16,348,600,3916,21,16,34,299,3916,198,22.64982269337536,404,1643,13,8,92,-14.090544208373466,348,596,3916,21,8,299,0,198,57.626836948079436
GB,2001,18,388,628,4782,37,24,30,340,4782,232,68.50800355555829,483,1979,12,14,99,-60.033684561111386,388,620,4782,37,3,340,0,232,113.8117101439662
GB,2002,17,381,622,4070,30,18,29,259,4070,209,39.245020567653626,470,1989,12,9,104,-33.67232293773668,381,613,4070,30,5,259,0,209,74.45883428774195
GB,2003,18,351,540,3876,35,22,20,0,3876,187,65.46237163932881,576,2846,20,12,151,15.986755640492564,351,0,3876,35,1,0,0,187,315.4318713293561
GB,2004,17,404,632,4764,37,23,16,0,4764,241,149.8660127613357,470,2013,10,12,116,-34.10586246318097,404,0,4764,37,5,0,0,241,380.6152341275315
GB,2005,16,384,627,3975,20,30,27,0,3975,207,-17.67411427573926,398,1352,11,10,87,-52.21660765987615,384,0,3975,20,3,0,0,207,316.31878326350943
GB,2006,16,350,630,3947,18,18,24,5488,1965,187,-15.870236382069194,431,1662,9,5,97,-74.47731954777439,350,0,3947,18,7,5488,1936,187,297.74952221986615
GB,2007,18,420,636,4872,35,17,20,4836,2508,232,138.41842449756027,437,1860,16,8,93,-40.878086152414845,420,1,4872,35,10,4836,2502,232,353.54736495614895
GB,2008,16,343,541,4044,28,13,34,4866,1529,182,75.91906794269067,437,1805,11,11,108,-21.731422877735653,343,0,4044,28,2,4866,1522,182,316.6736887530636
GB,2009,17,385,595,4914,34,9,55,5498,2297,218,128.00706623589778,459,1963,22,4,115,4.900654551697442,385,590,4914,34,4,5498,2297,218,201.14360161162705
GB,2010,20,442,673,5449,40,15,46,6187,2415,257,157.98165991795597,529,2010,15,6,117,-29.121957038591592,442,661,5449,40,10,6187,2415,257,209.79382508376452
GB,2011,17,401,597,5418,53,9,45,5439,2335,245,236.32559324035088,418,1705,12,5,98,-26.68437831336902,401,585,5418,53,2,5439,2335,245,304.31133065142143
GB,2012,18,423,630,4873,43,9,55,5105,2309,240,130.238446210247,480,1882,12,5,95,-35.771586003054544,423,616,4873,43,3,5105,2311,240,219.6398651418355
GB,2013,17,383,596,4715,26,16,49,4607,2293,210,57.43394843281574,490,2260,18,8,131,6.074557072661753,383,579,4715,26,3,4607,2293,210,130.9582970058544
GB,2014,18,392,605,4941,42,8,33,4929,2299,249,158.10616272716013,494,2171,14,7,119,-32.5444415800659,392,600,4941,42,1,4929,2299,249,222.07146530861334
GB,2015,18,393,653,4296,35,9,49,5536,2108,196,3.887018760644798,490,2126,10,9,119,-23.114352743688787,393,641,4296,35,4,5536,2108,196,103.86793464753538
GB,2016,19,483,748,5449,49,10,45,6718,2375,276,159.9124334833129,433,1962,14,6,112,-12.474318237395972,483,739,5449,49,6,6718,2375,276,234.7809253997247
GB,2017,16,352,562,3532,25,18,51,4081,1909,176,-56.56744630724858,386,1724,13,3,100,15.03453342080493,352,554,3532,25,2,4081,1909,176,39.856937413901555
GB,2018,16,392,640,4629,25,4,53,5667,2197,209,26.41134974641368,333,1667,14,4,101,23.43171073436593,392,615,4629,25,2,5667,2197,209,145.83200818585223
GB,2019,18,403,639,4586,30,6,41,5571,2308,219,82.13628226491164,457,1966,21,4,105,-12.195761414354926,403,601,4586,30,6,5571,2308,219,174.01492266983607
GB,2020,18,428,610,4941,53,6,26,4800,2575,251,206.54165417918142,495,2373,18,5,132,28.13353147811677,428,581,4941,53,5,4800,2575,251,254.7981719522292
GB,2021,18,422,622,4751,39,7,38,4798,2538,245,120.66090326692805,466,1967,14,5,118,14.342073248646791,422,597,4751,39,6,4798,2538,245,186.46722153160238
GB,2022,17,364,563,3890,27,12,32,4478,2010,187,-1.6200855390558622,456,2113,12,5,123,5.130230863709384,364,540,3890,27,7,4478,2010,187,64.59876992153339
GB,2023,19,411,636,4676,37,13,30,5364,2128,232,113.91474822458501,502,2184,13,7,123,-31.523515236198968,411,615,4676,37,5,5364,2127,232,167.63246292968998
GB,2024,18,328,512,4151,28,14,24,4464,2055,183,71.92908330148481,551,2603,24,9,153,5.044427526931346,328,497,4151,28,2,4464,2055,183,117.13643054629325
GB,2025,18,352,535,4168,30,7,30,4752,1827,198,136.78717687541987,515,2136,18,9,135,-17.999580967265317,352,498,4168,30,5,4752,1827,198,211.5202980403659
HOU,2002,16,251,481,2838,12,15,81,211,2838,128,-126.52961747260456,456,1473,7,17,83,-108.03529003849879,251,452,2838,12,1,211,0,128,-4.792322102876946
HOU,2003,16,248,439,2841,14,18,36,0,2841,127,-49.529195589634526,421,1651,14,8,91,-29.263355634075076,248,0,2841,14,4,0,0,127,210.51624670538249
HOU,2004,16,287,472,3555,16,14,50,0,3555,175,28.701211601597617,479,1878,16,9,115,-47.134680923443675,287,0,3555,16,4,0,0,175,282.54823514703935
HOU,2005,16,270,449,2661,15,13,68,0,2661,142,-71.89911108301548,437,1816,9,6,96,-19.164858530501142,270,0,2661,15,0,0,0,142,226.33762553187773
HOU,2006,16,329,481,3030,14,13,42,2703,1633,158,-40.13463869629375,432,1685,13,10,114,-21.54684261258815,329,0,3030,14,5,2703,1633,158,201.7297612039476
HOU,2007,16,346,529,3925,24,21,22,4261,1494,192,40.54824416521235,417,1586,12,4,100,-18.6574827735958,346,1,3925,24,10,4261,1499,192,287.32878854047584
HOU,2008,16,367,555,4474,21,20,32,4180,1999,210,39.889724604345375,432,1846,16,9,112,-7.3484671949366245,367,0,4474,21,4,4180,1998,210,307.00740968925794
HOU,2009,16,399,593,4803,29,17,26,4534,2168,232,124.1435422967725,424,1475,13,11,101,-61.39689038571132,399,582,4803,29,6,4534,2170,232,143.5393341064696
HOU,2010,16,365,574,4370,24,12,32,4411,1993,222,77.96902591059833,423,2042,20,5,120,17.240072756036845,365,566,4370,24,3,4411,1988,222,139.93181934472483
HOU,2011,18,316,522,4039,21,12,35,4465,1858,196,53.566635326868,609,2767,21,11,151,-30.38916398969595,316,510,4039,21,1,4465,1863,196,119.66003260588596
HOU,2012,18,417,643,4651,24,15,29,4942,2041,238,80.34600023600926,570,2372,21,5,129,-25.484770486252295,417,636,4651,24,1,4942,2041,238,132.52239243913843
HOU,2013,16,371,633,4183,19,22,42,5156,1652,199,-75.1440081926139,414,1743,7,5,96,-28.31393839554293,371,621,4183,19,5,5156,1652,199,-8.72518032886116
HOU,2014,16,295,485,3460,22,13,26,3988,1543,171,27.347562189668324,551,2161,12,6,117,-41.06441747219665,295,480,3460,22,6,3988,1543,171,46.05698548218389
HOU,2015,17,373,653,4215,29,16,39,6275,1402,220,-21.305678325689097,497,1845,7,5,95,-58.913920732779985,373,648,4215,29,3,6275,1402,220,52.03378315584884
HOU,2016,18,384,648,3783,17,19,35,5522,1531,190,-76.15966898977115,523,2087,10,9,119,-57.033332952028516,384,642,3783,17,2,5522,1531,190,-12.853840811313903
HOU,2017,16,299,525,3644,28,17,54,5204,1410,180,-53.62002154452146,448,1842,8,4,90,-29.540478779700454,299,516,3644,28,2,5204,1410,180,62.62000474741026
HOU,2018,17,374,555,4400,27,10,65,4689,1892,216,47.14210276643213,488,2126,12,4,106,-36.852254126988946,374,541,4400,27,4,4689,1892,216,144.2473935095705
HOU,2019,18,406,611,4718,30,14,61,5423,2061,234,71.0477513897519,488,2244,19,12,126,-1.5439816480675235,406,593,4718,30,4,5423,2058,234,164.0470234020992
HOU,2020,16,383,546,4843,33,7,50,4867,1973,224,129.8895435921528,344,1466,10,7,87,-24.381641917861998,383,525,4843,33,6,4867,1973,224,214.9486918350578
HOU,2021,17,354,546,3630,21,15,44,3997,1723,163,-60.411743138214874,420,1422,8,5,84,-66.45837687555539,354,523,3630,21,5,3997,1723,163,16.25760278590758
HOU,2022,17,352,579,3642,20,19,38,4358,1842,160,-113.12737238463541,398,1476,7,10,92,-72.60542869608524,352,558,3642,20,2,4358,1842,160,-32.00863819757256
HOU,2023,19,408,647,5033,30,8,47,5604,2238,233,46.33277316931825,480,1761,11,5,96,-68.36335920254074,408,619,5033,30,3,5604,2238,233,144.6165750816028
HOU,2024,19,398,631,4479,21,13,65,5240,1933,222,-14.16334048573862,497,2226,17,6,110,-36.23476274121822,398,607,4479,21,5,5240,1933,222,103.95689512022302
HOU,2025,19,405,661,4418,26,14,37,5471,1808,206,7.868113724612229,528,2064,10,6,121,-45.32052945756311,405,630,4418,26,3,5471,1808,206,93.98852697841696
IND,2000,17,374,603,4607,34,15,20,269,4607,221,142.8165220743735,458,1958,14,7,123,-17.586628966550883,374,591,4607,34,4,269,0,221,177.07137687210053
IND,2001,16,349,557,4227,27,23,30,339,4227,206,29.779462905473498,438,1966,16,10,114,-21.356976259509747,349,543,4227,27,4,339,0,206,73.56018939305623
IND,2002,17,428,657,4565,29,22,25,293,4565,234,64.21925640520965,480,1731,13,5,110,-52.1936406281917,428,652,4565,29,10,293,0,234,84.10288213951605
IND,2003,19,452,677,5224,38,14,25,0,5224,259,179.22206435340078,531,2021,19,13,138,-28.069764423312762,452,0,5224,38,6,0,0,259,414.2821791360921
IND,2004,18,407,601,5427,55,12,16,0,5427,273,249.1878929728758,466,1974,13,8,106,-11.017455625798956,407,0,5427,55,6,0,0,273,445.30854721408014
IND,2005,17,370,554,4481,32,11,25,0,4481,228,180.29203549052326,479,1761,19,4,122,-19.53760257760944,370,0,4481,32,1,0,0,228,391.6058998230627
IND,2006,20,460,711,5415,34,16,21,6848,1808,298,179.99163294684467,586,2366,21,7,155,-21.65475623372644,460,0,5415,34,6,6848,1808,298,445.3915310796202
IND,2007,17,388,599,4574,35,16,23,5033,1864,233,156.46665485100615,464,1750,19,1,124,3.436192771312915,388,0,4574,35,6,5033,1700,233,372.81127732736076
IND,2008,17,418,627,4490,28,12,15,5363,1846,231,155.2420783922341,392,1338,14,4,85,-28.9557649516876,418,0,4490,28,4,5363,1829,231,357.64481304577225
IND,2009,19,489,729,5561,40,21,17,6349,2351,293,176.9176916846753,434,1536,17,5,85,-54.292089276549916,489,729,5561,40,4,6349,2338,293,203.98372400756733
IND,2010,17,468,705,4925,34,17,17,6115,2007,264,139.5265163784665,420,1576,13,5,96,-28.461165858014617,468,705,4925,34,3,6115,2007,264,141.9224094555455
IND,2011,16,302,534,3223,14,14,35,4315,1343,170,-66.48833564080584,382,1594,8,7,72,-48.69915526479008,302,525,3223,14,3,4315,1343,170,-0.9758691390926622
IND,2012,17,367,682,4662,23,19,44,6860,1766,224,3.678309066179189,470,1823,11,5,118,-7.700834667641644,367,671,4662,23,4,6860,1766,224,85.05608159832198
IND,2013,18,399,668,4726,29,17,36,5681,2230,228,34.76966273304537,449,1912,16,5,97,-1.8210572621124776,399,663,4726,29,2,5681,2230,228,105.29554048379075
IND,2014,19,480,781,5829,45,20,30,6936,2739,288,89.94065547775094,487,1908,12,12,104,-74.63104735460415,480,764,5829,45,7,6936,2739,288,150.7766930918862
IND,2015,16,355,619,3928,26,19,37,5285,1647,195,-24.842735584531123,396,1438,6,6,84,-77.46362533454878,355,604,3928,26,2,5285,1647,195,50.816723382058186
IND,2016,16,370,584,4491,32,15,44,4849,1800,222,57.683456419358784,409,1628,13,5,96,-33.458239839705776,370,572,4491,32,3,4849,1800,222,144.97402899998275
IND,2017,16,285,487,3226,13,9,56,3678,1646,148,-67.5878054780015,451,1661,11,7,99,-38.5822264176769,285,472,3226,13,4,3678,1646,148,18.325580306077793
IND,2018,18,470,712,5020,42,16,21,5492,2065,261,98.9082508708976,457,2005,14,5,114,-20.506476819315473,470,701,5020,42,4,5492,2072,261,132.61622208462876
IND,2019,16,307,513,3314,22,10,32,4125,1676,165,-15.747664998399797,471,2130,17,3,134,19.89211406312281,307,488,3314,22,5,4125,1676,165,53.6455378219107
IND,2020,17,398,598,4495,26,11,21,4318,2359,219,110.2556133228205,489,2159,21,1,139,-17.754540148345207,398,578,4495,26,4,4318,2359,219,146.42001278564
IND,2021,17,324,521,3588,27,8,32,4000,1657,168,9.956186922557427,499,2540,22,7,159,39.33890038725944,324,502,3588,27,5,4000,1647,168,101.19045703613516
IND,2022,17,398,604,3855,17,20,60,3837,1790,193,-103.30296528279058,439,1866,8,8,97,-66.17925067264375,398,579,3854,17,8,3837,1791,193,3.1768546974928196
IND,2023,17,355,574,3882,18,10,41,4255,1863,178,0.1010847334187579,479,2059,19,4,115,-41.0728227755719,355,546,3882,18,3,4255,1863,178,90.86664060125119
IND,2024,17,289,513,3599,20,19,32,5433,1457,161,-34.66717148765171,496,2331,20,10,138,-21.290599681177106,289,492,3599,20,3,5433,1457,161,34.818032627185005
IND,2025,17,360,547,4085,25,14,29,4380,1802,200,47.66947836835752,442,2007,27,5,131,33.99101845990116,360,530,4085,25,2,4380,1802,200,105.67093737042343
JAC,2001,8,163,266,1875,10,7,37,110,1875,95,0.0,180,751,4,2,41,0.0,163,262,1875,10,2,110,0,95,0.0
JAC,2002,8,148,252,1649,10,7,20,122,1649,88,0.0,222,1076,8,5,56,0.0,148,239,1649,10,0,122,0,88,0.0
JAX,2000,16,333,545,3947,22,15,54,243,3947,194,56.49171463115951,481,2032,18,11,120,-23.3182740202175,333,532,3947,22,7,243,0,194,116.14690795635289
JAX,2003,16,303,516,3421,17,18,27,33,3421,164,-17.38230491938273,481,2073,13,8,124,-24.09990698333199,303,2,3421,17,4,33,0,164,234.51151340111724
JAX,2004,16,305,513,3315,17,11,32,0,3315,163,16.25840007075746,446,1850,9,5,96,-37.274163845041656,305,0,3315,17,7,0,0,163,240.29996250497584
JAX,2005,17,304,526,3599,21,7,40,0,3599,186,40.649354853753536,517,2059,18,3,106,-34.96326348127788,304,0,3599,21,7,0,0,186,291.64782917518477
JAX,2006,16,267,447,3059,17,14,31,3836,1424,147,-11.893801962248702,511,2551,23,9,138,32.189722273454244,267,0,3059,17,3,3836,1424,147,221.40436840337364
JAX,2007,18,319,523,3913,31,11,35,5014,1487,200,111.18854521464516,574,2603,20,4,142,19.201298127246687,319,0,3913,31,5,5014,1487,200,350.31749916952435
JAX,2008,16,335,537,3620,15,13,42,4453,1466,182,11.860271633577602,426,1774,17,5,110,3.162932268068741,335,0,3620,15,5,4453,1469,182,263.98064952925307
JAX,2009,16,315,519,3599,15,10,44,4243,1521,170,-11.662901320998856,446,2028,19,7,117,22.309874278980644,315,514,3599,15,5,4243,1521,170,61.88662192675837
JAX,2010,16,291,469,3356,26,21,37,3946,1474,161,-3.4658529194366805,513,2386,14,8,154,29.81472537548064,291,464,3356,26,3,3946,1469,161,57.76896276609392
JAX,2011,16,240,469,2510,12,15,44,3578,1275,123,-129.84817612781305,489,1970,9,13,116,-54.12380030542948,240,467,2510,12,2,3578,1275,123,-61.69155897617603
JAX,2012,16,328,586,3746,20,17,50,4996,1544,157,-83.31731202893306,358,1369,5,7,82,-39.207572494059356,328,580,3746,20,3,4996,1544,157,-5.571551482602739
JAX,2013,16,349,592,3751,16,21,50,3911,2078,176,-91.5674651226234,378,1260,7,5,77,-66.3050556507782,349,585,3751,16,6,3911,2078,176,-30.20206730833999
JAX,2014,16,325,557,3451,15,18,71,4046,1866,154,-145.26883203755736,360,1633,9,6,91,-29.340277248272244,325,553,3451,15,2,4046,1866,154,-45.83709749059854
JAX,2015,16,355,607,4428,35,18,51,5586,1841,215,2.167354333565818,354,1473,5,9,79,-64.88090929418895,355,601,4428,35,2,5586,1841,215,91.69773346088503
JAX,2016,16,369,626,3925,24,16,34,5155,1848,207,-45.94678742221106,392,1631,8,9,82,-41.75805884005932,369,623,3925,24,2,5155,1848,207,19.569483815851157
JAX,2017,19,365,612,4310,24,13,29,4768,2237,229,42.57516758606487,628,2682,23,11,130,-17.281420572280755,365,600,4310,24,4,4768,2237,229,98.4471337145871
JAX,2018,16,329,536,3431,15,13,53,3777,1833,164,-61.837913941161915,416,1723,7,5,98,-38.31536561164177,329,524,3431,15,7,3777,1833,164,11.573023851419919
JAX,2019,16,364,589,4023,24,8,42,4470,1893,183,-26.555724459564747,389,1708,3,3,90,-28.958378116558887,364,563,4023,24,1,4470,1893,183,78.87858975128867
JAX,2020,16,387,616,3955,25,16,44,4858,1696,206,-42.39578962955759,337,1519,9,3,83,-12.23415569850166,387,585,3955,25,2,4858,1696,206,61.37839246448296
JAX,2021,17,361,604,3674,12,17,32,4765,1640,179,-58.918805229335575,392,1755,13,6,95,-23.66407170104753,361,583,3674,12,5,4765,1640,179,11.353717077773936
JAX,2022,19,446,682,4653,30,14,32,5008,2264,238,66.01842955033841,488,2377,17,9,133,-11.084972884950815,446,658,4653,30,3,5008,2273,238,140.5851308075587
JAX,2023,17,412,620,4377,22,14,41,4981,1937,199,5.377807689351349,453,1646,17,5,104,-65.18356745267752,412,607,4377,22,8,4981,1945,199,76.46237453223678
JAX,2024,17,343,546,3717,19,15,32,4586,1742,174,2.8151029561769283,414,1729,13,5,109,-13.594123616501726,343,522,3717,19,4,4586,1742,174,68.27036519037303
JAX,2025,18,362,593,4233,32,14,42,5172,1727,208,42.0507665353543,512,2110,22,4,139,-7.523599335659177,362,577,4233,32,3,5172,1727,208,112.30528623048498
KC,2000,15,322,549,4173,24,14,32,170,4173,194,49.023445599914645,349,1348,11,7,82,-44.48095285317409,322,539,4173,24,5,170,0,194,106.84596783682868
KC,2001,16,322,565,4146,18,25,43,407,4146,190,-3.2922824442029013,474,2190,18,7,136,19.851382386040136,322,551,4146,18,3,407,0,190,62.48233666870404
KC,2002,16,292,477,3763,27,13,26,328,3763,179,97.35806588549866,462,2378,26,3,145,60.70755725943055,292,466,3763,27,0,328,0,179,142.35823329204956
KC,2003,17,357,566,4325,25,12,20,0,4325,214,111.66295987836727,477,2117,34,4,134,34.52334922434068,357,0,4325,25,2,0,0,214,343.3046537958687
KC,2004,16,370,561,4631,27,17,32,0,4631,228,149.08156620361925,496,2289,31,7,145,46.417465468308244,370,1,4631,27,2,0,0,228,373.06490044780355
KC,2005,16,317,507,4014,17,10,32,0,4014,182,77.92533051224709,520,2382,26,9,146,28.00543081697321,317,0,4014,17,3,0,0,182,308.5555814840206
KC,2006,17,286,474,3350,19,14,45,3868,1377,189,2.028164407104626,530,2187,17,9,114,-32.166069909015775,286,0,3350,19,2,3868,1371,189,284.42659667211655
KC,2007,16,335,563,3525,17,20,54,4375,1542,171,-66.9544889185658,384,1248,6,2,73,-65.4687584052769,335,0,3525,17,5,4375,1497,171,251.36550336374367
KC,2008,16,310,541,3358,23,16,37,4462,1357,161,-38.19415959890209,379,1810,9,11,101,-16.857569641697616,310,0,3358,23,1,4462,1331,161,254.7634531678091
KC,2009,16,297,537,3183,18,17,45,4320,1297,139,-92.34919196108922,437,1917,8,14,105,-53.58484753930786,297,528,3183,18,1,4320,1297,139,-17.317476336559295
KC,2010,17,283,493,3259,27,11,35,4022,1572,169,35.82203673999625,575,2735,14,8,139,-19.080686913915745,283,480,3259,27,3,4022,1565,169,97.02846052569029
KC,2011,16,299,500,3288,13,18,34,4205,1392,163,-31.896743004502902,487,1893,5,5,94,-65.90917907428025,299,496,3288,13,3,4205,1392,163,17.649689098523922
KC,2012,16,273,475,2937,8,20,40,3919,1261,144,-118.06390441029276,500,2395,9,11,123,-24.96396641563447,273,466,2937,8,2,3919,1261,144,-57.926436358791534
KC,2013,17,363,592,3939,28,8,43,3833,2153,196,37.63243421907037,474,2206,18,8,126,-1.9784705229659139,363,576,3939,28,4,3833,2153,196,112.79930584142227
KC,2014,16,320,493,3428,18,6,49,2898,1894,184,55.5510768101125,420,1918,18,9,98,-7.1330646277821135,320,485,3428,18,9,2898,1894,184,108.1736336050584
KC,2015,18,356,545,3929,22,8,50,3738,2111,177,31.753012653796695,505,2320,21,5,141,8.162565608220543,356,532,3929,22,6,3738,2114,177,89.5677107732852
KC,2016,17,385,580,4086,20,9,33,3983,2160,209,36.360777612216374,426,1809,16,5,94,-27.24757126945936,385,568,4086,20,5,3983,2160,209,101.4696953729415
KC,2017,17,387,576,4590,28,8,41,4434,2288,212,95.2844771137068,421,1972,13,3,106,-11.424871361180077,387,560,4590,28,2,4434,2288,212,164.44736473314256
KC,2018,18,428,655,5699,53,12,34,6061,2903,264,228.7692747326042,432,2076,21,5,132,30.94195951261375,428,634,5699,53,5,6061,2902,264,289.118907794924
KC,2019,19,450,688,5591,40,7,32,5790,2620,254,178.17024907027718,452,1928,22,8,126,-2.3594302786181824,450,664,5591,40,5,5790,2620,254,233.50243592361517
KC,2020,19,502,755,5921,44,10,29,5954,2949,303,220.28498783972125,469,2143,16,5,140,8.336960728796038,502,732,5921,44,7,5954,2949,303,265.9060998481922
KC,2021,20,538,798,5996,49,16,37,5661,3353,324,181.5698926992972,504,2382,18,10,148,24.157882577504235,538,754,5996,49,4,5661,3353,324,252.48905604518353
KC,2022,20,512,758,5976,49,12,29,5362,3194,316,219.90602250871498,493,2314,19,7,129,15.083904303566195,512,715,5976,49,6,5362,3191,316,281.8164736479291
KC,2023,21,525,784,5434,34,18,33,5068,3216,271,73.89371363491748,537,2296,12,8,143,-35.549500665811635,525,732,5434,34,9,5068,3216,271,135.6907290346333
KC,2024,20,459,683,4725,31,13,52,4394,2697,251,64.36952172829007,518,2024,19,6,128,-1.2695930007521934,459,653,4725,31,2,4394,2697,251,159.40756269516487
KC,2025,17,363,584,3947,23,12,47,4533,2110,189,24.883655681429083,430,1812,15,5,128,8.470350136755695,363,549,3947,23,3,4533,2110,189,109.25092200330967
LA,2003,17,404,646,4619,23,26,45,0,4619,229,17.713627672195578,434,1560,20,5,106,-32.348095721932985,404,0,4619,23,4,0,0,229,361.5364268504444
LA,2004,18,413,648,5224,27,24,59,-1,5224,234,76.14356613333474,426,1803,12,2,110,-7.397475218612611,413,0,5224,27,14,-1,0,234,378.1965919931358
LA,2005,16,392,599,4351,23,24,46,0,4351,210,33.44596407297977,380,1535,13,11,88,-60.75300224491097,392,0,4351,23,6,0,0,210,318.72949252793853
LA,2006,16,371,592,4328,24,8,49,5359,1618,213,56.37892917521725,424,1805,13,6,100,-21.599967724532767,371,0,4328,24,5,5359,1618,213,319.6240157136884
LA,2007,16,333,574,3561,19,28,48,5039,1121,193,-95.94761825888328,404,1527,5,8,70,-58.497980125159266,333,0,3561,19,5,5039,1122,193,273.6832596098616
LA,2008,16,293,521,3275,11,19,45,4678,1403,140,-117.7821853520075,416,1639,8,8,98,-48.86083984221075,293,1,3275,11,4,4678,1386,140,215.09859165245086
LA,2009,16,311,542,2962,12,21,44,3810,1562,159,-151.8216058860194,412,1792,4,7,85,-63.19217584079161,311,536,2962,12,5,3810,1562,159,-81.65856227578782
LA,2010,16,354,590,3512,18,15,34,3919,1862,179,-44.4240802020084,429,1578,9,2,87,-63.5380920589749,354,582,3512,18,2,3919,1853,179,9.711293005734923
LA,2011,16,292,549,3258,9,10,55,4841,1410,159,-127.66446902717645,409,1667,7,5,84,-58.4192394802418,292,548,3258,9,5,4841,1410,159,-20.714799125217283
LA,2012,16,332,557,3783,22,14,35,4584,1540,190,7.723592415377347,410,1714,5,5,85,-34.31552880813452,332,545,3783,22,5,4584,1540,190,64.74934341676591
LA,2013,16,301,506,3360,22,11,36,3976,1645,165,-21.106990877445714,426,1752,10,6,87,-53.60377080284777,301,503,3360,22,3,3976,1645,165,24.875375031851803
LA,2014,16,327,515,3695,20,16,47,4232,1747,190,-50.31664478494538,395,1635,11,7,90,-58.99429235376505,327,506,3695,20,1,4232,1729,190,45.252274568268035
LA,2015,16,273,473,2931,11,11,18,3806,1565,126,-84.26526021480669,429,1956,16,11,96,-58.5425000428937,273,468,2931,11,3,3806,1565,126,-52.68063461810033
LA,2016,16,312,536,3313,14,20,49,3907,1624,151,-143.21822083871177,375,1252,9,6,69,-63.14108018608949,312,530,3313,14,4,3907,1624,151,-54.91307284518488
LA,2017,17,344,563,4282,29,7,31,4468,2164,197,74.10649700325705,470,2068,17,8,105,-19.303934724566783,344,555,4282,29,4,4468,2164,197,117.83181296715996
LA,2018,19,428,675,5454,33,14,38,5812,2441,272,116.04803430508277,551,2643,27,5,163,35.184973099149566,428,647,5454,33,3,5812,2442,272,211.50234015590246
LA,2019,16,397,632,4669,22,17,22,4869,2270,222,61.39906289311517,401,1499,20,6,96,-61.23563682937595,397,612,4669,22,3,4869,2270,222,128.15789427832283
LA,2020,18,425,642,4541,22,14,32,4347,2359,224,22.017168735681018,535,2278,21,4,144,-40.52235070309616,425,612,4541,22,4,4347,2359,224,101.28371128074053
LA,2021,21,505,749,6121,50,21,38,6367,2694,292,157.21236350921032,540,2009,12,5,123,-86.15228979203076,505,738,6121,50,3,6367,2694,292,240.54716794701616
LA,2022,17,347,531,3506,16,15,59,3712,1794,181,-68.12828622955792,411,1661,15,5,92,-16.776441026350327,347,517,3506,16,2,3712,1794,181,46.41093451161147
LA,2023,18,386,619,4667,28,13,36,4842,2246,221,62.212724106407734,494,2113,18,3,116,0.6474631484168212,386,589,4667,28,4,4842,2253,221,141.69871008362193
LA,2024,19,412,630,4629,26,9,38,4766,2137,218,43.486876914388105,493,1966,15,9,137,-44.33967570500916,412,611,4629,26,1,4766,2137,218,125.54942233739362
LA,2025,20,454,717,5643,52,9,29,6776,2218,283,173.11037278027885,547,2493,20,5,148,0.4493602419700653,454,697,5643,52,3,6776,2218,283,231.17273024391852
LAC,2003,16,297,525,3226,21,19,29,0,3226,146,-48.741916701494425,417,2146,16,9,128,27.796260492336987,297,0,3226,21,3,0,0,146,228.44187388918914
LAC,2004,17,319,492,3825,31,9,22,0,3825,172,145.96127649823595,559,2285,24,12,150,-3.017015979863081,319,0,3825,31,5,0,0,172,323.5330791235835
LAC,2005,16,338,526,3738,27,16,30,0,3738,191,61.91435736495265,466,2068,22,2,120,36.65573054594992,338,0,3738,27,3,0,0,191,313.78748037954995
LAC,2006,17,301,498,3641,24,10,32,4509,1410,179,75.65875128487136,555,2730,35,8,157,57.71304991048822,301,0,3641,24,2,4509,1410,179,314.74518283551123
LAC,2007,19,336,561,3990,26,20,26,4935,1536,196,42.61084762854847,569,2310,21,8,124,-51.08411379733983,336,0,3990,26,2,4935,1536,196,346.3126977117691
LAC,2008,18,353,549,4529,37,13,33,4792,1951,217,140.75431318158894,466,1908,16,3,108,-4.926039378662082,353,0,4529,37,5,4792,1936,217,381.4337432996743
LAC,2009,17,365,559,4804,30,12,28,5235,2216,237,175.26375729241835,445,1484,18,2,83,-58.732960441071256,365,548,4804,30,3,5235,2165,237,228.84718950623932
LAC,2010,16,359,544,4746,30,13,38,4668,2232,236,170.78418693029462,457,1810,18,13,99,-50.152981150183564,359,531,4746,30,5,4668,2232,236,233.39154606475054
LAC,2011,16,366,582,4624,27,20,30,5222,1974,236,102.7422132750464,436,1864,16,7,101,-24.394581180647616,366,567,4624,27,4,5222,1974,236,165.29156394627253
LAC,2012,16,338,528,3606,26,15,49,3961,1796,184,-2.8154090489922474,411,1461,4,5,82,-54.84451319705807,338,513,3606,26,2,3961,1796,184,95.87271282837214
LAC,2013,18,408,587,4823,35,11,35,4560,2196,249,186.5693334294469,544,2226,11,5,116,-10.764762530792279,408,578,4823,35,4,4560,2188,249,237.17121896222358
LAC,2014,16,380,574,4296,31,18,37,4901,1927,215,72.04761917942784,398,1367,6,5,83,-51.792953729558484,380,567,4296,31,4,4901,1927,215,130.20979911030196
LAC,2015,16,442,667,4855,30,13,40,4838,2629,232,74.24617151116739,393,1358,4,7,82,-76.27448869421747,442,659,4855,30,7,4838,2622,232,133.48399766532725
LAC,2016,16,349,580,4386,33,21,36,4913,2020,216,48.584379479255865,398,1510,10,6,93,-43.832343965810196,349,564,4386,33,6,4913,2020,216,114.8859478315041
LAC,2017,16,366,583,4551,28,11,18,4780,2150,220,106.86068713808348,419,1595,10,5,91,-38.385623325688094,366,573,4551,28,3,4780,2150,220,135.68959255597997
LAC,2018,18,395,595,4807,35,13,37,4731,2347,238,140.0412598112714,442,1981,18,2,114,-10.291827641616319,395,582,4807,35,7,4731,2347,238,188.88842869487712
LAC,2019,16,394,597,4648,24,20,34,5079,2173,222,72.38647213305572,366,1453,12,7,96,-42.00675381245016,394,576,4648,24,4,5079,2173,222,143.42399489915036
LAC,2020,16,413,627,4548,31,10,34,4718,2304,226,89.72661071633948,466,1784,12,8,116,-58.93092457289428,413,611,4548,31,3,4718,2304,226,142.2127545479422
LAC,2021,17,443,674,5014,38,15,31,5082,2403,257,119.34808747669969,423,1834,18,3,113,-15.468361516838732,443,659,5014,38,5,5082,2403,257,166.34604151920746
LAC,2022,18,510,754,5064,27,10,42,4760,2702,246,34.586212938406796,427,1591,17,7,102,-12.658411482533184,510,729,5064,27,6,4760,2702,246,107.46247634226032
LAC,2023,17,409,632,4312,24,8,43,4733,2176,204,-2.5802536784342482,431,1642,11,6,93,-70.58481183499111,409,614,4312,24,8,4733,2177,204,98.47897195043487
LAC,2024,18,350,542,4143,24,7,48,4768,1816,186,40.40201198308112,481,1932,17,5,117,-29.733759545342348,350,523,4143,24,5,4768,1816,186,116.1456531410048
LAC,2025,18,386,600,4112,26,14,66,4781,1833,193,-36.63235139513979,488,2154,10,5,127,-8.035777244208672,386,574,4112,26,6,4781,1833,193,82.81721122872364
LV,2003,16,277,520,2984,9,14,43,0,2984,139,-85.42080781774956,424,1826,15,9,105,-11.169867696058777,277,0,2984,9,3,0,0,139,198.06687383243786
LV,2004,16,330,582,4019,24,22,29,0,4019,176,6.933461265117934,329,1294,10,6,81,-33.420100611778444,330,1,4019,24,5,0,0,176,294.66519598938225
LV,2005,16,316,592,3883,21,15,43,0,3883,190,-2.674690810020479,362,1368,11,5,85,-26.46454301172257,316,0,3883,21,3,0,0,190,337.8414404422258
LV,2006,16,263,483,2850,7,24,72,4384,972,144,-147.74884081098327,394,1519,5,16,87,-82.12624916190912,263,0,2850,7,7,4384,948,144,198.92728314146092
LV,2007,16,260,451,2894,17,20,42,3707,1242,133,-41.83220246392716,507,2098,11,12,122,-46.172077465785186,260,0,2894,17,2,3707,1151,133,206.24571598601224
LV,2008,16,222,421,2639,13,11,39,3948,1163,123,-92.7932316786469,459,1987,9,12,98,-61.832871872954165,222,0,2639,13,0,3948,1143,123,186.13589483263388
LV,2009,16,255,485,2875,10,18,48,4568,1287,131,-143.11395722521348,411,1701,7,8,85,-45.10998537025259,255,477,2875,10,2,4568,1287,131,-55.961631710210064
LV,2010,16,280,493,3472,18,16,44,4244,1801,159,-12.704574272004841,503,2493,19,9,119,3.9063668245898926,280,486,3472,18,4,4244,1796,159,41.05981572977372
LV,2011,16,315,524,4119,20,23,25,5412,1610,186,38.565434672264054,466,2110,16,7,118,-14.890229116410795,315,519,4119,20,4,5412,1610,186,67.36051650999983
LV,2012,16,376,629,4292,24,16,27,5300,2027,201,6.752594091834758,376,1420,4,4,80,-75.07913322164396,376,624,4292,24,6,5300,2027,201,56.2314788723232
LV,2013,16,298,519,3629,17,20,44,4185,1723,168,-40.550876960369735,437,2000,16,7,102,-18.504723191374353,298,508,3629,17,1,4185,1723,168,31.146120641339916
LV,2014,16,365,629,3456,22,16,28,4949,1544,175,-89.8696871776597,337,1240,4,9,64,-79.37201191589352,365,619,3456,22,6,4949,1544,175,-38.97596381420034
LV,2015,16,373,605,4129,34,14,33,4743,1849,194,-9.781290429274973,370,1457,7,7,80,-41.62655356005947,373,601,4129,34,5,4743,1849,194,52.292987956613736
LV,2016,17,397,641,4298,30,10,21,5029,1938,210,36.76571436939208,455,1986,18,8,105,-36.225686069184775,397,634,4298,30,4,5029,1938,210,87.63041026694839
LV,2017,16,347,558,3761,23,14,24,4655,1686,178,23.031395273870984,370,1554,13,8,85,-39.24673329683711,347,552,3761,23,8,4655,1686,178,38.159263909653234
LV,2018,16,382,556,4057,19,10,52,3785,1995,198,-2.7580776160712634,387,1628,9,7,91,-50.96284026600704,382,530,4057,19,2,3785,1995,198,107.24474889668588
LV,2019,16,367,523,4110,22,8,29,3467,2153,194,99.2223350693191,437,1893,13,9,112,-36.45828672327055,367,491,4110,22,4,3467,2153,194,151.3325496508946
LV,2020,16,369,551,4383,28,10,28,4492,2056,206,68.3464581011265,457,1916,20,9,124,-7.604624947761251,369,523,4383,28,4,4492,2056,206,140.96650951420932
LV,2021,18,458,682,5118,24,15,43,5526,2414,232,36.69446671257028,428,1720,14,9,106,-46.11467470540591,458,652,5118,24,5,5526,2414,232,128.1086844442642
LV,2022,17,359,586,4182,28,17,35,5359,1780,193,19.571045271227135,428,2059,12,4,130,-8.715669671427145,359,558,4182,28,5,5359,1780,193,85.29138166452523
LV,2023,17,348,557,3666,20,18,40,4281,1611,182,-44.897590713771294,413,1542,11,5,87,-56.14107497704474,348,531,3666,20,2,4281,1611,182,50.6051500818397
LV,2024,17,410,635,4117,19,16,50,4455,2061,209,-62.91733084732313,380,1357,10,10,84,-91.874991300372,410,592,4117,19,0,4455,2061,209,72.01117451194705
LV,2025,17,340,515,3315,20,19,64,3208,1806,162,-107.57279016847852,369,1317,5,3,72,-96.84002493454122,340,494,3315,20,2,3208,1806,162,18.745538840946924
MIA,2000,17,266,468,2939,15,22,31,361,2939,134,-7.174268023516948,524,2073,18,9,120,-54.261651219113766,266,465,2939,15,2,361,0,134,30.39555528557558
MIA,2001,17,290,481,3457,20,20,30,356,3457,160,30.434515542133152,488,1710,14,9,98,-40.30142049826249,290,477,3457,20,8,356,0,160,53.12297492853233
MIA,2002,16,271,455,3069,18,15,25,247,3069,155,21.771257285460166,530,2502,24,13,147,-13.33018199808849,271,443,3069,18,6,247,0,155,60.31250210029133
MIA,2003,16,257,450,3001,17,19,32,22,3001,145,-49.71334832131335,486,1824,14,6,103,-40.7550049784822,257,1,3001,17,6,22,0,145,225.5622437537445
MIA,2004,16,309,586,3391,19,26,52,0,3391,166,-136.12690298614203,384,1339,10,9,79,-60.59002819421092,309,1,3391,19,5,0,0,166,265.6680742336789
MIA,2005,16,291,556,3458,22,16,26,0,3458,159,-3.0187143825734672,444,1898,11,10,103,-33.45359208017369,291,0,3458,22,5,0,0,159,271.24916153683984
MIA,2006,16,342,591,3577,16,19,39,4834,1558,180,-64.97951231943242,404,1663,7,9,87,-59.41798457134757,342,0,3577,16,1,4834,1532,180,268.2870380012284
MIA,2007,16,318,558,3319,12,16,40,4550,1434,163,-60.13173039987204,391,1559,14,10,118,-13.539851718583398,318,0,3319,12,2,4550,1436,163,250.3058287970941
MIA,2008,17,355,529,4003,21,11,27,4255,1572,197,83.58871985145012,471,1945,18,8,121,-30.710322908867177,355,0,4003,21,6,4255,1575,197,286.7914066925786
MIA,2009,16,331,545,3396,15,19,34,4575,1314,189,-2.744392488654722,509,2231,22,11,134,15.086955398667065,331,535,3396,15,6,4575,1314,189,40.07924438926986
MIA,2010,16,336,558,3752,17,20,38,4733,1448,189,-15.255392576398467,444,1646,8,12,99,-57.053016132653376,336,552,3752,17,3,4733,1446,189,42.037280199290144
MIA,2011,16,280,469,3425,20,13,52,4589,1194,166,3.9526066125735513,469,1987,11,13,100,-38.1279880601507,280,465,3425,20,3,4589,1194,166,74.09763822846033
MIA,2012,16,293,504,3425,13,13,37,4341,1271,158,-19.385818809159744,440,1802,15,13,98,-31.6828702192913,293,500,3425,13,4,4341,1271,158,28.55430905696247
MIA,2013,16,357,594,3966,24,19,58,5690,1535,205,-2.927463101682278,349,1440,8,5,65,-43.955796203395074,357,582,3966,24,0,5690,1535,205,94.05411409907316
MIA,2014,16,394,595,4066,27,12,46,4616,1876,229,29.305019724184053,399,1872,12,8,102,-30.06787133739857,394,593,4066,27,5,4616,1876,229,96.66549545327818
MIA,2015,16,365,588,4231,24,12,45,5154,1876,194,0.4103286796660566,344,1496,11,4,75,-33.00019175939637,365,581,4231,24,2,5154,1876,194,74.14053651191922
MIA,2016,17,345,513,4005,28,16,35,4054,1885,183,37.33619188684412,426,1876,14,10,98,-35.2113084829152,345,503,4005,28,2,4054,1885,183,93.5631223998376
MIA,2017,16,373,602,3792,24,21,33,4884,1681,189,-49.874755312497896,360,1388,4,5,72,-56.14798666582973,373,588,3792,24,10,4884,1681,189,-8.718559619699771
MIA,2018,16,292,455,3309,26,13,52,3699,1777,153,-54.16800594109631,371,1738,7,7,80,-39.23008330604103,292,435,3309,26,1,3699,1777,153,62.70973064329184
MIA,2019,16,371,615,4117,22,18,58,5463,1581,211,-28.266259532199573,349,1156,10,7,68,-57.85464825889382,371,606,4117,22,7,5463,1581,211,46.920376430491864
MIA,2020,16,370,559,3937,24,13,34,4272,1655,207,36.192702130427364,428,1688,15,5,104,-33.93915665996371,370,547,3937,24,3,4272,1654,207,90.82135924528795
MIA,2021,17,404,615,3936,21,14,40,4471,1739,206,-4.536039533838318,442,1568,12,5,93,-58.10777029026223,404,599,3936,21,2,4471,1739,206,79.66824750957717
MIA,2022,18,386,629,4985,31,17,39,5817,1895,232,52.246631560257796,410,1728,13,5,101,-20.65866392639333,386,604,4985,31,3,5817,1895,232,138.02185013709828
MIA,2023,18,413,605,4897,31,16,33,4595,2318,232,97.69743746741496,474,2384,27,13,133,-10.691225327567134,413,587,4897,31,4,4595,2317,232,153.72628195342983
MIA,2024,17,413,591,4036,22,10,43,3711,2210,221,43.481886431862954,448,1795,12,10,108,-83.32380278255759,413,568,4036,22,4,3711,2212,221,141.17210605362249
MIA,2025,17,322,479,3322,23,18,38,3362,1807,174,4.929832002705847,432,2044,14,11,112,-12.381004214884621,322,462,3322,23,3,3362,1807,174,66.50963335442844
MIN,2000,18,337,554,4399,36,21,39,369,4399,211,85.16404186244964,469,2310,15,11,126,24.48625361150801,337,540,4399,36,5,369,0,211,160.45445696993772
MIN,2001,16,335,555,3854,23,23,47,366,3854,179,-28.55955810121361,376,1609,10,11,100,-12.475235253147757,335,541,3854,23,5,366,0,179,62.09059289445832
MIN,2002,16,337,558,3951,19,23,49,619,3951,192,28.569210739390996,473,2507,26,13,149,58.73298670107566,337,545,3951,19,5,619,0,192,127.37296755606911
MIN,2003,16,333,520,4169,32,13,43,0,4169,194,89.32320697428861,492,2343,15,15,133,12.60603098836956,333,0,4169,32,3,0,0,194,349.92144261047235
MIN,2004,18,423,629,5354,44,14,52,0,5354,249,182.88552080027821,435,2043,9,10,121,-12.841432829792396,423,0,5354,44,3,0,0,249,453.1537423709541
MIN,2005,16,322,509,3449,18,16,54,0,3449,169,-27.574556955275305,381,1461,10,9,88,-53.26316739436387,322,0,3449,18,2,0,0,169,252.2756951856314
MIN,2006,16,332,540,3402,13,20,41,4151,1722,162,-105.73943391590319,444,1822,12,8,90,-41.58175822237479,332,0,3402,13,7,4151,1717,162,220.38404098251104
MIN,2007,16,249,432,2934,12,14,37,3653,1386,139,-10.41224981709711,495,2634,22,13,138,0.29206275368762125,249,0,2934,12,4,3653,1382,139,206.70507865711556
MIN,2008,17,282,487,3381,22,18,45,4147,1538,159,-38.01121455161402,552,2478,17,13,133,-29.088805306380525,282,1,3381,22,5,4147,1538,159,259.2413855780007
MIN,2009,18,421,624,4947,39,9,37,4914,2364,248,170.95185485772066,536,2192,22,12,124,-84.59248900116008,421,622,4947,39,3,4914,2364,248,229.00050774979107
MIN,2010,16,305,505,3327,14,26,36,4353,1565,159,-80.8688900851236,441,1942,16,7,117,-33.538859330717244,305,503,3327,14,3,4353,1565,159,-31.30952647529654
MIN,2011,16,286,510,3255,20,17,49,4503,1396,159,-73.07273827174372,448,2318,18,7,124,31.87206425709003,286,506,3255,20,5,4503,1402,159,-3.1252985861847478
MIN,2012,17,311,513,3115,19,13,35,3731,1669,170,-19.065117210737288,515,2801,16,9,132,10.601670701390344,311,506,3115,19,3,3731,1669,170,46.363575619897404
MIN,2013,16,325,546,3645,18,19,44,4720,1584,174,-55.73239659690069,423,2081,23,9,109,17.467643558195512,325,535,3645,18,3,4720,1584,174,19.69663903162069
MIN,2014,16,322,517,3566,17,18,51,3943,1836,173,-32.613031583864185,413,1804,12,3,95,-4.254392932334559,322,510,3566,17,3,3943,1836,173,46.74449731894503
MIN,2015,17,311,478,3392,14,9,48,3407,1895,160,-9.415879145332369,503,2269,18,9,121,-4.334594269205692,311,467,3392,14,5,3407,1895,160,60.09788385238551
MIN,2016,16,414,588,4119,20,5,38,3874,2030,209,40.90495952666238,380,1205,9,3,69,-98.56056271510774,414,585,4119,20,1,3874,2030,209,123.48147873217766
MIN,2017,18,410,615,4518,27,11,30,4616,2261,225,54.821666190292014,548,2122,17,4,119,-69.10679426571579,410,607,4518,27,4,4616,2261,225,111.93247892453991
MIN,2018,16,425,606,4298,30,10,40,4396,1947,218,-10.79667924128233,357,1493,9,6,74,-69.90428128130719,425,592,4298,30,1,4396,1947,218,84.78017138341134
MIN,2019,18,359,526,4143,28,9,37,3973,2031,189,76.02149443655232,526,2290,21,10,126,-32.69165949193642,359,502,4143,28,7,3973,2031,189,149.1012498036588
MIN,2020,16,349,516,4265,35,13,39,4103,1936,212,93.0604228925342,468,2283,20,5,142,9.039150240107752,349,485,4265,35,4,4103,1936,212,177.58225040136998
MIN,2021,17,398,604,4450,34,7,30,4842,1944,203,57.37675565399799,449,1930,10,6,109,-41.31556674316617,398,578,4450,34,3,4842,1944,203,130.167997820186
MIN,2022,18,480,712,5089,32,15,47,5277,2246,260,38.73774721365605,420,1722,19,5,100,-44.36051481923456,480,680,5089,32,2,5277,2243,260,153.24444635502476
MIN,2023,17,424,631,4700,30,19,47,4930,1926,221,2.6815032805339256,393,1553,7,7,85,-28.493426313111108,424,606,4700,30,4,4930,1926,221,105.01779918769873
MIN,2024,18,389,588,4624,36,13,58,5045,1893,222,27.05015428717591,479,1961,9,6,109,-32.56810858551716,389,557,4624,36,4,5045,1892,222,160.4593264947235
MIN,2025,17,298,484,3208,18,21,60,3757,1531,157,-101.06956126373714,410,1841,15,8,111,-12.985479250163696,298,468,3208,18,2,3757,1531,157,26.3318302224604
NE,2000,16,328,565,3461,18,15,48,234,3461,172,-18.52940187206319,424,1390,9,12,89,-72.97824574966393,328,551,3461,18,5,234,0,172,45.33016607444404
NE,2001,19,376,600,4000,23,16,54,316,4000,199,8.45682010534843,553,2061,16,12,121,-58.33250873705497,376,588,4000,23,3,316,0,199,85.56246410361511
NE,2002,16,374,605,3767,28,14,31,248,3767,185,11.48784427163413,395,1508,9,8,109,-20.835677205323307,374,590,3767,28,5,248,0,185,70.95391715335688
NE,2003,19,395,663,4443,28,15,32,0,4443,221,53.61594991286334,567,1942,11,7,119,-86.74814589917465,395,0,4443,28,5,0,0,221,345.7414298103505
NE,2004,19,348,566,4335,34,14,33,0,4335,225,146.2209572964406,623,2582,19,7,151,-18.860546888841714,348,1,4335,34,5,0,0,225,383.7273465158979
NE,2005,18,387,627,4864,32,17,32,0,4864,226,118.45188125904117,488,1709,16,7,114,-42.174873114039094,387,0,4864,32,5,0,0,226,399.5324310326701
NE,2006,19,397,647,4318,30,16,33,5338,1943,216,86.85262312603712,581,2269,22,9,149,-22.06419803740819,397,0,4318,30,6,5338,1934,216,339.9880939070363
NE,2007,19,480,695,5596,56,12,29,5538,2588,285,264.32904681047046,527,2188,20,2,155,12.73828831164099,480,0,5596,56,4,5538,2562,285,510.28186504375606
NE,2008,16,340,536,3790,21,11,45,3983,2095,186,72.98768854799985,515,2279,21,4,151,32.839245418153844,340,2,3790,21,4,3983,2095,186,291.8962206127304
NE,2009,17,413,634,4694,30,16,21,5079,2398,231,102.96058441105313,484,1985,19,7,122,-20.598021537297008,413,631,4694,30,3,5079,2393,231,147.05465775060128
NE,2010,17,360,552,4321,39,6,30,4330,2098,215,147.73956436779707,482,2086,19,4,128,38.64951455154261,360,547,4321,39,2,4330,2098,215,192.07243472276602
NE,2011,19,477,723,6135,47,16,35,6061,2934,311,237.64082734638225,518,2089,20,3,132,19.710381328109325,477,718,6135,47,2,6061,2933,311,284.4159818025568
NE,2012,18,456,735,5508,38,11,28,6277,2570,291,203.45650973828648,575,2414,27,7,169,22.05865964085721,456,726,5508,38,5,6277,2570,291,241.6652987358747
NE,2013,18,417,691,4818,26,11,44,5910,2199,249,85.25488885548575,532,2363,26,11,133,-18.92135393249181,417,681,4818,26,2,5910,2199,249,165.64642391434145
NE,2014,19,486,745,5263,45,13,30,5870,2428,284,148.2039369871964,512,1975,17,2,119,-14.915760853053573,486,736,5263,45,5,5870,2428,284,201.9610236296704
NE,2015,18,459,727,5424,39,9,42,5671,2697,259,125.26191654542113,414,1486,16,2,94,-16.246810524770975,459,721,5424,39,4,5671,2697,259,185.00560992207514
NE,2016,19,461,693,5593,39,5,33,5569,2734,258,189.6328740674599,561,2131,23,10,136,-40.88048520902932,461,686,5593,39,3,5569,2734,258,229.64095155873497
NE,2017,19,479,728,5771,40,8,39,6700,2462,291,183.36813280077263,516,2149,20,4,126,-22.77686515496965,479,723,5771,40,3,6700,2462,291,252.9539509639047
NE,2018,19,463,699,5358,31,14,22,5326,2670,256,115.63619121952306,592,2522,27,2,168,4.954754404895499,463,681,5358,31,2,5326,2670,256,161.60905569893515
NE,2019,17,398,657,4362,25,10,28,4980,2067,209,25.873053297668996,469,1801,18,2,122,-32.583915686976354,398,622,4362,25,4,4980,2067,209,93.70968272125212
NE,2020,16,283,440,3124,12,14,37,2995,1534,159,-22.72856667306027,502,2346,20,8,149,28.79281409326357,283,420,3124,12,6,2995,1534,159,37.94464593731699
NE,2021,18,388,573,4330,26,15,31,4531,2041,200,81.37607976234602,509,2240,24,7,151,7.795905201891457,388,559,4330,26,5,4531,2041,200,129.4813088406914
NE,2022,17,358,540,3815,19,14,41,4111,1837,167,-24.63569617834063,425,1812,12,7,106,-27.580703984924018,358,518,3815,19,7,4111,1837,167,57.445880602707604
NE,2023,17,351,557,3392,16,21,48,4096,1848,153,-137.78242627106158,415,1627,9,3,97,-37.56425284417044,351,541,3392,16,5,4096,1848,153,-62.723499777624255
NE,2024,17,342,529,3343,18,11,52,3846,1701,167,-53.09723703638907,446,1969,11,14,109,-31.529520828955302,342,500,3343,18,4,3846,1701,167,65.55843540448801
NE,2025,21,431,623,5287,37,12,69,5856,2202,242,120.43434864553198,611,2662,23,7,156,-23.961958192366374,431,596,5287,37,2,5856,2202,242,252.5632165512113
NO,2000,18,344,574,4134,28,18,43,275,4134,197,46.11245595303881,554,2187,14,15,135,-37.16817131618151,344,560,4134,28,4,275,0,197,101.13085999063748
NO,2001,16,313,562,3844,27,22,50,373,3844,184,11.809420637816839,419,1712,8,16,105,-64.28769057120853,313,543,3844,27,5,373,0,184,74.23086313505954
NO,2002,16,291,538,3685,27,15,37,168,3685,170,13.985828094401082,426,1764,16,8,96,-18.963282894212796,291,520,3685,27,5,168,0,170,93.90301769004236
NO,2003,16,314,535,3641,25,8,37,0,3641,178,18.93899301596103,447,2008,11,13,108,-39.46171351435174,314,0,3641,25,5,0,0,178,295.5451901767083
NO,2004,16,309,542,3810,21,16,42,0,3810,177,19.958825084082257,405,1632,15,12,91,-53.76497656865236,309,0,3810,21,3,0,0,177,299.75354291919336
NO,2005,16,308,553,3604,15,24,41,0,3604,183,-39.40138733497882,423,1688,8,6,92,-57.60176986437871,308,0,3604,15,4,0,0,183,269.02070982196415
NO,2006,18,420,662,5229,30,14,29,4690,2488,231,111.08891727172372,520,2022,22,9,122,-31.49073632377614,420,0,5229,30,5,4690,2460,231,408.4658722402121
NO,2007,16,443,655,4428,28,18,15,4459,2050,233,52.08376338299006,390,1461,14,11,98,-34.841084368832895,443,2,4428,28,4,4459,2047,233,317.9711510097094
NO,2008,16,413,636,5069,34,18,13,5023,2311,232,155.71889267160705,398,1594,20,8,112,-26.518347150135984,413,0,5069,34,6,5023,2310,232,398.9759290493324
NO,2009,19,450,646,5222,42,12,23,5020,2399,255,180.52864422455332,542,2405,24,7,135,-5.580860110617714,450,639,5222,42,5,5020,2399,255,218.34542244766988
NO,2010,17,489,721,5040,35,22,27,5374,2252,258,98.61354487956791,402,1596,11,9,105,-44.26099780666235,489,706,5040,35,2,5374,2252,258,165.48684128523317
NO,2011,18,548,771,6492,53,16,29,5940,2915,326,265.08373927115025,485,2358,20,3,135,4.970992384063943,548,765,6492,53,5,5940,2914,326,292.3552169373967
NO,2012,16,423,671,5187,43,19,26,5473,2163,268,116.15252937814172,370,1577,10,0,67,-10.774227067489132,423,655,5187,43,7,5473,2163,268,164.9578628522828
NO,2013,18,490,724,5721,41,14,40,5856,2607,271,149.80785257929537,453,1766,12,2,109,-19.231890398173647,490,716,5721,41,1,5856,2602,271,216.13168559991078
NO,2014,16,456,659,4952,33,17,30,5072,2173,260,99.09286441302228,406,1818,16,6,105,-14.285153567764663,456,649,4952,33,8,5072,2173,260,142.4775842278731
NO,2015,16,460,667,5205,32,12,32,5208,2535,247,120.20925621110624,397,1491,16,3,100,-31.697809578200744,460,663,5205,32,6,5208,2538,247,159.3404771848973
NO,2016,16,472,674,5258,38,15,27,4817,2437,265,116.26984587745261,404,1742,17,2,106,-9.462310887486604,472,664,5258,38,7,4817,2438,265,170.17542465148273
NO,2017,18,434,610,5004,28,11,23,4149,2638,236,128.2349076471267,490,2191,25,5,123,-3.354028391922545,434,600,5004,28,6,4149,2638,236,158.40835222430917
NO,2018,18,435,598,4724,37,9,24,4381,2167,237,159.31750081957526,523,2210,26,7,157,-14.715057545160228,435,587,4724,37,7,4381,2167,237,184.65258594447442
NO,2019,17,445,615,4689,37,7,28,3992,2344,244,103.16250319488438,422,1835,13,3,104,-27.59305619791962,445,592,4689,37,2,3992,2344,244,171.84556353430506
NO,2020,18,418,596,4400,32,11,30,3645,2161,221,66.46389151677222,554,2492,31,10,169,11.98514729307338,418,579,4400,32,5,3645,2161,221,137.76493958598402
NO,2021,17,293,504,3437,29,13,37,3745,1687,167,-32.21065915119972,510,1991,12,2,117,-51.90695940658594,293,474,3437,29,3,3745,1687,167,62.9482491509786
NO,2022,17,338,512,3969,24,14,38,4550,1622,182,25.669855627273222,465,1982,12,8,107,-51.93951779127007,338,493,3969,24,7,4550,1622,182,85.03770972812165
NO,2023,17,406,606,4225,28,11,35,5016,1799,199,19.694444623421006,480,1742,13,6,118,-52.21103623810511,406,579,4225,28,0,5016,1799,199,105.86090752326582
NO,2024,17,340,551,3730,21,12,37,4430,1836,168,-45.18490765938399,444,1954,15,2,115,1.1473400271549448,340,517,3730,21,6,4430,1836,168,28.828014238799042
NO,2025,17,397,591,4027,19,12,49,4787,1696,183,-24.03273987790198,435,1603,9,6,106,-50.20769786957997,397,565,4027,19,5,4787,1696,183,55.2731099013378
NYG,2000,19,367,627,4232,27,19,34,311,4232,226,78.54029329441127,607,2325,16,10,124,-80.11119869235331,367,609,4232,27,7,311,0,226,123.33150310013897
NYG,2001,16,327,568,3764,19,16,36,294,3764,191,-3.1695109553920178,424,1777,11,19,109,-40.82191507858705,327,555,3764,19,5,294,0,191,73.82262165784303
NYG,2002,17,367,593,4445,23,15,26,191,4445,213,132.6216099664383,515,1994,15,14,116,-86.45347112909798,367,585,4445,23,10,191,0,213,145.6181332610705
NYG,2003,16,344,616,3642,16,20,44,0,3642,184,-70.0146389091582,387,1558,6,10,93,-56.98699858292147,344,0,3642,16,6,0,0,184,259.4166589619054
NYG,2004,16,269,475,3097,12,13,52,0,3097,143,-30.93424984195506,424,1904,18,9,111,-12.306460225780416,269,0,3097,12,5,0,0,143,235.95940470298683
NYG,2005,17,304,577,3875,24,20,31,0,3875,178,26.718086477118113,483,2250,17,4,110,-1.9102931376703731,304,0,3875,24,3,0,0,178,350.60064245186373
NYG,2006,17,317,550,3405,26,19,26,4577,1394,171,-11.882437229385674,486,2307,14,7,137,-3.695417157742945,317,31,3405,26,5,4577,1363,171,251.4151251380096
NYG,2007,20,374,662,4233,29,21,37,5922,1600,213,-25.010870911587574,586,2565,19,13,149,-5.68089894298747,374,1,4233,29,3,5922,1600,213,335.8035736370662
NYG,2008,17,313,520,3522,23,12,28,4711,1298,185,43.356155509619946,534,2656,19,7,141,14.987991223112596,313,0,3522,23,3,4711,1298,185,298.3779698624646
NYG,2009,16,338,542,4246,28,14,32,4781,1875,195,89.01404451616669,443,1837,14,12,109,-36.907260292393815,338,534,4246,28,4,4781,1866,195,151.45841157132855
NYG,2010,16,339,539,4002,31,25,16,4991,1611,192,43.21750294362546,480,2200,17,12,122,-62.708062505170325,339,534,4002,31,3,4991,1611,192,73.62218757029741
NYG,2011,20,465,752,6152,38,17,39,7127,2582,277,135.87031258448928,523,1893,19,7,109,-61.15033319769147,465,744,6152,38,3,7127,2582,277,212.6361201584937
NYG,2012,16,323,539,3967,26,15,20,5132,1406,187,56.602434252741816,409,1862,18,6,106,-1.2113789231650376,323,535,3967,26,0,5132,1406,187,94.24965838861333
NYG,2013,16,325,567,3875,18,29,40,5372,1490,176,-59.53432665751099,381,1332,11,12,85,-79.57333375056254,325,560,3875,18,4,5372,1490,176,-6.464797375872894
NYG,2014,16,383,607,4470,30,14,30,5023,1981,218,64.64183932520103,449,1603,13,1,88,-57.08259835200135,383,599,4470,30,6,5023,1981,218,99.97041625757123
NYG,2015,16,392,623,4500,36,14,27,4709,2113,210,62.41986116923445,403,1609,5,4,82,-46.43590058460178,392,615,4500,36,5,4709,2113,210,118.07843664806603
NYG,2016,17,400,642,4326,27,17,24,5163,2140,205,-12.817264302436174,415,1482,6,2,78,-62.95203217966563,400,641,4326,27,7,5163,2140,205,31.109526684181386
NYG,2017,16,373,608,3680,20,14,35,4391,1727,178,-76.50182943699616,394,1549,6,5,69,-52.61681331238121,373,603,3680,20,1,4391,1727,178,9.021550909624628
NYG,2018,16,382,583,4405,23,12,47,4373,2200,209,31.874429217604266,354,1650,13,0,73,-8.800853887141743,382,574,4405,23,3,4373,2200,209,120.91905293790262
NYG,2019,16,376,607,4070,30,17,43,4889,1812,187,-48.1764106721801,362,1685,11,8,94,-21.407020106697466,376,588,4070,30,4,4889,1813,187,69.01962861237025
NYG,2020,16,321,517,3336,12,11,50,3991,1264,178,-33.641271104374994,399,1768,13,5,93,-20.365699570535945,321,500,3336,12,3,3991,1264,178,56.004911003623654
NYG,2021,17,351,593,3463,15,20,38,4363,1621,171,-131.0419566302411,419,1688,8,4,93,-34.944570241398154,351,564,3463,15,4,4363,1621,171,-25.41796615699328
NYG,2022,19,385,582,3867,19,7,57,3749,1931,193,9.664047389616686,570,2779,24,5,170,43.21442731519749,385,548,3867,19,4,3749,1931,193,99.98151908315546
NYG,2023,17,338,518,3351,15,12,85,3786,1601,141,-112.02900819481374,454,1874,10,8,104,-66.1397483280896,338,485,3351,15,3,3786,1601,141,33.18764475083886
NYG,2024,17,366,591,3521,15,13,48,4019,1737,171,-96.14862862966379,424,1783,13,6,112,-28.960763415283843,366,554,3521,15,3,4019,1737,171,29.032441763946235
NYG,2025,17,323,526,3703,21,10,48,4473,1767,161,6.61566049576745,511,2195,22,5,147,14.640233598655975,323,503,3703,21,3,4473,1767,161,82.42191073067954
NYJ,2000,16,352,637,4023,23,29,20,373,4023,192,1.366459161963491,418,1471,11,6,92,-62.451121391536375,352,622,4023,23,2,373,0,192,12.802951194655094
NYJ,2001,17,298,504,3139,20,14,20,214,3139,162,17.205881913270282,468,2199,11,9,123,-22.877315863712635,298,492,3139,20,2,214,0,162,53.18653735779255
NYJ,2002,18,379,572,4197,29,12,40,192,4197,224,87.67781126511679,506,2141,18,7,117,-21.8219956546833,379,567,4197,29,4,192,0,224,141.1349391894913
NYJ,2003,16,312,496,3524,20,14,31,0,3524,181,19.488669480051012,409,1631,8,6,84,-28.889424330836,312,0,3524,20,3,0,0,181,239.74050815008357
NYJ,2004,18,326,504,3692,21,12,36,0,3692,188,28.753201324676244,582,2624,15,6,148,16.357084099800016,326,0,3692,21,3,0,0,188,265.3579083503321
NYJ,2005,16,268,470,2989,11,15,54,0,2989,146,-79.28235648673952,383,1322,10,10,83,-45.701121723534044,268,0,2989,11,4,0,0,146,217.34364246790173
NYJ,2006,17,337,529,3651,18,17,36,3992,1571,173,9.470603804220254,508,1809,15,6,107,-52.5460021924842,337,0,3651,18,3,3992,1546,173,273.68690112271156
NYJ,2007,16,310,512,3331,15,19,53,4155,1316,173,-53.01733636214068,446,1701,6,8,97,-34.68171445052842,310,0,3331,15,2,4155,1316,173,245.73909397906033
NYJ,2008,16,347,529,3516,22,23,30,4133,1696,186,15.070311110528777,422,2004,20,9,101,14.568550204733928,347,2,3516,22,3,4133,1647,186,287.09571076996923
NYJ,2009,19,252,461,3180,16,23,31,4331,1294,158,-59.2065549375556,717,3182,24,9,155,-5.4304754246116715,252,454,3180,16,3,4331,1294,158,-12.022229254614818
NYJ,2010,19,342,614,4036,25,15,31,5686,1604,203,8.491573866576845,622,2732,17,14,147,-19.25909058621511,342,607,4036,25,4,5686,1595,203,59.636134745964476
NYJ,2011,16,310,547,3542,26,18,40,4446,1557,174,-57.7295158953907,443,1692,14,8,100,-26.408731909272937,310,541,3542,26,3,4446,1557,174,5.787514742172863
NYJ,2012,16,272,493,3178,14,19,47,4398,1124,162,-81.02455784186743,494,1896,12,9,107,-24.26153268785274,272,488,3178,14,7,4398,1124,162,-12.911807866150705
NYJ,2013,16,266,480,3270,13,22,47,4326,1345,154,-70.14806218309914,493,2158,12,8,113,-28.77030353142158,266,478,3270,13,1,4326,1345,154,6.1255332491590195
NYJ,2014,16,287,498,3206,16,15,47,4128,1506,156,-63.29402659934494,507,2280,11,10,119,-30.931582795904312,287,482,3206,16,3,4128,1506,156,23.675194396702707
NYJ,2015,16,362,604,4170,33,16,22,5545,1889,213,73.83009702011128,448,1868,11,7,102,-41.214747631782714,362,602,4170,33,6,5545,1889,213,97.92770285936189
NYJ,2016,16,311,550,3645,16,25,35,4902,1603,166,-56.27953888069109,418,1802,10,6,103,-15.686167575648858,311,546,3645,16,3,4902,1603,166,-18.366998594202734
NYJ,2017,16,323,510,3501,19,12,47,3941,1538,159,-19.979123093451268,427,1702,13,6,82,-45.60597090780286,323,496,3501,19,3,3941,1526,159,68.10715092895191
NYJ,2018,16,299,524,3404,18,19,37,4637,1586,157,-46.504492992802724,409,1619,11,9,92,-65.96545635908032,299,505,3404,18,5,4637,1586,157,5.647466871640564
NYJ,2019,16,323,521,3443,19,16,52,4213,1741,162,-77.13706665936024,383,1257,6,5,71,-68.93840204379056,323,492,3443,19,2,4213,1741,162,26.755869406119437
NYJ,2020,16,292,499,3115,16,14,43,4246,1513,146,-84.098955876174,406,1683,9,2,96,-42.63800344243854,292,463,3115,16,2,4246,1516,146,11.709283076817837
NYJ,2021,17,357,603,3959,20,20,53,4349,2002,195,-75.23830914390194,380,1667,14,1,89,-10.905855076978987,357,581,3959,20,6,4349,2002,195,30.083288470914926
NYJ,2022,17,357,627,4040,15,14,42,5173,1836,192,-65.89640805568237,405,1686,13,4,83,-22.201714271087233,357,588,4040,15,5,5173,1836,192,36.142595705721156
NYJ,2023,17,356,601,3373,11,15,64,4000,1782,156,-186.57097739486795,388,1647,7,11,87,-70.00387586137788,356,563,3373,11,2,4000,1782,156,-36.769882285207835
NYJ,2024,17,385,607,4016,31,11,40,4119,2187,201,21.34228398821373,363,1561,8,7,89,-23.948942152627176,385,589,4016,31,3,4119,2190,201,91.23960057133475
NYJ,2025,17,298,494,2784,15,13,60,3404,1334,136,-100.8781004056025,456,2096,11,6,121,-30.92052308557818,298,472,2784,15,1,3404,1334,136,7.011750382386016
OAK,2000,18,315,530,3760,29,15,35,180,3760,192,0.0,582,2634,24,8,146,0.0,315,519,3760,29,2,180,0,192,0.0
OAK,2001,18,404,613,4315,30,9,29,183,4315,221,0.0,511,1946,16,9,119,0.0,404,598,4315,30,2,183,0,221,0.0
OAK,2002,19,491,734,5530,33,16,43,193,5530,264,0.0,472,1997,24,7,140,0.0,491,724,5530,33,6,193,0,264,0.0
PHI,2000,18,375,649,3728,24,17,53,329,3728,199,-26.995586855117633,444,2064,14,11,105,4.5353084868731806,375,642,3728,24,4,329,0,199,39.880224282781654
PHI,2001,19,360,617,4054,32,17,48,295,4054,176,7.599346284397958,494,2123,10,6,115,-27.36759051158229,360,603,4054,32,3,295,0,176,86.73216836206967
PHI,2002,18,377,650,4293,29,12,41,142,4293,199,6.6219254736987025,563,2461,17,12,145,-15.155860054288382,377,641,4293,29,7,142,0,199,69.52786318973911
PHI,2003,18,318,560,3716,19,15,56,0,3716,178,-25.066569374277226,467,2307,23,6,123,34.4904981204339,318,0,3716,19,4,0,0,178,278.32678024358097
PHI,2004,19,405,659,5034,39,14,42,0,5034,231,103.85508920760175,453,1946,11,4,113,-21.770231640610447,405,0,5034,39,8,0,0,231,388.19129702497065
PHI,2005,16,337,620,3903,21,20,43,0,3903,183,-67.56860903949269,364,1436,11,13,86,-45.62822947333191,337,0,3903,21,4,0,0,183,282.21423692366693
PHI,2006,18,355,605,4667,32,9,31,5311,2272,205,69.38705356430309,467,2292,16,8,130,-2.390932066262202,355,36,4667,32,6,5311,2183,205,343.11994597050835
PHI,2007,16,350,577,4005,24,15,49,4649,1752,186,20.590508242395096,421,1974,12,3,124,7.8961096448568755,350,1,4005,24,3,4649,1744,186,315.1277417669477
PHI,2008,19,435,727,4950,28,20,29,6059,2145,246,40.25677786740091,495,1924,16,4,109,-39.63631437814113,435,1,4950,28,5,6059,2142,246,393.2757881317787
PHI,2009,17,355,592,4686,29,14,44,5079,2186,196,38.602916098082915,395,1700,14,8,93,-13.938167926905017,355,581,4686,29,4,5079,2178,196,121.88361714391364
PHI,2010,17,368,597,4507,29,14,52,5295,2072,201,55.41334994655972,449,2406,19,7,126,49.05320544192904,368,584,4507,29,7,5295,2052,201,134.43565511647245
PHI,2011,16,330,554,4276,22,25,32,5379,1683,198,37.87625910387852,450,2276,20,9,140,31.462287776850747,330,542,4276,22,3,5379,1683,198,77.2788804954178
PHI,2012,16,367,618,4075,18,15,48,5281,1830,190,-20.89967911533959,413,1874,10,18,121,-54.928963135008715,367,598,4075,18,4,5281,1815,190,67.44381257835853
PHI,2013,17,333,541,4601,34,9,48,5237,2081,208,90.94967898903155,522,2646,20,5,145,6.749201687288125,333,526,4601,34,3,5237,2078,208,180.880621972638
PHI,2014,16,384,621,4581,27,21,32,5585,2104,218,48.430704680732156,474,1992,16,10,117,-58.24028490039603,384,612,4581,27,5,5585,2105,218,90.90350670000682
PHI,2015,16,405,623,4341,23,18,37,4245,2255,193,-8.604878421846788,442,1743,15,10,117,-42.227795778370506,405,620,4341,23,5,4245,2255,193,43.964689114762585
PHI,2016,16,380,609,3798,16,14,33,4552,1768,192,10.06590739169871,438,1813,16,9,122,-29.21153259353885,380,604,3798,16,3,4552,1768,192,63.615670441265706
PHI,2017,19,419,671,4939,45,10,38,6181,2045,243,125.49117224608914,562,2485,12,14,142,-32.293489964022086,419,662,4939,45,1,6181,2045,243,202.5139724367377
PHI,2018,18,465,670,4991,32,15,41,5092,2336,251,61.72870630545917,437,1661,13,5,105,-35.457421983604284,465,663,4991,32,4,5092,2340,251,157.57104918650384
PHI,2019,17,410,641,4240,27,8,44,5087,1903,224,31.862964840351758,480,2059,16,9,122,-36.47207043975319,410,629,4240,27,6,5087,1903,224,89.49794943122471
PHI,2020,16,334,598,3728,22,20,65,5357,1482,178,-92.10532948889656,403,2027,16,15,121,-9.920413149214117,334,561,3728,22,1,5357,1482,178,39.6385538945334
PHI,2021,18,330,537,3843,21,12,33,4695,1901,178,25.974714007659195,567,2810,26,6,175,42.65167991368331,330,511,3843,21,2,4695,1901,178,100.19144399482882
PHI,2022,20,408,623,4943,28,9,48,5233,2282,220,96.82225874912638,664,3040,42,9,211,69.81010920166565,408,587,4943,28,5,5233,2288,220,162.30625772261658
PHI,2023,18,394,598,4317,25,16,42,5119,1888,206,59.622867856563246,525,2232,22,9,155,4.375297847288731,394,557,4317,25,5,5119,1888,206,125.69600915153231
PHI,2024,21,368,540,4243,29,7,58,4106,1955,203,80.00519989388964,770,3866,40,6,210,62.71448185220929,368,503,4243,29,2,4106,1955,203,216.6793843986669
PHI,2025,18,338,532,3666,27,7,36,4796,1452,173,28.606681282057114,514,2128,18,4,130,-10.47441287159014,338,498,3666,27,2,4796,1452,173,95.05823344799714
PIT,2000,16,217,439,2738,12,10,43,107,2738,128,-32.5756552949864,527,2248,19,9,131,-11.672094259377904,217,428,2738,12,4,107,0,128,21.348254595875172
PIT,2001,18,325,544,3902,20,16,37,293,3902,181,62.870213759569204,680,3087,21,21,186,-10.21386735219919,325,536,3902,20,3,293,0,181,111.60162150944774
PIT,2002,18,413,664,4815,33,25,41,341,4815,243,56.22914394683444,573,2378,18,8,138,-27.80338144709188,413,655,4815,33,6,341,0,243,101.50313236967438
PIT,2003,16,306,532,3548,19,17,43,0,3548,175,-23.384415674688377,445,1498,10,8,84,-79.40185456440597,306,0,3548,19,3,0,0,175,282.2012351957654
PIT,2004,18,259,412,3377,23,18,38,0,3377,172,28.8707211421765,698,2820,18,8,159,-37.48789080380757,259,0,3377,23,5,0,0,172,283.95536661010897
PIT,2005,20,287,475,3950,29,17,38,0,3950,183,96.29615997355938,691,2750,27,12,156,-23.29592661960417,287,0,3950,29,3,0,0,183,350.0911586815933
PIT,2006,16,312,523,4026,23,23,49,4922,1703,201,34.55372352099601,469,1989,16,12,104,-41.66709413364313,312,0,4026,23,4,4922,1703,201,327.9883172903889
PIT,2007,17,312,485,3759,36,17,53,4690,1375,196,78.83527278404259,536,2207,11,7,118,-41.201133047722216,312,0,3759,36,1,4690,1375,196,350.9222794701199
PIT,2008,19,358,597,4312,22,16,57,5356,1776,210,24.38997055775696,554,1959,20,5,120,-64.41087704698711,358,0,4312,22,7,5356,1771,210,346.35460832784497
PIT,2009,16,351,536,4496,28,14,50,4868,1877,212,80.71689575336431,429,1790,10,6,99,-26.786297772248588,351,534,4496,28,6,4868,1877,212,156.70565844890612
PIT,2010,19,352,570,4512,26,13,52,5448,1826,206,73.0453567099284,568,2287,20,12,140,-30.990779009564,352,558,4512,26,3,5448,1826,206,152.74474052064843
PIT,2011,17,363,579,4622,22,16,47,5452,1970,232,87.11722374626787,457,2059,14,5,108,-11.594802387384306,363,577,4622,22,4,5452,1970,232,152.27472054340748
PIT,2012,16,354,574,4012,27,14,37,4949,1846,204,57.330357509328806,412,1537,8,8,84,-56.85732399774909,354,563,4012,27,10,4949,1843,204,113.39549548053425
PIT,2013,16,377,586,4306,28,14,43,4958,2057,207,65.0958350944708,394,1383,9,6,87,-63.19443056745237,377,579,4306,28,3,4958,2027,207,139.65284806039716
PIT,2014,17,444,660,5353,34,12,38,5688,2405,258,158.8298893301058,442,1820,10,8,112,-46.70873279958231,444,649,5353,34,5,5688,2404,258,195.5313233330431
PIT,2015,18,435,663,5401,27,22,40,6420,2284,227,61.27214794514979,436,1976,17,7,104,-17.5970933817962,435,656,5401,27,3,6420,2283,227,115.87601694939086
PIT,2016,19,445,692,5112,36,19,23,5980,2347,245,95.52184216934,498,2164,16,6,127,-6.749193302292031,445,686,5112,36,2,5980,2347,245,136.7187073978223
PIT,2017,17,422,649,5011,34,16,26,5671,2463,242,102.38414154284689,455,1750,13,4,107,-40.465415670005676,422,642,5011,34,4,5671,2463,242,156.9521009765555
PIT,2018,16,459,689,5174,35,17,24,5327,2821,252,138.9913588941487,345,1445,16,4,90,-13.144225551808944,459,676,5174,35,7,5327,2820,252,164.11873735928307
PIT,2019,16,315,510,3214,18,19,32,4026,1751,147,-56.922422038670234,395,1447,7,5,80,-99.56568954788378,315,485,3214,18,7,4026,1751,147,-2.289822184921762
PIT,2020,17,475,724,4630,39,15,14,5222,2254,237,69.03212135487715,389,1403,13,7,92,-66.459206900576,475,720,4630,39,8,5222,2254,237,85.57493871769415
PIT,2021,18,454,708,4232,25,11,40,4759,2162,219,-60.70924937910678,431,1639,10,1,95,-19.28973833226741,454,697,4232,25,5,4759,2162,219,7.157571589119559
PIT,2022,17,364,571,3661,12,14,38,4708,1428,190,2.3119804202486005,500,2073,16,6,134,5.6126348292362005,364,548,3661,12,1,4708,1428,190,67.31729703497373
PIT,2023,18,345,545,3650,15,10,37,4067,1845,168,-46.85334622688104,510,2116,16,9,125,-39.85804904716116,345,522,3650,15,8,4067,1844,168,26.994001517851242
PIT,2024,18,341,529,3877,23,6,53,4195,1774,167,12.080269588836495,544,2195,14,8,135,-50.747496956685914,341,486,3877,23,4,4195,1774,167,122.32737610067213
PIT,2025,18,383,584,3780,26,10,35,3570,2448,168,3.9843741688507706,425,1819,16,3,118,-1.5101365500641393,383,553,3780,26,6,3570,2448,168,81.56910658170364
SD,2000,15,294,543,3371,19,29,47,564,3371,149,0.0,337,1013,7,14,73,0.0,294,531,3371,19,3,564,0,149,0.0
SD,2001,16,309,548,3685,16,18,27,364,3685,177,0.0,435,1695,13,10,99,0.0,309,540,3685,16,6,364,0,177,0.0
SD,2002,16,324,538,3368,17,16,24,257,3368,166,0.0,466,2137,19,3,121,0.0,324,522,3368,17,6,257,0,166,0.0
SEA,2000,16,308,507,3198,21,21,46,393,3198,168,-20.59210603794206,403,1720,10,17,110,-23.3801700292753,308,496,3198,21,4,393,0,168,53.26881573511953
SEA,2001,16,258,462,3164,15,12,49,184,3164,141,1.4755373349568774,469,1936,15,9,114,-29.060319014748053,258,451,3164,15,3,184,0,141,92.25079075765251
SEA,2002,16,361,587,4257,19,16,33,218,4257,208,56.01093771513173,430,1740,17,6,110,-18.271862321661146,361,578,4257,19,9,218,0,208,102.81375490310937
SEA,2003,17,342,566,4180,27,17,45,0,4180,206,75.14073247487649,474,2058,20,9,130,-6.322475885885467,342,0,4177,27,2,0,0,206,359.0853628870772
SEA,2004,17,331,575,4064,25,19,36,0,4064,205,52.49468135034685,489,2172,17,11,122,-21.26067231285442,331,0,4064,25,6,0,0,205,322.5831439295567
SEA,2005,19,369,578,4335,29,12,31,0,4335,226,110.67509508813666,628,2903,32,9,173,33.45718993669175,369,0,4335,29,3,0,0,226,352.1061542679962
SEA,2006,18,328,581,3804,29,25,51,5807,1205,182,-38.96458678038471,548,2139,10,9,134,-53.77605210969775,328,0,3804,29,5,5807,1200,182,307.9830314049498
SEA,2007,18,410,655,4604,32,15,39,5371,1912,230,57.292783894473786,469,1732,11,8,107,-74.12813997804132,410,1,4604,32,3,5371,1912,230,355.8687385518033
SEA,2008,16,262,474,2831,18,15,36,3949,1231,143,-34.45618231626439,417,1768,10,6,105,-16.847862335451005,262,0,2831,18,4,3949,1231,143,212.0824756813907
SEA,2009,16,372,609,3771,20,19,41,4260,2077,184,-51.215011624962706,395,1566,7,11,94,-61.96467377318443,372,604,3771,20,6,4260,2077,184,19.59231771359221
SEA,2010,18,372,625,4063,21,21,39,5227,1691,187,-28.974930610804094,421,1608,14,4,89,-50.543893908867474,372,618,4063,21,3,5227,1691,187,32.74347365092027
SEA,2011,16,299,509,3444,15,14,50,4604,1496,153,-33.85551415265206,443,1756,15,8,97,-51.72727794476172,299,501,3444,15,1,4604,1496,153,66.4240020778189
SEA,2012,18,298,467,3806,30,11,40,4749,1519,181,107.49842899933053,601,2926,19,10,156,7.294894605756188,298,463,3806,30,2,4749,1519,181,168.83705935460702
SEA,2013,19,310,489,4032,30,9,51,4538,1709,184,89.87764321573266,602,2612,18,7,143,-37.73724605289384,310,474,4032,30,5,4538,1709,184,185.44298801789236
SEA,2014,19,329,527,4235,27,12,52,4709,2110,190,56.0129888399628,617,3218,23,12,179,34.306372167370384,329,503,4235,27,3,4709,2110,190,135.12221507586446
SEA,2015,18,377,563,4569,38,11,53,4887,2030,218,120.23823114118895,540,2443,10,7,148,-33.854719245839185,377,544,4569,38,3,4887,2030,218,219.2768057427685
SEA,2016,18,408,627,4871,27,14,48,5444,1994,226,69.5818990983492,462,1869,14,6,107,-38.6574829489835,408,606,4871,27,6,5444,1995,226,148.5403952357368
SEA,2017,16,340,555,3979,34,12,43,5439,1599,183,22.670681133746026,409,1629,4,7,92,-43.771717408272615,340,526,3979,34,1,5439,1599,183,113.00815531058225
SEA,2018,17,298,454,3681,36,7,52,4057,1483,163,67.64845031110204,558,2633,16,6,143,15.396572474310767,298,427,3681,36,4,4057,1483,163,175.24279506204365
SEA,2019,18,380,578,4712,33,6,54,5570,1946,215,110.21448933819165,531,2374,18,13,142,-43.321653509112,380,551,4712,33,8,5570,1946,215,178.63135048676892
SEA,2020,17,399,590,4419,42,14,53,5226,1881,223,63.48847139047287,436,2107,15,6,126,8.529054516715906,399,563,4419,42,3,5226,1881,223,164.5014103264432
SEA,2021,17,324,495,3815,30,7,46,4619,1743,166,15.375291091702412,413,2074,18,4,108,16.348847755579502,324,474,3815,30,6,4619,1743,166,101.10014453433095
SEA,2022,18,424,608,4535,32,13,49,4645,1857,220,24.825354523584416,450,2146,13,5,118,-11.27889849949295,424,587,4535,32,4,4645,1857,220,106.8200228893763
SEA,2023,17,371,575,4167,23,12,38,4121,2019,189,32.42796197608597,382,1580,11,2,99,-21.4680270041887,371,547,4167,23,0,4121,2019,189,121.84694489784795
SEA,2024,17,413,593,4379,21,16,54,4114,2188,211,8.423787470504088,383,1627,17,5,101,-20.498744777141415,413,569,4379,21,4,4114,2188,211,99.23158898683997
SEA,2025,20,381,572,4735,30,15,33,4570,2081,218,92.02079081516379,598,2487,23,8,158,-40.170550467669344,381,541,4735,30,9,4570,2081,218,169.19060886023635
SF,2000,16,366,583,4400,32,10,25,187,4400,212,138.0526704360797,416,1801,15,8,105,-18.48136682320823,366,569,4400,32,6,187,0,212,167.2097988411226
SF,2001,17,340,538,3792,33,13,28,121,3792,197,96.88113141779674,530,2315,17,11,138,12.256821208766144,340,530,3792,33,3,121,0,197,136.3700321761367
SF,2002,18,404,657,4125,26,14,26,292,4125,209,72.51423604864267,522,2396,18,6,152,25.07268340276165,404,641,4125,26,3,292,0,209,125.07665840292508
SF,2003,16,299,511,3566,25,15,29,0,3566,172,40.90131422718338,497,2285,16,11,126,-26.559363198345473,299,0,3566,25,3,0,0,172,289.98425784023993
SF,2004,16,325,561,3455,16,21,52,0,3455,172,-91.87842019294625,413,1449,10,11,95,-79.69322392073954,325,0,3455,16,1,0,0,172,276.76454833782816
SF,2005,16,204,389,2190,8,21,48,0,2190,96,-129.0778915530332,428,1689,9,8,77,-48.701769638983095,204,0,2190,8,4,0,0,96,139.15190143023608
SF,2006,16,259,445,2901,16,15,37,3493,1410,132,-36.79382861861284,436,2179,12,9,101,-32.45431802223476,259,0,2901,16,4,3493,1410,132,206.01212472668874
SF,2007,16,274,514,2685,15,18,54,4127,1209,141,-166.54829096424083,357,1477,8,10,73,-64.12359884580803,274,1,2685,15,6,4127,1204,141,182.39584327469947
SF,2008,16,309,509,3724,21,19,55,4113,1728,177,-28.92253203058641,397,1599,10,14,92,-40.96160846115474,309,0,3724,21,5,4113,1726,177,277.2807742533262
SF,2009,16,312,528,3293,23,14,40,3644,1622,137,-36.57051763445507,371,1600,12,4,81,-36.50521722522777,312,522,3293,23,2,3644,1622,137,26.875617994484653
SF,2010,16,282,500,3613,19,15,44,4145,1868,149,-25.857888721098696,401,1657,10,6,94,-34.862454032766806,282,488,3613,19,3,4145,1862,149,49.13305480349304
SF,2011,18,313,519,3688,23,5,51,3992,1703,167,25.215337805328247,548,2337,15,7,121,-39.663159926481256,313,516,3688,23,4,3992,1703,167,99.35188477665102
SF,2012,19,338,516,4349,27,10,46,4789,1764,208,107.06440035500863,593,3145,26,13,168,46.24313030893593,338,511,4349,27,6,4789,1764,208,163.3150533854731
SF,2013,19,289,501,3786,24,11,45,4866,1491,180,65.90327113047918,597,2655,21,8,142,-27.9797297594409,289,494,3786,24,4,4866,1491,180,139.64752173323043
SF,2014,16,292,487,3407,20,10,52,4737,1393,165,3.442206039439599,470,2176,10,10,114,-55.19507517085769,292,484,3407,20,2,4737,1393,165,85.2865532831551
SF,2015,16,322,526,3646,16,12,53,3902,1923,155,-58.14689586175746,390,1544,7,8,90,-21.80701015430707,322,525,3646,16,4,3902,1923,155,14.28235177170872
SF,2016,16,287,491,3166,21,10,47,4013,1470,152,-42.01739106312349,458,2019,15,8,120,-19.679199308580806,287,487,3166,21,7,4013,1470,152,11.565185771213548
SF,2017,16,362,607,4235,15,15,43,4816,1904,206,-12.627246264545775,408,1662,15,7,96,-21.79132004074186,362,599,4235,15,2,4816,1904,206,62.34515466941761
SF,2018,16,331,532,4247,26,20,48,3807,2316,202,5.510840607999226,423,1902,7,12,109,-50.33778758701906,331,515,4247,26,3,3807,2316,202,100.49513149637237
SF,2019,19,368,536,4456,30,16,40,3570,2405,220,86.38992631513284,609,2917,30,9,159,-10.047621880692544,368,524,4456,30,3,3570,2405,220,177.041092427468
SF,2020,16,371,570,4320,25,17,39,3783,2297,217,36.27114144777499,437,1889,19,5,105,-28.998723299960147,371,554,4320,25,1,3783,2297,217,134.06054871411368
SF,2021,20,386,588,4972,28,17,37,4429,2572,230,104.63232481212214,586,2491,24,5,153,-20.15185670352568,386,569,4972,28,9,4429,2572,230,161.63835266970653
SF,2022,20,386,589,4692,33,9,37,4225,2570,218,124.04649054924748,593,2735,23,9,161,-37.58475688034215,386,572,4692,33,4,4225,2570,218,187.32709323211682
SF,2023,20,403,600,5372,37,13,38,4931,2592,247,165.97921423545102,587,2765,32,6,178,17.803578457770897,403,574,5372,37,3,4931,2592,247,242.9294385449517
SF,2024,17,349,533,4424,23,16,36,4528,1861,205,68.36516889322174,457,2163,17,7,128,-1.2659478543305194,349,513,4424,23,4,4528,1861,205,136.75113891043668
SF,2025,19,434,637,4753,36,19,30,4810,2031,260,100.83504528204654,533,2000,15,4,134,-28.340078300860633,434,607,4753,36,4,4810,2031,260,161.38645643984148
STL,2000,17,404,627,5857,40,26,46,320,5857,263,0.0,399,1877,27,3,119,0.0,404,620,5857,40,5,320,0,263,0.0
STL,2001,19,447,658,5696,41,25,46,433,5696,274,0.0,493,2369,24,11,134,0.0,447,651,5696,41,12,433,0,274,0.0
STL,2002,16,408,635,4480,24,27,46,423,4480,219,0.0,343,1405,11,7,87,0.0,408,618,4480,24,6,423,0,219,0.0
TB,2000,17,254,464,2995,18,13,42,266,2995,151,-9.158208816522691,509,2116,18,6,117,-17.069429835072558,254,454,2995,18,2,266,0,151,53.80236540655283
TB,2001,17,384,628,3823,13,16,48,316,3823,201,-8.550481419863589,431,1434,17,3,89,-39.00429161722564,384,618,3823,13,4,316,0,201,52.036663699842194
TB,2002,19,402,666,4356,28,13,42,117,4356,209,30.516242917089592,526,1877,10,8,113,-67.19635354381802,402,647,4356,28,5,117,0,209,105.09015350076778
TB,2003,16,369,592,3951,27,22,23,0,3951,190,39.094983892681554,421,1648,5,6,93,-53.201076752665635,369,0,3939,27,6,0,0,190,299.24945260325387
TB,2004,16,340,512,3773,24,18,44,0,3773,176,20.746689789343435,393,1489,9,10,81,-80.64739193979283,340,0,3773,24,6,0,0,176,276.82356779022854
TB,2005,17,328,525,3369,17,16,43,0,3369,174,-51.03251737711029,483,1901,14,6,89,-41.65412105232313,328,0,3369,17,3,0,0,174,253.83177655316322
TB,2006,16,296,535,2994,14,18,33,3541,1355,133,-119.5225506636433,404,1523,6,10,87,-51.256576566656975,296,0,2994,14,5,3541,1355,133,185.74840315476135
TB,2007,17,339,529,3786,19,10,37,3781,1920,173,35.17073537389435,471,1941,16,6,114,-29.77380263358849,339,1,3786,19,6,3781,1913,173,252.0274497616095
TB,2008,16,355,562,3788,18,13,33,4076,1651,184,19.487412907049166,450,1840,13,6,107,-37.62407863157328,355,1,3788,18,5,4076,1637,184,264.22735358312747
TB,2009,16,280,525,3136,18,29,32,4674,1116,148,-102.86900056187898,404,1626,5,12,90,-48.180072391957374,280,518,3136,18,0,4674,1102,148,-64.0717053954913
TB,2010,16,306,494,3564,26,6,30,4487,1561,173,70.689608129094,431,2001,9,7,107,-21.674732184535113,306,487,3564,26,6,4487,1566,173,106.12640045566452
TB,2011,16,365,588,3838,17,24,32,4405,1682,181,-45.7102745681223,346,1458,9,8,82,-43.05197831814402,365,580,3838,17,6,4405,1698,181,-5.762557980316419
TB,2012,16,311,566,4144,27,17,26,5680,1656,188,25.185199657442,416,1837,13,3,91,-5.257732940363339,311,559,4144,27,0,5680,1656,188,77.50819895834285
TB,2013,16,291,514,3181,22,12,47,4714,1136,157,-54.751627601681975,420,1612,6,7,83,-38.73699713523597,291,494,3181,22,1,4714,1136,157,46.34778196133508
TB,2014,16,301,531,3623,21,20,52,5488,1154,162,-30.409433575594925,353,1375,7,5,79,-44.84436322258644,301,523,3623,21,5,5488,1154,162,29.219711022358158
TB,2015,16,312,535,4042,22,15,27,5340,1476,201,48.395813801191494,455,2162,12,9,108,-29.15192863283919,312,525,4042,22,3,5340,1476,201,91.54332717255895
TB,2016,16,355,578,4165,29,18,35,5819,1404,221,60.38354820125659,453,1616,8,8,87,-66.77562400135061,355,571,4165,29,1,5819,1404,221,140.1158016619649
TB,2017,16,378,605,4607,26,14,40,6172,1642,243,56.83589549660923,389,1450,8,7,83,-43.48630437061547,378,596,4607,26,5,6172,1642,243,129.7099682034813
TB,2018,16,408,625,5358,36,26,41,6642,1769,265,101.41316847423238,389,1523,11,5,89,-40.08022914140106,408,619,5358,36,7,6642,1769,265,155.29947949440245
TB,2019,16,382,630,5127,33,30,47,6493,1898,244,43.422229409563876,409,1521,15,6,89,-50.77332750062795,382,607,5127,33,3,6493,1898,244,139.22030145743534
TB,2020,20,491,764,5837,52,15,28,7011,2336,293,172.0664062574874,490,2009,20,5,112,-32.36049304822577,491,741,5837,52,6,7011,2336,293,221.99768396496822
TB,2021,19,551,822,5983,46,13,30,6490,2890,302,138.5673003055584,430,1829,22,3,121,-3.2561940150500517,551,805,5983,46,4,6490,2890,302,195.22808558368823
TB,2022,18,534,817,5097,28,11,24,5522,2541,260,46.802150771690805,398,1360,5,5,90,-85.62991113711193,534,785,5097,28,5,5522,2541,260,94.37958686996505
TB,2023,19,412,645,4730,34,12,48,5514,2272,219,62.62112614043223,483,1717,8,4,98,-76.50988317726974,412,624,4730,34,6,5514,2272,219,149.45878474512324
TB,2024,18,423,589,4690,43,16,41,4106,2528,236,129.18555463594137,508,2637,16,13,154,11.912509740728321,423,580,4690,43,5,4106,2528,236,194.82215209489917
TB,2025,17,351,558,3755,26,11,38,4504,1975,174,-11.820976122392981,472,1947,13,3,119,0.8377106911577217,351,541,3755,26,1,4504,1975,174,63.35860473321414
TEN,2000,17,311,508,3625,18,17,28,274,3625,177,17.570593211619133,580,2210,15,12,127,-57.48082233392266,311,500,3625,18,5,274,0,177,49.39866652151251
TEN,2001,16,324,542,4102,23,17,46,232,4102,189,47.68036738511964,498,1913,13,14,100,-60.40085082266329,324,532,4102,23,2,232,0,189,120.42943497667972
TEN,2002,18,372,617,4130,26,18,28,349,4130,220,86.26909253653714,595,2264,20,7,145,-29.663187673425718,372,605,4130,26,5,349,0,220,105.87886247422503
TEN,2003,18,347,551,4431,32,13,29,0,4431,228,112.65879726003605,551,1872,13,7,104,-71.01299126921295,347,0,4431,32,2,0,0,228,386.86008044135724
TEN,2004,16,356,589,3932,27,19,44,0,3932,200,-0.28458729535979543,420,1871,12,10,89,-25.27087825985566,356,1,3932,27,5,0,0,200,312.903427747488
TEN,2005,16,358,594,3797,20,14,30,0,3797,193,-50.6145588052032,398,1512,8,8,80,-57.527594878334085,358,0,3797,20,4,0,0,193,271.4107528844924
TEN,2006,16,226,446,2748,13,19,30,4301,1055,133,-70.46269294847654,468,2215,15,11,114,-9.776174463319458,226,0,2748,13,4,4301,1051,133,187.77504786897558
TEN,2007,17,304,493,3215,9,18,33,4313,1346,180,-13.475059040061652,573,2228,17,12,135,-68.5558430985792,304,0,3215,9,5,4313,1340,180,246.94183049292428
TEN,2008,17,292,496,3188,13,10,13,4350,1446,159,18.59898498630062,535,2311,25,7,121,-36.58230373229912,292,1,3188,13,7,4350,1446,159,219.98470118238788
TEN,2009,16,271,476,3104,16,15,14,4226,1314,154,13.452671139385341,500,2592,19,15,126,17.25578882154141,271,468,3104,16,5,4226,1328,154,18.768539404814742
TEN,2010,16,273,474,3278,24,15,27,4887,1023,155,27.61488332581189,406,1727,13,7,84,-56.63108440564812,273,467,3278,24,4,4887,1012,155,79.34896216362884
TEN,2011,16,353,584,4113,22,14,24,4715,1896,185,17.077918959149528,376,1438,8,5,73,-44.56148598527014,353,581,4113,22,5,4715,1897,185,45.97912903023199
TEN,2012,16,318,540,3577,17,16,39,4783,1398,167,-38.109125260928536,378,1687,10,6,74,-36.89541017341222,318,537,3577,17,8,4783,1392,167,15.076883354415086
TEN,2013,16,328,533,3710,22,16,37,4799,1655,172,34.69799812268391,462,1894,16,8,112,-12.471040649243225,328,526,3710,22,4,4799,1661,172,91.25803328659912
TEN,2014,16,299,513,3738,20,16,50,4701,1671,159,-69.45352882514305,356,1447,6,5,81,-30.904071735933737,299,505,3738,20,4,4701,1671,159,20.373432047954967
TEN,2015,16,342,551,3893,25,17,54,4858,1619,195,-61.00959418086284,371,1485,10,9,71,-52.97720722653666,342,543,3893,25,2,4858,1619,195,57.44889019034526
TEN,2016,16,307,504,3720,29,11,28,4750,1329,175,47.21608872564258,476,2187,16,9,125,-19.810561351048396,307,490,3720,29,2,4750,1321,175,92.8624147964529
TEN,2017,18,348,565,3863,18,18,45,5105,1482,181,-45.37870786912886,490,2100,19,5,117,-27.63892072295694,348,552,3863,18,3,5105,1482,181,17.20805475544986
TEN,2018,16,293,437,3255,16,12,47,3265,1648,156,-5.680823819085576,454,2023,15,4,111,-18.456376603374345,293,425,3255,16,4,3265,1648,156,65.6146989552596
TEN,2019,19,336,511,4360,35,9,61,4482,2025,201,65.2994926480489,545,2726,24,9,140,15.309221330235523,336,490,4360,35,4,4482,2025,201,182.81263758399473
TEN,2020,17,334,511,3991,34,8,26,4247,1599,212,124.02209315943047,543,2741,26,5,150,43.347568422945166,334,494,3991,34,3,4247,1599,212,176.89814113828663
TEN,2021,18,374,559,3965,23,17,48,4266,1827,203,24.05519923051013,578,2544,24,9,147,-3.234871590806587,374,546,3965,23,4,4266,1827,203,108.7350617950776
TEN,2022,17,285,456,3227,16,11,49,3567,1541,153,-26.57571457593257,487,2131,16,7,117,-38.464865175018424,285,436,3227,16,2,3567,1541,153,70.1979014164038
TEN,2023,17,304,494,3512,14,11,64,4569,1596,158,-31.663739782241294,444,1846,16,6,109,-26.854351771577818,304,478,3512,14,2,4569,1596,158,73.30970070426312
TEN,2024,17,336,530,3621,22,21,52,4275,1585,164,-66.83648932357204,450,1855,11,11,122,-50.266179744439626,336,507,3621,22,1,4275,1585,164,31.21691030465537
TEN,2025,17,340,570,3241,15,8,56,4014,1627,156,-133.12214194383415,378,1589,9,4,88,-25.112890079635356,340,530,3241,15,1,4014,1627,156,12.225522910704129
WAS,2000,16,343,559,3892,18,21,32,461,3892,185,34.33790497613013,445,1748,14,5,108,-51.36739280567665,343,544,3892,18,4,461,0,185,85.05822868880252
WAS,2001,16,235,432,2716,13,13,38,213,2716,122,-52.81045626824274,490,1948,10,19,122,-40.291341945213674,235,419,2716,13,2,213,0,122,5.951618283942629
WAS,2002,16,319,588,3717,24,20,41,401,3717,177,-19.99448091481551,474,2031,12,9,122,-29.575823274167185,319,573,3717,24,8,401,0,177,47.56359617266441
WAS,2003,16,284,528,3276,21,16,43,0,3276,157,-44.67340943240308,420,1647,8,7,104,-24.101322886527914,284,0,3276,21,3,0,0,157,261.09519491706254
WAS,2004,16,288,514,2874,18,17,38,0,2874,156,-64.77099799444787,471,1765,6,8,100,-67.2501623198253,288,0,2874,18,1,0,0,156,235.8749708845362
WAS,2005,18,307,535,3629,26,12,35,0,3629,178,32.22140025708438,581,2337,16,10,129,-43.97732976901757,307,0,3629,26,6,0,0,178,321.5899390043978
WAS,2006,16,274,471,3174,19,10,20,3916,1543,151,11.652014798438938,489,2221,13,12,129,-8.806938226526748,274,0,3174,19,5,3916,1538,151,241.18713190103654
WAS,2007,17,348,575,3888,20,13,31,4835,1652,209,29.5384544766042,528,1947,15,17,116,-101.33925442499788,348,0,3888,20,4,4835,1650,209,317.00092060796413
WAS,2008,16,318,510,3291,14,6,38,3377,1806,166,2.4481160807379743,478,2095,12,5,112,-27.672578251562015,318,1,3291,14,5,3377,1806,166,201.77579271228115
WAS,2009,16,340,533,3797,21,16,45,3533,2140,193,-3.631467029961396,392,1508,8,7,80,-45.71343997533281,340,524,3797,21,5,3533,2133,193,80.03790021160802
WAS,2010,16,349,605,4261,21,19,46,5022,2009,195,-22.404331625434516,351,1461,9,6,76,-38.20775092458274,349,596,4261,21,8,5022,2009,195,43.589237713581554
WAS,2011,16,346,591,4058,19,24,41,5270,1732,204,-32.191849510378134,399,1592,8,4,83,-24.62717112528783,346,581,4058,19,4,5270,1732,204,42.23688728608404
WAS,2012,17,304,471,3781,26,9,35,4053,1698,181,90.32168035169799,542,2813,22,15,162,33.79826315716347,304,463,3781,26,4,4053,1698,181,148.53922210012837
WAS,2013,16,355,611,4057,20,19,43,5192,1843,198,-25.843926310680956,453,2164,14,11,123,-11.045611688287849,355,599,4057,20,5,5192,1843,198,48.2252966775597
WAS,2014,16,364,547,4461,18,18,58,4223,2543,186,-17.546492955953262,401,1691,15,9,99,-36.43268683947334,364,544,4461,18,6,4223,2543,186,72.96200083950718
WAS,2015,17,415,601,4623,31,11,33,4840,2111,224,92.97838908295304,447,1650,10,10,93,-70.16037951283172,415,601,4623,31,7,4840,2111,224,157.32859871461162
WAS,2016,16,407,607,4948,25,12,23,5297,1971,226,118.41090735966979,379,1696,17,7,91,-8.721707926293181,407,593,4948,25,4,5297,1971,226,171.6829842121522
WAS,2017,16,347,540,4093,27,13,41,4153,2140,191,16.449299637370874,401,1448,10,10,74,-60.479297533698414,347,534,4093,27,4,4153,2140,191,81.20636848301567
WAS,2018,16,311,509,3287,16,15,44,4195,1515,157,-52.60712924606384,414,1774,12,6,100,-11.484952010057984,311,489,3287,16,3,4195,1515,157,24.643384784763327
WAS,2019,16,298,479,3205,18,13,50,3639,1454,154,-78.80948365329758,356,1583,9,7,82,-39.64465811051259,298,464,3205,18,4,3639,1454,154,22.788541906176658
WAS,2020,17,415,645,4102,17,17,52,4096,2280,199,-64.38240635906148,423,1697,20,3,117,-0.3057402889861338,415,614,4102,17,7,4096,2278,199,49.64995363326499
WAS,2021,17,356,550,3746,21,15,43,4120,1896,181,-35.989729638705995,477,2061,13,10,134,-14.795005624785567,356,534,3746,21,4,4120,1896,181,37.76913575907222
WAS,2022,17,344,554,3783,24,16,48,4453,1673,184,-60.09443042936727,538,2143,9,8,129,-29.01358091284797,344,531,3783,24,1,4453,1673,184,59.11497534674453
WAS,2023,17,407,636,4174,24,21,65,4767,2092,190,-87.48533680092959,359,1592,14,6,102,-8.595849643582495,407,601,4174,24,5,4767,2092,190,24.757455148116474
WAS,2024,20,441,640,4777,34,10,54,4735,2326,237,113.53419875006017,626,2982,29,7,178,63.37815647733188,441,612,4777,34,7,4735,2326,237,194.66747775781906
WAS,2025,17,287,469,3329,19,12,37,3998,1429,160,-6.407982399760711,484,2290,20,11,126,4.71724370028985,287,432,3329,19,2,3998,1429,160,85.15320826838457
